{
  "doc_id": "0b85477387a9d0cc33fca0f4becaa0e5.pdf",
  "pages": {
    "1": {
      "summary": "<summary>\nThis page is the cover of \"Naval Medical Research and Development News,\" Volume IV, Issue 12, published in December 2012. The main article highlights a visit by Rear Adm. (Ret.) Tim Ziemer, the U.S. Global Malaria Coordinator and President’s Malaria Initiative representative, to the Naval Medical Research Center (NMRC) in Silver Spring, Maryland. The visit focused on malaria vaccine research and included discussions with researchers about antigen discovery, humanized mouse models, and clinical immunology. Capt. John Sanders, the NMRC commanding officer, provided an overview of the center's infectious diseases research efforts, emphasizing its leadership in malaria research. The page also lists the contents of the issue, including articles on capacity building, partnerships, and outreach programs.\n\n<image_summary>The image shows Dr. Xiaoyan \"Cathy\" Zou, a staff scientist from the Henry Jackson Foundation, discussing malaria research with Rear Adm. (Ret.) Tim Ziemer in a laboratory setting. The background includes a NU-AIRE biosafety cabinet and various laboratory equipment, indicating a research environment.</image_summary>\n\nThe page concludes with contact information for NMR&D News, including the address, phone number, and email, along with social media links and a QR code for accessing the website via smartphone. The layout is organized, with a sidebar listing the contents of the issue and a brief introduction to the featured article.\n</summary>"
    },
    "2": {
      "summary": "<summary>\nThe page contains two messages from commanding officers of military research organizations. The first message is from the NMRC Commanding Officer, John W. Sanders III, CAPT, MC, USN, addressing the NMRC enterprise and its families during the holiday season. He expresses gratitude for their sacrifices, professionalism, and dedication, highlighting their contributions to Navy Medicine and support for service members. He also emphasizes the importance of safety during the holidays, whether at work, home, or while traveling.\n\nThe second message is from the NSMRL Commanding Officer, Steven M. Wechsler, CAPT, MC, USN, providing an overview of the Naval Submarine Medical Research Laboratory (NSMRL). NSMRL focuses on submarine force and human factors, conducting medical, psychological, and performance research. The message highlights recent developments, including the addition of an external hatch to the Genesis hyperbaric chamber, which allows for vacuum and altitude simulations, and the acquisition of NAVSEA's DP1/2 diving system, which enhances underwater communication capabilities.\n\n<image_summary>The page includes two photographs of naval officers in uniform, each positioned next to their respective messages. The first photograph is of the NMRC Commanding Officer, and the second is of the NSMRL Commanding Officer.</image_summary>\n\n</summary>"
    },
    "3": {
      "summary": "<summary>\nThis page discusses NAMRU-3's efforts in building medical capacity in Afghanistan through partnerships and training initiatives. NAMRU-3, part of the U.S. Naval Medical Research Unit No. 3, collaborates with the Defense Threat Reduction Agency (DTRA) under the Cooperative Biological Engagement Program (CBEP) to enhance biodefense and disease surveillance in Afghanistan. The program focuses on assessing laboratory capabilities, identifying needs for supplies and equipment, and developing tailored training materials considering Afghan cultural practices. Since 2006, NAMRU-3 has been involved in Afghanistan's public health sector, initially focusing on the Ministry of Public Health (MoPH) and the Afghan Public Health Institute. In 2011, NAMRU-3 trained 160 Afghan scientists and technicians on laboratory operations, diagnostic procedures, and research ethics. A comprehensive training plan for 2012 was developed based on identified gaps, covering areas such as parasitology, bacteriology, bioscience facility management, and virology. Additionally, NAMRU-3 established five hospital laboratories and provided training for various diagnostic facilities, including an acute febrile illness/diarrhea study. Workshops were conducted to train staff on laboratory procedures, inventory management, quality control, and biosafety protocols.\n\n<image_summary>The image shows a group of individuals in lab coats working together at a table in a laboratory setting. They appear to be engaged in a training session, handling documents and materials, which aligns with the text discussing NAMRU-3's training programs for Afghan personnel.</image_summary>\n\nThe page emphasizes the collaborative and comprehensive approach taken by NAMRU-3 to strengthen Afghanistan's medical infrastructure and laboratory capabilities, highlighting the importance of cultural sensitivity and targeted training in achieving these goals.\n</summary>"
    },
    "4": {
      "summary": "<summary>\nThe article highlights Cmdr. Charmagne Beckett's role as an NMRC researcher who volunteered to support the USNS Mercy Pacific Partnership 2012 mission. The USNS Mercy, a hospital ship, has been conducting humanitarian missions since 2004, initially in response to the Southeast Asian tsunami. This particular mission, sponsored by the U.S. Pacific Fleet, aimed to strengthen bilateral relations with host nations through medical and civic assistance. The USNS Mercy departed San Diego in May 2012, carrying a diverse crew of nearly 1,300, including military personnel and civilian volunteers. Cmdr. Beckett joined the mission in Guam, serving as the sole Infectious Diseases subspecialist. Over 56 days, the mission provided care to over 49,000 patients across Indonesia, the Philippines, Vietnam, and Cambodia, offering general medical services, dental and vision screenings, and surgeries. Additionally, she conducted ten SMEEs, advised local health care personnel, and supported the investigation of a shipboard outbreak of gastroenteritis caused by norovirus. Her contributions were highly valued, and she returned home in August 2012, considering her participation an honor.\n\n<image_summary>The top image shows a group photo of the Pacific Partnership 2012 Internal Medicine Department staff physicians, including Cmdr. Beckett, in a hospital setting. They are dressed in a mix of navy uniforms and casual attire, indicating a collaborative environment. The bottom image features Cmdr. Beckett on the flight deck of the USNS Mercy off the coast of Manado, North Sulawesi, Indonesia, showcasing the ship's operational context.</image_summary>\n</summary>"
    },
    "5": {
      "summary": "<summary>\nThe page discusses two main topics: the participation of service members at Marine Corps Base Hawaii in a bone marrow drive and the role of the NMRC (Naval Medical Research Center) Bone Marrow Research Directorate in bridging the gap between marrow drives and the national registry. \n\nThe first section highlights a bone marrow drive held at Marine Corps Base Hawaii, where Marines and sailors were encouraged to register as donors by swabbing their cheeks. This drive was part of a broader initiative by the C.W. Bill Young DoD Marrow Donor Program. Two Marines from MCB Hawaii have already donated marrow after being matched with patients. The article emphasizes the importance of increasing the number of registered donors to help those in need of transplants.\n\nThe second section provides an overview of the NMRC Bone Marrow Research Directorate's efforts to support the DoD Marrow Donor Program. It explains how oral swabs collected during drives are processed to isolate DNA for HLA typing, which is crucial for matching donors with patients. The directorate also performs research to develop reliable and cost-effective DNA-based typing methods for marrow transplants, especially in cases of radiation or chemical exposure that can damage bone marrow.\n\n<image_summary>An image of Petty Officer 1st Class Dennis Gonzales, a hospital corpsman, is shown swabbing his cheek during the bone marrow drive. He is wearing a military uniform and hat, with a cheerful expression.</image_summary>\n\nThe page concludes with a note indicating that the article continues on page 6.\n</summary>"
    },
    "6": {
      "summary": "<summary>\nThe page contains two main articles. The first article discusses the involvement of Lt. Cmdr. Dustin Harrison, a microbiologist at NAMRU-2 Pacific, in policy and strategy meetings related to pandemic influenza and infectious diseases. Harrison, who is more comfortable with operational tasks, found the experience educational as he learned about the dynamics of policy development. The Joint Planning Group (JPG) he participated in was chaired by Col. Andrew Hocking and included members from various military and civilian organizations. Their goal was to update and formulate a CONPLAN to prepare for and respond to pandemics, with a focus on testing the plan through war games and identifying areas for improvement before briefing it to the USPACOM Commander.\n\nThe second article highlights the LAVA Dogs initiative, where service members sign up with the DoD Bone Marrow Program Registry. Chief Petty Officer Arvin Salas emphasizes the importance of registration, noting that every 300 registrants results in one being called to donate. Petty Officer 1st Class Dennis Gonzales shares his perspective on the significance of donating, stating that service members are ideal donors due to their physical fitness requirements. Pfc. Tommy Arko, a mortarman, is mentioned as one of many service members participating in the program by filling out applications and providing samples.\n\n<image_summary>The image shows a scene from the LAVA Dogs initiative. It depicts a service member standing while another individual collects a swab sample. The setting appears to be an outdoor area, likely a military base, with buildings and open space visible in the background. The individuals are dressed in casual military attire, emphasizing the informal yet organized nature of the event.</image_summary>\n</summary>"
    },
    "7": {
      "summary": "<summary>\nThe page discusses the efforts of NAMRU-3 (Naval Medical Research Unit No. 3) in supporting medical research capacity building in Liberia, a country recovering from a devastating civil war. Since 2010, NAMRU-3 has collaborated with the Liberian Institute of Biomedical Research (LIBR) on projects funded by AFHSC-GEIS, focusing on disease vector surveillance, detection of vector-borne viral pathogens like malaria, and vector control. These initiatives aim to enhance Liberia's ability to independently manage vector-borne diseases, benefiting both the military and civilian population. In November, NAMRU-3 visited Monrovia to meet with key collaborators, including the Minister of Health and Social Welfare, Dr. Gwenigale, and the Director of LIBR, Dr. Bolay. The collaboration is praised for its role in restoring pre-war capabilities and fostering future projects. A notable project involves combining insecticide spraying with surveillance and geospatial mapping to reduce malaria transmission, which has been successful in protecting U.S. troops. Additionally, training provided through NAMRU-3's AFHSC-GEIS projects has improved the skills of AFL Preventive Medicine Technicians, enhancing their ability to protect soldiers and families.\n\n<image_summary>Image 1: A group photo showing Lt. Cmdr. Jennifer Curry, Capt. Buhari Oyofo, Dr. Walter T. Gwenigale, Lt. Joseph DiClaro, and Dr. Fatorma Bolay. This image illustrates the meeting between NAMRU-3 personnel and the Liberian Minister of Health and other key stakeholders to discuss collaboration.</image_summary>\n\n<image_summary>Image 2: A group photo featuring Lt. Cmdr. Jennifer Curry, Capt. Chris Martinez, Capt. Buhari Oyofo, Col. Vernon Graham, and Lt. Joseph DiClaro. This image depicts the NAMRU-3 team posing with Operation Onward Liberty forces during their visit to Liberia.</image_summary>\n</summary>"
    },
    "8": {
      "summary": "<summary>\nThis page discusses a training program conducted by the Rickettsial Diseases Research Program at the Naval Medical Research Center (NMRC) in Silver Spring, Maryland, for four scientists from Kazakhstan. The training focused on molecular assays, specifically multi-locus sequencing typing (MLST), under the guidance of Dr. Allen Richards and his team. This initiative was part of a collaboration with the Cooperative Biological Engagement Program (CBEP) of the Defense Threat Reduction Agency (DTRA). The primary goal was to assess the risk of rickettsial diseases to military and civilian personnel worldwide, particularly in regions where such diseases are endemic. The trainees represented various institutions in Kazakhstan, including the Uralsk Anti-Plague Station, the Kazakh Scientific Center for Quarantine and Zoonotic Disease, and the Scientific Practical Center for Sanitary Epidemiological Expertise and Monitoring. The training covered techniques such as polymerase chain reaction (PCR), sequencing of rickettsial genes, data analysis, and the use of software tools. Additionally, the Kazakh scientists were trained in genus-specific tick assays developed by Melissa Taylor to identify ticks common in Kazakhstan. They also learned methods for quantitative real-time PCR, nested PCR, sequencing, and BLAST searches. Upon returning to Kazakhstan, the scientists will apply these skills to perform assays on local tick samples to further assess the risk of rickettsial diseases.\n\n<image_summary>The image shows a group photo of the participants involved in the training. The top row, from left to right, includes Gulnar Omasheva, Alexey Andryuchshenko, Sarah Pisarcik, Heidi St. John, Dr. Kenneth Yeh, Dr. Allen Richards, and Talgat Nurmakanov. The bottom row, from left to right, includes Dr. Ekaterine Adeishvili, Lyazzat Musralina, and Dr. Ju Jiang. The background features a glass wall with the word \"AIR\" partially visible.</image_summary>\n\n</summary>"
    },
    "9": {
      "summary": "<summary>\nThe article discusses the development and accreditation process of the Patient Condition Occurrence Frequency (PCOF) tool by the Expeditionary Medicine Modeling, Simulation, and Analysis group at the Naval Health Research Center (NHRC). The PCOF tool was developed to estimate the occurrence probabilities of various diseases and injuries in different casualty categories during military operations, including combat, noncombat scenarios, and humanitarian assistance missions. The tool was presented to the Force Health Protection and Readiness Strategic Analysis Working Group and has undergone verification, validation, and accreditation (VV&A) processes. Once accredited, it will serve as the Joint patient occurrence generating application, providing planners with accurate data to tailor mission-specific medical planning. The PCOF tool uses baseline data from past operations and disaster relief scenarios to enhance decision-making regarding anticipated patient conditions during contingencies.\n\n<image_summary>The top image shows U.S. Marines and Sailors seated inside an aircraft, preparing for deployment to Afghanistan as part of Operation Enduring Freedom. This photo highlights the context of military operations where the PCOF tool can be applied.</image_summary>\n\n<image_summary>The bottom image depicts Lt. j.g. Michael Rucker treating the infected feet of a 7-year-old Djibouti girl at the Caritas Djibouti complex. This image illustrates the humanitarian aspect of military medical operations, which is one of the scenarios covered by the PCOF tool.</image_summary>\n</summary>"
    },
    "10": {
      "summary": "<summary>\nThe article discusses the Joint Combat Casualty Research Team (JC2RT), a U.S. Central Command (USCENTCOM)-directed unit responsible for overseeing combat-relevant research in deployed environments. The team was first deployed in Iraq in mid-2005 as the Deployed Combat Casualty Research Team (DC2RT) and has since expanded to include thirteen deployments across various locations, including Afghanistan. Members of JC2RT are embedded with medical assets throughout Afghanistan and must adhere to strict human subjects protection regulations, similar to those in the continental United States. Research protocols undergo rigorous approval processes, ensuring they are relevant to military medicine, protect human subjects, and do not hinder combat operations or health services. Current research efforts focus on four areas: pre-hospital and en route care, hemorrhage and acute care, traumatic brain injury, and prevention, resilience, and recovery. At the time of writing, twenty research protocols were actively enrolling volunteers, with nineteen more in development. The article emphasizes the importance of such research in accelerating medical advances that can significantly reduce morbidity and mortality associated with combat injuries.\n\n<image_summary>The image shows a group photo of JC2RT members standing in front of a military helicopter marked with a red cross, indicating its role in medical support. The team members are dressed in military uniforms, and the background includes a desert environment with buildings, suggesting a deployment setting in a conflict zone.</image_summary>\n\n<image_summary>A highlighted box contains a quote stating, \"History has shown that medical advances are accelerated during war... It is these medical advances that hold the greatest potential for decreasing the morbidity and mortality associated with combat injuries.\" This emphasizes the significance of the research conducted by JC2RT.</image_summary>\n</summary>"
    },
    "11": {
      "summary": "<summary>\nThe article discusses the \"Presidential Memorandum - Accelerating Technology Transfer,\" which aims to enhance technology transfer and commercialization of federal research to support high-growth businesses. The memorandum directs federal agencies to establish goals, streamline administrative processes, and foster local and regional partnerships. The focus is on the Naval Medical Research Center (NMRC) and its efforts in technology transfer, emphasizing collaborations that benefit both military personnel and the general public. Key initiatives include partnerships with private sectors to leverage research findings, such as developing novel vaccine candidates for malaria and exploring synthetic oxygen-carrying fluids for hemorrhagic shock treatment. The NMRC excels in facilitating these partnerships through Cooperative Research and Development Agreements (CRADAs), which were actively executed and reviewed in recent quarters. Notable projects include collaborations led by various NMRC officials, such as Cmdr. Jonathan Forsberg's work on anchoring prosthetics for amputees and Lt. Roxanne Burrus's study on malaria transmission dynamics.\n\n<figure_summary>Figure 1: A diagram illustrating the interaction between CD8+ T cells and liver cells during the immune response against malaria. The figure shows how CD8+ T cells recognize Pf peptide antigens presented by Class I MHC molecules on infected liver cells, leading to the release of perforin and granzymes, which induce apoptosis and death of the parasite. This visual supports the discussion of Lt. R. Vince Gerbasi's research using mass spectrometry to identify novel malaria vaccine candidates.</figure_summary>\n</summary>"
    },
    "12": {
      "summary": "<summary>\nThe article describes the NMRC's Annual Mess Night, also known as a Dining Out event, held at the U.S. Naval Academy on October 17. Capt. John Sanders, the President of the Mess and Commanding Officer of NMRC, led Rear Adm. Bruce A. Doll, head of the Bureau of Medicine and Surgery research and development, along with other participants into the dining hall during the Navy Hymn. The evening began with Sanders welcoming attendees and introducing the event, followed by strict Naval protocol that included an invocation, a beef parade, and announcements about the meal. Capt. Stephen Savarino, the Vice President of the Mess, encouraged junior officers to recite poems and odes honoring naval history. Traditional grog mixing marked the start of formal toasting, which included tributes to military leaders and services, culminating in a salute to sweethearts and spouses. Rear Adm. Doll delivered a speech on the history of Navy Medicine research and development, emphasizing the importance of junior officers as future leaders.\n\n<image_summary>The top image shows a formal dining event with attendees seated at round tables adorned with white tablecloths and wine glasses. The setting includes a large wooden ship's wheel as a centerpiece, flanked by flags and mirrors, reflecting the naval theme. The bottom image features a group photo of attendees dressed in formal attire, including naval uniforms and evening gowns, standing in front of a portrait, likely of a prominent naval figure.</image_summary>\n</summary>"
    },
    "13": {
      "summary": "<summary>\nThe page discusses Capt. Eileen Franke Villasante, Ph.D., who returned to Notre Dame University to deliver a lecture at the Eck Institute for Global Health Colloquium. Villasante, currently the Head of the Malaria Department at the Naval Medical Research Center (NMRC), shared her journey from being a student at Notre Dame to becoming a leading expert in infectious disease research. She earned her Ph.D. in biology from Notre Dame in 1982 and has since conducted extensive research on malaria, leishmaniasis, and filariasis in various global locations. Her career includes significant roles in the U.S. Navy, including leadership positions at NMRC and overseas research laboratories. The article highlights her contributions to developing vaccines and protecting military personnel from infectious diseases, emphasizing the importance of her work in safeguarding troops.\n\n<image_summary>The image shows five individuals standing outdoors in an autumn setting with colorful trees in the background. From left to right, they are identified as Ellen Flannery, Molly Duman Shells, Emmanuel Adu-Gyamfi, Eileen Franke Villasante (the guest speaker), and Katherine Taylor. The photo is credited to the Notre Dame Institute for Global Health.</image_summary>\n\nThe page also mentions the Navy's efforts in combating infectious diseases through its research laboratories, which focus on developing vaccines and collaborating with local health organizations. Villasante's lecture was symbolic, as it marked a return to the same auditorium where she once studied, completing a \"circular\" journey from student to distinguished scientist and leader.\n</summary>"
    },
    "14": {
      "summary": "<summary>\nThe page discusses several key events related to malaria research and outreach activities by the Naval Medical Research Center (NMRC). The main article highlights Rear Adm. Timothy Ziemer's visit to NMRC, where he was impressed by the malaria vaccine development efforts in Navy labs outside the continental United States. Capt. Eileen Villasante, head of the Malaria Department, emphasized the importance of raising awareness about the Navy's contributions to malaria research and the potential for developing a vaccine to combat the disease. Rear Adm. Ziemer leads the President’s Malaria Initiative, which aims to reduce malaria burden in Africa.\n\nThe page also includes two sidebars. The first sidebar describes Dr. Andrea Keane-Myers' presentation at Johns Hopkins University during Alumni Week. She spoke about her research on select agents and received positive feedback from attendees. The second sidebar details an event where NAMRU-3 staff taught Cub Scouts in Cairo about flag etiquette, emphasizing respect and proper care for the U.S. flag.\n\n<image_summary>An image shows Cmdr. Daniel Szumlas (left) speaking with Rear Adm. (ret.) Timothy Ziemer (center) about NMRC's malaria research efforts. A third individual is partially visible on the right.</image_summary>\n\n<image_summary>A photo depicts Dr. Andrea Keane-Myers giving a presentation at Johns Hopkins University during Alumni Week. She is standing at a podium with a microphone.</image_summary>\n\n<image_summary>An image illustrates a flag folding ceremony conducted by NAMRU-3 staff members in Cairo, teaching Cub Scouts aged 8-10 about flag etiquette. Parents and other adults are present, observing the activity.</image_summary>\n</summary>"
    },
    "15": {
      "summary": "<summary>\nThe page contains two main articles from the NMR&D News, Volume IV, Issue 12, highlighting activities involving Navy personnel at schools. The first article discusses how NMRC officers Cmdr. Charmagne Beckett and Lt. Cmdr. Janine Danko participated in a career fair at Elizabeth Seton High School in Bladensburg, Md., sharing their experiences as Naval officers with students. The second article describes an educational outreach event where NMRC officers taught science concepts to elementary school students at Rolling Terrace Elementary School in Takoma, Md.\n\n<image_summary>The top section features two photographs showing Cmdr. Charmagne Beckett and Lt. Cmdr. Janine Danko interacting with high school students at the career fair. The left photo shows a student and Cmdr. Beckett, while the right photo shows a group of students with Lt. Cmdr. Danko.</image_summary>\n\n<image_summary>The bottom right section includes a photograph of Lt. Danett Bishop explaining scientific concepts to third-grade students. The image shows Bishop standing near a projector and laboratory equipment, demonstrating phases of matter.</image_summary>\n\nThe first article emphasizes the importance of mentorship and sharing personal experiences to inspire young women about careers in the Navy. The second article focuses on teaching science concepts such as \"phases of matter\" using hands-on demonstrations with dry ice and basic lab equipment. Both articles highlight the community engagement and educational outreach efforts by NMRC officers.\n\n</summary>"
    },
    "16": {
      "summary": "<summary>\nThe page discusses the 2012 Combined Federal Campaign (CFC) concluding on December 15, led by Lt. Christina Farris at the Naval Medical Research Center (NMRC). The CFC is highlighted as the world's largest annual workplace charity campaign, aiming to promote philanthropy among federal employees to support non-profit organizations globally. The NMRC encourages all military and civilian personnel to participate in this initiative. Additionally, the page includes a holiday message from the NMRC Ombudsman, Alexandra Mora, offering budgeting tips for the holiday season, such as setting expectations with friends and family, finding bargains, planning travel options, and using credit cards wisely. The message also mentions the nomination period for the Operation Homefront Military Child of the Year Award and the Wings Over America Scholarship Foundation (WOASF), providing links for more information. The ombudsman concludes with holiday wishes and contact information for further assistance.\n\n<image_summary>The page features the logo of the Naval Medical Research Center (NMRC), which includes a stylized depiction of a microscope and other scientific symbols, representing the center's focus on medical research.</image_summary>\n</summary>"
    }
  }
}