{
  "doc_id": "12-15-15-ISIS-and-terrorism-release-final.pdf",
  "pages": {
    "1": {
      "summary": "<summary>\nThis page is an introduction to a Pew Research Center report titled \"Views of Government’s Handling of Terrorism Fall to Post-9/11 Low.\" The report highlights that public opinion on the government's handling of terrorism has reached its lowest point since the September 11 attacks. Additionally, it notes that there has been little change in views regarding the relationship between Islam and violence. The page includes contact information for media inquiries, listing Carroll Doherty, Director of Political Research, and Bridget Jameson, Communications Associate, along with their phone number and website link. The recommended citation for the report is also provided at the bottom of the page.\n\nThere are no tables, figures, or images present on this page. The focus is entirely on textual information, providing an overview of the report's key findings and contact details for further inquiries.\n\n</summary>"
    },
    "2": {
      "summary": "<summary>\nThe page discusses the public's views on the government's handling of terrorism, which have reached a post-9/11 low following recent terrorist attacks in Paris and San Bernardino, California. While concerns about terrorism have increased, positive ratings of the government's efforts to reduce the threat have plummeted. A Pew Research Center survey conducted in December 2015 among 1,500 adults reveals that the share of Americans who believe the government is doing well in reducing terrorism has dropped by 26 percentage points since the start of the year, from 72% to 46%, marking its lowest point since 9/11. Approval of President Barack Obama's handling of terrorism has also declined to 37%, with 57% disapproving, the lowest rating of his presidency on this issue. Terrorism, national security, and ISIS are now cited as major problems facing the country, reshaping the public agenda both domestically and internationally. Notably, 83% of Americans view ISIS as a major threat to the U.S., up from 67% in August 2014.\n\n<figure_summary>Figure 1: This line graph illustrates the public's perception of how well the government is doing in reducing the threat of terrorism over time, from 2001 to 2015. It shows two trends: \"Very/Fairly well\" (yellow line) and \"Not too/Not at all well\" (brown line). The data highlights a significant decline in positive perceptions since early 2015, reaching a low point in December 2015.</figure_summary>\n\n</summary>"
    },
    "3": {
      "summary": "<summary>\nThe page discusses public attitudes toward anti-terrorism policies, perceptions of Islam's relationship with violence, and views on increased scrutiny of U.S. Muslims. Public concerns about anti-terrorism policies restricting civil liberties have decreased to their lowest level in five years (28%), while more people (56%) now worry that these policies do not go far enough to protect the country. Support for using U.S. ground forces against ISIS has remained stable at 47%, similar to levels before recent terror attacks. Perceptions of Islam's association with violence remain politically polarized, with Republicans (68%) more likely than Democrats (30%) to believe Islam encourages violence among its believers. Overall, most Americans (61%) oppose subjecting U.S. Muslims to additional scrutiny solely because of their religion.\n\n<figure_summary>Figure 1: A line graph titled \"Growing partisan gap in views of whether Islam encourages violence\" shows the percentage of Republicans, Independents, and Democrats who believe Islam is more likely than other religions to encourage violence among its believers. The data spans from 2002 to 2015, highlighting a significant increase in Republican views over time, while Democratic views have declined since 2014.</figure_summary>\n\n<figure_summary>Figure 2: A pie chart titled \"Most say more scrutiny of Muslims not warranted\" illustrates public opinion on whether U.S. Muslims should be subject to more scrutiny than people of other religions. The chart shows that 61% of respondents believe Muslims should not face additional scrutiny, 32% think they should, and 7% are unsure or refused to answer.</figure_summary>\n</summary>"
    },
    "4": {
      "summary": "<summary>\nThe page discusses public perceptions regarding the scrutiny of Muslims in the U.S., party preferences on various issues, and the ideological divide among different groups. Conservative Republicans are the only major group where a majority (57%) believes Muslims should face greater scrutiny due to their religion, contrasting with majorities of other groups who oppose such scrutiny. The survey highlights that the Republican Party has a significant advantage over the Democratic Party on terrorism, with 46% of the public favoring Republicans compared to 34% for Democrats. Republicans also have a narrower lead on gun control (43% vs. 37%), while Democrats hold wide leads on climate change (46% vs. 32%) and environmental issues (53% vs. 30%). Neither party has a significant advantage on economic or immigration issues.\n\n<figure_summary>Figure 1: A bar chart comparing public trust in the Democratic and Republican parties across various issues (terrorism, gun control, economy, immigration, climate change, and environment). The chart shows percentages for each issue, with the Republican Party leading on terrorism and gun control, and the Democratic Party leading on climate change and the environment. Differences are indicated by \"R+\" or \"D+\" values.</figure_summary>\n\nSource: The data is from a Pew Research Center survey conducted December 8–13, 2015.\n</summary>"
    },
    "5": {
      "summary": "<summary>\nThis page from the Pew Research Center discusses public perceptions of Islam and its association with violence in the United States. Americans remain divided on whether Islam encourages violence more than other religions, with 46% believing it does and 45% believing it does not. This division has persisted over the past decade, though the share of those who believe Islam encourages more violence has decreased slightly since September 2014. Partisan differences are significant: 68% of Republicans believe Islam encourages more violence, compared to only 30% of Democrats. Independents are evenly split on this issue. Ideological divides are even more pronounced, with 77% of conservative Republicans viewing Islam as more violent, while 73% of liberal Democrats do not see it as more violent than other religions.\n\n<figure_summary>Figure 1: A line graph showing the percentage of Americans who believe Islam encourages more violence compared to other religions over time. The graph illustrates two trends: one indicating \"No more likely to encourage violence than other religions\" and the other showing \"More likely than others to encourage violence among its believers.\" The data spans from 2002 to 2015, with the survey conducted in December 2015.</figure_summary>\n\n<figure_summary>Figure 2: A line graph depicting partisan and ideological divides over the perception of Islam encouraging violence. It compares the views of Republicans, Democrats, and Independents, as well as conservative Republicans and liberal Democrats. The graph shows a stark contrast between conservative Republicans (77%) and liberal Democrats (73%) on this issue, with the former being much more likely to associate Islam with violence.</figure_summary>\n</summary>"
    },
    "6": {
      "summary": "<summary>\nThis page from the Pew Research Center discusses demographic divides in views regarding whether Islam encourages violence more than other religions. It highlights a decline in the share of liberals holding this view since 2014, with only 32% of young adults (ages 18–29) believing so, compared to higher percentages in older age groups. The survey also reveals that less educated Americans are more likely to hold this view, with 51% of those without college degrees agreeing, compared to 35% of those with postgraduate degrees. Racial and religious divides persist, with white evangelical Protestants (70%) being the most likely group to believe Islam encourages violence, followed by white mainline Protestants (51%) and Catholics (49%). In contrast, only 30% of blacks and 40% of Hispanics share this view, while 50% of whites do. The data shows changes over time, with some groups showing declines in these perceptions between September 2014 and December 2015.\n\n<table_summary>\nThe table provides detailed demographic breakdowns of views on whether Islam encourages violence more than other religions. It compares data from July 2014, September 2014, and December 2015, showing percentage differences across various demographic categories such as gender, race/ethnicity, age, education level, political affiliation, and religious affiliation. For example, it notes that 46% of men believed Islam encourages violence in July 2014, which increased to 53% in September 2014 but decreased to 51% by December 2015. Similarly, it shows that 68% of conservative Republicans held this view in July 2014, rising to 72% in September 2014 before dropping to 77% in December 2015.\n</table_summary>\n\n<figure_summary>\nThere are no explicit figures, charts, or graphs on this page. The information is conveyed through text and a detailed table.\n</figure_summary>\n\n<image_summary>\nThere are no images, photographs, or illustrations on this page. The content relies solely on textual and tabular data.\n</image_summary>\n</summary>"
    },
    "7": {
      "summary": "<summary>\nThe page discusses public opinion in the U.S. regarding whether Muslims living in the country should be subject to greater scrutiny by the federal government due to their religion as part of efforts to prevent terrorism. According to the Pew Research Center survey, about 61% of Americans believe Muslims should not be subjected to additional scrutiny solely based on their religion, while 32% think they should face greater scrutiny than people in other religious groups. There are significant partisan and ideological divides on this issue: Republicans are roughly evenly split (49% support greater scrutiny, 44% oppose it), while majorities of independents (62%) and Democrats (76%) oppose increased scrutiny. Conservative Republicans stand out as the only group where a majority (57%) supports greater scrutiny, contrasting with moderate/liberal Republicans (59% oppose). Liberal Democrats are the most opposed, with 87% rejecting the idea of increased scrutiny, compared to just 12% who support it. Moderate/conservative Democrats also show strong opposition (67% vs. 27%).\n\n<figure_summary>Figure 1: A horizontal bar chart titled \"Should Muslims be subject to greater scrutiny because of their religion?\" It presents survey data showing percentages of respondents who believe Muslims should or should not be subject to additional scrutiny based on their religion. The chart breaks down responses by total population, political affiliation (Republican, Independent, Democrat), and ideological groups (Conservative Republican, Moderate/Liberal Republican, Conservative/Moderate Democrat, Liberal Democrat). The data indicates varying levels of support and opposition across these categories.</figure_summary>\n\nSource: Survey conducted Dec. 8-13, 2015. Don’t know responses not shown. PEW RESEARCH CENTER.\n</summary>"
    },
    "8": {
      "summary": "<summary>\nThe page discusses public opinion regarding whether Muslims living in the U.S. should face greater scrutiny by the federal government due to their religion as part of anti-terrorism efforts. Key findings include:\n- Eighty percent of young adults (ages 18-29) believe Muslims should not be subject to additional scrutiny solely because of their religion.\n- Among those aged 30-49, 63% agree, compared to 30% who disagree.\n- Views are more divided among those 50 and older, with half believing Muslims should face more scrutiny than people in other religious groups, while 41% oppose such scrutiny.\n- Non-whites are more likely to reject scrutiny based on religion: 74% of blacks and 66% of Hispanics say Muslims should not face greater scrutiny, compared to 57% of whites.\n- Educational attainment also influences opinions: 69% of postgraduates and 65% of college graduates oppose additional scrutiny, while those without a college degree are more likely to support it (34% vs. 59%).\n\n<figure_summary>Figure 1: A horizontal bar chart titled \"As part of the federal government's efforts to prevent terrorism, should Muslims living in the U.S. ... (%)\". The chart compares responses across different demographic categories (Total, Race/Ethnicity, Age, Education, Political Party, and Religious Affiliation). It shows percentages for two options: \"Not be subject to additional scrutiny solely because of religion\" and \"Be subject to more scrutiny than people in other religious groups.\" For example, 61% of the total population believes Muslims should not face additional scrutiny, while 32% think they should.</figure_summary>\n\nSource: Survey conducted Dec. 8-13, 2015. Whites and blacks include only those who are not Hispanic; Hispanics are of any race. Don't know responses are not shown.\n</summary>"
    },
    "9": {
      "summary": "<summary>\nThe page discusses public opinion on the most important problems facing the United States, highlighting a significant shift in priorities. It notes that nearly three-in-ten Americans now cite terrorism, national security, or ISIS as the top issue, marking a substantial increase compared to previous years. Economic issues, such as unemployment and the economy, have seen a decline in concern, with fewer people citing them as the most important problem. The survey also mentions that gun control and mass shootings have gained some attention post-high-profile incidents, though they remain less prominent than terrorism-related concerns. White evangelicals stand out as an exception regarding scrutiny of Muslims, with opinions divided on whether Muslims should face more scrutiny due to their religion.\n\n<table_summary>\nThe table compares the percentage of Americans who cited various issues as the most important problem facing the nation between December 2014 and December 2015. Key observations include:\n- A dramatic rise in the share of people citing terrorism (from 1% to 18%), reflecting a growing concern.\n- A decrease in economic issues, such as the economy (from 14% to 9%) and unemployment (from 10% to 7%).\n- An increase in mentions of foreign/international issues, particularly terrorism/ISIS/national security (from 4% to 29%).\n- A decline in dissatisfaction with government and political gridlock/division.\n- Overall, there is a noticeable shift toward greater concern about terrorism and related issues, while economic concerns have diminished.\n</table_summary>\n\n<figure_summary>\nThere are no standalone figures or charts on this page; however, the table effectively serves as a visual representation of the data discussed in the text, showing changes in public perception over time.\n</figure_summary>\n\n<image_summary>\nThere are no images, photographs, or illustrations present on this page. The content relies solely on text and the accompanying table to convey information.\n</image_summary>\n</summary>"
    },
    "10": {
      "summary": "<summary>\nThe page discusses partisan divides in the perception of the most important problems facing the nation, based on a Pew Research Center survey conducted in December 2015. Republicans are more likely than Democrats or Independents to cite terrorism, defense issues, national security, and ISIS as top concerns. Additionally, Republicans are more inclined to view immigration as the most pressing issue compared to Democrats and Independents. Democrats, on the other hand, are more likely to cite partisan gridlock and division as significant problems. The data highlights substantial differences in priorities among political affiliations.\n\n<table_summary>\nThe table presents survey results showing the percentage of Republicans (Rep), Democrats (Dem), and Independents (Ind) who identify various issues as the most important problem facing the nation. Key findings include:\n- Defense/National security: 16% of Republicans, 5% of Democrats, and 6% of Independents.\n- Immigration: 14% of Republicans, 3% of Democrats, and 7% of Independents.\n- Terrorism: 24% of Republicans, 16% of Democrats, and 18% of Independents.\n- Economy: 7% of Republicans, 6% of Democrats, and 12% of Independents.\n- Partisan gridlock/division: 2% of Republicans, 8% of Democrats, and 4% of Independents.\nThe \"R-D diff\" column indicates the difference between Republican and Democratic responses, with positive values favoring Republicans and negative values favoring Democrats. Statistically significant differences are highlighted in bold.\n</table_summary>\n\n<figure_summary>\nThere are no explicit figures or charts on this page; however, the table effectively summarizes the data visually by comparing percentages across political affiliations and highlighting statistically significant differences.\n</figure_summary>\n\n<image_summary>\nThere are no images on this page. The content relies solely on text and tabular data to convey information.\n</image_summary>\n</summary>"
    },
    "11": {
      "summary": "<summary>\nThis page from the Pew Research Center discusses Americans' views on how the government is handling the terrorist threat. It highlights a significant decline in positive ratings since January 2015, with more people now saying the government is doing not too well or not at all well (52%) compared to those who say it is doing very or fairly well (46%). This marks the lowest rating since the September 2001 terrorist attacks. The negative shift is observed across the political spectrum, with Democrats being the only group where a majority (64%) still views the government's efforts positively, though this is down from 85% in January. Independents' positive ratings have dropped by 25 points (from 69% to 44%), while only 27% of Republicans now believe the government is doing well, down from 63%. Conservative Republicans show a sharp decline in positive views, dropping from 59% in January to just 18% today.\n\n<figure_summary>Figure 1: A line graph titled \"Across-the-board drop in ratings of gov't efforts to reduce terrorist threat\" illustrates the percentage of Americans saying the government is doing very/fairly well in reducing the threat of terrorism over time. The graph spans from 2001 to 2015, showing trends for Independents (gray), Republicans (red), and Democrats (blue). Key data points include a high of 95% for Republicans in 2001, a low of 36% for Democrats in 2009, and a recent low of 27% for Republicans in 2015. The graph visually demonstrates the overall decline in positive ratings across all groups.</figure_summary>\n\nThe source of the data is noted as a survey conducted by the Pew Research Center between December 8–13, 2015.\n</summary>"
    },
    "12": {
      "summary": "<summary>\nThe page discusses public perceptions of the U.S. government's efforts to reduce the threat of terrorism, highlighting differences based on age and education levels. Older Americans (50 and older) are more likely to give negative ratings compared to younger adults (18-29 years old). Among those 50 and older, 57% say the government is not doing well, while 42% believe it is. In contrast, 46% of younger adults give a negative rating, but 53% say the government is doing very or fairly well. Higher educational attainment correlates with more positive evaluations; 58% of those with postgraduate degrees rate the government positively, compared to 48% of those with bachelor's degrees and 44% of those with less education. Political affiliation also influences opinions, with Republicans being more critical (72% negative) and Democrats more positive (64% positive).\n\n<table_summary>\nThe table titled \"How well is govt doing reducing threat of terrorism?\" provides detailed percentages of respondents' views across different demographic groups. It categorizes responses into \"Very/Fairly well,\" \"Not too/Not at all well,\" and \"DK\" (Don't Know), showing variations by age, education level, and political affiliation. For example, 46% of the total population rate the government's performance positively, while 52% rate it negatively. Age groups show a trend where younger individuals (18-29) are more positive (53%) than older groups (e.g., 65+ at 40%). Education levels reveal that those with higher education (postgraduates at 58%) are more positive than those with lower education (HS or less at 43%). Political affiliations show significant differences, with conservatives being the most negative (81%) and liberals the most positive (76%).\n</table_summary>\n\n<figure_summary>\nThere are no figures, charts, or diagrams present on this page. The information is conveyed through text and a table.\n</figure_summary>\n\n<image_summary>\nThere are no images, photos, or illustrations present on this page. The content relies solely on textual and tabular data.\n</image_summary>\n</summary>"
    },
    "13": {
      "summary": "<summary>\nThe page discusses public opinion regarding government anti-terrorism policies in the United States. According to Pew Research Center data, Americans are now more concerned about the government's anti-terror policies not going far enough to protect the country (56%) than they are about these policies restricting civil liberties (28%). This represents a significant shift since the start of the year, with a seven percentage-point increase in those expressing concern about insufficient protection. Concern over government restrictions on civil liberties has dropped dramatically since July 2013, following Edward Snowden's revelations about NSA surveillance programs. At that time, 47% were concerned about civil liberties being restricted, compared to only 35% who felt policies did not go far enough to protect the country. Currently, the level of concern about inadequate protection is roughly the same as it was in early 2010, shortly after the failed Christmas Day terrorist attack on an airliner en route to Detroit, when 58% expressed similar concerns.\n\n<figure_summary>Figure 1: A line graph titled \"Bigger concern about gov't anti-terrorism policies?\" showing percentages over time (from 2004 to 2015). The graph compares two trends: \"Not gone far enough to protect country\" (yellow line) and \"Gone too far restricting civil liberties\" (brown line). The yellow line peaks at 58% in 2010 and reaches 56% in 2015, while the brown line peaks at 29% in 2004 and drops to 28% in 2015. The source is a survey conducted Dec. 8-13, 2015, by Pew Research Center, with \"Don’t know\" responses not shown.</figure_summary>\n</summary>"
    },
    "14": {
      "summary": "<summary>\nThe page discusses public opinion regarding government anti-terrorism policies in the United States, focusing on how perceptions have shifted since Edward Snowden's disclosures in 2013. Both Republicans and Democrats are now more likely to express concern that anti-terrorism policies do not go far enough to protect the country, rather than worrying about civil liberties being restricted. This shift is more pronounced among Republicans, with 71% now prioritizing insufficient protection over civil liberty concerns, compared to 57% in January and 38% in July 2013. Among Democrats, 54% share this view, up from earlier periods. The survey also highlights differences by ideology and age group: conservative Republicans (71%), moderate/liberal Republicans (74%), and conservative/moderate Democrats (67%) are most concerned about inadequate protection. Liberal Democrats are evenly split between concerns about civil liberties and security. Young adults (under 30) are divided, while older groups (especially those 65+) are more concerned about security than civil liberties.\n\n<figure_summary>Figure 1: A line graph titled \"Most Republicans say govt anti-terror policies have not gone 'far enough'\" shows the percentage of Republicans, Democrats, and Independents who believe government anti-terrorism policies have not gone far enough to protect the country. The data spans from 2004 to 2015, with Republicans showing a significant increase in this concern over time, reaching 71% in December 2015.</figure_summary>\n\n<table_summary>Table 1: A table titled \"Bigger concern about govt anti-terrorism policies?\" presents survey results on whether respondents are more concerned about policies going too far in restricting civil liberties or not going far enough to protect the country. It breaks down responses by total population and age groups (18-29, 30-49, 50-64, 65+). For example, 28% of the total population is concerned about civil liberties, while 56% worry about insufficient protection. Older age groups show higher concern for security, with 71% of those 65+ prioritizing protection over civil liberties.</table_summary>\n\nSource: All data is from a Pew Research Center survey conducted December 8-13, 2015. \"Don't know\" responses are not shown, and figures may not add to 100% due to rounding.\n</summary>"
    },
    "15": {
      "summary": "<summary>\nThe page discusses public perception of global threats to the United States, highlighting ISIS as the top concern. According to Pew Research Center data, 83% of Americans view ISIS as a major threat, marking a significant increase of 16 percentage points since August 2014. No other international issue comes close to matching this level of concern. Iran's nuclear program ranks second, with 62% considering it a major threat, but this is still 21 points lower than the perception of ISIS. Other concerns, such as North Korea's nuclear program, China's emergence as a world power, and global climate change, show minimal changes in public perception compared to August 2014. Notably, the share of people viewing the Israeli-Palestinian conflict and growing authoritarianism in Russia as major threats has decreased slightly.\n\n<figure_summary>Figure 1: A horizontal bar chart comparing the percentage of Americans who view various issues as major threats to the U.S. between December 2015 and August 2014. The chart shows a substantial rise in concern about ISIS (+16 points), while other issues like Iran's nuclear program (+3 points) and China's emergence as a world power (+1 point) show smaller increases. Concerns about the Israeli-Palestinian conflict (-5 points) and growing authoritarianism in Russia (-11 points) have declined.</figure_summary>\n\nThe survey was conducted during the UN climate change conference in Paris, where 49% of respondents viewed global climate change as a major threat, similar to the 48% reported in August 2014. This indicates stability in public perception regarding environmental concerns despite the high-profile event.\n</summary>"
    },
    "16": {
      "summary": "<summary>\nThe page discusses shifts in public concern over various international threats to the U.S., highlighting partisan differences in perceptions. Concern about Russia has decreased since August 2014, with fewer people viewing growing tension between Russia and its neighbors or authoritarianism in Russia as major threats. However, there remains a significant partisan divide, with Republicans more likely than Democrats to view issues like Iran's nuclear program, the Israeli-Palestinian conflict, China's emergence as a world power, North Korea's nuclear program, and ISIS as major threats. Notably, Democrats are far more likely than Republicans to see global climate change as a major threat, with a 51-point gap between the two parties, which is the largest measured since Pew Research began tracking this issue in 2009.\n\n<figure_summary>Figure 1: \"Partisan differences in views of top threats to U.S.\" This bar chart compares the percentage of Republicans, Democrats, and Independents who view each of several international issues as a major threat to the U.S. The issues include Iran's nuclear program, the Israeli-Palestinian conflict, China's emergence as a world power, ISIS, North Korea's nuclear program, growing authoritarianism in Russia, and global climate change. The chart also includes an \"R-D diff\" column showing the difference in percentages between Republicans and Democrats for each issue. Key findings include a large gap in views on global climate change, with Democrats significantly more concerned compared to Republicans.</figure_summary>\n\nThe text emphasizes that while concern about ISIS has risen across the political spectrum since August 2014, the partisan gap on this issue has not widened. Overall, the page provides insights into how political affiliation influences perceptions of major international threats to the U.S.\n</summary>"
    },
    "17": {
      "summary": "<summary>\nThe page discusses public opinion regarding the U.S. military campaign against ISIS in Iraq and Syria. Despite recent attacks in Paris, France, and San Bernardino, California, there has been no significant shift in public views. A majority (64%) continues to approve of the campaign, while 28% disapprove. Support has remained steady throughout 2015. Democrats (67%) and Republicans (69%) show similar levels of approval, slightly higher than independents (60%).\n\n<figure_summary>Figure 1: A line graph titled \"Most continue to support U.S. military campaign against ISIS\" illustrates public approval and disapproval percentages over time, from August 2014 to December 2015. Approval has increased from 54% in August 2014 to 64% in December 2015, while disapproval has decreased from 31% to 28% during the same period.</figure_summary>\n\nThe data source is a survey conducted by Pew Research Center between December 8–13, 2015. Don't know responses are not included in the analysis. The survey notes that earlier surveys in September 2014 and August 2014 asked about different aspects of the campaign, such as Barack Obama's plan and U.S. airstrikes in Iraq only.\n</summary>"
    },
    "18": {
      "summary": "<summary>\nThe page discusses public assessments of the U.S. military campaign against ISIS in Iraq and Syria, focusing on current perceptions and long-term optimism about its success. Despite negative views on the current state of the campaign, there is growing optimism regarding its ultimate success. About six-in-ten (58%) believe the campaign is not going well, while 35% see it as either very or fairly well. However, two-thirds (66%) think the U.S. and its allies will ultimately succeed, marking an 11-point increase from July. There are partisan divides in current assessments but more modest differences in predictions of success, with Democrats being more optimistic than Republicans.\n\n<figure_summary>Figure 1: A horizontal bar chart titled \"Few say current military effort in Iraq and Syria is going well.\" It shows percentages of respondents who rate the U.S. military campaign against ISIS as \"Not too/at all well\" versus \"Very/Fairly well\" across different survey periods (Dec 2015, July 2015, Feb 2015, Oct 2014). The data indicates consistent majorities viewing the campaign negatively.</figure_summary>\n\n<figure_summary>Figure 2: A grouped bar chart titled \"More long-term optimism in ISIS fight.\" It compares public opinion on whether the U.S. and its allies will definitely/probably fail or succeed in their campaign against ISIS in July 2015 and December 2015. The chart shows a significant shift toward optimism, with a decrease in those predicting failure and an increase in those expecting success.</figure_summary>\n</summary>"
    },
    "19": {
      "summary": "<summary>\nThe page discusses partisan differences in concerns regarding U.S. military engagement in Iraq and Syria. Slightly more people now worry that the U.S. will not go far enough in stopping militants (50%) compared to those who fear over-involvement (42%). These views have remained relatively stable since July. Republicans (75%) are more concerned about insufficient action against Islamic militants, while Democrats (61%) are more worried about excessive involvement. Conservative Republicans express the highest concern about the U.S. not doing enough to stop ISIS (81%), whereas liberal Democrats are more concerned about over-involvement (67%). Partisan and ideological divides are slightly more pronounced than in July. Age also influences these concerns, with younger adults (under 30) being more worried about over-involvement (55%).\n\n<figure_summary>Figure 1: A horizontal bar chart titled \"Bigger concern: Will U.S. go too far or not far enough in Iraq and Syria?\" It displays survey results showing percentages of respondents who are more concerned about the U.S. going too far (yellow bars), not going far enough (orange bars), or neither/undecided (gray bars). The data is broken down by age groups (18-29, 30-49, 50-64, 65+), political affiliation (Republican, Democrat, Independent), and ideology (Conservative Republican, Moderate/Liberal Republican, Conservative/Moderate Democrat, Liberal Democrat). The source is a Pew Research Center survey conducted Dec. 8-13, 2015.</figure_summary>\n</summary>"
    },
    "20": {
      "summary": "<summary>\nThe page discusses public opinion regarding U.S. involvement in sending ground troops to fight Islamic militants in Iraq and Syria. It highlights that the public is evenly split, with 47% favoring and 47% opposing the use of ground troops. This sentiment has remained relatively consistent since July 2015. The page also emphasizes significant partisan divides: two-thirds of Republicans (66%) support sending ground troops, including 72% of conservative Republicans, while only 28% of Republicans oppose it. In contrast, Democrats are more opposed (64%) than in favor (33%). Independents are nearly equally divided, with 48% in favor and 47% opposed. The data comes from a Pew Research Center survey conducted in December 2015.\n\n<figure_summary>Figure 1: A line graph titled \"Public split over use of ground troops\" shows the percentage of people who favor or oppose the U.S. sending ground troops to fight Islamic militants in Iraq and Syria over time (October 2014, February 2015, July 2015, and December 2015). The lines for \"Favor\" and \"Oppose\" remain relatively close throughout the period, indicating consistent public division.</figure_summary>\n\n<table_summary>Table 1: A bar chart titled \"Two-thirds of Republicans favor sending U.S. ground troops to Iraq and Syria\" presents the percentages of respondents who favor, oppose, or have no opinion (DK) about sending U.S. ground troops across different political affiliations. For the total population, 47% favor, 47% oppose, and 6% have no opinion. Among Republicans, 66% favor and 28% oppose. Among Democrats, 33% favor and 64% oppose. Independents are nearly evenly split, with 48% favoring and 47% opposing.</table_summary>\n</summary>"
    },
    "21": {
      "summary": "<summary>\nThe page discusses public opinion on the best approach to confronting global terrorism, highlighting a divided stance. Overall, 45% believe \"using overwhelming military force is the best way to defeat terrorism,\" while 46% think relying too much on military force creates hatred leading to more terrorism. These attitudes have remained relatively stable since earlier in the year but show a shift compared to early 2014, before ISIS became a major threat. In March 2014, more people believed relying too much on force created hatred (57%) than those who saw military force as the best solution (37%). Partisan differences are significant: Democrats are more likely to view excessive force negatively (66%), while Republicans favor overwhelming military force (72%). Independents are more divided, with 49% opposing excessive force and 43% supporting it. Both Republicans' and independents' support for military force increased sharply in February 2015, though partisan views have since shown little change.\n\n<figure_summary>Figure 1: A line graph titled \"Views of military force and terrorism\" shows public opinion trends over time regarding two statements: \"Relying too much on force creates hatred, more terrorism\" and \"Using military force is the best way to defeat terrorism.\" The data indicates a fluctuation in opinions, with the former statement gaining more agreement over time.</figure_summary>\n\n<figure_summary>Figure 2: A bar chart titled \"Most Republicans see overwhelming military force as best to defeat terrorism\" compares responses across political affiliations (Total, Republican, Democrat, Independent) to the same two statements. Republicans show the highest support for military force (72%), while Democrats are more inclined to oppose excessive force (66%). Independents are more evenly split.</figure_summary>\n\nSource: Survey conducted Dec. 8–13, 2015. Don't know responses not shown.\n</summary>"
    },
    "22": {
      "summary": "<summary>\nThe page discusses public opinion regarding U.S. involvement in solving global problems. Despite divided views on using overwhelming force to defeat terrorism, most Americans believe the U.S. does more good than harm when addressing world issues. A survey conducted by the Pew Research Center indicates that 55% of respondents think problems would be worse without U.S. involvement, compared to 38% who believe U.S. efforts often make things worse. This sentiment is consistent across political affiliations, with majorities of Republicans (62%) and Democrats (56%) agreeing that problems would worsen without U.S. involvement. However, there is an ideological divide within the Democratic Party: conservative and moderate Democrats (62%) are more likely to view U.S. involvement positively, while liberal Democrats are split, with 45% believing U.S. efforts worsen problems and 50% thinking problems would be worse without U.S. involvement.\n\n<figure_summary>Figure 1: A horizontal bar chart titled \"Most say U.S. efforts to solve global problems do more good than harm.\" It compares two categories: \"U.S. efforts to solve problems usually make things worse\" and \"Problems in the world would be worse without U.S.\" The data is broken down by total responses and political affiliation (Republican, Democrat, Independent). For the total population, 38% believe U.S. efforts make things worse, while 55% think problems would be worse without U.S. involvement. Among Republicans, 31% believe U.S. efforts make things worse, compared to 62% who think problems would be worse without U.S. involvement. For Democrats, 37% believe U.S. efforts make things worse, while 56% think problems would be worse without U.S. involvement. Independents show a closer split, with 43% believing U.S. efforts make things worse and 50% thinking problems would be worse without U.S. involvement.</figure_summary>\n\nSource: Survey conducted Dec. 8-13, 2015. Don't know responses not shown.\n</summary>"
    },
    "23": {
      "summary": "<summary>\nThe page discusses public concern over Islamic extremism both globally and in the U.S., based on survey data from the Pew Research Center. It highlights that about 62% of respondents are very concerned about the rise of Islamic extremism worldwide, while 49% express similar concerns about its potential rise in the U.S. These levels of concern are comparable to those reported in September of the previous year and represent some of the highest recorded since 2007. The page also notes partisan differences, with Republicans being more likely than Democrats to express high levels of concern—83% vs. 53% for global extremism and 65% vs. 38% for domestic extremism.\n\n<figure_summary>Figure 1: This figure displays two line graphs showing the percentage of respondents who are \"Very,\" \"Somewhat,\" \"Not too,\" or \"Not at all\" concerned about Islamic extremism around the world and in the U.S. over time (from 2007 to 2015). The graph illustrates trends in public sentiment, with \"Very\" concerned responses peaking in recent years.</figure_summary>\n\n<figure_summary>Figure 2: This figure presents two line graphs comparing the percentage of Republicans, Democrats, and Independents who are \"Very\" concerned about Islamic extremism around the world and in the U.S. over time (from 2007 to 2015). The graphs highlight significant differences in concern levels between political affiliations, with Republicans consistently expressing higher levels of concern.</figure_summary>\n\nSource: Survey conducted Dec. 8–13, 2015. Don't know responses not shown.\n</summary>"
    },
    "24": {
      "summary": "<summary>\nThe page discusses public opinion regarding Barack Obama's performance as president, focusing on his handling of various issues, including terrorism. The public remains divided on his overall job performance, with 46% approval and 49% disapproval in 2015. His ratings for handling the economy (43% approve) and immigration policy (37% approve) are more negative than positive. Similarly, opinions on global climate change (45% approve, 40% disapprove) and race relations (44% approve, 47% disapprove) are mixed. Notably, for the first time during his presidency, more Americans (57%) disapprove of Obama's handling of the threat of terrorism compared to those who approve (37%). Over his first term, Obama received positive marks for handling terrorism, peaking at 69% approval after the killing of Osama bin Laden in May 2011. However, his ratings have since declined, becoming negative by December 2015.\n\n<figure_summary>Figure 1: A line graph showing the trend in public approval and disapproval of Obama's handling of the threat of terrorism over time. Approval peaked at 69% in 2011 but has since decreased to 37% in 2015, while disapproval rose from 21% in 2009 to 57% in 2015.</figure_summary>\n\n<table_summary>Table 1: A bar chart comparing public approval and disapproval percentages for Obama's handling of key issues, including overall performance, global climate change, race relations, the economy, the threat of terrorism, and immigration policy. The data shows that disapproval exceeds approval for most issues, especially for the threat of terrorism (57% disapprove vs. 37% approve).</table_summary>\n</summary>"
    },
    "25": {
      "summary": "<summary>\nThe page discusses the partisan divide in public opinion regarding President Obama's handling of the threat of terrorism. It highlights that while Democrats continue to largely approve of his approach, their approval has decreased over time. In December 2015, 64% of Democrats approved, compared to 72% in May. Republicans overwhelmingly disapprove, with only 11% approving and 87% disapproving. Independents also show low approval, with only 33% approving, marking a historical low. The overall trend indicates a decline in approval across all partisan groups.\n\n<figure_summary>Figure 1: A line graph titled \"Obama’s rating on handling of terrorist threat drops across the board\" shows the percentage of approval for Obama's handling of the terrorist threat among Democrats, Independents, and Republicans from 2009 to 2015. The graph illustrates a general downward trend for all groups, with Democrats maintaining the highest approval but still showing a decline. Republicans consistently have the lowest approval, which remains very low throughout the period. Independents' approval fluctuates more than the other groups but also ends at a historically low point.</figure_summary>\n\nSource: Survey conducted Dec. 8-13, 2015. Don’t know responses not shown.\n</summary>"
    },
    "26": {
      "summary": "<summary>\nThe page discusses public opinion regarding Barack Obama's approach to foreign policy and national security, highlighting that a majority of Americans believe he is \"not tough enough.\" The survey data shows that 58% of respondents currently view his approach as insufficiently tough, compared to 34% who find it \"about right\" and only 2% who consider it \"too tough.\" This perception has increased by five percentage points since July 2015 but remains consistent with earlier views at the beginning of the year. Partisan divides are evident, with 84% of Republicans and 61% of independents criticizing Obama's approach, while most Democrats (58%) view it as appropriate. Among Democrats, conservative and moderate factions are more likely to criticize Obama's approach compared to liberal Democrats.\n\n<table_summary>Table 1: This table presents survey data over time (from June 2009 to December 2015) showing the percentage of respondents who perceive Obama's foreign policy as \"Too tough,\" \"Not tough enough,\" \"About right,\" or \"Don't know.\" It highlights an increasing trend in the belief that Obama is \"not tough enough,\" reaching 58% in December 2015.</table_summary>\n\n<figure_summary>Figure 1: This table breaks down partisan views on Obama's foreign policy approach, showing percentages for different political affiliations and ideological groups. Republicans overwhelmingly (84%) view his approach as \"not tough enough,\" while Democrats are split, with 58% finding it \"about right\" and 35% believing it is \"not tough enough.\"</figure_summary>\n\nNo images are present on this page.\n</summary>"
    },
    "27": {
      "summary": "<summary>\nThis page, titled \"Methodology,\" provides detailed information about the survey methodology used in a Pew Research Center report. The analysis is based on telephone interviews conducted between December 8-13, 2015, among a national sample of 1,500 adults aged 18 or older across all U.S. states and the District of Columbia. The survey included 525 landline respondents and 975 cell phone respondents, with 582 of the latter having no landline. Interviews were conducted by Princeton Data Source under the direction of Princeton Survey Research Associates International, using random digit dial samples provided by Survey Sampling International. Respondents were selected randomly, either by asking for the youngest adult male or female at home for landlines or by interviewing the person who answered the phone for cell phones, provided they were 18 or older. The combined sample was weighted iteratively to match demographic parameters from the 2013 Census Bureau's American Community Survey and Decennial Census, as well as telephone usage patterns from the 2014 National Health Interview Survey. Weighting adjustments also accounted for household size and the increased likelihood of dual-phone users being included in the sample. Margins of error and statistical tests were adjusted for the survey design effect.\n\nThere are no tables, figures, or images on this page. The only visual element is a hyperlink directing readers to more detailed information about the survey methodology on the Pew Research Center website.\n</summary>"
    },
    "28": {
      "summary": "<summary>\nThis page from the Pew Research Center document provides detailed information about the unweighted sample sizes and sampling errors for various groups in a survey. The main focus is on presenting the statistical reliability of the data collected, specifically at the 95% confidence level. The page also mentions that sample sizes and sampling errors for other subgroups can be obtained upon request. Additionally, it highlights potential sources of error beyond sampling, such as question wording and practical difficulties in conducting surveys. Finally, the page includes a note about the Pew Research Center's organizational status as a nonprofit, tax-exempt 501(c)(3) organization and its affiliation with The Pew Charitable Trusts.\n\n<table_summary>\nTable 1: This table lists the unweighted sample sizes and the corresponding sampling errors (plus or minus percentage points) for different political groups and survey forms. The groups include the total sample, Republicans (subdivided into Conservative Republicans and Moderate/Liberal Republicans), Independents, Democrats (subdivided into Conserv/Moderate Democrats and Liberal Democrats), and two survey forms labeled \"Form 1\" and \"Form 2.\" For example, the total sample size is 1,500 with a sampling error of ±2.9 percentage points, while the Moderate/Liberal Republican group has a sample size of 121 with a higher sampling error of ±10.2 percentage points.\n</table_summary>\n\nNo figures, charts, diagrams, or images are present on this page.\n</summary>"
    }
  }
}