{
  "doc_id": "2005.12872v3.pdf",
  "pages": {
    "1": {
      "summary": "<summary>\nThe page introduces a research paper titled \"End-to-End Object Detection with Transformers\" by authors from Facebook AI. The abstract outlines a novel method called DETR (DEtection TRansformer), which treats object detection as a direct set prediction problem. This approach eliminates the need for hand-designed components like non-maximum suppression and anchor generation, instead using a transformer-based encoder-decoder architecture and a set-based global loss function. DETR reasons about object relations and global context to output predictions in parallel, achieving accuracy and runtime performance comparable to Faster R-CNN on the COCO dataset. It also generalizes to panoptic segmentation and outperforms competitive baselines. The introduction discusses the challenges of traditional object detectors, such as reliance on postprocessing and heuristics, and highlights the advantages of the proposed end-to-end approach.\n\nThere are no tables, figures, or images on this page. The focus is entirely on the textual content, including the abstract and the beginning of the introduction section.\n</summary>"
    },
    "2": {
      "summary": "<summary>\nThe page discusses the DETR (DEtection TRansformer) model, which is designed for object detection tasks. It emphasizes the integration of a CNN with a transformer architecture to predict the final set of detections in parallel. The key innovation lies in the bipartite matching loss function, which uniquely assigns predictions to ground truth boxes during training. The model simplifies the detection pipeline by eliminating hand-designed components such as spatial anchors and non-maximal suppression. Unlike traditional methods, DETR predicts all objects at once using a non-autoregressive approach, leveraging transformers' self-attention mechanisms to handle set prediction constraints effectively.\n\nThe page highlights that DETR's performance is evaluated against the popular Faster R-CNN baseline on the COCO dataset, demonstrating comparable results overall. Notably, DETR excels in detecting large objects due to the transformer's non-local computations but struggles with small objects, suggesting room for improvement. Training settings for DETR differ from standard object detectors, requiring an extra-long training schedule.\n\n<figure_summary>Figure 1: This figure illustrates the DETR architecture. It shows how a CNN extracts image features, which are then processed by a transformer encoder-decoder to produce a set of box predictions. The bipartite matching loss ensures that each prediction is uniquely matched to a ground truth box, with unmatched predictions assigned to a \"no object\" class.</figure_summary>\n\nThe page also mentions that DETR uses standard implementations of Transformers and ResNet backbones from deep learning libraries, ensuring reproducibility across different frameworks.\n</summary>"
    },
    "3": {
      "summary": "<summary>\nThe page discusses the design ethos and performance of DETR (Detection Transformer) in object detection tasks, highlighting its ability to extend to more complex tasks like Panoptic Segmentation. It then transitions into a section on \"Related Work,\" focusing on set prediction and transformers with parallel decoding. \n\nIn the \"Set Prediction\" subsection, the text explains that traditional deep learning models struggle with predicting sets due to issues like near-duplicates and redundancy. Current detectors often rely on postprocessing techniques such as non-maximal suppression. The text emphasizes the need for global inference schemes to model interactions between predicted elements, mentioning approaches like dense fully connected networks and auto-regressive sequence models. The Hungarian algorithm is introduced as a solution for bipartite matching losses, ensuring permutation invariance. The authors note that they adopt this approach but diverge from autoregressive models by using transformers with parallel decoding.\n\nThe \"Transformers and Parallel Decoding\" subsection introduces transformers as attention-based models initially developed for machine translation. It highlights the role of attention mechanisms in aggregating information across sequences and the self-attention layers that scan through each element. The advantages of transformers, such as global computations and perfect memory, are discussed, making them suitable for long sequences compared to RNNs. The text sets the stage for further exploration of how transformers enable parallel decoding in DETR.\n\nThere are no tables, figures, or images on this page. The focus is entirely on textual explanations of concepts and methodologies related to set prediction and transformer-based architectures.\n</summary>"
    },
    "4": {
      "summary": "<summary>\nThis page discusses the evolution of transformer models in sequence generation tasks and their application in object detection. It highlights how transformers have replaced RNNs in various domains due to their efficiency and effectiveness. The section also explores different approaches to object detection, including two-stage and single-stage detectors, emphasizing the importance of initial guesses in prediction processes. Recent advancements in set-based losses and learnable NMS methods are discussed, focusing on their ability to model relationships between predictions without relying on hand-crafted features. Recurrent detectors are mentioned as closely related to the approach being described, but they are noted for their limitations in evaluation against modern baselines and reliance on autoregressive models rather than parallel decoding.\n\nThe page transitions into a discussion of the DETR (DEtection TRansformer) model, which is designed for direct set predictions in detection tasks. Two key ingredients are identified: a set prediction loss that ensures unique matching between predicted and ground truth objects, and the integration of transformers with parallel decoding for efficient computation.\n\nThere are no tables, figures, or images present on this page; the content is purely textual, focusing on theoretical and methodological explanations.\n</summary>"
    },
    "5": {
      "summary": "<summary>\nThe page discusses the object detection set prediction loss in DETR (DEtection TRansformer), an end-to-end object detection model using transformers. DETR predicts a fixed-size set of \\( N \\) objects in a single pass through its decoder, where \\( N \\) is larger than the typical number of objects in an image. A key challenge is scoring predicted objects against ground truth. The method uses bipartite matching to optimally pair predicted objects with ground truth objects, followed by optimizing object-specific losses.\n\nThe bipartite matching is achieved by finding a permutation \\( \\sigma \\in \\mathfrak{S}_N \\) that minimizes the total matching cost between the ground truth set \\( y \\) and the predicted set \\( \\hat{y} \\). This is formulated as:\n\\[\n\\hat{\\sigma} = \\arg\\min_{\\sigma \\in \\mathfrak{S}_N} \\sum_{i=1}^N \\mathcal{L}_{\\text{match}}(y_i, \\hat{y}_{\\sigma(i)}),\n\\]\nwhere \\( \\mathcal{L}_{\\text{match}} \\) is the pairwise matching cost between a ground truth object \\( y_i \\) and a predicted object \\( \\hat{y}_{\\sigma(i)} \\). The optimal assignment is computed efficiently using the Hungarian algorithm.\n\nThe matching cost considers both class prediction accuracy and the similarity of bounding boxes. Each ground truth object \\( y_i \\) consists of a class label \\( c_i \\) and normalized box coordinates \\( b_i \\). For each prediction \\( \\hat{y}_{\\sigma(i)} \\), the probability of class \\( c_i \\) is denoted as \\( \\hat{p}_{\\sigma(i)}(c_i) \\), and the predicted box is \\( \\hat{b}_{\\sigma(i)} \\). The matching cost is defined as:\n\\[\n\\mathcal{L}_{\\text{match}}(y_i, \\hat{y}_{\\sigma(i)}) = -\\mathbf{1}_{\\{c_i \\neq \\varnothing\\}} \\hat{p}_{\\sigma(i)}(c_i) + \\mathbf{1}_{\\{c_i \\neq \\varnothing\\}} \\mathcal{L}_{\\text{box}}(b_i, \\hat{b}_{\\sigma(i)}).\n\\]\nThis approach differs from traditional detectors like Faster R-CNN, which use heuristic assignment rules for proposals or anchors. Here, one-to-one matching is required without duplicates.\n\nThe second step involves computing the Hungarian loss for all matched pairs. The loss function is defined as:\n\\[\n\\mathcal{L}_{\\text{Hungarian}}(y, \\hat{y}) = \\sum_{i=1}^N \\left[ -\\log \\hat{p}_{\\sigma(i)}(c_i) + \\mathbf{1}_{\\{c_i \\neq \\varnothing\\}} \\mathcal{L}_{\\text{box}}(b_i, \\hat{b}_{\\sigma(i)}) \\right],\n\\]\nwhere \\( \\hat{\\sigma} \\) is the optimal assignment. In practice, the log-probability term is down-weighted by a factor of 10 when \\( c_i = \\varnothing \\) to account for background predictions.\n\n</summary>"
    },
    "6": {
      "summary": "<summary>\nThe page discusses two main topics: the bounding box loss component in the matching cost calculation and the DETR (Detection Transformer) architecture. \n\n### Bounding Box Loss\nThe section explains how the bounding box loss, denoted as \\(\\mathcal{L}_{\\text{box}}(\\cdot)\\), is used to score predicted bounding boxes during the matching process. Unlike traditional methods that predict box offsets relative to initial guesses, DETR directly predicts bounding boxes. This approach simplifies implementation but introduces scaling issues with the loss function. To address this, a scale-invariant loss is proposed, combining the \\(\\ell_1\\) loss and the generalized Intersection over Union (IoU) loss (\\(\\mathcal{L}_{\\text{iou}}(\\cdot,\\cdot)\\)). The overall box loss is defined as:\n\\[\n\\mathcal{L}_{\\text{box}}(b_i, \\hat{b}_{\\sigma(i)}) = \\lambda_{\\text{iou}} \\mathcal{L}_{\\text{iou}}(b_i, \\hat{b}_{\\sigma(i)}) + \\lambda_{\\text{L1}} \\| b_i - \\hat{b}_{\\sigma(i)} \\|_1,\n\\]\nwhere \\(\\lambda_{\\text{iou}}\\) and \\(\\lambda_{\\text{L1}}\\) are hyperparameters. These losses are normalized by the number of objects in the batch.\n\n### DETR Architecture\nThe DETR architecture is described as surprisingly simple, consisting of three main components: a CNN backbone, an encoder-decoder transformer, and a feed-forward network (FFN). Unlike many modern detectors, DETR can be implemented in any deep learning framework using just a few hundred lines of code, making it highly accessible. The inference code for DETR can be implemented in less than 50 lines in PyTorch.\n\n#### Backbone\nThe CNN backbone processes the input image \\(x_{\\text{img}} \\in \\mathbb{R}^{3 \\times H_0 \\times W_0}\\) (with 3 color channels) and generates a lower-resolution feature map \\(f \\in \\mathbb{R}^{C \\times H \\times W}\\). Typical values for the dimensions are \\(C = 2048\\) and \\(H, W = \\frac{H_0}{32}, \\frac{W_0}{32}\\).\n\n#### Transformer Encoder\nThe high-level activation map \\(f\\) is reduced in channel dimension using a 1x1 convolution, resulting in a new feature map \\(z_0 \\in \\mathbb{R}^{d \\times H \\times W}\\). The spatial dimensions of \\(z_0\\) are collapsed into one dimension, forming a sequence input for the transformer encoder. Each encoder layer includes a multi-head self-attention module and a feed-forward network (FFN). Positional encodings are added to ensure permutation invariance, as detailed in the supplementary material.\n\n<figure_summary>Figure 2: The overall DETR architecture is depicted, showing the three main components: the CNN backbone, the encoder-decoder transformer, and the FFN for final detection prediction.</figure_summary>\n\nThis page emphasizes the simplicity and scalability of the DETR architecture while addressing the challenges of bounding box loss computation.\n</summary>"
    },
    "7": {
      "summary": "<summary>\nThe page discusses the architecture and components of DETR (DEtection TRansformer), an end-to-end object detection model using transformers. It explains how DETR uses a conventional CNN backbone to extract a 2D representation of an input image, which is then flattened and supplemented with positional encoding before being passed into a transformer encoder. A transformer decoder processes this encoded information along with learned positional embeddings called \"object queries\" to generate output embeddings. These embeddings are fed into shared feed-forward networks (FFNs) to predict either object classes and bounding boxes or a \"no object\" class.\n\n<figure_summary>Figure 2: This diagram illustrates the overall architecture of DETR. It shows the flow from the CNN backbone through the transformer encoder and decoder, highlighting the integration of positional encoding, object queries, and prediction heads. The right side of the figure includes an example image with detected objects (a seagull) marked by red and yellow bounding boxes.</figure_summary>\n\nThe page further elaborates on the transformer decoder, noting its parallel processing of multiple object queries at each layer, in contrast to autoregressive models like those used in Vaswani et al.'s work. The decoder's permutation-invariant property ensures that different input embeddings produce distinct results. The FFNs are described as 3-layer perceptrons with ReLU activation, predicting box coordinates and class labels. An additional special class label, denoted as \\( \\varnothing \\), is introduced to represent the absence of an object, similar to the \"background\" class in traditional object detection methods. Finally, the page mentions the use of auxiliary losses during training to help the model learn the correct number of objects.\n\n</summary>"
    },
    "8": {
      "summary": "<summary>\nThis page discusses the experimental setup and technical details of the DETR (DEtection TRansformer) model, focusing on its performance evaluation, dataset usage, and implementation specifics. The experiments demonstrate that DETR achieves competitive results compared to Faster R-CNN on the COCO dataset, showcasing its versatility and extensibility through ablation studies and panoptic segmentation tasks. The dataset used is COCO 2017, which includes 118k training images and 5k validation images, annotated with bounding boxes and panoptic segmentation. Performance metrics such as AP (Average Precision) are reported, with comparisons made against Faster R-CNN at the last training epoch.\n\nThe technical details section explains the training process of DETR using AdamW optimizer, with specific learning rates and weight decay values. The backbone models include ResNet-50 and ResNet-101, pre-trained on ImageNet, with modifications like dilation in the last stage to improve feature resolution for small objects. This modification increases computational cost by 2x but enhances performance. Scale augmentation techniques, including resizing input images and applying random crops, are employed to improve global relationship learning during training. Dropout is set to 0.1 for the transformer during training.\n\nA full comparison of FLOPs (Floating Point Operations) between DETR and Faster R-CNN is provided in Table 1, though the table itself is not visible in this excerpt.\n\n<table_summary>Table 1: Comparison of FLOPs between DETR and Faster R-CNN models.</table_summary>\n\nNo other figures, images, or charts are described on this page.\n</summary>"
    },
    "9": {
      "summary": "<summary>\nThe page discusses the comparison between DETR (Detection Transformer) models and Faster R-CNN models for object detection tasks, specifically focusing on performance metrics such as Average Precision (AP), GFLOPS/FPS, and model parameters. The primary content revolves around Table 1, which compares various Faster R-CNN and DETR models using ResNet-50 and ResNet-101 backbones on the COCO validation set. The text also explains the training strategies used for both models, including hyperparameters, training schedules, and optimization techniques. DETR models are shown to achieve comparable results to heavily tuned Faster R-CNN baselines, with lower APs but significantly improved AP_L scores.\n\n<table_summary>\n**Table 1**: This table compares the performance of Faster R-CNN and DETR models with different backbones (ResNet-50 and ResNet-101) on the COCO validation set. It includes metrics such as GFLOPS/FPS, number of parameters (#params), and various AP scores (AP, AP_50, AP_75, AP_S, AP_M, AP_L). The table is divided into three sections: \n1. Results for Faster R-CNN models in Detectron2 [50].\n2. Results for Faster R-CNN models with GIoU [38], random crops, and a long 9x training schedule.\n3. Results for DETR models. \nNotably, DETR models show improvements in AP_L while having slightly lower overall AP scores compared to Faster R-CNN.\n</table_summary>\n\nThe text further elaborates on the training process, mentioning that some slots in DETR predict empty classes, which are optimized by replacing them with the second-highest scoring class. Training schedules, batch sizes, and GPU usage are detailed, highlighting the computational requirements for both Faster R-CNN and DETR models. The section concludes by discussing the differences in training methodologies between Transformers (used in DETR) and Faster R-CNN, emphasizing the use of SGD for Faster R-CNN and the challenges of applying Adam or dropout in this context.\n\nNo figures, charts, or images are present on this page, aside from the table.\n</summary>"
    },
    "10": {
      "summary": "<summary>\nThe page discusses the performance of DETR (Detection Transformer) models in object detection tasks, focusing on the impact of varying encoder layers while keeping decoder layers fixed. It compares DETR's performance with Faster R-CNN using FPN, highlighting improvements in AP (Average Precision) metrics. The section also delves into ablation studies to understand the role of attention mechanisms in the transformer decoder and evaluates the importance of encoder and decoder layers.\n\n<table_summary>\n**Table 2**: This table illustrates the effect of increasing the number of encoder layers on model performance. Each row corresponds to a model configuration with a different number of encoder layers (0, 3, 6, 12), while the number of decoder layers remains constant. Key metrics include GFLOPS/FPS (computational efficiency), the total number of parameters (#params), and various AP scores (AP, AP<sub>50</sub>, AP<sub>S</sub>, AP<sub>M</sub>, AP<sub>L</sub>). Performance improves gradually with more encoder layers, demonstrating the significance of global image-level self-attention.\n</table_summary>\n\n<figure_summary>\n**Figure 3**: This figure visualizes the attention maps of the last encoder layer of a trained DETR model, focusing on a few points in the image. The visualization highlights how the encoder separates instances, suggesting that it aids in disentangling objects, which simplifies object extraction and localization for the decoder.\n</figure_summary>\n\nThe text explains that DETR can achieve competitive results with Faster R-CNN when both have similar parameter counts, achieving 42 AP on the COCO validation subset. However, DETR lags behind in AP<sub>S</sub> (small objects) despite improvements in AP<sub>L</sub> (large objects). The ablation study further explores how attention mechanisms in the transformer decoder influence performance, emphasizing the role of encoder layers in global scene reasoning and object disentanglement.\n</summary>"
    },
    "11": {
      "summary": "<summary>\nThe page discusses the performance and analysis of an object detection model using Transformers, specifically focusing on the DETR (DEtection TRansformer) architecture. It highlights the importance of self-attention mechanisms in separating individual instances during encoding and decoding stages. The text explains how the model's performance improves significantly (+8.2/9.5 AP) across multiple decoder layers due to the set-based loss function, which eliminates the need for Non-Maximum Suppression (NMS). However, NMS is applied to verify its necessity, showing diminishing returns as the depth of the network increases, with potential removal of true positive predictions at deeper layers.\n\nThe page also introduces visualizations of attention maps for both encoder and decoder stages. Figure 3 illustrates encoder self-attention for reference points, demonstrating the model's ability to separate individual instances. Decoder attentions are visualized in Figure 6, where attention maps for predicted objects are colored differently, revealing that decoder attention is local, focusing on object extremities like heads or legs. This suggests that after the encoder separates instances globally, the decoder only needs to focus on extremities to extract class and boundary information.\n\nAdditionally, the importance of Feed-Forward Networks (FFNs) inside transformers is discussed. FFNs are likened to \\(1 \\times 1\\) convolutional layers, contributing significantly to the model's performance. Removing FFNs results in a drop in performance by 2.3 AP, indicating their crucial role. Lastly, the page touches upon positional encodings, mentioning two types: spatial and output positional encodings, though this section is incomplete in the provided text.\n\n<figure_summary>Figure 3: Encoder self-attention for a set of reference points. The figure shows heatmaps representing self-attention patterns for different reference points, overlaid on an image of cows in a field. The heatmaps highlight regions of interest, demonstrating the model's ability to separate individual instances.</figure_summary>\n\n<figure_summary>Figure 6 (mentioned but not shown): Decoder attentions visualized for each predicted object, with attention maps colored differently. The figure would show that decoder attention is local, focusing on object extremities such as heads or legs.</figure_summary>\n</summary>"
    },
    "12": {
      "summary": "<summary>\nThe page discusses the performance of DETR (Detection Transformer) in object detection tasks, focusing on the impact of decoder layers, non-maximum suppression (NMS), and various encoding strategies. It also evaluates the importance of different loss components.\n\n**Key Points:**\n- **Decoder Layer Impact:** Figure 4 illustrates the Average Precision (AP) and AP<sub>50</sub> performance after each decoder layer. DETR does not require NMS by design, as evidenced by the figure. NMS improves AP slightly in the first decoder layers but reduces it in later layers due to the removal of true positive predictions and double detections.\n- **Generalization to Rare Classes:** Figure 5 demonstrates DETR's ability to generalize to rare classes, even when training data lacks sufficient instances. Despite no training images containing more than 13 giraffes, DETR successfully detects up to 24 giraffes in test images.\n- **Encoding Experiments:** The text explores the effects of fixed and learned positional encodings on model performance. Removing spatial positional encodings at the input while passing output positional encodings still yields high AP (>32). Fixed sine encodings lead to a minor drop in AP compared to learned encodings. Not passing any spatial encodings in the encoder results in only a slight decrease in AP.\n- **Transformer Components:** The study concludes that global self-attention in the encoder, feed-forward networks (FFNs), multiple decoder layers, and positional encodings all significantly contribute to object detection performance.\n- **Loss Ablations:** The importance of different loss components (classification loss, bounding box distance loss, and GIoU loss) is evaluated. Classification loss is essential and cannot be turned off. Models trained without bounding box distance loss or GIoU loss show reduced performance compared to the baseline using all three losses.\n\n**Visual Elements:**\n<figure_summary>Figure 4: This line graph shows the AP and AP<sub>50</sub> performance across different decoder layers. It compares models with and without NMS, highlighting how NMS affects performance differently depending on the layer.</figure_summary>\n\n<figure_summary>Figure 5: This collage of images showcases DETR's out-of-distribution generalization capability for rare classes. Each image contains multiple giraffes, demonstrating successful detection even when training data lacked such instances.</figure_summary>\n\n</summary>"
    },
    "13": {
      "summary": "<summary>\nThe page discusses the performance of an object detection model called DETR-DC5, focusing on its attention mechanisms and the impact of different positional encodings and loss components on model accuracy. \n\nFig. 6 illustrates the decoder attention for predicted objects in images from the COCO validation set. The attention scores are color-coded for different objects, showing that the decoder typically attends to object extremities like legs and heads. This visualization emphasizes the model's ability to focus on relevant parts of the objects.\n\nTable 3 presents results comparing various positional encoding strategies against a baseline model. The baseline uses fixed sine positional encodings at every attention layer in both the encoder and decoder. Learned embeddings are shared across layers. The table highlights that not using spatial positional encodings leads to a significant drop in Average Precision (AP). Interestingly, passing positional encodings only in the decoder results in a minor AP drop. The best-performing configuration achieves an AP of 40.6 and an AP<sub>50</sub> of 61.6.\n\nTable 4 evaluates the effect of different loss components on AP. Two models are trained by turning off either the ℓ<sub>1</sub> loss or the GIoU loss. The results show that while ℓ<sub>1</sub> alone yields poor results, combining it with GIoU improves AP<sub>M</sub> and AP<sub>L</sub>. The baseline model, which combines both losses, achieves the highest performance, with an AP of 40.6 and an AP<sub>50</sub> of 61.6.\n\nThe text concludes by noting that most of the model's performance is maintained when using combined losses, with only a slight drop in AP compared to the baseline. Using ℓ<sub>1</sub> without GIoU results in poor performance, emphasizing the importance of the combination of loss functions.\n</summary>"
    },
    "14": {
      "summary": "<summary>\nThe page discusses the analysis of box predictions in the DETR (Detection Transformer) model, focusing on its performance and generalization capabilities. It begins by presenting Figure 7, which visualizes box predictions across all images in the COCO 2017 validation set for 20 out of 100 prediction slots in the DETR decoder. Each box prediction is represented as a point in a normalized 1-by-1 square, with colors indicating different box sizes: green for small boxes, red for large horizontal boxes, and blue for large vertical boxes. The analysis reveals that each slot learns to specialize in certain areas and box sizes, with a common mode of predicting large image-wide boxes, which aligns with the distribution of objects in the COCO dataset.\n\nThe section then delves into \"Decoder output slot analysis,\" explaining how different slots in the decoder learn to specialize in various modes of operation, focusing on different areas and box sizes. Notably, all slots exhibit a mode for predicting image-wide boxes, suggesting a relationship with object distributions in COCO.\n\nNext, the page addresses \"Generalization to unseen numbers of instances.\" It highlights that some classes in COCO are underrepresented, with limited instances per class in training images. To test DETR's generalization, a synthetic image containing 24 giraffes (far exceeding the maximum of 13 giraffes seen during training) was created. DETR successfully identified all 24 giraffes, confirming its ability to generalize beyond the training distribution and lack of strong class specialization.\n\nFinally, the page introduces the extension of DETR for panoptic segmentation. By adding a mask head to the decoder outputs, DETR can produce panoptic segmentation results, similar to the extension of Faster R-CNN to Mask R-CNN. This section sets the stage for demonstrating how such an approach can handle both \"stuff\" and \"thing\" classes in panoptic segmentation tasks.\n\n<figure_summary>Figure 7: Visualization of box predictions for 20 out of 100 slots in the DETR decoder across all images in the COCO 2017 validation set. Points represent predicted box centers, color-coded by box size (green for small, red for large horizontal, and blue for large vertical). The figure illustrates how different slots specialize in predicting boxes of varying sizes and locations.</figure_summary>\n\n<image_summary>Figure 5 (referenced): A synthetic image containing 24 giraffes, used to test DETR's generalization to unseen numbers of instances. This image demonstrates DETR's ability to identify objects beyond the training distribution.</image_summary>\n</summary>"
    },
    "15": {
      "summary": "<summary>\nThe page discusses the implementation of panoptic segmentation using DETR (Detection Transformer) with a focus on generating binary masks for detected objects. It explains how DETR-R101 produces aligned mask predictions in a unified manner for both \"things\" (objects with bounding boxes) and \"stuff\" (semantic regions). The page also describes the architecture of the panoptic head, which generates binary masks in parallel for each detected object and merges them using pixel-wise argmax. Experiments are conducted on the COCO dataset, which includes 53 stuff categories and 80 things categories. DETR is trained to predict boxes around both \"stuff\" and \"things\" classes, and a mask head is added to predict binary masks for each box. The mask head uses multi-head attention scores and an FPN-like architecture to generate high-resolution masks, supervised by DICE/F-1 loss and Focal loss. Two training approaches are mentioned: joint training and a two-step process, with the latter being preferred due to shorter total training time.\n\n<figure_summary>Figure 8: Illustration of the panoptic head. This figure shows the architecture of the panoptic head, including the transformer encoder, multi-head attention mechanism, ResNet features, FPN-style CNN, and pixel-wise argmax operation. It demonstrates how binary masks are generated for each detected object and merged into final masks.</figure_summary>\n\n<figure_summary>Figure 9: Qualitative results for panoptic segmentation generated by DETR-R101. This figure displays three examples of panoptic segmentation results, showing how DETR produces aligned mask predictions for both \"things\" (e.g., bus, giraffe) and \"stuff\" (e.g., floor, grass) in a unified manner.</figure_summary>\n</summary>"
    },
    "16": {
      "summary": "<summary>\nThe page discusses the performance comparison of various models for panoptic segmentation on the COCO val dataset, focusing on DETR and its variants. It highlights the methodology used for predicting final masks and provides training details for DETR, DETR-DC5, and DETR-R101 models. The main results section compares the proposed approach with state-of-the-art methods like UPSNet and Panoptic FPN, showcasing superior performance in terms of Panoptic Quality (PQ), breakdown metrics for things and stuff classes, and mask AP. The qualitative results are visually demonstrated in Figure 9, while Table 5 provides quantitative comparisons.\n\n<table_summary>\nTable 5: Comparison of panoptic segmentation performance between various models (PanopticFPN++, UPSNet, UPSnet-M, DETR, DETR-DC5, DETR-R101) on the COCO val dataset. The table reports metrics such as Panoptic Quality (PQ), Segmentation Quality (SQ), Recognition Quality (RQ), PQ breakdown for things (PQ<sup>th</sup>) and stuff (PQ<sup>st</sup>), SQ breakdown for things (SQ<sup>th</sup>) and stuff (SQ<sup>st</sup>), RQ breakdown for things (RQ<sup>th</sup>) and stuff (RQ<sup>st</sup>), and Average Precision (AP). DETR-R101 achieves the highest overall PQ score of 45.1, outperforming other models.\n</table_summary>\n\n<figure_summary>\nFigure 9: Qualitative results showing the effectiveness of the unified panoptic segmentation approach. This figure likely includes visual examples of predicted masks and segmentations for different categories, demonstrating the model's ability to handle both thing and stuff classes effectively.\n</figure_summary>\n\nThe page emphasizes that DETR's global reasoning capability, enabled by encoder attention, plays a crucial role in achieving strong performance, especially on stuff classes. Despite a slight deficit in mask AP for things compared to baselines, DETR maintains competitive PQ<sup>th</sup>. The authors also mention testing their method on the COCO test set, achieving a PQ score of 46, indicating promising results. They conclude by expressing hope that this work will inspire future research into fully unified models for panoptic segmentation.\n</summary>"
    },
    "17": {
      "summary": "<summary>\nThe page contains the conclusion and acknowledgements sections of a research paper titled \"End-to-End Object Detection with Transformers.\" The conclusion highlights the introduction of DETR, a novel object detection system based on transformers and bipartite matching loss. DETR achieves comparable results to an optimized Faster R-CNN baseline on the COCO dataset and demonstrates flexibility in extending to panoptic segmentation. It outperforms Faster R-CNN on large objects due to its global information processing via self-attention. However, the new design presents challenges in training, optimization, and performance on small objects, which require future work to address.\n\nThe acknowledgements section thanks various individuals and teams, including Sainbayar Sukhbaatar, Piotr Bojanowski, and others, along with the Facebook AI Research Paris team, for their contributions through discussions and advice.\n\nThe page also includes a list of references citing relevant works in the fields of language modeling, neural machine translation, attention mechanisms, object detection, sequence modeling, and deep learning, among others. These references provide context and support for the research presented in the paper.\n\nThere are no tables, figures, or images on this page; it consists solely of textual content.\n</summary>"
    },
    "18": {
      "summary": "<summary>\nThis page contains a list of references cited in an academic paper, spanning various fields such as machine learning, computer vision, natural language processing, and deep learning frameworks. The references include works published in conferences like ICLR, ICCV, CVPR, ECCV, and NeurIPS, as well as arXiv preprints. Key topics covered by these references include non-autoregressive neural machine translation, rethinking ImageNet pre-training, Mask R-CNN, deep residual learning, object detection, semantic segmentation, feature pyramid networks, SSD detectors, weight decay regularization, volumetric medical image segmentation, speech synthesis, object decomposition, image transformers, PyTorch, image-to-set prediction, language models, and real-time object detection. Each reference provides the authors' names, publication titles, conference/journal names, and years of publication.\n\nThere are no tables, figures, images, or other visual elements present on this page. The content is purely textual, consisting of a formatted bibliography.\n\n</summary>"
    },
    "19": {
      "summary": "<summary>\nThis page contains a list of references related to object detection and segmentation techniques, primarily focusing on deep learning approaches. The references cover a range of topics, including Faster R-CNN, generalized intersection over union (IoU), deep permutation networks, recurrent neural networks for instance segmentation, end-to-end people detection, sequence-to-sequence learning, attention mechanisms, non-local neural networks, Detectron2, panoptic segmentation, and anchor-based vs. anchor-free detection methods. The citations include publications from conferences such as CVPR, ICCV, ECCV, NeurIPS, ICLR, and journals like PAMI, as well as arXiv preprints.\n\nThere are no tables, figures, images, or charts present on this page. The content is purely textual, consisting of a numbered list of bibliographic entries.\n\n</summary>"
    },
    "20": {
      "summary": "<summary>\nThis page is part of an appendix titled \"Preliminaries: Multi-head attention layers\" in a document by Carion et al. It provides a detailed explanation of the multi-head attention mechanism used in Transformer-based models. The section begins by reminding readers of the general form of attention mechanisms, referencing prior work ([47]) while noting differences in positional encodings ([7]). The multi-head attention mechanism is described as a function involving query sequences \\( X_{\\mathbf{q}} \\), key-value sequences \\( X_{\\mathbf{kv}} \\), weight tensors \\( T \\), and projection matrices \\( L \\). The output size matches the query sequence length. Self-attention is defined as a special case where the query and key-value sequences are identical. The process involves concatenating multiple single attention heads and applying residual connections, dropout, and layer normalization. Single attention heads compute query, key, and value embeddings using positional encodings, followed by computing attention weights via softmax over dot products between queries and keys.\n\nThe mathematical formulation includes several equations:\n- Equation (3) defines the multi-head attention function.\n- Equation (4) specifies self-attention as a special case.\n- Equations (5) and (6) detail the concatenation and layer normalization processes.\n- Equation (7) describes how query, key, and value embeddings are computed.\n- Equation (8) explains the computation of attention weights using softmax.\n\nThere are no tables, figures, or images on this page; the content is purely textual, focusing on mathematical definitions and explanations of the multi-head attention mechanism.\n</summary>"
    },
    "21": {
      "summary": "<summary>\nThe page discusses components of an end-to-end object detection system using transformers, focusing on positional encodings, feed-forward network (FFN) layers, and loss functions. Positional encodings are shared across all attention layers for a query/key-value sequence but are not explicitly written as parameters. The final output of the attention mechanism is the weighted aggregation of values, expressed mathematically. FFN layers in the transformer model consist of two 1x1 convolutional layers with ReLU activations, followed by residual connections, dropout, and layer normalization.\n\nThe section then transitions to discussing losses used in the approach. All losses are normalized by the total number of objects in the batch to account for distributed training scenarios where sub-batches may not be balanced across GPUs. The box loss combines a soft version of Intersection over Union (IoU) with an \\( \\ell_1 \\) loss on predicted bounding boxes, defined in Equation (9). The generalized IoU metric is introduced in Equation (10), which accounts for the area of unions and intersections of box coordinates. Finally, the DICE/F-1 loss is described, closely related to IoU, and is defined in Equation (11), normalizing the loss by the number of objects.\n\n</summary>"
    },
    "22": {
      "summary": "<summary>\nThis page provides a detailed explanation of the transformer architecture used in DETR (DEtection TRansformer), focusing on its components and computational complexity. The transformer processes image features extracted by a CNN backbone, incorporating spatial positional encodings at every attention layer. Queries and keys receive these positional encodings during multi-head self-attention in the encoder. The decoder starts with zero-initialized queries, receives output positional encoding (object queries), and uses encoder memory to predict class labels and bounding boxes through multiple layers of multi-head self-attention and cross-attention between the encoder and decoder. Notably, the first self-attention layer in the first decoder layer can be skipped.\n\n<figure_summary>Figure 10: This diagram illustrates the architecture of DETR's transformer. It shows the encoder and decoder structures, highlighting the flow of image features, spatial positional encoding, and object queries. The encoder consists of multiple layers of multi-head self-attention, feed-forward networks (FFNs), and add & norm operations. The decoder mirrors this structure but includes cross-attention with the encoder outputs. The final FFNs produce class predictions and bounding box coordinates.</figure_summary>\n\nThe section also discusses the computational complexity of the transformer. In the encoder, each self-attention operation has a complexity of \\( \\mathcal{O}(d^2HW + d(HW)^2) \\), where \\( d \\) is the embedding dimension, \\( H \\) and \\( W \\) are the height and width of the feature map, and \\( M \\) is the number of heads. The decoder's self-attention and cross-attention have lower complexities due to the smaller query set size \\( N \\) compared to the feature map size \\( HW \\).\n\n</summary>"
    },
    "23": {
      "summary": "<summary>\nThe page discusses various aspects of training and implementation details for an object detection model using Transformers, specifically focusing on DETR (DEtection TRansformer). It begins by explaining FLOPS computation for Faster R-CNN models, reporting average FLOPS for the first 100 images in the COCO 2017 validation set. The FLOPS are computed using the `flop_count_operators` tool from Detectron2, extended to account for batch matrix multiplication (bmm) for DETR models.\n\n### Training Hyperparameters\nThe section titled \"A.4 Training hyperparameters\" outlines the training setup for DETR:\n- **Optimizer**: AdamW with weight decay set to \\(10^{-4}\\).\n- **Gradient Clipping**: Maximal gradient norm of 0.1 is applied.\n- **Backbone**: ResNet-50 pretrained on ImageNet is used, with the last classification layer discarded. Batch normalization weights and statistics are frozen during training. The backbone is fine-tuned with a learning rate of \\(10^{-5}\\), which is observed to stabilize training, especially in the initial epochs.\n- **Transformer**: Trained with a learning rate of \\(10^{-4}\\). Additive dropout of 0.1 is applied after every multi-head attention and FFN before layer normalization. Weights are initialized using Xavier initialization.\n- **Losses**: A linear combination of \\(\\ell_1\\) and GIoU losses is used for bounding box regression, with weights \\(\\lambda_{\\text{L1}} = 5\\) and \\(\\lambda_{\\text{IoU}} = 2\\). All models use \\(N = 100\\) decoder query slots.\n- **Baseline**: Enhanced Faster-RCNN+ baselines use GIoU loss along with \\(\\ell_1\\) loss. A grid search determined the best weights, resulting in the final models using only GIoU loss with weights 20 and 1 for box and proposal regression tasks, respectively. Baseline training follows the same data augmentation and schedule as DETR, with approximately 109 epochs.\n\n### Spatial Positional Encoding\nThe spatial positional encoding method is described, where encoder activations are associated with corresponding spatial positions of image features. A fixed absolute encoding is used, generalizing the original Transformer encoding to the 2D case. For each embedding's spatial coordinates, independent sine and cosine functions with different frequencies are applied, concatenated to form the final \\(d\\)-channel positional encoding.\n\n### Additional Results\nThe section titled \"A.5 Additional results\" mentions qualitative results for panoptic prediction using the DETR-R101 model, which are shown in Figure 11.\n\n</summary>"
    },
    "24": {
      "summary": "<summary>\nThe page discusses the performance of two object detection models, PanopticFPN and DETR, in handling overlapping objects and predicting masks at full resolution. It also explores the behavior of DETR when approaching its query slot limit, which is set to 100 instances in the experiments.\n\n### Key Points:\n- **Failure Case with Overlapping Objects**: PanopticFPN misses one plane entirely, while DETR fails to accurately segment three planes in overlapping scenarios.\n- **Things Masks at Full Resolution**: DETR predicts masks at full resolution, resulting in sharper boundaries compared to PanopticFPN.\n- **Behavior Near Query Slot Limit**: DETR's performance is analyzed when approaching its query slot limit of 100 instances. A canonical square image of a given class is repeated on a \\(10 \\times 10\\) grid, and the percentage of missed instances is computed. To test fewer than 100 instances, some cells are randomly masked. The experiment is repeated 100 times with different masks to account for randomness. Results show that DETR detects all instances up to 50 but starts saturating and missing more instances beyond that threshold. When all 100 instances are present, DETR only detects an average of 30, indicating a counter-intuitive behavior likely due to the images being far from the training distribution.\n- **Generalization Out-of-Distribution**: The experiment is designed to test generalization out-of-distribution, focusing on whether the model overfits the label and position distribution of the dataset. Despite the challenges in disentangling the effects of image complexity versus the number of objects per class, the results suggest that DETR does not overfit on these distributions since it achieves near-perfect detections up to 50 objects.\n\n### Visual Elements:\n<figure_summary>Figure 11: Comparison of panoptic predictions. This figure shows three columns of images illustrating ground truth, PanopticFPN predictions with ResNet 101, and DETR predictions with ResNet 101. The top row demonstrates failure cases with overlapping objects, where PanopticFPN misses one plane and DETR inaccurately segments three planes. The bottom row highlights the sharper boundaries achieved by DETR's full-resolution mask predictions compared to PanopticFPN.</figure_summary>\n\n<figure_summary>Figure 12: Behavior of DETR near the query slot limit. This figure (not shown in the provided image) likely presents data showing how DETR's detection performance changes as the number of instances increases, highlighting the saturation point and the model's inability to detect all instances beyond a certain threshold.</figure_summary>\n</summary>"
    },
    "25": {
      "summary": "<summary>\nThe page discusses the performance of DETR (Detection Transformer) in terms of object detection accuracy as the number of visible instances increases. It also introduces PyTorch inference code for demonstrating the simplicity of the approach.\n\n<figure_summary>Figure 12: This figure illustrates the percentage of missed instances for three classes (\"dog,\" \"person,\" and \"apple\") based on the number of visible instances in an image. The graph shows that as the number of visible instances approaches 100, DETR starts to miss more objects, indicating a saturation effect.</figure_summary>\n\nThe section titled \"A.6 PyTorch inference code\" explains how the authors provide inference code using PyTorch and Torchvision libraries. The code is designed to run with Python 3.6+, PyTorch 1.4, and Torchvision 0.5. It does not support batching, making it suitable only for single-image inference or training with DistributedDataParallel. The code uses learned positional encodings in the encoder instead of fixed ones, added to the input rather than at each transformer layer, which simplifies readability but requires modifications beyond the standard PyTorch implementation of transformers. The entire code will be made available before the conference.\n</summary>"
    },
    "26": {
      "summary": "<summary>\nThe page presents Python code implementing the DETR (DEtection TRansformer) model using PyTorch. The code defines a `DETR` class that inherits from `nn.Module`, which includes methods for initializing the model and performing forward passes. The backbone uses convolutional layers from a pre-trained ResNet-50 model, followed by a Transformer encoder-decoder architecture. Positional encodings are dynamically added to the input features rather than being fixed, enhancing flexibility but reducing readability compared to standard PyTorch implementations. The provided code snippet demonstrates how to instantiate and evaluate the model, along with sample inputs and outputs. The accompanying text explains the rationale behind the design choices and mentions that the complete code will be made available before the conference.\n\n<code_summary>\nThe code defines a `DETR` class with the following components:\n- **Initialization (`__init__`)**: Constructs the model by:\n  - Extracting convolutional layers from a pre-trained ResNet-50 model.\n  - Adding a convolutional layer (`self.conv`) to adjust feature dimensions.\n  - Implementing a Transformer encoder-decoder (`self.transformer`) with specified hidden dimensions, heads, and layer counts.\n  - Defining linear layers for classification (`self.linear_class`) and bounding box regression (`self.linear_bbox`).\n  - Initializing positional embeddings (`self.row_embed` and `self.col_embed`) for spatial encoding.\n- **Forward pass (`forward`)**: Processes input data through the backbone, adds positional encodings, and passes the result through the Transformer. Outputs include class logits and bounding box predictions.\n- **Model instantiation**: Creates an instance of the `DETR` class with specific parameters (e.g., 91 classes, hidden dimension of 256, 8 attention heads, 6 encoder/decoder layers).\n- **Evaluation and testing**: Sets the model to evaluation mode and tests it with random input data.\n</code_summary>\n\nThe page also includes **Listing 1**, which is labeled as \"DETR PyTorch inference code.\" This listing highlights the implementation details and clarifies the use of learned positional encodings in the encoder, distinguishing it from fixed positional encodings commonly used in standard Transformer implementations.\n</summary>"
    }
  }
}