{
  "doc_id": "2303.05039v2.pdf",
  "pages": {
    "1": {
      "summary": "<summary>\nThis page presents the introduction and abstract of a research paper titled \"Improving Recommendation Systems with User Personality Inferred from Product Reviews\" by Xinyuan Lu and Min-Yen Kan. The authors propose a novel method to automatically extract personality profiles from public product review text and leverage these profiles in recommendation systems to enhance performance. The abstract highlights the importance of personality traits in influencing user preferences and decision-making, suggesting that incorporating dynamic psychological factors into recommendation systems can improve their accuracy. The authors address challenges such as data collection, privacy concerns, and the scarcity of suitable datasets by introducing new methods to infer personality traits from user-generated content like e-commerce reviews. Experiments using two newly contributed datasets—Amazon-beauty and Amazon-music—demonstrate performance boosts ranging from 3% to 28%. The paper also discusses how different personality types contribute differently to recommendation performance across domains, such as openness and extraversion being beneficial for music recommendations, while conscientiousness is more effective for beauty products.\n\nThe page includes sections for CCS Concepts, Keywords, and an ACM Reference Format, providing metadata about the paper's classification and publication details. The introduction section outlines the role of online recommendation systems and emphasizes the significance of the user's profile, including static attributes and dynamic psychological factors, in improving recommendation outcomes.\n\nThere are no tables, figures, or images on this page; it focuses entirely on textual content.\n</summary>"
    },
    "2": {
      "summary": "<summary>\nThe page discusses the integration of personality traits into recommendation systems using user-generated review texts. It highlights how personality influences the way people express opinions, providing examples of different personality types reacting to the same product. The study leverages an API (Receptiviti) to infer personality traits based on the OCEAN model (Openness, Conscientiousness, Extraversion, Agreeableness, Neuroticism) from review texts. These inferred traits are then used as inputs to enhance recommendation systems, showing consistent improvements in performance across various domains. The authors construct two new datasets by extending existing Amazon review data in the beauty and music domains, ensuring the reviews are between 30 to 80 words. They validate the inferred personality scores by analyzing distributions and identifying reliable indicators. The paper also reviews related work, focusing on personality detection methods and personality-based recommendation systems, emphasizing the OCEAN model's role in understanding human behavior.\n\n### Key Contributions:\n- Constructing two new datasets that combine public product reviews with automatically inferred personality scores.\n- Demonstrating improved recommendation performance by incorporating personality traits, specifically extroversion and agreeableness, which show benefits across all domains.\n- Addressing the lack of personality-based datasets while avoiding privacy issues by using publicly available data.\n\n### Related Work Section:\n#### 2.1 The OCEAN Model:\nThe section introduces the OCEAN model, detailing its five dimensions:\n1. **Openness**: Reflects the breadth and depth of experiences, associated with knowledge, analytical thinking, and curiosity.\n2. **Conscientiousness**: Involves self-control, regulation, and planning, with highly conscientious individuals being cautious.\n3. **Extraversion**: Indicates sociability and engagement with the external world; extraverts are more talkative and outgoing.\n4. **Agreeableness**: Reflects cooperation and social harmony; highly agreeable individuals are more willing to share tasks.\n5. **Neuroticism**: Pertains to emotional instability and negative emotions; high neuroticism is linked to moodiness and emotional responses.\n\n#### 2.2 Personality Detection:\nThis subsection outlines two common methods for measuring personality traits:\n1. **Personality Assessment Questionnaires**: Self-reporting questionnaires using a five-point Likert scale to assess personality differences.\n2. **Automatic Personality Detection**: Leveraging machine learning techniques to infer personality from behavioral data, such as language use.\n\nNo tables, figures, or images are present on this page.\n</summary>"
    },
    "3": {
      "summary": "<summary>\nThe page discusses the challenges of using personality questionnaires for self-reporting and introduces the concept of automatic personality detection as a more convenient and reproducible alternative. It highlights the limitations of traditional personality questionnaires, such as subjectivity and inconvenience, and explains how automated methods infer personality traits from user data, particularly through text analysis of social media posts and product reviews. The text emphasizes the advantages of automatic personality detection in recommendation systems, noting its ability to capture nuanced personality traits without relying on explicit questionnaire inputs. The section also outlines two novel approaches for integrating personality into recommendation systems: using the most salient personality trait as a learnable vector and calculating a user's personality embedding as a weighted sum of OCEAN features. Additionally, it describes the construction of new datasets based on Amazon review data, focusing on the beauty and music domains, to infer users' personality scores automatically.\n\nThe page transitions into a discussion on personality-based recommendation systems, explaining how personality traits can be used to personalize recommendations due to their stability over time. It references earlier work by Winoto and Tang, which extended Matrix Factorization by incorporating personality as an implicit feedback feature. However, this previous work only considered OCEAN scores as one attribute, limiting the understanding of personality's full impact on recommendations.\n\nNo tables, figures, or images are present on this page; the content is entirely textual, focusing on theoretical and methodological aspects of personality inference and its application in recommendation systems.\n</summary>"
    },
    "4": {
      "summary": "<summary>\nThe page discusses the construction and analysis of datasets for studying the influence of personality traits on user behavior in two domains: beauty and music. The study aims to explore whether personality has different effects across these domains by analyzing product reviews. The authors construct separate datasets for each domain and filter users based on their review activity, selecting those who wrote at least 10 reviews with lengths between 30 to 80 words. Table 1 provides an example of a review from the Amazon dataset, including details such as reviewer ID, product ASIN, review text, and overall rating. The Receptiviti API is used to infer personality traits from concatenated review texts, focusing on the five OCEAN dimensions (Openness, Conscientiousness, Extraversion, Agreeableness, Neuroticism). Table 2 illustrates an example of inferred personality scores for a specific user. Dataset statistics are provided in Table 3, comparing the Amazon-beauty, Amazon-music, and Personality2018 datasets in terms of items, users, ratings, interactions, and average word counts. The section also introduces the Neural Collaborative Filtering (NCF) model as the foundation for experiments to evaluate the impact of incorporating personality traits into recommendation systems.\n\n<table_summary>\n**Table 1**: An example of a review from the Amazon dataset, showing fields such as reviewerID, ASIN, reviewerName, vote, style, reviewText, and overall rating. This table demonstrates how user-generated content is structured in the dataset.\n</table_summary>\n\n<table_summary>\n**Table 2**: An example of inferred personality scores using the Receptiviti API for a specific user, detailing scores for the five OCEAN dimensions (AGR, CON, NEU, EXT, OPEN).\n</table_summary>\n\n<table_summary>\n**Table 3**: Statistics of the three datasets used in the study, comparing Amazon-beauty, Amazon-music, and Personality2018 datasets in terms of number of items, users, ratings, interactions, and average word counts per user and review.\n</table_summary>\n\n<figure_summary>\nNo figures are present on this page.\n</figure_summary>\n\n<image_summary>\nNo images are present on this page.\n</image_summary>\n</summary>"
    },
    "5": {
      "summary": "<summary>\nThe page discusses the integration of personality information into a Neural Collaborative Filtering (NCF) model for improving recommendation systems. It introduces three methods for incorporating personality traits derived from user reviews: NCF + Most Salient Personality, NCF + Soft-labeled Personality, and NCF + Hard-coded Personality. Each method handles personality information differently, such as selecting the most prominent trait, using all five OCEAN traits as a weighted embedding matrix, or fixing the personality vector based on predefined scaling. The section also outlines the experimental setup, focusing on evaluating the accuracy of personality detection from texts (RQ1), analyzing the distribution of personality traits in review datasets (RQ2), exploring the impact of personality on recommendation performance (RQ3), and examining the influence of personality across different domains (RQ4).\n\n<figure_summary>Figure 1: This diagram illustrates the overall structure of the proposed models. It shows how personality scores (OCEAN traits) are processed in three different ways: Method 1 selects the most salient personality trait, Method 2 uses all five traits as a soft-labeled embedding matrix, and Method 3 applies hard-coded scaling to the traits. The resulting personality vectors are then concatenated with the user's latent vector before being fed into an MLP for final scoring.</figure_summary>\n\nThe page further elaborates on each method:\n1. **NCF + Most Salient Personality**: Uses a 4-dimensional personality vector for the most prominent trait, learned during training, and concatenates it with the user's latent vector.\n2. **NCF + Soft-labeled Personality**: Utilizes all five personality traits by applying a softmax function to convert scores into probabilities, which are then used as weights for a weighted sum of personality vectors.\n3. **NCF + Hard-coded Personality**: Directly scales the personality scores to fixed values and concatenates them with the user's latent vector.\n\nThe experiments section begins with RQ1, which evaluates the accuracy of personality detection from texts using the Receptiviti API. A manual evaluation of high-scoring users is conducted, and the results show high agreement between inferred personality traits and review texts, with an average Cohen’s Kappa of 0.70. The page also mentions Table 4, which provides examples of review texts and their inferred personality scores, highlighting language habits associated with different personalities.\n\nFinally, the section transitions to RQ2, which analyzes the distribution of personality traits across users in the Amazon-beauty and Amazon-music datasets, with histograms plotted for each personality trait.\n</summary>"
    },
    "6": {
      "summary": "<summary>\nThe page discusses personality traits and their correlation with user reviews in two datasets: Amazon-beauty and Amazon-music. It presents a table summarizing extreme cases of personality traits, along with corresponding review texts and scores. The table includes personality labels such as Openness, Conscientiousness, Extroversion, Agreeableness, and Neuroticism, each paired with a score and a review text reflecting the user's perspective on various products. Below the table, a series of histograms (Figure 2) illustrate the distribution of personality traits across the two datasets. The x-axis represents the score for each trait, while the y-axis shows the number of users. Red lines indicate the median score for each trait. The analysis reveals trends such as agreeable people having the highest median scores, while neurotic individuals have the lowest, suggesting potential reasons for these patterns.\n\n<table_summary>\nTable 1: This table provides examples of extreme personality cases, showing personality labels (e.g., Openness, Conscientiousness), associated scores, and corresponding review texts. Each row highlights how different personality traits influence user opinions and experiences with products.\n</table_summary>\n\n<figure_summary>\nFigure 2: This figure displays histograms representing the distribution of personality traits (Openness, Conscientiousness, Extroversion, Agreeableness, and Neuroticism) in the Amazon-beauty and Amazon-music datasets. The x-axis indicates the score for each trait, while the y-axis shows the frequency of users. Red lines mark the median score for each trait, illustrating the central tendency of personality distributions across the datasets.\n</figure_summary>\n</summary>"
    },
    "7": {
      "summary": "<summary>\nThe page discusses the impact of incorporating user personality traits inferred from product reviews on recommendation system performance. It explores how personality distributions differ across domains (e.g., Amazon-beauty vs. Amazon-music) and evaluates whether adding personality information improves recommendation quality. Key findings include the observation that certain personality traits (e.g., agreeableness) are more prevalent in review data, likely because people with those traits are more willing to share opinions. The study also highlights differences in personality trait scores between domains, suggesting that extroversion and openness are more pronounced in the music domain compared to the beauty domain.\n\nThe section titled \"Does incorporating personality improve recommendation performance? (RQ3)\" compares the performance of a personality-enhanced Neural Collaborative Filtering (NCF) model against two baseline models: NCF with random personality labels and NCF with a single personality trait assigned to all users. Evaluation metrics used are Hit Rate (HR) and Normalized Discounted Cumulative Gain (NDCG). Results show that the personality-enhanced NCF outperforms the baselines in terms of HR and NDCG across datasets like Amazon-beauty, Amazon-music, and Personality2018. Notably, the NCF + Soft-labeled model, which uses inferred personality information, performs best.\n\nSection 5.4, \"How does personality information improve the performance of recommendation systems? (RQ4),\" analyzes the impact of individual personality traits on recommendation performance. For the Amazon-beauty dataset, conscientiousness (CON) shows the highest improvement in HR (+21%) and NDCG (+57%). In the Amazon-music dataset, openness (+27%), agreeableness (+10%), and extroversion (+5%) improve, while neuroticism (-18%) and conscientiousness (-12%) decrease. For the Personality2018 dataset, only conscientiousness, extroversion, and agreeableness show minor gains. These results suggest that personality traits influence recommendation performance differently across datasets, indicating a need for further investigation into the underlying mechanisms.\n\nThe discussion section (Section 6) reflects on the limitations of the study, such as potential selective bias in personality inference due to differing sharing tendencies among introverts and extroverts. This leads to an imbalanced distribution of personality traits in the collected data. Future work could involve using additional context information, such as purchase history, to infer user personalities more comprehensively.\n\n</summary>"
    },
    "8": {
      "summary": "<summary>\nThis page contains the concluding section of a research paper discussing the integration of personality information into recommendation systems. The main focus is on evaluating the effectiveness of incorporating personality traits (based on the OCEAN model) into neural collaborative filtering (NCF) algorithms for improving recommendation performance across three datasets: Amazon-beauty, Amazon-music, and Personality2018. The page includes two tables summarizing experimental results, a conclusion section highlighting findings and future work, an acknowledgment section, and a list of references.\n\n<table_summary>\n**Table 5:** This table presents the Hit Rate (H@K) and Normalized Discounted Cumulative Gain (NDCG@K) metrics for various NCF-based algorithms across three datasets: Amazon-beauty, Amazon-music, and Personality2018. The algorithms include baseline models (e.g., NCF+Random, NCF+Same) and variants that incorporate personality information (e.g., NCF+Most-Salient, NCF+Soft-labeled, NCF+Hard-Coded). The best performance values are highlighted in bold, showing improvements when personality information is included.\n</table_summary>\n\n<table_summary>\n**Table 6:** This table compares the HR and NDCG results grouped by five personality traits (OPEN, CON, EXT, AGR, NEU) across the same three datasets. It contrasts the performance of the NCF+Soft-labeled model (with personality information) and the NCF+Same model (without personality information). The \"+\" and \"-\" signs indicate whether the model uses personality information, and the best performance values are in bold.\n</table_summary>\n\nThe **Conclusion and Future Works** section summarizes the key findings:\n- Automatically extracted personality information from review texts improves recommendation performance by 3% to 28%.\n- Certain personality traits are more effective in specific domains: openness, extroversion, and agreeableness are beneficial for music recommendations, while conscientiousness is most helpful for beauty recommendations.\n- Future directions include using advanced graph recommendation models, collecting more user data beyond review texts, and exploring fairness improvements using the OCEAN model.\n- A user study is suggested to validate the causal relationship between personality and recommendation behavior.\n\nThe **Acknowledgement** section thanks Dr. Liangming Pan for proofreading the work.\n\nThe **References** section lists academic sources related to personality theory, recommendation systems, and previous works on integrating personality into recommendation models.\n\n</summary>"
    },
    "9": {
      "summary": "<summary>\nThis page contains a list of references cited in a research paper titled \"Improving Recommendation Systems with User Personality Inferred from Product Reviews.\" The references cover a range of topics related to personality psychology, recommendation systems, user satisfaction, and the integration of personality traits into algorithmic recommendations. The citations include journal articles, conference papers, and book chapters, spanning years from 1992 to 2020. Key themes include the five-factor model of personality, linguistic styles, automatic personality detection from texts, and the impact of user mood and personality on recommendation systems.\n\nThe references highlight studies such as:\n- The relationship between personality and language use in self-narratives.\n- The development of emotion-driven multimedia recommendation systems based on facial expressions.\n- The role of user personality in improving recommendation diversity and satisfaction.\n- The extraction of personality traits from social messages for game recommender systems.\n- The influence of user mood on movie recommendations.\n- The correlation between personality similarity and social relationships.\n\nNo tables, figures, or images are present on this page; it solely consists of bibliographic citations.\n</summary>"
    }
  }
}