{
  "doc_id": "3276a5b991c49cf5f9a4af0f7d6fce67.pdf",
  "pages": {
    "1": {
      "summary": "<summary>\nThis page is the first page of a legal document titled \"Complaint For Forfeiture\" filed in the United States District Court for the Eastern District of Michigan Southern Division. The case involves the United States of America as the Plaintiff and a specific Mont Blanc Limited Edition pen as the Defendant in rem. The Complaint outlines an in rem civil forfeiture action under Title 18, United States Code, Sections 981(a)(1)(A) and 981(a)(1)(C). It also asserts the court's original jurisdiction over the matter under Title 28, United States Code, Section 1345, due to the United States being the Plaintiff. Additionally, the court's jurisdiction is further supported by Title 28, United States Code, Sections 1355(b)(1)(A) and (B), as the acts leading to the forfeiture occurred within the district.\n\nThere are no tables, figures, charts, diagrams, or images present on this page. The focus is entirely on the textual content of the legal complaint.\n\n</summary>"
    },
    "2": {
      "summary": "<summary>\nThe page discusses legal arguments regarding venue and the specifics of property seizure in a civil forfeiture case. It establishes that the Eastern District of Michigan is the proper venue under Title 28, United States Code, Sections 1391(b)(2) and 1395(a) and (b), due to the location where the events occurred and where the property was found and seized. The Defendant in rem is identified as a Mont Blanc Limited Edition America’s Signature for Freedom, Abraham Lincoln Themed Pen, Serial Number 11. The FBI seized this property on or around August 23, 2017, under a federal seizure warrant and currently holds custody of it. Additionally, there is mention of a possible companion criminal case pending in the same district, involving Jerome Durden et al., presided over by Hon. Paul D. Borman.\n\nThis page does not contain any tables, figures, charts, diagrams, or images.\n</summary>"
    },
    "3": {
      "summary": "<summary>\nThis page focuses on \"Violation Statutes\" and outlines several federal offenses related to fraud and financial transactions. It cites Title 18 of the United States Code, detailing four specific sections:\n\n1. **Section 1341**: Prohibits placing or causing to be delivered by mail any matter intended to execute a scheme or artifice to defraud in interstate or foreign commerce.\n2. **Section 1343**: Prohibits transmitting or causing to be transmitted a wire communication intended to execute a scheme or artifice to defraud in interstate or foreign commerce.\n3. **Section 1956(a)(1)(B)(i)**: Makes it illegal to conduct or attempt to conduct a financial transaction involving the proceeds of unlawful activity, knowing that the transaction is designed to conceal or disguise the nature, location, source, ownership, or control of such proceeds.\n4. **Section 1957**: Prohibits knowingly engaging or attempting to engage in a monetary transaction involving the proceeds of unlawful activity.\n\nThe page does not contain any tables, figures, images, or other visual elements. It solely presents legal citations and explanations of the statutes.\n\n</summary>"
    },
    "4": {
      "summary": "<summary>\nThis page discusses the statutory basis for civil forfeiture under U.S. law. It outlines the legal provisions governing the forfeiture of property involved in or derived from specified unlawful activities. Specifically, it references Title 18, United States Code, Section 981(a)(1)(A), which allows for the forfeiture of any property, real or personal, involved in transactions violating certain federal laws (Sections 1956, 1957, or 1960). Additionally, Section 981(a)(1)(C) provides for the forfeiture of property derived from proceeds traceable to \"specified unlawful activity,\" as defined in Section 1956(c)(7). The page further explains that \"specified unlawful activity\" includes offenses listed in Title 18, United States Code, Section 161(1), such as Sections 1341, 1343, 1956, and 1957.\n\nThere are no tables, figures, images, or charts present on this page. The content is purely textual, focusing on legal citations and definitions related to civil forfeiture.\n</summary>"
    },
    "5": {
      "summary": "<summary>\nThis page provides background information on a related criminal investigation involving union corruption, commercial bribery, embezzlement, money laundering, and related offenses. It highlights the involvement of federal agencies such as the FBI, DOL, and IRS-CI in the investigation. The page then introduces relevant organizations and individuals, focusing on Fiat Chrysler Automobiles US LLC (FCA), which succeeded Chrysler Group LLC and manufactured vehicles under brands like Chrysler, Jeep, Dodge, and Ram. Alphons Iacobelli, FCA's Vice President for Employee Relations from 2008 to 2015, is identified as the lead representative for labor relations and responsible for managing FCA’s relationship with the UAW. Jerome Durden, an FCA Financial Analyst and member of the Corporate Accounting Department, is also mentioned.\n\nThere are no tables, figures, charts, diagrams, or images present on this page.\n</summary>"
    },
    "6": {
      "summary": "<summary>\nThis page provides background information about the United Automobile, Aerospace, and Agricultural Implement Workers of America (UAW) and its relationship with FCA (formerly Chrysler). It highlights the UAW's role as a labor organization representing non-managerial employees at numerous FCA locations in Michigan and across the United States. The text introduces UAW Vice President General Holiefield, who was responsible for negotiating collective bargaining agreements and resolving disputes between the UAW and FCA from 2008 to 2014. Additionally, it mentions Monica Morgan, who was Holiefield's girlfriend and later his spouse. The page also describes the UAW-Chrysler National Training Center (NTC), a tax-exempt corporation based in Detroit, Michigan, which functioned as a labor management committee under the Labor Management Relations Act. The NTC's stated purpose was to provide education, training, and retraining for workers.\n\nThere are no tables, figures, images, or other visual elements present on this page.\n\n</summary>"
    },
    "7": {
      "summary": "<summary>\nThe page discusses the governance structure of the NTC (likely referring to a Negotiated Training Center), collective bargaining agreements between FCA (Fiat Chrysler Automobiles) and the UAW (United Auto Workers), and the Labor Management Relations Act. \n\nParagraph 23 describes the Joint Activities Board as the governing body of the NTC, with representatives from FCA and UAW serving as chairmen. It mentions that Jacobelli and Holiefield were co-chairmen from 2008 through 2014, and Jerome Durden served as the controller of the NTC from 2008 through 2015.\n\nParagraph 24 introduces the collective bargaining agreements between FCA and the UAW, noting that negotiations occur approximately every four years to set wages, attendance policies, profit sharing, ratification bonuses, holidays, and other working conditions for FCA employees represented by the UAW.\n\nParagraph 25 highlights national negotiation sessions in 2011 and 2015 that resulted in ratified collective bargaining agreements covering tens of thousands of FCA employees represented by the UAW.\n\nParagraph 26 begins discussing the Labor Management Relations Act (Taft-Hartley Act), which prohibits employers and persons acting in the interest of employers from paying, lending, or delivering money to labor organizations under certain conditions.\n\nThere are no tables, figures, images, or charts present on this page.\n\n</summary>"
    },
    "8": {
      "summary": "<summary>\nThis page discusses provisions of the Labor Management Relations Act (LMRA) related to corruption in collective bargaining processes. Paragraphs 27 and 28 explain that the LMRA prohibits officers or employees of labor organizations representing employees from receiving money or anything of value from employers or persons acting on behalf of employers. This prohibition aims to combat corruption during collective bargaining when union representatives receive benefits from employers. Paragraphs 29 and 30 detail a criminal investigation revealing that FCA Vice President Iacobelli, FCA Financial Analyst Jerome Durden, and others conspired to unlawfully pay and deliver money and things of value to UAW officers and employees, including UAW Vice President Holiefield. They used NTC bank accounts and credit card accounts to facilitate these transactions, knowing it was illegal under the LMRA.\n\nThere are no tables, figures, images, or charts present on this page.\n</summary>"
    },
    "9": {
      "summary": "<summary>\nThe page discusses prohibited payments and embezzlement in a legal context. It details how individuals, including UAW Vice President General Holiefield and other senior UAW officials, received over $1.5 million in prohibited payments and things of value, such as personal travel, designer clothing, furniture, jewelry, custom-made items, and mortgage payments for Holiefield and Monica Morgan. Paragraph 31 outlines charges against Jacobelli, Durden, and others in Eastern District of Michigan, criminal case number 17-20406. Durden pleaded guilty to Conspiracy to Defraud the United States and Failure to File a Tax Return on August 8, 2017, while Jacobelli pleaded guilty to Conspiracy to Violate the Labor Management Relations Act and Subscribing a False Tax Return on January 23, 2018. The section titled \"Embezzlement of NTC Funds by Alphons Jacobelli\" (paragraph 32) explains that the defendant property is derived from the embezzlement of NTC funds and involves Wire Fraud, Mail Fraud, and money laundering. Evidence includes Jacobelli's misuse of NTC funds for personal enrichment, starting in September 2012, where he embezzled over $1.3 million for personal expenses, including purchasing an exotic sports car and using credit cards for personal expenses.\n\nThere are no tables, figures, charts, diagrams, or images present on this page.\n</summary>"
    },
    "10": {
      "summary": "<summary>\nThis page discusses allegations of financial misconduct involving NTC funds. It highlights that Jacobelli used NTC money to purchase two Mont Blanc pens valued at approximately $35,700 each. The page also mentions an October 21, 2016, proof of loss submitted by NTC to Traveler’s Insurance Company, claiming a loss of $1.8 million due to alleged employee dishonesty and theft. This claim includes $1,055,881 in personal credit card expenses incurred by Jacobelli and his family between 2010 and 2015. Durden is implicated in the misuse, as he provided agents with information about Jacobelli's embezzlement of hundreds of thousands of dollars in NTC funds. Durden confirmed receiving redacted credit card statements from Jacobelli and issued numerous NTC checks to pay for those charges. Additionally, the investigation revealed that NTC regularly made payments to credit card companies via U.S. mail or private express mail. Finally, the page notes that NTC bank records from April 17, 2015, showed a check dated May 14, 2014, payable to First Independence Bank.\n\nThere are no tables, figures, charts, diagrams, or images present on this page.\n</summary>"
    },
    "11": {
      "summary": "<summary>\nThe page discusses financial transactions related to a legal case. It begins by detailing a cashier's check transaction where a check was used to purchase another cashier's check, number 35918, dated May 14, 2014, made payable to Naples Motorsports (NMS) in the amount of $200,000. A service fee of $4.00 was charged for this transaction. Further investigation revealed that Iacobelli purchased a red 2013 Ferrari 458 Spider convertible from NMS for $339,995. The section then shifts focus to transactions involving Mont Blanc Pens. Bank records show that in September 2012, the NTC issued a check for $35,000 to Mont Blanc, followed by a second check in February 2013 for $40,684. Both checks were deposited into a Bank of America account, which agents believe are processed in Chicago, IL, based on training and experience.\n\nThere are no tables, figures, charts, diagrams, or images present on this page.\n</summary>"
    },
    "12": {
      "summary": "<summary>\nThe page discusses details related to an investigation involving Mont Blanc, a high-end manufacturing/retail chain specializing in writing instruments, leather goods, and watches. Records from Mont Blanc's parent company, Richemont, indicate that two checks from the NTC were used to purchase two limited edition pens commemorating Abraham Lincoln, each costing $35,700. As part of the investigation, the FBI reviewed receipts from the Mont Blanc store in Troy, Michigan. The first receipt, for $35,000, was issued on September 11, 2012, at 8:05 p.m., and the second receipt, for $40,684, was issued on February 14, 2013, at 3:27 p.m. Agents believe the first check was a deposit for the pens, while the second check paid the remaining balance when the pens were picked up. A January 31, 2013, article from WWD.com reported that Mont Blanc launched a limited-edition pen in February 2013 to coincide with the French release of the film \"Lincoln\" and President’s Day. This pen features the 36 state names forming the Confederacy during Abraham Lincoln's time, along with his birth and death dates and signature. The pen's clip displays Lincoln's portrait in gold and has a sapphire, while the nib is engraved with \"America's Signature for Freedom.\" Fifty pens were produced to echo the number of states in the U.S.\n\nThere are no tables, figures, charts, diagrams, or images present on this page.\n</summary>"
    },
    "13": {
      "summary": "<summary>\nThis page contains detailed information about the investigation into the purchase and possession of Mont Blanc pens by an individual named Jacobelli. It highlights that all Mont Blanc pens are manufactured in Hamburg, Germany, and specifies that the pens reserved by Jacobelli in September 2012 were shipped to a store in Troy, Michigan, in February 2013. Records from Richemont indicate that Jacobelli purchased two pens, each accompanied by a handmade leather-bound book commemorating a president and packed in a special box. These purchases were recorded using NTC funds. Additionally, an interview conducted on October 24, 2016, with a former co-worker of Jacobelli revealed that he bragged about carrying a $25,000 Mont Blanc pen, which he claimed was a gift from a neighbor who is a podiatrist. Open-source records show that Jacobelli lived near this podiatrist.\n\nThere are no tables, figures, charts, diagrams, or images present on this page.\n</summary>"
    },
    "14": {
      "summary": "<summary>\nThe page contains sections of a legal document related to a forfeiture case. It begins with a factual statement about an investigation involving a Lincoln commemorative Mont Blanc pen, where agents contacted an individual who claimed to have ordered the pen but stated that Jacobelli paid for it. The document then transitions into the \"CLAIM FOR RELIEF\" section, where the plaintiff re-alleges all previous allegations and asserts that the defendant property is forfeitable to the United States under specific federal statutes related to money laundering and violations of Title 18, U.S.C., Sections 981(a)(1)(A), (a)(1)(C), 1341, 1343, 1956, and 1957. Finally, the \"CONCLUSION AND RELIEF\" section requests that the court issue a warrant for the arrest of the defendant in rem, provide notice to interested parties, and enter judgment declaring the property forfeited to the United States for disposition according to law, along with costs and disbursements.\n\nThere are no tables, figures, charts, diagrams, or images present on this page.\n</summary>"
    },
    "15": {
      "summary": "<summary>\nThis page appears to be the closing section of a legal document, specifically a court filing in Case 2:18-cv-12857-DML-RSW. It includes a respectful submission statement followed by the signature block of Matthew Schneider, United States Attorney, and Adriana Dydell, Assistant United States Attorney. The document is dated September 13, 2018, and provides contact information for Adriana Dydell, including her address, phone number, email, and California Bar Number (239516).\n\nThere are no tables, figures, charts, or images present on this page. The primary focus is on the formal closing and contact details of the submitting attorneys.\n\n</summary>"
    },
    "16": {
      "summary": "<summary>\nThis page contains a **Verification** section from a legal document. It is signed by Marc Silski, a Special Agent of the Federal Bureau of Investigation (FBI). The verification states that Marc Silski has read the preceding Complaint for Forfeiture and affirms, under penalty of perjury, that the facts contained in the complaint are true to the best of his knowledge and belief, based on his own knowledge and/or information received from other law enforcement agents. The document is dated September 6, 2018, and includes Marc Silski's signature above his printed name and title.\n\nThere are no tables, figures, charts, diagrams, or images present on this page.\n\n</summary>"
    }
  }
}