{
  "doc_id": "379f44022bb27aa53efd5d322c7b57bf.pdf",
  "pages": {
    "1": {
      "summary": "<summary>\nThis page is an inspection report by the Care Quality Commission (CQC) for \"The Limes Residential Home,\" located at 43 Foreland Road, Bembridge, Isle of Wight. The inspection took place on July 7 and 10, 2015, and the report was published on October 5, 2015. The overall rating for the service is \"Inadequate.\" Key areas assessed include safety, effectiveness, care, responsiveness, and leadership, with \"Inadequate\" ratings for safety and effectiveness, and \"Requires improvement\" ratings for care, responsiveness, and leadership. The report highlights that the service is not safe, with issues related to medication management and safeguarding incidents. The home accommodates up to 32 people, with 28 residents at the time of inspection, some of whom have physical disabilities or dementia. The facility has three floors, accessible via a lift, and includes amenities such as a dining room, lounges, and a garden.\n\n<table_summary>\nThe table summarizes the ratings for various aspects of the service:\n- Overall rating: Inadequate\n- Is the service safe?: Inadequate\n- Is the service effective?: Inadequate\n- Is the service caring?: Requires improvement\n- Is the service responsive?: Requires improvement\n- Is the service well-led?: Requires improvement\n</table_summary>\n\n<image_summary>\nThere are no images or illustrations on this page. The page primarily consists of text and a table summarizing the ratings.\n</image_summary>\n</summary>"
    },
    "2": {
      "summary": "<summary>\nThis page presents a \"Summary of findings\" from an inspection report dated 05/10/2015 for The Limes Residential Home. The report highlights several areas of concern and commendation regarding the care provided at the facility. Key issues include insufficient staff availability, inadequate risk assessments, and a lack of adherence to proper procedures when dealing with complaints and protecting residents' rights. While staff were kind and attentive, they sometimes lacked respect in addressing residents or recording their needs. Food was plentiful and well-presented, meeting dietary requirements, but some residents lacked access to meaningful activities. Staff training and monitoring were found to be lacking, leading to outdated care plans and ineffective reviews. Additionally, there were instances of improper reporting of incidents and unlawful restraint, which violated the Health and Social Care Act 2008 (Regulated Activities) Regulations 2014. Positive aspects noted include a pleasant environment, responsive staff, and efforts to accommodate residents with dementia. Recommendations and actions taken by the provider are detailed in the full report.\n\nThere are no tables, figures, or images present on this page.\n</summary>"
    },
    "3": {
      "summary": "<summary>\nThis page presents a \"Summary of findings\" from an inspection report for a residential care service. It evaluates the service based on five key questions: safety, effectiveness, caring, responsiveness, and leadership. Each question is assessed with a rating of either \"Inadequate\" or \"Requires improvement,\" accompanied by detailed explanations of the issues identified.\n\nThe service was deemed **Inadequate** in terms of safety due to unsafe medication management, insufficient staffing during evenings and nights, unassessed risks to health and wellbeing, and inadequate handling of safeguarding incidents. Similarly, the service was also rated **Inadequate** for effectiveness because of outdated staff training, lack of monitoring, and unlawful restraint practices, despite some positive aspects like enjoyable food and safe outdoor spaces.\n\nFor the remaining three categories—caring, responsiveness, and leadership—the service received a rating of **Requires improvement**. Issues included disrespectful interactions, failure to address communication needs, inaccurate care records, delayed responses to complaints, and ineffective quality assurance processes. However, there were some positive notes, such as a friendly atmosphere and organized activities.\n\nThe report is dated **05/10/2015** and is titled \"The Limes Residential Home Inspection report.\"\n\n</summary>"
    },
    "4": {
      "summary": "<summary>\nThe page titled \"Summary of findings\" provides a brief overview of the key outcome from an inspection report dated 05/10/2015. The primary finding highlighted is that the registered manager was supportive to staff and available for advice and guidance. This indicates a positive assessment of the managerial role in fostering a supportive work environment.\n\nThere are no tables, figures, charts, diagrams, or images present on this page. The content is purely textual, focusing on summarizing the main observation from the inspection.\n\nThe page number at the bottom left corner indicates it is page 4 of the report, specifically related to \"The Limes Residential Home Inspection report.\"\n</summary>"
    },
    "5": {
      "summary": "<summary>\nThis page provides background information on an inspection conducted by the Care Quality Commission at The Limes Residential Home. The inspection was carried out under Section 60 of the Health and Social Care Act 2008 to assess compliance with legal requirements and regulations, evaluate service quality, and assign a rating under the Care Act 2014. The inspection took place on July 7 and 10, 2015, and was unannounced. It involved two inspectors and an expert by experience in elderly care. The team reviewed various records, observed staff interactions, and interviewed residents, relatives, and staff members, including the registered manager, deputy manager, administrator, care staff, cook, maintenance staff, and health professionals.\n\nThe inspection aimed to gather comprehensive insights into the service's operations, including care plans, staff duty records, recruitment files, complaints and incident records, medicine administration logs, meeting minutes, quality assurance records, and provider policies. This thorough approach ensured a detailed assessment of the home's adherence to regulatory standards and overall quality of care provided to residents.\n\nThere are no tables, figures, or images on this page. The focus is entirely on the textual description of the inspection process and its scope.\n</summary>"
    },
    "6": {
      "summary": "<summary>\nThis page from \"The Limes Residential Home Inspection report\" dated 05/10/2015 evaluates the safety of the service provided at the home. The findings indicate mixed results: while residents and their relatives reported feeling safe, there were significant concerns regarding abuse prevention, risk assessment, and staff adequacy. Despite positive feedback about the care and atmosphere, the report highlights several deficiencies in safeguarding policies and practices. For instance, injuries were not always investigated or recorded properly, and there was a lack of consistent action to mitigate risks such as falls and pressure injuries. Allegations of abuse were not taken seriously, and staffing levels were insufficient to meet residents' needs, especially during evenings and nights. These issues resulted in breaches of regulations under the Health and Social Care Act 2008 (Regulated Activities) Regulations 2014.\n\nThe page concludes by emphasizing the importance of addressing these shortcomings to ensure the health, safety, and wellbeing of the residents.\n\n<figure_summary>Figure 1: A red \"Inadequate\" label in the top-right corner visually indicates the overall rating of the service's safety based on the inspection findings.</figure_summary>\n\nNo other tables, images, or additional visual elements are present on this page.\n</summary>"
    },
    "7": {
      "summary": "<summary>\nThis page from \"The Limes Residential Home Inspection report\" dated 05/10/2015 evaluates the safety of the service provided at the facility. The report highlights several issues related to staffing levels, medicine management, and overall safety protocols. Staffing was found to be inadequate, as one staff member was left to manage 27 residents across three floors after assisting a resident who exited the building. This breach violated Regulation 18 of the Health and Social Care Act 2008 (Regulated Activities) Regulations 2014. Medicine management was also problematic; records of observation were missing for two out of four staff members checked, and competency checks only covered medication administration, not recording, stock-taking, or storage. Medication stocks were inaccurate, with discrepancies in inventory records. The home's medicines policy, while based on NICE guidance, lacked comprehensiveness, failing to address storage, administration, and recording of creams or PRN medications. Additionally, pain assessments were absent, leading to potential over-administration of pain relief. Despite these issues, staff followed safe procedures during medication administration, including using locked trolleys and respecting residents' privacy. The registered manager conducted thorough background checks on prospective staff, including employment history, criminal record checks, and references, ensuring suitability for working with older people.\n\n</summary>"
    },
    "8": {
      "summary": "<summary>\nThis page from \"The Limes Residential Home Inspection report\" dated 05/10/2015 evaluates the effectiveness of the service provided at the home. The findings highlight mixed feedback: residents and relatives praised the care, noting phrases like “I’m well looked-after” and “[my relative] gets absolutely brilliant care.” However, there were significant concerns regarding staff induction, training, supervision, and adherence to regulations.\n\nStaff induction was found to be inadequate, lacking assessments of new employees' work and clear training plans. Supervision was infrequent, and some staff had not received necessary updates in training, particularly in areas such as the Mental Capacity Act 2005 and Deprivation of Liberty Safeguards 2011. This failure to ensure proper induction, supervision, and training violated Regulation 18 of the Health and Social Care Act 2008 (Regulated Activities) Regulations 2014.\n\nAdditionally, the report identifies issues with the use of restraint. Contradictory policies existed—one prohibiting restraint entirely, while another allowed it under certain conditions. Staff described instances where physical restraint was used on individuals who lacked capacity, despite the absence of relevant information in care plans and risk assessments. This practice constituted a breach of Regulation 13 of the same act.\n\nFurthermore, there was a lack of understanding and application of the Mental Capacity Act (MCA) 2005 among staff, impacting decision-making processes for people with complex needs, including those showing signs of aggression or increased communication challenges due to dementia. Staff felt ill-prepared to support residents with escalating needs, indicating a gap in training and resources.\n\nOverall, the report concludes that while residents were generally satisfied, systemic failures in staff training, supervision, and compliance with legal requirements undermined the overall effectiveness of the service.\n</summary>"
    },
    "9": {
      "summary": "<summary>\nThis page from \"The Limes Residential Home Inspection report\" dated 05/10/2015 evaluates the effectiveness of the service provided at the facility. It highlights several areas of concern and improvement, including documentation of decision-making capacity, the use of bed rails, and adherence to regulations such as the Mental Capacity Act 2005 (MCA) and Deprivation of Liberty Safeguards (DoLS). The report notes that while some aspects of care were handled appropriately, such as meal provision and staff support during mealtimes, there were deficiencies in documenting consent for restrictive measures like bed rails. The Care Quality Commission (CQC) monitors DoLS compliance, but the report identifies a breach of regulation 11 due to inadequate implementation of the MCA code of practice. Additionally, the home has adapted its environment to support residents with dementia, featuring brightly colored handrails and lounge chairs, as well as sensory enhancements in the garden. Despite these adaptations, the overall assessment concludes that the service was deemed \"Inadequate,\" as indicated by the red label at the top of the page.\n\n<image_summary>The top of the page features a teal header with the question \"Is the service effective?\" prominently displayed. To the right, there is a red label with the word \"Inadequate,\" indicating the overall rating of the service.</image_summary>\n</summary>"
    },
    "10": {
      "summary": "<summary>\nThis page from \"The Limes Residential Home Inspection report\" dated 05/10/2015 evaluates the level of care provided by the service. The findings highlight mixed experiences: while residents generally felt cared for and respected, with positive comments about staff kindness and attentiveness, there were also instances where respect and dignity were not consistently upheld. For example, staff used terms like \"feeds,\" \"toileted,\" and \"commoded\" in records, which did not show respect for individuals' needs. Staff communication could have been improved, especially for those with hearing difficulties, as they did not always follow care plans that suggested writing things down in large letters. Additionally, staff failed to ensure all residents were invited to join activities, such as a birthday celebration, and did not always consider individual preferences, such as offering snacks or drinks to everyone in the lounge. The inspection noted a breach of regulation 10 of the Health and Social Care Act 2008 due to the failure to treat people with respect and dignity at all times. The report concludes with observations about end-of-life care not being adequately recorded or reviewed.\n\nThere are no tables, figures, or images on this page. The content is entirely textual, focusing on qualitative feedback and specific examples of both positive and negative aspects of the service.\n</summary>"
    },
    "11": {
      "summary": "<summary>\nThe page discusses the quality of care provided at a residential home, focusing on the level of independence and support offered to residents. It highlights the presence of a 'just in case' box containing items to manage symptoms effectively, though it notes the absence of an end-of-life care plan. Staff were observed promoting independence by discreetly assisting residents only when necessary, such as offering to cut food during meals. Adapted cutlery and crockery were used to enhance eating and drinking capabilities. The atmosphere was described as pleasant and jolly during mealtimes, with people engaging socially while being supported to join the dining room. Staff assisted unobtrusively and respected residents' privacy and choices, including staying in their rooms if preferred. Overall, residents appreciated the care, describing it as \"wonderful\" and \"couldn't be better.\"\n\n<figure_summary>Figure 1: A header section labeled \"Is the service caring?\" with a status indicator \"Requires improvement,\" suggesting areas for enhancement in the care service.</figure_summary>\n\nNo other tables, images, or figures are present on this page.\n</summary>"
    },
    "12": {
      "summary": "<summary>\nThe page discusses the responsiveness of a care service, focusing on findings related to resident satisfaction, activity records, staff awareness, and complaint handling. Residents generally enjoyed day trips and social activities like cream tea in the garden and barbecues, but some records showed a lack of diverse social activities. One individual's activity record highlighted limited engagement beyond basic care tasks like manicures and outings. Staff were aware of residents' needs but noted challenges in updating care plans and addressing emotional support. The report recommends researching best practices for meaningful activities for older people. Complaints policies were in place, but they lacked specificity regarding response times and escalation procedures. The failure to update care records effectively was identified as a breach of regulation 9 of the Health and Social Care Act 2008.\n\nNo tables, figures, or images are present on this page.\n</summary>"
    },
    "13": {
      "summary": "<summary>\nThis page from \"The Limes Residential Home Inspection report\" dated 05/10/2015 focuses on evaluating whether the service is well-led. The findings highlight mixed results regarding staff engagement, care record accuracy, and regulatory compliance. Residents and relatives were asked for feedback through surveys, with some expressing satisfaction but others noting issues. The registered manager emphasized monitoring quality through audits, but these were found to be limited in scope, particularly the medicines audit, which did not cover storage conditions or temperature checks. Care records were incomplete and outdated, failing to reflect current resident needs, such as changes in mobility or dietary requirements. This was identified as a breach of regulation 17 of the Health and Social Care Act 2008 (Regulated Activities) Regulations 2014. Additionally, the failure to notify CQC of notifiable incidents, including suspected abuse and pressure injuries, was noted as a breach of regulation 18 of the same act. Despite these shortcomings, positive feedback was received from residents and relatives regarding meals and general care, with some expressing gratitude for the support provided.\n\n<figure_summary>Figure 1: A header banner at the top of the page indicates that the service \"Requires improvement,\" signaling areas needing attention based on the inspection findings.</figure_summary>\n\nNo other tables, images, or detailed visuals are present on this page; the content is primarily textual, focusing on the inspection's observations and conclusions.\n</summary>"
    },
    "14": {
      "summary": "<summary>\nThe page discusses the leadership and management of a residential service, focusing on staff support, communication, and the use of facilities. Residents meetings were held twice a year, with the most recent one in January 2015, where the upgrading of the garden was discussed. Staff proposed increasing the use of the garden, which was primarily used by one independently mobile resident. Staff felt supported and had access to advice when needed, with the registered manager and deputy manager being available for assistance. Staff meetings were held regularly, with the most recent one in May 2015, acknowledging the hard work and stress faced by staff. One staff member expressed gratitude for opportunities to gain further qualifications. The overall assessment indicates areas requiring improvement in leadership.\n\n<figure_summary>Figure 1: A header section labeled \"Is the service well-led?\" with a status indicator showing \"Requires improvement\" accompanied by an orange circle.</figure_summary>\n</summary>"
    },
    "15": {
      "summary": "<summary>\nThis section of the document provides information for a care provider regarding areas where legal requirements were not met during an inspection. The provider has been asked to submit a report outlining the actions they will take to address these issues, and formal enforcement action will be deferred pending verification of compliance. The page lists four specific areas of concern related to the regulation of accommodation for persons requiring nursing or personal care.\n\n<table_summary>\nThe page contains multiple sections, each detailing a \"Regulated activity\" and corresponding \"Regulation.\" These sections highlight deficiencies in compliance with specific regulations under the HSCA (RA) Regulations 2014. Each section includes the relevant regulation number, a brief description of the issue, and the specific parts of the regulation that were not met.\n</table_summary>\n\n<figure_summary>\nThere are no figures, charts, or graphs present on this page. The information is conveyed entirely through text and structured tables.\n</figure_summary>\n\n<image_summary>\nThere are no images, illustrations, or photographs on this page. The content is purely textual and tabular.\n</image_summary>\n</summary>"
    },
    "16": {
      "summary": "<summary>\nThis section of the document outlines actions taken by the regulatory body regarding a provider's compliance issues. It focuses on two specific areas of concern related to the provider's regulated activity: \"Accommodation for persons who require nursing or personal care.\" The first issue pertains to Regulation 17 HSCA (RA) Regulations 2014, concerning good governance, where the provider failed to effectively assess, monitor, and improve the quality and safety of services. The second issue involves Regulation 18 CQC (Registration) Regulations 2009, specifically the notification of notifiable incidents, where the provider did not inform CQC about such incidents. Both sections detail the relevant regulations and the specific parts thereof that were violated.\n\n<table_summary>\nThe page does not contain a traditional table but rather uses a tabular-like format to organize information into two columns: \"Regulated activity\" and \"Regulation.\" This layout helps clearly associate each issue with its corresponding regulation and provides a structured overview of the provider's non-compliance areas.\n</table_summary>\n\n<figure_summary>\nThere are no figures, charts, or graphs present on this page. The content is entirely textual and organized in a tabular format for clarity.\n</figure_summary>\n\n<image_summary>\nThere are no images, illustrations, or photographs on this page. The content is purely textual and informational.\n</image_summary>\n</summary>"
    },
    "17": {
      "summary": "<summary>\nThis section provides detailed information about enforcement actions taken against a provider of care services, specifically focusing on issues related to the safeguarding and safe care of service users. The page outlines two instances where legal requirements were not met, leading to enforcement actions.\n\nThe first issue pertains to Regulation 13 HSCA (RA) Regulations 2014, which deals with safeguarding service users from abuse and improper treatment. The report highlights that people using the service were not adequately protected from abuse due to unreported and uninvestigated incidents, and they were subjected to unlawful restraint. As a result, a warning notice was issued, requiring compliance by 30 September 2015.\n\nThe second issue involves Regulation 12 HSCA (RA) Regulations 2014, concerning safe care and treatment. It states that service users did not receive safe care because risks to their health and wellbeing were not consistently assessed and managed, and medicines were not handled safely. Again, a warning notice was issued with the same deadline of 30 September 2015.\n\nBoth sections emphasize the importance of adhering to regulatory standards to ensure the safety and well-being of service users in residential care settings.\n\n</summary>"
    }
  }
}