{
  "doc_id": "7c3f6204b3241f142f0f8eb8e1fefe7a.pdf",
  "pages": {
    "1": {
      "summary": "<summary>\nThis page contains an excerpt from an unpublished opinion issued by the Superior Court of Delaware in the case of *Diane Hanson v. Delaware State Public Integrity Commission*. The case involves allegations against Diane Hanson, a Dewey Beach town commissioner, for violating the State Employees', Officers' and Officials' Code of Conduct when she voted in favor of an ordinance clarifying height limits in the Resort Business–1 (RB–1) zoning district. The background includes efforts by Dewey Beach Enterprises (DBE) to redevelop a commercial area called Ruddertowne, which led to litigation between DBE and Dewey Beach officials. The court's decision reverses the Delaware State Public Integrity Commission's (PIC) finding against Hanson, concluding that PIC's decision lacks substantial evidence and violates its own rules of procedure.\n\nThe page provides context about the Ruddertowne project, including its location near Rehoboth Bay, its size (2.36 acres), and the proposed development features such as a welcome center, hotel, condominium, and public amenities. It also mentions the legal proceedings initiated by DBE against Dewey Beach officials and the subsequent clarification ordinance passed by the town commissioners, which was challenged by a property owner and investigated by PIC.\n\nNo tables, figures, or images are present on this page. The focus is entirely on the textual content summarizing the legal dispute and the court's reasoning.\n\n</summary>"
    },
    "2": {
      "summary": "<summary>\nThis page discusses a legal case involving Dewey Beach and DBE (Dewey Beach Enterprises), focusing on zoning disputes and subsequent legal actions. The text outlines the rejection of an ordinance by the Planning & Zoning Commission and town commissioners in 2007, followed by DBE's submission of a building permit application for a mixed-use expansion project. The site plan was denied due to non-compliance with zoning requirements, leading to appeals through various courts. DBE eventually succeeded in overturning the decision regarding the minimum lot requirement. The page also describes the filing of a federal lawsuit by DBE and Ruddertowne Redevelopment, Inc. (RRI) against Dewey Beach and several individuals, alleging violations of due process, equal protection, regulatory taking, civil conspiracy, and other claims under federal law. The defendants filed motions to dismiss the complaint, arguing that DBE's claims were unripe, lacked merit, or failed to meet legal standards.\n\nNo tables, figures, images, or charts are present on this page. The content is entirely textual, consisting of detailed legal arguments and procedural history.\n</summary>"
    },
    "3": {
      "summary": "<summary>\nThis page discusses legal issues surrounding zoning regulations in Dewey Beach, Delaware, focusing on the interpretation of \"Relaxed bulk standards\" in the RB–1 zoning district. The text outlines various legal claims made by DBE (Dewey Beach Enterprises) against the Town of Dewey Beach, including constitutional property rights, regulatory takings, First Amendment claims, and equitable estoppel. The District Court dismissed some claims but allowed others to proceed. Key points include the adoption of the Clarifying Ordinance by Dewey Beach to address disputes over building height limits in the RB–1 district, which specifies that structures cannot exceed 35 feet in height. The ordinance was adopted retroactively to June 29, 2007, and was supported by three town commissioners, including Hanson. Additionally, the page mentions Joseph Nelson's complaint against Dewey Beach regarding its efforts to redevelop Ruddertowne under the Clarifying Ordinance.\n\nThe page does not contain any tables, figures, or images. It primarily consists of legal arguments, case citations, and references to relevant ordinances and court decisions.\n</summary>"
    },
    "4": {
      "summary": "<summary>\nThe page discusses a legal case involving allegations against an individual named Hanson, who is accused of violating the Code of Conduct by voting in favor of the Clarifying Ordinance. Nelson, the complainant, alleges that Hanson intentionally withheld information, failed to reveal conflicts of interest, and acted against the public trust. Supporting evidence includes a copy of the Clarifying Ordinance and emails between a State Representative and the State Director of Planning. The page also outlines the rules governing Public Integrity Commission (PIC) proceedings, detailing the process from filing a sworn complaint to the hearing stages. Key procedural steps include opening statements by the prosecutor and respondent, witness testimonies, cross-examinations, and closing arguments. The burden of proof lies with the prosecutor, requiring clear and convincing evidence. The PIC's decisions must be based on findings of fact and conclusions of law, with four members constituting a quorum for sanctions.\n\nNo tables, figures, images, or charts are present on this page.\n</summary>"
    },
    "5": {
      "summary": "<summary>\nThis page discusses the proceedings of the Professional Integrity Commission (PIC) against a public official named Hanson, focusing on allegations of violating the Code of Conduct. The section begins by outlining the PIC's rules regarding sanctions for violations and the rights of dissenting opinions. It then delves into Nelson's complaint against Hanson, which was filed on October 1, 2010. Despite the complaint not being properly sworn, PIC accepted it and proceeded with the case. On October 15, 2010, PIC met and voted to proceed against Hanson, issuing a Preliminary Decision on November 22, 2010. This decision found Hanson guilty of violating several sections of Delaware law due to her support of the Clarifying Ordinance, which benefited her rental properties and quality of life. Hanson filed multiple motions, including a Motion to Dismiss, but PIC denied them. The page also mentions a hearing held on March 15, 2011, where Hanson's attorney called several witnesses, including Hanson herself, to testify about the 35-foot height limit, rental properties, and quality of life issues. The PIC ultimately denied Hanson's Motion to Dismiss and issued a Final Disposition Opinion on May 13, 2011, based on various evidence, including articles, advertisements, maps, and tax records.\n\nThere are no tables, figures, or images present on this page. The content is purely textual, focusing on legal proceedings and the reasoning behind PIC's decisions.\n</summary>"
    },
    "6": {
      "summary": "<summary>\nThis page discusses various aspects of a legal case involving conflicts of interest related to municipal ordinances and personal interests. The main sections focus on the impact of the \"Clarifying Ordinance\" on different stakeholders, specifically Hanson's motivations and potential conflicts of interest when voting in favor of the ordinance. The page also outlines Hanson's arguments against the jurisdiction of the Public Integrity Commission (PIC) and its findings, as well as the standard of review applicable to appeals.\n\n### Key Points:\n- **Hanson's Motivations**: \n  - **Quality of Life**: Hanson was concerned about the large size of DBE's hotel structure, which she believed would increase traffic and congestion, negatively impacting her quality of life. The Clarifying Ordinance, by reducing the hotel's size, would minimize this impact.\n  - **Qualified Immunity Defense**: Hanson faced a lawsuit in a Federal Case, and the Clarifying Ordinance could help her qualified immunity defense, creating an impermissible conflict of interest.\n  - **Appearance of Improperly**: PIC argues that public awareness of Hanson's conflicts of interest would lead to perceptions of impropriety.\n\n- **Hanson's Arguments Against PIC**:\n  - PIC lacks jurisdiction to hear conflict-of-interest matters involving municipal officials.\n  - There is insufficient evidence in the record to support PIC's findings regarding the ordinance's benefits to Hanson's rental properties or her qualified immunity defense.\n  - PIC exceeded its statutory authority in finding that the ordinance improved Hanson's quality of life and helped her defense.\n  - PIC's decision reflects an appearance of impropriety.\n\n- **PIC's Jurisdiction**:\n  - Hanson argues that the Code of Conduct does not apply to town officers like herself, citing a conflict between the original scope of the Code and subsequent amendments extending it to municipalities.\n  - The Code of Conduct originally applied only to State employees, officers, and honorary officials, prohibiting them from participating in matters where they have a personal or private interest.\n\n- **Standard of Review**:\n  - The appeal standard requires substantial evidence supporting PIC's decision. Substantial evidence is defined as more than a mere scintilla but less than a preponderance of the evidence. The Court cannot re-weigh evidence or substitute its judgment for that of the agency.\n\n### Citations and References:\nThe page includes several citations to legal cases and statutes, such as *Consolo v. Fed. Mar. Comm'n*, *Breedin v. Contractors-One-Inc.*, *DiFilippo v. Beck*, and *Janaman v. New Castle County Bd. of Adjustment*. These references support the arguments and legal reasoning discussed.\n\n### Visual Elements:\nThere are no tables, figures, images, or charts present on this page. The content is entirely textual, consisting of legal analysis, arguments, and citations.\n\n</summary>"
    },
    "7": {
      "summary": "<summary>\nThis page discusses legal interpretations related to the Delaware Code of Conduct, focusing on its application to state employees, elected officials, and local jurisdictions. It explains how the definition of \"State employee\" includes anyone receiving compensation from a State agency, appointed members, directors, and school board members earning over $5,000 annually. The text clarifies that political subdivisions like towns are not excluded from the Code unless they have enacted their own code of conduct approved by the State Ethics Commission. The addition of § 5802(4) expanded the scope of the Code to include counties, municipalities, and towns that have not adopted their own codes by January 23, 1993. The page also references case law (Alexander v. Town of Cheswold) to support the interpretation of statutory intent. Additionally, it addresses a specific case involving Commissioner Hanson, where her rental properties in Dewey Beach are scrutinized for potential conflicts of interest regarding the redevelopment of Rudloftown, which could affect her rental income.\n\nThere are no tables, figures, or images on this page. The content is entirely textual, consisting of legal analysis, citations, and excerpts from statutes and court opinions.\n</summary>"
    },
    "8": {
      "summary": "<summary>\nThis page discusses a legal case involving a dispute between Hanson and DBE regarding competition in the rental market in Dewey Beach. The text analyzes statements made by Hanson in a Cape Gazette interview and her testimony at a hearing, questioning the reliability of her claims about competition between her properties and DBE's proposed hotel and condominium complex. The document critiques Nelson's letter and the Cape Gazette article, noting that they contain hearsay and unsworn statements, which are deemed unreliable. It also examines Hanson's testimony, pointing out that her claims about competition are unpersuasive due to lack of evidence and context. The page further discusses PIC's analysis of the rental market, concluding that it is overly simplistic and not supported by substantial evidence. Finally, the text provides a definition of competition, emphasizing that it requires more than just mutual existence in the marketplace.\n\nThere are no tables, figures, or images on this page. The focus is entirely on textual analysis and legal reasoning.\n</summary>"
    },
    "9": {
      "summary": "<summary>\nThis page discusses a legal case involving the analysis of rental properties and a proposed hotel in Dewey Beach. The text critiques PIC's (Public Integrity Commission) analysis, pointing out that it failed to consider crucial factors such as price, style, intended uses, target clientele, and distribution channels when comparing Hanson's rental properties to DBE's proposed hotel. The document highlights the significant differences between the two, including location, accessibility, and potential competition. It also mentions that PIC did not examine the prices or nature of the rentals, which are critical considerations. The page further argues that PIC's assumption that Hanson's properties and DBE's hotel would appeal to the same group of renters is unsupported by evidence. Additionally, it discusses the quality of life argument raised by Hanson, stating that PIC exceeded its authority in concluding that her vote was motivated by maintaining her quality of life. The text references several legal cases (FN29, FN30, FN31) to support its arguments.\n\nThere are no tables, figures, or images on this page. The content is purely textual, focusing on legal reasoning and evidence analysis.\n</summary>"
    },
    "10": {
      "summary": "<summary>\nThis page discusses a legal case involving a conflict of interest claim against an individual named Hanson, who was accused of violating regulations due to her personal benefit from a decision she made. The document analyzes the reasoning behind the Public Integrity Commission's (PIC) findings, which concluded that Hanson had a conflict of interest based on her actions related to the \"Clarifying Ordinance.\" The ordinance in question aimed to set a height limit at 35 feet, benefiting Hanson personally by providing a defense to a lawsuit against her. However, the PIC did not initially raise this issue in its preliminary findings, leading to criticism about the timing and process of its investigation. The page also delves into Hanson's qualified immunity defense, arguing that PIC's findings lack substantial evidence to support the claim that she acted with personal interest. Key elements of PIC's findings include Hanson's personal risk for damages, the undisclosed purpose of the ordinance, and the potential benefits to her qualified immunity defense. The document critiques PIC's reasoning, stating that there is insufficient evidence to support the conclusion that Hanson was at personal risk or that her actions were motivated by personal gain.\n\nNo tables, figures, charts, diagrams, or images are present on this page.\n</summary>"
    },
    "11": {
      "summary": "<summary>\nThis page discusses legal proceedings related to the \"Clarifying Ordinance\" in Dewey Beach, Delaware, focusing on its purpose and implications in a federal case involving Mayor Hanson and other defendants. The text analyzes whether the ordinance was intended to benefit Dewey Beach or provide personal assistance to the individual defendants. It highlights the testimony of Mandalas, Dewey Beach's attorney, who explained the dual purposes of the ordinance: clarifying bulk standards and aiding Dewey Beach in litigation. The section also addresses PIC's findings regarding potential conflicts of interest and the advice provided by Walton, Hanson's attorney, emphasizing that there is no substantial evidence to support claims that Walton advised Hanson that the ordinance would directly help her defense. The page includes excerpts from testimonies and discussions about the adoption of the ordinance, with references to specific sections of Dewey Beach law and footnotes for further context.\n\nThere are no tables, figures, charts, diagrams, or images present on this page. The content is entirely textual, consisting of legal analysis, citations, and direct quotes from testimonies.\n</summary>"
    },
    "12": {
      "summary": "<summary>\nThe page discusses a legal case involving the interpretation of the \"Clarifying Ordinance\" and its impact on qualified immunity defense. The text critiques PIC's conclusion that Hanson was aware of the ordinance's purpose and potential personal benefit, arguing that Walton's testimony does not support this finding. It emphasizes the importance of determining whether Walton informed Hanson about the ordinance's effect on her qualified immunity defense, as this is crucial to establishing a conflict of interest. The page also delves into the legal principles surrounding declaratory statutes, explaining their nature and limitations, particularly regarding retroactive application. The section titled \"4. The Clarifying Ordinance\" argues against PIC's finding that the ordinance would have been accepted, citing the lack of substantial evidence and the general reluctance to give such ordinances retroactive effect.\n\nThere are no tables, figures, or images on this page. The content is entirely textual, focusing on legal reasoning and analysis supported by footnotes referencing legal authorities and precedents.\n\n<figure_summary>None.</figure_summary>\n\n<table_summary>None.</table_summary>\n\n<image_summary>None.</image_summary>\n</summary>"
    },
    "13": {
      "summary": "<summary>\nThis page discusses legal arguments related to qualified immunity in the context of municipal employees and zoning ordinances. It critiques the reasoning behind the Clarifying Ordinance's potential impact on a defendant named Hanson's qualified immunity defense. The text emphasizes that there was insufficient evidence or analysis to support the claim that the ordinance would have helped Hanson. The page also outlines the principles of qualified immunity, noting that it protects public officials from liability when they act reasonably, even if their actions later turn out to be incorrect. The discussion includes references to relevant case law, such as *Pearson v. Callahan* and *Harlow v. Fitzgerald*, which establish the criteria for determining whether an official's conduct was reasonable under the circumstances. Additionally, the text highlights the distinction between ministerial and discretionary acts, explaining that qualified immunity applies primarily to discretionary acts involving judgment.\n\nThe page does not contain any tables, figures, or images. Instead, it relies heavily on footnotes and citations to support its legal arguments and provide context for the discussion of qualified immunity and municipal liability.\n\n</summary>"
    },
    "14": {
      "summary": "<summary>\nThis page discusses a legal case involving Mayor Hanson's actions regarding a \"Concept Plan\" and her voting behavior in relation to a \"Clarifying Ordinance.\" The text analyzes whether her actions constituted ministerial acts or created an appearance of impropriety. It highlights contradictions in her statements about voting against structures exceeding 35 feet, citing evidence from executive sessions where she voted in favor of a mutual release agreement allowing a height of 45.67 feet. The page also delves into PIC's findings that Hanson's conduct raised suspicions of violating the public trust due to conflicts of interest arising from her rental properties, personal gain, and quality-of-life concerns. The discussion includes excerpts from an exchange between PIC's legal counsel and Mandalas, clarifying the voting process for the mutual agreement and release. The author concludes that PIC's findings regarding the appearance of impropriety must be reversed due to insufficient evidence supporting the conflict-of-interest claims.\n\nThere are no tables, figures, charts, diagrams, or images present on this page. The content is entirely textual, focusing on legal arguments, evidence, and reasoning.\n</summary>"
    },
    "15": {
      "summary": "<summary>\nThis page contains the concluding section of a legal document, specifically a court decision from the Delaware Superior Court in 2012. The document discusses a case involving Hanson's vote on the Clarifying Ordinance, which was related to her rental properties competing with DBE's hotel and improving her legal defenses in a Federal Case. The court highlights two interpretations of Hanson's motivation for voting: one supporting her business interests and the other opposing a tall building project in Dewey Beach. The Public Integrity Commission (PIC) supported the former view, but the court concludes that this choice is not supported by substantial evidence in the record. As a result, the decision of the Delaware State Public Integrity Commission is reversed, and the order is finalized with \"IT IS SO ORDERED.\"\n\nThere are no tables, figures, images, or charts present on this page. The content is purely textual, focusing on the legal reasoning and conclusion of the case.\n</summary>"
    }
  }
}