{
  "doc_id": "936c0e2c2e6c8e0c07c51bfaf7fd0a83.pdf",
  "pages": {
    "1": {
      "summary": "<summary>\nThis page is part of Exhibit 300, titled \"Capital Asset Plan and Business Case Summary,\" which focuses on the Integrated Personnel Management System (IPMS). It provides an overview of the project, including submission details, agency information, and justification for the investment. The IPMS is described as a multi-year, mixed-lifecycle program aimed at enhancing human capital management for the Department of State (DoS), aligning with its diplomatic mission and supporting various strategic initiatives. Key objectives include upgrading HR technology, unifying hardware platforms, eliminating redundant processes, and ensuring compliance with regulations. The system integrates four main components: GEMS, KC, PS, and HROnline, promoting data integrity, efficiency, and employee empowerment through online workflows. The IPMS utilizes a shared services approach and service-oriented architecture (SOA) to improve cross-bureau and cross-agency information sharing. The document also outlines approval processes, cost-effectiveness, and environmental sustainability considerations, confirming that the project supports one of the President's Management Agenda goals.\n\nThere are no tables, figures, or images on this page. The content is entirely textual, focusing on providing detailed information about the IPMS project and its alignment with organizational goals.\n</summary>"
    },
    "2": {
      "summary": "<summary>\nThis page is part of Exhibit 300, which focuses on the Integrated Personnel Management System (IPMS) (Revision 6). It contains a series of questions aimed at evaluating an investment in IT infrastructure, specifically related to personnel management. The questions cover various aspects such as alignment with strategic initiatives, support for programs assessed using the Program Assessment Rating Tool (PART), and compliance with financial management systems. For IT investments, additional questions delve into project levels, project manager qualifications, risk assessments, and compliance with federal regulations.\n\nThe page also introduces **Section D: Performance Information (All Capital Assets)**, emphasizing the need for performance goals linked to the agency's mission and strategic objectives. These goals must include measurable indicators that align with the investment's expected benefits, such as improved efficiency or increased citizen participation. Agencies are required to use the Federal Enterprise Architecture (FEA) Performance Reference Model (PRM) to report performance measures, ensuring at least one indicator per measurement area.\n\nAt the bottom of the page, there is a **Performance Information Table** that provides an example of how performance data should be reported. This table includes columns for fiscal year, strategic goal(s) supported, measurement area, measurement category, measurement grouping, measurement indicator, baseline, target, and actual results. An example entry for fiscal year 2005 is provided, showing a focus on strengthening customer-related metrics, with a baseline of 80% IPMS users and a target to increase this to 82%.\n\n</summary>"
    },
    "3": {
      "summary": "<summary>\nThis page presents the \"Performance Information Table\" for the Integrated Personnel Management System (IPMS), focusing on performance metrics related to strengthening consular and management capabilities over fiscal years 2005, 2006, and 2007. The table outlines various strategic goals, measurement areas, categories, groupings, indicators, baselines, targets, and actual results achieved. Key performance areas include customer results, mission and business results, processes and activities, and technology, with measurements covering satisfaction, availability, response time, organization and position management, cycle time, quality, and reliability.\n\n<table_summary>\nThe table is organized into columns for Fiscal Year, Strategic Goal(s) Supported, Measurement Area, Measurement Category, Measurement Grouping, Measurement Indicator, Baseline, Target, and Actual Results. It provides detailed data for each fiscal year, showing how the IPMS system performed against set targets in different areas such as service accessibility, timeliness, human resource management, and HRM services availability. For example, in 2005, the target was to increase the number of Employee Self-Service Functions from 5 to 7, which was achieved by increasing it to 8. Similarly, in 2007, the goal was to increase user satisfaction from 82% to 85%, which was exceeded with a result of 90%.\n</table_summary>\n\n<figure_summary>\nThere are no figures, charts, or graphs on this page. The entire content is presented in tabular format.\n</figure_summary>\n\n<image_summary>\nThere are no images, illustrations, or photographs on this page. The content is purely textual and tabular.\n</image_summary>\n</summary>"
    },
    "4": {
      "summary": "<summary>\nThis page presents a \"Performance Information Table\" from Exhibit 300, which focuses on the Integrated Personnel Management System (IPMS). The table outlines performance metrics for fiscal years 2007 and 2008, aligned with the strategic goal of \"Strengthening Consular and Management Capabilities.\" It details various measurement areas, categories, groupings, indicators, baselines, targets, and actual results. The measurements cover aspects such as customer results, mission and business results, processes and activities, and technology, with specific focus on service accessibility, timeliness, human resource management, cycle time, quality, and system availability/efficiency.\n\n<table_summary>\nThe table is organized into columns for Fiscal Year, Strategic Goal(s) Supported, Measurement Area, Measurement Category, Measurement Grouping, Measurement Indicator, Baseline, Target, and Actual Results. Each row corresponds to a specific performance metric, providing detailed information about the baseline values, target goals, and actual outcomes achieved. For example, in 2007, the number of employee self-service functions increased from 8 to 9, meeting the target. Similarly, HR Help Desk response time decreased from 45 minutes to 40 minutes, also meeting the target. In 2008, some metrics show planned improvements, such as increasing the number of employee self-service functions to 10 and reducing HR Help Desk response time to 35 minutes, though actual results for 2008 are noted as pending collection after the fiscal year's end.\n</table_summary>\n\n<figure_summary>\nThere are no figures, charts, or graphs on this page. The entire content is presented in tabular format.\n</figure_summary>\n\n<image_summary>\nThere are no images, illustrations, or photographs on this page. The content is purely textual and tabular.\n</image_summary>\n</summary>"
    },
    "5": {
      "summary": "<summary>\nThis page is part of Exhibit 300, which focuses on the Integrated Personnel Management System (IPMS) and includes sections related to performance information, security and privacy, enterprise architecture, and service component reference modeling. \n\nThe **Performance Information Table** at the top outlines the strategic goal of strengthening consular and management capabilities in 2008, focusing on technology reliability and availability. It tracks the number of HRM services under the IPMS program, with a baseline of 69 services and a target to increase to 70 by the end of the fiscal year. Actual results will be collected after the fiscal year concludes.\n\nSection E, titled **Security and Privacy (IT Capital Assets only)**, provides a table detailing planning and operational systems along with their privacy-related information. The table lists four systems: Gateway to State (GTS), HR NET, IPMS, and Personnel Reporting and Statistics (PRAS). For each system, it indicates whether it is new, whether a Privacy Impact Assessment (PIA) exists, and whether a System of Records Notice (SORN) is required. Links to publicly posted PIAs and SORNs are provided where applicable.\n\nSection F, **Enterprise Architecture (EA) (IT Capital Assets only)**, discusses the integration of investments into the agency's Enterprise Architecture (EA) and Capital Planning and Investment Control (CPIC) process. It confirms that the investment (IPMS) is included in the target enterprise architecture and EA Transition Strategy, referencing the most recent annual EA Assessment.\n\nAt the bottom, the **Service Component Reference Model (SRM) Table** identifies service components funded by this major IT investment. It specifies \"Data Exchange\" as an agency component, categorized under the \"Back Office Services\" domain and \"Data Management\" type. The table also notes that no reuse of internal or external components occurred, and the funding percentage is 1%.\n\n<table_summary>\n**Performance Information Table**: Tracks the progress of strengthening consular and management capabilities through technology reliability and availability, focusing on the number of HRM services under the IPMS program.\n</table_summary>\n\n<table_summary>\n**Planning & Operational Systems - Privacy Table**: Lists four IT systems (GTS, HR NET, IPMS, PRAS) and provides details on their privacy impact assessments (PIAs), system of records notices (SORNs), and associated links.\n</table_summary>\n\n<table_summary>\n**Service Component Reference Model (SRM) Table**: Identifies the \"Data Exchange\" service component, its domain, type, and funding details, indicating no reuse of internal or external components.\n</table_summary>\n</summary>"
    },
    "6": {
      "summary": "<summary>\nThis page presents Exhibit 300, titled \"Integrated Personnel Management System (IPMS) (Revision 6),\" which focuses on identifying service components funded by this major IT investment using the Service Component Reference Model (SRM). The exhibit provides a detailed table outlining various agency components, their descriptions, and their alignment with FEA SRM domains, types, and components. Each row in the table corresponds to a specific service component, detailing its name, description, associated FEA SRM domain and type, whether it is reused, and the funding percentage allocated to it. The table also includes notes on whether the service component is reused internally or externally.\n\n<table_summary>\nThe table is structured with columns for:\n- **Agency Component Name**: Lists the names of the service components (e.g., Data Mart, Data Warehouse).\n- **Agency Component Description**: Provides a brief explanation of each component's capabilities and how IPMS supports them.\n- **FEA SRM Service Domain**: Indicates the domain under which the component falls (e.g., Back Office Services).\n- **FEA SRM Service Type**: Specifies the type of service (e.g., Data Management, Development and Integration).\n- **FEA SRM Component (a)**: Identifies the specific FEA SRM component.\n- **Service Component Reused Name (b)**: Indicates if the component is reused and its name if applicable.\n- **Service Component Reused UPI (b)**: Provides the Unique Project Identifier (UPI) for reused components.\n- **Internal or External Reuse? (c)**: Specifies whether the reuse is internal or external.\n- **BY Funding Percentage (d)**: Indicates the funding percentage allocated to each component.\n\nEach row corresponds to a different service component, such as Data Mart, Data Warehouse, Extraction and Transformation, etc., providing a comprehensive breakdown of their roles and funding details.\n</table_summary>\n\n<figure_summary>\nThere are no standalone figures or charts on this page. The primary visual element is the table itself, which serves as the central focus for presenting the data.\n</figure_summary>\n\n<image_summary>\nThere are no images, photographs, or illustrations present on this page. The content is entirely textual and tabular.\n</image_summary>\n</summary>"
    },
    "7": {
      "summary": "<summary>\nThis page presents Exhibit 300, titled \"Integrated Personnel Management System (IPMS) (Revision 6),\" which focuses on the Service Component Reference Model (SRM) Table. The table outlines various service components funded by this major IT investment, detailing their descriptions, FEA SRM domains, types, reused names, UPIs, reuse status (internal or external), and funding percentages. Each row corresponds to a specific agency component, such as Instrumentation and Testing, Software Development, Resource Planning and Allocation, and Skills Management, providing insights into how IPMS supports these capabilities using tools like Microsoft BizTalk, Mercury Interactive, .NET, Java, ColdFusion, PeopleSoft 8.8, GEMS/PeopleSoft 8.8, Post Personnel, and FSBid.\n\n<table_summary>\nThe table is structured with columns for:\n- **Agency Component Name**: Identifies the specific service component.\n- **Agency Component Description**: Explains the capabilities supported by each component.\n- **FEA SRM Service Domain**: Indicates the domain under the Federal Enterprise Architecture (FEA) SRM framework.\n- **FEA SRM Service Type**: Specifies the type of service provided.\n- **FEA SRM Component (a)**: Lists the component name within the FEA SRM framework.\n- **Service Component Reused Name (b)**: Indicates if the component is reused and its name.\n- **Service Component Reused UPI (b)**: Provides the Unique Project Identifier (UPI) for reused components.\n- **Internal or External Reuse? (c)**: Specifies whether the reuse is internal or external.\n- **BY Funding Percentage (d)**: Shows the percentage of funding allocated to each component.\n\nEach row provides detailed information about a specific service component, including the tools used (e.g., Microsoft BizTalk, Mercury Interactive, .NET, Java, ColdFusion, PeopleSoft 8.8, GEMS/PeopleSoft 8.8, Post Personnel, FSBid) and the associated funding percentages.\n</table_summary>\n\n<figure_summary>\nThere are no figures, charts, or diagrams present on this page. The content is entirely tabular and textual.\n</figure_summary>\n\n<image_summary>\nThere are no images, photographs, or illustrations present on this page. The content is purely textual and tabular.\n</image_summary>\n</summary>"
    },
    "8": {
      "summary": "<summary>\nThis page presents Exhibit 300, titled \"Integrated Personnel Management System (IPMS) (Revision 6),\" which focuses on identifying service components funded by this major IT investment. The primary content is a detailed table (Service Component Reference Model, or SRM Table) that categorizes various agency components related to human capital and workforce management. Each row in the table corresponds to a specific service component, detailing its name, description, FEA SRM domain, service type, reused component name, reused UPI, internal/external reuse status, and funding percentage. The table includes entries for Team/Org Management, Workforce Acquisition/Optimization, Awards Management, and Benefit Management, among others. Each entry specifies whether the component is reused internally or externally and indicates a funding percentage of 100% for all listed components.\n\n<table_summary>\nThe table is structured with columns for Agency Component Name, Agency Component Description, FEA SRM Service Domain, FEA SRM Service Type, FEA SRM Component Reused Name, Service Component Reused UPI, Internal or External Reuse, and BY Funding Percentage. It provides a systematic breakdown of how the IPMS system supports various human resource functions, such as team/org management, workforce acquisition, awards management, and benefit management. The table also notes the software tools used (e.g., GEMS/PeopleSoft 8.8 for domestic personnel and Post Personnel and FSBid for overseas foreign service personnel).\n</table_summary>\n\n<figure_summary>\nThere are no explicit figures, charts, or graphs on this page. The primary visual element is the tabular data, which serves as the central focus for conveying information about the service components and their funding details.\n</figure_summary>\n\n<image_summary>\nThere are no images, photographs, or illustrations present on this page. The content is entirely text-based, consisting of the title, instructions, and the detailed SRM table.\n</image_summary>\n</summary>"
    },
    "9": {
      "summary": "<summary>\nThis page presents Exhibit 300, which is part of the Integrated Personnel Management System (IPMS) document (Revision 6). It focuses on the Service Component Reference Model (SRM) Table, detailing the service components funded by this major IT investment. The table categorizes various human resources-related services under the \"Back Office Services\" domain, including Career Development and Retention, Education/Training, Health and Safety, Personnel Administration, and Recruiting. Each service component is described in terms of its capabilities, the software used (GEMS/PeopleSoft 8.8), and whether it involves internal or external reuse. Funding percentages are also provided for each component.\n\n<table_summary>\nThe table is structured with columns for Agency Component Name, Agency Component Description, FEA SRM Service Domain, FEA SRM Service Type, FEA SRM Component, Service Component Reused Name, Service Component Reused UPI, Internal or External Reuse, and BY Funding Percentage. Rows detail specific service components such as Career Development and Retention, Education/Training, Health and Safety, Personnel Administration, and Recruiting. All listed components fall under the \"Back Office Services\" domain and the \"Human Resources\" service type. None of the components indicate reuse, and funding percentages range from 1% to 3%.\n</table_summary>\n\n<figure_summary>\nThere are no figures, charts, or diagrams on this page. The content is entirely tabular and textual.\n</figure_summary>\n\n<image_summary>\nThere are no images, photographs, or illustrations on this page. The content is purely textual and tabular.\n</image_summary>\n</summary>"
    },
    "10": {
      "summary": "<summary>\nThis page presents Exhibit 300, titled \"Integrated Personnel Management System (IPMS) (Revision 6),\" which focuses on the Service Component Reference Model (SRM) Table. The table outlines various service components funded by this major IT investment, detailing their agency component names, descriptions, FEA SRM domains, types, and components. It also includes information about whether the service components were reused, their UPIs, and the funding percentage allocated to each component. The table provides insights into how IPMS supports different human resources and business analytical services, such as resume management, retirement management, ad hoc reporting, OLAP analysis, standardized canned reports, and program/project management.\n\n<table_summary>\nThe table is structured with columns for:\n- **Agency Component Name**: Lists the name of the service component (e.g., Resume Management, Retirement Management).\n- **Agency Component Description**: Provides a brief explanation of the capabilities supported by each component.\n- **FEA SRM Service Domain**: Indicates the domain under which the service falls (e.g., Back Office Services, Business Analytical Services).\n- **FEA SRM Service Type**: Specifies the type of service (e.g., Human Resources, Reporting).\n- **FEA SRM Component (a)**: Details the specific component within the service type.\n- **Service Component Reused Name (b)**: Indicates if the component was reused and its name.\n- **Service Component Reused UPI (b)**: Provides the Unique Project Identifier (UPI) for reused components.\n- **Internal or External Reuse? (c)**: Specifies whether the reuse was internal or external.\n- **BY Funding Percentage (d)**: Shows the funding percentage allocated to each component.\n\nEach row corresponds to a specific service component, providing a comprehensive breakdown of its role and associated details.\n</table_summary>\n\n<figure_summary>\nThere are no figures, charts, or graphs present on this page. The primary visual element is the detailed table summarizing the service components.\n</figure_summary>\n\n<image_summary>\nThere are no images, photographs, or illustrations present on this page. The content is entirely textual and tabular.\n</image_summary>\n</summary>"
    },
    "11": {
      "summary": "<summary>\nThis page presents Exhibit 300, titled \"Integrated Personnel Management System (IPMS) (Revision 6),\" which focuses on identifying service components funded by this major IT investment. The exhibit uses a detailed table to categorize and describe various agency components, their corresponding FEA SRM (Federal Enterprise Architecture Service Reference Model) domains, types, and components. Each row in the table represents a different service component, detailing its name, description, FEA SRM classification, reuse status, and funding percentage. The table aims to provide a structured overview of how the IPMS system integrates various management, organizational, customer, and knowledge-related services.\n\n<table_summary>\nThe table is organized into several columns:\n- **Agency Component Name**: Lists the names of the service components (e.g., Management, Organizational Management, Assistance Request).\n- **Agency Component Description**: Provides a brief explanation of each component's function.\n- **FEA SRM Service Domain**: Indicates the domain under which the service falls (e.g., Management Services, Business Management Services, Customer Services).\n- **FEA SRM Service Type**: Specifies the type of service (e.g., Processes, Organizational Management, Knowledge Management).\n- **FEA SRM Component (a)**: Identifies the specific component within the service type (e.g., Project Management, Workgroup/Groupware, Customer Initiated Assistance).\n- **Service Component Reused Name (b)**: Indicates if the component is reused and provides its name if applicable.\n- **Service Component Reused UPI (b)**: Lists the Unique Project Identifier (UPI) for reused components.\n- **Internal or External Reuse? (c)**: Specifies whether the reuse is internal or external.\n- **BY Funding Percentage (d)**: Indicates the funding percentage allocated to each component.\n\nEach row corresponds to a specific service component, providing a comprehensive breakdown of its role and classification within the IPMS framework.\n</table_summary>\n\n<figure_summary>\nThere are no standalone figures, charts, or diagrams on this page. The primary visual element is the table itself, which serves as the central focus for presenting the data.\n</figure_summary>\n\n<image_summary>\nThere are no images, photographs, or illustrations present on this page. The content is entirely text-based, relying on the table to convey information.\n</image_summary>\n</summary>"
    },
    "12": {
      "summary": "<summary>\nThis page is part of Exhibit 300, which focuses on the Integrated Personnel Management System (IPMS) and its Service Component Reference Model (SRM) and Technical Reference Model (TRM). The primary content includes two detailed tables: one for the SRM and another for the TRM. The SRM table outlines service components funded by this IT investment, detailing agency components, FEA SRM domains, types, reused components, UPIs, reuse categories (internal/external), and funding percentages. The TRM table aligns the IT investment with the FEA TRM, listing service areas, categories, standards, and specifications used in the system. Instructions are provided for identifying new or reused components, specifying internal vs. external reuse, and calculating funding percentages.\n\n<table_summary>\n**Table 1 (Service Component Reference Model Table):** This table lists service components related to the IPMS, including agency component names, FEA SRM service domains and types, reused components, UPIs, internal/external reuse indicators, and BY funding percentages. It provides guidance on identifying whether components are new or reused, along with their funding allocation.\n</table_summary>\n\n<figure_summary>\n**Table 2 (Technical Reference Model Table):** This table demonstrates how the IPMS aligns with the FEA TRM. It lists FEA SRM components, corresponding FEA TRM service areas, categories, standards, and service specifications (e.g., Microsoft VB Script, Oracle ODBC, SSL). This table highlights the technical frameworks and tools used in the system.\n</figure_summary>\n\nThe page also includes explanatory notes on how to fill out the SRM table, such as distinguishing between \"NEW\" and reused components, identifying internal vs. external reuse, and calculating funding percentages. These instructions ensure consistency and clarity in documenting the IT investment's components and their alignment with federal standards.\n</summary>"
    },
    "13": {
      "summary": "<summary>\nThis page presents Exhibit 300, which is part of the Integrated Personnel Management System (IPMS) document (Revision 6). The primary focus is on demonstrating how this IT investment aligns with the Federal Enterprise Architecture (FEA) Technical Reference Model (TRM). The page contains a detailed table that lists various FEA TRM components, service areas, categories, standards, and service specifications supporting the IPMS. The table is organized into five columns: FEA SRM Component, FEA TRM Service Area, FEA TRM Service Category, FEA TRM Service Standard, and Service Specification (b).\n\n<table_summary>\nThe table provides a comprehensive breakdown of how different aspects of the IPMS align with the FEA TRM. It covers various service areas such as \"Service Access and Delivery,\" \"Service Interface and Integration,\" \"Service Platform and Infrastructure,\" and more. Each row specifies an FEA SRM component (e.g., Information Sharing, Identification and Authentication, Instrumentation and Testing), along with its corresponding service area, category, standard, and service specification. For example, under \"Information Sharing,\" it lists service requirements like Hosting, Privacy, Security, and Web Content Accessibility, as well as service transport protocols like Electronic Mail and Internet Protocol. The table also includes hardware and infrastructure components such as Hard Disk Drive, Microprocessor, Ethernet, and Dell/Compaq Enterprise Server.\n</table_summary>\n\nThe table effectively maps out the technical alignment between the IPMS and the FEA TRM, ensuring compliance with legislative and compliance standards while detailing the specific technologies and vendors used in each service area. This alignment is crucial for demonstrating the system's adherence to federal architecture guidelines and best practices.\n</summary>"
    },
    "14": {
      "summary": "<summary>\nThis page is part of Exhibit 300, which focuses on the Integrated Personnel Management System (IPMS) and its alignment with the Federal Enterprise Architecture (FEA) Technical Reference Model (TRM). The primary content includes a detailed table mapping FEA SRM Components to corresponding Service Areas, Categories, Standards, and Service Specifications. Additionally, there is a section discussing risk management for capital assets, including questions about the existence and updates of a Risk Management Plan.\n\n<table_summary>\nThe table titled \"Technical Reference Model (TRM) Table\" lists various FEA SRM Components such as \"System Resource Monitoring,\" \"Software Development,\" and \"Instrumentation and Testing.\" Each component is associated with specific Service Areas (e.g., \"Service Platform and Infrastructure\"), Service Categories (e.g., \"Hardware/Infrastructure,\" \"Software Engineering\"), Service Standards (e.g., \"Video Conferencing,\" \"Test Management\"), and Service Specifications (e.g., \"Hoppman Communications Receiver,\" \"Mercury Interactive Functional Testing\"). This table demonstrates how the IPMS aligns with the FEA TRM by detailing the technical standards and vendor products used.\n</table_summary>\n\nThe page also includes instructions for entering multiple rows for FEA SRM Components supported by multiple TRM Service Specifications and specifies that agencies should provide vendor product names and model/version numbers in the Service Specification field.\n\nFurther down, Section B addresses Risk Management for all capital assets. It confirms the presence of a Risk Management Plan dated 7/26/2007 and states that it has not been significantly changed since last year's submission to OMB. Questions are posed regarding the development of a new plan if one does not exist and how investment risks are reflected in the life cycle cost estimate and investment schedule.\n\nNo figures, charts, or images are present on this page, aside from the table described above.\n</summary>"
    },
    "15": {
      "summary": "<summary>\nThis page discusses Exhibit 300, which pertains to the Integrated Personnel Management System (IPMS), Revision 6. It explains that the life cycle cost estimate for IPMS is risk-adjusted to account for identified program risks and the likelihood of additional risks materializing during the project's life cycle. The project schedule is based on a conservative estimate of the time required to maintain and implement new applications within IPMS. A detailed \"bottoms-up\" analysis, conducted by management and subject matter experts, assesses the current and future effort needed to meet the investment's objectives. This approach uses realistic expectations rather than best-case scenarios to develop the budget and schedule.\n\nThere are no tables, figures, images, or other visual elements present on this page.\n\nThe page is dated Tuesday, September 11, 2007, at 12:16 AM, and it is labeled as Page 15 of 15.\n</summary>"
    }
  }
}