{
  "doc_id": "afe620b9beac86c1027b96d31d396407.pdf",
  "pages": {
    "1": {
      "summary": "<summary>\nThe page is part of a Director's Report & Management Discussion and Analysis section, summarizing the economic performance of India for the fiscal year ending March 31, 2003. It highlights that India achieved a GDP growth of 4.3%, despite a forecast of 6.7%. Growth was robust in the first two quarters (5.3% and 5.2%) but slowed due to a poor monsoon in the third quarter before recovering slightly to 4.9% in the fourth quarter. Agricultural growth suffered significantly due to drought, recording one of the sharpest declines in 20 years, while industry showed recovery with an overall growth of 5.7%, driven by manufacturing and consumer sectors. Despite challenges, Indian exports grew across major categories. The report emphasizes the importance of reforms in agriculture and investments in rural infrastructure for future growth.\n\nThe second half of the page focuses on the cigarette industry in India, noting its heavily regulated environment. While the overall manufacturing sector grew at 6%, the domestic cigarette industry faces significant regulatory burdens that favor non-cigarette tobacco products. These regulations include discriminatory taxation and advertising restrictions, which have led to lower per capita cigarette consumption compared to neighboring countries like Pakistan, Bangladesh, and Nepal. Instead, consumption of non-cigarette tobacco products such as bidis and chewing tobacco has surged to become the highest globally. The report also mentions that cigarettes contribute 85% of total tobacco excise tax revenues but are subject to additional state taxes, further impacting their competitiveness.\n\nThere are no tables, figures, charts, or images present on this page. The content is purely textual, focusing on economic and industry-specific analysis.\n</summary>"
    },
    "2": {
      "summary": "<summary>\nThe page discusses the ineffectiveness of India's discriminatory tax policy on cigarettes in achieving its social objectives of reducing tobacco consumption and optimizing revenue. It highlights how such policies have led to an increase in illegal imports and a shift in consumer behavior towards cheaper non-cigarette products. The text argues for a more equitable tax system across all tobacco products to address these issues and maintain government revenue.\n\n<table_summary>Table 1: \"Taxation Discrimination against Cigarettes\" shows the excise duties (in Rs./Kg.) applied to different tobacco products in India. Cigarettes are taxed at 680 Rs./Kg., while Bidis are taxed at 30 Rs./Kg., and Chewing Tobacco/Others are taxed at 40 Rs./Kg. This table emphasizes the significant disparity in taxation between cigarettes and other tobacco products.</table_summary>\n\n<figure_summary>Figure 1: \"Discriminatory Taxation Shifts Consumption from Cigarettes to Cheaper Non-Cigarette Products (Mn Kgs)\" is a pie chart comparing the consumption of cigarettes and other tobacco products in India in two periods: 1981-82 and 2001-02 (estimated). In 1981-82, cigarette consumption was significantly higher (320 Mn Kgs) compared to other products (86 Mn Kgs). By 2001-02, the consumption of other tobacco products increased to 388 Mn Kgs, while cigarette consumption decreased to 65 Mn Kgs. The variance indicates a shift in consumer behavior due to discriminatory taxation.</figure_summary>\n\n<figure_summary>Figure 2: \"China : Tax Revenue\" is a bar graph comparing tax revenue per 1000 cigarettes (USD) and total tax revenue from cigarettes (Bn USD) between China and India. China collects 8.17 USD per 1000 cigarettes and 13.9 Bn USD in total tax revenue, while India collects 16.6 USD per 1000 cigarettes but only 1.4 Bn USD in total tax revenue. This comparison underscores the inefficiency of India's high excise duties in generating substantial revenue.</figure_summary>\n\nThe page also critiques marketing restrictions imposed by the Cigarette and Other Tobacco Products Act, 2003, which disproportionately affect domestic cigarette brands compared to imported ones. It notes the ban on tobacco sales near educational institutions and its potential to encourage illegal sales. The recommended solution suggests shifting India's tobacco industry focus from production to export, emphasizing better quality tobacco and fairer taxation systems to boost exports and reduce reliance on domestic consumption.\n\nThe final paragraph mentions a potential 7-fold increase in export earnings if India secures a 5% share of the global tobacco trade, contrasting this with the current minimal share (0.7%) and highlighting the competitive threat from countries like China.\n</summary>"
    },
    "3": {
      "summary": "<summary>\nThe page outlines the vision and achievements of a tobacco company in India, focusing on export potential, assistance to farmers, progress in 2002/03, and the tea business segment. The company aims to become a leading global player in tobacco by leveraging its current market share and enhancing farmer support through advanced farming techniques and pest management systems. It highlights significant growth in the domestic cigarette industry, including the launch of new brands like Piper, Tipper, and Prince, which have seen increased market share and innovation. Investments in R&D and manufacturing facilities have improved efficiency and reduced costs, earning the company recognition. The tea segment faced challenges due to global oversupply but achieved positive cash flows by restructuring and exiting unviable markets, with plans for innovative marketing in high-value beverage segments.\n\n<table_summary>\nThe table titled \"Export Potential for Tobacco\" compares the current export earnings (Rs. 930 Cr.) with the potential earnings if India increases its share of the global tobacco trade to 5% (Rs. 7000 Cr.). This illustrates the significant growth opportunity available in the export market.\n</table_summary>\n\n<figure_summary>\nThere is no explicit figure or chart described on this page.\n</figure_summary>\n\n<image_summary>\nThere are no images or illustrations present on this page.\n</image_summary>\n</summary>"
    },
    "4": {
      "summary": "<summary>\nThe page discusses the export performance, financial results, dividend recommendations, and issues related to Assam dues of a company. Exports of tobacco, cigarettes, and tea saw significant growth, with the FOB value increasing to Rs. 52.47 crore compared to Rs. 10.99 crore in the previous year. Cigarette exports alone rose from Rs. 2.4 crore to Rs. 19.2 crore. The company's financial performance highlights a rise in cigarette sales volume to 10593 million units, up by 19.64%, and an increase in turnover to Rs. 1077 crore, reflecting a 14% growth. Despite higher pre-tax profits, the net profit decreased due to provisions for taxation and exceptional items, including doubts over recoverability of Assam dues. The Board recommended a dividend of Rs. 17 per share, despite lower net profit, based on optimistic future prospects.\n\n<table_summary>\nTable 1: Financial Results (2002-2003 vs. 2001-2002)  \nThis table compares the financial performance of the company for two fiscal years, showing key metrics such as gross profit, depreciation, tax provisions, and profit after tax. It highlights an increase in gross profit and a decrease in net profit due to exceptional items and deferred tax provisions.\n</table_summary>\n\nThe section on Assam dues explains the company's contracts with manufacturing units in Assam, which were exempt from excise duty but later closed down. The company faced challenges in recovering refunds due to changes in government policies and legal disputes. The Finance Act 2003 introduced retrospective amendments affecting the refund process, leading to ongoing litigation.\n\n</summary>"
    },
    "5": {
      "summary": "<summary>\nThe page discusses various aspects of a company's operations, including legal matters, internal control systems, human resource development, financial ratings, energy conservation efforts, and research and development initiatives. \n\nThe first section addresses legal petitions admitted by the Court, granting a stay on recovery of past refunds, scheduled for final hearing on September 17, 2003. The company's directors express confidence in the legality of the Notification under the Finance Act, 2003, but prudently provide Rs. 22.70 crore as recoverable amounts.\n\nThe second section highlights the adequacy of the company's internal control systems, which are commensurate with its size and business nature. These systems ensure accurate recording, authorization, and reporting of transactions while safeguarding assets. The system is supported by documented policies, guidelines, procedures, internal audits, and management reviews.\n\nThe third section focuses on human resources and corporate development. The Human Resources Department has implemented changes to align company systems with top FMCG companies in India. This includes detailed employee surveys, HR process reviews, and implementation of recommended policies such as transparent appraisal systems, rationalized reporting levels, and new job evaluation models. Training days per employee have doubled, and post-graduates recruited through a university campaign are contributing positively. Employee turnover is down, reflecting improved HR investments. The Company also extended the Kaizen Teian scheme beyond manufacturing operations, marking its tenth year.\n\nThe fourth section mentions the company's \"P1+\" rating from CRISIL for its Commercial Paper programme, indicating strong creditworthiness. Despite not issuing Commercial Paper recently, the company raises funds through short-term loans at lower costs.\n\nThe fifth section outlines energy conservation measures implemented during the year, resulting in electricity savings of 130 units per million cigarettes produced compared to the previous year. Key measures include optimizing air compressor settings, installing an enthalpy control system, automating cooling tower fans, switching off air washer pumps, rationalizing air conditioning usage, and providing individual lighting switches.\n\nFinally, the last section briefly mentions research and development, highlighting the improvement of smoke quality in cut rolled stem products.\n\nThere are no tables, figures, charts, or images present on this page.\n\n</summary>"
    },
    "6": {
      "summary": "<summary>\nThe page discusses various aspects of a company's operations, focusing on technological advancements, financial performance, and corporate governance. Key sections include improvements in cigarette development, technological absorption, foreign exchange earnings, fixed deposits, director-related updates, and a directors' responsibility statement.\n\n### Main Text Content Summary:\n- **Development of Low Tar/Nicotine Cigarettes**: The page highlights improvements in existing cigarette blends/taste and smoke consistency across all brands as a result of technological developments.\n- **Technological Absorption, Adoption, and Innovation**: Measures implemented include commissioning a Cigarette Inspection Device, successful production of innovative Piper and Tipper cigarette packs, commissioning a Coupon feed facility, date code printing on Hinge Lid packers, and autocontrol in Cut Tobacco Store/Dry Room humidity to ensure product quality.\n- **Foreign Exchange Earnings and Outgo**: The company reported foreign exchange earnings of Rs. 53.26 crore (up from Rs. 11.68 crore in the previous year) through exports and other income, against an outgo of Rs. 40.05 crore (up from Rs. 26.14 crore).\n- **Fixed Deposits**: At the end of the financial year, the balance stood at Rs. 4,29,32,000, including unclaimed deposits totaling Rs. 6,85,000. Repaid or renewed deposits left a balance of Rs. 4,20,000. The company is not accepting new or renewing existing fixed deposits due to economic considerations.\n- **Directors**: Updates on director retirements and re-elections are provided, including Mr. R.A. Shah, Mr. S.V. Shanbhag, and Mr. G.M. Maniar offering themselves for re-election. Mr. K.K. Modi's term as Managing Director is expiring, and his re-appointment is being considered.\n- **Directors' Responsibility Statement**: The statement confirms compliance with Section 217(2AA) of the Companies Act, 1956, detailing adherence to accounting standards, reasonable application of policies, maintenance of adequate records, and preparation of accounts on a 'going concern' basis.\n- **Corporate Governance**: The company emphasizes maximizing stakeholder value by adopting good Corporate Governance principles, encouraging wide participation, and aligning with the Listing Agreement.\n\n### Visual Elements Summary:\nThere are no tables, figures, charts, diagrams, or images present on this page. The content is entirely textual.\n\n</summary>"
    },
    "7": {
      "summary": "<summary>\nThe page discusses various aspects of a company's financial reporting, governance, and operations. It emphasizes the importance of creating long-term value for stakeholders, including consumers, shareholders, employees, business partners, and the national economy. A certificate of compliance with corporate governance conditions is mentioned. The consolidated financial statements are prepared in accordance with Accounting Standard 21 and are based on audited financial statements from subsidiary companies. The retiring auditors, A.F. Ferguson & Co., have offered themselves for re-appointment. Subsidiary company reports and accounts are annexed to the report, but members receive abridged accounts initially, with full reports available upon request. Employee particulars are included in the annexure to the Directors' Report, while the annual report excludes this information due to legal provisions. The page also highlights cordial employee relations and expresses appreciation for their services. The document is signed by R.A. Shah, Chairman, dated August 11, 2003, in Mumbai.\n\nThere are no tables, figures, charts, diagrams, or images present on this page.\n</summary>"
    },
    "8": {
      "summary": "<summary>\nThis page provides detailed information about the corporate structure and key contacts of Godfrey Phillips India Limited. It lists the Board of Directors, including R.A. Shah as Chairman, K.K. Modi as President, and several Executive Directors and Whole-time Directors. The page also outlines the company's banking relationships, registrars and transfer agent, auditors, internal auditors, solicitors, and office locations. The Corporate Office is located in New Delhi, while the Registered Office is in Mumbai. Additional offices are mentioned in various cities across India, and the Leaf Division is based in Guntur, Andhra Pradesh.\n\n<figure_summary>Figure 1: The page layout is organized into sections with headings such as \"Board of Directors,\" \"Bankers,\" \"Company Secretary,\" \"Auditors,\" \"Internal Auditors,\" \"Solicitors,\" \"Corporate Office,\" \"Other Offices,\" \"Leaf Division,\" and \"Registered Office.\" Each section contains relevant contact and location information.</figure_summary>\n\nNo tables or images are present on this page; the information is conveyed entirely through text and structured headings.\n</summary>"
    },
    "9": {
      "summary": "<summary>\nThis page is part of Godfrey Phillips India Limited's Report on Corporate Governance for the year ended March 31, 2003. It outlines the company's governance philosophy and provides detailed information about the Board of Directors. The report emphasizes the company's commitment to wealth creation for all stakeholders through effective governance practices, with the Board of Directors playing a crucial role in protecting shareholder interests and overseeing management.\n\nThe section on the Board of Directors includes:\n- **Composition**: The Board consists of executive and non-executive directors, with more than half being non-executive. At the time, there were nine directors, five of whom were non-executive. The Chairman is a non-executive director, meeting the requirement of having at least one-third independent directors.\n- **Attendance and Responsibilities**: A table lists the attendance of each director at Board Meetings and the last Annual General Meeting (AGM), along with their memberships in other companies' boards and board committees. For example, Mr. R.A. Shah attended all seven Board Meetings and was a member of 14 other boards, including chairing four.\n- **Board Meetings**: Seven Board Meetings were held during the fiscal year 2002-03, covering regular business items and statutory matters recommended by the SEBI committee on Corporate Governance.\n- **Pecuniary Relationships**: Details of financial transactions between non-executive directors and the company are provided, such as payments for professional services to Mr. R.A. Shah & Mr. C.M. Maniar (Rs. 8.65 lacs) and Mr. Lalit Bhasin (Rs. 3.57 lacs).\n\n<table_summary>\n**Table 1**: This table provides detailed information about the Board of Directors, including their classification as executive/non-executive/independent, number of Board Meetings attended, attendance at the last AGM, membership in other companies' boards, and memberships/chaired positions in other board committees. It highlights the involvement and independence of each director.\n</table_summary>\n\n<table_summary>\n**Table 2**: This table details the pecuniary relationships between non-executive directors and the company, specifying the amount involved (in lacs) and the nature of the transaction, such as payments for professional services.\n</table_summary>\n\nNo figures, charts, or images are present on this page.\n</summary>"
    },
    "10": {
      "summary": "<summary>\nThis page from the document provides detailed resumes, experience, and other directorships/board committee memberships for three directors of Godfrey Phillips India Limited. According to the Articles of Association, one-third of the total strength of the Board (three directors) will retire by rotation at the forthcoming Annual General Meeting and may be re-appointed subject to shareholders' approval. The page includes a table listing the names of the directors, their qualifications, relevant experience, and the names of other companies in which they hold directorships or board memberships.\n\n<table_summary>\nThe table is divided into four columns: \"Name of the director,\" \"Qualifications,\" \"Experience,\" and \"Names of other companies in which he holds directorships of the Board and membership/ chairmanship of committees of the Board.\" It lists three directors:\n1. **Mr. R.A. Shah**: A solicitor and senior partner specializing in corporate laws, foreign investments, joint ventures, intellectual property rights, mergers, acquisitions, and taxation. He holds numerous directorships, including positions at Pfizer Limited, Colgate Palmolive India Limited, Asian Paints (India) Limited, and others.\n2. **Mr. S.V. Shanbhag**: With qualifications in M.Com., LL.B., and ACS, he has extensive experience in finance, accounts, legal, and secretarial matters. He joined the company in 1949 and has been a whole-time director since 1983. He also serves on the boards of International Tobacco Company Limited, Kamanwala Industries Limited, and others.\n3. **Mr. C.M. Maniar**: Holding qualifications in B.Com., M.A. (Eco.& Politics), and LL.B. Solicitor, he is a partner in Crawford Bayley & Co. and a member of the Maharashtra Bar Council. He has served as a director in Foods & Inns Limited, Gujarat Ambuja Exports Limited, Hindalco Industries Limited, and Indian Card Clothing Company Limited.\n</table_summary>\n\nThere are no figures, charts, diagrams, or images on this page. The focus is entirely on textual information providing detailed professional backgrounds and affiliations of the directors.\n</summary>"
    },
    "11": {
      "summary": "<summary>\nThe page discusses the composition, terms of reference, and activities of the Audit Committee of Godfrey Phillips India Limited, along with details about director remuneration. The Audit Committee was established by the Board of Directors on January 31, 2001, and revised on April 18, 2001, to comply with Section 292A of the Companies Act, 1956, and clause 49 of the Listing Agreement. It consists of three non-executive independent directors: Mr. O.P. Vaish, Mr. Anup N. Kothari, and Mr. Lalit Bhasin. Mr. O.P. Vaish serves as the Chairman, and Mr. R. Joshi acts as the Secretary. The Committee oversees financial reporting, disclosures, internal controls, and audit functions. During the financial year 2002-03, the Audit Committee held three meetings, attended by its members as detailed in the table below. Additionally, the page outlines the company's remuneration policy for directors, stating that non-executive directors receive only a sitting fee of Rs. 5000 per meeting.\n\n<table_summary>\nTable 1: Details of attendance of each member of the Audit Committee during the financial year 2002-03. The table lists the names of the three non-executive independent directors (Mr. O.P. Vaish, Mr. Lalit Bhasin, and Mr. Anup N. Kothari), their category as \"Non-Executive & Independent,\" and the number of committee meetings they attended out of the total three meetings held. Mr. O.P. Vaish and Mr. Anup N. Kothari attended all three meetings, while Mr. Lalit Bhasin attended two meetings.\n</table_summary>\n\n<figure_summary>\nNone\n</figure_summary>\n\n<image_summary>\nNone\n</image_summary>\n</summary>"
    },
    "12": {
      "summary": "<summary>\nThis page from the annual report of Godfrey Phillips India Limited provides detailed information about director remuneration, service contracts, shareholder grievance committees, general body meetings, and disclosures. \n\nThe section titled \"Details of remuneration to the directors\" lists the compensation received by each director, including salary, perks, commission, and sitting fees for board/committee meetings. The total remuneration for all directors amounts to Rs. 13,461,282.\n\nThe next section outlines the service contracts, notice periods, and severance terms for specific directors. It highlights that the company has extended contracts with certain directors, such as Mr. K.K. Modi and Mr. S.V. Shanbhag, subject to shareholder approval. No severance fees are payable to any of the listed directors.\n\nSection 5 discusses the Share Transfer and Shareholders/Investors Grievance Committee, detailing its formation in 1979 and reconstitution in 2002. The committee's responsibilities include handling share transfers and addressing grievances related to shareholders and investors. During the financial year 2002-03, 94 complaints were resolved satisfactorily.\n\nSection 6 provides details of the last three Annual General Meetings (AGMs), listing the dates, times, and locations of these meetings, which were held at the Y.B. Chavan Auditorium in Mumbai.\n\nFinally, Section 7 covers disclosures regarding related-party transactions and compliance. It states that there have been no conflicts of interest with related parties and no non-compliance with legal provisions or penalties imposed by regulatory bodies during the past three years.\n\n<table_summary>\nTable 1: Details of remuneration to the directors. This table lists the names of the directors along with their respective salaries, perks, commissions, sitting fees, and total remuneration in Indian Rupees. The total remuneration for all directors is summarized at the bottom.\n</table_summary>\n\n<table_summary>\nTable 2: Details of the last three Annual General Meetings (AGMs). This table provides the financial year, date, time, and location of the AGMs held between 1999-00 and 2001-02, all of which took place at the same venue in Mumbai.\n</table_summary>\n\nNo figures, charts, or images are present on this page.\n</summary>"
    },
    "13": {
      "summary": "<summary>\nThis page from the annual report of Godfrey Phillips India Limited provides detailed shareholder information and financial data for the year 2002-2003. Section 8 discusses the means of communication, stating that quarterly, half-yearly, and annual results are published in Economic Times (English) and Maharashtra Times (Marathi), as well as available on the company's website and stock exchange platforms. No official news releases or formal presentations were made during the year.\n\nSection 9 outlines general shareholder information, including:\n- **Annual General Meeting**: Scheduled for September 26, 2003, at 4:00 P.M., held at Y.B. Chavan Auditorium, Mumbai.\n- **Financial Calendar for 2003-04**: Quarterly results release dates are specified for July 2003, October 2003, January 2004, and April 2004.\n- **Book Closure Date**: September 23–26, 2003.\n- **Dividend Payment Date**: Payments will be made on or after October 3, 2003, to shareholders listed in the Members' Register as of September 26, 2003.\n- **Listing on Stock Exchanges**: Shares are listed on National Stock Exchange (GODFRYPHLP), Mumbai Stock Exchange (500163), and Calcutta Stock Exchange (1001735 for Demat shares and 17335 for physical shares).\n- **Market Price Data**: A table lists the high and low prices of equity shares on the Mumbai Stock Exchange for each month from April 2002 to March 2003.\n\nA performance comparison chart is included, showing the normalized price/index of Godfrey Phillips India (GPI) versus the BSE Sensex, averaged over monthly highs and lows from April 2002 to March 2003. The chart indicates fluctuations in GPI's performance relative to the broader market index.\n\n<table_summary>\n**Table 1**: This table presents the high and low market prices (in Rupees) of Godfrey Phillips India's equity shares on the Mumbai Stock Exchange for each month between April 2002 and March 2003. It highlights the price range for each month, providing insight into the stock's volatility during this period.\n</table_summary>\n\n<figure_summary>\n**Figure 1**: This line graph compares the normalized price/index of Godfrey Phillips India (GPI) with the BSE Sensex, using an average of monthly high and low prices from April 2002 to March 2003. The x-axis represents months, while the y-axis shows the normalized price/index on a scale of 100. The graph illustrates how GPI's performance fluctuated compared to the broader market index over the specified period.\n</figure_summary>\n</summary>"
    },
    "14": {
      "summary": "<summary>\nThis page from the document provides detailed information about Godfrey Phillips India Limited's shareholding structure, share transfer system, and dematerialization process as of March 31, 2003. It begins by introducing Sharepro Services as the Registrar and Share Transfer Agent, located in Mumbai. The section on the Share Transfer System explains how the company handles physical share transfers and offers simultaneous dematerialization options within 15 days of receiving complete documents. The page then presents two tables: one detailing the distribution of shareholdings across different equity shareholding ranges, and another categorizing shareholders into Promoters, Non-Promoters, and Others, along with their respective shareholdings and percentages. Finally, it discusses the dematerialization of shares, noting that 34% of the company’s equity shares were dematerialized as of March 31, 2003, and available for trading through NSDL and CDSL.\n\n<table_summary>\n**Table 1:** This table shows the distribution of shareholdings based on the number of equity shareholdings held by shareholders. It breaks down the data into ranges (e.g., 1-50, 51-100, etc.), listing the number of shareholders, their percentage of total shareholders, the number of shares they hold, and their percentage of total shares. For example, 4,523 shareholders hold between 1-50 shares, representing 34.61% of all shareholders but only 0.86% of the total shares.\n</table_summary>\n\n<table_summary>\n**Table 2:** This table categorizes shareholders into three main groups: Promoters, Non-Promoters, and Others. Each group is further divided into subcategories (e.g., Indian Promoters, Institutional Investors, Private Corporate Bodies). It lists the number of shares held by each category and their corresponding percentage of total shareholding. For instance, Promoters hold 7,507,948 shares, accounting for 72.20% of the total shareholding, while Non-Promoters hold 460,283 shares, making up 4.43%.\n</table_summary>\n\n<figure_summary>\nThere are no figures, charts, or diagrams on this page.\n</figure_summary>\n\n<image_summary>\nThere are no images, photos, or illustrations on this page.\n</image_summary>\n</summary>"
    },
    "15": {
      "summary": "<summary>\nThe page provides detailed information about Godfrey Phillips India Limited, including its equity share ISIN, plant locations, correspondence address, and compliance with corporate governance requirements. The company's equity shares have an ISIN of INE260B01010. It has no outstanding GDRs/ADRs/Warrants or convertible instruments. The company operates two plants: one in Andheri, Mumbai, and another in Guldhar, Ghaziabad, owned by its subsidiary, International Tobacco Company Limited. Shareholders can correspond with the company through its registrars and share transfer agent, Sharepro Services, located in Mumbai. The page also mentions that the company has not adopted any non-mandatory clauses under clause 49 of the Listing Agreement. Additionally, a certificate is included, stating that the company has complied with the conditions of Corporate Governance as per the Listing Agreement for the year ended March 31, 2003, with no investor grievances pending for more than a month during that period. The certificate is signed by A.F. Ferguson & Co., Chartered Accountants, on behalf of the company.\n\nThere are no tables, figures, charts, diagrams, or images present on this page.\n</summary>"
    },
    "16": {
      "summary": "<summary>\nThis page contains the Auditors' Report to the Members of Godfrey Phillips India Limited, dated August 11, 2003. The report outlines the audit conducted on the financial statements of the company as of March 31, 2003, including the balance sheet, profit and loss account, and cash flow statement. The auditors state that they performed the audit in accordance with auditing standards generally accepted in India, focusing on obtaining reasonable assurance about the absence of material misstatements. They also confirm compliance with legal requirements under the Companies Act, 1956, and provide detailed comments on various aspects of the audit, such as the adequacy of accounting records, agreement between financial statements and books of account, and conformity with accounting principles. The report concludes with an opinion affirming the true and fair view of the financial statements.\n\nThere are no tables, figures, images, or charts present on this page. The content is purely textual, consisting of numbered paragraphs detailing the audit process, findings, and compliance with legal and regulatory requirements.\n</summary>"
    },
    "17": {
      "summary": "<summary>\nThis page is an annexure referenced in Paragraph (3) of the Auditors' Report to the Members of Godfrey Phillips India Limited for the financial year ended March 31, 2003. It provides detailed observations and findings regarding various aspects of the Company's operations, compliance, and internal controls. Key points include the maintenance of proper records for fixed assets, physical verification processes for stocks, adherence to accounting principles, loan transactions, internal control procedures, pricing of goods and services, handling of unserviceable or damaged items, compliance with legal provisions, and tax-related matters. The auditors also confirm that the Company is not classified as a \"sick industrial company\" under relevant legislation.\n\nThe page does not contain any tables, figures, charts, diagrams, or images. It consists entirely of textual information organized into numbered paragraphs, each addressing specific areas of the Company's operations and compliance with regulations.\n\nThe report concludes with the auditor's signature, indicating that it was prepared by A.F. Ferguson & Co., Chartered Accountants, with J.M. SETH as the partner responsible, dated New Delhi, August 11, 2003.\n</summary>"
    },
    "18": {
      "summary": "<summary>\nThis page presents the balance sheet of Godfrey Phillips India Limited as of March 31, 2003, in rupees in lacs. The balance sheet is divided into two main sections: \"Sources of Funds\" and \"Application of Funds.\" The \"Sources of Funds\" section details shareholders' funds (share capital and reserves) and loan funds (secured, unsecured, and deferred credits). The total sources of funds amount to 29,274.75 lacs as of March 31, 2003, compared to 28,199.25 lacs as of March 31, 2002. The \"Application of Funds\" section outlines fixed assets (gross block, net block, and work-in-progress), investments, current assets, loans, and advances. It also lists current liabilities and provisions, which are subtracted to calculate net current assets. The total application of funds matches the total sources of funds, ensuring balance. Notes to the accounts are referenced at the bottom, along with the signatures of company officials and auditors.\n\n<table_summary>\nThe balance sheet itself serves as a tabular representation, detailing the financial position of the company by listing various categories under \"Sources of Funds\" and \"Application of Funds.\" Each category includes numerical values for the years 2003 and 2002, allowing for year-over-year comparison.\n</table_summary>\n\n<figure_summary>\nThere are no explicit figures, charts, or graphs on this page. The information is entirely presented in a tabular format.\n</figure_summary>\n\n<image_summary>\nThere are no images, photographs, or illustrations on this page. The content is purely textual and tabular.\n</image_summary>\n</summary>"
    },
    "19": {
      "summary": "<summary>\nThis page presents the profit and loss account for Godfrey Phillips India Limited for the fiscal year ended March 31, 2003. The report compares financial data for the years 2003 and 2002, with amounts expressed in Indian Rupees (in lacs). Key sections include income, expenses, profit calculations, and appropriations. Sales increased significantly from ₹94,688.90 lacs in 2002 to ₹107,734.16 lacs in 2003, while other income decreased slightly. Total expenses also rose, primarily due to higher raw material costs and manufacturing expenses. Profit before taxation improved from ₹7,183.84 lacs in 2002 to ₹5,690.39 lacs in 2003, but after accounting for tax provisions, the profit after taxation decreased to ₹3,790.61 lacs compared to ₹4,779.55 lacs in 2002. Appropriations detail the distribution of profits, including proposed dividends, corporate dividend tax, transfers to reserves, and surplus carried forward. Basic and diluted earnings per share are provided, with values of ₹36.45 and ₹45.96, respectively, for the two years.\n\n<table_summary>\nThe page contains a detailed table summarizing the profit and loss account. It includes columns for Schedule Number, income and expense categories, and comparative figures for the years ended March 31, 2003, and 2002. The table covers income sources like sales and other income, various expense categories such as raw materials, excise duty, manufacturing expenses, and depreciation, as well as profit calculations before and after taxation. It also outlines appropriation details, including proposed dividends, corporate dividend tax, transfers to reserves, and surplus carried forward.\n</table_summary>\n\n<image_summary>\nThere are no images or illustrations present on this page. The content is entirely textual and tabular, focusing on financial data and summaries.\n</image_summary>\n\nThe report concludes with a signature block listing the company's executive directors, whole-time director, chief executive, chairman, president, directors, and company secretary, along with the auditor's details (A.F. Ferguson & Co., Chartered Accountants) and the date of the report (August 11, 2003).\n</summary>"
    },
    "20": {
      "summary": "<summary>\nThis page presents the **Cash Flow Statement** for Godfrey Phillips India Limited for the fiscal year ended March 31, 2003. The statement is divided into three primary sections: cash flows from operating activities, investing activities, and financing activities. It also includes the net increase in cash and cash equivalents, along with opening and closing balances.\n\nThe **cash flows from operating activities** section starts with the net profit before tax and adjusts it for non-cash items like depreciation, interest income, and changes in working capital components such as trade receivables, inventories, and payables. For the year ended March 31, 2003, the net cash generated from operating activities was **₹7,149.31 lacs**, compared to **₹9,254.51 lacs** in the previous year.\n\nThe **cash flows from investing activities** section details cash inflows and outflows related to fixed assets, investments, and long-term investments. In 2003, the company used **₹3,257.48 lacs** in investing activities, primarily due to purchases of fixed assets and investments, compared to **₹5,527.83 lacs** in 2002.\n\nThe **cash flows from financing activities** section covers cash movements related to borrowings, repayments, dividends, and other financing transactions. In 2003, the company used **₹2,988.60 lacs** in financing activities, mainly due to dividend payments and loan repayments, compared to **₹3,707.57 lacs** in 2002.\n\nFinally, the **net increase in cash and cash equivalents** for the year was **₹1,636.89 lacs**, resulting in closing cash and bank balances of **₹757.27 lacs** at the end of the fiscal year. The statement is signed by various company executives and auditors, dated August 11, 2003.\n\n</summary>"
    }
  }
}