{
  "doc_id": "amb-siteaudits-ds15-150204174043-conversion-gate01_95.pdf",
  "pages": {
    "1": {
      "summary": "<summary>\nThis page introduces a presentation titled \"Mastering Strategic SEO Audits\" by Alan Bleiweiss, a Forensic SEO Consultant. The content focuses on the importance of strategic SEO audits in improving website performance. A line graph titled \"Sessions\" is prominently displayed, showing an upward trend in website sessions over time, from July 2011 to January 2015, indicating growth in traffic. The graph highlights the effectiveness of SEO strategies over several years. Contact information for Alan Bleiweiss is provided, including his website (http://AlanBleiweiss.com) and Twitter handle (@AlanBleiweiss). The presentation is associated with the Digital Summit Phoenix event (#DS15), as indicated by the logo and hashtag at the bottom of the slide.\n\n<figure_summary>Figure 1: Line Graph - Sessions: This graph illustrates the increase in website sessions over time, spanning from July 2011 to January 2015. It demonstrates a consistent upward trend, emphasizing the positive impact of SEO efforts on website traffic.</figure_summary>\n\n<image_summary>Digital Summit Phoenix Logo: A small logo for the Digital Summit Phoenix event is located at the bottom left corner of the slide, indicating the context of the presentation.</image_summary>\n\n<image_summary>Owl Illustration: An owl illustration is placed at the bottom right corner of the slide, likely serving as a visual element related to the presenter or the consulting firm.</image_summary>\n</summary>"
    },
    "2": {
      "summary": "<summary>\nThis page introduces a presentation titled \"Mastering Strategic SEO Audits.\" It begins by highlighting the presenter's background, stating they have 20 years of experience in internet consulting and 15 years specializing in SEO. The page also features logos of several notable companies, indicating the presenter's past work or affiliations, including Petco, Disney Interactive Studios, NBC Universal, Mashable, UGG Australia, Beats by Dr. Dre, Manta, and ChamberofCommerce.com. At the bottom, there is a mention of the Digital Summit Phoenix event (#DS15) and the presenter's Twitter handle (@AlanBleiweiss), along with an owl icon, likely representing the presenter's brand or personal logo.\n\n<image_summary>The page includes a collection of company logos arranged in two rows, visually representing the presenter's professional experience and credibility. These logos serve as a visual aid to emphasize the breadth and quality of the presenter's background in internet consulting and SEO.</image_summary>\n\n<image_summary>An owl icon is placed at the bottom right corner, which appears to be a personal or brand-related symbol associated with the presenter.</image_summary>\n</summary>"
    },
    "3": {
      "summary": "<summary>\nThis page focuses on the \"Pre-Audit\" phase of mastering strategic SEO audits. It emphasizes two key points: setting expectations and avoiding distractions. The title at the top, \"Mastering Strategic SEO Audits,\" indicates the overarching theme of the presentation or document. The slide is part of a session from the Digital Summit Phoenix (#DS15), as indicated by the logo in the bottom left corner. The presenter's social media handle, @AlanBleiweiss, is mentioned in the bottom right corner along with an owl icon, likely representing the presenter's brand or company.\n\nThere are no tables, figures, charts, or images present on this page. The content is purely textual, providing a brief overview of the preparatory steps necessary before conducting an SEO audit.\n\n</summary>"
    },
    "4": {
      "summary": "<summary>\nThis slide outlines the key steps involved in conducting a strategic SEO audit. The main topic is \"Mastering Strategic SEO Audits,\" and the process is broken down into five stages: Pull Initial Data, Evaluate Signals / Relationships, Step Away From The Keyboard, Final Conclusions, and Recommendations. Each stage represents a critical phase in the audit process, emphasizing data collection, analysis, reflection, conclusion, and actionable insights.\n\nThe slide also includes branding elements at the bottom, indicating it was part of a presentation at the Digital Summit Phoenix (#DS15) event. The presenter's Twitter handle, @AlanBleiweiss, is mentioned alongside an owl logo, which may represent the presenter's brand or company.\n\nThere are no tables, figures, or images on this page beyond the text and logos.\n</summary>"
    },
    "5": {
      "summary": "<summary>\nThis page focuses on the importance of setting expectations during strategic SEO audits, specifically from the perspective of the client or site owner. It emphasizes understanding the client's expectations, goals, perceptions, and past experiences to ensure alignment and effective communication. The slide lists key questions to consider: \"What does the client expect?\", \"What are their goals?\", \"Do they think you're their savior?\", and \"Were they burned in the past?\" These questions aim to gauge the client's mindset and prepare the auditor for potential challenges or unrealistic expectations.\n\nThe slide also includes branding elements at the bottom, such as the \"digital summit PHOENIX\" logo, the hashtag \"#DS15,\" and the Twitter handle \"@AlanBleiweiss,\" indicating that this content is part of a presentation or talk from the Digital Summit Phoenix event in 2015.\n\nThere are no tables, figures, or images on this page beyond the logos and text.\n</summary>"
    },
    "6": {
      "summary": "<summary>\nThe page is titled \"Mastering Strategic SEO Audits\" and appears to be a slide from a presentation, likely related to digital marketing or SEO strategies. The central theme revolves around the process of conducting an SEO audit, emphasizing the journey from pre-audit site analysis to the actual audit, and aligning it with client expectations. The slide uses a metaphorical illustration of a rainbow leading to a pot of gold guarded by a leprechaun to symbolize the path to success in SEO audits.\n\n<figure_summary>Figure 1: The slide features a colorful rainbow arching over a pot of gold, which is being guarded by a leprechaun. The rainbow represents the journey through the SEO audit process, starting from the \"Pre-Audit Site\" at one end and leading to \"The Audit\" at the other. Arrows point to three key stages: \"Pre-Audit Site,\" \"The Audit,\" and \"Client Expectations.\" This visual metaphor suggests that successfully navigating the SEO audit process can lead to valuable outcomes, akin to finding the pot of gold.</figure_summary>\n\n<image_summary>The image includes a whimsical illustration of a leprechaun sitting next to a pot of gold, surrounded by greenery. The leprechaun adds a playful element to the slide, reinforcing the idea of uncovering hidden treasures (SEO improvements) during the audit process.</image_summary>\n\nThe slide also includes branding elements such as the \"digital summit PHOENIX\" logo and the hashtag \"#DS15,\" indicating that this content was likely presented at a digital summit event in Phoenix. Additionally, the Twitter handle \"@AlanBleiweiss\" is mentioned, suggesting the presenter or author of the content. Overall, the slide aims to engage the audience with a visually appealing metaphor while introducing the topic of strategic SEO audits.\n</summary>"
    },
    "7": {
      "summary": "<summary>\nThe page is titled \"Mastering Strategic SEO Audits\" and emphasizes the importance of setting realistic expectations during SEO audits. The main message conveyed is \"Don't Set Unrealistic Expectations,\" accompanied by an illustration of a cartoon character struggling to hold up a rainbow, which symbolizes the difficulty of achieving unrealistic goals. The text below the image humorously states, \"Unless you want to be this guy,\" reinforcing the idea that unrealistic expectations can lead to frustration and failure. The page includes branding elements such as the \"digital summit PHOENIX\" logo, the hashtag \"#DS15,\" and the Twitter handle \"@AlanBleiweiss.\"\n\n<image_summary>The central image features a cartoon character with a distressed expression, straining to hold up a vibrant rainbow. The character is surrounded by floating hearts and sparkles, suggesting an idealized or overly optimistic scenario. This visual metaphor highlights the challenges of pursuing unrealistic goals in SEO audits.</image_summary>\n\n</summary>"
    },
    "8": {
      "summary": "<summary>\nThe page focuses on the topic of \"Mastering Strategic SEO Audits\" and emphasizes the importance of avoiding \"Shiny Object Distractions.\" It visually represents this concept by showcasing a grid of various social media and web service icons, suggesting that these platforms can often divert attention away from core SEO strategies. The presentation appears to be part of a digital summit event in Phoenix, as indicated by the \"digitalsummit PHOENIX\" logo at the bottom left corner. The hashtag \"#DS15\" and the Twitter handle \"@AlanBleiweiss\" suggest that this slide was likely used during a session or presentation at the Digital Summit 2015.\n\n<image_summary>The central image is a grid of colorful icons representing popular social media platforms, web services, and tools such as Facebook, Twitter, LinkedIn, Google, YouTube, Reddit, and many others. Each icon is labeled with its corresponding name, providing a visual representation of the diverse array of online services that can distract from strategic SEO efforts.</image_summary>\n\nThe overall message conveyed is to remain focused on essential SEO practices rather than getting sidetracked by the allure of numerous available tools and platforms.\n</summary>"
    },
    "9": {
      "summary": "<summary>\nThe page focuses on the topic of \"Mastering Strategic SEO Audits\" and emphasizes the importance of avoiding distractions during the process. The slide highlights this point with a bullet point: \"Avoid Distractions.\" A humorous image illustrates the concept, showing an adult sitting on a couch with two children. One child is placing a pot on the adult's head, while the other holds a toy microphone, symbolizing potential distractions in a work environment.\n\n<image_summary>The image depicts an adult seated on a couch, seemingly focused on a laptop, while two children engage in playful activities around them. One child places a pot on the adult's head, and the other holds a toy microphone, visually representing distractions that can hinder concentration.</image_summary>\n\nThe slide also includes branding elements such as the \"Digital Summit Phoenix\" logo, the hashtag \"#DS15,\" and the Twitter handle \"@AlanBleiweiss,\" indicating that this content is part of a presentation at the Digital Summit event in Phoenix, likely delivered by Alan Bleiweiss.</summary>"
    },
    "10": {
      "summary": "<summary>\nThe page focuses on the topic of \"Mastering Strategic SEO Audits\" and emphasizes the importance of avoiding distractions during the audit process. The main point highlighted is \"Avoid Distractions,\" which is visually reinforced by an image of a person overwhelmed with paperwork while being interrupted by a phone call.\n\n<image_summary>The central image depicts a person sitting at a desk, surrounded by stacks of papers, appearing stressed or frustrated. A hand holding a telephone receiver is reaching toward the person's head, symbolizing an unwanted distraction. This visual effectively conveys the message about the need to minimize interruptions during strategic SEO audits.</image_summary>\n\nThe page also includes branding elements such as the \"Digital Summit Phoenix\" logo in the bottom left corner and the hashtag \"#DS15\" in the center, indicating that this content is part of a larger event or presentation. Additionally, the Twitter handle \"@AlanBleiweiss\" and an owl icon are present in the bottom right, suggesting the author or presenter associated with the content.\n\nOverall, the page combines textual advice with a compelling visual metaphor to stress the significance of maintaining focus during SEO audits.\n</summary>"
    },
    "11": {
      "summary": "<summary>\nThis slide outlines the key steps involved in conducting a strategic SEO audit. The main topic is \"Mastering Strategic SEO Audits,\" and the process is broken down into five stages: Pull Initial Data, Evaluate Signals / Relationships, Step Away From The Keyboard, Final Conclusions, and Recommendations. Each stage represents a critical phase in the audit process, emphasizing data collection, analysis, reflection, conclusion, and actionable insights.\n\nThe slide also includes branding elements at the bottom: the Digital Summit Phoenix logo on the left, the hashtag \"#DS15\" in the center, and the presenter's Twitter handle \"@AlanBleiweiss\" along with an owl icon on the right, indicating the context of the presentation.\n\nThere are no tables, figures, or images present on this slide, aside from the logos and icons mentioned above.\n</summary>"
    },
    "12": {
      "summary": "<summary>\nThe page focuses on the topic of \"Mastering Strategic SEO Audits,\" specifically highlighting the step of \"Pull Initial Data.\" It emphasizes the importance of gathering foundational data to understand website performance metrics. A table is presented to illustrate the initial data pulled, showing metrics such as sessions, percentage of new sessions, new users, bounce rate, pages per session, and average session duration. The data is broken down by source/medium, with \"google / organic\" being the primary focus, providing detailed insights into its performance compared to overall site metrics.\n\n<table_summary>\nThe table provides a comparison of website performance metrics between all sources/mediums combined and the \"google / organic\" source specifically. Key columns include Sessions, Percentage of New Sessions, New Users, Bounce Rate, Pages per Session, and Average Session Duration. For example, the total sessions are 6,212,324, while \"google / organic\" accounts for 1,835,942 sessions (29.55% of the total). The table also highlights metrics like a 70.24% new session rate and a 74.94% bounce rate for \"google / organic.\"\n</table_summary>\n\n<image_summary>\nThere are no standalone images or illustrations on the page apart from the logo of \"digital summit PHOENIX\" in the bottom left corner and an owl icon next to the Twitter handle \"@AlanBleiweiss\" in the bottom right corner. These serve as branding elements rather than informational visuals.\n</image_summary>\n\nThe slide appears to be part of a presentation, as indicated by the \"#DS15\" hashtag and the mention of \"digital summit PHOENIX,\" suggesting it was presented at a digital marketing event. The Twitter handle \"@AlanBleiweiss\" indicates the presenter or author of the content.\n</summary>"
    },
    "13": {
      "summary": "<summary>\nThis slide focuses on the first step in mastering strategic SEO audits: \"Pull Initial Data.\" It emphasizes the importance of gathering foundational data to understand website performance. The slide includes a line graph illustrating website sessions over time, showing fluctuations between November 2014 and January 2015. The graph highlights a peak in sessions around mid-November, followed by a significant drop and subsequent stabilization at a lower level.\n\n<figure_summary>Figure 1: Line Graph of Website Sessions  \nThis line graph displays the number of website sessions over a three-month period, from November 2014 to January 2015. The x-axis represents the timeline, while the y-axis indicates the session count, ranging from 70,000 to 140,000. The graph reveals a noticeable spike in sessions in mid-November, followed by a sharp decline and then a gradual stabilization at a lower level.</figure_summary>\n\nThe slide also includes branding elements such as the \"digital summit PHOENIX\" logo, the hashtag \"#DS15,\" and the Twitter handle \"@AlanBleiweiss,\" indicating that this content is part of a presentation from the Digital Summit Phoenix event in 2015.\n</summary>"
    },
    "14": {
      "summary": "<summary>\nThe page titled \"Mastering Strategic SEO Audits\" focuses on analyzing website traffic data across different device categories (desktop, mobile, tablet) using metrics related to acquisition and behavior. The primary content is a table that breaks down various performance indicators such as sessions, new users, bounce rate, pages per session, and average session duration. The data highlights significant differences in user engagement based on the device used, with desktop showing the highest number of sessions and longest average session duration, while mobile has the highest bounce rate and lowest pages per session.\n\n<table_summary>\nTable 1: This table compares website traffic metrics across three device categories—desktop, mobile, and tablet. It includes columns for Sessions, % New Sessions, New Users, Bounce Rate, Pages / Session, and Avg. Session Duration. The total sessions are 19,149,315, with desktop accounting for 80.37%, mobile for 15.00%, and tablet for 4.63%. Key insights include higher engagement on desktop (longer session durations and more pages viewed) compared to mobile, which has a significantly higher bounce rate.\n</table_summary>\n\n<image_summary>\nThe page features a logo for \"digital summit PHOENIX\" at the bottom left corner, indicating the event where this presentation was likely given. Additionally, there is an owl icon next to the Twitter handle \"@AlanBleiweiss,\" suggesting the presenter's social media presence and branding.\n</image_summary>\n\nOverall, the page emphasizes the importance of understanding how different devices impact user behavior and engagement, which is crucial for strategic SEO audits and optimizing website performance.\n</summary>"
    },
    "15": {
      "summary": "<summary>\nThe page titled \"Mastering Strategic SEO Audits\" focuses on presenting key metrics related to website performance and social media contributions. It highlights data such as total sessions, sessions via social referral, conversions, contributed social conversions, and last interaction social conversions. These metrics are visually represented using blue wavy lines next to each metric, emphasizing their significance in understanding the impact of social media on website traffic and conversion rates.\n\n<figure_summary>Figure 1: This figure displays a set of metrics related to website analytics. Each metric is accompanied by a wavy line, likely representing fluctuations or trends over time. The metrics include:\n- Sessions: 19,149,315\n- Sessions via Social Referral: 134,373\n- Conversions: 22,782,894\n- Contributed Social Conversions: 104,274\n- Last Interaction Social Conversions: 71,900\nThis visual representation helps illustrate the contribution of social media to overall website performance.</figure_summary>\n\nThe page also includes branding elements such as the \"digital summit PHOENIX\" logo, the hashtag \"#DS15,\" and the Twitter handle \"@AlanBleiweiss,\" indicating that this content is part of a presentation or session at the Digital Summit Phoenix event in 2015.\n</summary>"
    },
    "16": {
      "summary": "<summary>\nThe page focuses on \"Mastering Strategic SEO Audits\" and presents a detailed analysis of multi-channel conversion paths using a visualization tool. The primary content highlights how different marketing channels contribute to conversions, with percentages provided for each channel's share of total conversions. The selected channels in this example are Direct, Organic Search, and Referral, which collectively account for significant portions of the conversions.\n\n<figure_summary>Figure 1: Multi-Channel Conversion Visualizer<br>\nThis Venn diagram illustrates the overlap between Direct, Organic Search, and Referral channels. The overlapping areas represent combined conversion paths involving these channels. The percentages shown indicate the contribution of each channel and their intersections to total conversions. For instance, the intersection of Direct & Organic Search & Referral accounts for 3.26% of total conversions (74,2137). The note at the bottom clarifies that the overlap areas are approximations.</figure_summary>\n\n<table_summary>Table 1: Channel Contribution to Conversions<br>\nThis table lists various marketing channels along with their respective percentages of total conversions. The selected channels (checked boxes) include Direct (62.67%), Organic Search (40.12%), and Referral (18.49%). Other channels like Paid Search, Social Network, Email, Display, and Other Advertising have much smaller contributions, ranging from 5.34% down to 0.00%.</table_summary>\n\nThe page also includes branding elements such as the Digital Summit Phoenix logo (#DS15) and a reference to @AlanBleiweiss, indicating the source or presenter of the content. The overall emphasis is on understanding how different channels interact and contribute to conversion success, which is crucial for strategic SEO audits.\n</summary>"
    },
    "17": {
      "summary": "<summary>\nThe page focuses on \"Mastering Strategic SEO Audits,\" presenting key metrics related to e-commerce performance. It highlights various data points such as the Ecommerce Conversion Rate (2.16%), Transactions (413,780), Revenue ($21,360,345.68), Average Order Value ($51.62), Unique Purchases (977,406), and Quantity (1,381,146). These metrics are visually represented with small line graphs beneath each value, indicating trends over time. The page also includes branding elements like the Digital Summit Phoenix logo, the hashtag #DS15, and a social media handle (@AlanBleiweiss) along with an owl icon.\n\n<figure_summary>Figure 1: Key E-commerce Metrics Overview - This figure presents a grid layout displaying six key e-commerce performance indicators: Ecommerce Conversion Rate, Transactions, Revenue, Average Order Value, Unique Purchases, and Quantity. Each metric is accompanied by a small line graph showing fluctuations over time.</figure_summary>\n\n<image_summary>Digital Summit Phoenix Logo: A stylized logo featuring the words \"digital summit\" in lowercase letters, with \"PHOENIX\" written below in smaller text. The logo uses a modern, clean design with a blue and white color scheme.</image_summary>\n\n<image_summary>Owl Icon: A simple, cartoon-style illustration of an owl, likely representing wisdom or knowledge, positioned next to the social media handle \"@AlanBleiweiss.\"</image_summary>\n</summary>"
    },
    "18": {
      "summary": "<summary>\nThis slide focuses on \"Mastering Strategic SEO Audits\" and highlights the importance of analyzing top-level pages based on their performance metrics. The slide emphasizes checking page processing times and identifying the most visited pages as part of the SEO audit process. It includes a table showing the performance scores of various top-level pages on Google, with some scores highlighted in yellow to draw attention to significant values.\n\n<table_summary>\nThe table lists several top-level pages along with their corresponding Google performance scores. The pages include the root URL (\"/\"), \"/category1/\", \"/category1/subcat1/\", \"/category3/subcat2/\", and \"/category1/subcat1/mainpage\". The scores range from 5.67 to 10.8, with higher scores indicating better performance. The scores for \"/\" (9.71) and \"/category3/subcat2/\" (10.8) are highlighted in yellow, suggesting they are of particular interest.\n</table_summary>\n\n<image_summary>\nThere is no standalone image on this slide, but there is a small owl logo in the bottom right corner, which appears to be associated with the presenter or the event. Additionally, the Digital Summit Phoenix logo is present in the bottom left corner, indicating the context of the presentation.\n</image_summary>\n\nThe slide also includes the hashtag \"#DS15\" and the Twitter handle \"@AlanBleiweiss,\" suggesting it was part of a digital summit event in Phoenix, likely in 2015, and presented by Alan Bleiweiss.\n</summary>"
    },
    "19": {
      "summary": "<summary>\nThe page focuses on \"Mastering Strategic SEO Audits\" and presents performance metrics for various top-level pages using different testing tools. The primary content includes a table comparing load times for different URLs across Google, URIV, and WPT DSL emulators. Below the table, there is a note comparing these results to URIValet.com (1.5mbps) and WebPageTest.org DSL Emulators. The slide is part of a presentation from Digital Summit Phoenix (#DS15), credited to @AlanBleiweiss.\n\n<table_summary>\nTable 1: This table lists top-level pages along with their respective load times in seconds measured by three different tools: Google, URIV, and WPT DSL. The URLs include the root directory (\"/\"), \"/category1/\", \"/category1/subcat1/\", \"/category3/subcat2/\", and \"/category1/subcat1/mainpage\". Each URL's performance is quantified numerically, showing variations in load times across the tools.\n</table_summary>\n\n<image_summary>\nThe bottom left corner features the logo for \"Digital Summit Phoenix,\" while the bottom right corner includes the Twitter handle \"@AlanBleiweiss\" alongside an owl icon, symbolizing wisdom or expertise related to SEO audits.\n</image_summary>\n</summary>"
    },
    "20": {
      "summary": "<summary>\nThis page focuses on the importance of conducting strategic SEO audits by emphasizing the need to go beyond just analyzing the most visited pages. It advises sorting pages by average time to identify the slowest-performing ones, which can significantly impact user experience and search engine rankings. The slide includes a table listing example URLs along with their corresponding load times in seconds, highlighting the performance metrics that should be considered during an audit.\n\n<table_summary>Table 1: This table lists four example URLs alongside their respective load times in seconds. The URLs represent different types of pages (e.g., product pages, blog posts, video pages) and their associated performance metrics, illustrating the variability in load times across different page types.</table_summary>\n\n<image_summary>The bottom left corner features the \"Digital Summit Phoenix\" logo, indicating the event where this presentation was likely delivered. The bottom right corner includes the Twitter handle \"@AlanBleiweiss\" and an owl icon, suggesting the presenter's social media presence and branding.</image_summary>\n</summary>"
    },
    "21": {
      "summary": "<summary>\nThe page focuses on \"Mastering Strategic SEO Audits\" and emphasizes the importance of gathering relevant data tailored to specific situations or goals. It provides a table detailing various parameters related to URL monitoring, crawling, and indexing, which are crucial for SEO analysis.\n\n<table_summary>\nThe table lists different parameters (e.g., `rj3`, `runv`, `utm_medium`, `utm_source`, `utm_campaign`) along with the number of URLs monitored, crawl instructions, and indexed results. For example, `rj3` has 241,762 URLs monitored, with Googlebot deciding whether to crawl them, resulting in 38,500 indexed pages. Parameters like `utm_medium`, `utm_source`, and `utm_campaign` have significantly fewer indexed pages compared to others, highlighting potential issues with tracking or indexing.\n</table_summary>\n\n<image_summary>\nThe page includes a logo for \"digital summit PHOENIX\" at the bottom left corner, indicating the event context. Additionally, there is an owl icon next to the Twitter handle \"@AlanBleiweiss,\" suggesting the presenter's social media presence and branding.\n</image_summary>\n\nThe slide also features the hashtag \"#DS15,\" likely referring to the Digital Summit Phoenix event in 2015, providing context for the presentation.\n</summary>"
    },
    "22": {
      "summary": "<summary>\nThe page focuses on \"Mastering Strategic SEO Audits,\" presenting data related to Google Organic Visits over time, specifically highlighting the impact of various SEO factors such as Panda, Penguin, Structural, Local, and Other issues. The graph illustrates fluctuations in organic traffic from January 2012 to January 2014, showing significant dips and recoveries, likely due to algorithm updates and site optimizations. The presentation appears to be part of the Digital Summit Phoenix event (#DS15), as indicated by the logo and hashtag at the bottom. The speaker's Twitter handle, @AlanBleiweiss, is also mentioned.\n\n<figure_summary>Figure 1: A line graph titled \"Google Organic Visits\" displays the number of organic visits over time, segmented into different categories (Panda, Penguin, Structural, Local, Other). The x-axis represents months from January 2012 to January 2014, while the y-axis shows visit counts ranging from 0k to 25k. The graph highlights periods of decline and recovery, suggesting the impact of SEO-related issues and subsequent improvements.</figure_summary>\n\n<image_summary>The page includes a watermark with the word \"barracuda,\" likely indicating the source or tool used to generate the data or presentation. Additionally, there is an owl icon next to the speaker's Twitter handle, which may represent the speaker's personal brand or affiliation.</image_summary>\n</summary>"
    },
    "23": {
      "summary": "<summary>\nThe page titled \"Mastering Strategic SEO Audits\" focuses on identifying and addressing common issues found during an SEO audit related to sitemaps. It highlights three types of warnings associated with different sitemap files: `sitemap.xml`, `sitemap2.xml`, and `videositemap.xml`. Each warning pertains to accessibility problems with URLs listed in these sitemaps, such as being inaccessible due to HTTP status errors, unreachable due to server or network issues, or timing out due to network delays. The page emphasizes the importance of resolving these issues to ensure optimal search engine visibility and indexing.\n\n<table_summary>\nThe table on the page lists the following columns: Sitemap #, Type, Issue, Description, and Issues count. It provides detailed information about the number of URLs affected by each issue:\n- **sitemap.xml**: 159 URLs were not accessible due to HTTP status errors.\n- **sitemap2.xml**: 1732 URLs were unreachable, potentially caused by server or network errors.\n- **videositemap.xml**: 504 URLs timed out, likely due to network availability issues.\nEach row includes a brief description of the problem and recommended actions for resolution.\n</table_summary>\n\n<image_summary>\nThe page features a logo for \"digital summit PHOENIX\" at the bottom left corner, indicating the event or conference where this presentation was likely shared. Additionally, there is a Twitter handle \"@AlanBleiweiss\" and a stylized owl icon at the bottom right, suggesting the presenter or author of the content.\n</image_summary>\n</summary>"
    },
    "24": {
      "summary": "<summary>\nThis page focuses on \"Mastering Strategic SEO Audits\" and presents a comparative analysis of various webpage components across different types of webpages (Home, Sample Main Page, Sample Blog Page, and Sample Video Page). The primary goal is to highlight the quantity and size of different objects (HTML, CSS, Scripts, Images, CSS Images, Multimedia, and Other) on each type of webpage, emphasizing areas where optimization might be necessary for better SEO performance.\n\n<table_summary>\nThe table is divided into four sections, each representing a different type of webpage:\n- **Home**: Lists the quantities and sizes of HTML, CSS, Scripts, Images, CSS Images, Multimedia, and Other objects.\n- **Sample Main Page**: Provides similar data for a sample main page, showing higher quantities and sizes compared to the Home page.\n- **Sample Blog Page**: Details the components of a blog page, which have even larger quantities and sizes, especially in CSS and Scripts.\n- **Sample Video Page**: Shows the composition of a video page, with significant increases in total object counts and sizes, particularly in CSS Images and Other categories.\n</table_summary>\n\n<figure_summary>\nThere are no standalone figures or charts on this page; however, the tabular data itself serves as a comparative figure, visually highlighting differences in webpage composition across various types of pages.\n</figure_summary>\n\n<image_summary>\nThe page includes a small logo for \"digital summit PHOENIX\" at the bottom left corner and an owl icon with the handle \"@AlanBleiweiss\" at the bottom right corner. These serve as branding elements and credit the presenter or source of the content.\n</image_summary>\n\nOverall, the page emphasizes the importance of analyzing webpage structure and resource usage to identify potential bottlenecks or areas for improvement in SEO audits. The use of color coding (e.g., red for large values) draws attention to significant data points, such as high script and CSS sizes, which could impact page load times and user experience.\n</summary>"
    },
    "25": {
      "summary": "<summary>\nThe page focuses on \"Mastering Strategic SEO Audits,\" presenting data related to structured markup usage and errors across different data types. The primary content is a table detailing various structured markup types, their sources, the number of items, items with errors, and associated pages. The data highlights significant discrepancies in the implementation of structured markup, particularly for Blog and Article types using schema.org, where a large number of items have errors. Other data types, such as hatom and hentry using microformats.org, also show high error rates, while some types like Article (nik.io) and WebSite (schema.org) have no reported errors.\n\n<table_summary>\nTable 1: This table provides a breakdown of structured markup data, including the type of data, its source (e.g., schema.org, microformats.org, nik.io), the total number of items, the number of items with errors, and the number of pages affected. Notable observations include a high number of errors for Blog and Article types using schema.org, while other types like Article (nik.io) and WebSite (schema.org) show zero errors.\n</table_summary>\n\n<image_summary>\nThe page includes a logo for \"digital summit PHOENIX\" at the bottom left and an owl icon next to \"@AlanBleiweiss\" at the bottom right, indicating the presentation's affiliation with the Digital Summit Phoenix event and the presenter's social media handle.\n</image_summary>\n</summary>"
    },
    "26": {
      "summary": "<summary>\nThe page focuses on \"Mastering Strategic SEO Audits,\" presenting data related to website performance and SEO issues. It includes a line graph showing the time spent downloading a page in milliseconds over a period, highlighting fluctuations in download times. Additionally, there is a table summarizing meta description and title tag issues across various pages, such as duplicate meta descriptions, long meta descriptions, short meta descriptions, missing title tags, and duplicate title tags. The page also features branding elements like the Digital Summit Phoenix logo and a reference to \"#DS15\" along with a social media handle \"@AlanBleiweiss.\"\n\n<figure_summary>Figure 1: A line graph titled \"Time spent downloading a page (in milliseconds)\" illustrates the variation in page download times over a timeline, with a noticeable spike around December 2014.</figure_summary>\n\n<table_summary>Table 1: This table provides an overview of SEO-related issues, including counts of pages with duplicate meta descriptions (2,215), long meta descriptions (21), short meta descriptions (1,450), missing title tags (10), and duplicate title tags (621).</table_summary>\n\n<image_summary>The page includes a small owl illustration next to the social media handle \"@AlanBleiweiss,\" likely serving as a visual identifier or mascot for the presenter or organization.</image_summary>\n</summary>"
    },
    "27": {
      "summary": "<summary>\nThe page focuses on \"Mastering Strategic SEO Audits,\" presenting data related to backlink discovery and referring domains over time. It emphasizes the growth in backlinks and referring domains for the website `gorentals.co.nz` using a cumulative view approach. The data spans several years, highlighting a steady increase in both metrics.\n\n<figure_summary>Figure 1: Backlinks Discovery (cumulative view) - This line graph illustrates the cumulative number of backlinks discovered for `gorentals.co.nz` over time, starting from June 2006 to October 2014. The blue line shows a consistent upward trend, indicating a significant increase in backlinks.</figure_summary>\n\n<figure_summary>Figure 2: Referring Domains Discovery (cumulative view) - This line graph displays the cumulative number of referring domains for `gorentals.co.nz` over the same time period. Similar to the backlinks graph, it shows a steady rise, reflecting an expanding network of domains linking to the site.</figure_summary>\n\nThe page also includes branding elements such as the \"Digital Summit Phoenix\" logo and the hashtag \"#DS15,\" along with the Twitter handle \"@AlanBleiweiss.\" These suggest that the content is part of a presentation or discussion at a digital marketing event.\n\nOverall, the page uses visual data to demonstrate the importance of tracking backlinks and referring domains as part of strategic SEO audits, showcasing the positive impact of effective SEO strategies over time.\n</summary>"
    },
    "28": {
      "summary": "<summary>\nThe page focuses on \"Mastering Strategic SEO Audits,\" highlighting key aspects of topical trust flow and backlink analysis. The content emphasizes understanding how different categories contribute to a website's trustworthiness and authority in search engine rankings.\n\n<table_summary>\nThe section titled \"TOPICAL TRUST FLOW\" lists various categories along with numerical values indicating their influence or relevance:\n- Recreation / Travel: 34\n- News / Newspapers: 33\n- Regional / Oceania: 14\n- Sports / Equestrian: 13\n- Reference / Dictionaries: 13\n- Business / Transportation and Logistics: 13\nThis table suggests the importance of diverse and authoritative sources contributing to a site's topical trust flow.\n</table_summary>\n\n<figure_summary>\nA donut chart labeled \"Backlink Breakdown\" visually represents the composition of backlinks:\n- Frames: A small portion\n- Images: A minor segment\n- TextLinks: The largest segment\n- Redirects: A smaller portion\nAdditionally, there are two smaller pie charts showing the distribution of \"Follow\" vs. \"NoFollow\" links and \"Deleted\" vs. \"Live at Last Crawl\" links. These visuals help illustrate the quality and status of backlinks, which are crucial for SEO audits.\n</figure_summary>\n\nThe page also includes branding elements such as the \"digital summit PHOENIX\" logo, the hashtag \"#DS15,\" and the Twitter handle \"@AlanBleiweiss,\" indicating that this content was likely presented at a digital marketing event in Phoenix in 2015.\n</summary>"
    },
    "29": {
      "summary": "<summary>\nThis page is titled \"Mastering Strategic SEO Audits\" and appears to be part of a presentation or slide from an event called Digital Summit Phoenix (#DS15). The content focuses on various aspects of SEO audits, listing key areas to evaluate during such audits. The Screaming Frog logo is prominently displayed, indicating their involvement or endorsement of the content. The page outlines several categories of SEO audit items, including internal and external redirects, dead-ends, URL structure, oversized files, robots directives, canonical tags, page titles, meta descriptions, and H1 & H2 headline tags. Additionally, it mentions that there are \"Much more!\" items to consider, suggesting a broader scope beyond those listed. The slide also includes social media handles (@AlanBleiweiss) and a small owl graphic, likely representing the presenter or associated entity.\n\n<image_summary>The page features the Screaming Frog logo, which includes a stylized frog character integrated into the wordmark. There is also a small owl graphic near the bottom right corner, along with the Digital Summit Phoenix logo in the bottom left.</image_summary>\n\n</summary>"
    },
    "30": {
      "summary": "<summary>\nThe page is titled \"Mastering Strategic SEO Audits\" and appears to be a slide or presentation cover related to search engine optimization (SEO) strategies. It highlights various tools and services commonly used in SEO audits, including logos for MOZ, AuthorityLabs, Ahrefs, Raven, and W3C Markup Validation Service. These tools are likely referenced for their roles in analyzing website performance, backlinks, technical SEO issues, and HTML validation. The bottom of the page includes branding for Digital Summit Phoenix (#DS15) and a social media handle (@AlanBleiweiss), indicating the context of a digital marketing event or conference.\n\n<image_summary>The page features logos of popular SEO tools and services, such as MOZ, AuthorityLabs, Ahrefs, Raven, and W3C Markup Validation Service. Each logo represents a different aspect of SEO auditing, such as link analysis, site authority, technical SEO, and markup validation. Additionally, there is an owl icon next to the social media handle @AlanBleiweiss, which may represent a personal brand or mascot.</image_summary>\n</summary>"
    },
    "31": {
      "summary": "<summary>\nThis slide focuses on the topic of \"Mastering Strategic SEO Audits,\" specifically highlighting the importance of evaluating signals and relationships in SEO. The key points listed under this heading include assessing the number of indexed pages using Google Webmaster Tools (GWT), analyzing performance metrics such as First Byte Time, Time to Download, and Total Page Process Time, and examining on-page elements like Page Title, URL, breadcrumb navigation, H1 Headline, the main focus of the content, and the anchor text of links pointing to the page. These elements collectively help in understanding the site's structure, performance, and relevance for search engines.\n\n<image_summary>The slide includes a logo for \"digital summit PHOENIX\" at the bottom left corner, indicating the event where this presentation was likely delivered. Additionally, there is a Twitter handle \"@AlanBleiweiss\" and an owl graphic at the bottom right, suggesting the presenter's social media presence and branding.</image_summary>\n</summary>"
    },
    "32": {
      "summary": "<summary>\nThis slide focuses on the topic of \"Mastering Strategic SEO Audits,\" specifically highlighting the importance of evaluating signals and relationships during an SEO audit. Key points include assessing technical elements such as `robots.txt`, meta robots, canonical tags, and Open Graph (OG) URLs. Additionally, the slide emphasizes analyzing topical focus at various levels: page-level, section-level, and site-level. It also mentions identifying the primary topic of a page, avoiding distractions (\"shiny objects\"), and examining words at the source level. The slide is part of a presentation from Digital Summit Phoenix (#DS15), credited to @AlanBleiweiss.\n\n<image_summary>The slide features a simple design with a title at the top, bullet points in a box, and logos at the bottom. The logo includes \"digital summit PHOENIX\" and an owl icon next to \"@AlanBleiweiss.\" There are no additional images, charts, or diagrams.</image_summary>\n</summary>"
    },
    "33": {
      "summary": "<summary>\nThe page focuses on the topic of \"Mastering Strategic SEO Audits\" and emphasizes the importance of taking a step back from the keyboard during the audit process. The main point highlighted is the need to pause and reflect rather than being overly focused on technical tasks. This is visually reinforced by two images: one showing a person with a tired expression, symbolizing burnout or overwork, and another depicting a hand holding a \"HELP\" flag amidst scattered papers, representing overwhelm or confusion.\n\n<image_summary>The first image shows a close-up of a person's face with a weary or exhausted expression, indicating the stress or fatigue that can come from intense work. The second image illustrates a hand emerging from a pile of papers, holding a white flag with the word \"HELP\" written on it, symbolizing a call for assistance or a need to step back from overwhelming tasks.</image_summary>\n\nThe page also includes branding elements such as the \"Digital Summit Phoenix\" logo and the hashtag \"#DS15,\" along with the Twitter handle \"@AlanBleiweiss,\" suggesting that this content is part of a presentation or talk at an event related to digital marketing or SEO strategies.\n</summary>"
    },
    "34": {
      "summary": "<summary>\nThis page is titled \"Mastering Strategic SEO Audits\" and appears to be part of a presentation or document focused on concluding insights about SEO audits. The main topic is \"Final Conclusions,\" suggesting that this page summarizes key takeaways or recommendations from the preceding content. The visual element on the page features an image of wheat stalks and scattered grains, which may symbolize growth, harvest, or the culmination of efforts, aligning with the theme of final conclusions.\n\n<image_summary>The image shows a close-up of wheat stalks with golden grains, some of which have fallen onto the surface below. This imagery likely serves as a metaphor for the results or outcomes of strategic SEO audits, emphasizing the idea of reaping benefits from careful planning and execution.</image_summary>\n\nThe page also includes branding elements such as the \"digital summit PHOENIX\" logo in the bottom left corner, indicating the event or organization associated with the content. Additionally, the hashtag \"#DS15\" and the Twitter handle \"@AlanBleiweiss\" suggest that this content was presented at Digital Summit Phoenix 2015 by Alan Bleiweiss, who may be the author or presenter.\n\nOverall, the page combines textual and visual elements to convey the importance of drawing meaningful conclusions from SEO audits, using the wheat imagery to reinforce themes of growth and success.\n</summary>"
    },
    "35": {
      "summary": "<summary>\nThe page focuses on the topic of \"Mastering Strategic SEO Audits,\" specifically emphasizing the importance of providing clear recommendations during the audit process. The main point highlighted is to ensure that recommendations are straightforward and not confusing, as indicated by the text \"Be Clear Don’t Confuse!\" This message is reinforced by a cartoon illustration showing a military officer giving instructions to soldiers, who appear confused, symbolizing the need for clarity in communication.\n\n<image_summary>The image is a black-and-white cartoon depicting a military officer pointing in one direction while three soldiers stand below him, looking perplexed with question marks above their heads. This visual metaphor underscores the idea that unclear instructions can lead to confusion, paralleling the need for clear recommendations in SEO audits.</image_summary>\n\nThe slide also includes branding elements such as the \"digital summit PHOENIX\" logo at the bottom left and the hashtag \"#DS15,\" indicating that this content was likely part of a presentation at the Digital Summit Phoenix event. Additionally, the Twitter handle \"@AlanBleiweiss\" and an owl icon are present, suggesting the presenter's identity and possibly their affiliation or personal brand.\n\nOverall, the page serves as a visual reminder for professionals conducting SEO audits to prioritize clarity in their recommendations to avoid misunderstandings and ensure effective implementation.\n</summary>"
    },
    "36": {
      "summary": "<summary>\nThis page focuses on the topic of \"Mastering Strategic SEO Audits\" and emphasizes the importance of avoiding overwhelming decision-makers during the audit process. The presentation appears to be part of the Digital Summit Phoenix event (#DS15), as indicated by the logo and hashtag at the bottom left. The author or presenter is identified as Alan Bleiweiss (@AlanBleiweiss), as shown in the bottom right corner. The central image depicts a child covering their ears, symbolizing the concept of avoiding information overload or noise, which aligns with the theme of not overwhelming decision-makers.\n\n<image_summary>The image shows a young child wearing a blue shirt, covering their ears with both hands, and appearing distressed or overwhelmed. This visual metaphor reinforces the idea of avoiding excessive information or noise during strategic SEO audits.</image_summary>\n\nThe overall message suggests a focus on effective communication and prioritization in SEO audits to ensure that decision-makers are provided with actionable insights without being overwhelmed by data or technical details.</summary>"
    },
    "37": {
      "summary": "<summary>\nThe page focuses on the topic of \"Mastering Strategic SEO Audits,\" likely part of a presentation or discussion at the Digital Summit Phoenix (#DS15). The central theme emphasizes the importance of prioritization in SEO audits, suggesting that even when faced with overwhelming tasks, one should focus on actionable improvements. The visual element reinforces this message through an image of a person lying outside a tent while another person inside the tent works on fixing a bike, accompanied by the text \"PRIORITIZE At Least You Can Fix The Bike.\" This metaphor highlights the need to address manageable issues first.\n\n<image_summary>The image shows a camping scene where one person is lying on the ground outside a tent, appearing relaxed or exhausted, while another person inside the tent is actively working on repairing a bicycle. The setting includes camping gear, such as a sleeping bag and a water bottle, emphasizing a scenario of limited resources and priorities.</image_summary>\n\nThe page also includes branding elements, such as the Digital Summit Phoenix logo and the Twitter handle \"@AlanBleiweiss,\" indicating the source and presenter of the content. The overall tone suggests a humorous yet insightful approach to strategic planning in SEO audits.\n</summary>"
    },
    "38": {
      "summary": "<summary>\nThe page titled \"Mastering Strategic SEO Audits\" emphasizes the importance of site ownership in decision-making during SEO audits. It highlights that unless you are the site owner, someone else will ultimately decide which aspects of the site get worked on and which do not. This message underscores the need for site owners to take an active role in strategic SEO decisions. The page also includes branding elements such as the Digital Summit Phoenix logo and a hashtag (#DS15), indicating its association with a digital marketing event.\n\n<image_summary>The image on the right side of the page features a cartoon depiction of a judge holding a gavel, symbolizing authority and decision-making. The judge's exaggerated expression conveys a sense of finality and control over the outcome, reinforcing the idea that decisions about SEO audits are often made by those in positions of authority.</image_summary>\n\nThe overall tone of the page is motivational, encouraging site owners to prioritize their involvement in SEO strategies to ensure their vision and priorities are reflected in the audit process.\n</summary>"
    },
    "39": {
      "summary": "<summary>\nThe page discusses the importance of strategic SEO audits, emphasizing the potential impact when only some recommendations are implemented. It highlights a scenario where partial implementation can lead to significant changes in website performance metrics.\n\n<figure_summary>Figure 1: A line graph titled \"Sessions\" shows website traffic data over time, ranging from April 2014 to January 2015. The graph illustrates a steady increase in sessions until July 2014, followed by a sharp decline, and then a gradual recovery towards the end of the period. This visual emphasizes the consequences of incomplete SEO recommendation implementation.</figure_summary>\n\nThe page also includes branding elements such as the \"digital summit PHOENIX\" logo, the hashtag \"#DS15,\" and the Twitter handle \"@AlanBleiweiss,\" indicating that this content is likely part of a presentation or talk at the Digital Summit Phoenix event in 2015.\n</summary>"
    },
    "40": {
      "summary": "<summary>\nThe page discusses the topic of \"Mastering Strategic SEO Audits\" and highlights the potential outcomes when all audit recommendations are successfully implemented. It emphasizes the positive impact on website performance, specifically focusing on session growth over time.\n\n<figure_summary>Figure 1: A line graph titled \"Sessions\" illustrates the number of sessions over a period from July 2011 to January 2015. The graph shows an overall upward trend in sessions, with fluctuations and a noticeable dip around July 2013. This visual representation underscores the effectiveness of implementing SEO audit recommendations.</figure_summary>\n\nThe page also includes branding elements such as the \"digital summit PHOENIX\" logo and the hashtag \"#DS15,\" indicating that this content is part of a presentation or discussion at the Digital Summit Phoenix event. Additionally, the Twitter handle \"@AlanBleiweiss\" is mentioned, suggesting the author or presenter of the content.\n\nOverall, the page aims to convey the importance of strategic SEO audits and their potential to drive significant improvements in website traffic and performance.\n</summary>"
    },
    "41": {
      "summary": "<summary>\nThis page introduces a presentation titled \"Mastering Strategic SEO Audits\" by Alan Bleiweiss, a Forensic SEO Consultant. The content focuses on the importance of strategic SEO audits in improving website performance. A line graph titled \"Sessions\" is prominently displayed, showing an upward trend in website sessions over time, from July 2011 to January 2015, indicating growth in traffic. The graph highlights the effectiveness of SEO strategies over several years. Contact information for Alan Bleiweiss is provided, including his website (http://AlanBleiweiss.com) and Twitter handle (@AlanBleiweiss). The presentation is associated with the Digital Summit Phoenix event (#DS15), as indicated by the logo and hashtag at the bottom of the slide.\n\n<figure_summary>Figure 1: Line Graph - Sessions: This graph illustrates the increase in website sessions over time, spanning from July 2011 to January 2015. It demonstrates a consistent upward trend, emphasizing the positive impact of SEO efforts on website traffic.</figure_summary>\n\n<image_summary>Digital Summit Phoenix Logo: A small logo for the Digital Summit Phoenix event is located at the bottom left corner of the slide, indicating the context of the presentation.</image_summary>\n\n<image_summary>Owl Illustration: An owl illustration is placed at the bottom right corner of the slide, likely serving as a visual element related to the presenter or the consulting firm.</image_summary>\n</summary>"
    }
  }
}