{
  "doc_id": "asdaaburson-marstellerarabyouthsurvey2014-140407100615-phpapp01_95.pdf",
  "pages": {
    "1": {
      "summary": "<summary>\nThis page is the cover of the \"ASDA'A Burson-Marsteller Arab Youth Survey 2014.\" It highlights the survey's focus on the aspirations and values of young people in the Arab region. The central quote, \"WE WANT TO EMBRACE MODERN VALUES,\" emphasizes the desire among Arab youth to adopt contemporary values. The survey was conducted across multiple countries, including Algeria, Bahrain, Egypt, Iraq, Jordan, Kuwait, Lebanon, Libya, Morocco, Oman, Palestine, Qatar, Saudi Arabia, Tunisia, UAE, and Yemen. The date of release is April 7, 2014, and the website arabyouthsurvey.com along with the hashtag #arabyouthsurvey are provided for further information.\n\n<image_summary>The background features a vibrant, colorful splash of paint, symbolizing creativity and diversity. On the right side, there is an illustration of a map of the Middle East, overlaid with a stylized depiction of a young woman wearing a headscarf, smiling and looking forward, which represents the youthful and hopeful perspective of the survey participants.</image_summary>\n</summary>"
    },
    "2": {
      "summary": "<summary>\nThis page provides an overview of the 2014 Arab Youth Survey. It highlights that the survey involved 3,500 face-to-face interviews conducted by PSB, focusing on Arab youth aged 18–24 years. The sample was evenly split between males and females, ensuring gender balance. The survey covered 16 countries, categorized into four regions: GCC (Bahrain, Kuwait, Oman, Qatar, Saudi Arabia, UAE), Levant (Jordan, Iraq, Lebanon, Palestine), North Africa (Algeria, Egypt, Libya, Morocco, Tunisia), and Other (Yemen).\n\nThe page also includes logos and branding elements at the top, indicating collaboration among ASDA'A Burson-Marsteller, Penn Schoen Berland, and other entities. A website link (arabyouthsurvey.com) and a hashtag (#arabyouthsurvey) are provided for further information.\n\nThere are no tables, figures, or images on this page; it primarily consists of textual information presented in bullet points.\n</summary>"
    },
    "3": {
      "summary": "<summary>\nThe page introduces a research study aimed at gathering opinions from Arab youth on various subjects. The primary focus areas identified in the research include General Attitudes, Current Events, Economy and Personal Finance, Education and Careers, Values and Beliefs, Foreign Relations, and Media Consumption Habits. The study was conducted by ASDAA, Burson-Marsteller, and Penn Schoen Berland, as indicated by the logos at the top of the page. The website \"arabyouthsurvey.com\" and the hashtag \"#arabyouthsurvey\" are provided for further information, along with the year 2014, suggesting when the survey took place.\n\n<image_summary>The page features a clean design with a white background and a dark blue section listing the research topics. Logos of the collaborating organizations are displayed at the top, alongside the website URL and hashtag related to the survey.</image_summary>\n</summary>"
    },
    "4": {
      "summary": "<summary>\nThis page serves as an introductory section titled \"METHODOLOGY,\" likely outlining the research methods used in the ASDA'A Burson-Marsteller Arab Youth Survey 2014. The title is prominently displayed in large white letters against a green circular background with a geometric pattern, suggesting a focus on clarity and structure. The page includes logos of ASDA'A, Burson-Marsteller, Penn Schoen Berland, and the Arab Youth Survey 2014, indicating collaboration among these organizations. The design elements, such as the green color scheme and decorative patterns, convey a sense of professionalism and cultural relevance.\n\n<image_summary>The central image is a large green circle with a geometric pattern, containing the word \"METHODOLOGY\" in bold white text. This design element serves as a visual anchor for the page, emphasizing the importance of the methodology section.</image_summary>\n\n<logo_summary>The logos at the top left and right corners represent ASDA'A, Burson-Marsteller, Penn Schoen Berland, and the Arab Youth Survey 2014, respectively. These logos establish the credibility and collaborative nature of the project.</logo_summary>\n</summary>"
    },
    "5": {
      "summary": "<summary>\nThis page provides an overview of a study commissioned in December 2013, with interviews conducted between December 2013 and January 2014. The focus is on detailing the sample distribution across various countries and cities, specifically highlighting the \"Original 2008-10 countries.\" The sample sizes for each country are indicated, along with the percentage breakdown of respondents from different cities within those countries.\n\n<table_summary>\nThe table titled \"Original 2008-10 countries\" lists nine countries: UAE, Oman, Qatar, Bahrain, KSA (Kingdom of Saudi Arabia), Kuwait, Egypt, Jordan, and Lebanon. Each country has a specified sample size (N) and is further broken down into major cities, with percentages indicating the proportion of respondents from each city. For example, the UAE has a total sample size of 300, with Abu Dhabi representing 40%, Dubai 40%, and Sharjah 20%. Similarly, other countries like Qatar and Egypt show varying distributions across their respective cities.\n</table_summary>\n\n<image_summary>\nThere are no standalone images or illustrations on this page apart from the logos at the top, which include ASDAA, Burson-Marsteller, Penn Schoen Berland, and the Arab Youth Survey branding. These logos serve as identifiers for the organizations involved in the study.\n</image_summary>\n\nThe page emphasizes the geographical and demographic scope of the survey, providing a clear breakdown of how the sample was distributed across different regions to ensure representativeness.\n</summary>"
    },
    "6": {
      "summary": "<summary>\nThis page presents data from the Arab Youth Survey conducted by ASDA'A Burson-Marsteller in collaboration with Penn Schoen Berland. The survey focuses on various countries in the Middle East and North Africa, highlighting new cities included in the study each year from 2011 to 2014. The table categorizes the cities by year of inclusion and provides the percentage distribution of respondents from each city within the respective country's sample size.\n\n<table_summary>\nThe table is divided into four columns, each representing a year (2011, 2012, 2013, and 2014). Each column lists the countries and cities newly added to the survey that year, along with the sample size (N) for each country. For example, Iraq was added in 2011 with a sample size of 250, while Palestine was added in 2014 with a sample size of 150. Within each country, the cities are listed with their corresponding percentages, indicating the proportion of respondents from that city in the national sample.\n</table_summary>\n\n<image_summary>\nAt the top of the page, there are logos for ASDA'A Burson-Marsteller, Penn Schoen Berland, and other collaborating organizations. Additionally, there is a hashtag (#arabyouthsurvey) and a website link (arabyouthsurvey.com) provided for further information about the survey.\n</image_summary>\n\nOverall, the page emphasizes the expansion of the survey over time, showcasing the growing geographical coverage across the region and providing insights into the distribution of respondents within each country.\n</summary>"
    },
    "7": {
      "summary": "<summary>\nThis page presents a timeline of significant events in the Middle East from January 2013 to January 2014, as part of the \"Arab Youth Survey 2014.\" The timeline highlights political, social, and military developments across various countries in the region. Key events include the swearing-in of women into the Saudi Shura Council, President Bouteflika of Algeria's health issues, Hassan Rouhani's election in Iran, Sheikh Tamim bin Hamad al-Thani becoming the Emir of Qatar, and major protests in Egypt. Other notable events include the removal of President Morsi in Egypt, peace talks between Israel and Palestine, fighting in Iraq, and Syria's agreement to destroy chemical weapons. The timeline also marks the suspension of support for Syrian rebels by the US and UK.\n\n<figure_summary>Figure 1: Timeline (January 2013 - January 2014): This horizontal timeline uses color-coded months and vertical lines to mark significant events. Each event is labeled with a brief description, providing a chronological overview of regional developments over the year.</figure_summary>\n\n<image_summary>Logos and branding: The top of the page features logos for ASDAA, Burson-Marsteller, Penn Schoen Berland, and ASDA'A Burson-Marsteller, along with the website \"arabyouthsurvey.com\" and the hashtag \"#arabyouthsurvey,\" indicating the sponsors and context of the survey.</image_summary>\n\n<image_summary>Circles marking start and end: Two circular icons at the beginning and end of the timeline label the period as \"AYS 2013\" and \"AYS 2014,\" respectively, emphasizing the timeframe of the Arab Youth Survey.</image_summary>\n</summary>"
    },
    "8": {
      "summary": "<summary>\nThis page serves as an introductory title slide for a section titled \"TOP 10 FINDINGS\" from the ASDA'A Burson-Marsteller Arab Youth Survey 2014. The page prominently features a large blue circular design with a geometric pattern in the center, containing the text \"TOP 10 FINDINGS\" in bold white letters. The top left corner includes logos for ASDA'A, Burson-Marsteller, and Penn Schoen Berland, indicating the organizations involved in the survey. On the top right, the text \"ASDA'A Burson-Marsteller ARAB YOUTH SURVEY 2014\" confirms the context of the findings. A decorative vertical blue pattern is present on the left side of the page, adding visual interest. The page number \"8\" is located at the bottom right corner.\n\n<image_summary>The central image is a large blue circle with a geometric pattern, serving as a visual highlight for the title \"TOP 10 FINDINGS.\" The circle's design is consistent with the overall aesthetic of the report, featuring intricate patterns that suggest a modern and professional theme.</image_summary>\n\n<image_summary>The logos at the top left corner represent the collaborating organizations: ASDA'A, Burson-Marsteller, and Penn Schoen Berland. These logos establish the credibility and partnership behind the survey.</image_summary>\n\n<image_summary>The decorative vertical blue pattern on the left side of the page adds a subtle visual element, enhancing the overall design without distracting from the main content.</image_summary>\n</summary>"
    },
    "9": {
      "summary": "<summary>\nThis page highlights a key finding from the Arab Youth Survey 2014, emphasizing that a growing number of Arab youth are embracing modern values while family, friends, and religion remain influential in shaping their opinions and lives. The page uses bold text and a visually engaging design to convey this message effectively.\n\n<image_summary>The background features a colorful, abstract map of the Middle East, symbolizing the region under study. In the foreground, there is an image of a smiling young man and woman, representing Arab youth. The woman wears a hijab, adding cultural context to the image.</image_summary>\n\nThe page also includes branding elements at the top, such as logos for ASDA'A Burson-Marsteller and Penn Schoen Berland, along with the website \"arabyouthsurvey.com\" and the hashtag \"#arabyouthsurvey,\" indicating the source and scope of the survey. The large blue circle with the number \"1\" suggests that this is the first key insight or finding presented in the report.\n</summary>"
    },
    "10": {
      "summary": "<summary>\nThis page presents data from the \"Arab Youth Survey 2014\" conducted by ASDAA Burson-Marsteller and Penn Schoen Berland, focusing on the topic of **Values and Beliefs**. The survey asks respondents which of two statements best reflects their views: \n1. \"Traditional values mean a lot to me, and ought to be preserved for generations to come.\"\n2. \"Traditional values are outdated and belong in the past. I am keen to embrace modern values and beliefs.\"\n\nThe results are displayed using a stacked bar chart, showing the percentage of respondents who chose each statement across four years (2011, 2012, 2013, and 2014). The chart indicates a general trend where the preference for traditional values decreases over time, while the preference for modern values increases.\n\n<figure_summary>\nFigure 1: Stacked Bar Chart – Values and Beliefs  \nThis chart visually represents the distribution of responses to the survey question over four years. Each bar is divided into two segments: red for those who value traditional values and orange for those who prefer modern values. The percentages shown at the top of each segment indicate the proportion of respondents for each category. For example, in 2011, 83% favored traditional values, while 17% favored modern values. By 2014, the proportions shifted to 54% favoring traditional values and 46% favoring modern values.\n</figure_summary>\n\nThe base note at the bottom of the page specifies that the data has been rebased to remove \"Don’t know\" responses, ensuring a clearer comparison between the two options.\n\n</summary>"
    },
    "11": {
      "summary": "<summary>\nThe page presents data from the \"Arab Youth Survey 2014,\" focusing on the values and beliefs of young people across various Arab countries regarding traditional versus modern values. The survey explores two contrasting perspectives: (1) the importance of preserving traditional values for future generations and (2) the preference for embracing modern values and beliefs. The data is visually represented using a stacked bar chart, showing percentages for each country in 2014.\n\n<figure_summary>Figure 1: A stacked bar chart titled \"Values and Beliefs by Country.\" The chart compares responses to two statements: \n- Red sections represent the percentage of respondents who believe \"Traditional values mean a lot to me, and ought to be preserved for generations to come.\"\n- Orange sections represent the percentage of respondents who believe \"Traditional values are outdated and belong in the past. I am keen to embrace modern values and beliefs.\"\n\nCountries included in the chart are: Among All, Egypt, Jordan, Kuwait, Qatar, Saudi Arabia, UAE, Oman, Lebanon, Bahrain, Iraq, Tunisia, Libya, Algeria, Morocco, Yemen, Palestine, GCC, and Non-GCC. The percentages for each category are clearly labeled on top of the respective bars.</figure_summary>\n\nThe chart reveals variations in attitudes toward traditional and modern values across different countries. For instance, countries like Saudi Arabia show a higher inclination toward preserving traditional values, while others, such as the UAE, exhibit a stronger leaning toward modern values. The base of the data indicates that responses were rebased to exclude \"Don't know\" answers, ensuring a clearer comparison between the two perspectives.\n\nThis page provides insights into the cultural and generational shifts in values among Arab youth, highlighting regional differences and trends in their attitudes toward tradition and modernity.\n</summary>"
    },
    "12": {
      "summary": "<summary>\nThe page presents data from the \"Arab Youth Survey 2014,\" focusing on the topic of \"Life Influences.\" It explores how various factors influence the outlook on life among respondents, specifically asking them to rate the influence of each factor as \"Very influential.\" The data is compared between the years 2013 and 2014, with percentages shown for each category.\n\n<figure_summary>Figure 1: A horizontal bar chart compares the percentage of respondents who consider various factors \"Very influential\" in shaping their outlook on life. The categories include Parents, Family, Religion, Friends, Community leaders, Social media/bloggers, Music, Media, Politicians/Government leaders, Authors/writers, Business leaders, Sports figures, Pop stars, and TV celebrities. The chart uses green bars for 2013 and blue bars for 2014, allowing for easy comparison. Key observations include high influence ratings for family-related factors (Parents, Family, Religion, Friends) and relatively lower influence from entertainment and celebrity figures.</figure_summary>\n\nThe chart highlights a consistent trend where familial and community-related influences (e.g., Parents, Family, Religion, Friends) remain highly significant, while other categories like Media, Pop stars, and TV celebrities show lower influence. The survey base is noted as being rebased to remove \"Don't know\" responses, ensuring a more focused analysis of the data.\n\nThis page provides insights into the evolving influences on Arab youth's perspectives, emphasizing the enduring importance of traditional and personal relationships over external or media-driven factors.\n</summary>"
    },
    "13": {
      "summary": "<summary>\nThe page presents findings from the \"Arab Youth Survey 2014,\" highlighting two key points about young people's perceptions in the Arab region. The first point states that youngsters have confidence in their national governments' ability to handle various issues. However, the second point indicates a decline in confidence regarding the long-term impact of the Arab Spring. The page features a visually striking design with a large red circle containing the number \"2\" and an image of two individuals in traditional attire, set against a colorful background resembling a map of the Middle East. The overall tone suggests a focus on youth perspectives and their evolving attitudes toward governance and regional events.\n\n<image_summary>The image shows two individuals wearing traditional Arab attire, engaged in conversation. The background includes a stylized map of the Middle East with vibrant colors, symbolizing the Arab region. This visual element reinforces the theme of the survey, which focuses on Arab youth and their views.</image_summary>\n\n</summary>"
    },
    "14": {
      "summary": "<summary>\nThis page presents data from the \"Arab Youth Survey 2014,\" focusing on confidence levels in national governments' abilities to address various issues. The title, \"CONFIDENCE IN NATIONAL GOVERNMENTS’ ABILITIES,\" highlights the primary theme. Respondents were asked how confident they are in their national governments' capabilities regarding different challenges, such as living standards, economic stability, war, unemployment, population change, health, urbanization, scarcity of resources, political stability, nuclear proliferation, terrorism, poverty, climate change, and wealth creation. Confidence levels are categorized into four groups: Very confident, Somewhat confident, Not very confident, and Not at all confident.\n\n<figure_summary>Figure 1: A stacked bar chart visually represents the distribution of responses across the four confidence categories for each issue. Each bar corresponds to an issue, with segments colored differently to indicate the percentage of respondents falling into each confidence level. For example, the \"Living standards\" issue shows a high proportion of respondents who are \"Very confident\" (66%) compared to those who are \"Not at all confident\" (12%). Conversely, issues like \"Terrorism\" and \"Climate change\" show higher proportions of respondents who are \"Not at all confident\" (57% and 58%, respectively). The chart provides a clear comparison of public sentiment across various governmental responsibilities.</figure_summary>\n\nThe base note indicates that the data has been rebased to exclude responses marked as \"Don’t know.\" This ensures that the percentages reflect only the opinions of those who expressed a stance on the issues.\n\nOverall, the page effectively communicates the varying levels of trust in national governments across different domains, highlighting areas where confidence is high or low among Arab youth.\n</summary>"
    },
    "15": {
      "summary": "<summary>\nThe page discusses the **Impact of the Arab Spring** based on survey results from the \"Arab Youth Survey 2014.\" It presents data on how respondents feel about the changes in the Arab world following the uprisings, focusing on two key statements:\n\n1. **\"Following the uprisings across the Arab world, I feel the Arab world is better off.\"**\n2. **\"As a result of the uprising, I feel I will be better off in five years.\"**\n\nThe survey responses are categorized into three groups: \"Agree a lot / somewhat,\" \"Disagree a lot / somewhat,\" and \"Don't know,\" and are shown for the years 2012, 2013, and 2014.\n\n<figure_summary>\nThe page features a horizontal bar chart divided into three segments for each year (2012, 2013, 2014) corresponding to the three response categories:\n- **Green bars** represent those who agree (\"Agree a lot / somewhat\").\n- **Orange bars** represent those who disagree (\"Disagree a lot / somewhat\").\n- **Red bars** represent those who are unsure (\"Don't know\").\n\nThe chart illustrates a general trend where agreement decreases slightly over time, while disagreement and uncertainty increase marginally. For example:\n- In 2012, 72% agreed that the Arab world was better off, but by 2014, this number dropped to 54%.\n- Similarly, for the statement about feeling better off in five years, agreement decreased from 71% in 2012 to 58% in 2014.\n</figure_summary>\n\nThe base for the survey is noted as \"Among All,\" indicating that the data represents the entire sample population surveyed.\n\nThis page highlights the evolving perceptions of the Arab youth regarding the outcomes of the Arab Spring over a three-year period.\n</summary>"
    },
    "16": {
      "summary": "<summary>\nThe page highlights a key finding from the Arab Youth Survey 2014, emphasizing that rising living costs and unemployment are the most significant concerns for young people across the Middle East. The text is prominently displayed in large, bold letters, making it the focal point of the page. The page also features logos of ASDAA, Burson-Marsteller, and Penn Schoen Berland at the top, indicating the organizations involved in the survey. A colorful, abstract background with a map-like design adds visual interest, while a photograph of two individuals—presumably a man and a woman—engaged in reading or discussing something reinforces the theme of youth and concern.\n\n<image_summary>The central image shows two individuals, one wearing a suit and the other in traditional attire, focused on reading or examining a document together. This visual element symbolizes collaboration, concern, and the shared challenges faced by youth in the region.</image_summary>\n\nThe page number \"16\" is located at the bottom right corner, suggesting this is part of a larger report or presentation. The overall design combines text, imagery, and branding to convey the importance of addressing youth concerns in the Middle East.\n</summary>"
    },
    "17": {
      "summary": "<summary>\nThe page presents data from the \"Arab Youth Survey 2014,\" focusing on the level of concern among respondents about key issues over the years 2011–2014. The survey asks participants how concerned they are about various issues, with the results shown as percentages of those who are \"Very concerned.\" The top five concerns are highlighted, and the data is visually represented using horizontal bar charts.\n\n<figure_summary>Figure 1: Bar Chart of Concern About Key Issues (2011–2014)  \nThis bar chart displays the percentage of respondents who are \"Very concerned\" about five key issues: Rising cost of living, Unemployment, National economy, Opportunities for women, and Threat of terrorism. Each issue has bars representing the years 2011, 2012, 2013, and 2014, with different colors for each year. The chart shows trends in concern levels over time, with rising cost of living consistently being the most concerning issue across all years. Notably, the national economy was introduced as a new category in 2014.</figure_summary>\n\nKey observations from the chart include:\n- **Rising cost of living** remains the top concern across all years, with a significant increase from 57% in 2011 to 63% in 2014.\n- **Unemployment** is also a major concern, showing slight fluctuations but remaining high, especially in 2014 at 63%.\n- **National economy** becomes a prominent concern in 2014, with 49% of respondents indicating very high concern.\n- **Opportunities for women** and **Threat of terrorism** show moderate concern, with slight increases over the years.\n\nThe base of the survey is noted as \"Rebased to remove 'Don't know'\" responses, ensuring that only definitive opinions are included in the analysis.\n</summary>"
    },
    "18": {
      "summary": "<summary>\nThis page presents data from the Arab Youth Survey 2014, focusing on the level of concern among youth in GCC (Gulf Cooperation Council) and Non-GCC countries regarding key issues. The survey asks respondents how concerned they are about specific issues, with results expressed as percentages of those who are \"Very concerned.\" The page highlights two primary concerns: the rising cost of living and unemployment. \n\nThe data shows that both GCC and Non-GCC respondents express high levels of concern about the rising cost of living, with 63% of GCC respondents and 62% of Non-GCC respondents indicating this concern. In contrast, there is a significant difference in concern about unemployment, with 39% of GCC respondents and 55% of Non-GCC respondents being very concerned.\n\n<figure_summary>Figure 1: Bar chart comparing the percentage of GCC and Non-GCC respondents who are \"Very concerned\" about the rising cost of living. The bars are colored orange for GCC and green for Non-GCC, showing nearly equal levels of concern at 63% and 62%, respectively.</figure_summary>\n\n<figure_summary>Figure 2: Bar chart comparing the percentage of GCC and Non-GCC respondents who are \"Very concerned\" about unemployment. The bars are colored orange for GCC and green for Non-GCC, showing a lower concern among GCC respondents (39%) compared to Non-GCC respondents (55%).</figure_summary>\n\nThe base of the data is noted as \"Rebased to remove 'Don't know'\" responses, ensuring that the percentages reflect only those who have a definitive opinion on the issues.\n</summary>"
    },
    "19": {
      "summary": "<summary>\nThis page presents data from the \"Arab Youth Survey 2014,\" focusing on the level of concern about the rising cost of living across various Arab countries. The primary question asked is, \"How concerned would you say you are about the rising cost of living?\" Responses are categorized into four levels: Very concerned, Somewhat concerned, Not very concerned, and Not at all concerned. The data is visually represented using a stacked bar chart, showing the distribution of responses for each category across different countries, including Egypt, Jordan, Kuwait, Qatar, Saudi Arabia, UAE, Oman, Lebanon, Bahrain, Iraq, Tunisia, Libya, Algeria, Morocco, Yemen, and Palestine. The chart also includes an \"All\" category representing the overall response across all surveyed countries.\n\n<figure_summary>\nThe stacked bar chart illustrates the percentage of respondents in each country who fall into the four categories of concern about the rising cost of living. Each bar is divided into segments colored blue (Very concerned), green (Somewhat concerned), orange (Not very concerned), and red (Not at all concerned). The height of each segment represents the proportion of respondents in that category. For example, in Egypt, the majority of respondents (61%) are \"Very concerned,\" while only 8% are \"Not at all concerned.\" Similar patterns are observed across other countries, with variations in the proportions of each category.\n</figure_summary>\n\nThe base note indicates that the data has been rebased to remove \"Don't know\" responses, ensuring that the percentages sum to 100% for each country. This page provides insights into the economic concerns of youth across the Arab region, highlighting significant levels of worry about rising living costs.\n</summary>"
    },
    "20": {
      "summary": "<summary>\nThis page presents data from the \"Arab Youth Survey 2014,\" focusing on the level of concern about unemployment across various Arab countries. The survey question asks respondents how concerned they are about unemployment, with responses categorized into four levels: \"Very concerned,\" \"Somewhat concerned,\" \"Not very concerned,\" and \"Not at all concerned.\" The data is visually represented using a stacked bar chart, showing the distribution of responses for each country, including an \"All\" category that aggregates the results.\n\n<figure_summary>\nThe stacked bar chart illustrates the percentage of respondents in each category for 15 Arab countries, including Egypt, Jordan, Kuwait, Qatar, Saudi Arabia, UAE, Oman, Lebanon, Bahrain, Iraq, Tunisia, Libya, Algeria, Morocco, Yemen, and Palestine. Each bar is divided into four segments, colored differently to represent the four levels of concern. The chart reveals significant variations in concern levels across countries, with some countries showing higher proportions of \"Very concerned\" respondents compared to others.\n</figure_summary>\n\nThe chart indicates that overall, there is a notable level of concern about unemployment, with many respondents falling into the \"Very concerned\" or \"Somewhat concerned\" categories. Notably, the \"All\" category shows that nearly half of the respondents are \"Very concerned\" about unemployment. The data is rebased to exclude \"Don't know\" responses, ensuring a clearer comparison across countries.\n\nThis page highlights the widespread concern about unemployment among Arab youth, providing insights into the varying degrees of worry across different nations. The visual representation effectively communicates the distribution of concerns, making it easy to compare the levels of anxiety about unemployment in each country.\n</summary>"
    },
    "21": {
      "summary": "<summary>\nThis page presents a key finding from the Arab Youth Survey 2014, highlighting that Arab youth believe civil unrest is the biggest obstacle facing the region. The page features a bold statement in large white text against a vibrant, abstract background that incorporates a map silhouette of the Middle East in red, blue, and green hues. A prominent pink circle with the number \"4\" indicates this is the fourth key insight from the survey. The top of the page includes logos for ASDAA, Burson-Marsteller, Penn Schoen Berland, and ASDA'A Burson-Marsteller, along with the website URL \"arabyouthsurvey.com\" and the hashtag \"#arabyouthsurvey.\" The overall design emphasizes the importance of the survey's findings regarding the challenges faced by the region.\n\n<image_summary>The background image combines an abstract, colorful design with a faint silhouette of the Middle East map, overlaid with a blurred image of a person wearing a headscarf, symbolizing the focus on Arab youth. The vibrant colors and map silhouette convey a sense of diversity and regional context.</image_summary>\n</summary>"
    },
    "22": {
      "summary": "<summary>\nThis page presents data from the \"Arab Youth Survey 2014,\" conducted by ASDAA, Burson-Marsteller, and Penn Schoen Berland. The focus is on identifying the biggest obstacles facing the Middle East, based on survey responses from 2012, 2013, and 2014. The top five obstacles identified are civil unrest, lack of democracy, threat of terrorism, lack of strong leadership, and the rise of the Muslim Brotherhood and Islamist movements. The data highlights changes in perceptions over time, with civil unrest consistently being the most significant concern, followed by the lack of democracy. Notably, the rise of the Muslim Brotherhood and Islamist movements was introduced as a new category in 2014.\n\n<figure_summary>Figure 1: A bar chart showing the percentage of respondents who identified each obstacle as the biggest challenge facing the Middle East. The chart compares data from 2012, 2013, and 2014, using orange, green, and blue bars, respectively. Key trends include the consistent high ranking of civil unrest and the increasing concern about the rise of Islamist movements in 2014.</figure_summary>\n\nThe survey's findings suggest evolving concerns among youth in the region, with persistent issues like civil unrest and democratic deficits alongside emerging challenges related to political movements.</summary>"
    },
    "23": {
      "summary": "<summary>\nThis page presents data from the Arab Youth Survey 2014, focusing on the top two obstacles perceived by respondents in the Middle East, split between GCC (Gulf Cooperation Council) countries and non-GCC countries. The primary question asked was, \"What do you believe is the biggest obstacle facing the Middle East?\" The results highlight two major issues: civil unrest and lack of democracy. Both GCC and non-GCC respondents identified civil unrest as the most significant obstacle, with an equal percentage of 55% for each group. Similarly, the lack of democracy was cited as the second major obstacle, with 38% of respondents from both GCC and non-GCC countries agreeing. The data is visually represented using horizontal bar charts, with orange bars for GCC and green bars for non-GCC responses.\n\n<figure_summary>Figure 1: Horizontal bar chart comparing the percentages of GCC and non-GCC respondents who identified \"Civil unrest\" as the biggest obstacle. Both groups show 55% agreement.</figure_summary>\n\n<figure_summary>Figure 2: Horizontal bar chart comparing the percentages of GCC and non-GCC respondents who identified \"Lack of democracy\" as the biggest obstacle. Both groups show 38% agreement.</figure_summary>\n</summary>"
    },
    "24": {
      "summary": "<summary>\nThe page highlights the high entrepreneurial spirit among young Arabs and their preference for working in the private sector. It emphasizes that a growing number of young individuals in the Arab region are inclined toward entrepreneurship and private sector employment. The page is part of the \"Arab Youth Survey 2014,\" as indicated by the logos and text at the top, including ASDAA, Burson-Marsteller, and Penn Schoen Berland. The survey's website, arabyouthsurvey.com, and hashtag (#arabyouthsurvey) are also mentioned.\n\n<image_summary>The central image features a young woman sitting thoughtfully, symbolizing the focus on youth and their aspirations. The background includes a stylized map of the Middle East, reinforcing the regional context of the survey. The vibrant color palette, with shades of blue, green, and pink, adds a dynamic and engaging visual element.</image_summary>\n\n<figure_summary>Figure 1: The large green circle with the number \"5\" serves as a visual highlight, drawing attention to this key finding as one of the main takeaways from the survey. The design is simple yet impactful, ensuring the message stands out.</figure_summary>\n\nOverall, the page effectively communicates the enthusiasm for entrepreneurship and private sector work among young Arabs, supported by the visual elements that enhance the thematic focus on youth and regional identity.</summary>"
    },
    "25": {
      "summary": "<summary>\nThis page presents data from the \"Arab Youth Survey 2014\" conducted by ASDA'A Burson-Marsteller, focusing on entrepreneurship across different countries in the Arab region. The main topic is the perception of whether people of this generation are more likely to start a business compared to previous generations. The data is visually represented through a stacked bar chart, showing responses categorized as \"Yes,\" \"No,\" and \"Don't know\" for various countries, including Egypt, Jordan, Kuwait, Qatar, Saudi Arabia, UAE, Oman, Lebanon, Bahrain, Iraq, Tunisia, Libya, Algeria, Morocco, Yemen, Palestine, GCC (Gulf Cooperation Council), and Non-GCC regions.\n\n<figure_summary>\nThe stacked bar chart illustrates the distribution of responses for each country. Each bar is divided into three segments: green for \"Yes,\" orange for \"No,\" and red for \"Don't know.\" The percentages for each category are labeled within the respective segments. For example, in Egypt, 71% responded \"Yes,\" 18% responded \"No,\" and 12% responded \"Don't know.\" The chart also includes an \"All\" category at the beginning, representing the overall response across all surveyed countries.\n</figure_summary>\n\nThe survey results indicate a generally positive outlook on entrepreneurship, with the majority of respondents (ranging from 62% to 72%) believing that people of this generation are more likely to start a business than previous generations. Notable variations exist between countries, with some showing higher skepticism (\"No\") or uncertainty (\"Don't know\"). The base for the data is specified as \"Among All,\" indicating that the responses are representative of the entire sample population surveyed.\n\nThis page effectively communicates the regional differences in attitudes toward entrepreneurship among young Arabs, providing insights into generational shifts in business aspirations.\n</summary>"
    },
    "26": {
      "summary": "<summary>\nThis page presents data from the Arab Youth Survey 2014, focusing on work sector preferences among youth in GCC (Gulf Cooperation Council) and Non-GCC countries. The primary question asked is whether respondents prefer to work in the government sector or the private sector, with results broken down by year (2012, 2013, 2014). The data reveals a significant shift in preferences over time, showing a decline in the preference for the government sector and an increase in the preference for the private sector across both GCC and Non-GCC regions.\n\n<figure_summary>Figure 1: A bar chart titled \"Work Sector Preference - GCC/Non-GCC Split\" displays the percentage of respondents preferring the government sector versus the private sector. The chart is divided into two sections: one for the government sector and one for the private sector. Each section includes bars representing GCC and Non-GCC regions, with colors indicating different years (orange for 2012, green for 2013, and blue for 2014). For the government sector, GCC shows a decrease from 64% in 2012 to 43% in 2014, while Non-GCC shows a slight decrease from 46% to 43%. For the private sector, GCC shows an increase from 19% in 2012 to 31% in 2014, and Non-GCC shows an increase from 36% to 31%. This visual highlights the growing preference for the private sector over time.</figure_summary>\n\nThe base of the survey excludes those who responded \"Don't know,\" ensuring that the data reflects definitive preferences. The page also includes logos of the organizations involved in the survey (ASDA'A Burson-Marsteller, Penn Schoen Berland) and mentions the website and hashtag (#arabyouthsurvey) for further information.\n</summary>"
    },
    "27": {
      "summary": "<summary>\nThe page highlights a key finding from the Arab Youth Survey 2014, indicating that the UAE is the country most preferred by Arab youth for living and is viewed as a model for their own countries to emulate. This message is prominently displayed in bold text at the center of the page. The design features vibrant colors and abstract patterns, creating an engaging visual backdrop. A large yellow circle with the number \"6\" suggests this is part of a series of key findings or insights.\n\n<image_summary>The background image includes a stylized portrait of a young man wearing traditional Arab attire, set against a colorful, abstract pattern. The overall aesthetic conveys a sense of vibrancy and positivity, aligning with the theme of the survey's focus on Arab youth.</image_summary>\n\nThe page also includes branding elements at the top, such as logos for ASDA'A Burson-Marsteller and Penn Schoen Berland, along with the website URL \"arabyouthsurvey.com\" and the hashtag \"#arabyouthsurvey,\" indicating the source and context of the survey.</summary>"
    },
    "28": {
      "summary": "<summary>\nThe page discusses the results of a survey titled \"Model Nations,\" which asks respondents, \"Which country in the world, if any, would you like to live in?\" The data is presented for two years: 2014 and 2013. The UAE consistently ranks highest in both years, with 39% in 2014 and 31% in 2013. Other popular choices include the United States, Saudi Arabia, France, Qatar, and Turkey, with varying percentages across the two years. The survey was conducted by ASDAA Burson-Marsteller and Penn Schoen Berland, as indicated by the logos at the top of the page. The source website and hashtag (#arabyouthsurvey) are also provided.\n\n<figure_summary>Figure 1: Bar chart showing the percentage of respondents who chose each country as their preferred place to live in 2014. The UAE leads with 39%, followed by the United States (21%), Saudi Arabia (14%), France (13%), and Qatar (13%). Each bar is color-coded and includes the respective country's flag.</figure_summary>\n\n<figure_summary>Figure 2: Bar chart showing the percentage of respondents who chose each country as their preferred place to live in 2013. The UAE again leads with 31%, followed by France (18%), the United States (16%), Turkey (16%), and Saudi Arabia (14%). Each bar is color-coded and includes the respective country's flag.</figure_summary>\n</summary>"
    },
    "29": {
      "summary": "<summary>\nThis page presents data from the \"Arab Youth Survey 2014\" conducted by ASDAA Burson-Marsteller, focusing on the topic of \"Desired Country to Emulate.\" The survey asks respondents which country they would most like their own country to be like. The data is displayed in two horizontal bar charts comparing the results from 2014 and 2013. The UAE consistently ranks highest in both years, with 39% in 2014 and 30% in 2013. Other countries listed include the United States, France, Turkey, and China, with varying percentages indicating their popularity among respondents. The base of the survey includes all participants.\n\n<figure_summary>Figure 1: Bar chart showing the desired countries to emulate in 2014. The UAE leads with 39%, followed by the United States (25%), France (14%), Turkey (10%), and China (7%). Each country's flag is represented alongside its corresponding percentage.</figure_summary>\n\n<figure_summary>Figure 2: Bar chart showing the desired countries to emulate in 2013. The UAE again leads with 30%, followed by France (17%), the United States (16%), Turkey (16%), and China (13%). Similar to Figure 1, each country's flag is displayed next to its percentage.</figure_summary>\n</summary>"
    },
    "30": {
      "summary": "<summary>\nThe page presents a key finding from the Arab Youth Survey 2014, highlighting that Arab youth consider their country's biggest allies to be regional neighbors such as Saudi Arabia and the UAE, rather than traditional Western countries. This insight is visually emphasized by a large blue circle containing the number \"7,\" indicating its significance as one of the top findings. The background features a colorful map of the Middle East, symbolizing the regional context, while two smiling individuals wearing hijabs represent Arab youth, adding a human element to the data.\n\n<image_summary>The image includes a vibrant illustration of two women wearing hijabs, engaged in a friendly interaction, set against a colorful backdrop of a stylized map of the Middle East. This visual reinforces the focus on Arab youth and their regional perspective.</image_summary>\n\nThe page also includes branding elements at the top, such as logos for ASDAA, Burson-Marsteller, Penn Schoen Berland, and ASDA'A Burson-Marsteller, along with the website URL \"arabyouthsurvey.com\" and the hashtag \"#arabyouthsurvey,\" indicating the sources and platforms associated with the survey.</summary>"
    },
    "31": {
      "summary": "<summary>\nThis page presents data from the \"Arab Youth Survey 2014,\" focusing on perceptions of the biggest allies among respondents in various Arab countries. The title \"COUNTRY'S BIGGEST ALLIES\" highlights the main topic, and the question posed is \"Who would you say is your country's biggest ally?\" The data is displayed using a grouped bar chart comparing responses from three years: 2012, 2013, and 2014. The chart shows percentages for five countries: Saudi Arabia, UAE, Qatar, Kuwait, and the United States. The survey results indicate fluctuations in perceptions over time, with Saudi Arabia consistently receiving the highest percentage across all years, followed by the UAE and Qatar. The United States has the lowest percentage but shows a slight increase from 2013 to 2014.\n\n<figure_summary>Figure 1: A grouped bar chart titled \"Country's Biggest Allies.\" The chart compares the perceived biggest allies of respondents in five Arab countries (Saudi Arabia, UAE, Qatar, Kuwait, and the United States) across three years (2012, 2013, and 2014). Each group of bars represents a country, with different colors indicating the year of the survey. The percentages shown on top of each bar represent the proportion of respondents who identified each country as their nation's biggest ally.</figure_summary>\n\nThe page also includes logos of the organizations involved in the survey (ASDA'A Burson-Marsteller, Penn Schoen Berland) and a reference to the survey website and hashtag (#arabyouthsurvey), emphasizing the collaborative effort behind the research.\n</summary>"
    },
    "32": {
      "summary": "<summary>\nThis page presents data from the \"Arab Youth Survey 2014\" conducted by ASDA'A Burson-Marsteller, focusing on the perception of the biggest allies among GCC (Gulf Cooperation Council) and non-GCC countries. The title highlights the comparison between GCC and non-GCC nations in terms of perceived alliances. The question posed is: \"Who would you say is your country’s biggest ally?\" The results are displayed for the top five responses.\n\n<figure_summary>Figure 1: A bar chart showing the percentage of respondents who identified various countries as their nation's biggest ally. The chart is divided into two categories: GCC (red bars) and Non-GCC (orange bars). The countries listed are Saudi Arabia, UAE, Qatar, Kuwait, and the United States. For GCC countries, Saudi Arabia leads with 35%, followed by the UAE at 33%, Qatar at 24%, Kuwait at 25%, and the United States at 21%. For non-GCC countries, the UAE also leads with 35%, followed by Qatar at 26%, Kuwait at 25%, and the United States at 22%.</figure_summary>\n\nThe base of the data is noted as \"Rebased to remove 'Don't know'\" responses, indicating that the percentages are adjusted to exclude undecided answers. The logos of ASDA'A, Burson-Marsteller, Penn Schoen Berland, and the survey hashtag (#arabyouthsurvey) are prominently displayed at the top, along with the website link (arabyouthsurvey.com).\n\nThis page provides insights into how youth in Arab countries perceive alliances, highlighting the significance of both regional (GCC) and international (non-GCC) partnerships.\n</summary>"
    },
    "33": {
      "summary": "<summary>\nThis page highlights findings from the Arab Youth Survey 2014, emphasizing that Arab youth are becoming more concerned about obesity and lifestyle diseases while expressing skepticism about improvements in healthcare systems in their countries. The page uses bold text and a striking visual design to convey this message effectively.\n\n<image_summary>The central image features three young women wearing headscarves, symbolizing Arab youth. They appear engaged and thoughtful, reinforcing the focus on their concerns and perspectives. The background includes a colorful, abstract map-like design, possibly representing the Arab region.</image_summary>\n\nThe large yellow circle with the number \"8\" suggests this is part of a series of key findings or insights from the survey. The text is prominently displayed in all capital letters, ensuring the message stands out. Logos at the top indicate the involvement of ASDAA, Burson-Marsteller, Penn Schoen Berland, and ASDA'A Burson-Marsteller, along with the website \"arabyouthsurvey.com\" and the hashtag \"#arabyouthsurvey,\" providing context and sources for further exploration.\n\nOverall, the page combines visual and textual elements to communicate a significant concern among Arab youth regarding health and healthcare systems.\n</summary>"
    },
    "34": {
      "summary": "<summary>\nThe page focuses on health issues, presenting survey data from the \"Arab Youth Survey 2014\" conducted by ASDAA, Burson-Marsteller, and Penn Schoen Berland. The primary question asked respondents which health issues concern them most, comparing results from 2013 and 2014. The data is visually represented in a bar chart, showing significant changes in concerns over the two years.\n\n<figure_summary>Figure 1: A horizontal bar chart compares the percentage of respondents concerned about various health issues in 2013 and 2014. The categories include Obesity, Diabetes, Cancer, Heart disease, Other, and \"I am not concerned about health issues.\" Key observations:\n- Obesity was the top concern in 2013 (26%) but decreased to 12% in 2014.\n- Diabetes showed an increase from 11% in 2013 to 17% in 2014.\n- Cancer also increased slightly from 11% in 2013 to 14% in 2014.\n- Heart disease remained relatively stable at 11% in 2013 and 10% in 2014.\n- The category \"Other\" saw a small increase from 2% in 2013 to 3% in 2014.\n- The largest change was in the \"I am not concerned about health issues\" category, which rose sharply from 12% in 2013 to 28% in 2014.</figure_summary>\n\nThe survey highlights shifting priorities regarding health concerns among Arab youth, with a notable rise in indifference toward health issues between 2013 and 2014. The data suggests a growing disconnect or changing perceptions around health awareness during this period.\n</summary>"
    },
    "35": {
      "summary": "<summary>\nThis page presents data from the Arab Youth Survey 2014, focusing on perceptions of healthcare services in the GCC (Gulf Cooperation Council) countries versus non-GCC countries in the Middle East. The main question asked respondents whether they felt healthcare in their country had improved, stayed the same, or gotten worse over the past year. The results are split into three categories: \"Among All,\" \"GCC,\" and \"Non-GCC.\" \n\nThe majority of respondents across all categories (52% Among All, 52% GCC, and 53% Non-GCC) reported that healthcare services stayed the same. A significant portion (34% Among All, 34% GCC, and 33% Non-GCC) believed healthcare had improved, while a smaller percentage (14% Across All, 14% GCC, and 14% Non-GCC) felt it had worsened. The data is rebased to exclude responses marked as \"Don't know.\"\n\n<figure_summary>Figure 1: Bar chart showing the distribution of responses regarding changes in healthcare services. The chart uses three colors to represent different responses: red for \"Improved,\" orange for \"Stayed the same,\" and green for \"Got worse.\" Each category (\"Among All,\" \"GCC,\" and \"Non-GCC\") has its own set of bars, allowing for a direct comparison between groups.</figure_summary>\n\nThe page includes logos of ASDAA, Burson-Marsteller, Penn Schoen Berland, and ASDA'A Burson-Marsteller, indicating the organizations involved in the survey. The website \"arabyouthsurvey.com\" and the hashtag \"#arabyouthsurvey\" are also mentioned, providing additional context and resources for further exploration.\n</summary>"
    },
    "36": {
      "summary": "<summary>\nThis page presents findings from the Arab Youth Survey 2014, highlighting a significant belief among young Arabs regarding energy subsidies and climate change awareness. The main text emphasizes that an overwhelming majority of young Arabs believe they are entitled to subsidized energy costs, while concern about climate change remains low across the region. The page uses a visually striking design with a large green circle containing the number \"9,\" indicating this is likely one of several key insights from the survey. The background features a gradient of warm colors and a silhouette of a person wearing traditional attire, symbolizing the Arab youth demographic being discussed. Logos at the top indicate the collaboration between ASDA'A Burson-Marsteller, Penn Schoen Berland, and other organizations involved in the survey.\n\n<image_summary>The central image shows a person dressed in traditional Arab attire, set against a colorful, abstract background that transitions from warm tones to cooler hues. This visual element reinforces the focus on Arab youth and their perspectives.</image_summary>\n\nThe page also includes branding elements such as logos and the website URL \"arabyouthsurvey.com\" along with the hashtag \"#arabyouthsurvey,\" directing readers to additional resources related to the survey.\n</summary>"
    },
    "37": {
      "summary": "<summary>\nThe page presents data from the \"Arab Youth Survey 2014\" conducted by ASDAA Burson-Marsteller, focusing on opinions regarding energy subsidies across various Arab countries. The main question asked is whether respondents believe that energy, electricity, and transport fuels such as gasoline and diesel should be subsidized by their government. The responses are categorized into \"Yes\" and \"No,\" with percentages provided for each country.\n\n<figure_summary>Figure 1: A stacked bar chart titled \"Energy Subsidies by Country.\" The chart displays the percentage of respondents who answered \"Yes\" (in blue) and \"No\" (in green) for each country surveyed. Countries included are \"Among All,\" Egypt, Jordan, Kuwait, Qatar, Saudi Arabia, UAE, Oman, Lebanon, Bahrain, Iraq, Tunisia, Libya, Algeria, Morocco, Yemen, GCC (Gulf Cooperation Council), and Non-GCC. The chart shows that a majority of respondents in most countries support energy subsidies, with percentages ranging from 68% to 79% for \"Yes\" and 22% to 32% for \"No.\"</figure_summary>\n\nThe survey includes data from a diverse range of Arab countries, providing insights into regional variations in public opinion regarding government subsidies for energy and transportation fuels. The base for the data is noted as \"Among All,\" indicating that the results represent the overall sample population.\n</summary>"
    },
    "38": {
      "summary": "<summary>\nThis page presents the results of a survey conducted in 2014, focusing on the biggest challenges facing the Middle East according to respondents. The data is visually represented through a horizontal bar chart, ranking various issues based on their perceived significance. The survey was part of the \"Arab Youth Survey 2014,\" as indicated by the logos and branding at the top of the page.\n\nThe chart lists multiple challenges, with the most significant being the \"Rising cost of living\" at 51%, followed by the \"National economy\" at 40%. Other prominent challenges include \"Corruption in government and public life\" (37%), \"Pan-Arab economy\" (32%), and \"Israel-Palestinian conflict\" (27%). Lower-ranked issues include \"Climate change and the environment\" at 6%, which is highlighted with a red circle, indicating its relatively low concern compared to other challenges.\n\nThe survey's methodology notes that responses were rebased to exclude \"Don't know\" answers, ensuring a clearer representation of the respondents' opinions. The page also includes branding elements such as logos for ASDAA, Burson-Marsteller, Penn Schoen Berland, and the Arab Youth Survey website URL and hashtag.\n\n<figure_summary>Figure 1: A horizontal bar chart titled \"Biggest Challenge Facing the Middle East.\" The chart ranks various challenges based on their percentage of concern among respondents. Each bar represents a different issue, with colors distinguishing between them. The x-axis indicates the percentage, while the y-axis lists the challenges in descending order of importance.</figure_summary>\n\n<image_summary>The page features logos of ASDAA, Burson-Marsteller, Penn Schoen Berland, and the Arab Youth Survey, along with icons representing the survey's focus on youth and diversity. These visual elements reinforce the collaborative nature of the study and its emphasis on understanding the perspectives of young people in the region.</image_summary>\n</summary>"
    },
    "39": {
      "summary": "<summary>\nThe page highlights findings from the Arab Youth Survey 2014, emphasizing that television remains the most popular source of news for young Arabs for the sixth consecutive year. However, it also notes a growing trend among this demographic towards consuming news through online platforms and social networks. The page features branding elements from ASDA'A Burson-Marsteller and Penn Schoen Berland, along with a call to action directing readers to visit \"arabyouthsurvey.com\" and follow \"#arabyouthsurvey.\"\n\n<image_summary>The background image shows a colorful, abstract design with a map-like pattern in shades of purple, green, and pink. A woman's face is partially visible, peeking through a curtain or fabric, adding a human element to the visual composition.</image_summary>\n\n<text_summary>The central text prominently displays the number \"10\" in a large, circular badge, indicating its significance as part of a list or ranking. Below, the main message states: \"TELEVISION IS THE MOST POPULAR SOURCE OF NEWS FOR THE SIXTH YEAR RUNNING, BUT A GROWING NUMBER OF YOUNG ARABS ARE TURNING TO ONLINE AND SOCIAL NETWORKS TO GET THEIR NEWS.\"</text_summary>\n</summary>"
    },
    "40": {
      "summary": "<summary>\nThis page presents data from the \"Arab Youth Survey 2014\" conducted by ASDAA, Burson-Marsteller, and Penn Schoen Berland. The focus is on the news sources used by respondents over the years 2010 to 2014. The main question asked is \"Where do you get your news?\" The data is visually represented through a grouped bar chart, showing trends in the popularity of various news sources across the specified years.\n\nThe chart includes the following categories of news sources:\n- Television\n- Online\n- Newspapers\n- Social media\n- Friends and family\n- Radio\n- Magazines\n\nEach category has bars corresponding to the years 2010, 2011, 2012, 2013, and 2014, color-coded for easy comparison. Key observations include:\n- Television remains the most popular source throughout the years, though its usage declines slightly over time.\n- Online sources show a significant increase in usage, surpassing newspapers by 2014.\n- Newspapers experience a steady decline in usage.\n- Social media usage grows steadily, becoming a more prominent source by 2014.\n- Radio and magazines remain relatively stable but less popular compared to other sources.\n\nThe base of the survey excludes those who said \"Don't know\" or \"I'm not interested in news,\" ensuring the data reflects active news consumers.\n\n<figure_summary>Figure 1: A grouped bar chart illustrating the percentage of respondents using different news sources (Television, Online, Newspapers, Social media, Friends and family, Radio, Magazines) from 2010 to 2014. Each bar represents a year, with distinct colors for each year, allowing for a clear comparison of trends over time.</figure_summary>\n\n</summary>"
    },
    "41": {
      "summary": "<summary>\nThis page presents data from the \"Arab Youth Survey 2014\" conducted by ASDAA, Burson-Marsteller, and Penn Schoen Berland. The focus is on identifying the most trusted sources of news among respondents over four years (2010–2014). The primary visual element is a bar chart titled \"TRUSTED NEWS SOURCES,\" which compares the trust levels in various media types across the specified years.\n\nThe chart shows the following trends:\n- **TV news channels** were consistently the most trusted source, with percentages ranging from 52% in 2010 to 43% in 2014.\n- **Social Media** gained significant trust over time, increasing from 9% in 2010 to 39% in 2014.\n- **Newspapers** saw a decline in trust, dropping from 60% in 2010 to 14% in 2014.\n- **Radio shows** and **Magazines** remained relatively low in trust throughout the period, with minimal changes.\n\nThe base of the survey excludes responses marked as \"Don't know\" and \"Other.\"\n\n<figure_summary>Figure 1: Bar Chart - Trusted News Sources (2010–2014): This chart visually represents the percentage of respondents who identified different media types as the most trusted source of news. It highlights the shift in trust from traditional media like TV and newspapers toward newer platforms such as social media.</figure_summary>\n\nThe page also includes logos of the organizations involved in the survey and a reference to the website and hashtag (#arabyouthsurvey) for further information.\n</summary>"
    },
    "42": {
      "summary": "<summary>\nThis page presents data on news consumption habits among Arab youth, focusing on how frequently they update themselves on news and current affairs. The information is organized into a bar chart spanning four years (2011–2014), showing the percentage of respondents who update themselves daily, nearly every day, 2–3 times a week, once a week, once every 2–3 weeks, once a month, or never. The chart reveals a general trend toward more frequent news consumption over time, with the highest percentage of daily updates observed in 2014 (47%).\n\n<figure_summary>Figure 1: Bar Chart of News Consumption Frequencies by Year  \nThis horizontal stacked bar chart compares the frequency of news consumption across four years (2011–2014). Each year's bar is divided into segments representing different frequencies (Daily, Nearly every day, 2–3 times a week, Once a week, Once every 2–3 weeks, Once a month, Never). The colors correspond to the legend at the top, making it easy to track changes in consumption patterns over time.</figure_summary>\n\nThe page also includes logos of ASDAA, Burson-Marsteller, Penn Schoen Berland, and ASDA'A Burson-Marsteller, indicating the organizations involved in the survey. The website \"arabyouthsurvey.com\" and the hashtag \"#arabyouthsurvey\" are mentioned, along with the title \"ARAB YOUTH SURVEY 2014,\" providing context for the data source. The base of the survey is noted as \"Among All,\" suggesting that the data represents the entire sample population surveyed.\n</summary>"
    },
    "43": {
      "summary": "<summary>\nThis page presents the \"Top 10 Findings\" from the Arab Youth Survey 2014, conducted by ASDAA Burson-Marsteller in collaboration with Penn Schoen Berland. The findings are visually represented using colorful circles, each highlighting a key insight about the attitudes and concerns of young people in the Middle East. The survey emphasizes themes such as modern values, government confidence, economic challenges, civil unrest, and entrepreneurial aspirations.\n\n<figure_summary>Figure 1: The top 10 findings are displayed using five colorful circles, each numbered and containing a brief statement summarizing a key finding. The circles are arranged in two rows, with three in the top row and two in the bottom row.</figure_summary>\n\nThe specific findings highlighted in this image include:\n1. A growing number of Arab youth are embracing modern values, while family, friends, and religion continue to shape their opinions and influence their lives.\n2. Youngsters are confident in their national governments' ability to deal with issues, but confidence in the long-term impact of the Arab Spring is dropping.\n3. Rising living costs and unemployment are the biggest concerns for youth across the Middle East.\n4. Arab youth believe that civil unrest is the biggest obstacle facing the region.\n5. Entrepreneurial spirit is high, and a growing number of young Arabs would like to work for the private sector.\n\nThe page also includes logos of the organizations involved in the survey at the top, along with the website and hashtag for further information: arabyouthsurvey.com and #arabyouthsurvey.\n</summary>"
    },
    "44": {
      "summary": "<summary>\nThis page presents the \"Top 10 Findings\" from the Arab Youth Survey 2014, conducted by ASDAA Burson-Marsteller in collaboration with Penn Schoen Berland. The findings are visually represented using five circular icons, each highlighting a key insight about Arab youth attitudes and behaviors. The page emphasizes themes such as preferences for living in the UAE, regional alliances, health concerns, energy subsidies, climate change awareness, and media consumption patterns.\n\n<figure_summary>Figure 1: The figure consists of five circular icons, each numbered and color-coded, summarizing key survey findings. The circles are arranged in two rows, with three in the top row and two in the bottom row. Each circle contains a brief statement about a specific finding.</figure_summary>\n\n- **Finding 6**: The UAE is the most preferred country for Arab youth to live in and is seen as a model for emulation.\n- **Finding 7**: Arab youth consider regional neighbors like Saudi Arabia and the UAE as their biggest allies, rather than traditional Western allies.\n- **Finding 8**: Arab youth are increasingly concerned about obesity and lifestyle diseases but do not believe healthcare in their countries is improving.\n- **Finding 9**: A majority of young Arabs believe they are entitled to subsidized energy costs, while concern about climate change remains low across the region.\n- **Finding 10**: Television remains the most popular source of news, though an increasing number of young Arabs are turning to online and social networks for news.\n\nThe page also includes branding elements at the top, such as logos for ASDAA, Burson-Marsteller, and Penn Schoen Berland, along with the website link \"arabyouthsurvey.com\" and the hashtag \"#arabyouthsurvey.\"\n\n</summary>"
    },
    "45": {
      "summary": "<summary>\nThis page is the cover of the \"ASDA'A Burson-Marsteller Arab Youth Survey 2014.\" It highlights the survey's focus on the aspirations and values of young people in the Arab region. The central quote, \"WE WANT TO EMBRACE MODERN VALUES,\" emphasizes the desire among Arab youth to adopt contemporary values. The survey was conducted across multiple countries, including Algeria, Bahrain, Egypt, Iraq, Jordan, Kuwait, Lebanon, Libya, Morocco, Oman, Palestine, Qatar, Saudi Arabia, Tunisia, UAE, and Yemen. The date of release is April 7, 2014, and the website arabyouthsurvey.com along with the hashtag #arabyouthsurvey are provided for further information.\n\n<image_summary>The background features a vibrant, colorful splash of paint, symbolizing creativity and diversity. On the right side, there is an illustration of a map of the Middle East, overlaid with a stylized depiction of a young woman wearing a headscarf, smiling and looking forward, which represents the youthful and hopeful perspective of the survey participants.</image_summary>\n</summary>"
    }
  }
}