{
  "doc_id": "b3m5kaeqm2w8n4bwcesw-140602121350-phpapp02_95.pdf",
  "pages": {
    "1": {
      "summary": "<summary>\nThis page serves as a title slide for a presentation or document focused on the subject of Physics. The main heading \"Physics\" is prominently displayed in large, light-colored font against a green background. Below the heading, the name \"Halimah Tasnim\" is written, likely indicating the author or presenter of the content. The design is simple and clean, using a gradient of green shades to create a visually appealing layout.\n\n<image_summary>The page features a minimalist design with a green gradient background divided into geometric sections. The text \"Physics\" is centered and appears in a bold, sans-serif font, while the name \"Halimah Tasnim\" is placed below it in a smaller, more subdued font.</image_summary>\n</summary>"
    },
    "2": {
      "summary": "<summary>\nThis page serves as an introductory title slide for \"Module 1: Energy for the Home.\" It sets the stage for a section focused on understanding energy usage and management in residential settings. The design uses a green background with geometric shapes, conveying a theme of sustainability and environmental awareness.\n\n<image_summary>The image consists of a clean, modern design with a gradient green background divided into geometric sections. The text \"Module 1: Energy for the Home\" is prominently displayed in the center in a light beige color, ensuring high contrast and readability.</image_summary>\n</summary>"
    },
    "3": {
      "summary": "<summary>\nThe page focuses on the concepts of temperature and thermal energy, explaining their definitions, measurements, and relationships. Temperature is defined as the average thermal energy per particle and is measured in degrees Celsius ('°C') or Kelvin ('K'). Thermal energy, on the other hand, is the total amount of energy in an object and is measured in Joules ('J'). The page explains that objects are cold when their average energy is low and hot when it is high. It also highlights that heat transfer occurs from hotter objects to cooler ones until equilibrium is reached, noting that hotter objects lose thermal energy more quickly than colder ones. The arbitrary nature of temperature scales is mentioned, emphasizing their role in comparing objects rather than providing absolute measures.\n\n<figure_summary>Figure 1: A diagram illustrating heat transfer between two objects. The figure shows a \"Warmer Object\" with a red thermometer indicating higher temperature and a \"Cooler Object\" with a blue thermometer indicating lower temperature. An arrow labeled \"HEAT TRANSFER\" indicates the direction of heat flow from the warmer to the cooler object.</figure_summary>\n\nThe visual elements effectively complement the textual explanations by providing a clear depiction of heat transfer dynamics.\n</summary>"
    },
    "4": {
      "summary": "<summary>\nThe page focuses on explaining **Specific Heat Capacity (SHC)**, its definition, formula, and significance in determining the energy required to change the temperature of a substance. SHC is defined as the amount of energy needed to raise the temperature of one kilogram of a substance by one degree Celsius. The formula provided is \\( \\text{Energy} = \\text{SHC} \\times \\text{Mass} \\times \\text{Temperature Change} \\), where Energy is measured in Joules (J), SHC in J/Kg°C, Mass in kilograms (Kg), and Temperature Change in degrees Celsius (°C). The page emphasizes that SHC varies for different substances and that the amount of energy required depends on both the mass of the substance and its specific heat capacity. It also notes that doubling the mass or time doubles the energy required.\n\n<image_summary>An image of a Bunsen burner heating a flask is shown, illustrating the concept of energy transfer and temperature change, which is central to understanding specific heat capacity.</image_summary>\n</summary>"
    },
    "5": {
      "summary": "<summary>\nThe page focuses on the concept of Specific Latent Heat (SLH), explaining its definition, characteristics, and associated formula. SLH is defined as the amount of energy required to change the state of a material without altering its temperature, as the energy is used to break intermolecular bonds. It emphasizes that different materials have varying amounts of SLH. The page also provides the formula for calculating energy in SLH: \\( \\text{Energy} = \\text{SLH} \\times \\text{Mass} \\), where SLH is measured in J/Kg°C and mass in kilograms. A note advises converting mass to kilograms if necessary.\n\n<figure_summary>Figure 1: A phase change graph showing the temperature changes over time for water undergoing heating, melting, and vaporization. The graph illustrates three distinct phases: heating ice, heating liquid water, and vaporizing water. The flat segments represent the phase changes (melting and vaporization) where temperature remains constant despite continued heating.</figure_summary>\n</summary>"
    },
    "6": {
      "summary": "<summary>\nThe page titled \"P1b: How to Lose Heat\" explains the three primary methods of heat loss: Convection, Conduction, and Radiation. It provides detailed definitions for each method:\n- **Convection** involves the transfer of thermal energy by fluid motion (liquids and gases), where warm particles rise and cold particles fall.\n- **Conduction** refers to the transfer of thermal energy through direct particle contact, occurring only in solids.\n- **Radiation** is the transfer of thermal energy via electromagnetic waves, which can travel through a vacuum and does not require a medium.\n\nThe page also illustrates how heat is lost from a house and suggests ways to reduce these losses. Visual aids include:\n- A diagram showing convection currents in a room with a hot radiator and cold window, demonstrating how warm air rises and cool air falls.\n- An illustration of a house highlighting areas where heat is lost (roof, walls, windows, gaps, and floor) and suggesting insulation methods such as loft insulation, double glazing, curtains, cavity wall insulation, draught excluders, and carpeting.\n\n<figure_summary>Figure 1: A diagram illustrating convection currents in a room, showing warm air rising near a radiator and cool air falling near a cold window.</figure_summary>\n\n<figure_summary>Figure 2: An illustration of a house with arrows pointing to areas of heat loss (roof, walls, windows, gaps, and floor), along with recommendations for reducing heat loss through various insulation methods.</figure_summary>\n</summary>"
    },
    "7": {
      "summary": "<summary>\nThe page focuses on the concepts of **efficiency** and **payback time**, providing definitions, examples, and formulas for each. Efficiency is defined as the amount of energy turned into useful energy, with an example using a traditional coal fire, which is only 25% efficient because only 25J of every 100J of stored energy is used to heat the room. Payback time is explained as the duration required to recover the initial cost of an investment through savings, illustrated by an example of wall cavity insulation costing £400 with annual savings of £80, resulting in a payback period of 5 years.\n\nThe page includes two formulas:\n- **Efficiency**: \\( \\text{Efficiency} = \\frac{\\text{Useful Energy Output}}{\\text{Total Energy Input}} \\times 100 \\) (to express as a percentage).\n- **Payback Time**: \\( \\text{Payback Time} = \\frac{\\text{Cost}}{\\text{Savings}} \\).\n\nAn image of glowing coals visually represents the inefficiency of traditional heating methods, reinforcing the concept of energy loss.\n\n</summary>"
    },
    "8": {
      "summary": "<summary>\nThe page focuses on the concept of waves, specifically transverse waves, and their properties. It explains that waves transfer energy without moving matter, using an example of a cork in water. The page highlights two types of waves: transverse and longitudinal. Transverse waves are described as moving particles perpendicular to the wave's direction, similar to a Mexican wave or ripples in water caused by a pebble. Light is noted as an example of a transverse wave. The page also introduces the wave speed formula: \\( \\text{Wave Speed} = \\text{Frequency} \\times \\text{Wavelength} \\), with units specified as meters per second (m/s), Hertz (Hz), and meters (m). Additionally, it discusses how transverse waves can be reflected, refracted, and diffracted.\n\n<figure_summary>Figure 1: A diagram illustrating a transverse wave. The figure shows a sine wave with labeled components such as wavelength (measured in meters) and amplitude (measured in centimeters). This visual aids in understanding the physical characteristics of transverse waves.</figure_summary>\n</summary>"
    },
    "9": {
      "summary": "<summary>\nThe page provides an overview of wave behavior, focusing on three key phenomena: reflection, refraction, and diffraction. Reflection is explained as the bouncing back of waves when they encounter a surface, with the law of reflection stating that the angle of incidence equals the angle of reflection. Refraction is described as the bending of waves when they pass from one medium to another due to changes in speed caused by differences in density. Diffraction is defined as the spreading out of waves when they pass through a gap or around a barrier, with maximum diffraction occurring when the gap size is equal to the wavelength, and minimum diffraction when the gap is much smaller or larger than the wavelength.\n\n<figure_summary>Figure 1: A diagram illustrating refraction. It shows a wavefront entering a slower medium (labeled \"Slow\") and bending as it slows down, while maintaining its speed in the faster medium (\"Fast\"). This visual explains how the change in speed causes the wave to bend.</figure_summary>\n\n<figure_summary>Figure 2: A diagram illustrating reflection. It depicts a wave hitting a reflective surface (e.g., a mirror) and bouncing back at the same angle as it arrived, demonstrating the law of reflection.</figure_summary>\n\n<figure_summary>Figure 3: A diagram illustrating diffraction. It shows waves passing through a gap and spreading out as they emerge, with arrows indicating the direction of wave propagation. This visual helps explain how diffraction occurs when waves encounter barriers or gaps.</figure_summary>\n\nThe page emphasizes that all types of waves can undergo reflection and refraction, and it highlights the conditions under which diffraction is maximized or minimized based on the relationship between the gap size and the wavelength of the wave.\n</summary>"
    },
    "10": {
      "summary": "<summary>\nThe page focuses on the topic of electromagnetic waves, detailing their properties, types, and associated formula. Key points include the ability of electromagnetic waves to transfer energy, reflect, refract, diffract, and travel through a vacuum. It also highlights that shorter wavelengths correspond to higher energy and potential danger. The page lists the types of electromagnetic waves in order of increasing wavelength: radio waves, microwaves, infrared, visible light, ultraviolet, X-rays, and gamma rays, using the mnemonic \"Rabbits Mate In Very Unusual eXpensive Gardens.\" A formula is provided: Wave Speed = Frequency × Wavelength, with instructions to manipulate it as needed.\n\n<figure_summary>Figure 1: Electromagnetic Spectrum Diagram  \nThis diagram illustrates the electromagnetic spectrum, showing the range of wavelengths and frequencies. It includes labeled sections for gamma rays, X-rays, ultraviolet, visible light, infrared, microwave, and radio waves. The visible light section is highlighted with a color gradient representing different colors. Arrows indicate the relationship between wavelength, frequency, and energy, with shorter wavelengths corresponding to higher frequencies and energy levels.</figure_summary>\n\n<image_summary>Image: Two rabbits interacting  \nAn image of two rabbits, one orange and one gray, sitting on grass and touching noses. This image appears unrelated to the scientific content but may serve as a decorative element or mnemonic aid.</image_summary>\n</summary>"
    },
    "11": {
      "summary": "<summary>\nThe page provides an overview of Total Internal Reflection (TIR) and its application in fibre optics. It explains that TIR occurs when light travels from a denser medium to a less dense medium at an angle greater than the critical angle, causing the light to reflect back into the denser medium instead of refracting out. Fibre optics are solid cables made of a denser material than air, designed to be thin to maximize reflection. The page also discusses the critical angle, which is the threshold where light neither reflects nor refracts. If all the light is reflected, it is called Total Internal Reflection. The uses of TIR include endoscopes for medical examinations, communications, and TV technology.\n\n<figure_summary>Figure 1: A diagram illustrating total internal reflection. It shows two media: one optically denser (medium 1) and one optically less dense (medium 2). Light rays entering medium 2 at angles greater than the critical angle (c) are reflected back into medium 1, demonstrating TIR.</figure_summary>\n\n<figure_summary>Figure 2: A diagram depicting the principle of fibre optics. It illustrates how light travels through a curved fibre optic cable, with reflections occurring along the length of the cable due to TIR. The light source is shown at one end, and the path of the light is traced through the cable.</figure_summary>\n</summary>"
    },
    "12": {
      "summary": "<summary>\nThe page discusses the use of light for communication and introduces lasers as a specialized application of light. It explains that while light has been used historically for sending messages quickly, it required a code system due to its limitations. Lasers are highlighted as an advanced method of using light, characterized by being in phase, monochromatic, coherent, and having low divergence. These properties make lasers ideal for applications such as CDs and DVDs, where microscopic pits on the disc surface interact with laser light to encode and transmit data to computer chips, ultimately producing audio or visual output.\n\n<image_summary>The top-left image shows a flashlight emitting a bright white beam of light, illustrating the concept of using light for communication.</image_summary>\n\n<image_summary>The top-right image displays three laser pointers emitting red, green, and blue beams, demonstrating the monochromatic nature of laser light.</image_summary>\n\n<image_summary>The bottom-right image shows a person operating a large spotlight, emphasizing the practical use of focused light sources in various applications.</image_summary>\n</summary>"
    },
    "13": {
      "summary": "<summary>\nThe page discusses the principles of cooking using infrared radiation and microwaves, focusing on how different types of radiation interact with food. It highlights the properties of white/shiny surfaces (poor radiators and absorbers) versus black/matt surfaces (good radiators and absorbers). The page explains that heat travels in waves as kinetic energy transfer, emphasizing that higher frequency waves carry more energy and are potentially more dangerous. Additionally, it notes that wavelengths must be short for effective cooking.\n\n<table_summary>\nThe table compares **Infrared Radiation** and **Microwaves**, detailing their effects on food during cooking:\n- **Infrared Radiation**: Shiny surfaces at the bottom reflect infrared rays back towards the food, heating surfaces and transferring energy via conduction (solid) and convection (fluids). Infrared radiation can travel to the center of the food.\n- **Microwaves**: Kinetic energy is given to water or fat molecules, and energy is transferred by conduction or convection. Shiny surfaces reflect microwaves back to the food, and microwaves penetrate about 1 cm into the food.\n</table_summary>\n\n<image_summary>\nThere are no standalone images or illustrations on this page. However, the layout uses color-coded sections (green and yellow) to organize information visually, making it easier to distinguish between different concepts and comparisons.\n</image_summary>\n</summary>"
    },
    "14": {
      "summary": "<summary>\nThe page titled \"P1e: Phone Signals\" provides an overview of how phone signals work, focusing on their transmission, reception, and factors affecting signal quality. It explains that phone signals travel at \\(3 \\times 10^8\\) meters per second and are transmitted and received via microwave signals. The text highlights that if signals are not in line of sight, they may be lost. All types of phones receive these waves, and when you speak into your phone, it converts sound into a microwave signal sent to the nearest phone mast. Weather conditions, such as poor weather and large surfaces of water, can scatter the signal, while radiowaves diffract when passing through gaps between buildings. The page also mentions concerns about mobile phones potentially damaging the brain due to heating, noting that there is no definitive answer to this question.\n\n<figure_summary>Figure 1: This figure illustrates three scenarios of signal propagation—Clear Line-of-Sight (LOS), Near Line-of-Sight (Visual LOS with Fresnel zone obstructions), and Non-Line-of-Sight (NLOS). Each scenario shows how obstacles like trees and buildings affect the path of the signal, demonstrating the importance of line-of-sight for optimal signal reception.</figure_summary>\n\n<image_summary>The image displays a row of various mobile phones, showcasing different models over time, emphasizing that all types of phones receive radio waves.</image_summary>\n</summary>"
    },
    "15": {
      "summary": "<summary>\nThe page titled \"P1f: Analogue and Digital Signals\" provides an overview of analogue and digital signals, their characteristics, and the processes involved in converting between them. It explains that analogue signals continuously change in value, such as those seen in analogue clocks, while digital signals have fixed values, like the on/off states in Morse code. The concept of multiplexing is also introduced, where multiple digital signals are combined into a single transmission using techniques like Time Division Multiplexing (TDM).\n\n<figure_summary>Figure 1: This figure illustrates the difference between digital and analogue signals. The top waveform represents a digital signal with sharp, discrete transitions, while the bottom waveform shows a smooth, continuous analogue signal.</figure_summary>\n\n<figure_summary>Figure 2: This flowchart demonstrates the conversion process between analogue and digital signals. It shows how an ADC (Analogue-to-Digital Converter) converts an analogue signal into a digital signal, and a DAC (Digital-to-Analogue Converter) converts it back to an analogue signal.</figure_summary>\n\n<figure_summary>Figure 3: This diagram explains Time Division Multiplexing (TDM). It shows four separate digital signals (Signal 1, Signal 2, Signal 3, and Signal 4) being combined into a single multiplexed signal over time. The multiplexed signal is then transmitted through a single-mode fiber and subsequently demultiplexed back into the original signals.</figure_summary>\n</summary>"
    },
    "16": {
      "summary": "<summary>\nThis page focuses on the topic of **Wireless Communication** under the section labeled \"P1g.\" It provides definitions and explanations for key terms related to wireless communication and electromagnetic waves. The content is organized in a table format, listing terms such as Radiowave, Refraction, Frequency, Microwaves, Aerial, Ionosphere, Interference, Electromagnetic Spectrum, Wavelength, and Ghosting, along with their respective descriptions.\n\n<table_summary>\nThe table is divided into two columns. The left column lists the terms, while the right column provides detailed definitions for each term. For example, \"Radiowave\" is defined as part of the electromagnetic spectrum used for communication, and \"Frequency\" is described as the number of waves passing through a point per unit time (e.g., 300 m/s). This table serves as a concise reference guide for understanding the fundamental concepts of wireless communication.\n</table_summary>\n\n<image_summary>\nThe background of the page features a green gradient design, which adds a visually appealing element to the content. There are no additional images, charts, or diagrams beyond the table itself.\n</image_summary>\n\nOverall, the page effectively summarizes essential terminology and concepts related to wireless communication, making it a useful resource for learners studying this topic.\n</summary>"
    },
    "17": {
      "summary": "<summary>\nThis page provides an overview of wireless communication technologies, focusing on their applications, advantages, disadvantages, and potential problems. It explains that wireless technologies enable appliances to communicate without wires, using radiowaves and microwaves. Key examples include televisions, radios, mobile phones, laptops, computers, and smartphones. The page highlights how long-distance communication is achieved through signal refraction by atmospheric layers, such as the ionosphere, and mentions the use of microwaves for satellite communication. It also lists common appliances that rely on wireless communication, including TVs, radios, smartphones, and laptops. Advantages of wireless communication include portability, convenience, and the ability to receive multiple signals simultaneously. However, disadvantages include signal reflection or refraction, drop-in-quality due to energy loss, and potential blockage by physical obstacles like hills or buildings.\n\n<figure_summary>Figure 1: The central title \"P1g: Wireless Communication\" serves as the focal point, organizing the surrounding information into sections about wireless technologies, long-distance communication, problems, appliances, advantages, and disadvantages.</figure_summary>\n\n<image_summary>The page uses a clean, structured layout with green boxes containing text, visually separating different sections of information. There are no photographs or illustrations, but the design effectively organizes the content for clarity.</image_summary>\n</summary>"
    },
    "18": {
      "summary": "<summary>\nThe page discusses the concept of line of sight in signal transmission and the challenges it poses for long-distance communication. It explains that line of sight refers to an unobstructed path between a transmitter and receiver, which can be disrupted by obstacles like tall buildings or trees. To overcome obstructions, microwave transmitters are strategically placed on high hills. The page also highlights the limitations of sending signals over long distances due to Earth's curvature and atmospheric conditions, noting that only certain waves, such as radiowaves, can be reflected off the ionosphere. Additionally, it mentions the use of Bluetooth or Wi-Fi for short-range communication and wired communication for rapid data transfer. The section is titled \"P1g: Receiving Signals.\"\n\n<image_summary>The left image illustrates the concept of line of sight, showing two towers connected by a curved line representing the Fresnel Zone, with mountains in between to depict potential obstructions.</image_summary>\n\n<image_summary>The right image demonstrates how radio waves can be reflected from the upper atmosphere (ionosphere) to reach receivers beyond the line of sight, using a satellite and Earth as part of the diagram.</image_summary>\n</summary>"
    },
    "19": {
      "summary": "<summary>\nThe page provides an overview of earthquake waves, focusing on P-waves, S-waves, and L-waves. It explains that P-waves are primary waves that travel through solids and liquids, while S-waves are secondary waves that can only travel through solids. L-waves, which travel along the Earth's surface, help determine the epicenter of an earthquake by analyzing the arrival times of P and S waves. The page also describes the nature of wave vibrations: P-waves are longitudinal, with vibrations parallel to the direction of travel, whereas S-waves are transverse, with vibrations perpendicular to the direction of travel. Seismometers, embedded in bedrock, are used to record these waves, with a simple version consisting of a pen and paper setup that marks the paper when a wave hits.\n\n<figure_summary>Figure 1: This diagram illustrates the propagation of P-waves and S-waves through the Earth's interior. It shows how seismic stations record these waves at different locations around the globe, highlighting the paths taken by each type of wave. The figure includes a cross-section of the Earth, indicating the inner core, outer core, and mantle.</figure_summary>\n\n<figure_summary>Figure 2: This diagram focuses on the Earth's internal structure and the behavior of P-waves and S-waves within it. It highlights the \"shadow zones\" where certain waves do not reach due to the Earth's liquid outer core, which blocks S-waves entirely and refracts P-waves. The figure also labels the inner core, outer core, and mantle regions.</figure_summary>\n</summary>"
    },
    "20": {
      "summary": "<summary>\nThe page discusses the effects of UV radiation on people, focusing on its impact on skin and eyes, as well as protective measures and the role of melanin. It explains that UV radiation can damage skin cells, leading to cancer and premature aging, and can also harm eyes, causing cataracts. The page highlights that naturally dark-skinned individuals have higher levels of melanin, providing better protection against sunburn compared to fair-skinned individuals. SPF (Sun Protection Factor) is introduced as a measure indicating how much longer one can stay in the sun when using sunscreen. Sunbeds are mentioned as an artificial source of UV radiation, contributing to increased skin cancer rates. Additionally, the page notes that while UV rays can be harmful, they are necessary for vitamin D production, which strengthens bones and protects against diseases.\n\n<image_summary>The page uses a green background with text boxes containing information about UV radiation's effects on people. There are no specific images, charts, or diagrams, but the layout is visually organized into sections for clarity.</image_summary>\n</summary>"
    },
    "21": {
      "summary": "<summary>\nThe page discusses the topic of UV radiation on Earth and its interaction with the atmosphere, focusing on the ozone layer and its depletion due to chlorofluorocarbons (CFCs). Key points include the role of the ozone layer in filtering harmful UV radiation, the thinning of the ozone layer caused by CFCs, and the international efforts to address this issue through agreements like the Montreal Protocol signed in 1980. The page also highlights how colder regions, such as Antarctica, experience faster ozone depletion due to chemical reactions catalyzed by cold temperatures. Additionally, it mentions the use of satellites to monitor the ozone layer and the increasing radiation intake reaching Earth's surface.\n\n<figure_summary>Figure 1: A diagram illustrating the ozone layer and its role in absorbing UV radiation. The figure shows the Earth's atmosphere with labeled layers (UV-C, UV-A, UV-B) and explains how the ozone layer protects the Earth's surface from harmful UV rays.</figure_summary>\n\n<image_summary>Image 1: A satellite image depicting the ozone hole over Antarctica, showing a distinct blue region representing the thinned ozone layer against a green background indicating normal ozone levels.</image_summary>\n\n<figure_summary>Figure 2: A chart explaining the effects of different types of UV rays (UV-A, UV-B, UV-C) on human skin. The chart uses color coding (yellow to red) to indicate the intensity and potential harm of each type of UV ray.</figure_summary>\n</summary>"
    }
  }
}