{
  "doc_id": "bigdatatrends-120723191058-phpapp02_95.pdf",
  "pages": {
    "1": {
      "summary": "<summary>\nThis page serves as the title slide for a presentation titled \"BIG DATA TRENDS.\" It was created by David Feinleib on November 15, 2012. The slide includes branding elements at the bottom, indicating affiliation with \"THE BIG DATA GROUP\" and providing a website URL: THEBIGDATAGROUP.COM. The design is minimalistic, featuring a dark gray background for the main content area and a solid blue footer for branding.\n\nThere are no tables, figures, charts, or images present on this page. The focus is solely on presenting the title, date, author, and organizational information in a clean and professional format.\n\n</summary>"
    },
    "2": {
      "summary": "<summary>\nThe page poses the question \"WHAT IS BIG DATA?\" in large, bold, centered text, indicating an introductory or exploratory section about the concept of big data. The text is simple and direct, suggesting that the following content will likely provide a definition, explanation, or overview of big data. At the bottom left corner, there is a website URL: \"THEBIGDATAGROUP.COM,\" which implies that this page is part of a resource or educational material provided by The Big Data Group.\n\nThere are no tables, figures, charts, diagrams, or images present on this page. The focus is entirely on the textual question, setting the stage for further discussion or elaboration on the topic of big data.\n\n</summary>"
    },
    "3": {
      "summary": "The image depicts a large group of swimmers gathered at the starting line of an open-water swimming event, likely part of a triathlon or similar competition. The participants are wearing wetsuits and blue swim caps, many of which have visible branding. They are densely packed along the shoreline, preparing to enter the water. In the background, there is a crowd of spectators standing on rocks, watching the event. Several boats are visible in the water, including one with a numbered buoy, indicating it may serve as a marker or safety vessel. The setting appears to be coastal, with buildings and hills visible in the distance under a clear sky.\n\n<image_summary>The image shows a crowded scene of swimmers lined up at the start of an open-water swimming event. The participants are wearing wetsuits and blue swim caps, with some caps featuring logos. The dense gathering suggests a significant number of competitors. Spectators are visible in the background, standing on rocky terrain, while boats and buoys are present in the water, adding context to the organized nature of the event. The overall atmosphere conveys anticipation and excitement.</image_summary>"
    },
    "4": {
      "summary": "<summary>\nThe page appears to be a screenshot of a GPS tracking application interface, displaying data related to an outdoor activity, likely cycling or running. The top section features a graph showing elevation (in feet) and speed (in miles per hour) over time, with the x-axis representing distance in miles. The graph indicates significant changes in elevation, suggesting a hilly or mountainous route. Below the graph, there is a map showing the geographical path of the activity, centered around Nice, France, with surrounding cities like Menton, Ventimiglia, and Grasse visible. The map includes road markings and allows switching between \"Road,\" \"Aerial,\" and \"Hybrid\" views. At the bottom, there is a summary table providing detailed statistics about the activity, including total time (00:01:32), total distance (07:13:43 hours and 0.00 miles), elevation gain/loss (-18 ft), and average speed (2.8 mph).\n\n<figure_summary>Figure 1: A line graph showing elevation (green) and speed (blue) over distance. The graph illustrates fluctuations in elevation and speed throughout the activity, indicating a challenging terrain.</figure_summary>\n\n<image_summary>Map of the activity route centered around Nice, France, with surrounding areas such as Menton, Ventimiglia, and Grasse. The map uses Bing Maps and includes road markings and geographical features.</image_summary>\n\nThe interface also includes playback controls at the top, allowing users to review the activity data dynamically. Overall, the page provides a comprehensive overview of the activity's performance metrics and geographical context.\n</summary>"
    },
    "5": {
      "summary": "<summary>\nThe page features a promotional advertisement for a Garmin sports watch, highlighting its functionality and popularity. The top section showcases an image of the Garmin watch displaying a time of 54:42 and a distance of 15.3 miles, indicating its use for tracking fitness activities. The price of the watch is listed as $399.99. Below the watch image, there is a plus sign followed by a screenshot of the Garmin Connect website interface. The website screenshot emphasizes the \"Total Miles Logged by Connect Users,\" which is displayed as 2,509,889,029, showcasing the extensive usage of the Garmin Connect platform by users.\n\n<image_summary>The top image is a close-up photograph of a Garmin sports watch, showing its digital display with workout metrics such as time and distance. The watch has a black strap and several buttons for navigation and control.</image_summary>\n\n<image_summary>The bottom image is a screenshot of the Garmin Connect website, featuring a blue header with navigation tabs labeled \"Home,\" \"Features,\" and \"Get Started.\" Below the header, a large digital-style counter displays the total miles logged by Connect users, emphasizing the scale of user engagement with the platform.</image_summary>\n</summary>"
    },
    "6": {
      "summary": "<summary>\nThis page presents an outline of a presentation or document focused on big data. The outline consists of five main sections: \n1) **Landscape**: Discusses the growing number of big data companies and categories.\n2) **Basic Stats**: Highlights how consumer scale is driving big data transformation.\n3) **Transformation**: Explores the impact of big data across many industries.\n4) **Top 8 Laws Of Big Data**: Outlines key principles or guidelines related to big data.\n5) **Big Data Whitespace**: Addresses areas in big data that are underexplored or have potential for further development.\n\nThe page does not contain any tables, figures, images, or charts; it solely focuses on providing a structured overview of the topics to be covered in the subsequent content.\n\n</summary>"
    },
    "7": {
      "summary": "<summary>\nThe page presents an introductory title slide focusing on the robustness of the big data market and the role of consumer scale in fueling technology adoption. The text emphasizes the significance of basic statistics in understanding the dynamics of the big data market. The slide serves as a header or overview for further detailed content, likely discussing market trends, consumer behavior, and technological advancements.\n\n<image_summary>The background is a solid blue color, which provides a clean and professional aesthetic. The text is prominently displayed in white, ensuring high readability. At the bottom, there is a footer with the website \"THEBIGDATAGROUP.COM\" and the page number \"7,\" indicating this is part of a larger presentation or document.</image_summary>\n</summary>"
    },
    "8": {
      "summary": "<summary>\nThis page presents \"The Big Data Landscape,\" a comprehensive overview of various tools, platforms, and technologies used in big data analytics and management. The landscape is divided into four main sections: **Apps**, **Data As A Service**, **Infrastructure**, and **Technologies**. Each section categorizes companies and tools based on their specific roles and functionalities within the big data ecosystem.\n\n### Apps Section:\nThis section highlights applications across different domains:\n- **Vertical**: Includes tools like MYRRIX, bloomreach, and Atigeo, focusing on specialized vertical solutions.\n- **Ad/Media**: Features companies such as Metamarkets, Rocketfuel, and Quantivo, catering to advertising and media analytics.\n- **Business Intelligence**: Lists prominent BI tools like Oracle, SAP Business Objects, Microsoft, IBM Cognos, and SAS.\n- **Analytics and Visualization**: Includes platforms like Palantir, Tableau, QlikView, and Alteryx, emphasizing data analysis and visualization capabilities.\n\n### Data As A Service Section:\nThis section showcases services that provide data as a product:\n- Companies like Factual, Kaggle, LexisNexis, and GoodData offer curated datasets and data services for various industries.\n\n### Infrastructure Section:\nThis section outlines the foundational technologies and services supporting big data operations:\n- **Analytics**: Includes platforms like Hortonworks, Cloudera, Vertica, and EMC Greenplum, which focus on analytical processing.\n- **Operational**: Features databases and systems like Couchbase, Hadoop, VoltDB, and MarkLogic, designed for operational workloads.\n- **As A Service**: Highlights cloud-based services such as Amazon Web Services, Windows Azure, and Google BigQuery.\n- **Structured DB**: Lists traditional relational database systems like Oracle, MySQL, PostgreSQL, and Teradata.\n\n### Technologies Section:\nThis section focuses on core big data technologies:\n- Tools like Hadoop, MapReduce, Mahout, and Cassandra are highlighted, representing distributed computing, machine learning, and NoSQL database technologies.\n\n<image_summary>\nThe page uses a visually organized layout with company logos and names grouped under relevant categories, providing a clear and intuitive overview of the big data ecosystem.\n</image_summary>\n\nOverall, the page serves as a valuable resource for understanding the diverse landscape of big data tools and services, showcasing how they fit into different aspects of data management and analytics.\n</summary>"
    },
    "9": {
      "summary": "<summary>\nThe page focuses on the topic of \"Market Growth,\" as indicated by the large, bold text at the top. The design is minimalistic, featuring a dark blue background for the main section and a darker gray footer. The footer includes the website \"THEBIGDATAGROUP.COM\" and the page number \"9.\" There are no additional textual details, tables, figures, or images present on this page.\n\nNo further visual elements or content are provided beyond the title and footer information.\n</summary>"
    },
    "10": {
      "summary": "<summary>\nThe page presents data on the overall revenue generated by big data vendors in 2011, totaling $5.1 billion. It highlights the top vendors with revenues exceeding $100 million, showcasing their respective contributions to this market segment. IBM leads with the highest revenue, followed by Intel and HP, while other companies like Fujitsu, Accenture, CSC, Dell, Seagate, EMC, Teradata, Amazon, SAS, Capgemini, and Hitachi also contribute significantly but with lower revenues compared to the top three.\n\n<figure_summary>Figure 1: A horizontal bar chart titled \"Vendors With Big Data Revenues Over $100M.\" The x-axis represents revenue in millions of dollars, ranging from 0 to 1000, while the y-axis lists the vendor names. Each bar corresponds to a vendor's revenue, with IBM having the longest bar, indicating the highest revenue, followed by Intel and HP. Other vendors are shown with progressively shorter bars, reflecting decreasing revenue amounts.</figure_summary>\n\nThe source of the data is cited as Wikibon, and the slide is part of a presentation from THEBIGDATAGROUP.COM, as indicated at the bottom of the page.\n</summary>"
    },
    "11": {
      "summary": "<summary>\nThe page presents data on the revenue generated by big data pure-play vendors in 2011. The total revenue for this sector was $468 million. A bar chart illustrates the yearly big data revenue (in US millions) for various companies, highlighting the leading players such as Vertica ($84 million), Opera Solutions ($75 million), Mu Sigma ($55 million), and Aster Data ($52 million). Other notable companies include Splunk, Greenplum, Cloudera, and Calpont, among others, with revenues ranging from $45 million to $15 million. Smaller companies like MapR, Digital Reasoning, Couchbase, and others have significantly lower revenues, with some listed as \"Other\" contributing $10 million collectively. The Wikibon logo is prominently displayed, indicating the source of the data.\n\n<figure_summary>Figure 1: Bar Chart - This chart visually represents the yearly big data revenue for various pure-play vendors in 2011. Each bar corresponds to a company, with the height indicating its revenue in US millions. The chart clearly shows the revenue distribution across different vendors, with a few dominant players and many smaller contributors.</figure_summary>\n\n<image_summary>Logo: The Wikibon logo is featured on the right side of the chart, signifying the organization responsible for compiling and presenting the data.</image_summary>\n</summary>"
    },
    "12": {
      "summary": "<summary>\nThe page presents data on the growth of Big Data revenue over a five-year period, from 2012 to 2017. The title indicates that the overall revenue reached $53.4 billion by 2017. A line graph illustrates this trend, showing a consistent upward trajectory in revenue over the years. Key revenue figures are marked at each year: $5.1 billion in 2012, $10.2 billion in 2013, $16.8 billion in 2014, $32.1 billion in 2015, $48.0 billion in 2016, and finally $53.4 billion in 2017. The source of the data is attributed to Wikibon, as indicated in the bottom right corner of the graph.\n\n<figure_summary>Figure 1: Line Graph of Big Data Revenue Growth (2012–2017)  \nThis line graph visually represents the increasing revenue of the Big Data market over five years. The x-axis denotes the years from 2012 to 2017, while the y-axis measures revenue in billions of dollars. Two lines are shown: one representing actual revenue and another indicating projected growth. Specific revenue values are labeled at each year, highlighting the significant increase over time.</figure_summary>\n\n<image_summary>Logo of Wikibon  \nA blue square logo featuring a stylized bee inside a hexagonal pattern is displayed in the top-left corner of the graph. Below the logo, the word \"Wikibon\" is written, indicating the organization responsible for the data.</image_summary>\n\nThe page also includes a watermark at the bottom left corner reading \"THEBIGDATAGROUP.COM,\" suggesting the presentation or report is associated with this entity. The slide number \"12\" is located in the bottom right corner, indicating its position within a larger presentation.\n</summary>"
    },
    "13": {
      "summary": "<summary>\nThe page focuses on the topic of \"DATA GROWTH,\" as prominently displayed in large white text against a dark blue background. The design is minimalistic, with no additional textual content or detailed explanations provided on this page. The bottom section features a gray footer containing the website URL \"THEBIGDATAGROUP.COM\" in white text, indicating the source or affiliation of the content. The page number \"13\" is located in the bottom right corner, suggesting it is part of a larger document or presentation.\n\nThere are no tables, figures, charts, diagrams, or images present on this page. The primary purpose appears to be serving as a title slide or section header to introduce the concept of data growth within the context of the broader document.\n\n</summary>"
    },
    "14": {
      "summary": "<summary>\nThe page presents data on the growth of Facebook users at International Business (IB) level from December 2004 to October 2012. The title \"Facebook at IB Users in Oct '12\" indicates the focus on user growth over this period. The source of the data is credited to Benphoster.com, and the slide is part of a presentation by THEBIGDATAGROUP.COM.\n\n<figure_summary>Figure 1: A line graph titled \"Users In Millions\" shows the number of Facebook users over time. The x-axis represents the timeline from December 2004 to October 2012, while the y-axis measures the number of users in millions. The graph demonstrates a consistent upward trend, starting near zero in late 2004 and reaching approximately 1 billion users by October 2012. Each point on the line represents a specific data point, indicating the number of users at various intervals.</figure_summary>\n\nThe graph visually illustrates the rapid expansion of Facebook's user base, highlighting its significant growth trajectory over eight years. The data points are connected by a smooth curve, emphasizing the steady increase in user numbers.\n\n</summary>"
    },
    "15": {
      "summary": "<summary>\nThe page presents data on the growth of Twitter's daily tweet volume over several years, highlighting that Twitter reached 400 million tweets per day in June 2012. The graph illustrates a steady increase in the number of tweets per day, measured in millions, from January 2007 to June 2012. Key milestones include significant jumps in tweet volume around October 2009, September 2010, June 2011, and finally reaching the 400 million mark in June 2012. The source of the data is credited to Twitter's blog and news reports.\n\n<figure_summary>Figure 1: A line graph showing the growth of Twitter's daily tweet volume over time. The x-axis represents years (from January 2007 to June 2012), and the y-axis represents the number of tweets per day in millions. The graph demonstrates a consistent upward trend, with notable increases at specific intervals.</figure_summary>\n\nThe page also includes a watermark at the bottom left corner indicating \"THEBIGDATAGROUP.COM,\" suggesting the source or creator of the visualization. The slide number \"15\" is visible in the bottom right corner, indicating its position within a larger presentation.\n</summary>"
    },
    "16": {
      "summary": "<summary>\nThe page highlights New Relic's achievement in capturing 56 billion metrics daily across over 25,000 accounts in August 2012. The content emphasizes the significant growth in data capture over time, showcasing the company's scalability and data processing capabilities.\n\n<figure_summary>Figure 1: A bar chart illustrating the number of metrics captured by New Relic from January 2010 to August 2012. The x-axis represents the months, while the y-axis shows the number of metrics captured, ranging from 0 to 60 billion. The chart demonstrates a consistent upward trend, with a sharp increase observed from late 2011 onwards, culminating in the peak of 56+ billion metrics captured in August 2012.</figure_summary>\n\nThe page also includes a note at the bottom attributing the source to THEBIGDATAGROUP.COM, indicating the origin of the data visualization.\n</summary>"
    },
    "17": {
      "summary": "<summary>\nThe page highlights significant corporate data growth over the past year, emphasizing a 94% year-over-year increase in overall corporate data. It presents a comparison of growth rates across different areas, noting that database systems experienced a slightly higher growth rate at 97%, while the average organization saw a more moderate growth of 50%. The source of this data is attributed to Forrester.\n\n<table_summary>\nTable 1: This table compares the growth rates of different areas related to corporate data. It includes three rows: \"Database systems\" with a growth rate of 97%, \"Overall corporate data\" with a growth rate of 94%, and \"Data of average organization\" with a growth rate of 50%.\n</table_summary>\n\n<image_summary>\nThere are no images or illustrations present on the page; the content is primarily textual and tabular.\n</image_summary>\n</summary>"
    },
    "18": {
      "summary": "<summary>\nThe page titled \"Big Data: By The Numbers\" provides a concise overview of the massive scale of data processing and storage across various industries and platforms. It highlights key statistics related to big data usage, including Walmart handling 1M transactions per hour, Google processing 24PB of data per day, AT&T transferring 30PB of data per day, 90 trillion emails sent annually, and World of Warcraft using 1.3PB of storage. These examples illustrate the immense volume and velocity of data in modern digital environments.\n\nThere are no tables, figures, charts, or images present on this page. The information is conveyed entirely through bullet points, emphasizing the numerical magnitude of big data in different contexts.\n\n<image_summary>The page features a simple design with a dark gray header containing the title \"Big Data: By The Numbers.\" The main content is presented in black text on a white background, with a footer displaying the website \"THEBIGDATAGROUP.COM.\"</image_summary>\n</summary>"
    },
    "19": {
      "summary": "<summary>\nThe page presents data on the worldwide growth of digital information over time, highlighting a significant increase in data production. The title states \"Worldwide Data Growth at 7.9EB / Yr in '15,\" indicating that by 2015, the global data generation rate reached 7.9 exabytes per year. The chart illustrates this trend across three key years: 2005, 2010, and 2015, showing exponential growth in data volume. The source of the data is attributed to IDC and EMC, with an explanation that 1 exabyte (EB) equals 1 billion gigabytes (GB).\n\n<figure_summary>Figure 1: A bar chart titled \"Worldwide Data Growth at 7.9EB / Yr in '15\" visually represents the increase in data volume over time. The x-axis marks the years 2005, 2010, and 2015, while the y-axis measures data volume in exabytes (EB). The chart shows minimal data growth in 2005, moderate growth in 2010, and a dramatic spike in 2015, reaching approximately 8,000 EB.</figure_summary>\n\nThe page emphasizes the rapid acceleration of data creation, particularly in the latter period, underscoring the challenges and opportunities associated with big data management and analysis.\n</summary>"
    },
    "20": {
      "summary": "<summary>\nThe page discusses the \"Bandwidth of Our Senses,\" comparing the data processing capacity of human senses to various technological storage and transfer speeds. The primary focus is on illustrating how different senses handle information at varying rates. Sight has the highest bandwidth at 1250 MB/s, equivalent to the speed of a computer network. Touch follows with 125 MB/s, comparable to a USB key. Hearing and smell share a bandwidth of 12.5 MB/s, similar to a hard disk. Taste has the lowest bandwidth, represented by a small pink section. The source of the data is credited to Hans Norretranders, and the visualization is attributed to THEBIGDATAGROUP.COM.\n\n<figure_summary>Figure 1: A horizontal bar chart visually compares the bandwidth of human senses (Sight, Touch, Hearing, Smell, and Taste) using color-coded sections. Each sense is labeled with its corresponding bandwidth in MB/s and an icon representing a technology with a similar data transfer rate (e.g., computer network for sight, USB key for touch, hard disk for hearing/smell). The chart emphasizes the vast difference in sensory processing capabilities.</figure_summary>\n</summary>"
    },
    "21": {
      "summary": "<summary>\nThe page presents a visual comparison of data sensed per year, highlighting the vast increase in data generation over time. It contrasts the amount of data sensed by humans (0.04 EB) with the amount of data sensed by technology (7,910 EB), emphasizing a 200,000-fold difference. The term \"EB\" stands for Exabyte, where 1 EB equals 1 billion GB.\n\n<figure_summary>Figure 1: A simple diagram showing a human figure labeled \"0.04 EB\" on the left and a stack of four database-like icons labeled \"7,910 EB\" on the right. An arrow connects the two, indicating the 200,000 times increase in data sensed by technology compared to humans.</figure_summary>\n\n<image_summary>The image uses minimalist icons: a stick figure representing humans and database-like cylinders representing technological data storage. The visual contrast effectively illustrates the exponential growth in data sensed by technology.</image_summary>\n\nThe source of the information is credited to THEBIGDATAGROUP.COM at the bottom of the page.\n</summary>"
    },
    "22": {
      "summary": "<summary>\nThis page introduces the topic \"THE BIG DATA CYCLE\" in large, bold white text centered at the top against a dark blue background. The bottom section features a gray footer with the website address \"THEBIGDATAGROUP.COM\" in white text, indicating the source or affiliation of the content. The page number \"22\" is located in the bottom right corner, suggesting this is part of a larger document or presentation. The design is minimalistic, focusing solely on the title and branding without additional textual or visual elements.\n\nThere are no tables, figures, charts, diagrams, or images present on this page. The primary purpose appears to be serving as a title slide or section header for a discussion or explanation about the big data cycle.\n\n</summary>"
    },
    "23": {
      "summary": "<summary>\nThe page discusses the relationship between efficiency and consumption, highlighting that as efficiency increases, so does consumption. This concept is illustrated through a line graph showing the daily cost in USD (green line) and elastic compute units (orange line) over time. The graph spans from February 22, 2012, to June 22, 2012, and demonstrates fluctuations in both cost and compute usage. Notably, there are two marked points labeled \"A\" and \"B,\" which likely indicate significant changes or trends in the data. The source of the data is attributed to Cloudyn, and the slide is part of a presentation by THEBIGDATAGROUP.COM.\n\n<figure_summary>Figure 1: A line graph comparing daily costs (in USD) and elastic compute units over time. The green line represents daily costs, while the orange line represents compute units. The x-axis shows dates from February 22, 2012, to June 22, 2012, and the y-axes show the corresponding values for cost and compute units. Two points, labeled \"A\" and \"B,\" highlight specific trends or changes in the data.</figure_summary>\n\n</summary>"
    },
    "24": {
      "summary": "<summary>\nThe page discusses \"The Big Data Cycle,\" illustrating a cyclical process involving three key stages. Stage 1 highlights how consumer demands for scale and speed have driven the development of new technologies that enhance Big Data efficiency. Stage 2 explains that this increased efficiency is leading to the widespread adoption of Big Data across various industries. Stage 3 describes how this adoption results in the generation and consumption of even more data, which feeds back into the cycle, reinforcing the need for further technological advancements.\n\n<figure_summary>Figure 1: A circular diagram visually represents the Big Data Cycle. It consists of three numbered stages connected by arrows, showing the flow from consumer-driven technology improvements (Stage 1) to industry adoption (Stage 2) and finally to increased data generation and consumption (Stage 3). This visual emphasizes the continuous and self-reinforcing nature of the cycle.</figure_summary>\n\nThe page also includes a website reference at the bottom: THEBIGDATAGROUP.COM, indicating the source of the content.\n</summary>"
    },
    "25": {
      "summary": "<summary>\nThis page presents six key insights from Facebook's former head of big data, focusing on analytics for a large user base. It highlights the scale of data handling, noting \"Analytics on 900M users\" with \"25PB of compressed data - 125PB uncompressed.\" The insights are listed as follows: \n1) Shifting focus from \"What data to store\" to \"What can we do with more data.\"\n2) Simplifying data analytics for end users.\n3) Increased user numbers necessitate more robust analytics systems.\n4) Social networking enhances big data effectiveness.\n5) No single infrastructure can address all big data challenges.\n6) Building software is challenging, and running a service is even harder.\n\nThe page does not contain any tables, figures, or images, but it emphasizes the importance of strategic data management and the complexities involved in scaling big data operations.\n</summary>"
    },
    "26": {
      "summary": "<summary>\nThe page presents a title slide with the heading \"BIG DATA TRANSFORMING BUSINESS\" in large, bold, white text against a dark blue background. Below the title, there is a footer section with a gray background containing the website address \"THEBIGDATAGROUP.COM\" in white text. The page number \"26\" is displayed in the bottom right corner. This slide appears to serve as an introductory or transitional slide, likely setting the stage for a discussion or presentation about how big data is impacting businesses.\n\nThere are no tables, figures, charts, diagrams, or images present on this page. The design is minimalistic, focusing solely on the title and contact information.\n\n</summary>"
    },
    "27": {
      "summary": "<summary>\nThe page discusses the transformation of retail practices over time, contrasting traditional sales methods with modern data-driven approaches. On the left side, labeled \"THEN,\" it highlights the use of generic promotional signage (\"BIG DEALS\") to attract customers, emphasizing a one-size-fits-all approach to sales. On the right side, labeled \"NOW,\" it showcases a data-driven strategy where personalized recommendations are provided to individual customers based on their preferences and purchase history. This shift illustrates how retail has evolved from broad, generalized marketing to targeted, customer-specific engagement.\n\n<image_summary>The left image shows multiple red signs with the text \"BIG DEALS\" in large white letters, representing traditional retail promotions. The right image displays a screenshot of an online platform with personalized book recommendations, including titles like \"Even Faster Web Sites\" and \"Simply JavaScript,\" along with ratings and prices.</image_summary>\n\n<figure_summary>Figure 1: The comparison between traditional retail (\"THEN\") and modern data-driven retail (\"NOW\") visually demonstrates the evolution from generic sales tactics to personalized, data-informed strategies. The left side uses physical signage to represent mass marketing, while the right side uses a digital interface to illustrate tailored recommendations.</figure_summary>\n</summary>"
    },
    "28": {
      "summary": "<summary>\nThe page titled \"Transformation of Online Marketing\" compares the evolution of online marketing strategies over time, divided into two sections: \"THEN...\" and \"NOW...\". The \"THEN...\" section focuses on traditional lead generation methods, presenting a table of leads with company names, contact details, opportunity values, and creation dates. The \"NOW...\" section highlights modern approaches, emphasizing integrated marketing and sales recommendations. It illustrates how data from platforms like Google, Twitter, Salesforce, and Facebook are used to provide campaign recommendations, showcasing a more collaborative and data-driven approach.\n\n<table_summary>\nTable 1: This table lists five example leads under the \"THEN...\" section. Each row includes the company name, first and last name of the contact, the opportunity value in dollars, and the date the lead was created. The companies listed are Acme, BigCo, DealCo, Stor Works, and RF Group, with varying opportunity sizes and creation dates ranging from June to July 2012.\n</table_summary>\n\n<figure_summary>\nFigure 1: This diagram under the \"NOW...\" section visually represents the integration of various digital platforms in modern marketing. It shows arrows pointing from logos of Google, Twitter, Salesforce, and Facebook toward a central figure labeled \"Marketing and Sales Recommendations.\" A smaller figure wearing a headset is also depicted, symbolizing customer service or support. The overall layout emphasizes the role of data from these platforms in generating campaign recommendations.\n</figure_summary>\n\n<image_summary>\nNo standalone images are present apart from the logos of Google, Twitter, Salesforce, and Facebook, which serve as visual references to the platforms mentioned in the \"NOW...\" section. These logos are used to illustrate the sources of data and tools utilized in contemporary marketing strategies.\n</image_summary>\n</summary>"
    },
    "29": {
      "summary": "<summary>\nThe page titled \"Transformation of IT\" compares the traditional approach to IT monitoring (\"THEN\") with the modern approach (\"NOW\"). On the left side, labeled \"THEN,\" it highlights the use of log files, which are shown as a list of timestamped error messages from December 21, 2008. This represents a manual, data-heavy, and less intuitive method of tracking system issues. On the right side, labeled \"NOW,\" it showcases \"Operational intelligence,\" depicted through a combination of a bar chart and a world map. The bar chart illustrates data distribution over time, while the world map uses color-coded markers to represent various activities or incidents across different regions, indicating real-time, geographically aware, and visually interpretable insights.\n\n<figure_summary>Figure 1: Bar Chart and World Map – The bar chart shows a timeline of data distribution, likely representing activity levels or error occurrences over time. The world map below it uses colored markers to indicate locations of events or activities, providing a geographical context for operational intelligence.</figure_summary>\n\n<image_summary>Log Files Example – A screenshot of log files displaying multiple error messages with timestamps, illustrating the historical reliance on raw, unprocessed data for monitoring purposes.</image_summary>\n\nThis comparison emphasizes the evolution from static, text-based log files to dynamic, visual, and location-aware operational intelligence tools, highlighting the advancements in IT monitoring and analytics.\n</summary>"
    },
    "30": {
      "summary": "<summary>\nThe page titled \"Transformation of Customer Service\" contrasts the past and present approaches to customer service. On the left side, labeled \"THEN,\" it highlights the issue of \"Unhappy customers,\" accompanied by an image of a visibly frustrated individual, symbolizing the negative experiences customers faced in the past. On the right side, labeled \"NOW,\" it emphasizes the shift towards \"Customer insight,\" illustrated by a line graph showing improvements in customer satisfaction and first reply time over several months from September 2011 to May 2012. The graph demonstrates a positive trend, with satisfaction increasing from 84% to 88%, while first reply times have significantly decreased, indicating more efficient and effective customer service practices.\n\n<figure_summary>Figure 1: A line graph comparing customer satisfaction (%) and first reply time (hours) over a period from September 2011 to May 2012. The blue line represents satisfaction, which shows an overall upward trend, while the green shaded area represents first reply time, which decreases over the same period. This visual illustrates the improvement in customer service metrics.</figure_summary>\n\n<image_summary>An image of a frustrated individual with an exaggerated expression of distress, symbolizing unhappy customers in the past.</image_summary>\n\nThe page effectively communicates the transformation from reactive, dissatisfying customer service to proactive, data-driven insights that lead to improved customer experiences and operational efficiency.\n</summary>"
    },
    "31": {
      "summary": "<summary>\nThe page titled \"Transformation of Billing\" compares the traditional and modern approaches to billing processes in healthcare. It highlights the shift from manual coding to intelligent coding. The left side, labeled \"THEN,\" emphasizes manual coding, represented by an image of a stethoscope placed on top of medical documents and a pen, symbolizing the labor-intensive and manual nature of past billing practices. The right side, labeled \"NOW,\" showcases intelligent coding, depicted by an image of a stethoscope resting on a background filled with binary code, illustrating the integration of technology and automation in current billing systems.\n\n<image_summary>The left image shows a stethoscope, a pen, and medical documents, representing the manual and paperwork-heavy process of traditional billing. The right image features a stethoscope on a background of binary code, symbolizing the transition to automated and data-driven intelligent coding.</image_summary>\n</summary>"
    },
    "32": {
      "summary": "<summary>\nThe page titled \"Transformation Of Fraud Management\" illustrates the evolution in fraud management techniques over time. It contrasts two approaches: \"THEN,\" which relied on credit databases, and \"NOW,\" which utilizes social profiles. The left side (\"THEN\") shows an image of a hand checking off boxes on a credit report form, symbolizing traditional methods of assessing creditworthiness. The right side (\"NOW\") displays a screenshot of a Facebook profile, highlighting how social media data is now used for verification and fraud detection.\n\n<image_summary>The left image shows a hand marking a credit report form with checkboxes labeled \"Excellent,\" \"Good,\" \"Average,\" and \"Poor,\" representing the manual and limited nature of historical credit database systems.</image_summary>\n\n<image_summary>The right image is a screenshot of a Facebook profile page, featuring a profile picture of Mark Zuckerberg, personal details such as education and marital status, and engagement metrics like friends count and subscribers. This illustrates the rich, dynamic data available through social profiles for modern fraud management.</image_summary>\n</summary>"
    },
    "33": {
      "summary": "<summary>\nThe page titled \"Transformation Of Operations Management\" contrasts traditional operations management methods (\"THEN\") with modern, automated approaches (\"NOW\"). The left side, labeled \"THEN,\" features an image of a car dashboard with a parking ticket and pen, symbolizing manual, paper-based processes. The right side, labeled \"NOW,\" showcases a digital map with colored markers representing automated operations, highlighting the shift towards technology-driven solutions.\n\n<image_summary>The left image shows a car dashboard with a parking ticket and pen, illustrating outdated, manual operational practices.</image_summary>\n\n<image_summary>The right image displays a digital map with red and blue markers, indicating automated operations and real-time data visualization.</image_summary>\n\nThe page emphasizes the evolution from manual, labor-intensive tasks to efficient, data-driven automation in operations management. The source of the images is credited to Jalopnik.com and SFPark, and the slide is part of a presentation by THEBIGDATAGROUP.COM.\n</summary>"
    },
    "34": {
      "summary": "<summary>\nThe page titled \"Transformation of Law Enforcement\" contrasts traditional law enforcement methods with modern approaches. On the left side, labeled \"THEN...,\" it highlights the reliance on \"Gut instinct\" in decision-making, represented by a silhouette of five individuals standing against a height chart, symbolizing subjective judgment. On the right side, labeled \"NOW...,\" it showcases the shift towards data-driven strategies, specifically \"Crime hotspot prediction,\" depicted through a map of Santa Cruz, California, marked with red pins indicating crime hotspots. This visual comparison emphasizes the evolution from intuition-based policing to evidence-based practices using predictive analytics.\n\n<figure_summary>Figure 1: A map of Santa Cruz, California, showing crime hotspots with red pins and squares, illustrating the use of data to predict high-crime areas.</figure_summary>\n\n<image_summary>An illustration of five silhouetted individuals standing against a height chart, representing the reliance on gut instinct in traditional law enforcement.</image_summary>\n</summary>"
    },
    "35": {
      "summary": "<summary>\nThe page titled \"Transformation of Medical Research\" compares traditional keyword-based search methods (\"THEN\") with modern relevance-driven approaches (\"NOW\"). On the left side, under \"THEN,\" it illustrates keyword searches using a screenshot of a PubMed search results page, showing a list of articles related to leukemia research. Each article entry includes the title, authors, journal, publication date, PMID, and links to related citations. On the right side, under \"NOW,\" it presents a network diagram highlighting the interconnectedness of various topics related to acute leukemia, emphasizing a more holistic and relevant approach to medical research.\n\n<figure_summary>Figure 1: A network diagram illustrating the concept of relevance in modern medical research. The central node is labeled \"acute leukemia,\" with multiple branches connecting to related topics such as \"evaluation of patients with acute leukemia admitted to an intensive care unit,\" \"spinal epidural granulocytic sarcoma preceding acute leukemia,\" and others. This visual emphasizes how current research focuses on interconnected themes rather than isolated keywords.</figure_summary>\n\n<image_summary>A screenshot of a PubMed search results page is shown under the \"THEN\" section. It displays a list of articles related to leukemia, including titles, authors, journals, publication dates, PMIDs, and links to related citations. This image represents the traditional method of keyword-based searching.</image_summary>\n\nThe page effectively contrasts the limitations of keyword-based searches with the advantages of relevance-driven approaches, highlighting the evolution of medical research methodologies. The source of the images is credited to PubMed and Atigeo at the bottom of the page.\n</summary>"
    },
    "36": {
      "summary": "<summary>\nThe page titled \"Transformation of Fitness\" compares traditional fitness tracking methods with modern, technology-driven approaches. On the left side, labeled \"THEN...,\" it highlights manual tracking using a handwritten note on lined paper listing activities such as \"Walk 45 minutes,\" \"Smoothie,\" and \"Lift weights 20 minutes.\" On the right side, labeled \"NOW...,\" it showcases a modern fitness tracker with the text \"Goals + measurement,\" emphasizing the shift toward automated and data-driven fitness management. The page visually contrasts the simplicity of past methods with the advanced capabilities of current wearable technology.\n\n<image_summary>The left image shows a handwritten note on lined paper detailing fitness activities, representing manual tracking methods. The right image displays a modern fitness tracker, symbolizing the integration of goals and measurements in contemporary fitness practices.</image_summary>\n</summary>"
    },
    "37": {
      "summary": "<summary>\nThis page introduces the topic of \"Top 8 Laws of Big Data,\" indicating that the subsequent content will likely discuss key principles or guidelines related to big data management, analysis, or utilization. The page serves as a title slide, setting the stage for an in-depth exploration of these laws. The website \"THEBIGDATAGROUP.COM\" is mentioned at the bottom, suggesting that this content may be part of a presentation or resource provided by this organization. The page number \"37\" indicates its position within a larger document or presentation.\n\nThere are no tables, figures, images, or additional visual elements present on this page. It focuses solely on introducing the topic with a clear heading and branding information.\n\n</summary>"
    },
    "38": {
      "summary": "<summary>\nThis page introduces \"Big Data Law #1,\" which states that the speed of data analysis directly correlates with its predictive value. It emphasizes that companies are transitioning from batch processing to real-time data analysis to gain a competitive edge. The page highlights the importance of timely insights in leveraging big data effectively.\n\nThere are no tables, figures, charts, diagrams, or images present on this page. The content is purely textual, focusing on conveying the core principle of Big Data Law #1.\n\n<image_summary>No images, figures, or charts are present on this page.</image_summary>\n</summary>"
    },
    "39": {
      "summary": "<summary>\nThe page discusses \"Big Data Law #2,\" which emphasizes the importance of maintaining a single copy of data rather than multiple copies. It argues that excessive copying and movement of data can lead to decreased reliability, using the banking crisis as an example to illustrate this point. The page is simple in design, focusing solely on the textual message without any accompanying tables, figures, or images.\n\n</summary>"
    },
    "40": {
      "summary": "<summary>\nThis page presents \"Big Data Law #3,\" which emphasizes the importance of using more diverse data rather than just increasing the volume of data. The text argues that greater insights can be achieved by combining multiple data sources, suggesting that diversity in data leads to more valuable and interesting outcomes.\n\nThere are no tables, figures, charts, or images on this page. The focus is entirely on the textual message conveyed through the bold heading and the explanatory paragraph.\n\nThe source of the content is credited to THEBIGDATAGROUP.COM at the bottom of the page.\n</summary>"
    },
    "41": {
      "summary": "<summary>\nThis page presents \"Big Data Law #4,\" which emphasizes the principle that data holds value far beyond initial expectations and advises against discarding it. The message underscores the importance of preserving data due to its potential future utility and unforeseen insights.\n\nThere are no tables, figures, charts, diagrams, or images on this page. The content is purely textual, focusing on conveying a concise and impactful statement about data management and its long-term significance.\n\n<footer>THEBIGDATAGROUP.COM</footer>\n</summary>"
    },
    "42": {
      "summary": "<summary>\nThis page discusses \"Big Data Law #5,\" which emphasizes planning for exponential growth in data volume. It highlights that while the number of photos, emails, and instant messages (IMs) is substantial, it is ultimately limited by the population size. In contrast, networked sensor data from mobile phones, GPS devices, and other connected devices generates much larger volumes of data, underscoring the need for strategies to handle such exponential growth effectively.\n\nThere are no tables, figures, or images on this page. The focus is entirely on the textual explanation of the concept.\n</summary>"
    },
    "43": {
      "summary": "<summary>\nThis page presents \"Big Data Law #6,\" which emphasizes the importance of using Big Data to solve real business problems rather than treating it as a standalone technology. The text advises against viewing Big Data as merely a new, shiny tool but instead encourages focusing on core business challenges and leveraging Big Data analysis to address them effectively. The page is simple, with no visual elements such as tables, figures, or images, and includes a website reference at the bottom: THEBIGDATAGROUP.COM.\n\n</summary>"
    },
    "44": {
      "summary": "<summary>\nThis page presents \"Big Data Law #7,\" which emphasizes the importance of combining data with human expertise to gain deeper insights. The text highlights that having more data alone is not sufficient; it stresses the need for organizations to find ways to broaden the use of data across different departments and teams. This approach aims to maximize the value of data by leveraging human interpretation and collaboration.\n\nThere are no tables, figures, charts, diagrams, or images on this page. The focus is entirely on the textual message conveyed through the statement about integrating data and human intelligence.\n\n<image_summary>The page contains a simple, clean design with a black header at the top displaying \"BIG DATA LAW #7.\" The main body of the text is centered and written in a bold, readable font. The footer includes the website \"THEBIGDATAGROUP.COM\" and the page number \"44.\"</image_summary>\n</summary>"
    },
    "45": {
      "summary": "<summary>\nThe page discusses \"Big Data Law #8,\" emphasizing that big data is revolutionizing businesses in a manner similar to how information technology (IT) did previously. It highlights the importance of leveraging both internal and external data sources, warning that companies failing to do so risk being surpassed by new competitors. The text underscores the transformative power of big data and its strategic significance for business success.\n\nThere are no tables, figures, charts, diagrams, or images present on this page. The focus is entirely on the textual message conveyed through the statement about big data's impact on business.\n\n<footer>THEBIGDATAGROUP.COM</footer>\n</summary>"
    },
    "46": {
      "summary": "<summary>\nThis page serves as a title slide for a section or presentation titled \"D2: DATA + DESIGN.\" It introduces the topic of combining data analysis with design principles, likely emphasizing the integration of data-driven insights with creative design solutions. The slide is minimalistic, featuring a dark blue background with white text for high contrast and readability. At the bottom, there is a footer with the website \"THEBIGDATAGROUP.COM,\" indicating the source or organization associated with the content. The page number \"46\" suggests this is part of a larger document or presentation.\n\nThere are no tables, figures, charts, or images present on this page. The focus is entirely on the textual introduction of the section.\n\n</summary>"
    },
    "47": {
      "summary": "<summary>\nThe page titled \"Data Informs Design\" highlights the role of advanced technology in yacht racing, specifically in the context of the America's Cup. It features a quote from The Wall Street Journal MarketWatch stating, \"The racing technology on the yachts competing for the America’s Cup will be the most advanced ever.\" This emphasizes the integration of cutting-edge data-driven design in competitive sailing.\n\n<image_summary>The central image shows two high-performance racing yachts with large red sails, prominently displaying the logos of \"Fly Emirates\" and \"Prada,\" sailing on a body of water. The backdrop includes a bridge structure, likely the Golden Gate Bridge, adding a scenic and iconic element to the setting.</image_summary>\n\nThe page also includes a watermark at the bottom left corner reading \"THEBIGDATAGROUP.COM,\" indicating the source or affiliation of the content. Overall, the page conveys the idea that data and technology are pivotal in shaping the future of competitive sailing, particularly in prestigious events like the America's Cup.\n</summary>"
    },
    "48": {
      "summary": "<summary>\nThe page titled \"Design Informs Data\" emphasizes the importance of data visualization in conveying complex information effectively. It showcases various examples of data visualizations, highlighting how design can enhance understanding and interpretation of data. The central theme is that visualization serves as a form of knowledge compression, as quoted by David McCandless: \"Visualization is a form of knowledge compression.\"\n\n<figure_summary>Figure 1: A collage of multiple data visualizations, including crime patterns across different cities, seasonal trends in searches related to breakups, and historical top marginal tax rates. These visuals demonstrate diverse ways data can be represented to reveal insights.</figure_summary>\n\n<figure_summary>Figure 2: A line graph titled \"Top Marginal Tax Rates: 1916-2011,\" showing the fluctuations in income, corporate, and capital gains tax rates over time. This visualization provides a clear historical overview of tax rate changes.</figure_summary>\n\nThe page also includes attributions to sources such as \"InformationIsBeautiful.net\" and \"VisualizingEconomics.com,\" indicating the collaborative nature of data visualization projects. The overall message underscores the power of design in making data accessible and meaningful.\n\n</summary>"
    },
    "49": {
      "summary": "<summary>\nThe page titled \"Big Data Versus Romance\" explores the concept of peak break-up times based on Facebook status updates. It presents data-driven insights into when people are most likely to end relationships, highlighting specific periods and events throughout the year. The primary focus is on identifying trends in break-ups, such as during Spring Break (\"spring clean\"), Valentine's Day, April Fool's Day, Mondays, summer holidays, and two weeks before winter holidays, as well as around Christmas (\"too cruel\").\n\n<figure_summary>Figure 1: A line graph illustrating the frequency of break-ups across different months of the year. The x-axis represents the months (January to December), while the y-axis indicates the relative number of break-ups. Notable peaks are marked with labels corresponding to specific events or times, such as Spring Break, Valentine's Day, and the period leading up to Christmas.</figure_summary>\n\nThe source of the data is noted as searches for \"we broke up because,\" taken from the infographic ultrabook \"The Visual Miscellaneum.\" The authors credited for this visualization are David McCandless and Lee Byron, with references to their respective websites: InformationIsBeautiful.net and LeeBryon.com. The page also includes a mention of THEBIGDATAGROUP.COM at the bottom, indicating its association with big data analysis.\n\nThis page effectively combines data analytics with social behavior, offering a unique perspective on romantic relationships through the lens of digital activity.\n</summary>"
    },
    "50": {
      "summary": "<summary>\nThis page serves as a title slide for a section labeled \"SUMMARY.\" It appears to be part of a presentation or document, as indicated by the footer containing the website \"THEBIGDATAGROUP.COM\" and the page number \"50.\"\n\nThe page is visually simple, with a dark blue background occupying the upper portion and a darker gray footer at the bottom. The text \"SUMMARY\" is prominently displayed in white, centered near the top of the page, suggesting it introduces a concluding or summarizing section of the document.\n\nThere are no additional textual details, tables, figures, images, or other visual elements present on this page. Its primary purpose is to signal the beginning of a summary segment.\n\n</summary>"
    },
    "51": {
      "summary": "<summary>\nThe page titled \"Big Data White Space\" outlines six key areas of focus in the big data domain. These areas include: 1) Visualization, emphasizing cloud, mobile, and collaboration; 2) Big Data Apps tailored to specific industry verticals; 3) Trend analysis across multiple data sources; 4) Consumer behavior insights; 5) Utilization of public data for scoring purposes; and 6) Development of new information/data service businesses. The content highlights emerging opportunities and trends in big data analytics and applications.\n\nThere are no tables, figures, or images present on this page. The information is conveyed through a bulleted list format, making it concise and easy to understand.\n\n<footer>THEBIGDATAGROUP.COM</footer>\n</summary>"
    },
    "52": {
      "summary": "<summary>\nThis page presents a summary of key trends and developments in Big Data, highlighting six main points. It emphasizes how consumer company demands for speed and scale are driving improvements in Big Data storage and analytics. The increasing volume of machine data, such as sensor data from mobile phones and GPS devices, is noted as a significant factor. The shift from batch processing to real-time data handling is highlighted as another crucial trend. Cloud services are identified as making Big Data accessible to a broader audience. Additionally, the integration of new and diverse data sources is discussed, along with the role of Big Data Apps (BDAs) in simplifying and accelerating Big Data usage.\n\nThere are no tables, figures, charts, or images on this page. The content is purely textual, organized into a bulleted list for clarity.\n\n</summary>"
    },
    "53": {
      "summary": "<summary>\nThis page serves as a contact slide, providing information for reaching out to an individual associated with \"The Big Data Group.\" The main content includes the name \"David Feinleib\" and an email address, \"dave@thebigdatagroup.com,\" which is underlined, likely indicating it is clickable or intended for direct communication. The company's website, \"THEBIGDATAGROUP.COM,\" is displayed at the bottom left corner, reinforcing the affiliation. The slide number, \"53,\" is located in the bottom right corner, suggesting this is part of a larger presentation.\n\nThere are no tables, figures, charts, diagrams, or images present on this page. The design is minimalistic, focusing solely on contact information.\n\n</summary>"
    }
  }
}