{
  "doc_id": "BRO-GL-MMONEY.pdf",
  "pages": {
    "1": {
      "summary": "<summary>\nThis page introduces \"Morgan Money,\" described as J.P. Morgan's state-of-the-art trading and analytics platform. The content emphasizes its advanced capabilities tailored for institutional, wholesale, professional clients, and qualified investors, explicitly noting that it is not intended for retail use or distribution. The design features a visually striking header with concentric circular arcs in shades of blue, green, and gray, creating a modern and dynamic aesthetic.\n\n<image_summary>The header image consists of overlapping circular arcs in varying shades of blue, green, and gray, set against a dark background. This design element conveys a sense of innovation and sophistication, aligning with the theme of a cutting-edge financial platform.</image_summary>\n\nThe footer includes a disclaimer stating the platform's target audience and restrictions, reinforcing the professional nature of the service. The J.P. Morgan Asset Management logo is prominently displayed, establishing brand identity and credibility.\n</summary>"
    },
    "2": {
      "summary": "<summary>\nThis page introduces J.P. Morgan Global Liquidity, highlighting its role as one of the world's leading liquidity managers. It emphasizes the firm's expertise in cash investing, which helps organizations enhance their short-term views and long-term success by crafting tailored liquidity strategies. The team focuses on segmenting cash positions and leveraging solutions across the full spectrum of cash management to maximize opportunities. Key strengths include globally coordinated expertise, research-driven processes, and a robust infrastructure supported by 153 dedicated professionals across 8 countries, 22 years of average portfolio management and credit research experience, and 24-hour coverage across 5 global service centers. The page also notes that J.P. Morgan offers best-in-class investment solutions tailored to clients' specific needs, spanning various currencies, risk levels, and durations. All data provided is as of March 31, 2024, sourced from J.P. Morgan Asset Management.\n\nThere are no tables, figures, or images present on this page.\n</summary>"
    },
    "3": {
      "summary": "<summary>\nThis page contains the table of contents for a document related to J.P. Morgan Asset Management. It outlines the main sections of the document, each covering different aspects of an investment platform or service. The sections include \"Investment options,\" \"User interface,\" \"Trading capabilities,\" \"Analytics,\" \"Reporting,\" \"End-to-end compliance controls,\" \"Program integration,\" \"Self-service administration,\" and \"Audit made easier.\" Each section is numbered and listed with its corresponding page number, providing a clear roadmap for navigating the document.\n\nThere are no tables, figures, images, or other visual elements present on this page. The focus is entirely on the textual content of the table of contents.\n\n</summary>"
    },
    "4": {
      "summary": "<summary>\nThis page introduces **MORGAN MONEY**, an institutional investing platform offered by J.P. Morgan Asset Management. It highlights JPMorgan Chase & Co.'s significant investments in technology, cybersecurity, and global talent to enhance client interactions. MORGAN MONEY is described as a multi-currency, open architecture trading and risk management system designed for seamless customer experience, operational efficiency, and security. Key features include aggregated account views, risk analysis, trade modeling, investment comparison, and customizable controls like dual-entry approvals and PIN capabilities. The platform emphasizes productivity, security, and adaptability to meet client needs, reflecting J.P. Morgan's commitment to transformative digital solutions. A note at the bottom indicates that the Global Cash Portal was renamed MORGAN MONEY effective August 8, 2019.\n\nThere are no tables, figures, images, or charts present on this page.\n\n</summary>"
    },
    "5": {
      "summary": "<summary>\nThe page discusses the diverse range of short-term investment options offered by MORGAN MONEY, managed by J.P. Morgan Asset Management and other leading firms. It highlights three primary types of funds: Money Market Funds, Ultra-Short Funds, and Short Duration Funds, each designed for different liquidity needs and risk profiles. Money Market Funds are suitable for managing \"operating cash\" and short-term funding, while Ultra-Short Funds cater to reserve cash investments expected to last six months or longer. Short Duration Funds are intended for strategic cash investments with a longer duration but lower interest rate risk compared to longer-term bonds. Additionally, the page mentions Separately Managed Accounts, which offer direct ownership of securities tailored to client-specific needs, available exclusively through J.P. Morgan Asset Management. An availability table at the bottom indicates the currency options for each fund type.\n\n<figure_summary>Figure 1: A curved line diagram illustrates the spectrum of investment options, with Money Market Funds on the left, Ultra-Short Funds in the middle, and Short Duration Funds on the right. Each segment is marked with a colored dot and labeled with its respective characteristics and duration.</figure_summary>\n\n<table_summary>Table 1: This table lists the availability of Money Market Funds, Ultra-Short Funds, and Short Duration Funds across various currencies (USD, GBP, EUR, AUD, SGD, RMB). Blue squares indicate availability for Money Market Funds, yellow squares for Ultra-Short Funds, and green squares for Short Duration Funds. The table visually represents which funds are available in each currency.</table_summary>\n</summary>"
    },
    "6": {
      "summary": "<summary>\nThis page highlights the user-friendly design of MORGAN MONEY's platform, emphasizing its simple and intuitive interface that provides a consolidated view of a company's financial holdings. The system includes pre-trade compliance checks to prevent over-investment beyond policy limits, ensuring users can manage fund concentrations effectively before placing trades. The portfolio overview screen is showcased as a central feature, offering a comprehensive dashboard that displays money market fund balances, separately managed account details, risk exposures, transaction history, and upcoming dividend dates in an easy-to-understand format. Additionally, the page describes color-coded trade indicators that appear during the trading process, visually distinguishing transactions awaiting final submission: green for purchases, red for redemptions, and orange for total transaction counts.\n\n<figure_summary>Figure 1: A screenshot of the portfolio overview screen, illustrating the detailed balance summary for various accounts and funds, including metrics such as WAM, WAL, WLA, NAV, yield, and Fund AUM. This figure emphasizes the platform's ability to provide a firmwide view of financial holdings and risk exposure.</figure_summary>\n\n<figure_summary>Figure 2: A simplified representation of the portfolio overview section, highlighting the balance summary with color-coded indicators for different types of transactions. This figure demonstrates how the platform uses visual cues to enhance user understanding of pending trades.</figure_summary>\n</summary>"
    },
    "7": {
      "summary": "<summary>\nThe page discusses the trading capabilities of the MORGAN MONEY platform, emphasizing its ability to simplify trading across multiple fund providers, currencies, and accounts. The platform allows users to trade directly from the portfolio overview screen, which provides real-time portfolio balances by clicking the \"Live Balances\" button. Shortcut trading capabilities enable users to trade across numerous companies, accounts, and funds efficiently, saving time. Additionally, the platform features a patent-pending shopping cart system, allowing users to create, save, and edit trades for future execution. The cart retains trades while the user is logged in and includes an aggregation tool to display the queue before executing trades.\n\n<figure_summary>Figure 1: A screenshot of the Portfolio Overview screen, highlighting the \"Live Balances\" button. This figure illustrates how users can access real-time portfolio balances directly from this screen.</figure_summary>\n\n<figure_summary>Figure 2: A detailed view of the trading interface, showing fields such as \"Route Type,\" \"Cash/Shares,\" \"Order Quantity,\" and \"Action.\" This figure demonstrates the streamlined process for placing trades.</figure_summary>\n\n<figure_summary>Figure 3: An example of the shopping cart interface, displaying sections for \"Trades,\" \"Accounts,\" and currency balances (USD, AUD, SGD). This figure showcases the functionality of the cart, including options to \"Clear Cart,\" \"Review Trades,\" and \"Close.\"</figure_summary>\n</summary>"
    },
    "8": {
      "summary": "<summary>\nThis page continues the discussion on trading capabilities offered by J.P. Morgan Asset Management's platform, focusing on features such as the trade screen, bulk trading, and multiple settlement options. The trade screen enables users to search for accounts and execute trades across their entire portfolio from a single interface. Bulk trading simplifies the process by allowing users to export entitlements and import trades across all accounts, ensuring convenience and safety through entitlement validation, pre-trade checks, and reconciliation.\n\nThe section on multiple settlement options highlights the platform's commitment to cutting-edge technology, offering connectivity to various systems for efficient trading. MORGAN MONEY ensures this efficiency without compromising quality or cybersecurity. Specifically, SWIFT messaging is supported, enabling trades through the front end or the SWIFT network, with a two-year trade audit history maintained. Additionally, the direct debit capability enhances cash management security and efficiency by automating purchases via secure electronic messaging and identity verification.\n\n<figure_summary>Figure 1: A screenshot of the trade screen interface, showing a user-friendly layout for searching accounts and executing trades. It includes sections for selecting funds, viewing account balances, and initiating trades.</figure_summary>\n\n<figure_summary>Figure 2: A circular diagram illustrating multiple settlement currencies (e.g., €, £, $), emphasizing the platform's support for diverse payment methods and international transactions.</figure_summary>\n\n<image_summary>A second screenshot of the bulk trading feature, displaying an interface where users can select funds for trading and import/export data files for streamlined operations.</image_summary>\n</summary>"
    },
    "9": {
      "summary": "<summary>\nThe page discusses the analytics capabilities offered by MORGAN MONEY, focusing on risk analytics tools designed to provide deep insights into investment exposures. These tools allow users to analyze portfolio risks by various factors such as instrument type, issuer, maturity, country, and rating, down to the individual holding level. The risk analytics display is built using a stem-and-leaf series of graphs, enabling detailed filtering at different levels—account, company, or full entity. A unique drilldown feature allows users to create customized views across multiple factors, applying filters consistently across subsets to understand specific exposures. All holdings can be exported at the CUSIP level, ensuring granular and transparent data access.\n\n<figure_summary>Figure 1: The figure illustrates the risk analytics interface, showcasing a portfolio breakdown with visualizations such as a pie chart representing sector allocations, a list of companies/accounts, and a world map highlighting country-specific exposures. This visual representation emphasizes the tool's ability to provide multi-dimensional insights into portfolio composition and risk distribution.</figure_summary>\n</summary>"
    },
    "10": {
      "summary": "<summary>\nThe page discusses two key analytical tools: \"What-if analysis\" and \"Fund Performance.\" The \"What-if analysis\" function enables users to model the potential impact of trades (purchases or redemptions) on exposures at various levels, such as account, company, or full relationship. This tool provides insights into how changes in investments might affect overall portfolio composition.\n\n<figure_summary>Figure 1: A screenshot of the What-if Analysis interface. It displays two pie charts showing the current portfolio distribution by sector and instrument type, along with a list of selected instruments and their values. This visual aids in understanding the composition and impact of different scenarios.</figure_summary>\n\nThe \"Fund Performance\" section explains a tool that allows users to compare funds across standard parameters like yield, performance, fund ratings, and risk characteristics. This comparison can be done across all available funds on the platform, regardless of whether they are accessible to the user's account. The tool also supports side-by-side comparisons through line graphs.\n\n<figure_summary>Figure 2: A screenshot of the Fund Performance interface. It shows a detailed view of fund data, including performance metrics, fund information, and a line graph comparing multiple funds over time. This visual helps users evaluate and contrast fund performances effectively.</figure_summary>\n\nBoth sections emphasize the utility of these tools in providing actionable insights for investment decision-making and portfolio management.\n</summary>"
    },
    "11": {
      "summary": "<summary>\nThe page discusses the reporting capabilities offered by MORGAN MONEY, focusing on various features such as custom real-time reports, historical reporting, export options, and scheduled report generation. These reports cover transaction activity, balances, account performance, and risk analytics, providing detailed insights into fund exposures. Historical reporting includes audit trails with up to two years of history, complete with timestamps, input, and validation details. Users can export statements, trade history, confirmations, and risk analytics in PDF, Excel, or CSV formats. Reports can also be scheduled daily, weekly, monthly, or quarterly and automatically sent via email.\n\n<figure_summary>Figure 1: A screenshot of the \"New Report\" interface, showing fields for report name, type, criteria, company selection, frequency, end date, and format options (PDF, CSV, or Excel). This illustrates the customization and scheduling capabilities of the reporting system.</figure_summary>\n\n<image_summary>An icon representing \"Confirmations\" with three blue circles connected by lines, symbolizing real-time confirmations available directly from transfer agents and fund providers. These confirmations are retrievable in the system and exportable in Excel or PDF.</image_summary>\n\n<image_summary>An icon representing \"Statements\" with a bar chart and pie chart, indicating the availability of historical monthly account statements providing income accrual and balance information for up to two years across all investments.</image_summary>\n\n<figure_summary>Figure 2: A screenshot of the \"Dividends\" section, displaying a table with columns for Account, Date, Fund Name, Balance, Dividend Rate, Daily Dividend, Deduction Rate, Daily Deduction, and Cumulative Dividends. This demonstrates the detailed dividend tracking and accrual calculations available, along with export functionality.</figure_summary>\n\nThe page emphasizes the comprehensive nature of the reporting tools, catering to both real-time and historical data needs, with flexible export and scheduling options for user convenience.\n</summary>"
    },
    "12": {
      "summary": "<summary>\nThis page discusses the end-to-end compliance controls offered by MORGAN MONEY, focusing on customizable access levels, IPS checks, and notifications for policy guideline breaches. The platform allows users to validate adherence to investment guidelines through flexible soft-blocks and tailored access controls at the user, company, account, trading, and approval levels. Admins and super-users can set custom compliance monitoring parameters aligned with the investment policy statement, receiving soft-warnings upon limit breaches. Daily email reports summarize compliance status relative to self-generated IPS checks.\n\nThe page includes two screenshots illustrating key features:\n\n<table_summary>\nThe first screenshot shows the \"My Preferences\" section under J.P.Morgan Asset Management. It highlights options for setting locale, account preferences, and trade notifications. Users can configure email notifications for various stages of the trade lifecycle, such as when a trade is placed, approved, rejected, or amended. Additionally, there is an option to set a percentage threshold (% of Total Fund Assets Limit) for triggering notifications.\n</table_summary>\n\n<figure_summary>\nThe second screenshot demonstrates the \"Concentration limits\" feature, showing a transaction overview interface. This interface allows users to monitor and manage concentration limits for specific funds, displaying details like trade type, order quantity, cut-off time, and expected total position in assets. Real-time warnings are triggered if a proposed trade exceeds the firm's internal concentration limits, which are also included in end-of-day IPS emails.\n</figure_summary>\n\nOverall, the page emphasizes the platform's robust compliance tools, enabling users to customize settings, receive timely notifications, and maintain adherence to investment policies throughout the trade lifecycle.\n</summary>"
    },
    "13": {
      "summary": "<summary>\nThe page discusses the flexible digital integration capabilities of MORGAN MONEY, a platform designed to streamline day-to-day operations by integrating with existing digital infrastructure. It highlights the platform's ability to connect with client-side tools such as treasury workstations, trust platforms, and enterprise resource planning tools. Federated login allows users to access the platform through integrated partner programs without leaving their current systems. Additionally, the platform supports direct connections for end-of-day and intraday reporting, monthly statements, and trading capabilities. The page also mentions two integration methods: Secure File Transfer Protocol (SFTP/FTP), which enables placing trades across multiple accounts and settlement instructions, and API integration, which offers similar functionalities while allowing access to front-end aggregation tools, statement retrieval, and historical data.\n\n<figure_summary>Figure 1: A circular diagram illustrates the various features and integrations of MORGAN MONEY. The central node represents the core platform, connected to icons symbolizing different functionalities: a clock for time management, a shield for security, an envelope for communication, a pie chart for analytics, a file folder for documentation, a stack of coins for financial transactions, and a chat bubble for customer support.</figure_summary>\n</summary>"
    },
    "14": {
      "summary": "<summary>\nThis page discusses the self-service administration feature offered by Morgan Money, emphasizing user maintenance and entitlement management at the client level. It highlights how this tool allows clients to manage fund permissions efficiently, make bulk entitlement changes, and save time when adding new companies, accounts, and funds to profiles. Client-side administrators can determine who has administrative access and set up a maker-checker process for approvals. The page also covers features like self-service user creation and removal, PIN resetting, cloning existing users, and generating entitlement reports. Additionally, it mentions the ability to create approval levels at various organizational levels to enhance security.\n\n<image_summary>The page includes an image of a user interface showing the \"Admin\" section of the Morgan Money platform. This interface displays user profiles, company details, account information, and trading entitlements. Users can select different roles (e.g., User 0, User 1) and view or edit their permissions for various accounts.</image_summary>\n\n<image_summary>A second image illustrates the self-service user management options available to client-side administrators. It shows buttons labeled \"Add,\" \"Delete,\" \"Clone,\" \"Reset Pin,\" and \"Entitlement Report.\" Arrows point to each button, explaining their functions: adding or removing users, cloning existing profiles, resetting PINs, and generating reports of user entitlements.</image_summary>\n</summary>"
    },
    "15": {
      "summary": "<summary>\nThe page discusses the transaction history feature of a platform designed to simplify auditing processes. It highlights that the platform offers up to two years of transaction history, which can be exported in PDF, Excel, or CSV formats. The transaction history includes critical audit details such as inputter and approver fields, and it can be sorted and filtered by various dimensions, including account, company, or account group level. The page emphasizes the convenience of the filter functionality built into the transaction history widget, allowing users to refine their view based on multiple factors. Additionally, users can customize column visibility, sorting, and display settings, which are saved upon logging out and restored upon re-login.\n\n<figure_summary>Figure 1: A screenshot of the transaction history interface, showing a detailed view of transactions with columns for trade date, account number, fund name, amount, TA fund number, account name, and status. The figure also highlights export options (PDF, Excel, CSV) available for the entire audit history.</figure_summary>\n\n<figure_summary>Figure 2: A smaller screenshot demonstrating the search functionality within the transaction history widget, allowing users to filter by account number or other criteria.</figure_summary>\n\n<figure_summary>Figure 3: A list titled \"Show Columns,\" detailing the customizable columns available in the transaction history view, such as Trade Date, Account Number, Fund Name, CUSIP/ISIN, GCP Entry Date, Contract Notes, Reference IDs, and Status.</figure_summary>\n\n<figure_summary>Figure 4: A timeline labeled \"Trade Details,\" illustrating the step-by-step progression of a trade, including timestamps and status updates (e.g., submitted, processing, rejected).</figure_summary>\n</summary>"
    },
    "16": {
      "summary": "<summary>\nThis page contains contact information for J.P. Morgan Asset Management's Global Liquidity or Client Services Representatives across different regions, along with legal and regulatory disclaimers. It emphasizes that the information provided is for illustrative purposes only and not intended as investment advice. The page also specifies that the communication is exclusively for institutional, wholesale, professional clients, and qualified investors, as defined by local laws and regulations. Additionally, it outlines the entities issuing the communication in various jurisdictions, such as the United States, Canada, Europe, Asia Pacific, Singapore, Taiwan, Japan, and Australia, along with their respective regulatory authorities. A note for U.S. individuals with disabilities offers assistance in viewing the material. The page concludes with copyright information and a disclaimer stating that the content is for institutional/wholesale/professional clients and qualified investors only, not for retail use or distribution.\n\nThere are no tables, figures, or images on this page. The primary focus is on textual information providing contact details, legal disclosures, and regulatory compliance details.\n\n</summary>"
    }
  }
}