{
  "doc_id": "c31e6580d0175ab3f9d99d1ff0bfa000.pdf",
  "pages": {
    "1": {
      "summary": "<summary>\nThis page serves as the title slide for a presentation or document titled \"Medical Informatics and HIT Systems.\" The author's name, David Lubliner, is prominently displayed below the title. The design is minimalistic, featuring bold red text for the title and author's name, with horizontal black lines framing the content at the top and bottom of the page.\n\nThere are no tables, figures, charts, diagrams, or images present on this page. The focus is entirely on introducing the topic and author in a clear and straightforward manner.\n\n</summary>"
    },
    "2": {
      "summary": "<summary>\nThe page poses the question \"What is wrong with this picture?\" at the top in bold red text. Below the question, there is an image of numerous file folders stacked in rows, each labeled with colorful tabs. The folders appear to be part of a filing system, suggesting a traditional method of organizing documents. The overall impression is one of overwhelming physical storage, which may imply inefficiency or outdated practices compared to digital alternatives.\n\n<image_summary>The image shows multiple stacks of file folders with colorful tab labels, indicating a manual filing system. This visual emphasizes the volume and physical nature of paper-based document management.</image_summary>\n</summary>"
    },
    "3": {
      "summary": "<summary>\nThis page presents an outline of key questions related to Health Information Technology (HIT) systems. The main topics covered include the types of HIT systems available, emerging trends in the field, benefits of adopting HIT systems, barriers to adoption, the current state of adoption, and resources for further learning. The content is organized into bullet points, each addressing a distinct aspect of HIT systems.\n\nThere are no tables, figures, charts, diagrams, or images present on this page. The focus is entirely on the textual content, which serves as a structured guide for exploring the topic of HIT systems comprehensively.\n</summary>"
    },
    "4": {
      "summary": "<summary>\nThe page titled \"HIT Applications\" lists various applications in the field of Health Information Technology (HIT). These applications are categorized into different functional areas, including patient management, clinical support, administrative processes, and technological tools. The list highlights essential systems such as patient registration/demographics, insurance validation, billing systems, appointment systems, Computerized Physician Order Entry (CPOE), Electronic Medical Records (EMR)/Electronic Health Records (EHR)/Computerized Patient Records (CPR), pharmacy systems, lab systems, imaging systems, telemedicine, patient education, decision support, library resources, and sensors. Each application plays a crucial role in enhancing healthcare delivery and management.\n\nThere are no tables, figures, charts, diagrams, or images present on this page. The content is purely textual, organized into bullet points for clarity and ease of understanding.\n</summary>"
    },
    "5": {
      "summary": "<summary>\nThe page presents a set of concerning statistics under the heading \"Sad Facts,\" highlighting significant issues in healthcare. Key points include: medical errors causing more deaths than breast cancer, AIDS, and motorcycle accidents; the United States having the highest healthcare costs per capita globally; the U.S. experiencing the worst health outcomes among industrialized nations (e.g., infant mortality and lifespan); and healthcare being 10-15 years behind business in adopting information technology (IT).\n\nThere are no tables, figures, charts, or images on this page. The content is entirely textual, presented in bullet points for emphasis.\n</summary>"
    },
    "6": {
      "summary": "<summary>\nThe page discusses the adoption of tablet capture devices in some hospitals, highlighting various software tools used for this purpose. The main topics covered include Microsoft Office OneNote, Windows Journal, Microsoft Educational Pack for Tablet PC, Microsoft Experience Pack for Tablet PC, Sticky Notes, and Snipping Tool. These tools are likely utilized for note-taking, documentation, and other tasks that benefit from digital handwriting and annotation capabilities.\n\n<image_summary>The right side of the page features an image of Microsoft OneNote in use. The interface shows a handwritten note titled \"One Note feedback,\" dated Sunday, October 19, 2003. The note includes several bullet points, such as \"link to notes,\" \"page title width,\" and \"sub-note titles,\" along with a signature at the bottom. This image illustrates how OneNote can be used for capturing and organizing handwritten notes digitally.</image_summary>\n</summary>"
    },
    "7": {
      "summary": "<summary>\nThe page discusses the concept of **Electronic Medical Records (EMR)**, showcasing a screenshot of an EMR software interface. The interface displays various sections of a patient's medical record, including family history, tobacco and alcohol use, interventions, and a detailed visit note. The family history section highlights health issues such as ovarian cancer in the maternal grandmother, myocardial infarction in the father, heart disease in the brother, and pacemaker implantation in the sister. The patient's lifestyle habits indicate occasional smoking and alcohol consumption. Interventions include past medical procedures like MRI scans, lipid panel tests, physical exams, tetanus shots, and mammograms. The visit note details a phone call made on October 5, 2000, at 14:10, where the patient was reminded to schedule an extended wellness exam and bring all medications for review.\n\n<image_summary>The screenshot illustrates an EMR software interface titled \"SOAPware,\" showing a patient's medical record. The interface includes tabs for Messages, Reports, Summary, Vital Signs, Demographics, Encounters, and Flow Sheets. The patient's demographic information (age 46, name Jill Jackin Colleen) is visible at the bottom right. The left pane lists family history, tobacco and alcohol use, and interventions, while the right pane contains a detailed visit note with subjective, objective, assessment, plan, and follow-up sections.</image_summary>\n</summary>"
    },
    "8": {
      "summary": "<summary>\nThe page presents a bar chart titled \"Projected IT Priorities\" comparing current (Today) and future (Next Two Years) priorities in healthcare IT. The chart highlights eight key areas, showing how their importance is projected to change over time. The primary focus is on reducing medical errors and promoting patient safety, which remains the top priority both today (50%) and in two years (35%). Implementing an Electronic Medical Record (EMR) system is also highly prioritized, with a slight increase from 45% today to 46% in two years. Other significant priorities include connecting IT systems at hospitals and remote locations, process/workflow redesign, implementing wireless systems, replacing/upgrading inpatient clinical systems, upgrading network infrastructure, and designing/implementing strategic IT plans. The data source is the 17th Annual HIMSS Leadership Survey, sponsored by ACS HealthCare Solutions.\n\n<figure_summary>Figure 9: A horizontal bar chart comparing the percentage of respondents who prioritize various IT initiatives today versus their projections for the next two years. The chart uses two colors: light green for \"In Two Years\" and dark blue for \"Today.\" The x-axis represents percentages, while the y-axis lists the IT priorities. Key observations include the consistent high priority of patient safety and EMR implementation, along with shifts in emphasis for other areas like wireless systems and network upgrades.</figure_summary>\n</summary>"
    },
    "9": {
      "summary": "<summary>\nThe page presents a comparative analysis of the top business issues facing healthcare in 2006 versus 2005. The data is visually represented through a horizontal bar chart titled \"Top Business Issues Facing Healthcare\" and labeled as Figure 10. The chart compares the percentage of respondents who identified each issue as a top concern in both years. Key findings include an increase in concerns about reducing medical errors and improving operational efficiency, while patient satisfaction and cost pressures remained significant but showed slight decreases. Medicare cutbacks and clinical transformation also ranked high, though their importance decreased slightly from 2005 to 2006. The source of the data is the 17th Annual HIMSS Leadership Survey, sponsored by ACS HealthCare Solutions.\n\n<figure_summary>Figure 10: A horizontal bar chart comparing the top business issues facing healthcare in 2006 versus 2005. Each bar represents a different issue, such as patient satisfaction, Medicare cutbacks, reducing medical errors, and others. The bars are color-coded to distinguish between 2005 results (green) and 2006 results (purple), showing changes in the perceived importance of each issue over the two years.</figure_summary>\n\n</summary>"
    },
    "10": {
      "summary": "<summary>\nThe page presents a comparative analysis of the most significant barriers to implementing IT in organizations, focusing on the results from 2005 versus 2006. The primary focus is on identifying and quantifying the challenges faced by organizations during this period. The data is sourced from the 17th Annual HIMSS Leadership Survey, sponsored by ACS HealthCare Solutions.\n\n<figure_summary>Figure 11: This horizontal bar chart compares the percentages of various barriers to IT implementation in 2005 and 2006. The barriers listed include \"Lack of Financial Support,\" \"Lack of Staffing Resources,\" \"Vendor's Inability to Effectively Deliver Product,\" \"Proving IT Quantifiable Benefits/ROI,\" \"Difficulty Achieving End-User Acceptance,\" \"Lack of Clinical Leadership,\" \"Lack of Top Management Support,\" \"Lack of a Strategic IT Plan,\" \"Laws Prohibiting Technology Sharing,\" and \"Lack of Common Data Standards.\" Each barrier is represented with two bars: one for 2005 (green) and one for 2006 (purple), allowing for a direct comparison of the prevalence of each issue over the two years.</figure_summary>\n\nKey observations from the chart include:\n- \"Lack of Financial Support\" was the most significant barrier in both years, though it decreased slightly from 20% in 2005 to 18% in 2006.\n- \"Lack of Staffing Resources\" remained a major challenge, with a slight decrease from 17% in 2005 to 13% in 2006.\n- \"Vendor's Inability to Effectively Deliver Product\" showed an increase from 18% in 2005 to 12% in 2006.\n- Other barriers such as \"Proving IT Quantifiable Benefits/ROI\" and \"Difficulty Achieving End-User Acceptance\" also saw minor fluctuations but remained relatively consistent between the two years.\n\nOverall, the figure highlights the persistent nature of certain barriers while also indicating some improvements or shifts in organizational challenges related to IT implementation over the two-year period.\n</summary>"
    },
    "11": {
      "summary": "<summary>\nThe page presents a comparative analysis of the most important applications in healthcare technology between 2005 and 2006. The data is sourced from the 17th Annual HIMSS Leadership Survey, sponsored by ACS HealthCare Solutions. The primary focus is on the adoption rates of various healthcare IT systems, highlighting trends over the two years.\n\n<figure_summary>Figure 12: This horizontal bar chart compares the percentage of respondents who identified each application as \"most important\" in 2005 versus 2006. The applications listed include Electronic Medical Record (EMR), Bar Coded Medication Management, Computerized Practitioner Order Entry (CPOE), Enterprise-Wide Clinical Information Sharing, Clinical Data Repository, Point-of-Care Decision Support, Digital Picture Archiving System (PACS), and Ambulatory Systems. Each application's importance is represented by two bars: one for 2005 (green) and one for 2006 (purple). The chart shows that EMR consistently ranked highest in importance, followed by Bar Coded Medication Management and CPOE. Notably, PACS saw an increase in importance from 2005 to 2006, while Ambulatory Systems remained the least important.</figure_summary>\n\nThe chart provides insights into the evolving priorities of healthcare leaders regarding technology implementation, emphasizing the growing significance of electronic health records and medication management systems. The data suggests a steady trend toward more integrated and patient-centric healthcare technologies.\n</summary>"
    },
    "12": {
      "summary": "<summary>\nThis page presents a comparative analysis of the top security concerns related to computerized medical information between the years 2005 and 2006. The primary focus is on identifying the most significant issues faced by healthcare organizations in managing sensitive patient data. The data is sourced from the 17th Annual HIMSS Leadership Survey, sponsored by ACS HealthCare Solutions.\n\nThe main findings indicate that \"Internal Breach of Security\" remains the leading concern, with a slight decrease from 56% in 2005 to 51% in 2006. Other notable concerns include \"Inadequate Business Continuity/Disaster Recovery,\" which was not applicable in 2005 but rose to 39% in 2006, and \"Limits of Existing Technology,\" which decreased from 31% to 24%. HIPAA Compliance also saw a decline, from 35% to 18%, while \"External Breach of Security\" increased from 25% to 12%.\n\n<figure_summary>Figure 14: This horizontal bar chart compares the percentage of respondents who identified various security concerns in 2005 versus 2006. The bars are color-coded, with green representing 2005 results and purple representing 2006 results. The x-axis shows the percentage values, while the y-axis lists the security concerns in descending order based on their importance in 2006.</figure_summary>\n\nOverall, the page highlights the evolving nature of security challenges in the healthcare sector, emphasizing the persistent threat of internal breaches and the growing importance of disaster recovery planning. It underscores the need for continuous improvement in technology, compliance, and overall security measures to protect sensitive medical information.\n</summary>"
    },
    "13": {
      "summary": "<summary>\nThe page presents a comparative analysis of security tools used in organizations today versus their projected usage over the next two years. The data is sourced from the 17th Annual HIMSS Leadership Survey, sponsored by ACS HealthCare Solutions. The primary focus is on various security measures, including Firewalls, User Access Controls, Audit Logs, Multi-Level Passcodes, Off-Site Storage, Electronic Signature, Data Encryption, and Disaster Recovery. The chart illustrates the percentage of organizations currently using each tool (\"Today\") and those planning to adopt it within the next two years (\"In Two Years\").\n\n<figure_summary>Figure 15: This horizontal bar chart compares the adoption rates of different security tools between the current time and the next two years. Each bar represents a security tool, with two segments indicating the percentage of organizations using it today (dark blue) and those planning to use it in two years (light green). For example, Firewalls have a high adoption rate of 98% today, while only 53% plan to adopt them in two years. Similarly, Disaster Recovery shows a significant increase, with 68% using it today and 74% planning to adopt it in two years.</figure_summary>\n\nThe chart highlights trends in security tool adoption, showing which tools are currently popular and which are expected to gain more traction in the near future. Notably, Firewalls remain the most widely adopted tool today, while Disaster Recovery shows the most significant projected growth over the next two years.\n</summary>"
    },
    "14": {
      "summary": "<summary>\nThe page presents an illustration of the \"Technology Adoption Curve,\" which describes how different segments of a population adopt new technologies over time. The curve is divided into five distinct groups: Innovators, Early Adopters, Early Majority, Late Majority, and Laggards. The x-axis represents \"Time Since Introduction,\" while the y-axis represents the percentage of adoption (% Adoption). The curve shows a sigmoidal pattern, indicating a slow initial uptake by Innovators, followed by rapid growth as the Early Adopters and Early Majority join in, and finally a slower rate of adoption as the Late Majority and Laggards gradually adopt the technology.\n\n<figure_summary>Figure 1: Technology Adoption Curve  \nThis figure is a graph depicting the percentage of adoption (%) on the y-axis against time since introduction on the x-axis. It illustrates the progression of technology adoption through five stages: Innovators, Early Adopters, Early Majority, Late Majority, and Laggards. The curve starts slowly, accelerates during the Early Majority phase, and then slows down again as it approaches full adoption.</figure_summary>\n</summary>"
    },
    "15": {
      "summary": "<summary>\nThe page presents a bar chart comparing the adoption rates of various technologies over the next two years, specifically focusing on the results from 2006 versus 2005. The chart highlights trends in technology adoption across different sectors, with \"Single Sign On/Identity Management\" showing the highest adoption rate at 79% in 2006, followed by \"Bar Code Technology\" at 69%. Other technologies such as \"Speech Recognition,\" \"Handheld PDAs,\" and \"Automated Alerts to Clinicians\" also show significant adoption rates, ranging from 57% to 65%. Notably, some technologies like \"VoIP\" and \"Computer on Wheels\" have no data available for 2005 (\"N/A\"), while others like \"Wireless Information Appliances\" show a lower adoption rate of 51% in 2006. The source of the data is the 17th Annual HIMSS Leadership Survey, sponsored by ACS HealthCare Solutions.\n\n<figure_summary>Figure 17: A horizontal bar chart comparing the adoption rates of various technologies in 2006 versus 2005. Technologies include Single Sign On/Identity Management, Bar Code Technology, Speech Recognition, Handheld PDAs, Automated Alerts to Clinicians, Wireless Information Appliances, VoIP, and Computer on Wheels. The chart uses green bars for 2005 results and blue bars for 2006 results, with percentages displayed for each technology.</figure_summary>\n</summary>"
    },
    "16": {
      "summary": "<summary>\nThe page presents a comparative analysis of current website functions in healthcare organizations between the years 2005 and 2006. The data highlights the adoption rates of various web site functionalities, showing significant trends over this period. Key functions such as \"Marketing and Promotion\" and \"Employee Recruitment\" have high adoption rates in both years, with slight decreases from 95% to 91% and 94% to 91%, respectively. Other functions like \"Online Provider Directory\" and \"Consumer Health Information\" also show high usage but with more noticeable declines (from 81% to 83% and 70% to 74%, respectively). Functions related to patient engagement, such as \"Patient Scheduling,\" \"Patient Health Assessment Tools,\" and \"Patient Access to Medical Records,\" have lower adoption rates, with some showing increases (e.g., \"Patient Health Assessment Tools\" from 16% to 32%) and others remaining low (e.g., \"Patient Access to Medical Records\" at 2% in 2005 and 3% in 2006).\n\n<figure_summary>Figure 19: This horizontal bar chart compares the adoption rates of various web site functions in healthcare organizations between 2005 and 2006. The x-axis represents the percentage adoption rate, while the y-axis lists different web site functions. Two sets of bars (green for 2005 and purple for 2006) represent each function's adoption rate for the respective years. The chart visually illustrates the trends and changes in functionality adoption over time.</figure_summary>\n\nSource: The data is sourced from the 17th Annual HIMSS Leadership Survey, sponsored by ACS HealthCare Solutions.\n</summary>"
    },
    "17": {
      "summary": "<summary>\nThe page presents data on the functions of intranets in organizations, comparing current usage (\"Today\") with projected usage over the next two years (\"In Two Years\"). The primary focus is on how intranets are utilized for various purposes such as posting policies and procedures, staff communication, training, resource tools, access to patient clinical information, and physician access for clinical orders. The data highlights trends in the adoption and expansion of these functions over time.\n\n<figure_summary>Figure 21: This horizontal bar chart compares the percentage of organizations using intranet functions today versus their projected usage in the next two years. Functions include \"Post Policies and Procedures,\" \"Staff Communication,\" \"Training,\" \"Resource Tools,\" \"Access to Patient Clinical Information,\" and \"Physician Access for Clinical Orders.\" Additional categories include \"Don't Have an Intranet\" and \"Other/Don't Know.\" The chart uses two colors: light green for \"In Two Years\" and dark blue for \"Today.\" For example, \"Post Policies and Procedures\" is at 87% today and projected to be at 70% in two years, indicating a slight decrease in reliance on this function. Conversely, \"Access to Patient Clinical Information\" shows growth from 45% today to 53% in two years.</figure_summary>\n\nThe source of the data is noted as the \"17th Annual HIMSS Leadership Survey Sponsored by ACS HealthCare Solutions,\" providing credibility to the findings.\n</summary>"
    },
    "18": {
      "summary": "<summary>\nThe page presents data on the staffing needs in Health IT for the year 2006, based on the 17th Annual HIMSS Leadership Survey sponsored by ACS HealthCare Solutions. The primary focus is on the distribution of required roles within the Health IT sector, highlighting the most in-demand positions.\n\n<figure_summary>Figure 1: Bar Chart - 2006 Health IT Staffing Needs  \nThis bar chart illustrates the percentage distribution of various Health IT roles that were in demand in 2006. The roles listed include Network Support (27%), Clinical Informaticists (24%), Process/Workflow Design (24%), Application Support (22%), Clinical Transformation (19%), Programmers (16%), Systems Integration (15%), PC/Server Support (15%), and Clinical Champions (15%). The chart visually emphasizes that Network Support was the most sought-after role, followed closely by Clinical Informaticists and Process/Workflow Design.</figure_summary>\n\nThe data suggests a significant need for technical support roles such as Network Support and Application Support, alongside specialized roles like Clinical Informaticists and Process/Workflow Design, indicating a focus on integrating technology with clinical processes. Additionally, the inclusion of Clinical Transformation and Clinical Champions highlights the importance of bridging clinical and technological expertise to drive healthcare innovation.\n</summary>"
    },
    "19": {
      "summary": "<summary>\nThe page contains a single heading in bold red text that reads \"Goals.\" There is no additional text, tables, figures, images, or other visual elements present on the page. The focus appears to be on introducing a section related to goals, likely followed by detailed content on subsequent pages.\n\n<table_summary>None.</table_summary>\n\n<figure_summary>None.</figure_summary>\n\n<image_summary>None.</image_summary>\n</summary>"
    },
    "20": {
      "summary": "<summary>\nThe page titled \"Wiring Healthcare\" compares the current fragmented healthcare system with a proposed future system designed to consolidate patient information and improve efficiency. The left side highlights the current system's issues, where patient information is scattered across various entities such as hospitals, laboratories, pharmacies, payers, primary care physicians, specialty physicians, ambulatory centers, and public health agencies, leading to redundant efforts. The right side illustrates the vision for a unified future system, where all these entities are connected through a central \"Health Information Exchange,\" which includes a data repository and network applications. This consolidation aims to streamline processes and provide a foundation for more efficient healthcare delivery.\n\n<figure_summary>Figure 1 (Left): A complex network diagram showing the current healthcare system, where multiple entities (hospitals, laboratories, pharmacies, payers, physicians, ambulatory centers, and public health) are interconnected but fragmented, resulting in redundancy and inefficiency.</figure_summary>\n\n<figure_summary>Figure 2 (Right): A simplified circular diagram representing the future healthcare system, where all entities are integrated into a centralized \"Health Information Exchange.\" Key components include a data repository, network applications, and connections to hospitals, labs, payers, outpatient services, physicians, ambulatory centers, and public health agencies.</figure_summary>\n</summary>"
    }
  }
}