{
  "doc_id": "Campaign_038_Introducing_AC_Whitepaper_v5e.pdf",
  "pages": {
    "1": {
      "summary": "<summary>\nThis page serves as an introductory cover for a document about Alibaba Cloud. The title \"INTRODUCING ALIBABA CLOUD\" is prominently displayed in large, bold white letters against a gradient blue background. Below the title, the phrase \"MORE THAN JUST CLOUD\" emphasizes the broader scope of Alibaba Cloud's offerings beyond traditional cloud services. The design features abstract digital network patterns, including interconnected nodes and lines, symbolizing connectivity and technology. On the right side, there is a vertical navigation bar with links labeled \"Introducing Alibaba Cloud,\" the year \"2018,\" and the website URL \"alibabacloud.com.\" At the bottom right corner, the Alibaba Cloud logo is displayed in orange, along with a copyright notice stating \"© Alibaba Cloud 2018 All rights reserved.\"\n\n<image_summary>The background image consists of a futuristic, abstract representation of a digital network, featuring interconnected nodes and lines, which visually convey themes of technology, connectivity, and innovation.</image_summary>\n\n</summary>"
    },
    "2": {
      "summary": "<summary>\nThis page is the table of contents for a document titled \"Introducing Alibaba Cloud.\" It outlines the structure of the document, listing six main sections along with their corresponding page numbers. The sections cover topics such as the mission and background of Alibaba Cloud, its leadership in technology, support for business transformation, available products and solutions, guidance for getting started, and a concluding summary.\n\n<table_summary>\nThe table of contents is organized into two columns, with section titles listed on the left and their respective page numbers on the right. The sections include:\n1. **Mission and Background** (Page 1)\n2. **Leaders in Technology** (Page 11)\n3. **Supporting Business Transformation** (Page 5)\n4. **Products and Solutions** (Page 15)\n5. **Getting Started with Alibaba Cloud** (Page 22)\n6. **Summary** (Page 23)\n</table_summary>\n\n<image_summary>\nThe page features a decorative design element in the bottom-left corner, consisting of light blue wavy lines that add a modern and dynamic visual touch. Additionally, social media icons (Facebook, LinkedIn, Twitter, and Google+) are displayed vertically on the right side of the page, indicating ways to connect with Alibaba Cloud online.\n</image_summary>\n</summary>"
    },
    "3": {
      "summary": "<summary>\nThis page serves as an **Executive Summary** for a whitepaper about Alibaba Cloud, the cloud computing division of Alibaba Group. It outlines the purpose of the document, which is to introduce readers to Alibaba Cloud's background, its evolution, and its role in facilitating digital transformation in China. The summary highlights how Alibaba Cloud supports business growth through partnerships, competitions, and a wide range of tools and services. It also mentions the introduction of key products, guidance on getting started with the platform, and access to support, certificates, and accreditation. Additionally, the summary emphasizes Alibaba Cloud's standout features, such as powering major shopping festivals, innovative payment methods, and big data analysis, while showcasing how businesses of all sizes can benefit from its advanced technologies like machine learning, elastic computing, and a secure cloud platform.\n\nThere are no tables, figures, or images present on this page. The content is purely textual, focusing on providing an overview of the whitepaper's scope and objectives.\n\n</summary>"
    },
    "4": {
      "summary": "<summary>\nThis page introduces Alibaba Cloud and its mission and background. It highlights that Alibaba Cloud is part of Alibaba Group, headquartered in Hangzhou, China, which aims to make it easy to do business anywhere and solve problems for billions of people. The group focuses on commerce, cloud computing, digital media, and innovation, with notable entities like AliExpress, Alipay, and Alibaba Cloud. The page mentions the Singles Day shopping festival, where over USD $25BN was processed in sales last year. Additionally, it discusses Alibaba's investment of $15BN in research and development by 2020, including the establishment of the DAMO Academy, which conducts research in areas such as data intelligence, IoT, fintech, quantum computing, and human-machine interaction.\n\n<image_summary>The bottom of the page features a decorative blue wavy line design, adding a visual element to the layout.</image_summary>\n</summary>"
    },
    "5": {
      "summary": "<summary>\nThe page discusses Alibaba Cloud's role in enabling business transformation and its background as a leading cloud service provider. It highlights DAMO Academy's goal of growing to become equal in value to the world’s fifth-largest economy by 2036. Alibaba Cloud is described as providing fundamental technology to help businesses leverage the Internet for engagement with users and customers. Established in September 2009 as Aliyun, Alibaba Cloud has evolved into China's largest public cloud service provider and holds the third largest share globally, according to Gartner. The page emphasizes its cost-effective solutions, integration capabilities with other Alibaba products, and its extensive network of 18 data centers, including access to Mainland China. Security and reliability are noted as key aspects, which will be covered later in the whitepaper. Additionally, it mentions that Alibaba Cloud powers the vast online and mobile commerce ecosystem, including the significant transactions during events like Singles' Day (11-11).\n\n<image_summary>The page features a decorative blue wavy line design on the left side, adding a visual element to the layout.</image_summary>\n</summary>"
    },
    "6": {
      "summary": "<summary>\nThis page introduces Alibaba Cloud, highlighting its global presence, infrastructure, and innovative initiatives. Alibaba Cloud aims to become a world-leading cloud services provider, supported by its top-class infrastructure and expanding global reach. It has established partnerships and attracted over 2.3 million customers worldwide, including over 1 million paying customers. In 2017, Alibaba Cloud was recognized as a \"visionary\" in Gartner’s Magic Quadrant for Data Management Solutions for Analytics, showcasing its strong performance in data management solutions in China and investments in new markets. The company operates internationally with registered headquarters in Singapore and teams stationed in various cities globally, including Dubai, Frankfurt, Hong Kong, London, New York, Paris, San Mateo, Seoul, Singapore, Sydney, and Tokyo.\n\nThe whitepaper aims to provide insights into what makes Alibaba Cloud unique and introduce its key products and services, emphasizing how it can support businesses’ cloud computing goals and enable digital transformation. A significant focus is placed on Alibaba Cloud's ET Brain initiative, which uses ultra-intelligent technology to solve complex problems in business and society. The ET Brain leverages machine learning to create accurate simulations, generate real-time solutions, and continuously innovate. An example provided is the City Brain project in Malaysia, where Alibaba Cloud collaborates with the Malaysia Digital Economy Corporation to process data and make smarter decisions for smart city management.\n\nThe page includes visual elements such as icons representing data centers and a highlighted quote summarizing the capabilities of the ET Brain. These visuals reinforce the text by visually emphasizing key points about Alibaba Cloud's infrastructure and technological advancements.\n\n<image_summary>The page features an icon of stacked server-like shapes, symbolizing data centers, reinforcing the text about Alibaba Cloud's extensive infrastructure.</image_summary>\n\n<image_summary>A highlighted blue quote box emphasizes the capabilities of the ET Brain, stating: \"The ET Brain can create accurate simulations, come up with solutions in real time, and perpetually innovate, thanks to machine learning.\"</image_summary>\n</summary>"
    },
    "7": {
      "summary": "<summary>\nThe page discusses how Alibaba Cloud leverages real-time data and advanced technologies to address various challenges across different sectors. Real-time information collected from roadside video cameras in congested cities like Kuala Lumpur is analyzed using computer vision to optimize traffic flow by adjusting signals and quickly identifying accidents to expedite emergency responses. Additionally, ET Medical Brain is highlighted for its efforts in solving healthcare issues, such as implementing a smart scheduling platform at Hangzhou Children’s Hospital and advancing gene sequencing for precision medicine. The ET Industrial Brain enhances modeling, prediction accuracy, regulation enforcement, and emergency response, while the ET Agricultural Brain uses visual, voice, and environmental recognition to monitor crops and livestock, reducing disease and improving farming efficiency. Overall, Alibaba Cloud aims to facilitate access to emerging technologies, empowering businesses and individuals to build a more inclusive world.\n\n<image_summary>The bottom portion of the page features a decorative design consisting of wavy blue lines, adding a visual element to the layout.</image_summary>\n</summary>"
    },
    "8": {
      "summary": "<summary>\nThe page discusses Alibaba Cloud's role in supporting business transformation through its expertise in digital transformation, leveraging technologies like artificial intelligence, machine learning, and big data analysis. It highlights how these technologies help solve complex problems and improve efficiency across various industries such as retail, finance, and manufacturing. The section emphasizes Alibaba Cloud's facilitation of international expansion, focusing on entry into Mainland China, and its support for digital transformation and growth of startups and SMEs.\n\nThe page also introduces \"Gateway to China,\" explaining the importance of expanding internationally and establishing a presence in China. It cites McKinsey's prediction that by 2020, there will be 400 million consumers in China with incomes between $16,000 and $34,000, representing significant purchasing power. This demographic is expected to influence global consumption standards.\n\nFinally, the section titled \"Infrastructure in China and ChinaConnect\" highlights Alibaba Cloud's leadership in the public cloud market in Mainland China, mentioning its advanced cloud network and seven data centers.\n\n<image_summary>The page features a decorative blue wavy pattern on the left side, adding a visual element to the design.</image_summary>\n</summary>"
    },
    "9": {
      "summary": "<summary>\nThe page discusses Alibaba Cloud's market presence in China, its services, and its ecosystem. It highlights that Alibaba Cloud has over 1100 CDN nodes and holds a 40% share of the local market since receiving China’s first IDC license in 2013. The channel \"ChinaConnect\" offers support for international companies doing business in China, covering various aspects such as website hosting, online payments, offline logistics, and ICP registration. The section on ICP Registration explains that an Internet Content Provider (ICP) license is required for hosting websites inside Mainland China and provides a link to Alibaba Cloud's ICP support. The page also emphasizes Alibaba Cloud's role as the technology backbone for the broader Alibaba Group ecosystem, supporting logistics, payments, e-commerce, and international trade.\n\n<image_summary>The page features a decorative blue wavy design on the left side, adding a visual element to the layout.</image_summary>\n</summary>"
    },
    "10": {
      "summary": "<summary>\nThe page discusses Alibaba Cloud's capabilities in logistics, finance, retail, and highlights the Singles Day event. \n\n- **Logistics**: Cainiao Network is highlighted as a logistics data platform that enhances delivery efficiency for buyers and sellers. It supports 24-hour domestic and 72-hour international delivery, with a fulfillment network growing by 170% year-on-year.\n\n- **Finance**: Alipay is introduced as a digital payment solution with over 520 million users, enabling online, mobile, and in-store payments. It integrates various financial services, including investments, insurance, credit ratings, and loans.\n\n- **Retail**: Taobao is described as an e-commerce app offering innovative content and personalized recommendations, with 552 million active annual consumers and 1.5 million content creators. Tmall is another platform focusing on business-to-consumer e-commerce, hosting 70,000 online brand stores and serving 400 million customers.\n\n- **Singles Day**: This section emphasizes the significance of Singles Day (November 11) as a major shopping event. In 2017, Alibaba Cloud processed over 325,000 orders per second at peak, handling 1.5 billion Alipay transactions and achieving over $25BN in gross merchandise volume (GMV).\n\n<figure_summary>Figure 1: An illustrative diagram showing the flow of logistics and payment processes, represented by icons of a clock, a computer screen, and a wallet, connected by arrows.</figure_summary>\n\nThe page effectively showcases Alibaba Cloud's impact across logistics, finance, and retail, with a focus on the impressive performance during Singles Day.\n</summary>"
    },
    "11": {
      "summary": "<summary>\nThis page discusses Alibaba Cloud's role in digital transformation across various industries, focusing on retail, payments, and financial solutions. It highlights how Alibaba Cloud supports businesses by integrating online and offline retail experiences using big data and AI technology. The Ling Shou Tong system and mobile app enable retailers to track inventory and receive product recommendations, benefiting over 600,000 outlets in China. Additionally, the Hema grocery prototype supermarket showcases a mobile-first approach, where shoppers can use the Hema app to scan barcodes, access product information, and make purchases seamlessly through Alipay. The page also introduces the Imperium Financial Group, emphasizing the importance of speed and security in financial services.\n\nThere are no tables, figures, or images present on this page.\n</summary>"
    },
    "12": {
      "summary": "<summary>\nThe page discusses how Alibaba Cloud supports various industries through its advanced cloud services. It highlights the collaboration with Imperium, a financial institution, where Alibaba Cloud provides low-cost, high-availability solutions for risk modeling, data management, security, and facial recognition. These services ensure smooth operation even under heavy traffic, handling up to 50,000 page views in a single day while maintaining robust security against DDoS attacks.\n\nThe page then shifts focus to \"Next-Level Manufacturing,\" showcasing how Alibaba Cloud's AI capabilities enhance manufacturing efficiency. An example is provided with Trina Solar, where Alibaba Cloud's ET Industrial Brain analyzed real-time production data using smart algorithms, leading to a 7% increase in the production of grade-A solar cell wafers.\n\nUnder \"Supporting Growth,\" the emphasis is on Alibaba Cloud's commitment to helping small and medium-sized enterprises (SMEs) grow and globalize. This section transitions into \"Global E-Commerce,\" explaining how the evolution of trade requires platforms like Electronic World Trade Platforms (eWTP) to support businesses in adapting to fragmented, high-frequency, and personalized transactions.\n\n<image_summary>An icon of a solar panel with a sun above it is used to visually represent the Trina Solar case study, symbolizing the application of AI in solar manufacturing.</image_summary>\n\n</summary>"
    },
    "13": {
      "summary": "<summary>\nThe page discusses Alibaba Cloud's efforts in facilitating international trade through the establishment of Electronic World Trade Platforms (eWTP). The eWTP aims to promote dialogue between public and private sectors, enhance cross-border e-commerce infrastructure, and help SMEs overcome challenges in customs clearance and logistics. It envisions a future where entrepreneurs can trade globally using just a smartphone. The first e-hub outside China was established in Malaysia in March 2017, in partnership with the Malaysia Digital Economy Corporation. This hub includes an e-fulfillment center near Kuala Lumpur International Airport, a one-stop online cross-border trading platform, e-payment services, financing, and e-talent training, all part of Malaysia’s digital economy transformation roadmap.\n\nThe section titled \"POWERFUL TECHNOLOGY\" highlights how Alibaba Cloud supports SMEs by offering high-performance elastic computing power in the cloud. Services such as data storage, relational databases, big-data processing, Anti-DDoS protection, and content delivery networks are scalable and available on a pay-as-you-go basis. The global presence of 18 data centers reduces network latency, ensuring faster page loads and order processing for customers. An example is provided of a new data center opened in Mumbai, India, in early 2018, to meet the growing demand from SMEs in the region.\n\n<image_summary>The page features a decorative abstract design at the bottom, consisting of wavy blue lines against a white background, adding a modern and dynamic visual element.</image_summary>\n</summary>"
    },
    "14": {
      "summary": "<summary>\nThe page highlights Alibaba Cloud's achievements and milestones in technology leadership, focusing on its timeline from 2013 to 2018. Key events include the launch of City Brain in Malaysia, inclusion in Gartner’s Magic Quadrant for Data Analytics, and receiving awards such as the Chinese Institute of Electronics Grand Prize and MySQL Corporate Contributor Award. In 2017, notable mentions include Gang Wang and Hanqing Wu being recognized by MIT Technology Review, Alibaba Cloud's placement in Gartner’s Magic Quadrant, and becoming the Official Cloud Services Partner for the Olympic Games at the World Economic Forum. Other significant developments include partnerships with HTC Corporation for VR solutions, the opening of data centers in Beijing, Shenzhen, and Hong Kong, and receiving certifications and licenses related to cloud security and infrastructure.\n\n<figure_summary>Figure 1: A decorative blue wavy line design on the left side of the page, serving as a visual element to enhance the layout.</figure_summary>\n\n</summary>"
    },
    "15": {
      "summary": "<summary>\nThe page provides an overview of Alibaba Cloud's history, achievements, and commitment to innovation in cloud computing and environmental sustainability. It begins with a timeline highlighting key milestones: Alibaba Cloud was founded in 2009, its first data center opened in 2010, and it became the first Chinese cloud service provider to pass the Information Security Management certification in 2012. The text emphasizes the rapid growth of the cloud market, citing Gartner's prediction of a significant increase in the worldwide public cloud services market value. Alibaba Cloud is recognized as a leader in cloud computing, having set records in data sorting, DDoS mitigation, and e-commerce transaction processing. The Hybrid Cloud Solutions are highlighted for offering state-of-the-art connectivity with enhanced security, combining the benefits of public and private cloud models. Additionally, the page discusses the recognition of Alibaba's Apsara Cloud operating system, which received the Grand Prize from the Chinese Institute of Electronics in May 2018. The section on \"Environmental Innovation\" showcases Alibaba Cloud's efforts to create eco-friendly data centers, such as the Qiandao Lake Data Center, which uses water cooling and renewable energy sources to achieve high energy efficiency.\n\n<figure_summary>Figure 1: Timeline of Key Milestones – This figure presents a chronological list of significant events in Alibaba Cloud's history, including its founding, the opening of its first data center, and its achievement of Information Security Management certification.</figure_summary>\n\nNo other tables, images, or charts are present on this page.\n</summary>"
    },
    "16": {
      "summary": "<summary>\nThe page discusses Alibaba Cloud's global recognition and partnerships. It highlights that Alibaba Cloud was the first cloud services provider to receive the CSA STAR Certification and the ISO27001 Information Security Management System Certification in China. The text emphasizes Alibaba Cloud's inclusion as a Visionary on Gartner’s Magic Quadrant for Cloud Infrastructure as a Service, Worldwide, in 2017 and 2018, despite a reduction in featured vendors. The page also covers Alibaba Cloud's partnerships, including its role as a Worldwide Cloud Services Partner for the Winter Olympic Games at Pyeongchang, South Korea, in 2018, where it showcased advanced cloud computing infrastructure, AI, and deep learning technologies. Additionally, it mentions the launch of the EMEA Ecosystem Partner Program in July 2018 to strengthen ties with customers and partners in Europe, the Middle East, and Africa, focusing on digital transformation, talent development, technology innovation, and marketplace enhancement. Lastly, it notes a partnership with the web hosting platform Plesk, enabling users to develop sites and apps in a ready-to-code environment that can run in the cloud.\n\n<image_summary>The image shows the Alibaba Cloud logo alongside the Olympic rings, indicating Alibaba Cloud's partnership as a Worldwide Cloud Services Partner for the Winter Olympic Games at Pyeongchang, South Korea, in 2018.</image_summary>\n</summary>"
    },
    "17": {
      "summary": "<summary>\nThe page discusses Alibaba Cloud's partnerships, technological advancements, and initiatives aimed at fostering innovation and supporting business growth. It highlights the collaboration with Red Hat for open-source solutions and NVIDIA GPU Cloud (NGC) for deep learning and visualization tools. The section titled \"LOOKING TO THE FUTURE\" emphasizes Alibaba Cloud's commitment to helping businesses grow through its Tianchi platform, which hosts over 200,000 developers from 91 countries and regions. Notable mentions include Hanqing Wu, who led the development of Alibaba Cloud Security, protecting over 37% of websites in China by 2017, and Gang Wang, a researcher contributing to AI technologies like voice-controlled devices. Additionally, the page describes the launch of Alibaba Innovative Research (AIR), which funds research programs aligned with real-world industry scenarios, aiming to support SMEs and drive future business growth. Over the quarter up to March 2018, Alibaba Cloud launched 316 new products and features, focusing heavily on AI, data management, and security, ensuring a constant stream of innovation.\n\n<image_summary>A blue trophy icon with a star is displayed, symbolizing the success and achievements of the Tianchi platform.</image_summary>\n\n<image_summary>A decorative wavy line design is present along the left margin, adding a visual element to the page layout.</image_summary>\n</summary>"
    },
    "18": {
      "summary": "<summary>\nThis page from the Alibaba Cloud whitepaper introduces the company's products and solutions, focusing on data migration and web hosting services. It highlights Alibaba Cloud's 24/7 availability, high reliability, and robust infrastructure, ensuring seamless access and security for customers. The section begins by outlining the key solutions for scenarios like data migration and web hosting, emphasizing the importance of these services in modern business operations.\n\nUnder the \"SOLUTIONS\" heading, the page discusses **Data Migration** first. It explains that data migration is a significant challenge for businesses and introduces Alibaba Cloud’s Data Migration service, which provides comprehensive tools and resources for smooth migrations. Users can choose between self-guided tutorials or outsourcing the process through Alibaba Cloud’s Migration Service or its partners. The service also helps in planning future resource usage and designing distributed cloud architectures for high availability.\n\nThe second solution discussed is **Web Hosting**, where Alibaba Cloud offers flexible and cost-effective hosting options suitable for small and medium-sized enterprises (SMEs). The service supports popular content management systems such as WordPress and Joomla, making it versatile for various website needs.\n\n<image_summary>An icon depicting a database with an arrow pointing to the right symbolizes the data migration process, visually reinforcing the topic discussed.</image_summary>\n\nThe page concludes by emphasizing the comprehensive nature of Alibaba Cloud’s offerings, designed to meet current and future business requirements while ensuring optimal performance and security.\n</summary>"
    },
    "19": {
      "summary": "<summary>\nThis page introduces Alibaba Cloud's offerings, focusing on web hosting and Internet of Things (IoT) solutions. It highlights Alibaba Cloud's support throughout the website-building process, including domain selection, configuration, and management via a visual control panel. The web hosting is described as fast and secure, leveraging container technology, Elastic Compute Service, and a Web Application Firewall for 99.999% data reliability. The section on IoT emphasizes its growing impact on daily life and stresses the importance of stable and cost-efficient smart technology platforms. Alibaba Cloud’s IoT suite is noted for high traffic endurance, smooth access request handling, certified equipment, secured transmission, device rights management, and reliable messaging. Readers are directed to www.alibabacloud.com/solutions for more information on industry-specific solutions.\n\n<image_summary>The page features a decorative blue wavy pattern on the left side, adding a visual element to the design.</image_summary>\n</summary>"
    },
    "20": {
      "summary": "<summary>\nThe page introduces Alibaba Cloud's products and services, focusing on Elastic Computing. It highlights the Elastic Compute Service (ECS), which provides scalable virtual cloud servers with high data reliability and performance. The ECS service allows users to adjust resources like disk space and bandwidth dynamically, optimizing costs. Additionally, the page discusses Function Compute, a serverless product that automates resource management, auto-scaling, and load balancing, enabling developers to focus solely on code deployment and execution. Users pay only for the resources consumed by their code, billed in increments of 100 milliseconds.\n\n<figure_summary>Figure 1: A diagram illustrating the components of Alibaba Cloud's Elastic Compute Service (ECS). The figure includes icons representing Block Storage, Images, Bandwidth, Instance Types, Snapshots, Security Groups, and the ECS Console, connected to an Elastic Compute Service cloud icon, showcasing how these elements integrate into the overall ECS ecosystem.</figure_summary>\n</summary>"
    },
    "21": {
      "summary": "<summary>\nThe page introduces two key services offered by Alibaba Cloud: Simple Application Server and Server Load Balancer. The Simple Application Server is described as a server-based service that simplifies website building, monitoring, and maintenance, making it ideal for beginners and those needing private virtual machines. The Server Load Balancer is highlighted for its ability to manage traffic spikes, minimize response times, and ensure high availability of web applications by distributing requests across servers based on performance.\n\n<figure_summary>Figure 1: This diagram illustrates the architecture of the Simple Application Server. It shows how user applications can select from multiple application images (e.g., Node.js, PHP, WordPress) and integrate with ECS compute resources, VPC, SSL Certificates Service, and other Alibaba Cloud services. The flowchart emphasizes the ease of use and integration capabilities.</figure_summary>\n\n<figure_summary>Figure 2: This diagram depicts the functionality of the Server Load Balancer. It shows how the load balancer distributes incoming traffic between multiple ECS instances, ensuring optimal performance and high availability. The diagram also includes AliCloud DNS, which helps route traffic efficiently.</figure_summary>\n\nThe text explains that the Server Load Balancer monitors server health and automatically redistributes traffic to maintain system stability, especially during high-traffic events like Alibaba's annual Global Shopping Festival. Client examples, such as Tianhong, are mentioned to demonstrate real-world usage and benefits of the service.\n</summary>"
    },
    "22": {
      "summary": "<summary>\nThe page discusses two key services offered by Alibaba Cloud: **Object Storage Service (OSS)** under the \"Storage\" section and **Express Connect** under the \"Networking\" section. \n\n### Storage Section:\nAlibaba Cloud's Object Storage Service (OSS) is highlighted as an easy-to-use cloud storage solution designed for storing, backing up, and archiving large amounts of data. OSS acts as an encrypted central repository, ensuring secure global access to files. It guarantees high availability (up to 99.9%) and is ideal for global teams and international project management. OSS operates on a pay-as-you-go model with no upfront costs or long-term commitments, offering unlimited data storage. A testimonial from Worktitle emphasizes how Alibaba Cloud reduces IT investment costs and simplifies maintenance, allowing more focus on application development.\n\n### Networking Section:\nThe \"Networking\" section introduces **Express Connect**, which provides convenient and efficient network services enabling direct communication between different network environments, even when they are geographically distant. This service offers low latency and high bandwidth, making it particularly suitable for multimedia environments and hybrid setups requiring private connectivity across on-premise infrastructure, cloud technology, and third-party cloud services. A client testimonial from DeepLCR highlights how Express Connect resolved existing networking issues and eliminated the need for jump servers to access public networks directly.\n\n### Visual Elements:\n<figure_summary>Figure 1: The diagram illustrates the architecture of Express Connect, showing how it facilitates low-latency connections between data centers in Singapore and Hong Kong, as well as between the US Data Center and China. It demonstrates the integration of RTMP streaming, proxy services, and AliCloud CDN, emphasizing the use of Express Connect to accelerate content delivery from overseas sources.</figure_summary>\n\nThis page effectively combines textual explanations with a visual representation to convey the benefits and functionalities of Alibaba Cloud's storage and networking solutions.\n</summary>"
    },
    "23": {
      "summary": "<summary>\nThe page discusses the benefits of Alibaba Cloud, focusing on its cost reduction, maintenance simplification, and security features. It highlights how Alibaba Cloud helps businesses focus more on application development by reducing IT investment costs and simplifying maintenance. The section emphasizes the importance of trust in cloud services, citing PWC’s Global Consumer Insights Survey, which found that \"trust in a brand\" is a top factor influencing consumer decisions. Alibaba Cloud is committed to high levels of compliance, adhering to standards such as Germany’s C5, PCI DSS, HIPAA, and EU GDPR. The page also details Alibaba Cloud's security offerings, including Anti-DDoS Basic, which protects against DDoS attacks, and Web Application Firewall (WAF), which safeguards against web-based vulnerabilities like SQL injections, XSS, and malicious bots.\n\n<image_summary>An icon of a shield with a lightning bolt symbolizes security, reinforcing the discussion on Alibaba Cloud's protective measures.</image_summary>\n\n<image_summary>A stylized blue wave graphic adds visual interest to the page, complementing the text about Alibaba Cloud's commitment to security and compliance.</image_summary>\n</summary>"
    },
    "24": {
      "summary": "<summary>\nThe page introduces Alibaba Cloud's Elastic Compute Service (ECS), highlighting it as an online computing service designed to provide elastic and secure virtual cloud servers tailored to meet various cloud hosting requirements. The text emphasizes the flexibility and security features of ECS, positioning it as a solution for diverse cloud needs.\n\n<image_summary>The image at the bottom of the page depicts a modern data center with rows of server racks illuminated by blue lighting, symbolizing the infrastructure and technology behind cloud computing services like ECS.</image_summary>\n</summary>"
    },
    "25": {
      "summary": "<summary>\nThis page introduces Alibaba Cloud's resources for new users, focusing on free trials, tutorials, quick start videos, and developer tools. It highlights the availability of a free trial worth up to $300 for individuals and $1,200 for enterprises, accessible via the provided link. Users can also utilize a tutorial to guide them through signing up and exploring Alibaba Cloud services. Additionally, the page mentions a collection of tutorials and quick start videos available at another link, which provide concise overviews of various products. Lastly, it discusses APIs and SDKs offered by Alibaba Cloud, emphasizing the API Gateway as a tool for developers to manage and host APIs on Alibaba Cloud products.\n\nThere are no tables, figures, or images present on this page. The content is purely textual, with hyperlinks provided for further exploration of the mentioned resources.\n</summary>"
    },
    "26": {
      "summary": "<summary>\nThis page serves as the **Summary** section of a whitepaper about Alibaba Cloud. It thanks the reader for engaging with the content and highlights that the whitepaper aims to provide insights into Alibaba Cloud's offerings, emphasizing how its services can support businesses in areas such as cloud hosting, security, storage, and innovation. The text encourages readers to reach out for further assistance or inquiries via the provided contact link: **www.alibabacloud.com/contact-sales**.\n\n<image_summary>The page features a decorative blue wavy pattern on the left side, adding a visual element to the design.</image_summary>\n</summary>"
    },
    "27": {
      "summary": "<summary>\nThis page is titled \"REFERENCES\" and contains a list of 24 hyperlinked references related to Alibaba Cloud and its various initiatives, achievements, and partnerships. The references cover topics such as Alibaba's vision, AI-driven projects, market share in cloud computing, Gartner reports, consumer insights, and retail innovations. The links point to articles, press releases, blog posts, and news items from sources like Alibaba Cloud, TechRepublic, The Register, McKinsey, Bloomberg, and others.\n\nThere are no tables, figures, charts, diagrams, or images present on this page. The content is purely textual, consisting of numbered references with URLs.\n\nThe references provide context and support for claims made in the main body of the document, covering areas such as Alibaba's leadership in cloud services, its strategic moves in the retail sector, and its recognition by industry analysts and publications.\n</summary>"
    },
    "28": {
      "summary": "<summary>\nThis page provides an overview of Alibaba Cloud, highlighting its establishment, services, and affiliation with Alibaba Group. Alibaba Cloud was founded in September 2009 as the cloud computing arm of Alibaba Group, focusing on developing scalable platforms for cloud computing and data management. It offers a comprehensive suite of cloud computing services accessible via <a href=\"https://www.alibabacloud.com\">www.alibabacloud.com</a>, catering to participants in Alibaba's online and mobile commerce ecosystem, including sellers and third-party businesses. Alibaba Cloud operates as a business unit within Alibaba Group, which is publicly traded on the New York Stock Exchange (NYSE) under the ticker symbol BABA. A contact link, <a href=\"https://www.alibabacloud.com/contact-sales\">www.alibabacloud.com/contact-sales</a>, is provided for further inquiries.\n\nThe page has a clean design with a dark background featuring diagonal white lines, giving it a modern and professional appearance. There are no tables, figures, or images present on this page.\n\n</summary>"
    }
  }
}