{
  "doc_id": "camry_ebrochure.pdf",
  "pages": {
    "1": {
      "summary": "<summary>\nThe page features an image of the 2024 Toyota Camry, showcasing its sleek design and vibrant red color. The car is captured in motion on a city street during twilight, with illuminated streetlights and a bridge in the background, highlighting its modern aesthetic and urban appeal. The bottom of the page prominently displays the Toyota logo alongside the text \"2024 Camry,\" emphasizing the model being showcased.\n\n<image_summary>The image depicts a red 2024 Toyota Camry driving on a city street at dusk. The car's dynamic pose, combined with the urban setting featuring a bridge and lit streetlights, conveys a sense of movement and sophistication.</image_summary>\n</summary>"
    },
    "2": {
      "summary": "<summary>\nThe page highlights the 2024 Toyota Camry, emphasizing its versatility and appeal for various lifestyles. The text describes how the Camry combines the convenience of a midsize sedan with an enjoyable driving experience, offering a range of models to suit different needs. Key features mentioned include All-Wheel Drive (AWD) capability for adventurous drives and hybrid efficiency for daily commutes. The Camry is portrayed as adaptable, catering to both fun and practical driving scenarios.\n\n<image_summary>The top image shows the rear view of a dark blue 2024 Toyota Camry SE Hybrid Nightshade in Reservoir Blue, parked in a modern, dimly lit parking garage with city lights visible in the background. This image emphasizes the car's sleek design and urban appeal.</image_summary>\n\n<image_summary>The bottom image provides a front three-quarter view of the same 2024 Toyota Camry SE Hybrid Nightshade in Reservoir Blue, highlighting its sharp lines, LED headlights, and sporty alloy wheels. The setting is a stylish indoor parking area with a vibrant cityscape in the background, further showcasing the car's modern aesthetic and performance-oriented design.</image_summary>\n\nAt the bottom of the page, logos indicate compatibility with Apple CarPlay and Android Auto, as well as features like Toyota Safety Sense and SiriusXM, underscoring the vehicle's advanced technology and safety offerings. The ToyotaCare logo suggests additional service and maintenance benefits.\n</summary>"
    },
    "3": {
      "summary": "<summary>\nThe page focuses on the performance features of the Toyota Camry, highlighting its capabilities and engineering excellence. It emphasizes the car's optimized handling and ride quality due to the Toyota New Global Architecture (TNGA) platform, along with its sporty design and responsive driving experience. The page discusses three key aspects of the Camry's performance: engine options, hybrid technology, and all-wheel drive (AWD).\n\nThe section on engines highlights the choice between a 2.5-liter Dynamic Force 4-cylinder and a 3.5-liter V6, both offering a balance of performance and efficiency. The hybrid performance section showcases the Camry Hybrid's combination of a 4-cylinder engine, electric motor, and smooth transmission, achieving an estimated 46 mpg while maintaining style with available 19-inch wheels. Lastly, the AWD system is described as providing enhanced traction in adverse weather conditions by redistributing up to 50% of torque to the rear wheels when needed.\n\nThe page includes several images to illustrate the Camry's features:\n- An image of the XSE Hybrid in Celestial Silver Metallic with a Midnight Black Metallic roof, emphasizing its sleek design.\n- A rear view of the XSE V6 in Wind Chill Pearl with a Midnight Black Metallic roof, showcasing its dynamic appearance.\n- A side view of the XSE Hybrid in Celestial Silver Metallic with a Midnight Black Metallic roof, highlighting its aerodynamic profile.\n- A dynamic shot of the XSE AWD in Supersonic Red with a Midnight Black Metallic roof, demonstrating its capability in wet conditions.\n\nThese visuals complement the textual content by visually reinforcing the Camry's performance and design attributes.\n</summary>"
    },
    "4": {
      "summary": "<summary>\nThe page highlights the features and enhancements of the Toyota Camry TRD model, emphasizing its performance, styling, and engineering improvements. The text introduces the vehicle as \"Not your average four-door,\" showcasing how Toyota Racing Development (TRD) engineers have optimized the car's handling, performance, and aesthetics. Key aerodynamic elements like the front splitter, side skirts, rear diffuser, and spoiler contribute to the car's bold appearance and high-speed stability. The page also discusses the TRD's purposeful stance, achieved through TRD-tuned shocks, thicker underbody braces, and unique coil springs, which lower the center of gravity and enhance downforce. Additionally, the TRD cat-back dual exhaust system is highlighted for its powerful sound and polished stainless steel tips, adding to the car's athletic look.\n\n<image_summary>The left side of the page features two images of the white Toyota Camry TRD in motion on a racetrack. The first image shows the car from a side angle, emphasizing its sleek design and sporty profile. The second image provides a frontal view, focusing on the aggressive front grille and aerodynamic features. Both images showcase the car's dynamic appearance and performance-oriented design.</image_summary>\n\n<image_summary>The right side of the page includes three images related to the TRD's features. The top image shows a person holding a 19-inch alloy wheel with red-painted calipers, highlighting the car's performance-oriented wheels. The middle image depicts two individuals working on the car's exhaust system, emphasizing the TRD's enhanced performance components. The bottom image shows the rear of the car, focusing on the cat-back dual exhaust system and the overall aggressive styling.</image_summary>\n\n</summary>"
    },
    "5": {
      "summary": "<summary>\nThe page focuses on the design features of the Toyota Camry, emphasizing its striking appearance and interior details. The text highlights the Camry's powerful stance, black front grille with sport mesh insert, and the illuminating LED headlights and Daytime Running Lights (DRL) on the XLE and XSE models. The page also introduces the Camry SE Nightshade, which offers a dark, stylish aesthetic with unique alloy wheels and exterior color options like Midnight Black Metallic, Ice Cap, and Reservoir Blue. The interior is showcased through detailed seat patterns and a floating touchscreen display, which provides Apple CarPlay® and Android Auto™ compatibility.\n\n<image_summary>The main image displays two Camry models side by side: an XSE Hybrid in Celestial Silver Metallic with a Midnight Black Metallic roof and an XLE in Wind Chill Pearl. Both cars feature available power tilt/slide moonroofs, with the XLE also showcasing a panoramic glass roof.</image_summary>\n\n<image_summary>A smaller image below shows the Camry SE Nightshade in a dark setting, highlighting its sleek and modern design.</image_summary>\n\n<image_summary>Another image focuses on the interior seat details, featuring a herringbone pattern on the seats, emphasizing the craftsmanship and style.</image_summary>\n\n<image_summary>The final image showcases the floating touchscreen display, integrated seamlessly into the dashboard, along with the perfectly placed steering wheel controls.</image_summary>\n</summary>"
    },
    "6": {
      "summary": "<summary>\nThe page discusses various connected services offered by Toyota, emphasizing technology designed to enhance convenience and safety. It highlights features such as Wi-Fi Connect, Dynamic Navigation, Destination Assist, Safety Connect, and Service Connect, all aimed at simplifying daily life and providing support when needed. The Toyota app is introduced as a central tool for accessing many of these services, including remote vehicle start, lock/unlock doors, service scheduling, and payments. Additionally, the page outlines safety features like Emergency Assistance, Roadside Assistance, and Collision Notification under Safety Connect, along with proactive maintenance alerts through Service Connect. Availability of these services varies by model and network dependency is noted.\n\n<figure_summary>Figure 1: Wi-Fi Connect Icon – Represents the feature allowing users to turn their Toyota into a hotspot with 4G connectivity.</figure_summary>\n\n<figure_summary>Figure 2: Dynamic Navigation Icon – Depicts the feature providing real-time updates for maps, routes, and points of interest via the Cloud.</figure_summary>\n\n<figure_summary>Figure 3: Destination Assist Icon – Illustrates access to a live agent for navigation assistance.</figure_summary>\n\n<figure_summary>Figure 4: Safety Connect Icon – Symbolizes round-the-clock help in emergencies.</figure_summary>\n\n<figure_summary>Figure 5: Remote Connect Icon – Indicates remote management capabilities through the Toyota app.</figure_summary>\n\n<image_summary>Toyota Logo: A red square with the Toyota emblem, representing the brand associated with these services.</image_summary>\n</summary>"
    },
    "7": {
      "summary": "<summary>\nThe page focuses on the audio and multimedia features of a vehicle, emphasizing how they enhance the driving experience. It highlights compatibility with Apple CarPlay® and Android Auto™, allowing users to integrate their smartphones seamlessly with the car's multimedia system for navigation, calls, messages, and music. Additionally, it mentions a SiriusXM® Platinum Plan 3-month trial, offering premium entertainment with over 425 channels, including music, sports, news, and more. The page also showcases the JBL® Premium Audio System, which provides high-quality sound through a 9-speaker, 800-watt setup with a subwoofer and amplifier.\n\n<image_summary>The top image displays the interior of a car, focusing on the dashboard and steering wheel. The screen shows a multimedia interface, indicating the integration of technology in the vehicle. The caption specifies that this is the XSE Hybrid interior shown in Black leather trim.</image_summary>\n\n<image_summary>The bottom image provides a close-up view of the car's infotainment system screen, showcasing various app icons such as Maps, YT Music, Podcasts, Phone, Calendar, News, and Waze. This image emphasizes the connectivity and functionality of the JBL® Premium Audio System. The caption reiterates that this is the XSE Hybrid interior shown in Black leather trim, with the screen depiction accurate at the time of posting.</image_summary>\n\n<figure_summary>Figure 1: The Apple CarPlay® logo indicates compatibility with Apple devices, allowing users to use their iPhones with the car's multimedia system for various functions like navigation and media playback.</figure_summary>\n\n<figure_summary>Figure 2: The Android Auto™ logo signifies compatibility with Android devices, enabling users to connect their phones and access Google Assistant, real-time traffic alerts, phone calls, and more through the car's system.</figure_summary>\n\n<figure_summary>Figure 3: The SiriusXM® logo highlights the availability of a 3-month trial for the SiriusXM® Platinum Plan, providing access to a wide range of premium entertainment channels.</figure_summary>\n\n<figure_summary>Figure 4: The JBL® logo represents the high-quality audio system available in the vehicle, emphasizing its 9-speaker, 800-watt configuration with a subwoofer and amplifier.</figure_summary>\n</summary>"
    },
    "8": {
      "summary": "<summary>\nThe page highlights Toyota Safety Sense™ 2.5+ (TSS 2.5+), an advanced suite of active safety features included standard in many new Toyota vehicles. The system aims to provide \"Peace of mind\" by offering innovative technologies designed to protect drivers and passengers. Key features listed include Pre-Collision System with Pedestrian Detection, Dynamic Radar Cruise Control, Lane Departure Alert with Steering Assist, Automatic High Beams, Lane Tracing Assist, and Road Sign Assist. Each feature is accompanied by an icon for visual clarity. The page emphasizes that these features come at no additional cost and are intended to enhance safety.\n\n<image_summary>The top half of the page features two side-by-side images. On the left, there is an aerial view of lush green trees near a body of water, symbolizing nature and tranquility. On the right, there is an illustration of a blue car driving on a road with yellow beams projecting forward, representing the advanced safety technology in action.</image_summary>\n\n<figure_summary>Icons and text are used to visually represent each safety feature. For example, a person icon accompanies \"Pre-Collision System with Pedestrian Detection,\" a speedometer-like icon represents \"Dynamic Radar Cruise Control,\" and a steering wheel icon is associated with \"Lane Departure Alert with Steering Assist.\" These icons help convey the functionality of each feature clearly.</figure_summary>\n\nThe bottom of the page includes a note directing readers to visit toyota.com/safety-sense for more information and mentions that feature availability may vary by model grade, with footnotes referencing disclosures for further details.\n</summary>"
    },
    "9": {
      "summary": "<summary>\nThis page provides a detailed comparison of three Camry models: LE, XLE, and XLE V6. Each model's features are categorized into Mechanical/Performance, Exterior Features, Interior Features, Audio Multimedia, Safety Features, and Packages/Options. The LE model serves as the base, while the XLE and XLE V6 add or replace features for enhanced performance and luxury.\n\nThe LE model features a 2.5L 4-cylinder engine with 203 hp, an 8-speed ECT-i transmission, and standard AWD. It includes LED headlights, dark gray alloy wheels, and a roof-mounted shark-fin antenna. Inside, it offers seating for five, dual-zone climate control, and a 4.2-inch MID. The audio system supports Android Auto and Apple CarPlay, and safety features include Toyota Safety Sense 2.5+ and ten airbags.\n\nThe XLE model builds upon the LE by adding available AWD, LED DRLs, and a color-keyed heated power outside mirror with turn-signal indicators. Interior upgrades include leather-trimmed seats, a 7-inch MID, and Qi-compatible wireless charging. The audio system is upgraded to Audio Plus with JBL speakers, and safety features remain consistent with the LE.\n\nThe XLE V6 further enhances the XLE with a 3.5L V6 engine producing 301 hp, a panoramic glass roof, and a dual exhaust with chrome tips. Interior features include a 10-inch HUD and a tire pressure monitor system with direct readout. The audio system remains the same as the XLE, and safety features are unchanged.\n\nEach model also offers various packages and options, such as the Convenience Package, Audio Upgrade Package, Driver Assist Package, and Cold Weather Package, which provide additional comfort, technology, and safety enhancements.\n\n<image_summary>\nThree images of the Camry models are displayed at the top of the page: a silver LE, a blue XLE, and a white XLE V6. These images visually represent each model's exterior design.\n</image_summary>\n</summary>"
    },
    "10": {
      "summary": "<summary>\nThis page provides a detailed comparison of three Toyota Camry models: SE, SE Nightshade, and XSE. Each model is described in terms of its mechanical performance, exterior features, interior features, audio multimedia options, safety features, and available packages/options. The page includes images of each model to visually represent their design differences.\n\n<image_summary>The page features three images of the Camry models: SE (red), SE Nightshade (black), and XSE (red). These images highlight the distinct exterior styling and color options for each variant.</image_summary>\n\n### SE Model:\n- **Mechanical/Performance**: Offers available All-Wheel Drive (AWD), Normal/Eco/Sport drive modes, and an estimated fuel economy of 28 city/39 highway/32 combined mpg.\n- **Exterior Features**: Includes Bi-LED headlights with black accents, a black front grille, color-keyed sport side rocker panels, 18-inch black machined-finish alloy wheels, and heated power outside mirrors.\n- **Interior Features**: Features dual-zone automatic climate control, Sport SofTex-trimmed front seats, and a leather-trimmed steering wheel with paddle shifters.\n- **Audio Multimedia**: Equipped with a 7-inch touchscreen, six speakers, Android Auto™, Apple CarPlay®, and SiriusXM® trial subscription.\n- **Safety Features**: Includes Toyota Safety Sense™ 2.5+, Dynamic Radar Cruise Control (DRCC), and Star Safety System™ with ten airbags.\n- **Packages/Options**: Lists various optional packages such as the Convenience Package, Audio Upgrade Package, Cold Weather Package, and Blind Spot Monitor (BSM) with Rear Cross-Traffic Alert (RCTA).\n\n### SE Nightshade Model:\n- **Mechanical/Performance**: Similar to SE but adds the SE Hybrid Nightshade option, with an estimated fuel economy of 28 city/39 highway/32 combined mpg.\n- **Exterior Features**: Features black-painted heated power outside mirrors, 19-inch TRD matte bronze-finished alloy wheels, a black-painted rear spoiler, and shark fin antenna.\n- **Interior Features**: Includes Sport SofTex-trimmed front seats, a leather-trimmed steering wheel, and a Tire Pressure Monitor System (TPMS).\n- **Audio Multimedia**: Same as SE, with a 7-inch touchscreen, six speakers, and connectivity features.\n- **Safety Features**: Identical to SE, including Toyota Safety Sense™ 2.5+ and Dynamic Radar Cruise Control (DRCC).\n- **Packages/Options**: Offers similar packages as SE, with additional options like the Navigation Upgrade Package and Driver Assist Package.\n\n### XSE Model:\n- **Mechanical/Performance**: Powered by a 2.5L 4-cylinder engine with 206 hp, available AWD, and an estimated fuel economy of 27 city/38 highway/31 combined mpg.\n- **Exterior Features**: Features LED headlights with black trim, LED taillights, a gloss-black front grille, and 19-inch gloss-black alloy wheels.\n- **Interior Features**: Includes leather-trimmed seats, a 7-inch Multi-Information Display (MID), and ambient interior lighting.\n- **Audio Multimedia**: Upgraded to Audio Plus with a 9-inch touchscreen, six speakers, and enhanced connectivity options.\n- **Safety Features**: Same as SE and SE Nightshade, including Toyota Safety Sense™ 2.5+ and Dynamic Radar Cruise Control (DRCC).\n- **Packages/Options**: Offers advanced packages like the Navigation Upgrade Package with nine JBL® speakers and the Driver Assist Package with a panoramic view monitor and front/rear parking assist.\n\nThe page effectively highlights the incremental upgrades and feature additions across the three models, catering to different customer preferences and needs.\n</summary>"
    },
    "11": {
      "summary": "<summary>\nThis page provides a detailed comparison of three Toyota Camry models: **XSE V6**, **TRD**, and **LE Hybrid**. Each model's features are categorized into Mechanical/Performance, Exterior Features, Interior Features, Audio Multimedia, Safety Features, and Packages/Options. The page highlights the unique attributes of each model, including engine specifications, fuel efficiency, exterior styling, interior amenities, technology, safety systems, and available options.\n\n### XSE V6\n- **Mechanical/Performance**: Equipped with a 3.5L V6 engine producing 301 hp, offering 22 city/32 highway/26 combined estimated mpg.\n- **Exterior Features**: Includes a panoramic glass roof with front power tilt/slide moonroof.\n- **Interior Features**: Features a 10-inch color Head-Up Display (HUD) and Tire Pressure Monitor System (TPMS).\n- **Audio Multimedia**: Offers Audio Plus with JBL speakers, Android Auto™, Apple CarPlay®, and SiriusXM® compatibility.\n- **Safety Features**: Includes Toyota Safety Sense™ 2.5+, Full-Speed Range Dynamic Radar Cruise Control (DRCC), Star Safety System™, and ten airbags.\n- **Packages/Options**: Provides options like the Navigation Upgrade Package, Driver Assist Package, Cold Weather Package, and Two-tone exterior color.\n\n### TRD\n- **Mechanical/Performance**: Also features a 3.5L V6 engine with 301 hp, but includes TRD track-tuned suspension and 12.9-inch front disc brakes with red-painted calipers, offering 22 city/31 highway/25 combined estimated mpg.\n- **Exterior Features**: Highlights include a gloss-black front grille, black heated power outside mirrors, black window trim, and 19-inch TRD matte-black alloy wheels.\n- **Interior Features**: Includes TRD-specific instrument panel accents, Sport SofTex®-trimmed front seats, and leather-trimmed steering wheel.\n- **Audio Multimedia**: Offers Audio Plus with JBL speakers, Android Auto™, Apple CarPlay®, and SiriusXM® compatibility.\n- **Safety Features**: Similar to XSE V6, featuring Toyota Safety Sense™ 2.5+, DRCC, Star Safety System™, and ten airbags.\n- **Packages/Options**: Includes options like the TRD Premium Audio package, Blind Spot Monitor (BSM) with Rear Cross-Traffic Alert (RCTA), and summer tires.\n\n### LE Hybrid\n- **Mechanical/Performance**: Powered by a hybrid engine (2.5L 4-Cylinder) with 208 net hp, using an Electronically Controlled Continuously Variable Transmission (ECVT). It offers Normal, Eco, EV, and Sport drive modes, with 51 city/53 highway/52 combined estimated mpg.\n- **Exterior Features**: Features Bi-LED headlights, LED taillights, dark gray front grille, and 16-inch steel wheels with wheel covers.\n- **Interior Features**: Includes dual-zone automatic climate control, fabric-trimmed seats, and a 4.2-inch Multi-Information Display (MID).\n- **Audio Multimedia**: Offers a 7-inch touchscreen, six speakers, Android Auto™, Apple CarPlay®, and SiriusXM® compatibility.\n- **Safety Features**: Similar to the other models, equipped with Toyota Safety Sense™ 2.5+, DRCC, Star Safety System™, and ten airbags.\n- **Packages/Options**: Provides options such as the Convenience Package (HomeLink® universal transceiver, auto-dimming rearview mirror), Audio Upgrade Package, Cold Weather Package, and Blind Spot Monitor (BSM) with RCTA.\n\n### Visual Elements\nThe page includes three photographs of the respective Camry models (XSE V6, TRD, and LE Hybrid), showcasing their exterior designs and highlighting key features like the panoramic roof, sporty TRD styling, and hybrid-specific elements.\n\n</summary>"
    },
    "12": {
      "summary": "<summary>\nThis page provides a detailed comparison of three Camry Hybrid models: SE Hybrid, XLE Hybrid, and XSE Hybrid. Each model builds upon the features of the previous one, offering enhanced mechanical, exterior, interior, audio multimedia, safety, and package options. The SE Hybrid serves as the base model, while the XLE Hybrid adds premium features, and the XSE Hybrid focuses on sporty aesthetics and performance.\n\nThe mechanical specifications remain consistent across all models, featuring a 2.5L 4-Cylinder hybrid engine with 208 net horsepower and an estimated fuel economy of 44 city/47 highway/46 combined mpg. \n\nExterior features vary, with the SE Hybrid offering black trim and alloy wheels, the XLE Hybrid adding chrome accents and heated mirrors, and the XSE Hybrid featuring gloss-black trim and larger alloy wheels.\n\nInterior features include leather-trimmed seats, heated front seats, and a multi-information display in the XLE Hybrid, while the XSE Hybrid offers additional features like ambient lighting and a tire pressure monitoring system.\n\nAudio multimedia systems range from a 7-inch touchscreen in the SE Hybrid to a 9-inch touchscreen in the XLE and XSE Hybrids, with compatibility for Android Auto and Apple CarPlay. Connected services trials are available in all models, including Safety Connect and Wi-Fi Connect.\n\nSafety features include Toyota Safety Sense 2.5+ (TSS 2.5+) and Full-Speed Range Dynamic Radar Cruise Control (DRCC) across all models, with the XSE Hybrid adding Blind Spot Monitor (BSM) with Rear Cross-Traffic Alert (RCTA).\n\nPackages and options include convenience packages, audio upgrades, driver assist packages, and cold weather packages, tailored to enhance comfort, technology, and safety.\n\n</summary>"
    },
    "13": {
      "summary": "<summary>\nThe page provides an overview of the color options and interior trim choices available for the Camry model. It showcases various exterior paint colors and highlights specific features like roof and spoiler options for different trims. The page also includes images of the interior upholstery materials for various trims.\n\nThe main textual content lists the following exterior paint colors:\n- Midnight Black Metallic\n- Reservoir Blue\n- Cavalry Blue\n- Supersonic Red³⁹\n- Predawn Gray Mica\n- Celestial Silver Metallic\n- Wind Chill Pearl³⁹\n- Ice Edge\n- Ice Cap\n\nAdditionally, it mentions that certain models offer a Midnight Black Metallic roof and rear spoiler as optional features. Specific trims such as SE, XLE, and TRD have unique interior trim options, including fabric, leather, and SofTex® materials in various colors like Ash, Black, Macadamia, and Cockpit Red.\n\nThe page includes several images:\n- A grid of color swatches representing the exterior paint options.\n- Photographs of the Camry in different paint colors (Supersonic Red, Celestial Silver Metallic, Wind Chill Pearl).\n- Images of the interior upholstery materials for different trims, showcasing fabric and leather textures in colors like Ash, Black, Macadamia, and Cockpit Red.\n\n<image_summary>The page contains multiple photographs of the Camry in various paint colors, demonstrating the visual appeal of each option. Additionally, there are close-up images of interior upholstery materials, highlighting the texture and quality of the fabrics and leathers used in different trims.</image_summary>\n</summary>"
    },
    "14": {
      "summary": "<summary>\nThe page is dedicated to showcasing the various wheel options available for the Camry model. It presents six different wheel designs, each tailored for specific trims and configurations of the vehicle. The wheels vary in size, material, finish, and design, catering to different aesthetic preferences and performance needs.\n\n<image_summary>\nThe page features six high-resolution images of Camry wheels, each labeled with its corresponding trim level and specifications. The wheels include:\n1. **LE Hybrid 16-in. steel wheel with wheel cover**: A standard steel wheel with a protective cover.\n2. **LE 17-in. alloy wheel**: A sleek alloy wheel suitable for the LE trim.\n3. **XLE, XLE V6, and XLE Hybrid 18-in. dark gray machined-finish alloy wheel**: A premium alloy wheel with a dark gray machined finish.\n4. **SE and SE Hybrid 18-in. black machined-finish alloy wheel**: A bold black machined-finish alloy wheel for the SE trim.\n5. **SE Nightshade 19-in. TRD matte bronze-finished alloy wheel**: A distinctive matte bronze-finished alloy wheel for the SE Nightshade trim.\n6. **XSE, XSE V6, and XSE Hybrid 19-in. gloss-black alloy wheel**: A glossy black alloy wheel for the XSE trim.\n7. **19-in. TRD matte-black alloy wheel**: A matte-black alloy wheel designed for the TRD package.\n</image_summary>\n\nEach wheel image is accompanied by a brief description below it, specifying the trim level(s) it is associated with and highlighting its unique features such as size, material, and finish. This visual presentation allows potential buyers to easily compare and choose the wheel that best suits their preferences.\n</summary>"
    },
    "15": {
      "summary": "<summary>\nThis page discusses Toyota Camry accessories, highlighting various customization options to enhance the vehicle's appearance and functionality. It mentions that not all accessories may be available locally and directs readers to toyota.com/camry/accessories for a complete list. The page features several images showcasing different accessories, including all-weather floor liners, blackout emblem overlays, cargo trays, illuminated doorsills, rear bumper appliqués, TRD matte-black alloy wheels, TRD carpet floor mats, TRD carpet trunk mats, and TRD shift knobs. Additionally, the page includes a section on warranties, detailing coverage periods and conditions for both the vehicle and its accessories.\n\n<image_summary>The first row of images shows all-weather floor liners, blackout emblem overlays, and a cargo tray, emphasizing durability and style enhancements.</image_summary>\n\n<image_summary>The second row of images displays illuminated doorsills, a rear bumper appliqué, and 19-inch TRD matte-black alloy wheels, focusing on aesthetic and performance upgrades.</image_summary>\n\n<image_summary>The third row of images highlights TRD carpet floor mats, a TRD carpet trunk mat, and a TRD shift knob, showcasing interior customization options.</image_summary>\n\nThe warranty section outlines the standard coverage for Toyota vehicles and specifies additional coverage for genuine Toyota accessories purchased at the time of the new vehicle purchase, which matches the New Vehicle Limited Warranty. Accessories purchased later have a 12-month warranty, whichever provides greater coverage. The section also mentions potential transportation assistance under warranty conditions and directs readers to further resources for detailed warranty information.\n</summary>"
    },
    "16": {
      "summary": "<summary>\nThis page provides a detailed comparison of exterior features across various models and trims of the Camry vehicle. The features are categorized under \"Exterior\" and include a wide range of options such as headlights, taillights, grilles, mirrors, wheels, spoilers, exhaust systems, and antennas. Each feature is marked as \"S\" for Standard, \"O\" for Optional, or \"P\" for Available as part of a package, depending on the specific trim level. The page covers multiple trims, including LE, XLE, SE, XSE, TRD, Hybrid variants, and Nightshade editions.\n\n<table_summary>\nThe entire page functions as a large table comparing exterior features across different Camry trims. The rows list individual features, while the columns represent the various trims (e.g., LE, XLE, SE, XSE, TRD, Hybrid, Nightshade). Each cell indicates whether a feature is standard (\"S\"), optional (\"O\"), or available as part of a package (\"P\") for that particular trim.\n</table_summary>\n\n<figure_summary>\nThere are no figures, charts, or graphs on this page. The information is entirely presented in tabular format.\n</figure_summary>\n\n<image_summary>\nThere are no images, illustrations, or photographs on this page. The content is purely textual and tabular.\n</image_summary>\n\nNotable features include LED headlights with auto on/off, daytime running lights, various grille designs, heated power mirrors, alloy wheels of different sizes and finishes, and various spoiler and exhaust configurations. The page also highlights model-specific features like the TRD's matte-black center cap, dual chrome tips, and black rear spoiler, as well as Hybrid-specific features such as the color-keyed sport side rocker panels. Footnotes are referenced at the bottom, directing readers to the Disclosures section for additional details.\n</summary>"
    },
    "17": {
      "summary": "<summary>\nThis page provides a detailed comparison of interior features across various models of the Camry, including LE, XLE, XLE V6, SE Nightshade, XSE, XSE V6, TRD, LE Hybrid, SE Hybrid, SE Hybrid Nightshade, XLE Hybrid, and XSE Hybrid. The features listed include climate control systems, smartphone charging capabilities, multi-information displays (MID), tire pressure monitoring systems (TPMS), seat trims, seat adjustments, and heating/ventilation options. The table uses \"S\" for standard features, \"P\" for optional features, and \"O\" for features available as part of a package.\n\n<table_summary>\nThe table compares the availability of various interior features across different Camry models. It includes details such as single-zone and dual-zone automatic climate control, Qi-compatible wireless smartphone charging, different configurations of the 4.2-in. TFT Multi-Information Display (MID) with various functionalities like odometer, fuel economy, TPMS, and warning messages, tire pressure monitoring systems, seat trims (fabric, Sport SofTex, leather), seat adjustments, heated seats, and rear seat features. The table clearly indicates which features are standard (\"S\"), optional (\"P\"), or available as part of a package (\"O\") for each model.\n</table_summary>\n\n<image_summary>\nThere are no images or illustrations present on this page. The content is entirely tabular and textual.\n</image_summary>\n\nNotable features include:\n- The inclusion of dual-zone automatic climate control with air filters and rear-seat vents in higher-end models.\n- The availability of Qi-compatible wireless smartphone charging with a charge indicator light in most models.\n- The presence of advanced MIDs with customizable settings, hybrid system information, and energy monitors in certain models.\n- The differentiation between fabric, Sport SofTex, and leather seat trims across models.\n- The availability of multi-stage heated front seats and multi-stage heated and ventilated front seats in select models.\n- The inclusion of fixed rear seats and rear adjustable headrests in all models.\n\nFootnotes are referenced at the bottom of the page, directing readers to the Disclosures section for additional information.\n</summary>"
    },
    "18": {
      "summary": "<summary>\nThis page provides a detailed comparison of interior features across various Toyota Camry trims, including LE, XLE, XLE V6, SE Nightshade, XSE, XSE V6, TRD, LE Hybrid, SE Hybrid, SE Hybrid Nightshade, XLE Hybrid, and XSE Hybrid. The features listed include seating options, advanced driver-assistance systems, steering wheel configurations, display technologies, climate controls, interior materials, and convenience features. The table uses \"S\" for standard, \"O\" for optional, and \"P\" for available as part of a package to indicate feature availability across the trims.\n\n<table_summary>\nThe table compares the interior features of different Camry trims, highlighting which features are standard, optional, or part of a package for each model. It covers a wide range of features such as rear seat configuration, radar cruise control, steering wheel types, head-up displays, interior trim materials, and various convenience systems like remote entry and power windows.\n</table_summary>\n\n<figure_summary>\nThere are no figures or charts present on this page. The information is entirely conveyed through the table and textual descriptions.\n</figure_summary>\n\n<image_summary>\nThere are no images, illustrations, or photographs on this page. The content is purely textual and tabular.\n</image_summary>\n</summary>"
    },
    "19": {
      "summary": "<summary>\nThis page provides a detailed comparison of features across various Toyota Camry models, including interior specifications, audio multimedia options, and connected services. The table uses a color-coded system where \"S\" indicates standard features, \"O\" indicates optional features, and \"P\" indicates features available as part of a package. The page is divided into three main sections: Interior, Audio Multimedia, and Connected Services.\n\n### Interior Features\nThe interior section lists features such as overhead consoles with maplights, sunglasses storage, HomeLink universal transceivers, covered center consoles, LED-lit glove compartments, USB ports, dual sun visors, ambient lighting, cup holders, bottle holders, and an electric parking brake with Brake Hold functionality. These features vary in availability depending on the model, with some being standard across all models while others are optional or part of a package.\n\n### Audio Multimedia\nThis section describes the audio systems available for different Camry models. It includes options like a 7-inch touchscreen with six speakers, Android Auto™, Apple CarPlay®, and SiriusXM® compatibility, along with a 3-month Platinum Plan trial subscription. Higher-end models offer upgraded systems, such as a 9-inch touchscreen with nine JBL speakers, a subwoofer, and amplifier. All audio features are dependent on a 4G network.\n\n### Connected Services\nThe final section outlines various connected services, including Safety Connect™, Service Connect, Remote Connect, and Wi-Fi Connect. Safety Connect™ offers emergency assistance, roadside support, automatic collision notification, and stolen vehicle locator, requiring a subscription. Service Connect provides maintenance updates and vehicle health reports, also requiring a subscription after a 10-year trial. Remote Connect allows users to interact with their vehicle via a smartwatch, while Wi-Fi Connect offers an AT&T Wi-Fi hotspot, both requiring subscriptions after trials.\n\n#### Visual Elements:\n- **Table Summary**: The entire page is dominated by a large table comparing features across different Camry models (LE, XLE, XLE V6, SE Nightshade, XSE, XSE V6, TRD, LE Hybrid, SE Hybrid, SE Hybrid Nightshade, XLE Hybrid, XSE Hybrid). Each row represents a feature, and each column corresponds to a specific model, indicating whether the feature is standard, optional, or part of a package.\n\n</summary>"
    },
    "20": {
      "summary": "<summary>\nThis page provides a detailed comparison of safety and convenience features across various models of the Toyota Camry. It includes a table that lists features such as airbags, seatbelt systems, child safety features, collision sensors, and advanced driver-assistance systems (ADAS). The table uses \"S\" to denote standard features, \"P\" for optional features, and indicates when features are available as part of a package. Key features include the Star Safety System™, which encompasses multiple active safety technologies like VSC, TRAC, ABS, EBD, BA, and SST. Additionally, it highlights the availability of Toyota Safety Sense™ 2.5+ (TSS 2.5+) in certain models, which includes Pre-Collision System with Pedestrian Detection, Lane Departure Alert with Steering Assist, Automatic High Beams, Lane Tracing Assist, Road Sign Assist, and Dynamic Radar Cruise Control. Other notable features listed are Blind Spot Monitor with Rear Cross-Traffic Alert, Front and Rear Parking Assist, Hill Start Assist Control, an anti-theft system, and integrated backup cameras with dynamic gridlines.\n\n<table_summary>\nThe table compares safety and convenience features across different Camry trims (LE, XLE, SE, XSE, TRD, LE Hybrid, SE Hybrid, XLE Hybrid, XSE Hybrid). Each row represents a feature, and columns indicate its availability (\"S\" for standard, \"P\" for optional, or part of a package) for each trim level. Features range from basic safety equipment like airbags and seatbelts to advanced ADAS systems and convenience features like parking assist and hill start control.\n</table_summary>\n\n<image_summary>\nAn icon representing the Star Safety System™ is included at the top left of the page, visually emphasizing the importance of this suite of safety features.\n</image_summary>\n</summary>"
    },
    "21": {
      "summary": "<summary>\nThis page provides a detailed breakdown of features available across various packages and trims of the Camry model. It categorizes features into different packages such as Convenience Package, Audio Upgrade Package, Navigation Upgrade Package, Driver Assist Package, Cold Weather Package, and others. Each feature is marked as \"S\" (Standard), \"O\" (Optional), or \"P\" (Available as part of a package) for each trim level, including LE, XLE, XLE V6, SE, SE Nightshade, XSE, XSE V6, TRD, LE Hybrid, SE Hybrid, SE Hybrid Nightshade, XLE Hybrid, and XSE Hybrid. The page also includes footnotes for additional details about certain features.\n\n<table_summary>\nThe entire page functions as a large table, summarizing the availability of various features across different Camry trims and packages. Each row represents a feature or package, while columns correspond to the different trims. The table uses symbols (\"S,\" \"O,\" \"P\") to indicate the status of each feature for each trim level.\n</table_summary>\n\n<figure_summary>\nThere are no explicit figures, charts, or diagrams on this page. The information is presented entirely in tabular format.\n</figure_summary>\n\n<image_summary>\nThere are no images, photos, or illustrations on this page. The content is purely textual and tabular.\n</image_summary>\n</summary>"
    },
    "22": {
      "summary": "<summary>\nThis page provides detailed mechanical and performance specifications for various models of the Camry, including engine types, emission ratings, electric motor details, and hybrid system components. The specifications are organized into sections such as \"ENGINE,\" \"COMPRESSION RATIO,\" \"EMISSION RATING,\" \"ELECTRIC MOTOR,\" and \"TRACTION BATTERY.\" Each section compares different Camry trims, indicating whether features are standard (\"S\") or optional (\"O\").\n\n- **ENGINE**: Lists multiple engine options, including 2.5-liter Dynamic Force 4-cylinder engines with Dual Variable Valve Timing (VVT-i) and a 3.5-liter V6 DOHC engine. The 2.5-liter engines offer Eco, Normal, and Sport drive modes, while the 3.5-liter engine provides higher horsepower and torque. Hybrid models feature a 2.5-liter Dynamic Force 4-cylinder engine paired with an electric motor, offering additional EV drive modes.\n\n- **COMPRESSION RATIO**: Specifies the compression ratios for each engine type, ranging from 13.0:1 to 14.0:1, depending on the model.\n\n- **EMISSION RATING**: Indicates that all listed models meet Super Ultra Low Emission Vehicle (SULEV) standards, with some also classified as Ultra Low Emission Vehicles (ULEV).\n\n- **ELECTRIC MOTOR**: Details the power output (118 HP / 88 kW), torque (149 lb.-ft.), and voltage (650V max.) for the hybrid models.\n\n- **TRACTION BATTERY**: Highlights the use of a sealed Lithium-ion (LI) battery with a consistent voltage of 259.0V across all hybrid models.\n\n- **HYBRID SYSTEM NET POWER**: Confirms that all hybrid models have a net system power of 208 HP.\n\nThe page uses a tabular format to compare specifications across different Camry trims, making it easy to identify which features are included in each model.\n\n<table_summary>\nThe table summarizes the mechanical and performance specifications for various Camry trims, comparing engine types, emission ratings, electric motor details, and hybrid system components. It uses \"S\" for standard features and \"O\" for optional features, providing a clear comparison across models.\n</table_summary>\n\n<figure_summary>\nNo explicit figures, charts, or diagrams are present on this page. The information is conveyed entirely through text and tables.\n</figure_summary>\n\n<image_summary>\nNo images, photos, or illustrations are present on this page. The content is purely textual and tabular.\n</image_summary>\n</summary>"
    },
    "23": {
      "summary": "<summary>\nThis page provides detailed specifications for various models of the Camry, comparing features across different trims such as LE, XLE, SE Nightshade, XSE V6, TRD, LE Hybrid, SE Hybrid, SE Hybrid Nightshade, XLE Hybrid, and XSE Hybrid. The specifications cover transmission types, drivetrain configurations, body construction, suspension systems, steering, and braking systems. Key differences include the availability of All-Wheel Drive (AWD) in certain trims, advanced suspension tuning in the TRD model, and enhanced braking systems with dual-piston calipers in higher-end trims.\n\n<table_summary>\nThe table compares the standard (\"S\") and optional (\"O\") features across all Camry trims. It includes details on transmission types (e.g., Direct Shift-8AT, ECT-i, ECVT), drivetrain options (FWD, AWD), body construction features (e.g., anti-vibration sub-frames, increased-thickness underbody braces), suspension setups (e.g., MacPherson struts, multi-link rear suspension), steering systems (Electric Power Steering), turning circle diameters, and brake specifications (e.g., ventilated disc brakes, Star Safety System™).\n</table_summary>\n\n<figure_summary>\nNo explicit figures, charts, or diagrams are present on this page. The information is conveyed entirely through the comparative table and descriptive text.\n</figure_summary>\n\n<image_summary>\nNo images, photos, or illustrations are included on this page. The content relies solely on textual and tabular data.\n</image_summary>\n\nNotable features include the availability of hybrid powertrains across multiple trims, advanced suspension tuning in the TRD model, and enhanced braking systems with dual-piston calipers in select higher-end trims. The table also highlights variations in turning circle diameters based on whether the vehicle is equipped with AWD.\n</summary>"
    },
    "24": {
      "summary": "<summary>\nThis page provides detailed specifications for various models of the Camry, including dimensions, weights, capacities, tire options, and mileage estimates. The specifications are organized into sections for clarity, comparing different trims such as LE, XLE, SE, XSE, TRD, Hybrid, and Nightshade variants.\n\n**Dimensions**: This section lists exterior and interior dimensions in inches for each model. Exterior dimensions include overall height, width, length, ground clearance, wheelbase, and track measurements. Interior dimensions cover headroom, shoulder room, hip room, and leg room, with variations noted for moonroof-equipped and AWD-equipped vehicles.\n\n**Weights and Capacities**: This section details curb weight (in pounds), EPA passenger volume (in cubic feet), cargo volume (with rear seats up), fuel tank capacity (in gallons), and seating capacity. Variations are noted for AWD-equipped and moonroof-equipped models.\n\n**Tires**: Information on tire types is provided, indicating whether they are standard (S) or optional (O). All-season tires are standard across most models, while summer tires are optional only for certain trims.\n\n**Mileage Estimates**: Mileage estimates are given in miles per gallon (mpg) for city, highway, and combined driving conditions. Separate estimates are provided for front-wheel drive (FWD) and all-wheel drive (AWD) configurations.\n\n<table_summary>\nThe page contains multiple tables summarizing the specifications:\n- **Table 1**: Dimensions (Exterior and Interior) – Compares height, width, length, ground clearance, wheelbase, track, headroom, shoulder room, hip room, and leg room across different trims.\n- **Table 2**: Weights and Capacities – Lists curb weight, EPA passenger volume, cargo volume, fuel tank capacity, and seating capacity for each trim.\n- **Table 3**: Tires – Indicates standard and optional tire types for each trim.\n- **Table 4**: Mileage Estimates – Provides mpg estimates for FWD and AWD configurations across different trims.\n</table_summary>\n\nNo figures, charts, diagrams, or images are present on this page. The focus is entirely on tabular data and textual information.\n</summary>"
    },
    "25": {
      "summary": "<summary>\nThis page contains detailed disclosures related to various features and services offered by Toyota vehicles, including fuel economy estimates, connected services, safety features, and operational limitations. The text outlines EPA-estimated fuel economy ratings for different Camry models, emphasizing that actual mileage may vary based on driving conditions and vehicle usage. It also discusses the availability and functionality of Toyota's Connected Services, which depend on factors such as network availability, GPS signal, and cellular connection. The page highlights the terms of use, data collection practices, and privacy notices for these services, directing readers to Toyota's official websites for more information. Additionally, it covers various safety features like Safety Connect, Dynamic Navigation, Lane Departure Alert, and Automatic High Beams, along with their operational constraints and limitations. The text also mentions third-party services like SiriusXM, Google services, and Bluetooth connectivity, providing trademark information and usage guidelines. Finally, it addresses limitations of certain features, such as Airbags, Tire Pressure Monitor System, and Parking Assist, emphasizing the importance of understanding their capabilities and restrictions.\n\nThere are no tables, figures, or images present on this page. The content is entirely textual, focusing on providing comprehensive disclosures and disclaimers regarding vehicle features and services.\n\n</summary>"
    },
    "26": {
      "summary": "<summary>\nThe page titled \"DISCLOSURES\" provides detailed information about various vehicle features, limitations, and customer service programs offered by Toyota. It emphasizes that certain systems like Brake Hold, Vehicle Stability Control (VSC), Smart Stop Technology, Whiplash-Injury-Lessening front seats, Hill Start Assist Control, and Rear-Seat Reminder have specific limitations and are not substitutes for safe driving practices. The text also mentions ToyotaCare, which offers maintenance coverage for two years or 25,000 miles, along with Roadside Assistance. Additionally, it highlights that vehicles may vary in options and packages based on region and availability, and advises customers to consult their local Toyota dealer for specifics. The page concludes with a note about the potential variation in vehicle appearance due to lighting and viewing formats, and directs readers to contact Toyota for more information on mobility programs.\n\nThere are no tables, figures, or images present on this page. The only visual element is the Toyota Mobility logo at the bottom right corner, accompanied by contact information for program details.\n\n</summary>"
    }
  }
}