{
  "doc_id": "catvsdogdlpycon15se-150512122612-lva1-app6891_95.pdf",
  "pages": {
    "1": {
      "summary": "<summary>\nThis page is a title slide for a presentation titled \"Deep Learning: and Deep Data Science\" by Roelof Pieters, delivered at PyCon Sweden on 12 May 2015. The slide includes contact information for Roelof Pieters, such as his email addresses (`roelof@kth.se` and `roelof@graph-technologies.com`) and a link to his website (`www.csc.kth.se/~roelof/`). It also mentions affiliation with KTH Royal Institute of Technology and Graph Technologies R&D. The slides are available online via a provided Slideshare link. A central visual element features an image of a cat and a dog facing each other, labeled \"CAT vs DOG,\" symbolizing a common example used in machine learning and deep learning contexts.\n\n<image_summary>The central image shows a cat and a dog facing each other against a yellow background with a dotted pattern. The words \"CAT vs DOG\" are written below them, emphasizing a classic binary classification problem often used in deep learning examples.</image_summary>\n\nThe slide serves as an introduction to the presentation, setting the stage for discussions on deep learning and data science, likely using the \"cat vs dog\" theme as a recurring example throughout the talk.\n</summary>"
    },
    "2": {
      "summary": "<summary>\nThe page poses a humorous question: \"But first... are you a CAT PERSON? or DOG PERSON?\" It uses two contrasting images to illustrate the choice between cats and dogs. On the left, there is an image of a person holding two cats, emphasizing the \"cat person\" side. On the right, there is an image of a dog with a human face, humorously representing the \"dog person\" side.\n\n<image_summary>Left Image: A person wearing a blue shirt is holding two gray tabby cats, symbolizing the \"cat person\" preference.</image_summary>\n\n<image_summary>Right Image: A dog with a human face, symbolizing the \"dog person\" preference in a playful and humorous manner.</image_summary>\n</summary>"
    },
    "3": {
      "summary": "<summary>\nThe page introduces an activity where a \"Cat vs Dog Detector\" will be created in the next few minutes. The text is prominently displayed against a bright green background with a yellow polka-dot pattern. The central focus is a side-by-side comparison of a cat and a dog, emphasizing the theme of contrasting the two animals.\n\n<image_summary>The image features a close-up of a cat on the left and a dog on the right, both facing each other. The cat has a tabby coat with white markings, while the dog appears to be a Jack Russell Terrier with brown and white fur. Their expressions are neutral, and they are set against a vibrant yellow polka-dot background, which adds a playful and engaging visual element.</image_summary>\n\nThe overall tone suggests an interactive and educational activity centered around distinguishing between cats and dogs, likely aimed at children or beginners learning about animals.\n</summary>"
    },
    "4": {
      "summary": "<summary>\nThe page titled \"main Libraries\" focuses on introducing key Python libraries used in machine learning and deep learning. It lists four primary libraries along with their purposes and links to their respective websites:\n\n1. **scikit-learn**: A library for machine learning, providing tools for data analysis and modeling. The link provided is [http://scikit-learn.org](http://scikit-learn.org).\n2. **caffe**: A deep learning framework designed for training deep neural networks, with a note indicating its current use for loading pre-trained models. The link provided is [http://caffe.berkeleyvision.org](http://caffe.berkeleyvision.org).\n3. **theano**: A library for efficient GPU-powered mathematical computations, commonly used in deep learning. The link provided is [http://www.deeplearning.net/software/theano/](http://www.deeplearning.net/software/theano/).\n4. **ipython notebook**: An interactive computing environment that allows users to create and share documents containing live code, equations, visualizations, and narrative text. The link provided is [http://ipython.org/notebook.html](http://ipython.org/notebook.html).\n\nThe page also features the Python logo in the top-right corner, emphasizing the Python programming language's relevance to these libraries.\n\n</summary>"
    },
    "5": {
      "summary": "<summary>\nThe page provides an overview of scikit-learn, a popular Python library for machine learning. It highlights scikit-learn's features, including its simplicity, efficiency, accessibility, open-source nature, and compatibility with libraries like NumPy, SciPy, and Matplotlib. The page is organized into sections detailing key machine learning tasks: Classification, Regression, Clustering, Dimensionality Reduction, Model Selection, and Preprocessing. Each section explains the task's purpose, applications, relevant algorithms, and associated modules or examples.\n\n<figure_summary>Figure 1: A grid of visualizations showcasing various classification algorithms (e.g., Nearest Neighbors, Linear SVM, Decision Tree, Random Forest, AdaBoost) applied to different datasets. Each cell in the grid displays decision boundaries and data points, illustrating how different algorithms separate classes.</figure_summary>\n\nThe page emphasizes scikit-learn's versatility and ease of use, making it suitable for a wide range of applications such as spam detection, stock price prediction, customer segmentation, and more. It also mentions the availability of examples for each topic, encouraging users to explore practical implementations.\n</summary>"
    },
    "6": {
      "summary": "<summary>\nThe page provides an overview of Caffe, a deep learning framework developed by the Berkeley Vision and Learning Center (BVLC). It highlights that Caffe was created by Yangqing Jia during his PhD at UC Berkeley and is now led by Evan Shelhamer. The framework is released under the BSD 2-Clause license and emphasizes expressiveness, speed, and modularity. Key features include an expressive architecture that allows models and optimizations to be defined via configuration files, enabling easy switching between CPU and GPU training. Caffe's extensible code has attracted over 1,000 contributors in its first year, ensuring it stays at the forefront of research and development. The framework is noted for its high speed, processing over 60 million images per day with a single NVIDIA K40 GPU, making it suitable for both research experiments and industry deployment. Caffe powers various applications in vision, speech, and multimedia, and users are encouraged to join the community through the caffe-users group and GitHub.\n\nThere are no tables, figures, or images present on this page.\n</summary>"
    },
    "7": {
      "summary": "<summary>\nThe page introduces Theano, a Python library designed for efficiently defining, optimizing, and evaluating mathematical expressions involving multi-dimensional arrays. Key features highlighted include tight integration with NumPy, transparent GPU usage for up to 140x faster calculations (float32 only), efficient symbolic differentiation, speed and stability optimizations, dynamic C code generation, and extensive unit testing and self-verification. The document notes that Theano has been used in large-scale scientific investigations since 2007 and is also accessible for educational purposes, such as in the IFT6266 course at the University of Montreal. The \"News\" section mentions support for cuDNN if installed by the user, references an Open Machine Learning Workshop presentation, Colin Raffel's tutorial, and Ian Goodfellow's 12-hour class with exercises on Theano.\n\n<figure_summary>Figure 1: The logo \"theano\" is prominently displayed on the right side of the page, serving as a visual identifier for the library.</figure_summary>\n\n<image_summary>No additional images or illustrations are present on this page beyond the logo.</image_summary>\n\nThe right sidebar contains a \"Table Of Contents\" listing sections like \"Welcome,\" \"Download,\" \"Status,\" \"Citing Theano,\" \"Documentation,\" and \"Community.\" It also includes navigation links for \"Next topic,\" \"Release Notes,\" and \"This Page,\" along with options to \"Show Source\" and perform a \"Quick search\" for terms or module/class/function names.\n</summary>"
    },
    "8": {
      "summary": "<summary>\nThe page introduces the IPython Notebook, an interactive computational environment designed for combining code execution, rich text, mathematics, plots, and media. It highlights the notebook's capabilities through an example session demonstrating simple spectral analysis using Python code and visualizations. The IPython Notebook aims to serve as a versatile tool for exploratory computation and data analysis, supporting reproducible research by storing all inputs and outputs in a single document format.\n\n<image_summary>The central image shows a screenshot of an IPython Notebook interface. It includes code cells performing spectral analysis, mathematical equations, and two plots: one displaying a raw audio signal waveform and another showing its spectrogram. This visual example illustrates how the notebook integrates code, text, and visualizations seamlessly.</image_summary>\n\n<figure_summary>Figure 1: Spectral Analysis Example. This figure demonstrates the process of loading an audio file, applying the Discrete Fourier Transform (DFT) for spectral analysis, and visualizing the results. The left plot shows the raw audio signal, while the right plot displays the spectrogram, highlighting frequency content over time.</figure_summary>\n\nOn the right side of the page, there are sections providing additional resources:\n- **VERSIONS**: Lists available versions of IPython, including \"Stable\" version 3.1 released in April 2015 and the \"Development\" version 4.0.dev, with links to install or access them via GitHub.\n- **OFFLINE DOCS**: Offers access to offline documentation for all versions of IPython, also linked to GitHub.\n- **NOTEBOOK VIEWER**: Encourages users to share their notebooks, accompanied by a small bar chart visualization showcasing usage statistics or community engagement.\n\nOverall, the page emphasizes the IPython Notebook's role as a powerful tool for interactive computing and reproducible research, supported by practical examples and supplementary resources.\n</summary>"
    },
    "9": {
      "summary": "<summary>\nThe page features a playful and humorous illustration of a cartoon bear sitting upright. The bear has a friendly expression and is accompanied by a speech bubble containing the text \"Code is ahead, soon... I promise :)\" in red. Below the bear, large, bold, red letters spell out \"BEAR WITH ME,\" which is a pun combining the literal meaning of the word \"bear\" with the phrase \"bear with me,\" meaning \"please be patient.\" The overall tone of the image is light-hearted and intended to reassure the viewer that technical content (code) will follow shortly.\n\n<image_summary>The image is a simple, colorful cartoon featuring a brown bear with a cheerful expression. The bear is seated and facing forward, with its paws resting on its legs. A speech bubble above the bear contains the text \"Code is ahead, soon... I promise :)\", written in red. The background is plain white, emphasizing the bear and the text.</image_summary>\n</summary>"
    },
    "10": {
      "summary": "<summary>\nThe page introduces the concept of data science with a quote by Hilary Mason and Chris Wiggins from 2010, defining it as \"a blend of the hackers' art, statistics, and machine learning.\" The text emphasizes the interdisciplinary nature of data science, highlighting its integration of various fields. The background is a vibrant pink, which adds a visually striking element to the presentation.\n\n<image_summary>The image features a bold, eye-catching design with a bright pink background. The title \"Data Science?\" is prominently displayed at the top in large white letters, followed by the quote in green and white text. The attribution to Hilary Mason and Chris Wiggins is placed at the bottom in white text.</image_summary>\n</summary>"
    },
    "11": {
      "summary": "<summary>\nThe page features a Venn diagram illustrating the intersection of three key areas: \"Hacking Skills,\" \"Math & Statistics Knowledge,\" and \"Substantive Expertise.\" The diagram visually represents how these areas overlap and contribute to different fields or disciplines. The overlapping sections highlight the combination of skills and knowledge required for various domains, such as \"Machine Learning\" in the intersection of \"Hacking Skills\" and \"Math & Statistics Knowledge,\" and \"Traditional Research\" in the intersection of \"Math & Statistics Knowledge\" and \"Substantive Expertise.\" Notably, the area where only \"Hacking Skills\" and \"Substantive Expertise\" overlap is labeled \"Danger Zone!\" indicating potential pitfalls when lacking mathematical and statistical knowledge. The diagram is credited to Drew Conway (2010).\n\n<figure_summary>Figure 1: A Venn diagram showing the intersection of \"Hacking Skills,\" \"Math & Statistics Knowledge,\" and \"Substantive Expertise.\" The diagram uses colored circles to represent each area and highlights the intersections, which correspond to different fields like Machine Learning, Data Science, and Traditional Research. The \"Danger Zone!\" label emphasizes the risks of combining hacking skills and substantive expertise without sufficient math and statistics knowledge.</figure_summary>\n\n</summary>"
    },
    "12": {
      "summary": "<summary>\nThe page presents a simple yet engaging visual metaphor to convey the idea that \"Features = Awesomeness.\" The text at the top reads \"> Features = Awesomeness\" in blue, suggesting that an increase in features leads to greater awesomeness. Below this text, there is a horizontal line with six cute, cartoon-style animal faces (dogs and cats) lined up, representing \"1 feature.\" This visual emphasizes the concept of adding features incrementally to achieve awesomeness.\n\n<image_summary>The image consists of a horizontal line with six cartoon animal faces (a mix of dogs and cats) arranged side by side. Each face has a friendly expression, contributing to a playful and approachable tone. The text \"1 feature\" below the line reinforces the idea that each face represents a single feature.</image_summary>\n</summary>"
    },
    "13": {
      "summary": "<summary>\nThe page illustrates the concept of \"Features = Awesomeness\" using simple visual metaphors involving cartoon dogs and cats. It demonstrates how increasing the number of features can lead to more complex and potentially more useful representations. The top section shows a linear arrangement of alternating dogs and cats labeled as \"1 feature,\" representing a one-dimensional feature space. The bottom section depicts a two-dimensional grid labeled \"Feature 1\" and \"Feature 2,\" where the same dogs and cats are scattered across the grid, illustrating a more nuanced separation based on two features.\n\n<figure_summary>Figure 1: A horizontal line with alternating cartoon dogs and cats, labeled \"1 feature.\" This represents a one-dimensional feature space where the animals are differentiated along a single axis.</figure_summary>\n\n<figure_summary>Figure 2: A two-dimensional grid with the same cartoon dogs and cats distributed across it, labeled \"Feature 1\" and \"Feature 2.\" This represents a more complex feature space where the animals are differentiated based on two axes, allowing for better separation and classification.</figure_summary>\n\nThe overall message emphasizes that adding more features can enhance the ability to distinguish and categorize data, leading to increased awesomeness in terms of representation and utility.\n</summary>"
    },
    "14": {
      "summary": "<summary>\nThe page illustrates the concept of feature dimensions in machine learning using simple, cartoon-like representations of dogs and cats. It compares scenarios with different numbers of features to explain how insufficient features can lead to overfitting.\n\n<figure_summary>Figure 1: This figure shows a one-dimensional scenario labeled \"1 feature,\" where dogs and cats are represented along a single axis. The simplicity of this representation suggests limited differentiation between the two classes.</figure_summary>\n\n<figure_summary>Figure 2: This figure depicts a two-dimensional scenario labeled \"2 features,\" where dogs and cats are plotted on a grid defined by \"Feature 1\" and \"Feature 2.\" Green regions indicate classification boundaries, showing how adding another feature allows for better separation of the classes but still highlights potential overfitting due to too few dimensions.</figure_summary>\n\nThe text below the figures emphasizes the issue of \"too few features/dimensions = overfitting,\" indicating that while increasing features helps, having too few can result in models that fit the training data too closely, failing to generalize well to new data.\n</summary>"
    },
    "15": {
      "summary": "<summary>\nThe page illustrates the concept of feature dimensions in machine learning and how increasing the number of features can improve model performance while avoiding overfitting. It uses a playful analogy with cartoon dogs and cats to represent data points and demonstrates the effect of different numbers of features on classification.\n\n<figure_summary>Figure 1: A one-dimensional representation (\"1 feature\") showing dogs and cats aligned along a single axis, indicating limited separation between classes.</figure_summary>\n\n<figure_summary>Figure 2: A two-dimensional representation (\"2 features\") where dogs and cats are plotted on a grid, showing better separation but still some overlap, suggesting potential overfitting due to too few features.</figure_summary>\n\n<figure_summary>Figure 3: A three-dimensional representation (\"3 features\") depicting dogs and cats distributed in a 3D space, illustrating improved separation and reduced risk of overfitting compared to lower dimensions.</figure_summary>\n\nThe text at the top, \"Features = Awesomeness,\" emphasizes the positive impact of adding more features. The bottom note, \"too few features/dimensions = overfitting,\" highlights the trade-off and importance of balancing feature complexity to avoid overfitting.\n</summary>"
    },
    "16": {
      "summary": "<summary>\nThe page illustrates the concept of increasing dimensionality in feature space using a playful example of cats and dogs. The title \"More Features = Awesomeness!\" emphasizes the idea that adding more features can improve classification or separation. The page is divided into three sections, each representing a different number of features:\n\n- **1 feature**: A one-dimensional line where cats and dogs are mixed together, making it difficult to distinguish between them.\n- **2 features**: A two-dimensional grid where cats and dogs are separated into distinct clusters using two features (labeled as Feature 1 and Feature 2). This improves the ability to differentiate between the two groups.\n- **3 features**: A three-dimensional cube where cats and dogs are further separated into distinct regions using three features (labeled as Feature 1, Feature 2, and Feature 3). This provides even better separation and classification.\n\nThe use of cute cartoon-style cat and dog faces adds a visual appeal and makes the concept more accessible.\n\n<figure_summary>Figure 1: A one-dimensional representation showing cats and dogs mixed together, illustrating the challenge of distinguishing between them with only one feature.</figure_summary>\n\n<figure_summary>Figure 2: A two-dimensional grid showing cats and dogs separated into distinct clusters using two features, demonstrating improved classification.</figure_summary>\n\n<figure_summary>Figure 3: A three-dimensional cube showing cats and dogs further separated into distinct regions using three features, highlighting the benefits of higher-dimensional feature spaces.</figure_summary>\n</summary>"
    },
    "17": {
      "summary": "<summary>\nThe page discusses the concept of \"Data Needs also grow!\" using visual representations to illustrate how data requirements can expand in different dimensions. The title emphasizes the idea that data needs evolve over time, much like living organisms.\n\n<figure_summary>Figure 1: A one-dimensional representation of data growth. This figure shows a horizontal line with four cartoon dogs lying down, symbolizing a simple, linear increase in data needs.</figure_summary>\n\n<figure_summary>Figure 2: A two-dimensional representation of data growth. This figure depicts a square divided into smaller sections, with cartoon dogs and cats scattered across it. The red shaded area represents an increased portion of the data space, indicating a more complex, two-dimensional expansion of data needs.</figure_summary>\n\n<figure_summary>Figure 3: A three-dimensional representation of data growth. This figure illustrates a cube with a smaller red cube inside, surrounded by cartoon dogs and cats. The red cube represents a further increase in data complexity, showing how data needs can grow in multiple dimensions simultaneously.</figure_summary>\n\nThe visual progression from a one-dimensional line to a two-dimensional square and then to a three-dimensional cube effectively communicates the increasing complexity and scale of data requirements over time.\n</summary>"
    },
    "18": {
      "summary": "<summary>\nThe page features an illustrative diagram explaining the concept of a simple classifier in machine learning. The diagram uses a metaphorical representation of a sorting mechanism to classify images of dogs and cats. An input pipe labeled with a blue icon of a dog feeds into a \"SIMPLE CLASSIFIER\" box, which then branches into two output pipes labeled \"DOGS\" and \"CATS.\" The \"DOGS\" pipe leads to a green icon of a dog, indicating correct classification, while the \"CATS\" pipe remains empty, suggesting no cat was classified in this example. This visual effectively demonstrates how a classifier distinguishes between different categories based on input data.\n\n<image_summary>The image is a conceptual illustration showing a \"SIMPLE CLASSIFIER\" as a sorting mechanism. It includes a blue icon of a dog at the input, a central box labeled \"SIMPLE CLASSIFIER,\" and two output pipes labeled \"DOGS\" and \"CATS.\" The \"DOGS\" pipe ends with a green icon of a dog, indicating successful classification, while the \"CATS\" pipe remains unoccupied.</image_summary>\n\n</summary>"
    },
    "19": {
      "summary": "<summary>\nThe page features a single image that conveys a prohibition against using certain pet-related products or services. The central visual element is a red circle with a diagonal slash, which universally symbolizes \"no\" or \"prohibited.\" Inside this red circle, there is an illustration of a device labeled \"DIFFUSER,\" along with labels for \"CATS\" and \"DOGS,\" indicating that the diffuser is associated with pets. The presence of pet icons (a blue dog icon in the top left corner and a green dog icon in the bottom right corner) further emphasizes the context of pets. The overall message suggests that the use of the diffuser for cats and dogs is not allowed, likely due to safety or regulatory reasons. The image is credited to \"Dato.\"\n\n<image_summary>The image is a prohibition sign featuring a red circle with a diagonal slash over an illustration of a pet diffuser labeled \"DIFFUSER,\" with additional labels for \"CATS\" and \"DOGS.\" Pet icons (blue and green) are included, reinforcing the context of pets. The credit \"(picture by Dato)\" is noted at the bottom.</image_summary>\n</summary>"
    },
    "20": {
      "summary": "<summary>\nThe page introduces the concept of \"Deep Learning\" with a brief overview of its key characteristics. It highlights that deep learning is a collection of statistical machine learning techniques that enable the automatic learning of feature hierarchies, and it is generally based on artificial neural networks. The content is presented in a bullet-point format for clarity.\n\n<image_summary>The background is a solid pink color, and the text is white, making it highly readable. The title \"Deep Learning?\" is prominently displayed at the top, followed by three bullet points summarizing the main features of deep learning.</image_summary>\n</summary>"
    },
    "21": {
      "summary": "<summary>\nThe page features an illustration titled \"Deep Learning,\" which visually represents the concept of deep learning classification. The image depicts a machine labeled \"DEEP LEARNING CLASSIFIER\" with various input and output components. Input data, represented by orange cards with icons (e.g., an anchor, bicycle, apple, and cat), is fed into the classifier through a funnel-like structure. The classifier processes this data and produces outputs in the form of numbered tickets (e.g., 12, 13, 14), suggesting classification results. The machine has dials and labels indicating categories such as \"ANIMALS,\" \"PLANTS,\" \"FOOD,\" \"TOOLS,\" and \"INSECTS,\" emphasizing the classifier's ability to categorize diverse inputs.\n\n<image_summary>The image is a conceptual illustration showing how a deep learning classifier processes input data (icons on cards) and generates categorized outputs (numbered tickets). It uses a machine metaphor to simplify the complex process of deep learning.</image_summary>\n</summary>"
    },
    "22": {
      "summary": "<summary>\nThe page discusses the concept of deep learning, highlighting its advantages over manually designed features. It emphasizes that manually designed features are often over-specified, incomplete, and time-consuming to develop and validate. In contrast, learned features in deep learning are adaptable and quickly learned. Deep learning offers a flexible and universal framework for representing various types of information, including world, visual, and linguistic data. Additionally, it can learn both unsupervised (from raw data like text, audio, or images) and supervised (with labeled data such as positive/negative classifications). The content is summarized by Richard Socher in 2014.\n\n<image_summary>The background is a solid pink color, and the text is presented in white with bullet points. The title \"Deep Learning?\" is prominently displayed at the top in a larger font size. Key terms like \"Learned Features,\" \"unsupervised,\" and \"supervised\" are underlined for emphasis.</image_summary>\n</summary>"
    },
    "23": {
      "summary": "<summary>\nThe page is titled \"2006+: The Deep Learning Conspirators\" and highlights key figures and institutions involved in the development of deep learning technologies after 2006. It emphasizes contributions to specific areas such as Stacked Autoencoders, Restricted Boltzmann Machines, and Sparse Representations. The page includes photographs of three prominent researchers—Hinton, Bengio, and LeCun—and associates them with their respective contributions and affiliations. Hinton is linked to the University of Toronto and Google, focusing on Restricted Boltzmann Machines. Bengio is associated with Université de Montréal and Stacked Autoencoders. LeCun is connected to New York University and Facebook, highlighting his work on Sparse Representations. The background features a map of North America, suggesting the geographical context of these contributions.\n\n<image_summary>The page contains photographs of three individuals: Hinton, Bengio, and LeCun, each labeled with their names and associated contributions.</image_summary>\n\n<image_summary>A map of North America serves as the background, providing a geographical context for the locations of the institutions mentioned.</image_summary>\n\n<image_summary>Logos of institutions and companies, including Université de Montréal, University of Toronto, Google, New York University, and Facebook, are included to indicate the affiliations of the researchers.</image_summary>\n</summary>"
    },
    "24": {
      "summary": "<summary>\nThe page presents a chart titled \"Audio Recognition,\" which compares the error rates of traditional audio recognition methods versus deep learning approaches over time. The chart spans from 1998 to 2014, showing a significant improvement in error rates as deep learning techniques were adopted. Traditional methods exhibit higher error rates, fluctuating between approximately 21% and 30%, while deep learning methods show a marked reduction, reaching an error rate below 18% by 2014. This visualization highlights the superior performance of deep learning in audio recognition tasks compared to traditional methods.\n\n<figure_summary>Figure 1: A scatter plot comparing the error rates of traditional and deep learning audio recognition methods over time. The x-axis represents years (1998–2014), and the y-axis represents error rates. Blue dots represent traditional methods, while orange dots represent deep learning methods. The chart demonstrates a consistent decline in error rates for deep learning, contrasting with the relatively stable but higher error rates of traditional methods.</figure_summary>\n\n(image_summary>The chart is visually represented as a black background with white grid lines, enhancing the contrast of the blue and orange data points. The title and axis labels are clearly legible, and the source of the chart is credited to Clarifai at the bottom right corner.</image_summary>\n</summary>"
    },
    "25": {
      "summary": "<summary>\nThe page presents a chart titled \"Image Recognition,\" comparing the error rates of traditional computer vision (CV) techniques and deep learning methods over time. The chart illustrates a significant improvement in accuracy when using deep learning compared to traditional CV approaches. The x-axis represents the years from 2010 to 2014, while the y-axis shows the error rate in percentage. Traditional CV methods show a gradual decline in error rates, starting at approximately 79% in 2010 and improving over the years. In contrast, deep learning methods demonstrate a much steeper decline, achieving significantly lower error rates by 2014. This visual comparison highlights the rapid advancement of deep learning in image recognition tasks.\n\n<figure_summary>Figure 1: A scatter plot comparing the error rates of traditional computer vision (blue dots) and deep learning (orange dots) methods in image recognition from 2010 to 2014. The chart visually demonstrates the superior performance of deep learning, with a dramatic reduction in error rates over time.</figure_summary>\n\n(image_summary>The chart is a dark-themed visualization with white text and colored data points, making it easy to distinguish between traditional CV and deep learning methods. The source of the chart is credited to Clarifai at the bottom right corner.</image_summary>\n</summary>"
    },
    "26": {
      "summary": "<summary>\nThe page prominently features the title \"Natural Language Processing\" in large, white, stylized font against a dark background. The rest of the page appears to be blank, with only three small dots centered near the bottom, possibly indicating a loading or placeholder state.\n\nThere are no additional textual details, tables, figures, charts, or images present on this page. The focus is entirely on the title, suggesting that this might be an introductory or cover page for a section or document related to Natural Language Processing.\n\n</summary>"
    },
    "27": {
      "summary": "<summary>\nThe page focuses on the topic of \"Natural Language Processing\" (NLP), as indicated by the title at the top. The main visual element is an illustration featuring a bright sun breaking through dark clouds, accompanied by the phrase \"cloudy days don't last forever.\" This imagery metaphorically suggests optimism and resilience, possibly relating to challenges in NLP or technology in general. The artist's signature, \"chibird,\" is visible at the bottom left corner of the illustration.\n\n<image_summary>The central image is a simple, cartoon-style drawing of a sunny sky with dark clouds parting to reveal a bright yellow sun. The sun emits rays of light, symbolizing hope and clarity emerging from difficult times. The phrase \"cloudy days don't last forever\" is written above the sun, reinforcing the optimistic message.</image_summary>\n\nThe overall tone of the page combines technical subject matter (NLP) with a motivational visual, suggesting a theme of overcoming obstacles in the field of natural language processing.\n</summary>"
    },
    "28": {
      "summary": "<summary>\nThe page appears to be a humorous or educational illustration related to deep learning (DL). The title \"DL? How?\" suggests an inquiry into understanding or implementing deep learning techniques. On the left side, there is a grid of faces, likely representing a dataset used in facial recognition or generative models, showcasing diverse expressions and appearances. On the right side, a cartoon bear is depicted with a speech bubble saying \"almost at the code...,\" implying a playful tone where the bear is about to delve into coding for deep learning applications.\n\n<image_summary>The left side features a grid of human faces, each with varying expressions, colors, and styles, possibly illustrating a dataset used in deep learning tasks such as face generation or classification. The right side shows a cartoon bear with a speech bubble, adding a lighthearted element to the page.</image_summary>\n\nThis combination of visuals and text suggests the page aims to introduce or explain deep learning concepts in an engaging manner, using humor and visual aids to make the topic more accessible.\n</summary>"
    },
    "29": {
      "summary": "<summary>\nThe page illustrates the concept of a neural network applied to facial recognition or generation. On the left side, there is a grid of faces representing various facial expressions and features, which serves as the input data for the neural network. On the right side, a diagram of a neural network architecture is shown, consisting of an input layer, multiple hidden layers, and an output layer. The connections between nodes in each layer depict the flow of information through the network.\n\n<image_summary>The left image shows a grid of faces with diverse expressions and features, likely representing the dataset used for training or testing the neural network.</image_summary>\n\n<figure_summary>The right diagram illustrates a neural network architecture. It includes an \"input layer\" at the top, followed by several interconnected hidden layers, and an \"output layer\" at the bottom. The numerous lines connecting the nodes represent the weights and biases in the network, demonstrating how data flows through the system.</figure_summary>\n</summary>"
    },
    "30": {
      "summary": "<summary>\nThe page discusses how deep neural networks learn hierarchical feature representations. It visually illustrates this concept through a combination of images and diagrams. The top section shows a progression of learned features across different layers of a neural network, starting from basic patterns and progressing to more complex facial features. The left side of the page displays a grid of images representing the input layer, which consists of raw pixel data. Moving rightward, the grids depict increasingly abstract features learned in hidden layers 1, 2, and 3, culminating in recognizable facial features.\n\n<figure_summary>Figure 1: A diagram of a deep neural network architecture. This figure illustrates the flow of information through an input layer, three hidden layers, and an output layer. Each layer is represented by nodes connected by lines, symbolizing the weights and connections between neurons. The arrows indicate the direction of data flow from input to output.</figure_summary>\n\n<image_summary>Image 1: A grid of images showing the input layer. These images represent raw pixel data, likely faces or facial features, used as inputs to the neural network.</image_summary>\n\n<image_summary>Image 2: A series of grids showing the learned features at different hidden layers. The first grid (hidden layer 1) contains basic patterns, such as edges and textures. The second grid (hidden layer 2) shows more complex shapes, like parts of faces. The third grid (hidden layer 3) displays fully formed facial features, demonstrating the hierarchical learning process.</image_summary>\n</summary>"
    },
    "31": {
      "summary": "<summary>\nThe page contains three distinct sections, each presenting a grid of images or patterns. These sections appear to illustrate different stages or types of data visualization, likely related to facial recognition, feature extraction, or pattern analysis.\n\n<figure_summary>Figure 1: This section displays a grid of grayscale images showing various human faces with different expressions and orientations. Each cell in the grid represents a unique face, suggesting a dataset used for training or testing facial recognition algorithms.</figure_summary>\n\n<figure_summary>Figure 2: This section presents a grid of abstract, distorted, or stylized images derived from the original faces. These images appear to represent intermediate features or transformations, possibly generated by a machine learning model during the process of feature extraction or dimensionality reduction.</figure_summary>\n\n<figure_summary>Figure 3: This section shows a grid of sparse, binary patterns, which could represent learned filters, weights, or activation maps from a neural network. These patterns might correspond to the most significant features extracted from the input images, highlighting areas of interest such as edges, textures, or other distinguishing characteristics.</figure_summary>\n\nOverall, the page seems to depict a progression from raw input data (faces) to intermediate representations (transformed images) and finally to learned features (binary patterns), likely illustrating the inner workings of a machine learning algorithm, such as convolutional neural networks (CNNs), in the context of facial recognition or similar tasks.\n</summary>"
    },
    "32": {
      "summary": "<summary>\nThe page illustrates the architecture and functionality of a deep neural network, specifically focusing on how it processes and represents data at different layers. The diagram shows a multi-layered neural network with an input layer, multiple hidden layers, and an output layer. Each layer consists of interconnected nodes (neurons), representing the flow of information through the network.\n\n<figure_summary>Figure 1: Neural Network Architecture. This figure depicts a deep neural network with multiple layers, including an input layer, several hidden layers, and an output layer. The nodes and connections represent neurons and weights, respectively, illustrating the hierarchical processing of data.</figure_summary>\n\n<image_summary>Image 1: Output Layer Representations. This image shows a grid of facial expressions, indicating the high-level features or outputs generated by the neural network. These representations are likely the final results of the network's processing, such as classifications or reconstructions.</image_summary>\n\n<image_summary>Image 2: Intermediate Layer Representations. This image displays a grid of more abstract patterns, suggesting mid-level feature maps extracted by the network. These patterns represent intermediate stages of data abstraction, capturing facial components like eyes, noses, or mouth shapes.</image_summary>\n\n<image_summary>Image 3: Input Layer Representations. This image shows a grid of low-level features, such as edges or simple textures. These are the raw inputs to the network, representing the initial stage of data processing.</image_summary>\n\nThe red arrows indicate the forward propagation of data from the input layer to the output layer, while the blue arrows suggest backward propagation or feedback mechanisms, possibly related to training or optimization processes. Overall, the page provides a visual explanation of how a neural network transforms raw input data into meaningful high-level outputs through successive layers of abstraction.\n</summary>"
    },
    "33": {
      "summary": "<summary>\nThe page features an illustration titled \"Coding time!\" that visually explains a process involving classification using deep learning and simple classifiers. The diagram depicts a flow where input data (represented by a dog icon) enters a \"DEEP LEARNING CLASSIFIER\" labeled with categories such as ANIMALS, PLANTS, FOOD, TOOLS, and INSECTS. This classifier then feeds into a \"SIMPLE CLASSIFIER,\" which further categorizes the data into more specific outputs: DOGS and CATS. The final output is highlighted with a green label showing a dog icon, indicating the successful classification of the input as a \"DOG.\" The phrase \"our ingredients...\" suggests that the components shown are essential elements in this classification process.\n\n<image_summary>The image is a cartoon-style diagram illustrating a classification pipeline. It uses icons, labels, and arrows to represent the flow of data through two classifiers, emphasizing the process of narrowing down categories from broad to specific.</image_summary>\n\n</summary>"
    },
    "34": {
      "summary": "<summary>\nThe page illustrates a conceptual diagram of a machine learning pipeline using the Kaggle's Cat vs Dog dataset, which contains 25,000 images of cats and dogs. The diagram visually represents how data flows through different classifiers to distinguish between cats and dogs. It begins with an input source labeled \"Kaggle's Cat vs Dog dataset,\" followed by a \"DEEP LEARNING CLASSIFIER\" that processes the images. This classifier is depicted with various categories such as ANIMALS, PLANTS, FOOD, TOOLS, and INSECTS, indicating its broad classification capabilities. The output from the deep learning classifier is then fed into a \"SIMPLE CLASSIFIER\" that specifically distinguishes between CATS and DOGS, with separate outputs for each category. The diagram uses a funnel-like structure to symbolize the narrowing down of classifications.\n\n<figure_summary>Figure 1: A conceptual diagram illustrating the flow of data through a deep learning classifier and a simple classifier to differentiate between cat and dog images from the Kaggle dataset. The diagram includes labels for the dataset, classifiers, and output categories.</figure_summary>\n\n<image_summary>An icon of a dog is used in the top-left corner to represent the dataset, while another icon of a dog is placed near the output for \"DOGS,\" reinforcing the theme of the dataset.</image_summary>\n\nThe overall purpose of the diagram is to explain the process of using machine learning to classify images into two categories: cats and dogs, highlighting the role of both deep learning and simpler classifiers in achieving this task.\n</summary>"
    },
    "35": {
      "summary": "<summary>\nThe page describes a Kaggle competition titled \"Dogs vs. Cats,\" which ran from September 25, 2013, to February 1, 2014. The goal of the competition is to develop an algorithm capable of distinguishing between images of dogs and cats. The challenge highlights the ease of this task for humans but emphasizes the complexity for computers. The page provides links to access competition details, data, and submission options. A leaderboard is visible, showing top participants such as Pierre Sermanet, orchid, Owen, and Paul Covington. The page also includes a section for downloading data files, including sample submissions and training/test datasets in various formats.\n\n<image_summary>The main image shows a dog and a cat facing each other, visually representing the theme of the competition.</image_summary>\n\n<table_summary>Data Files Table: Lists available files for the competition, including \"sampleSubmission.csv\" (86.82 KB), \"test1.zip\" (271.15 MB), and \"train.zip\" (543.16 MB). These files are essential for participants to train and test their algorithms.</table_summary>\n\n<figure_summary>No explicit figures, charts, or diagrams are present on the page apart from the main image of the dog and cat.</figure_summary>\n</summary>"
    },
    "36": {
      "summary": "<summary>\nThe page illustrates the concept of using a pretrained Convolutional Neural Network (CNN) for image classification, specifically focusing on distinguishing between dogs and cats. The diagram shows a flowchart-like representation where an input image (depicted by a dog icon) is processed through a \"Deep Learning Classifier\" that has been trained on broad categories such as animals, plants, food, tools, and insects. This classifier then feeds its output into a \"Simple Classifier,\" which is fine-tuned to distinguish between dogs and cats. The final output is shown as a dog icon, indicating the classification result.\n\n<figure_summary>Figure 1: A conceptual diagram illustrating the process of using a pretrained CNN for image classification. It includes a \"Deep Learning Classifier\" connected to a \"Simple Classifier,\" which further categorizes images into dogs and cats.</figure_summary>\n\n<image_summary>An icon of a dog is used twice in the diagram: once as the input image at the top and again as the output label at the bottom, emphasizing the classification task.</image_summary>\n</summary>"
    },
    "37": {
      "summary": "<summary>\nThe page illustrates the concept of a MultiLayer Perceptron (MLP) used in deep learning classification tasks. The diagram shows a deep learning classifier capable of achieving 97% accuracy in less than one hour. The classifier processes inputs such as animals, plants, food, tools, and insects, and outputs more specific categories like cats, dogs, and other animals. A simple classifier is depicted as part of the process, highlighting the refinement of results. The MLP is visually represented as a box with multiple layers, emphasizing its multi-layered architecture.\n\n<figure_summary>Figure 1: The diagram illustrates a deep learning classifier system. It includes a \"DEEP LEARNING CLASSIFIER\" box connected to a \"SIMPLE CLASSIFIER,\" which further categorizes outputs into specific classes like \"CATS\" and \"DOGS.\" The input is shown as a funnel with a dog icon, symbolizing the data processing flow. The output is labeled with high accuracy (\"97% accuracy in < 1h\").</figure_summary>\n\n<image_summary>The image uses icons and labels to represent the components of the classification system. The dog icon at the top represents the input data, while the green label at the bottom indicates the final classified output (\"DOG\"). The red box highlights the term \"MultiLayer Perceptron,\" emphasizing the neural network architecture used.</image_summary>\n\nThe overall focus is on demonstrating the efficiency and accuracy of using an MLP for classification tasks, particularly in identifying specific categories within broader datasets.\n</summary>"
    },
    "38": {
      "summary": "<summary>\nThe page outlines a process for training a machine learning model using a pretrained neural network, specifically focusing on feature extraction and training a Multilayer Perceptron (MLP). The process is divided into three main steps:\n\n1. **Load Pretrained Net**: This step involves loading a pretrained convolutional neural network (CNN) architecture, which includes multiple convolutional layers (conv1 to conv5) and fully connected layers (fc6, fc7, fc8). The CNN architecture is illustrated with detailed layer specifications, such as filter sizes, strides, and neuron counts in each layer.\n\n2. **Extract features for all training images**: In this step, the pretrained network is used to extract features from all training images. The process is depicted with an image input being transformed into a matrix of extracted features, represented as \\(a_{ij}\\), where \\(i\\) and \\(j\\) denote the indices of the feature matrix.\n\n3. **Train MLP on those features**: The extracted features are then used to train a Multilayer Perceptron (MLP). The MLP architecture is shown as a neural network diagram with interconnected nodes, illustrating how the features are processed through the network to produce outputs.\n\n<figure_summary>Figure 1: CNN Architecture Diagram - This figure illustrates the structure of the pretrained CNN, including convolutional layers (conv1 to conv5) and fully connected layers (fc6, fc7, fc8). Each layer's parameters, such as filter size and neuron count, are labeled.</figure_summary>\n\n<figure_summary>Figure 2: Feature Extraction Diagram - This figure shows the transformation of an image input into a feature matrix \\(a_{ij}\\), highlighting the process of extracting meaningful features from the images using the pretrained network.</figure_summary>\n\n<figure_summary>Figure 3: MLP Training Diagram - This figure depicts the structure of the Multilayer Perceptron (MLP) used to train on the extracted features. It illustrates the interconnected nodes and the flow of data through the network.</figure_summary>\n\nThe page uses colorful icons and arrows to guide the viewer through the workflow, making the process visually intuitive. Overall, the page provides a clear overview of how to leverage a pretrained network for feature extraction and subsequent training of a simpler model like an MLP.\n</summary>"
    },
    "39": {
      "summary": "<summary>\nThe page discusses the process of loading a pretrained neural network, specifically focusing on its architecture. The main topic is the structure of a convolutional neural network (CNN), which is visually represented through a diagram. The network consists of multiple convolutional layers (conv1 to conv5) followed by fully connected layers (fc6, fc7, fc8). Each convolutional layer includes details such as kernel size, stride, and pooling operations, while the fully connected layers specify the number of neurons.\n\n<figure_summary>Figure 1: This diagram illustrates the architecture of a CNN. It shows five convolutional layers (conv1 to conv5) with varying kernel sizes (e.g., 1x1, 5x5, 3x3) and max-pooling operations. The diagram also highlights the transition to three fully connected layers (fc6, fc7, fc8) with specified neuron counts (4096 neurons in fc6 and fc7, and 1000 neurons in fc8).</figure_summary>\n\n<image_summary>An illustration of a cartoon cat is included on the left side of the diagram, possibly serving as a visual aid or placeholder.</image_summary>\n\nThe page emphasizes the importance of understanding the network's structure when working with pretrained models, particularly in the context of transfer learning or fine-tuning. The visual representation helps clarify the flow of data through the network, from input features to the final output layer.\n</summary>"
    },
    "40": {
      "summary": "<summary>\nThe page titled \"No Free Lunch... But Free Models!\" discusses the Model Zoo section of the BVLC/caffe GitHub repository. It explains that trained models are shared as links to GitHub Gists, directing users to the model zoo documentation for more details. The page provides instructions on how to acquire a model by downloading the model gist using a script (`download_model_from_gist.sh`) and then downloading the model weights using another script (`download_model_binary.py`). It also lists Berkeley-trained models, including \"Finetuning on Flickr Style\" and \"BVLC GoogleNet,\" and mentions the \"Network in Network model.\" The sidebar contains navigation links to various sections of the wiki, such as installation guides, accuracy reports, and related projects.\n\n<image_summary>The background features a bright pink header with the title \"No Free Lunch... But Free Models!\" prominently displayed at the top. The main content area resembles a GitHub wiki page layout, with a clean white background and standard GitHub interface elements.</image_summary>\n\n</summary>"
    },
    "41": {
      "summary": "<summary>\nThe page showcases a Jupyter Notebook environment used for working with Caffe models, specifically the BVLC Reference CaffeNet model. The left side displays the file directory structure within the `caffe/models/bvlc_reference_caffenet` folder, listing files such as `bvlc_reference_caffenet.caffemodel`, `deploy.prototxt`, `readme.md`, and `solver.prototxt`. The right side shows the contents of the `deploy.prototxt` file, which defines the architecture of the neural network, including layers like convolution (`conv1`), ReLU activation (`relu1`), and max pooling (`pool1`). The bottom section of the left side shows the `solver.prototxt` file, which contains hyperparameters for training the model, such as learning rate (`base_lr`), iteration settings (`test_iter`, `max_iter`), and snapshot configurations.\n\n<figure_summary>Figure 1: Jupyter Notebook Directory View - Displays the file structure of the `bvlc_reference_caffenet` model directory, highlighting key files like `.caffemodel`, `.prototxt`, and `readme.md`.</figure_summary>\n\n<figure_summary>Figure 2: `deploy.prototxt` Content - Shows the network architecture definition in Protobuf format, detailing layers such as convolution, ReLU, and pooling, along with their parameters.</figure_summary>\n\n<figure_summary>Figure 3: `solver.prototxt` Content - Lists hyperparameters for training the model, including learning rate scheduling, iteration intervals, and snapshot settings.</figure_summary>\n</summary>"
    },
    "42": {
      "summary": "<summary>\nThe page contains Python code snippets focused on setting up imports for a machine learning or data science project. The code begins by importing various libraries such as `logging`, `glob`, `random`, `pickle`, `numpy`, `matplotlib.pyplot`, and `matplotlib.image`. It also includes configuration for inline plotting using `%matplotlib inline`. Notably, the code ensures that the `caffe` library is accessible by modifying the Python path (`sys.path`) to include the directory where `caffe` is located. This setup suggests preparation for tasks involving deep learning or image processing.\n\nThere are no tables, figures, or images present on this page. The focus is entirely on the code snippet provided.\n\n</summary>"
    },
    "43": {
      "summary": "<summary>\nThe page discusses the process of loading a pre-trained deep neural network using Python code, specifically leveraging the Caffe library. The code snippet demonstrates how to load a pre-trained model file (`MODEL_FILE`) and its associated weights (`PRETRAINED`). It defines a function `png_to_np` that sets up logging, configures GPU mode, and initializes a Caffe classifier with parameters such as mean subtraction, channel swapping, raw scale, and image dimensions. The classifier uses the ImageNet mean file for preprocessing.\n\n<figure_summary>Figure 1: A diagram illustrating the architecture of a convolutional neural network (ConvNet) from Krizhevsky et al.'s NIPS 2012 paper on ImageNet classification. The diagram shows multiple layers, including convolutional layers with specified filter sizes and strides, max pooling layers, and fully connected dense layers leading to a final output layer with 1000 units. This network is known as AlexNet.</figure_summary>\n\nThe page combines textual explanation with a visual representation of the neural network architecture to provide a comprehensive understanding of both the implementation and the underlying model structure.\n</summary>"
    },
    "44": {
      "summary": "<summary>\nThe page outlines a process titled \"Cooking Instructions,\" which appears to be a metaphorical explanation of a machine learning workflow, specifically focusing on feature extraction using a pretrained neural network. The main steps described are:\n\n1. **Load Pretrained Net**: This step involves loading an existing neural network architecture, which is visually represented by a diagram showing multiple convolutional layers (conv1 to conv5) and fully connected layers (fc6, fc7, fc8). Each convolutional layer has specified parameters such as kernel size, stride, and pooling operations, indicating a deep learning model like AlexNet.\n\n2. **Extract features for all training images**: This step explains how the loaded network is used to extract features from training images. A mathematical representation shows how an input image is transformed into a matrix of features, where each element \\(a_{ij}\\) represents a feature extracted from the image.\n\nThe page uses visual aids to enhance understanding:\n\n<figure_summary>Figure 1: Neural Network Architecture Diagram - This figure illustrates the structure of a pretrained neural network, highlighting convolutional layers (conv1 to conv5) with detailed specifications like kernel sizes, strides, and pooling operations. Fully connected layers (fc6, fc7, fc8) are also shown, with neuron counts indicated (e.g., 4096 neurons in fc6 and fc7, 1000 neurons in fc8).</figure_summary>\n\n<image_summary>Illustration of a Cat - A cartoon cat is included next to the neural network diagram, possibly serving as a playful or thematic element related to the \"Cooking Instructions\" title.</image_summary>\n\n<figure_summary>Feature Extraction Diagram - This figure demonstrates the process of transforming an input image into a feature matrix. It shows an image being processed through the network, resulting in a matrix where each element \\(a_{ij}\\) represents a feature extracted from the image.</figure_summary>\n\nOverall, the page provides a high-level overview of how a pretrained neural network can be utilized for feature extraction in a machine learning context, combining textual instructions with visual representations for clarity.\n</summary>"
    },
    "45": {
      "summary": "<summary>\nThe page contains Python code demonstrating how to feed an image into a neural network and extract its internal feature representation from layer `fc6`. The function `activate(net, im)` processes an input image by resizing it to standard dimensions (256x256), oversampling it, preprocessing it using a transformer, and then forwarding it through the network to obtain the activation features of layer `fc6`.\n\nThe code snippet includes comments explaining each step:\n1. Loading the image using `caffe.io.load_image`.\n2. Resizing and oversampling the image to match the network's input size.\n3. Preprocessing the image for the network's input blob named `'data'`.\n4. Forwarding the preprocessed input through the network using `net.forward()`.\n5. Extracting the activation features from layer `fc6` and returning them.\n\nThere are no tables, figures, or images on this page; the focus is entirely on the Python code and its explanatory comments.\n</summary>"
    },
    "46": {
      "summary": "<summary>\nThe page contains Python code demonstrating how to extract features from images using a neural network. The code snippet begins with a comment `#extract features from images` and includes several lines of code that perform the following tasks:\n1. Activating a neural network (`net`) on an image file to obtain feature information.\n2. Determining the number of features (`feature_count`) and their data type (`feature_dtype`).\n3. Creating a NumPy array (`data`) to store the extracted features for all images in a list (`files`).\n4. Iterating through each image in `files`, activating the network on it, and storing the resulting features in the `data` array.\n5. Printing progress updates every 1000 images processed.\n6. Returning the extracted features (`data`), along with `target` and `files`.\n\nThere are no tables, figures, or images present on this page; the focus is entirely on the code snippet.\n\n<code_summary>\nThe code demonstrates a method for extracting features from a collection of images using a pre-trained neural network. It initializes a feature extraction process, processes each image sequentially, and provides progress updates during execution.\n</code_summary>\n</summary>"
    },
    "47": {
      "summary": "<summary>\nThe page demonstrates a Python code snippet for processing and saving image data as pickle files. The code begins by importing image data from a directory (`/mnt/pet/train/`) using the `png_to_np` function, which extracts features (`x`), labels (`y`), and filenames. These extracted data are then saved as separate pickle files (`saved_x_v2.pkl`, `saved_y_v2.pkl`, and `saved_filenames_v2.pkl`) using the `pickle.dump` method. The output shows progress messages indicating the reading of images in increments of 1000, up to at least 8000 images, suggesting a large dataset being processed.\n\nThere are no tables, figures, or images present on this page. The focus is entirely on the code and its output.\n\n</summary>"
    },
    "48": {
      "summary": "<summary>\nThe page outlines a process for training a machine learning model using a pretrained neural network, specifically focusing on feature extraction and training a Multilayer Perceptron (MLP). The process is divided into three main steps:\n\n1. **Load Pretrained Net**: This step involves loading a pretrained convolutional neural network (CNN) architecture, which includes multiple convolutional layers (conv1 to conv5) and fully connected layers (fc6, fc7, fc8). The CNN is depicted with detailed layer configurations, such as filter sizes, strides, and neuron counts in the fully connected layers.\n\n2. **Extract features for all training images**: In this step, the pretrained CNN is used to extract features from all training images. The process is illustrated with a diagram showing how an input image is processed through the CNN, resulting in a feature matrix \\( \\mathbf{a} \\), where each element \\( a_{ij} \\) represents a feature extracted from the image.\n\n3. **Train MLP on those features**: The extracted features are then used to train a Multilayer Perceptron (MLP). A diagram illustrates the MLP architecture, showing interconnected nodes representing neurons in different layers. The output of the MLP is shown as predictions, with cartoon characters symbolizing the final classification results.\n\n<figure_summary>Figure 1: CNN Architecture Diagram - This figure visually represents the pretrained CNN's structure, including convolutional layers (conv1 to conv5) and fully connected layers (fc6, fc7, fc8). It highlights key parameters like filter sizes, strides, and neuron counts.</figure_summary>\n\n<figure_summary>Figure 2: Feature Extraction Diagram - This figure demonstrates the process of extracting features from an input image using the pretrained CNN, resulting in a feature matrix \\( \\mathbf{a} \\).</figure_summary>\n\n<figure_summary>Figure 3: MLP Training Diagram - This figure illustrates the architecture of the Multilayer Perceptron (MLP), showing its interconnected nodes and the flow of data from the extracted features to the final classification outputs.</figure_summary>\n\n<image_summary>Cartoon Characters: Cartoon characters (e.g., a cat, a dog) are used as visual aids to represent the final classification outputs of the MLP, making the explanation more engaging and intuitive.</image_summary>\n</summary>"
    },
    "49": {
      "summary": "<summary>\nThis page introduces a demonstration using Pylearn2 to implement a Multilayer Perceptron (MLP) on top of extracted features. The focus is on setting up the necessary imports required for building and training an MLP model. The imports include modules for defining the MLP architecture, dropout layers, training algorithms, termination criteria, datasets, training extensions, vector spaces, and external libraries like `pickle` and `numpy`.\n\nThe code snippet lists the following imports:\n1. From `pylearn2.models.mlp`, import `mlp`.\n2. From `pylearn2.costs.mlp.dropout`, import `Dropout`.\n3. From `pylearn2.training_algorithms`, import `sgd` and `learning_rule`.\n4. From `pylearn2.termination_criteria`, import `EpochCounter`.\n5. From `pylearn2.datasets`, import `DenseDesignMatrix`.\n6. From `pylearn2.train`, import `Train`.\n7. From `pylearn2.train_extensions`, import `best_params`.\n8. From `pylearn2.space`, import `VectorSpace`.\n9. Import `pickle`.\n10. Import `numpy` as `np`.\n\nThese imports suggest that the subsequent sections will likely cover model definition, training setup, and evaluation using Pylearn2's functionalities.\n\n</summary>"
    },
    "50": {
      "summary": "<summary>\nThe page contains Python code demonstrating how to load previously extracted features and labels, convert them into a format understood by the `pylearn` library, and prepare them for machine learning tasks. The code snippet includes comments explaining each step, such as loading data from pickle files (`saved_x_v2.pkl`, `saved_y_v2.pkl`, and `saved_filenames_v2.pkl`), converting labels to one-hot encoding, defining an input space using `VectorSpace`, and creating a dense design matrix with the loaded features and labels.\n\nThe code is structured as follows:\n1. Load feature data (`x`) from `saved_x_v2.pkl`.\n2. Load label data (`y`) from `saved_y_v2.pkl`.\n3. Load filenames from `saved_filenames_v2.pkl`.\n4. Convert the labels (`y`) to one-hot encoding using the `to_one_hot` function.\n5. Define the input space (`in_space`) based on the dimensionality of the features (`x.shape[1]`).\n6. Create a `DenseDesignMatrix` object (`full`) combining the features (`X=x`) and labels (`y=y`).\n\nThis code is part of a demonstration (`demo`), as indicated in the top-right corner of the code block.\n\nThere are no tables, figures, or images on this page; the focus is entirely on the provided Python code and its explanatory comments.\n</summary>"
    },
    "51": {
      "summary": "<summary>\nThe page provides Python code for constructing a Multi-Layer Perceptron (MLP) model using a library similar to `mlp` and training it with Stochastic Gradient Descent (SGD). The code defines three hidden layers (`l1`, `l2`, `l3`) using the `RectifiedLinear` activation function, each with 5000 dimensions and sparse initialization. A softmax layer is used as the final output layer, designed for binary classification (`n_classes=2`). The model is then compiled into an MLP object, and a trainer is initialized with SGD, momentum, and dropout regularization. The learning rate is set to 0.001, the batch size to 128, and the number of epochs to 100. Dropout probabilities and input scales are specified for the first layer, and the training process is monitored using the full training dataset.\n\n<code_summary>\nThe code snippet demonstrates the step-by-step process of building an MLP model:\n1. **Layer Creation**: Three hidden layers (`l1`, `l2`, `l3`) are created using the `RectifiedLinear` activation function, each with identical parameters (`sparse_init=12`, `dim=5000`, `max_col_norm=1.`).\n2. **Output Layer**: A softmax layer is defined as the final layer, specifying two classes (`n_classes=2`) and a range parameter (`range=.005`).\n3. **Model Compilation**: All layers are combined into an MLP model using the `mlp.MLP` constructor, with the input space defined as `in_space`.\n4. **Trainer Initialization**: An SGD-based trainer is configured with a learning rate of 0.001, batch size of 128, momentum (via `learning_rule=Momentum(.5)`), and dropout regularization. The dropout probability for the first layer is set to 0.8, and the input scale is adjusted accordingly. Training terminates after 100 epochs, and the entire training dataset is used for monitoring.\n</code_summary>\n\nThis page focuses on the implementation details of setting up and training an MLP model with regularization techniques like dropout and momentum.\n</summary>"
    },
    "52": {
      "summary": "<summary>\nThe page focuses on the process of splitting data into training and testing sets, specifically in the context of machine learning. The code snippet demonstrates how to manually split datasets (`X` and `y`) into training and testing subsets using an 80/20 ratio. It also ensures that filenames associated with the data are split accordingly. After splitting, the code saves each subset (training and testing features, labels, and filenames) to separate pickle files for later use. This approach avoids using `sklearn.cross_validation.train_test_split`, allowing for custom handling of file associations.\n\n<code_summary>\nThe code performs the following steps:\n1. Calculates the split index based on 80% of the dataset size.\n2. Splits the feature matrix (`X`) and target vector (`y`) into training and testing subsets.\n3. Splits the corresponding filenames into training and testing subsets.\n4. Saves all subsets (features, labels, and filenames) to pickle files for persistence.\n</code_summary>\n\nThis method is useful when maintaining links between data samples and their filenames is necessary, which is not directly supported by standard train/test split functions.\n</summary>"
    },
    "53": {
      "summary": "<summary>\nThe page demonstrates the implementation of a Multilayer Perceptron (MLP) using the `pylearn` library in Python. It begins with a code snippet labeled \"start our MLP (pylearn experiment method)\" and provides a step-by-step explanation of the process. The code initializes training (`trn`) and testing (`tst`) datasets using `DenseDesignMatrix`, assigns monitoring datasets for validation and training, and then executes the main loop of the experiment. Below the code, there is an output section showing parameter initialization, learning rate summaries, compilation times, and monitored channels such as learning rate, momentum, and total seconds per epoch. The page concludes by highlighting performance metrics after 5 minutes, indicating a validation misclassification rate (`valid_y_misclass`) of approximately 0.062.\n\n<code_summary>\nThe code snippet includes:\n1. Creation of training and testing datasets using `DenseDesignMatrix`.\n2. Configuration of monitoring datasets for validation and training.\n3. Execution of the main loop of the experiment.\n</code_summary>\n\n<output_summary>\nThe output section provides:\n- Parameter and initial learning rate summaries.\n- Compilation times for SGD updates and record entry processes.\n- Monitored channels including learning rate, momentum, and total seconds per epoch.\n- Validation misclassification rate after 5 minutes.\n</output_summary>\n\nThis page serves as a practical demonstration of setting up and running an MLP experiment using `pylearn`, showcasing both the code implementation and the resulting performance metrics.\n</summary>"
    },
    "54": {
      "summary": "<summary>\nThe page presents a code snippet and its corresponding output, along with a line plot illustrating accuracy over time. The code uses Python's `matplotlib` library to plot two datasets: `score_train[2:]` and `score_test[2:]`. The output indicates that the plotting operation was successful, returning a reference to a `Line2D` object.\n\n<figure_summary>Figure 1: A line plot showing the accuracy of a model over time (up to 1 hour). The x-axis represents time in minutes, ranging from 0 to 100, while the y-axis represents accuracy, ranging from 0% to 50%. Two lines are plotted: one for training accuracy (likely green) and another for testing accuracy (likely blue). Both lines start at high accuracy values and show a rapid decline before stabilizing near 0% as time progresses.</figure_summary>\n\nThe plot suggests that the model's performance degrades significantly over time, with both training and testing accuracies converging towards zero. This could indicate issues such as overfitting, data drift, or an inappropriate model architecture for the task.\n</summary>"
    },
    "55": {
      "summary": "<summary>\nThe page presents a code snippet and a corresponding plot related to machine learning model performance over time. The code snippet uses Python's `matplotlib` library to plot two sets of data: `score_train[2:]` and `score_test[2:]`, which represent training and testing accuracy scores, respectively. The output indicates that the plotting operation was successful, returning a `Line2D` object.\n\nThe plot shows the accuracy of a machine learning model over iterations, starting from iteration #2 and extending up to approximately 100 iterations (equivalent to 1 hour). Two lines are visible in the plot:\n- A green line representing the training accuracy.\n- A blue line representing the testing accuracy.\n\nBoth lines exhibit a decreasing trend, indicating that the accuracy improves over time. The y-axis is labeled \"accuracy,\" and the x-axis represents the number of iterations, ranging from 0 to 100. The plot suggests that the model's performance stabilizes after a certain point, with both training and testing accuracies converging.\n\n<figure_summary>Figure 1: A line plot showing the training and testing accuracy of a machine learning model over iterations. The x-axis represents the number of iterations (up to 100), and the y-axis represents accuracy. The green line corresponds to training accuracy, while the blue line corresponds to testing accuracy. Both lines show a decreasing trend, indicating improving accuracy over time.</figure_summary>\n\nNo other visual elements such as tables or additional images are present on the page.\n</summary>"
    },
    "56": {
      "summary": "<summary>\nThe page demonstrates a Python code snippet for loading an image, processing it through a Convolutional Neural Network (CNN), and making a prediction based on the features extracted. The primary focus is on classifying whether the image contains a dog (\"WOOF!\") or a cat (\"MEOW!\"). The code uses the `caffe` library to load the image and `matplotlib` to display it. The image in question is named \"google-glasses-cat-2.jpg,\" which appears to depict a cat wearing sunglasses.\n\n<image_summary>The displayed image shows a grayscale photograph of a cat wearing round sunglasses. The image is overlaid with axis labels indicating pixel coordinates, suggesting it is being processed for analysis.</image_summary>\n\nThe code first loads the image using `caffe.io.load_image()` and displays it using `plt.imshow()`. Subsequently, the image is passed through a function `getfeat_single_image()` to extract features, which are then processed through a Deep Belief Network (DBN). Based on the output of the DBN, the program prints either \"WOOF!\" if the image is classified as a dog or \"MEOW!\" if it is classified as a cat. In this case, the output is \"MEOW!\", indicating the image was correctly identified as a cat.\n</summary>"
    },
    "57": {
      "summary": "<summary>\nThe page poses a playful question: \"So are YOU more like a Dog or Cat?\" It introduces a concept called the \"CAT vs DOG DETECTOR,\" suggesting an interactive or evaluative tool to determine whether someone's personality traits align more closely with those of a cat or a dog. The design uses bright, engaging colors and imagery to capture attention.\n\n<image_summary>The central image features a side-by-side comparison of a cat and a dog. The cat has a tabby pattern with white markings and appears calm and composed, while the dog is a Jack Russell Terrier with a brown and white coat, looking alert and energetic. Both animals are set against a vibrant green background with a yellow polka-dot pattern, adding a fun and lighthearted aesthetic.</image_summary>\n\nThe overall tone of the page is casual and entertaining, aimed at sparking curiosity and engagement about personal characteristics through the lens of pet preferences.\n</summary>"
    },
    "58": {
      "summary": "<summary>\nThe page appears to be a humorous or lighthearted presentation slide, likely from a conference or workshop. The main text at the top reads \"CAT or DOG, that's the question...\" in large font, referencing Shakespeare's famous line \"To be, or not to be.\" Below this, there is an image of a person wearing glasses, with their reflection showing a blue glow, possibly from a screen. The person is seated in what looks like an audience setting, with other attendees visible in the background. At the bottom of the image, there is a button labeled \"Share Snapshot,\" indicating that the image might have been captured using a webcam. The text below the image mentions that the code is adapted from \"quizduell\" and requires a modern browser with WebRTC support, such as Firefox or Chrome. The final sentence in red text suggests that the presenter might consider hosting the site online if there is interest.\n\n<image_summary>The central image shows a person wearing glasses, with a blue glow reflecting in their eyes, likely from a screen. The background reveals an indoor setting with other individuals seated, suggesting an audience or conference environment.</image_summary>\n\n</summary>"
    },
    "59": {
      "summary": "<summary>\nThe page displays an image hosted on Imgur, showing a person wearing glasses and a red hoodie in what appears to be a public indoor setting, possibly a convention or event. The background includes other individuals and overhead lighting, suggesting a crowded environment. The image was uploaded \"2 seconds ago\" and has \"0 views,\" indicating it is very recent. Sharing options for platforms like Facebook, Twitter, and Reddit are visible on the left side of the image, along with a \"share\" button. Below the image, there are additional sharing icons and links to download the full resolution or get embed codes.\n\n<image_summary>The central image shows a person in a red hoodie and glasses, standing in a public indoor space with other people in the background. The setting appears to be well-lit with overhead lights, and the overall atmosphere suggests a social or event-like environment.</image_summary>\n</summary>"
    },
    "60": {
      "summary": "<summary>\nThe page demonstrates a sequence of operations involving downloading an image file using `wget` and then loading and displaying it using Python's `caffe` and `matplotlib` libraries. The first section shows the command-line output of downloading an image named `oMJyD00.jpg` from Imgur, including details such as the timestamp, connection process, file size, and download speed. The second section contains Python code where the downloaded image is loaded using `caffe.io.load_image()` and displayed using `plt.imshow()`. The output confirms the successful display of the image as a `matplotlib.image.AxesImage`.\n\n<image_summary>The displayed image shows a person wearing glasses and a red hoodie, standing indoors with a background featuring a wall with recessed lighting and some people in the distance.</image_summary>\n</summary>"
    },
    "61": {
      "summary": "<summary>\nThe page contains a code snippet demonstrating an image classification task using a Deep Belief Network (DBN). The code extracts features from an image named `'rQ4bKra.jpg'` using the `getfeat_single_image()` function. These features are then passed through a DBN model (`f([x])`) to make a prediction. Based on the output of the model (`y`), the program prints either \"WOOF I'm a Dog!\" if the prediction is positive, or \"MEOW I'm a Cat!\" otherwise. The output of the code execution indicates that the image was classified as a dog, as it printed \"WOOF I'm a Dog!\".\n\nThere are no tables, figures, or images present on this page apart from the code snippet itself.\n</summary>"
    },
    "62": {
      "summary": "<summary>\nThe page demonstrates a simple machine learning classification task using Python code to identify whether an image contains a cat or a dog. The code snippet uses a function `getfeat_single_image` to extract features from an image file named `'rQ4bKra.jpg'`. These features are then passed through a Deep Belief Network (DBN) model (`f([x])`) to make a prediction. Based on the output of the model, the program prints \"WOOF I'm a Dog!\" if the prediction is positive, and \"MEOW I'm a Cat!\" otherwise. The output of the code indicates that the image was classified as a dog.\n\n<image_summary>The image below the code shows a humorous comparison between a cat and a dog. On the left side, there is a cat with a red \"X\" mark, indicating it is not the correct choice. On the right side, there is a dog with a green checkmark, indicating it is the correct choice. The text \"CAT vs DOG\" is written below the images, emphasizing the binary classification task.</image_summary>\n</summary>"
    },
    "63": {
      "summary": "<summary>\nThe image features a heartwarming illustration of a cat and a dog snuggled together under a blanket. The cat, with its fluffy fur and striking green eyes, sits close to the dog, which has a soft, light brown coat and a gentle expression. The text \"THATS ALL!\" appears at the top in bold blue letters, while \"EASY PIEZY...\" is written at the bottom in a similar style. The overall tone of the image conveys warmth, companionship, and simplicity.\n\n<image_summary>The image is an illustrated depiction of a cozy scene featuring a cat and a dog nestled together under a blanket. The cat has a mix of gray and white fur with bright green eyes, while the dog has a light brown coat with a friendly demeanor. The blanket adds to the sense of comfort and intimacy between the two animals.</image_summary>\n</summary>"
    },
    "64": {
      "summary": "<summary>\nThe page is titled \"In Touch!\" and is divided into two main sections: \"Academic/Research\" and \"Data Science Consultancy.\" The left section highlights the individual's role as a PhD candidate at KTH/CSC, expressing interest in discussing topics such as Machine Learning, Deep Architectures, Graphs, and Language Technology. Contact information, including an email address (`roelof@kth.se`) and a website link (`www.csc.kth.se/~roelof/`), is provided. The right section focuses on Data Science Consultancy, specifically mentioning \"Gve Systems Graph Technologies.\" It includes contact information for this consultancy (`roelof@graph-systems.com` and `www.graph-technologies.com`). Visual elements include logos for KTH Royal Institute of Technology and Gve Systems, as well as an image of a person wearing glasses.\n\n<image_summary>The image on the left shows a person wearing glasses, likely representing the individual associated with the academic/research section.</image_summary>\n\n<image_summary>The logo for KTH Royal Institute of Technology is displayed, featuring a blue background with a crown and laurel wreath design, symbolizing the institution's prestige.</image_summary>\n\n<image_summary>The logo for Gve Systems is shown, featuring three raised fists with stars, accompanied by the text \"Machine Learning: Power to the Data,\" emphasizing the consultancy's focus on machine learning and graph technologies.</image_summary>\n</summary>"
    },
    "65": {
      "summary": "<summary>\nThe page is an advertisement for the \"Stockholm Deep Learning Meetup,\" a community focused on deep learning, artificial intelligence, and related technologies. The meetup is based in Stockholm, Sweden, and was founded on February 21, 2015. The page highlights upcoming events, including a session on \"Deep Learning for Bioinformatics\" scheduled for April 20 at 6:00 PM, organized by Roelof Pieters, and another event titled \"Kickoff! Deep Learning: Revolution or Hype in Data Science?\" on March 10 at 6:00 PM. Both events include details about the agenda, such as networking time, presentations, and discussions. The page also features a section titled \"What's new,\" showcasing recent activities and new members joining the group.\n\n<figure_summary>Figure 1: A collage of presentation slides and speakers from past meetups, illustrating the types of content and discussions held during the events.</figure_summary>\n\n<image_summary>An image of Roelof Pieters, the organizer of the meetup, is displayed under the \"Organizer\" section, providing a personal touch to the community.</image_summary>\n\nThe page emphasizes the community's focus areas, such as big data analytics, artificial intelligence, open-source software development, and natural language processing. It encourages further engagement through a call-to-action (\"Wanna Know More?\") and a link to the meetup's website (bit.ly/SthlmDL).\n</summary>"
    },
    "66": {
      "summary": "<summary>\nThe page titled \"Wanna Play? General Deep Learning\" introduces several tools and libraries commonly used in deep learning research. It lists three primary software frameworks:\n1. **Theano**: A CPU/GPU symbolic expression compiler in Python, developed by the LISA lab at the University of Montreal. It is designed for efficient computation and optimization of mathematical expressions.\n2. **Pylearn2**: A library aimed at simplifying machine learning research, also developed by the LISA lab. It builds upon Theano and provides higher-level abstractions for building and training models.\n3. **Torch**: A Matlab-like environment for state-of-the-art machine learning algorithms, written in Lua. It was created by Ronan Collobert, Clement Farabet, and Koray Kavukcuoglu, and is known for its flexibility and performance.\n\nEach tool is accompanied by a hyperlink for further exploration. Additionally, the page provides a general link to more deep learning software resources: `http://deeplearning.net/software/links/`.\n\nThere are no tables, figures, or images on this page; it focuses solely on textual information about deep learning tools.\n</summary>"
    },
    "67": {
      "summary": "<summary>\nThe page titled \"Wanna Play? NLP\" lists several Natural Language Processing (NLP) tools, models, and resources, along with their respective URLs. The content is organized into bullet points, each highlighting a different NLP-related resource:\n\n1. **RNNLM (Mikolov)**: A Recurrent Neural Network Language Model, with a link to its official website.\n2. **NB-SVM**: A Naive Bayes Support Vector Machine implementation, with a link to its GitHub repository.\n3. **Word2Vec (skipgrams/cbow)**: A word embedding model, providing links to both the original Google Code page and a Python implementation by Radim Řehůřek.\n4. **GloVe**: Another word embedding model developed at Stanford, with links to the original project page and a Python implementation.\n5. **Socher et al / Stanford RNN Sentiment code**: Resources related to sentiment analysis using Recurrent Neural Networks, with a link to the Stanford NLP group's sentiment code.\n6. **Deep Learning without Magic Tutorial**: A tutorial on deep learning concepts, specifically tailored for NLP, with a link to the Stanford course materials from NAACL 2013.\n\nThis page serves as a curated list of valuable NLP tools and educational resources for practitioners and researchers in the field.\n\n</summary>"
    },
    "68": {
      "summary": "<summary>\nThe page titled \"Wanna Play? Computer Vision\" introduces three popular frameworks and tools used in computer vision research and development. The content lists each framework along with its creators, supported programming languages, and optimization details, followed by links for further exploration.\n\n- **cuda-convnet2**: Developed by Alex Krizhevsky at the University of Toronto, this framework is written in C++/CUDA and optimized for NVIDIA GTX 580 GPUs. It is designed for convolutional neural networks (CNNs). A link to the project's Google Code repository is provided: https://code.google.com/p/cuda-convnet2/.\n\n- **Caffe**: Created by researchers at Berkeley, Caffe supports CUDA/OpenCL, Theano, and Python. It is a widely-used deep learning framework for computer vision tasks. The link to the official website is: http://caffe.berkeleyvision.org/.\n\n- **OverFeat**: Developed at NYU, OverFeat is another framework for object detection and classification. The link to the project's documentation is: http://cilvr.nyu.edu/doku.php?id=code:start.\n\nThere are no tables, figures, or images on this page; it focuses solely on providing textual information about the listed frameworks and their respective resources.\n\n</summary>"
    }
  }
}