{
  "doc_id": "competitiveoutcomes-091006065143-phpapp01_95.pdf",
  "pages": {
    "1": {
      "summary": "<summary>\nThe page features a title slide or cover image with the heading \"The power of competitive focus\" prominently displayed in bold black text on a white background. The text is overlaid on a blurred photograph of two individuals engaged in a physical activity, likely a sport such as boxing or martial arts, emphasizing the theme of competition and focus. The individuals appear to be intensely focused, with one person in the foreground wearing a yellow headband, suggesting determination and concentration. At the bottom right corner, the author's name, \"Dr. Russell James III,\" and his affiliation, \"Texas Tech University,\" are clearly stated, indicating the academic or professional context of the content.\n\n<image_summary>The image in the background shows two individuals in a close-up, action-oriented setting, highlighting themes of competition and focus. The individual in the foreground, wearing a yellow headband, is sharply focused, while the other person is slightly out of focus, reinforcing the idea of concentration and intensity.</image_summary>\n</summary>"
    },
    "2": {
      "summary": "<summary>\nThe page discusses a special case related to \"Competitive focus\" in decision-making. It highlights that decisions driven by short-term, impulsive behavior often lead to reduced future happiness. Three key factors contributing to this are listed: excessive future discounting, finding negative addictions, and avoiding positive addictions. However, the page also notes that for some individuals, decision training can be crucial due to its potential to foster competitive mastery through focused effort.\n</summary>"
    },
    "3": {
      "summary": "<summary>\nThe page discusses the concept of \"Focus in the dual-self model,\" which illustrates the interplay between two aspects of human decision-making: the rational, long-term oriented \"rider\" and the impulsive, short-term oriented \"elephant.\" The rider represents qualities such as long-term planning, patience, impartiality, deliberation, and a cold state of mind, while the elephant symbolizes short-term impulses, passions, affective responses, and a hot state of mind. The rider understands the cumulative benefits of focus over time, whereas the elephant becomes bored with repetition and seeks new experiences. This metaphor highlights the tension between long-term goals and immediate gratification.\n\n<figure_summary>Figure 1: A diagram illustrating the dual-self model. It features an elephant being guided by a rider. The rider is connected to a blue box labeled with characteristics like \"Long-term,\" \"Patient,\" \"Planner,\" \"Impartial spectator,\" \"Deliberative,\" and \"Cold state.\" The elephant is connected to a red box labeled with characteristics like \"Short-term,\" \"Impulsive,\" \"Doer,\" \"Passions,\" \"Affective/Visceral,\" and \"Hot state.\" Arrows point from each box to their respective entities, emphasizing their roles and tendencies.</figure_summary>\n\n<image_summary>An illustration of a rider sitting atop an elephant, holding reins. The rider appears calm and focused, while the elephant looks slightly restless, with its trunk holding some greenery. The background is minimalistic, drawing attention to the central metaphor of the rider and elephant.</image_summary>\n</summary>"
    },
    "4": {
      "summary": "<summary>\nThe page discusses the concept of diminishing marginal utility in standard consumption economics, emphasizing that variety is crucial because repeated consumption of the same item leads to a decrease in enjoyment. It suggests that when utility diminishes, it is beneficial to switch to another choice to maintain satisfaction.\n\n<table_summary>Table 1: This table illustrates the diminishing marginal utility of consuming hot dogs. It shows the number of hot dogs consumed (ranging from 1 to 6) and the corresponding utility derived from each hot dog. The utility starts at +10 for the first hot dog, decreases to +4 for the second, drops to 0 for the third, and becomes negative (-1, -4, -10) for subsequent hot dogs, demonstrating how enjoyment diminishes with increased consumption.</table_summary>\n\n<image_summary>The image shows a child eating a hot dog, visually reinforcing the concept of diminishing marginal utility by depicting the act of consuming food, which is the subject of the table and discussion.</image_summary>\n</summary>"
    },
    "5": {
      "summary": "<summary>\nThe page discusses the concept of diminishing marginal utility in the context of competitive hot dog eating, using Joey Chestnut's performance in the 2007 Nathan's Famous Hot Dog Eating Contest as an example. It contrasts two scenarios: \"Diminishing marginal utility\" and \"Differential outcome,\" illustrating how the perceived value (utility) of consuming each additional hot dog changes under different conditions. The main takeaway is that while individual satisfaction may decrease with each hot dog consumed (diminishing marginal utility), the cumulative effect of focus and competition can lead to significantly positive outcomes (differential outcome).\n\n<table_summary>Table 1 (left): This table illustrates the concept of diminishing marginal utility by showing the utility derived from consuming each additional hot dog. As more hot dogs are consumed, the utility decreases, eventually becoming negative, indicating discomfort or dissatisfaction.</table_summary>\n\n<table_summary>Table 2 (right): This table represents the differential outcome scenario, where the utility from consuming each hot dog remains neutral or even negative until the final hot dog eaten, which provides a massive positive utility (+5000 or +10000). This highlights the impact of competition and focus on achieving a significant goal.</table_summary>\n\n<image_summary>The central image shows Joey Chestnut during the 2007 Nathan's Famous Hot Dog Eating Contest, holding a large pile of hot dogs. A label indicates the point where he ties Takeru Kobayashi for the championship, emphasizing the competitive context of the example.</image_summary>\n</summary>"
    },
    "6": {
      "summary": "<summary>\nThe page discusses the relationship between focus, enjoyment, and outcomes in the context of practice and activity. It emphasizes that focused practice enhances the overall experience and likelihood of success by building skills and experience over time. The text highlights two key benefits of practice: improved activity experience due to accumulated skill (\"consumption capital\") and improved activity outcome due to cumulative experience (\"human production capital\"). The page also includes quotes that illustrate how practice can make an activity more enjoyable and increase the chances of winning, which is further reinforced by the accompanying image.\n\n<image_summary>The image shows a young girl stretching on a grassy field, wearing athletic attire, including a red jersey and dark socks. This visual reinforces the theme of physical activity and preparation through practice.</image_summary>\n</summary>"
    },
    "7": {
      "summary": "<summary>\nThe page features a visually striking image that emphasizes the importance of focus in achieving mastery. It poses the question, \"How important is focus when trying to achieve mastery in some area?\" The image is divided into two identical halves, each showing a man in a suit covering his face with his hands, appearing confused or overwhelmed. Above him, yellow sticky notes are arranged to form a large question mark, symbolizing uncertainty or the need for clarity and focus.\n\n<image_summary>The image uses a green background and the repeated motif of the question mark made from sticky notes to convey a sense of inquiry and the challenges associated with mastering a skill or concept. The man's posture suggests frustration or confusion, highlighting the difficulty one might face without proper focus.</image_summary>\n</summary>"
    },
    "8": {
      "summary": "<summary>\nThe page discusses the concept of \"Focus and differential outcomes\" and poses two rhetorical questions: \"Does musical talent exist?\" and \"Does athletic talent exist?\" The text suggests an affirmative answer to these questions, as indicated by the phrase \"Obviously, Yes, Right?\" placed near an image. The image features two individuals dressed in colorful, formal attire, one wearing an orange suit and hat, and the other in a white suit and hat. Their expressions and body language appear to convey surprise or amazement, possibly aligning with the rhetorical nature of the questions posed.\n\n<image_summary>The image shows two individuals in vibrant, formal outfits standing side by side. The person on the left wears an orange suit and hat, while the person on the right is dressed in a white suit and hat. Both appear to have surprised or amazed facial expressions, contributing to the humorous tone of the page.</image_summary>\n</summary>"
    },
    "9": {
      "summary": "<summary>\nThe page presents a contrary argument regarding the nature of talent. It discusses findings suggesting that, beyond basic physical attributes like dexterity or height, talent is primarily the result of accumulated hours of focused practice with appropriate feedback. The text then poses two thought-provoking questions: \"Does musical talent exist?\" and \"Does athletic talent exist?\" These questions challenge the conventional notion of innate talent.\n\n<image_summary>The image shows a stopwatch, symbolizing the accumulation of time and effort, which aligns with the theme of practice and dedication discussed in the text.</image_summary>\n</summary>"
    },
    "10": {
      "summary": "<summary>\nThe page discusses different categories of violin talent under the heading \"Talent on the violin.\" It lists four distinct groups: \n1. Professional performers,\n2. Performance track university violin students judged \"best\" by professors,\n3. Performance track university violin students judged \"good\" by professors,\n4. Teacher track violin students.\n\nThe page includes an image of a violin and bow, which serves as a visual representation of the subject matter. The violin is depicted in a realistic style, highlighting its craftsmanship and design.\n\n<image_summary>The image shows a detailed rendering of a violin with a bow placed beside it, emphasizing the instrument's role in the context of violin talent.</image_summary>\n</summary>"
    },
    "11": {
      "summary": "<summary>\nThe page discusses the relationship between practice hours and talent in violinists, based on a study by Ericsson, Krampe, and Tesche-Romer (1993). It highlights how different groups of violinists—classified as \"Best/Good,\" \"Teachers,\" and \"Professionals\"—accumulate practice hours over time, starting from childhood. The study suggests that early divergence in practice hours correlates with later performance levels, challenging the notion that talent alone determines success.\n\n<figure_summary>Figure 1: A line graph titled \"Talent on the violin\" plots the \"Estimated Accumulated Practice (Hours)\" against the \"Age of the Violinists (Years).\" Four groups are represented: \"Best\" (squares), \"Good\" (circles), \"Teachers\" (dots), and \"Professionals\" (triangles). The graph shows a clear upward trend for all groups, with the \"Best\" group consistently accumulating more practice hours than the others, especially noticeable at younger ages. A red annotation notes \"early divergence\" around age 8.</figure_summary>\n\nThe text on the right side explains the categorization of the groups:\n- **Best/Good**: University violin students who judged the best or good talent.\n- **Teachers**: Teacher-track violin students (not performers).\n- **Professionals**: Professional violinists.\n\nThe bottom of the page poses a question: \"Can you find the talented violinists with fewer hours of practice?\" This prompts reflection on whether talent can be identified independently of practice hours.\n\nThe source citation at the bottom indicates the study's origin: Ericsson (U. Colorado), Krampe, Tesche-Romer (Max Planck Institute - Berlin), 1993, published in *Psychological Review*, vol. 100, p. 379.\n</summary>"
    },
    "12": {
      "summary": "<summary>\nThe page discusses adult piano players with 5-20+ years of experience, focusing on the comparison between expert-level ability and amateur-level ability. The primary visual element is an image of a grand piano, which serves as a central theme for the discussion about piano playing skills.\n\n<image_summary>The image features a black grand piano with its lid open, showcasing the keyboard. This visual emphasizes the subject matter of piano playing and sets the context for the comparison between different skill levels.</image_summary>\n\nThe text at the top highlights the target audience: adult piano players with significant experience ranging from 5 to over 20 years. At the bottom, the contrast between \"Expert Level Ability\" and \"Amateur Level Ability\" is explicitly stated, suggesting that the page will explore the differences in proficiency among experienced players.\n</summary>"
    },
    "13": {
      "summary": "<summary>\nThe page discusses the relationship between practice hours and expertise in piano playing, based on a retrospective study by Ericsson, Krampe, and Tesche-Romer (1993). The study examines expert-level and amateur-level adult pianists who have practiced for 5–20+ years. The central question posed is whether \"talent\" is related to the number of hours spent practicing.\n\n<figure_summary>Figure 1: A line graph titled \"Talent on the piano,\" showing the estimated accumulated practice hours (in thousands) against the age of pianists (in years). Two lines represent \"Experts\" (solid black circles connected by a line) and \"Amateurs\" (open white circles connected by a line). The graph highlights an \"early divergence\" where experts accumulate significantly more practice hours compared to amateurs as they progress in age.</figure_summary>\n\nThe study suggests that there is a noticeable difference in practice habits between experts and amateurs, with experts consistently dedicating more time to deliberate practice. The graph visually emphasizes this divergence, indicating that early and consistent practice may play a crucial role in achieving expert-level performance.\n\nThe reference provided at the bottom cites the original research: Ericsson (U. Colorado), Krampe, Tesche-Romer (Max Planck Institute - Berlin), 1993, *The role of deliberate practice in the acquisition of expert performance*, Psychological Review, 100, p. 385.\n</summary>"
    },
    "14": {
      "summary": "<summary>\nThe page discusses the innate differences between piano experts and others, focusing on cognitive-motor skills. It highlights that there were no general differences in cognitive-motor skills between piano experts and non-experts. However, it notes significant differences in specific abilities, such as single-hand movements, mirror-image movements in both hands, and the ability to perform different movements in opposite hands.\n\n<image_summary>The image on the right side of the page shows a close-up of two hands pressed together in a prayer-like gesture. This image may symbolize focus, precision, or the intricate hand movements required in piano playing, aligning with the discussion of hand-specific motor skills.</image_summary>\n</summary>"
    },
    "15": {
      "summary": "<summary>\nThe page poses a question about the innate differences of piano experts, specifically focusing on whether their hand skills are due to innate talent or accumulated practice. It presents two options for consideration:  \na) Whether these skills are an example of innate talent.  \nb) Whether they are simply a reflection of accumulated hours of practice.  \n\n<image_summary>The image on the right side of the page shows a close-up of hands pressed together in a gesture often associated with prayer or concentration. This visual element complements the theme of skill and focus, potentially symbolizing dedication or the effort required to develop expertise.</image_summary>\n</summary>"
    },
    "16": {
      "summary": "<summary>\nThe page discusses the relationship between core physical abilities and accumulated practice, emphasizing how differences in performance reflect the amount of practice individuals have undergone. The content is supported by three scatter plots, each illustrating the correlation between log-transformed accumulated practice (in hours) and log-transformed interstroke interval (in milliseconds). The title at the top reads, \"Core physical ability differences reflect accumulated practice,\" indicating the central theme of the page.\n\n<figure_summary>Figure 1: Three scatter plots showing the relationship between log-transformed accumulated practice (hours) and log-transformed interstroke interval (milliseconds). Each plot represents a different type of movement: Single Hands, Mirror Image Movements, and Different Movements. Dark circles represent experts, while empty circles represent amateurs. The plots display strong negative correlations (r = -0.867, r = -0.865, and r = -0.857), suggesting that as accumulated practice increases, the interstroke interval decreases, indicating improved performance.</figure_summary>\n\nThe bottom of the page clarifies that dark circles represent experts, while empty circles represent amateurs. This distinction helps in interpreting the data shown in the scatter plots. The reference at the bottom cites Ericsson (U. Colorado), Krampe, and Tesche-Römer (Max Planck Institute - Berlin, 1993), linking the findings to their research on deliberate practice and expert performance published in *Psychological Review*.\n\nOverall, the page highlights the role of accumulated practice in enhancing core physical abilities across various types of movements, supported by empirical evidence from scatter plots and a well-cited study.\n</summary>"
    },
    "17": {
      "summary": "<summary>\nThe page presents a study focused on Belgian soccer players who are approximately 25 years old and have been playing soccer since they were around 5 years old. The text highlights the varying levels of competition in which these players currently participate, ranging from local (\"provincial\") competitions to national and international competitions. The study questions whether there are any significant differences among these groups of players based on their current level of play.\n\n<image_summary>The background image shows three soccer players in action on a field. One player in an orange jersey is actively dribbling the ball, while two other players—one in a red and white striped jersey and another in a white jersey with the number 16—are attempting to challenge or defend against him. The scene captures the intensity and physicality of a soccer match.</image_summary>\n</summary>"
    },
    "18": {
      "summary": "<summary>\nThe page discusses expertise in soccer, focusing on three groups of players in Belgian soccer leagues who are all approximately 25 years old and started playing at around age 5. The study examines the relationship between accumulated practice hours and career progression across different levels of play: international, national, and provincial.\n\n<figure_summary>Figure 1: A line graph titled \"ACCUMULATED PRACTICE (hours)\" plots the total practice hours against \"YEARS INTO CAREER\" and \"CHRONOLOGICAL AGE.\" The graph shows three distinct lines representing the three groups: international (black circles), national (white squares), and provincial (gray triangles). Each line demonstrates an upward trend, indicating increasing practice hours over time, with the international group accumulating the most practice hours, followed by the national and then the provincial groups.</figure_summary>\n\nThe source of the data is cited as Helsen, et al. (2000), published in the *Journal of Sports Sciences*, which explores the roles of talent, physical precocity, and practice in the development of soccer expertise.\n</summary>"
    },
    "19": {
      "summary": "<summary>\nThe page discusses a study focusing on soccer players in the UK aged 9-18, specifically examining the differences between national-level players and local-level players in terms of their participation in other sports. The text highlights the contrast in their engagement with activities beyond soccer.\n\n<image_summary>The image shows a young soccer player in action, kicking a soccer ball on a grassy field. The player is wearing a red hat, black shorts, and maroon socks, emphasizing the theme of youth soccer.</image_summary>\n</summary>"
    },
    "20": {
      "summary": "<summary>\nThe page presents a study focusing on soccer players in the UK aged 9-18. It poses a question comparing national-level youth players to local-level youth players regarding their participation in other sports. The question asks whether national-level youth players accumulate more hours, fewer hours, or the same number of hours in other sports compared to their local-level counterparts. \n\n<image_summary>The background image shows a close-up of a soccer ball on a grass field, with a player's foot about to kick it, emphasizing the theme of soccer and youth sports.</image_summary>\n</summary>"
    },
    "21": {
      "summary": "<summary>\nThe page presents a study comparing the accumulated hours spent playing other sports by soccer players in the UK, aged 9-18, categorized into two groups: nationally competitive players and local players. The focus is on the balance between specialization (focus) and participation in a variety of sports. Two line graphs illustrate the data for each group, showing the accumulated hours across different age groups (U-9 to U-18) for three activities: practice, playful activities, and match-play.\n\n<figure_summary>Figure 1a: This graph represents the accumulated hours for nationally competitive soccer players. It shows a steady increase in hours for all three activities (practice, playful activities, and match-play) as the age group progresses. The error bars indicate variability in the data.</figure_summary>\n\n<figure_summary>Figure 1b: This graph represents the accumulated hours for local soccer players. Similar to Figure 1a, it shows an increase in hours for all activities with age. However, the total accumulated hours are lower compared to the nationally competitive group, especially for match-play. A horizontal dashed blue line at 1500 hours highlights a threshold or benchmark for comparison.</figure_summary>\n\nThe study emphasizes the differences in training and activity patterns between elite and local players, suggesting that nationally competitive players engage more intensely in deliberate practice and match-play compared to their local counterparts. The source of the study is cited as Ward, et al (2007), published in *High Ability Studies*.\n\n</summary>"
    },
    "22": {
      "summary": "<summary>\nThe page discusses the importance of accumulated hours spent playing or practicing soccer. It poses a question about whether the type of practice or play has an impact on skill development. The text emphasizes the significance of time invested in soccer activities but also invites reflection on the quality or nature of that practice.\n\n<image_summary>The image shows a soccer player in action, wearing a blue and black patterned jersey with the number \"5\" visible. The player is mid-air, performing a header with a soccer ball against a clear blue sky background. This visual reinforces the theme of soccer practice and performance.</image_summary>\n</summary>"
    },
    "23": {
      "summary": "<summary>\nThe page discusses three types of soccer activities: individual practice, team practice, and playful activities. It poses a question about national-level youth players, asking which of the following statements best describes their engagement in these activities:\na) They get more hours in all three activities.\nb) They get more hours in practice but fewer hours in playful activities.\nc) They get more hours only in playful activities.\nd) They get more hours in team practice and playful activities, but not in individual practice.\ne) They get more hours in individual practice and playful activities, but not in team practice.\n\nThe page includes an image of a soccer player performing a header, which visually reinforces the theme of soccer activities.\n\n<image_summary>The image shows a soccer player wearing a blue and black uniform, actively heading a soccer ball against a clear blue sky. This visual element emphasizes the physical aspect of soccer training and practice.</image_summary>\n</summary>"
    },
    "24": {
      "summary": "<summary>\nThe page presents a study comparing the accumulated soccer-related hours of nationally competitive players versus local players across different age groups (U-9 to U-18). The focus is on distinguishing between deliberate practice (team practice, individual practice) and playful activities (match-play and other activities). The study highlights how nationally competitive players accumulate significantly more deliberate practice hours compared to local players, emphasizing the importance of focused training in skill development.\n\n<figure_summary>Figure a: This line graph illustrates the accumulated hours of soccer-related activities for nationally competitive players. It shows four categories: team practice (black circles), individual practice (red squares), playful activities (blue diamonds), and match-play (green triangles). The graph demonstrates a steady increase in accumulated hours across age groups, with team practice and individual practice contributing most significantly to the total hours.\n\nFigure b: This line graph represents the same data for local players. Similar to Figure a, it includes the same four categories. However, the accumulated hours are notably lower compared to nationally competitive players, especially in deliberate practice categories like team and individual practice.</figure_summary>\n\nThe study concludes that deliberate practice plays a crucial role in the development of expertise among soccer players, as evidenced by the higher accumulation of such hours in nationally competitive players. The research is cited from Ward, et al. (2007), published in *High Ability Studies*.\n</summary>"
    },
    "25": {
      "summary": "<summary>\nThe page discusses the contrast between \"Variety/playing around\" and \"Focus/deliberate practice,\" using an analogy involving a rider and an elephant. The rider represents long-term planning and deliberate focus, while the elephant symbolizes short-term impulses and a preference for variety. The rider understands the benefits of focused, deliberate practice over time, whereas the elephant enjoys variety but resists focused repetition. This metaphor highlights the internal struggle between rational, patient decision-making and impulsive, immediate desires.\n\n<figure_summary>Figure 1: An illustration of a rider on top of an elephant. The rider is depicted as a planner in a \"Cold state,\" holding reins to guide the elephant, which represents the \"Hot state\" of impulsivity. The elephant is shown with hay, symbolizing its preference for variety and playfulness.</figure_summary>\n\n<image_summary>The image includes a cartoon-style depiction of a rider on an elephant. The rider is dressed casually, holding reins, and appears calm and focused. The elephant is large, with a neutral expression, and has hay around it, emphasizing its liking for variety.</image_summary>\n\nThe blue box on the left lists characteristics of the rider: \"Long-term Patient Planner, Impartial spectator, Deliberative Cold state.\" The red box on the right lists characteristics of the elephant: \"Short-term Impulsive Doer, Passions, Affective/Visceral Hot state.\" These labels reinforce the dichotomy between deliberate focus and spontaneous behavior.\n</summary>"
    },
    "26": {
      "summary": "<summary>\nThe page emphasizes the critical role of feedback in learning and improvement. It highlights that without adequate feedback, efficient learning is impossible, even for highly motivated individuals, and mere repetition does not guarantee progress. The text includes a quote from Ericsson, Krampe, and Tesche-Romer (1993) from *Psychological Review*, which underscores the necessity of deliberate practice for achieving expert performance. The phrase \"Practice ≠ Perfect; Perfect Practice = Perfect\" further reinforces the idea that quality practice, informed by feedback, is essential for mastery.\n\n<image_summary>The image shows two individuals performing handstands on a grassy field, with one person wearing blue sports attire and the other in green. The caption \"Ready for the Tour de France yet?\" humorously contrasts the physical activity depicted with the demanding nature of the Tour de France cycling race, suggesting that while the individuals are practicing, they are far from being ready for such an intense challenge.</image_summary>\n\nThe overall message of the page is that feedback is indispensable for effective learning and improvement, and that deliberate, focused practice is necessary to achieve expertise.\n</summary>"
    },
    "27": {
      "summary": "<summary>\nThe page discusses the importance of experience and expert feedback in achieving continued improvement, emphasizing that expertise requires deliberate practice beyond automaticity. It highlights the challenge for aspiring experts to avoid \"arrested development,\" which occurs when skills plateau due to reliance on automatic routines, and instead focus on continuous learning and improvement.\n\n<figure_summary>Figure 1: This figure illustrates the relationship between experience and performance across different skill levels. It shows three curves representing \"Everyday Skills,\" \"Arrested Development,\" and \"Expert Performance.\" The \"Everyday Skills\" curve plateaus early, indicating automaticity and arrested development. The \"Arrested Development\" curve shows a slight increase but then stagnates. In contrast, the \"Expert Performance\" curve continues to rise steeply, demonstrating the potential for ongoing improvement with deliberate practice.</figure_summary>\n\nThe text references Ericsson's work (2004) on deliberate practice, which underscores the need for continuous learning and improvement to achieve expert-level performance. The upper arm of the \"Expert Performance\" curve in the figure visually represents this concept of sustained growth through deliberate practice.\n</summary>"
    },
    "28": {
      "summary": "<summary>\nThe page discusses a study comparing the diagnostic accuracy of different groups of doctors—specialists (cardiologists), general practitioners (GPs), and residents (new physicians completing residency)—in identifying heart sounds and murmurs from recordings of healthy and sick patients. The study aims to determine which group performs most accurately in this task. The page presents multiple-choice options (a through e) ranking the groups based on their performance, with specialists consistently ranked first across all options. The source of the study is cited as Butterworth and Reppert (1960), published in the *Journal of the American Medical Association*, and the graph is attributed to Ericsson (2004) from *Academic Medicine*.\n\n<image_summary>An illustration of a stethoscope is shown on the right side of the page, symbolizing the medical context of the study and the tool used by doctors to listen to heart sounds.</image_summary>\n</summary>"
    },
    "29": {
      "summary": "<summary>\nThe page discusses the concept of \"Focus v. variety in medical skills\" and presents a graph illustrating two trends in the development of medical performance based on experience and instruction. The graph compares the performance trajectories of specialists, residents, and general practitioners over time, highlighting how different levels of specialization and experience affect skill acquisition and maintenance.\n\n<figure_summary>Figure 4: This graph depicts two distinct trends in medical performance. The solid line represents specialists, showing a steep increase in performance during residency and plateauing at a high level after becoming a specialist. The dashed line represents general practitioners, whose performance increases more gradually and plateaus at a lower level compared to specialists. The x-axis represents \"Instruction and Experience,\" divided into intervals of 0-9 years, 10-20 years, and over 20 years, while the y-axis represents \"Performance.\" Key labels include \"Student,\" \"Resident,\" \"Specialist,\" and \"General Practitioners.\"</figure_summary>\n\nThe page cites sources for the data and graph, including Butterworth and Reppert (1960) and Ericsson (2004), indicating that the graph is derived from research on deliberate practice and expert performance in medicine.\n</summary>"
    },
    "30": {
      "summary": "<summary>\nThe page discusses a study involving 108 college football players from five teams in the southeast. The primary focus of the study is to identify the factors that differentiate starters from other team members. The text poses a central question: \"What factors were different between starters and other team members?\" \n\n<image_summary>An image of a football player wearing a red jersey with the number \"8\" and a white helmet is shown. The player is holding a football and appears to be in motion, suggesting an active play scenario.</image_summary>\n\nThe visual element complements the textual content by illustrating the subject matter of the study—college football players and their performance dynamics.\n</summary>"
    },
    "31": {
      "summary": "<summary>\nThe page discusses the factors tested in a study comparing starters to other players in sports. The factors include physical attributes such as height, weight, back squat maximum, bench press maximum, and forty-yard dash times. Additionally, it covers demographic and educational background variables like age, high school size, state of competition, parents' education levels, parental presence during upbringing, high school GPA, and SAT scores. Lastly, the study includes 28 psychological questions grouped into seven subscales. The analysis uses stepwise discriminant analysis to compare otherwise similar players.\n\n<image_summary>The background image shows a close-up of hands holding an American football, emphasizing the sports context of the study.</image_summary>\n</summary>"
    },
    "32": {
      "summary": "<summary>\nThe page poses a question about distinguishing factors between starters and other players in sports, specifically highlighting 12 significant factors identified through a stepwise discriminant analysis. These factors include physical attributes such as height, weight, strength (back squat and bench press maximums), and speed (forty-yard dash). Additionally, it considers background factors like high school size, state of competition, parental education levels, parental presence during upbringing, high school GPA, and SAT scores. The analysis aims to compare otherwise similar players to identify distinguishing characteristics.\n\n<image_summary>A black-and-white photograph of a person holding a football is displayed on the right side of the page. The image emphasizes the theme of sports and athleticism, reinforcing the context of the discussion about player performance and selection.</image_summary>\n\n*Note: The asterisk at the bottom indicates that the analysis compares otherwise similar players, suggesting a focus on subtle differences among comparable individuals.*\n</summary>"
    },
    "33": {
      "summary": "<summary>\nThis page presents a study focusing on college football players, highlighting significant differences among starters in terms of age, one psychological subscale, and not being from small high schools (3A or below). The text explains that athletes from larger schools may have an advantage due to their ability to specialize in one position, whereas smaller school athletes often play multiple roles (\"Ironman Football\"). Larger school athletes also benefit from more focused practice hours with coaches, which enhances their skill development. The source of this information is cited as a 2007 article by Spieler, Czech, Joyner, Munkasy, Gentner, and Long, published in *Athletic Insight: The online journal of sport psychology*.\n\n<image_summary>An image of a close-up view of a football is included, showing the laces and part of the leather surface, symbolizing the subject matter of the study.</image_summary>\n</summary>"
    },
    "34": {
      "summary": "<summary>\nThe page explores the concept of \"elephant control\" in relation to college football starting status, focusing on psychological traits that contribute to emotional regulation and performance under pressure. It highlights a significant psychological subscale consisting of four statements that reflect emotional control and resilience. These statements emphasize maintaining composure, calming oneself during adversity, relaxing physically when tense, and staying positive and enthusiastic regardless of circumstances.\n\n<image_summary>The central image features an elephant being guided by a person sitting atop it, holding reins. This visual metaphor represents the idea of controlling one's emotions and impulses, akin to guiding an elephant. The elephant is adorned with green foliage, symbolizing calmness and stability.</image_summary>\n\n<figure_summary>Figure 1: The image uses contrasting colors (blue and red) to represent long-term and short-term psychological states. The blue section on the left lists traits associated with long-term control, such as patience, planning, impartiality, deliberation, and a cold state. The red section on the right lists traits associated with short-term impulsivity, such as doing things impulsively, acting on passions, and being in an affective or visceral hot state. This visual contrast underscores the dichotomy between controlled and uncontrolled behavior.</figure_summary>\n</summary>"
    },
    "35": {
      "summary": "<summary>\nThe page discusses examples of hours accumulation, specifically highlighting a quote attributed to a professional football player. The quote states, \"The first 10 years, my wife and I didn’t take a vacation,\" emphasizing the dedication and time commitment required in professional sports careers.\n\nThere are no tables, figures, charts, diagrams, or images present on this page. The content focuses solely on the textual information provided in the quote and its context.\n</summary>"
    },
    "36": {
      "summary": "<summary>\nThe page is titled \"Examples of hours accumulation\" and focuses on highlighting the career achievements of Jerry Rice, a legendary American football player. The content is divided into three sections: Career Records, Playoff Records, and Super Bowl Records, each listing key statistics such as all-purpose yards, touchdowns, receptions, and yards receiving. The page uses a combination of text and an image to emphasize Rice's exceptional performance.\n\n<image_summary>The image shows Jerry Rice in action during a football game. He is wearing a red jersey and is in the process of catching a football while being tackled by a player in a white jersey. The scene captures the intensity and athleticism associated with his career.</image_summary>\n\nThe Career Records section lists impressive stats such as 23,546 all-purpose yards, 208 touchdowns, and 1,549 receptions. The Playoff Records highlight 2,245 yards receiving, 22 touchdowns, and 151 receptions. Finally, the Super Bowl Records mention 604 all-purpose yards, 8 touchdowns, and a record 215 yards receiving in a single game. These statistics underscore Rice's dominance and longevity in the sport.\n</summary>"
    },
    "37": {
      "summary": "<summary>\nThe page discusses \"Examples of hours accumulation\" and highlights Sinclair Lewis, the first American to receive the Nobel Prize in Literature. It recounts an anecdote where Sinclair Lewis was booked to give a lecture at Columbia University on writing. During the lecture, he asked the audience, \"How many of you here are really serious about being writers?\" Most of the audience raised their hands in response. The page includes two images: one of Sinclair Lewis and another showing a large audience seated in an auditorium, presumably during his lecture.\n\n<image_summary>The top right image is a black-and-white portrait of Sinclair Lewis, showcasing his facial features and attire.</image_summary>\n\n<image_summary>The bottom right image is a black-and-white photograph of a large audience seated in an auditorium, facing a stage, indicating the setting of Sinclair Lewis's lecture.</image_summary>\n</summary>"
    },
    "38": {
      "summary": "<summary>\nThe page discusses \"Examples of hours accumulation\" and features a quote attributed to Lewis: “Well, why the hell aren’t you all home writing?” followed by the statement \"And he sat down.\" This suggests a focus on productivity and the importance of dedicated time for writing or creative work.\n\n<image_summary>The top right corner contains a black-and-white photograph of a man, presumably Lewis, who appears to be speaking or addressing an audience. His expression conveys a sense of urgency or emphasis, aligning with the tone of the quote.</image_summary>\n\n<image_summary>The bottom part of the page shows a black-and-white photograph of a large audience seated in rows, facing a stage. This image likely represents a lecture hall or conference setting, where the quote might have been delivered. The audience's attentive posture suggests engagement with the speaker's message.</image_summary>\n</summary>"
    },
    "39": {
      "summary": "<summary>\nThe page discusses the concept of \"Talent v. 10,000 hours,\" emphasizing research findings that suggest mastery in various fields requires approximately 10 years or 10,000 hours of deliberate practice with appropriate feedback. The fields mentioned include music, mathematics, chess, composing, tennis, swimming, running, soccer, writing, poetry, and scientific research. The research cited is from Ericsson (U. Colorado), Krampe, and Tesche-Romer (Max Planck Institute, Berlin) in 1993, published in *Psychological Review*, highlighting the role of deliberate practice in achieving expert performance.\n\n<image_summary>The top right image shows a person wearing a lab coat using a microscope, symbolizing scientific research and the dedication required for mastery. The bottom right image depicts a hand holding a pencil, writing on paper, representing creative or intellectual work, further illustrating the theme of deliberate practice across different disciplines.</image_summary>\n</summary>"
    },
    "40": {
      "summary": "<summary>\nThe page explores the topic of young phenoms and child prodigies across various fields, highlighting exceptional individuals who achieved remarkable success at a young age. It features examples such as Bobby Fischer, Mozart, The Beatles, and Bryce Harper, each representing different domains—chess, music, entertainment, and sports, respectively.\n\n<image_summary>Bobby Fischer: A photograph of Bobby Fischer seated at a chessboard, labeled as \"International Chess Grand Master at 15,\" showcasing his early mastery in chess.</image_summary>\n\n<image_summary>Mozart: A classical portrait of Wolfgang Amadeus Mozart, labeled as \"Child prodigy,\" emphasizing his musical genius from a young age.</image_summary>\n\n<image_summary>The Beatles: A black-and-white image of The Beatles, a legendary rock band, illustrating their rise to fame as young musicians.</image_summary>\n\n<image_summary>Bryce Harper: A Sports Illustrated cover featuring Bryce Harper, labeled as \"Baseball's Chosen One.\" The accompanying text highlights his achievements as a 16-year-old baseball phenom, including hitting the longest distance home run ever at Tropicana Field and a 570 ft home run during a high school game at age 15.</image_summary>\n\nThe page uses these examples to illustrate the concept of prodigious talent emerging early in life, across diverse fields, and emphasizes the extraordinary accomplishments of these individuals at a young age.\n</summary>"
    },
    "41": {
      "summary": "<summary>\nThis page provides an overview of Bobby Fischer's early life and chess career, highlighting his rapid rise to becoming an international chess grandmaster at the age of 15. Key points include his start in chess at age 6, weekly tutoring by the president of the Brooklyn chess club beginning at age 7, and joining a strong chess club at age 12 where he trained regularly with chess master Jack Collins and had access to a library of chess books. The page concludes with the result of this intense training: achieving mastery in 9 years instead of the typical 10, attributed to the intensity and hours of practice.\n\n<image_summary>The image shows Bobby Fischer seated at a chessboard, dressed formally in a suit and tie, with chess pieces visible on the board in front of him. This visual reinforces the theme of his dedication and expertise in chess.</image_summary>\n</summary>"
    },
    "42": {
      "summary": "<summary>\nThe page focuses on Bryce Harper, highlighting his exceptional talent and achievements in baseball. Key points include his status as a 16-year-old baseball prodigy, his record-breaking 570-foot home run during a high school game at age 15, and his distinction of hitting the longest distance home run ever at Tropicana Field. The page also includes a link to an ESPN article and a video titled \"Bryce Harper 1.wmv,\" starting at 3:16.\n\n<image_summary>The right side of the page features the cover of *Sports Illustrated* magazine, showcasing Bryce Harper mid-swing. The cover emphasizes his nickname, \"Baseball's Chosen One,\" and highlights his impressive statistics: a 570-foot home run, 96 mph fastballs, and his age of 16. The background depicts a desert landscape, adding a dramatic effect to the image.</image_summary>\n\nThe overall tone of the page celebrates Harper's extraordinary skills and early success in the sport.</summary>"
    },
    "43": {
      "summary": "<summary>\nThe page discusses Bryce Harper's early dedication to baseball and his development through the travel baseball industry. It highlights that Bryce Harper started playing T-ball at age three against older children and has played between 80 and 130 baseball games annually for seven years. The text emphasizes how the travel baseball industry grew significantly during his childhood, providing numerous tournaments, all-star games, showcases, wood-bat leagues, USA Baseball youth teams, and scout teams sponsored by major league clubs. This extensive exposure and competition contributed to his development as a player.\n\n<image_summary>The right side of the page features the cover of a Sports Illustrated magazine. The cover prominently displays an action shot of Bryce Harper in a red jersey (number 34) mid-swing, with a desert-like background. The headline reads \"BASEBALL'S CHOSEN ONE\" and describes him as \"THE MOST EXCITING PRODIGY SINCE LEBRON.\" Additional text includes statistics such as \"57 HOME RUNS,\" \"96 FASTBALLS,\" and \"16 YEARS OLD.\" The cover also mentions NBA Finals and Stanley Cup content, indicating it is a multi-sport issue.</image_summary>\n\nThe quote at the bottom of the page is attributed to the Sports Illustrated issue shown, along with a timestamp (\"3:16-4:29\") and a link to an ESPN story about Bryce Harper.\n</summary>"
    },
    "44": {
      "summary": "<summary>\nThe page discusses Wolfgang Amadeus Mozart's early works in the context of his development as a composer. It highlights that, by the standards of mature composers, Mozart's early compositions were not considered outstanding. However, it notes that one of his earliest concertos now regarded as a masterwork (No. 9, K 271) was composed when he was 21 years old, after already having composed concertos for ten years. The quote is attributed to Michael Howe from his book \"Genius Explained.\"\n\n<image_summary>An illustration of Wolfgang Amadeus Mozart is included on the right side of the page. He is depicted wearing an 18th-century style red jacket with gold trim and a powdered wig, characteristic of his era.</image_summary>\n</summary>"
    },
    "45": {
      "summary": "<summary>\nThe page provides an overview of The Beatles' early career, focusing on their formative years in Hamburg, Germany. It highlights their intense performance schedule, noting that they played 8 hours a night, 7 days a week, accumulating 270 nights of performing over 1.5 years. By 1964, when they arrived in the United States, they had performed at least 1,200 gigs, totaling approximately 8,400 hours. A quote from \"Shout! The Beatles in Their Generation\" by P. Norman emphasizes how their extensive experience in Hamburg significantly contributed to their musical development, stating, \"They were no good onstage when they went there and they were very good when they came back... It was the making of them.\"\n\n<image_summary>The image shows a black-and-white photograph of The Beatles, featuring all four members—John Lennon, Paul McCartney, George Harrison, and Ringo Starr—dressed in suits. They appear relaxed and posed together, with two standing and one sitting on a chair, reflecting their iconic style during the early 1960s.</image_summary>\n</summary>"
    },
    "46": {
      "summary": "<summary>\nThe page discusses the concept of \"magic\" in the context of talent and expertise. It suggests that even in mythic tales of seemingly overwhelming and undeniable talent, the widely recognized guidelines of 10 years or 10,000 hours of practice still apply, implying that mastery requires significant dedication and effort rather than innate ability alone.\n\n<image_summary>The right side of the page features a black-and-white silhouette of a magician performing a trick. The figure is holding a wand in one hand and a top hat in the other, symbolizing the illusion of magic and its connection to skill and practice.</image_summary>\n</summary>"
    },
    "47": {
      "summary": "<summary>\nThe page presents a conceptual comparison between \"the power of intentional focus\" and \"the dissipation of variety.\" It emphasizes the importance of focused effort over scattered attention, highlighting three key powers derived from intentional focus: avoiding negative addictions, pursuing positive addictions, and becoming the best in one's endeavors. The visual elements reinforce this message through symbolic hand gestures.\n\n<image_summary>The image features two hands positioned side by side against a dark background. The left hand is clenched into a fist, symbolizing concentration and determination, while the right hand is open with fingers spread wide, representing the dispersal of energy or lack of focus. This visual contrast underscores the theme of intentional focus versus dissipation.</image_summary>\n\nThe bullet points listed below the title further elaborate on the benefits of intentional focus, providing practical applications of the concept discussed. Overall, the page aims to inspire readers to prioritize focused effort over diversification for personal growth and success.\n</summary>"
    },
    "48": {
      "summary": "<summary>\nThis page introduces the author and provides information about the slides being shared. It is authored by Russell James III, J.D., Ph.D., CFP®, an Associate Professor in the Division of Personal Financial Planning at Texas Tech University. His contact email is provided as russell.james@ttu.edu. The page encourages users to utilize the slides and directs them to click a link if they plan to use the material in a classroom setting. Additionally, it mentions that the outline for this behavioral economics series can be found at a provided Slideshare URL.\n\n<image_summary>The right side of the page features a professional headshot of Russell James III, wearing glasses, a suit, and a tie.</image_summary>\n</summary>"
    }
  }
}