{
  "doc_id": "disciplined-agile-business-analysis-160218012713_95.pdf",
  "pages": {
    "1": {
      "summary": "<summary>\nThis page serves as the title slide for a presentation or document titled \"Disciplined Agile Business Analysis.\" It introduces the topic and credits two authors: Scott W. Ambler from Scott Ambler + Associates and Jon Smart from Barclays. The page prominently features the \"Disciplined Agile\" logo in the top right corner and the \"Disciplined Agile Consortium\" logo at the bottom left, indicating the affiliation and context of the material.\n\nThere are no tables, figures, charts, or images present on this page. The design is minimalistic, focusing solely on the title and author information.\n\n</summary>"
    },
    "2": {
      "summary": "<summary>\nThis page provides an introduction to Scott W. Ambler, highlighting his contributions to the field of Agile software development. Key points include his pioneering work in Agile Modeling and Agile Database techniques in the early 2000s, his co-creation of the Disciplined Agile Delivery (DAD) framework, and his role as an Executive Transformation Coach and Certified Trainer. Contact information is provided via email (scott [at] scottambler.com) and Twitter (@scottwambler). Additionally, it mentions that he works with organizations globally to enhance IT departments. The page is credited to the Disciplined Agile Consortium.\n\n<image_summary>The image shows a photograph of Scott W. Ambler standing against a plain background. He is dressed in formal attire, wearing a dark suit jacket over a light-colored shirt, giving a professional appearance.</image_summary>\n</summary>"
    },
    "3": {
      "summary": "<summary>\nThis page provides an overview of Jon Smart's professional background and expertise. It highlights his role in leading Agile transformation at Barclays, his extensive experience in investment banking technology, and his long-standing practice of using agile methodologies since 1993, starting as a developer on the trading floor. Jon is noted for his experience in managing large-scale regulatory changes using Scaled Agile and DevOps approaches. Additionally, he is certified as a Disciplined Agile Practitioner. Contact information is provided, including an email address (jonathan.smart[at]barclays.com) and a Twitter handle (@jonsmart).\n\nThere are no tables, figures, or images on this page. The content is purely textual, focusing on Jon Smart's qualifications and contact details.\n\n<image_summary>No images are present on this page.</image_summary>\n</summary>"
    },
    "4": {
      "summary": "<summary>\nThis page provides an overview of Barclays, highlighting its key features and history. Barclays is a major global financial services provider that serves 48 million customers worldwide by moving, lending, investing, and protecting their money. The company offers a wide range of services including retail banking, credit cards, corporate and investment banking, and wealth and investment management. It operates in over 50 countries, employs 132,000 people, and has a rich history spanning 325 years, having been founded in 1690.\n\n<image_summary>The left image shows a daytime view of a modern Barclays building, emphasizing its sleek glass facade and prominent branding. The right image displays a nighttime view of another Barclays building, illuminated with blue lighting, showcasing its architectural design and urban setting.</image_summary>\n</summary>"
    },
    "5": {
      "summary": "<summary>\nThe page features a motivational message encouraging creative thinking. The phrase \"THINK OUTSIDE THE BOX\" is prominently displayed in large, handwritten-style black letters. A hand holding a marker is shown in the process of writing the words, symbolizing active engagement and innovation. The overall design is simple and visually striking, emphasizing the importance of breaking free from conventional thinking patterns.\n\n<image_summary>The image depicts a hand writing the phrase \"THINK OUTSIDE THE BOX\" with a marker. The hand is detailed, showing fingernails and a realistic grip on the marker, which adds a dynamic and interactive element to the message.</image_summary>\n\nAt the bottom of the image, there is a copyright notice that reads \"© Disciplined Agile Consortium,\" indicating the source or ownership of the content.\n</summary>"
    },
    "6": {
      "summary": "<summary>\nThe page introduces a discussion on several key questions related to agile software development. It poses three primary inquiries: \"How does disciplined agile software development work?\", \"How does agile analysis work?\", and \"How do business analysts fit on agile teams?\" These questions suggest an exploration of the methodologies, practices, and roles involved in agile processes. The page is attributed to the Disciplined Agile Consortium, indicating its focus on disciplined agile approaches.\n\nThere are no tables, figures, charts, diagrams, or images present on this page. The content is purely textual, emphasizing the introduction of topics for further discussion.\n\n</summary>"
    },
    "7": {
      "summary": "<summary>\nThe page introduces **Disciplined Agile Delivery (DAD)**, describing it as a process decision framework designed for agile software delivery in enterprises. It highlights the key characteristics of DAD, which include being people-first, goal-driven, hybrid agile, learning-oriented, focused on the full delivery lifecycle, solution-focused, risk-value lifecycle, and enterprise-aware. These principles emphasize a balanced approach that integrates agility with disciplined practices suitable for large-scale projects.\n\n<image_summary>The left side of the page features an image of a sailboat tilted dramatically while sailing through rough waters. The crew is actively working together, symbolizing teamwork and adaptability under challenging conditions. This visual metaphor aligns with the themes of agility and collaboration central to DAD.</image_summary>\n\nThe page also includes the title and authors of a related book: *Disciplined Agile Delivery: A Practitioner's Guide to Agile Software Delivery in the Enterprise* by Scott W. Ambler and Mark Lines, with a foreword by Dave West. The copyright notice at the bottom indicates that the content is associated with the Disciplined Agile Consortium.\n</summary>"
    },
    "8": {
      "summary": "<summary>\nThe page explains that DAD (Disciplined Agile Delivery) is a hybrid framework that integrates strategies from various methodologies. It emphasizes that DAD leverages proven approaches from multiple sources, offering a decision framework to guide users in adopting and tailoring these strategies based on context.\n\n<figure_summary>Figure 1: A hierarchical diagram illustrating the methodologies and practices that contribute to DAD. The diagram includes layers representing different methodologies such as Crystal, Outside In Development, \"Traditional,\" Agile Data, Unified Process, Agile Modeling, Scrum, Kanban, and Lean. This visual representation highlights how DAD incorporates elements from these diverse approaches.</figure_summary>\n\nThe bottom text reiterates that DAD provides a flexible and context-driven approach to software development by combining the best practices from these methodologies.\n</summary>"
    },
    "9": {
      "summary": "<summary>\nThe page introduces the Disciplined Agile framework and highlights its support for four distinct delivery lifecycles: Agile Delivery, Lean Delivery, Exploratory, and Continuous Delivery. Each lifecycle is represented by a simple icon or diagram, providing a visual representation of its core characteristics.\n\n<figure_summary>Figure 1: Agile Delivery - Depicted by a circular arrow symbolizing iteration and continuous improvement.</figure_summary>\n\n<figure_summary>Figure 2: Lean Delivery - Represented by a Kanban board with columns labeled \"TO DO,\" \"DOING,\" and \"DONE,\" emphasizing workflow management and efficiency.</figure_summary>\n\n<figure_summary>Figure 3: Exploratory - Illustrated by a cycle with three stages: \"BUILD,\" \"MEASURE,\" and \"LEARN,\" highlighting an iterative approach to experimentation and validation.</figure_summary>\n\n<figure_summary>Figure 4: Continuous Delivery - Shown by a series of shopping carts, symbolizing the continuous flow of value delivery to customers.</figure_summary>\n\nThe page aims to provide a quick overview of how the Disciplined Agile framework accommodates different delivery approaches, catering to various organizational needs and contexts.\n</summary>"
    },
    "10": {
      "summary": "<summary>\nThe page presents a high-level lifecycle model for solution delivery, emphasizing an iterative and collaborative approach. The lifecycle is divided into stages: Envision, Construction, Transition, and Production. Each stage is interconnected, forming a continuous loop that includes roadmaps, change requests, and feedback loops for improvement. The process begins with envisioning the right direction, followed by constructing a consumable solution in an evolutionary manner, releasing it, and then operating and supporting it. The bottom section highlights the phases of the lifecycle: Concept, Inception, Construction, Transition, and Production. The page concludes with a statement reinforcing the idea that solution delivery involves more than just construction.\n\n<figure_summary>Figure 1: High Level Lifecycle Diagram  \nThis diagram illustrates the cyclical nature of the solution delivery process. It shows stages such as \"Envision,\" \"Construction,\" \"Transition,\" and \"Production,\" connected by arrows indicating a continuous flow. Key elements include roadmaps, change requests, and feedback loops, emphasizing collaboration and evolution. The diagram also includes labels like \"Get going in the right direction\" and \"Collaboratively build a consumable solution in an evolutionary manner.\" A horizontal bar at the bottom represents the phases: Concept, Inception, Construction, Transition, and Production.</figure_summary>\n\n<image_summary>The image is a conceptual diagram illustrating the high-level lifecycle of solution delivery. It uses green arrows and text boxes to depict the flow and stages involved in delivering a solution, highlighting the iterative and collaborative nature of the process.</image_summary>\n</summary>"
    },
    "11": {
      "summary": "<summary>\nThe page presents an overview of the Basic/Agile Lifecycle, specifically highlighting a Scrum-based agile delivery lifecycle. The diagram illustrates the iterative and incremental nature of agile development, emphasizing key phases such as envisioning, inception, construction, and transition. It outlines the process from identifying and prioritizing projects to delivering a consumable solution into production, with continuous feedback loops and stakeholder engagement.\n\n<figure_summary>Figure 1: The diagram visually represents the agile lifecycle, showing a circular flow of iterations. Each iteration includes tasks like daily work coordination, selecting highest-priority work items, and producing a consumable solution. The lifecycle is divided into three main phases: Inception (initial vision and planning), Construction (multiple short iterations), and Transition (final preparation for production). The figure also highlights the importance of funding, feedback, and stakeholder involvement throughout the process.</figure_summary>\n\nThe bottom of the page explicitly states that this is \"A full Scrum-based agile delivery lifecycle,\" indicating its alignment with Scrum methodologies. The diagram emphasizes the cyclical nature of agile development, where each iteration builds upon the previous one, leading to continuous improvement and adaptation based on feedback.\n\nThe overall structure of the page combines textual explanations with a detailed visual representation to provide a comprehensive understanding of how an agile project progresses through various stages, ultimately aiming to deliver a high-quality product while maintaining flexibility and responsiveness to change.\n</summary>"
    },
    "12": {
      "summary": "<summary>\nThe page presents an overview of the Exploratory \"Lean Startup\" Lifecycle, which is a methodical approach to developing and validating business ideas through iterative cycles of building, testing, and learning. The lifecycle emphasizes continuous improvement and adaptation based on customer feedback. The process begins with envisioning an initial idea, followed by building a minimal product, deploying it, observing its performance, and measuring its impact. If the idea proves successful, it moves to productization; if not, the team may pivot to refine the idea or cancel it entirely. The diagram highlights the cyclical nature of this process, emphasizing the importance of flexibility and responsiveness to stakeholder needs.\n\n<figure_summary>Figure 1: The Exploratory \"Lean Startup\" Lifecycle Diagram. This circular flowchart illustrates the stages of the Lean Startup methodology: Envision (Initial Idea), Build a little (Hypothesis), Deploy, Observe & Measure, Pivot (Keep going or Disproven Idea), Productize (Proven Idea), and Cancel. Arrows indicate the direction of the process, showing how teams iterate between stages based on feedback and results.</figure_summary>\n\nThe page also includes a note in red text at the bottom, stating, \"Sometimes it takes time to identify what your stakeholders actually need,\" reinforcing the iterative and adaptive nature of the Lean Startup approach.\n</summary>"
    },
    "13": {
      "summary": "<summary>\nThe page presents an overview of the \"Lean Lifecycle,\" a methodology for managing software development and delivery processes. It emphasizes continuous improvement, value-driven decision-making, and iterative development. The lifecycle is depicted as a circular flowchart, illustrating the stages from initial planning through daily work, release, and feedback loops. Key phases include \"Initial Vision and Funding,\" \"Initial Requirements,\" \"Daily Work,\" \"Release,\" and \"Operate and Support.\" The process is designed to be adaptive, with feedback loops ensuring continuous refinement and learning.\n\n<figure_summary>Figure 1: A circular diagram illustrating the Lean Lifecycle. The diagram shows the flow of activities from identifying projects and setting initial requirements to daily work, release, and operation. Arrows indicate the cyclical nature of the process, highlighting feedback loops and continuous improvement.</figure_summary>\n\n<figure_summary>Figure 2: A horizontal timeline at the bottom of the page labeled \"Inception,\" \"Construction,\" and \"Transition.\" This timeline provides a high-level view of the lifecycle stages, emphasizing a continuous stream of development and the transition to production-ready solutions.</figure_summary>\n\n<image_summary>The central image includes a stack of cards labeled \"Business Value,\" \"Fixed Delivery Date,\" \"Expedite,\" and \"Intangible Options,\" representing prioritization and decision-making tools used in the Lean Lifecycle. These cards are connected to the workflow, indicating how they influence the selection and execution of work items.</image_summary>\n\nThe page concludes with the text \"A full lean delivery lifecycle\" and credits the Disciplined Agile Consortium as the source of this model. Overall, the page provides a comprehensive visual representation of the Lean Lifecycle, emphasizing its iterative, value-driven, and adaptive nature.\n</summary>"
    },
    "14": {
      "summary": "<summary>\nThe page presents an overview of the \"Lean Continuous Delivery Lifecycle,\" which illustrates a structured approach to software development and delivery. The lifecycle emphasizes continuous improvement, feedback loops, and the integration of business value throughout the process. Key stages include replenishment modeling sessions, daily work, release solutions, and operating and supporting the solution in production. Work items are pulled when capacity is available, ensuring efficient resource utilization. Feedback loops, such as retrospectives and coordination meetings, drive continuous learning and adaptation. The bottom section highlights the goal of achieving a continuous stream of development with sufficient functionality, leading to production-ready solutions that delight stakeholders.\n\n<figure_summary>Figure 1: The Lean Continuous Delivery Lifecycle diagram visually represents the flow of activities from replenishment modeling sessions to the final operational phase. It includes stages like daily work, release solutions, and ongoing support, with arrows indicating the direction of workflow and feedback loops. The diagram also shows how new features and work items are integrated into the process, emphasizing a pull-based system where work is initiated based on available capacity.</figure_summary>\n\n<image_summary>The image at the bottom of the page depicts a timeline labeled \"Construction,\" illustrating the continuous stream of development. Arrows point to milestones such as \"Sufficient functionality,\" \"Production ready,\" and \"Delighted stakeholders,\" highlighting the evolutionary end goal of the lifecycle. This visual reinforces the iterative nature of the process and its focus on delivering value incrementally.</image_summary>\n</summary>"
    },
    "15": {
      "summary": "<summary>\nThe page presents a humorous meme juxtaposed with a statement about leadership or management principles. The meme features an adult and a child in a rural setting, with text overlaid that reads, \"SO YOU'RE TELLING ME THAT EVERY TEAM IS UNIQUE\" at the top and \"YET YOU WANT THEM ALL TO FOLLOW A SINGLE PROCESS?\" at the bottom. This imagery humorously highlights the contradiction between acknowledging uniqueness and enforcing uniformity. To the right of the meme, there is a block of text stating, \"DAD makes your options explicit and provides guidance to help you choose wisely,\" which suggests a more flexible and supportive approach to leadership, emphasizing individual choice and guidance over rigid processes.\n\n<image_summary>The image is a meme featuring an adult and a child in a rural environment. The adult appears to be speaking to the child, who looks thoughtful or confused. The text on the meme contrasts the idea of team uniqueness with the expectation of following a single process, creating a humorous and relatable scenario.</image_summary>\n</summary>"
    },
    "16": {
      "summary": "<summary>\nThe page discusses the Disciplined Agile Delivery (DAD) framework, emphasizing its goal-driven nature rather than being prescriptive. It outlines the process goals of DAD across four phases: Inception, Construction, Transition, and Ongoing. Each phase focuses on specific activities aimed at achieving the overarching goals of the project. For example, Inception involves forming an initial team, developing a common vision, and exploring the initial scope. Construction focuses on producing a potentially consumable solution while addressing changing stakeholder needs. Transition ensures the solution is deployable, and Ongoing activities aim to grow the team, fulfill the mission, and continuously improve processes and infrastructure.\n\n<figure_summary>Figure 1: A flowchart illustrating the process goals of DAD. The diagram is divided into four main sections corresponding to the phases of Inception, Construction, Transition, and Ongoing. Each section contains sub-goals represented by ovals, connected by arrows to show the flow between phases. Key activities in each phase are highlighted, such as \"Explore initial scope\" in Inception and \"Produce a potentially consumable solution\" in Construction.</figure_summary>\n\nThe page visually represents how DAD adapts to different contexts and emphasizes flexibility and adaptability over rigid prescriptions, aligning with agile principles.\n</summary>"
    },
    "17": {
      "summary": "<summary>\nThe page presents a humorous meme comparing software development methodologies to a classic Batman and Robin comic strip. The meme highlights the debate between detailed upfront specifications (\"WE NEED DETAILED SPECS AT THE BEGINNING OF A PROJECT\") and agile, flexible approaches (\"THAT'S TOO RISKY! WE NEED TO WORK IN A MORE AGILE MANNER!\"). The accompanying text on the right emphasizes that DAD (Dynamic Systems Development Method) supports multiple strategies for exploring requirements, suggesting flexibility in methodology choice.\n\n<image_summary>The image is a modified comic panel featuring Batman and Robin. Batman is holding Robin by the collar, with Robin appearing distressed. Speech bubbles above them represent opposing viewpoints about project management strategies. The background is red, typical of vintage comic book art.</image_summary>\n\nThe overall message is that DAD accommodates various approaches to requirement gathering, much like how Batman and Robin might adapt their strategies depending on the situation.</summary>"
    },
    "18": {
      "summary": "<summary>\nThe page presents a structured framework for exploring the initial scope of a project, focusing on four key areas: Level of Detail, View Types, Modeling Strategy, Work Item Management Strategy, and Non-Functional Requirements. Each area is further broken down into specific considerations or strategies, providing a comprehensive approach to defining and managing project requirements.\n\n<figure_summary>Figure 1: This diagram illustrates the \"Explore Initial Scope\" process, which is divided into five main components. Each component is connected to a list of options or strategies that can be applied during the exploration phase. The components include:\n- **Level of Detail**: Options range from \"Goals driven\" to \"Detailed specification.\"\n- **View Types**: Includes \"Usage modeling,\" \"Domain modeling,\" \"Process modeling,\" and \"User interface modeling,\" along with \"Non-functional requirements.\"\n- **Modeling Strategy**: Offers choices such as \"Informal modeling sessions,\" \"Formal modeling sessions,\" \"Interviews,\" and \"None.\"\n- **Work Item Management Strategy**: Lists options like \"Work item pool,\" \"Work item list,\" \"Requirements backlog,\" \"Formal change management,\" and \"None.\"\n- **Non-Functional Requirements**: Suggests approaches such as \"Acceptance criteria,\" \"Explicit list,\" \"Technical stories,\" and \"None.\"\n\nThe diagram visually organizes these components and their respective strategies, emphasizing a flexible and adaptable approach to project planning.</figure_summary>\n\nThe overall purpose of this page is to guide practitioners in systematically exploring and defining the initial scope of a project by considering various levels of detail, types of views, modeling strategies, work item management, and non-functional requirements. This framework aims to ensure clarity and alignment in project planning and execution.\n</summary>"
    },
    "19": {
      "summary": "<summary>\nThe page presents a flowchart illustrating the Disciplined Agile Delivery (DAD) framework, which outlines the key phases and activities involved in producing a potentially consumable solution. The flowchart is divided into five main stages: Development Strategy, Needs Exploration, Solution Exploration, Planning, and Consumability Assurance. Each stage includes various techniques and practices that support agile development methodologies.\n\n<figure_summary>Figure 1: The flowchart visually represents the DAD framework, showing how different strategies and practices are interconnected across the development lifecycle. It highlights the iterative nature of the process, emphasizing active stakeholder participation, test-driven development, and continuous planning and assurance.</figure_summary>\n\nThe Development Strategy phase focuses on choosing between test-first programming, test-after programming, or testless programming. The Needs Exploration phase involves gathering high-level requirements, conducting split testing, and specifying detailed requirements through acceptance test-driven development (ATDD). Solution Exploration emphasizes just-in-time model storming, look-ahead modeling, architecture spikes, and model-driven development (MDD). The Planning phase covers coordination meetings, iteration planning, visualization of plans, and release planning. Finally, Consumability Assurance ensures the solution's usability through iteration demos, all-hands demos, consumability design, testing, and regular deployment.\n\nThe flowchart uses arrows and branches to illustrate the progression and interdependencies between stages, providing a clear overview of the disciplined agile approach to software development. The red oval highlights the iterative and collaborative nature of the process, particularly in the Needs Exploration phase, where active stakeholder participation is crucial.\n\nThis diagram is credited to the Disciplined Agile Consortium, indicating its origin and authority in agile methodologies.\n</summary>"
    },
    "20": {
      "summary": "<summary>\nThe page presents a structured framework for addressing changing stakeholder needs in an agile project management context. It outlines four key strategies: Work Item Management Strategy, Prioritization Strategy, Change Acceptance, Stakeholder Interaction with Team, and Elicitation Methods. Each strategy is further detailed with specific approaches or options.\n\n<figure_summary>Figure 1: This diagram visually represents the framework for addressing changing stakeholder needs. It uses a hierarchical structure with branches connecting each strategy to its respective options. For example, under \"Work Item Management Strategy,\" options include \"Work item pool,\" \"Work item stack,\" \"Requirements backlog,\" \"Formal change management,\" and \"None.\" Similarly, other strategies like \"Prioritization Strategy\" and \"Change Acceptance\" have their own set of options listed.</figure_summary>\n\nThe diagram emphasizes flexibility and adaptability by providing multiple options for each strategy, catering to different project requirements and stakeholder dynamics. The version number \"v2.0\" and the copyright notice \"© Disciplined Agile Consortium\" indicate that this framework is part of a formal methodology developed by the Disciplined Agile Consortium between 2013 and 2015.\n</summary>"
    },
    "21": {
      "summary": "<summary>\nThe page poses the question \"How Does Agile Analysis Work?\" and visually represents the complexity and iterative nature of agile analysis through a diagram. The central focus is a red stick figure holding a large question mark, symbolizing uncertainty or the need for clarity in decision-making. Surrounding the figure is a network of interconnected gray tiles, each representing different stages or aspects of the analysis process. Arrows between the tiles indicate the dynamic flow and interconnectivity of these stages, emphasizing the iterative and flexible approach characteristic of agile methodologies.\n\n<figure_summary>Figure 1: A conceptual diagram illustrating the process of agile analysis. It features a red stick figure with a question mark, standing amidst a network of gray tiles connected by arrows, symbolizing the iterative and interconnected nature of agile analysis.</figure_summary>\n\n<image_summary>The image uses a simple yet effective visual metaphor to convey the challenges and complexities of agile analysis. The red stick figure represents the analyst or decision-maker, while the network of tiles and arrows highlights the multifaceted and evolving nature of the analysis process.</image_summary>\n\nThe overall message suggests that agile analysis involves navigating through various interconnected stages, requiring adaptability and continuous evaluation to address uncertainties effectively.</summary>"
    },
    "22": {
      "summary": "<summary>\nThis page discusses key observations about Agile Analysis, emphasizing its importance throughout the software development lifecycle while noting that it may not require full-time focus daily. The main points include:\n1. **Continuous but Not Full-Time**: Analysis is integral to the entire lifecycle but does not necessarily require dedicated time every day.\n2. **Lighter Artifacts**: Agile analysis favors lighter artifacts such as user stories over traditional use cases and sketches over detailed models.\n3. **Transitory Nature**: Analysis artifacts are often temporary, prioritizing conversations and sketches over formal documents.\n4. **Executable Requirements**: Advanced Agile teams use executable \"specifications\" like acceptance tests instead of traditional specification documents.\n\n<image_summary>An illustration of a white stick figure holding binoculars is present on the right side of the slide, symbolizing observation or analysis.</image_summary>\n\nThe content is attributed to the Disciplined Agile Consortium at the bottom of the page.\n</summary>"
    },
    "23": {
      "summary": "<summary>\nThe page presents a conceptual diagram titled \"Analysis-Oriented Practices from AgileModeling.com,\" which illustrates various practices and principles related to agile modeling and analysis. The diagram is organized around a central theme of \"Architecture Envisioning\" and highlights interconnected practices such as Test-Driven Development (TDD), Model Storming, Active Stakeholder Participation, Prioritized Requirements, Look-ahead Modeling, Iteration Modeling, Requirements Envisioning, Just Barely Good Enough, Executable Specifications, Document Late, Multiple Models, Single Source Information, and Document Continuously. These practices are visually connected by blue arrows, indicating relationships and dependencies between them.\n\n<figure_summary>\nFigure 1: A circular flowchart-style diagram illustrating the interconnections between different analysis-oriented practices in agile modeling. The practices are grouped around a central concept of \"Architecture Envisioning,\" with arrows showing how each practice contributes to or interacts with others. This visual representation emphasizes the collaborative and iterative nature of agile methodologies.\n</figure_summary>\n\nThe source of the diagram is credited to AgileModeling.com, and the copyright is attributed to the Disciplined Agile Consortium. The overall focus of the page is to provide an overview of key practices that support effective analysis and modeling in agile software development environments.\n</summary>"
    },
    "24": {
      "summary": "<summary>\nThe page discusses the concept of \"Analysis Throughout the Lifecycle,\" emphasizing the continuous nature of analysis across different phases of a project. It highlights four key aspects of analysis: Initial Requirements, Active Stakeholder Participation, Look-ahead Modeling of Work Items, and Behavior Driven Development (BDD). These activities are mapped to three phases of the lifecycle: Inception, Construction, and Transition. Each phase involves specific analytical tasks, such as initial release planning in Inception, discussing requirements during iteration planning/modeling in Construction, identifying new needs during demos in Construction, and analyzing incoming requests from production in Transition.\n\n<figure_summary>Figure 1: A horizontal timeline diagram illustrating the Analysis Throughout the Lifecycle. The timeline is divided into three phases: Inception, Construction, and Transition. Arrows connect each phase to its corresponding analysis activities, showing how analysis is integrated into each stage of the project lifecycle.</figure_summary>\n\nThe diagram visually represents how analysis is not confined to a single phase but is an ongoing process throughout the project, ensuring continuous engagement with stakeholders and adaptation to evolving needs.\n</summary>"
    },
    "25": {
      "summary": "<summary>\nThe page titled \"Functional Requirements: Potential Model Types\" outlines various types of models used in software development and system design to capture functional requirements. The content is organized into five categories: Usage, Domain, User Interface (UI), Process, and General. Each category lists specific model types relevant to its domain.\n\n- **Usage**: Includes models such as Epic/User Story, Persona, Usage Scenario, Use Case, and UML Use Case Diagram. These models focus on understanding user interactions and behaviors.\n  \n- **Domain**: Covers models like Domain/Conceptual Model, Logical Data Model (LDM), UML Class Diagram, and UML Component Diagram. These models represent the business domain and data structures.\n\n- **User Interface (UI)**: Lists UI Flow Diagram, UI Prototype (Low Fidelity), UI Prototype (High Fidelity), and UI Specification. These models focus on designing and prototyping user interfaces.\n\n- **Process**: Includes Value Stream Map, Business Process Model, Data Flow Diagram (DFD), Flow Chart, UML Activity Diagram, and UML State Chart. These models depict processes and workflows.\n\n- **General**: Features Impact (Mind) Map, Context Diagram, Business Rule, and Feature/Shall Statements. These models provide general context and rules for the system.\n\nThe page emphasizes that there are many more model types beyond those listed, indicating a broad range of tools available for requirement modeling.\n\n<figure_summary>Figure 1: The page uses a grid layout with colored boxes to categorize different model types under headings such as Usage, Domain, User Interface (UI), Process, and General. Each box contains a list of specific model types related to its category.</figure_summary>\n\n<image_summary>The image is a structured diagram with a clean, organized layout. It uses distinct colors for each category to visually separate them and make the information easy to scan and understand.</image_summary>\n\nThe content is attributed to the Disciplined Agile Consortium, as indicated at the bottom of the page.\n</summary>"
    },
    "26": {
      "summary": "<summary>\nThe page discusses \"Non-Functional Requirements: Potential Views and Concerns,\" focusing on how various system views relate to different non-functional concerns. The diagram illustrates a diamond-shaped structure where the left side lists potential system views (e.g., Code Distribution, Data Storage, User Interface), and the right side lists non-functional concerns (e.g., Accuracy, Availability, Security). Lines connect each view to multiple concerns, emphasizing the interdependencies between them. This visualization helps in understanding how different aspects of a system's architecture can impact its non-functional requirements.\n\n<figure_summary>Figure 1: A diamond-shaped diagram showing the relationship between system views (left) and non-functional concerns (right). Each view is connected to multiple concerns via lines, highlighting the overlap and dependencies between them.</figure_summary>\n\nThe page aims to provide a comprehensive overview of how non-functional requirements can be considered across different perspectives of a software system, aiding in holistic design and analysis.\n</summary>"
    },
    "27": {
      "summary": "<summary>\nThe page discusses Test-Driven Development (TDD), explaining it as a software development approach that combines Test-First Development (TFD) and refactoring. TFD involves writing a single test first and then implementing just enough production code to pass that test. TDD can be applied at both the requirements level using acceptance tests and the design level using developer/unit tests. Refactoring is defined as making small changes to improve code quality without altering its functionality. The relationship between these concepts is summarized as TDD = TFD + refactoring.\n\n<figure_summary>Figure 1: A flowchart illustrating the TDD process. The chart shows a cyclic workflow starting with \"Add a test,\" followed by \"Run the tests.\" If the tests fail, the process moves to \"Make a little change\" and reruns the tests. This cycle continues until the tests pass, at which point development either stops or continues based on further requirements.</figure_summary>\n\nThe page emphasizes the iterative nature of TDD, where testing and coding are tightly integrated to ensure high-quality, functional code.\n</summary>"
    },
    "28": {
      "summary": "<summary>\nThe page discusses the role of business analysts in Agile teams, emphasizing collaboration and communication. It highlights how business analysts contribute to defining requirements, facilitating stakeholder engagement, and ensuring alignment between business goals and technical implementation in an Agile environment.\n\n<image_summary>The image depicts a group of professionals gathered around a table, actively engaged in a collaborative activity. They are using colorful sticky notes, which suggests a brainstorming or planning session typical in Agile methodologies. The setting appears to be a modern office space, reinforcing the professional context of the discussion.</image_summary>\n\nThe overall theme of the page is to explore the integration of business analysis practices within Agile frameworks, focusing on the importance of teamwork and iterative processes.\n</summary>"
    },
    "29": {
      "summary": "<summary>\nThis page outlines the key characteristics of disciplined Agile team members. It emphasizes five core traits: being \"generalizing specialists\" by acquiring a broad range of skills to enhance productivity; willingness to share skills and learn from one another; flexibility in recognizing multiple approaches to problem-solving; collaboration as a team rather than working individually; and being enterprise-aware, prioritizing what is best for the organization over personal interests. The content is presented in a bulleted format with sub-bullets providing further explanation for each characteristic.\n\n<image_summary>The page contains a simple slide design with a white background and black text. There are no additional images, charts, or diagrams beyond the textual content.</image_summary>\n\n</summary>"
    },
    "30": {
      "summary": "<summary>\nThe page discusses the concept of DAD (Dynamic Systems Development Method) and highlights that it explicitly includes several roles that an existing business analyst may choose to grow into. This suggests a focus on career progression and the various paths available within the field of business analysis.\n\n<image_summary>The page features three sequential images illustrating the life cycle of a butterfly, symbolizing transformation and growth. The first image shows a caterpillar on a leaf, representing the initial stage. The second image depicts a chrysalis attached to a tree trunk, symbolizing the transformative phase. The third image displays a fully formed butterfly perched on grass, representing the final, mature stage. These images metaphorically align with the idea of professional development and evolution in a business analyst's career.</image_summary>\n</summary>"
    },
    "31": {
      "summary": "<summary>\nThis page outlines the roles involved in Disciplined Agile Delivery (DAD), categorizing them into primary and secondary roles. The primary roles include Team Lead, Product Owner, Architecture Owner, Team Member, and Stakeholder. These roles are foundational to the DAD framework and are depicted with simple icons representing their responsibilities. Secondary roles, introduced for scaling purposes, include Independent Tester, Specialist, Domain Expert, Technical Expert, and Integrator. These roles support larger teams or more complex projects by providing specialized expertise and coordination.\n\n<figure_summary>Figure 1: This figure illustrates the primary and secondary roles in DAD using simple stick-figure icons. Each icon visually represents the role's function, such as the Team Lead holding a conductor's baton, the Product Owner pointing at a product life cycle graph, and the Stakeholder holding a key symbolizing access or authority.</figure_summary>\n\nThe page emphasizes the importance of these roles in ensuring effective delivery and scaling within an agile environment, highlighting the collaborative nature of DAD.\n</summary>"
    },
    "32": {
      "summary": "<summary>\nThis page discusses the role of a **Product Owner** in an agile development context. The Product Owner acts as the stakeholder \"proxy,\" serving as the primary point of contact for solution requirements. They prioritize all work for the team, participate in modeling and acceptance testing, and have access to expert stakeholders. Additionally, they facilitate requirements envisioning and modeling, educate the team about the business domain, demonstrate solutions to key stakeholders, monitor and communicate project status, and negotiate priorities, scope, funding, and schedule.\n\n<figure_summary>Figure 1: A graph labeled \"PLC - Product Life Cycle\" illustrates the stages of a product's life cycle, including phases such as initiation, growth, maturity, and decline. This visual emphasizes the dynamic nature of product management over time.</figure_summary>\n\n<image_summary>An illustration of a 3D stick figure pointing at the \"PLC - Product Life Cycle\" graph, symbolizing the Product Owner's role in guiding and overseeing the product's progression through its life cycle.</image_summary>\n</summary>"
    },
    "33": {
      "summary": "<summary>\nThe page discusses the challenges associated with the role of a Product Owner in an agile environment. It emphasizes that the Product Owner's responsibilities extend beyond just interacting with the delivery team, highlighting the complexity and breadth of their interactions with various stakeholders. The page uses a diagram to illustrate this point, contrasting the \"view of the delivery team\" with \"the actual reality faced by the Product Owner.\"\n\n<figure_summary>Figure 1: This diagram visually represents the Product Owner's interactions. On the left side, labeled \"The view of the delivery team,\" it shows the Product Owner interacting directly with Team Members, Team Lead, and Architecture Owner. On the right side, labeled \"The actual reality faced by the Product Owner,\" it expands to show the Product Owner's extensive interactions with multiple stakeholders, including End Users, External System Teams, Audit, Senior Management, Finance, Support Staff, Operations Staff, Domain Experts, and Architects. Arrows indicate the flow of communication and collaboration between the Product Owner and these various roles.</figure_summary>\n\nThe diagram underscores how the Product Owner must navigate a complex web of relationships and responsibilities, making the role demanding and multifaceted. The page aims to highlight the importance of understanding these dynamics to effectively fulfill the Product Owner's duties.\n</summary>"
    },
    "34": {
      "summary": "<summary>\nThe page contains a statement about the necessity of specialized business analysts in large-scale operations. It emphasizes that while such roles may be required at scale, they are not commonly needed due to their rarity. The text is accompanied by a visually striking fractal design, which adds an artistic element to the presentation.\n\n<image_summary>The image features a colorful fractal pattern resembling a spiral or tentacle-like structure. The fractal transitions through shades of yellow, orange, and pink, set against a black background, creating a dynamic and eye-catching visual effect.</image_summary>\n</summary>"
    },
    "35": {
      "summary": "<summary>\nThe page discusses the role of business analysts (BAs) in large-scale environments, emphasizing how their specialized roles may reappear under certain conditions. Key points include:\n- Product owners managing complex domains may require support from BAs.\n- In geographically distributed teams, BAs may be needed at each location to ensure effective communication and alignment.\n- Regulatory requirements in some industries necessitate additional work in requirements specification, often requiring the expertise of BAs.\n\n<figure_summary>Figure: The slide includes a diagram illustrating various dimensions of complexity that influence the need for BAs at scale. The dimensions are:\n1. **Team Size**: Ranges from small (2 people) to very large (1000s).\n2. **Geographic Distribution**: Varies from co-located teams to globally distributed teams.\n3. **Organizational Distribution**: Ranges from single division to outsourcing models.\n4. **Compliance**: Ranges from no compliance requirements to life-critical compliance.\n5. **Domain Complexity**: Ranges from straightforward to very complex domains.\n6. **Technical Complexity**: Ranges from straightforward to very complex technical challenges. Each dimension is represented by a horizontal axis with arrows pointing in opposite directions, highlighting the spectrum of possibilities.</figure_summary>\n\nThe red circles around \"Geographic Distribution,\" \"Compliance,\" and \"Domain Complexity\" suggest these factors are particularly significant in determining the necessity of BAs at scale.\n\n</summary>"
    },
    "36": {
      "summary": "<summary>\nThe page discusses the process of \"Eliciting Requirements from Distributed Stakeholders\" in an agile context. It emphasizes the role of the Product Owner and how they interact with various stakeholders through intermediaries such as Junior Product Owners/Business Analysts (JPO/BA) and Junior Product Owners/Business Analysts (JPO/BA). The diagram illustrates a hierarchical communication structure where the Product Owner delegates requirement gathering to JPO/BAs, who then engage with distributed stakeholders.\n\n<figure_summary>Figure 1: The diagram visually represents the flow of requirements elicitation. It shows the Product Owner at the center, connecting to multiple JPO/BAs, who in turn communicate with groups of stakeholders. Arrows indicate the direction of interaction, highlighting the delegation and communication pathways.</figure_summary>\n\nThe visual representation underscores the importance of effective communication and collaboration in distributed teams, ensuring that requirements are gathered efficiently across different locations or time zones.\n</summary>"
    },
    "37": {
      "summary": "<summary>\nThe page titled \"My parting advice....\" provides concluding guidance related to Agile and Lean methodologies. It emphasizes the need for a paradigm shift in thinking when adopting Agile and Lean practices, highlighting the importance of being open-minded and flexible. The advice also stresses the readiness to share skills and prioritizes collaboration and evolution over excessive documentation and rigid processes. The background features a blue gradient with light rays emanating from a light bulb, symbolizing enlightenment and innovation.\n\n<image_summary>The image includes a light bulb emitting bright light rays, set against a blue gradient background. This visual metaphor suggests ideas, insights, and the illumination of new ways of thinking, aligning with the theme of paradigm shifts and innovative approaches.</image_summary>\n\n</summary>"
    },
    "38": {
      "summary": "<summary>\nThe page is a closing slide or section, expressing gratitude with the phrase \"Thank You!\" prominently displayed at the top. Below this, contact information is provided, including an email address (`scott [at] scottambler.com`) and a Twitter handle (`@scottwampler`). Several website URLs are listed, such as `AgileModeling.com`, `AgileData.org`, `Ambysoft.com`, `DisciplinedAgileConsortium.org`, `DisciplinedAgileDelivery.com`, and `ScottAmbler.com`. At the bottom, logos for LinkedIn and Google+ are shown alongside the text \"Disciplined Agile Delivery,\" indicating social media links related to the topic. The page also includes a copyright notice for the \"Disciplined Agile Consortium.\"\n\nThere are no tables, figures, or images present on this page, aside from the social media icons and the Disciplined Agile Consortium logo.\n\n</summary>"
    },
    "39": {
      "summary": "<summary>\nThe page discusses the concept of \"Shuhari\" in the context of Disciplined Agile Certification, explaining its three stages: Shu, Ha, and Ri. Each stage represents a different phase of learning and mastery in disciplined agile development. At the **Shu** stage, learners focus on building a strong foundation by learning techniques and philosophies. In the **Ha** stage, individuals reflect on why these strategies work and explore various applications. Finally, at the **Ri** stage, practitioners seek to extend and improve upon these techniques, sharing their knowledge with others. The page also includes certification levels associated with each stage, such as \"Disciplined Agilist,\" \"Certified Disciplined Agilist,\" \"Certified Disciplined Agile Practitioner,\" and \"Certified Disciplined Agile Coach.\"\n\n<image_summary>The page features Japanese characters (守, 破, 離) corresponding to the Shu, Ha, and Ri stages, respectively, which visually represent the progression of learning.</image_summary>\n\n<image_summary>On the right side, there are colored bars representing different certification levels, each labeled with the corresponding title (e.g., \"DISCIPLINED AGILIST,\" \"CERTIFIED DISCIPLINED AGILE PRACTITIONER\"). These visual elements help illustrate the connection between the Shuhari stages and the certification process.</image_summary>\n</summary>"
    },
    "40": {
      "summary": "<summary>\nThis page serves as a call-to-action, inviting organizations to request a presentation based on the content discussed in the document. It prompts readers to contact the presenter by providing an email address: ScottAmbler.com. The page is simple and direct, focusing solely on this invitation without additional textual or visual elements.\n\nNo tables, figures, images, or charts are present on this page.\n\n<footer>\nThe page includes a copyright notice at the bottom, crediting the \"Disciplined Agile Consortium.\"\n</footer>\n</summary>"
    },
    "41": {
      "summary": "<summary>\nThis page introduces Scott Ambler + Associates, highlighting their role as thought leaders behind the Disciplined Agile Delivery (DAD) framework. The firm is described as a boutique IT management consulting company that specializes in advising organizations on how to effectively implement disciplined agile and lean processes tailored to their business context. The page concludes by providing the company's website URL, \"ScottAmbler.com,\" and a call-to-action stating, \"We can help.\" The bottom of the page includes a copyright notice for the Disciplined Agile Consortium.\n\nThere are no tables, figures, charts, or images present on this page. The focus is entirely on textual information.\n\n<image_summary>The page features a clean, professional design with a centered title \"SCOTT AMBLER\" in bold blue font, followed by \"+Associates\" in a smaller font size. The text is straightforward and uses a simple layout to convey the company's mission and contact information.</image_summary>\n</summary>"
    }
  }
}