{
  "doc_id": "DSA-278777.pdf",
  "pages": {
    "1": {
      "summary": "<summary>\nThis page provides an overview of Intel's MCS® 51 series of 8-bit control-oriented microcontrollers, specifically focusing on models such as the 8031AH, 8051AH, 8051AHP, 8032AH, 8052AH, 8751H, 8751H-8, 8751BH, and 8752BH. The text highlights key features of these microcontrollers, including high-performance HMOS process, internal timers/event counters, a 2-level interrupt priority structure, 32 I/O lines, 64K external program memory space, security features, Boolean processing capabilities, bit-addressable RAM, and programmable full-duplex serial channels. The controllers are optimized for control applications, offering byte-processing and numerical operations through various addressing modes and a rich instruction set. The page also discusses specific variants like the 8751H (EPROM version of 8051AH) and the 8052AH (enhanced version of 8051AH), detailing their unique features and compatibility.\n\n<table_summary>\nThe table compares the internal memory, timers/event counters, and interrupts for different devices in the MCS® 51 family. It includes columns for \"Device,\" \"Internal Memory\" (divided into \"Program\" and \"Data\"), \"Timers/Event Counters,\" and \"Interrupts.\" For example, the 8031AH has no internal program memory but 128 x 8 RAM for data, 2 x 16-bit timers/event counters, and 5 interrupts. In contrast, the 8052AH has 8K x 8 ROM for program memory, 256 x 8 RAM for data, 3 x 16-bit timers/event counters, and 6 interrupts.\n</table_summary>\n\nNo figures, charts, or images are present on this page beyond the table described above.\n</summary>"
    },
    "2": {
      "summary": "<summary>\nThe page provides an overview of the **MCS® 51 Controller**, focusing on its block diagram and manufacturing process information. The primary visual element is a detailed block diagram illustrating the internal architecture of the controller, highlighting various components and their interconnections. The textual content discusses the manufacturing processes used for different versions of the MCS® 51 devices.\n\n<figure_summary>Figure 1: MCS® 51 Controller Block Diagram  \nThis block diagram illustrates the internal structure of the MCS® 51 microcontroller. It includes key components such as the RAM, ROM (EPROM), ALU, registers (B, ACC, PSW, etc.), ports (PORT 0–PORT 3), timers, interrupt system, program counter, stack pointer, and control logic. Arrows indicate data flow and connections between these components, providing a comprehensive view of how the controller operates.</figure_summary>\n\nThe text section titled \"PROCESS INFORMATION\" explains the manufacturing processes for different variants of the MCS® 51 devices:\n- The 8031AH/8051AH and 8032AH/8052AH devices are manufactured using the P414.1 HMOS II process.\n- The 8751H/8751H-8 devices are manufactured using the P421.X HMOS-E process.\n- The 8751BH and 8752BH devices are manufactured using the P422 process.\nAdditional reliability and quality information can be found in Intel's Components Quality and Reliability Handbook, Order No. 210997.\n\nThis page serves as a technical reference for understanding the architecture and manufacturing details of the MCS® 51 microcontroller.\n</summary>"
    },
    "3": {
      "summary": "<summary>\nThis page from the Intel MCS® 51 Controller documentation focuses on package types and pin connections for various microcontroller models. The main content includes a table detailing different packages and their thermal impedance values, followed by a note explaining the approximate nature of the thermal data under static air conditions at 1W power dissipation. The page also provides a detailed pinout diagram for the 8052/8032 controllers in both DIP and PLCC packages.\n\n<table_summary>\nThe table titled \"PACKAGES\" lists various part numbers (e.g., 8051AH, 8031AH, 8052AH) along with their prefixes (P, D, N), package types (e.g., 40-Pin Plastic DIP, 40-Pin CERDIP, 44-Pin PLCC), and thermal impedances (\\(\\theta_{\\text{ja}}\\) and \\(\\theta_{\\text{jc}}\\)). For example, the 8051AH in a 40-Pin Plastic DIP has \\(\\theta_{\\text{ja}} = 45^\\circ \\text{C/W}\\) and \\(\\theta_{\\text{jc}} = 16^\\circ \\text{C/W}\\). A note clarifies that the 8752BH package has different thermal impedances depending on its variant (D or N).\n</table_summary>\n\n<figure_summary>\nFigure 2, titled \"MCS® 51 Controller Connections,\" illustrates the pin connections for the 8052/8032 controllers in both DIP and PLCC packages. The diagram labels each pin with its function (e.g., VCC, P0.0 AD0, RST, TXD, XTAL1, etc.) and indicates reserved pins. The DIP version is shown on the left, while the PLCC version is on the right. Both versions have 40 pins, but the PLCC version includes an additional set of pins labeled as \"Reserved**,\" which should not be connected.\n</figure_summary>\n\n<image_summary>\nThere are no standalone images on this page; however, the pinout diagram serves as a technical illustration, providing a clear layout of the controller's connections for both DIP and PLCC packages.\n</image_summary>\n\nThe page emphasizes the importance of understanding thermal management and pin configurations for proper implementation of the MCS® 51 controllers. It directs readers to the Intel Packaging Handbook for further details on thermal impedance testing methodology.\n</summary>"
    },
    "4": {
      "summary": "<summary>\nThis page provides detailed pin descriptions for the MCS® 51 Controller, focusing on its I/O ports and special functions. It explains the roles of VCC (supply voltage) and VSS (circuit ground), followed by in-depth descriptions of Ports 0, 1, 2, and 3, including their bidirectional I/O capabilities, address/data multiplexing, and special functions during external memory accesses and programming operations. Port 0 is highlighted for its role in emitting high-order address bytes and handling low-order addresses and data bus during external memory access. Port 1 is described as receiving low-order address bytes during EPROM programming and verification. Port 2 emits high-order address bytes during fetches and accesses to external memory, while Port 3 serves multiple special functions such as serial communication, interrupts, timers, and memory control. The page also discusses the RST pin for device reset and the ALE/PROG pin for address latching and EPROM programming.\n\n<table_summary>\n**Table 1:** Lists the alternative functions of Port 3 pins (P3.0 to P3.7), detailing their roles in serial communication (RXD, TXD), external interrupts (INT0, INT1), timer inputs (T0, T1), and external data memory control (WR, RD).\n</table_summary>\n\n<table_summary>\n**Table 2:** Details the alternative functions of Port 1 pins P1.0 and P1.1, which serve as Timer/Counter 2 External Input (T2) and Timer/Counter 2 Capture/Reload Trigger (T2EX), respectively.\n</table_summary>\n\n<figure_summary>\nNo explicit figures, charts, or diagrams are present on this page. The content relies solely on textual explanations and tabular data to convey information about the controller's pin functionalities.\n</figure_summary>\n\n<image_summary>\nNo images, photographs, or illustrations are included on this page. The focus remains entirely on textual and tabular information.\n</image_summary>\n</summary>"
    },
    "5": {
      "summary": "<summary>\nThis page from the Intel MCS® 51 Controller documentation focuses on the operation of external memory access, oscillator connections, and the specifications of the EXPRESS version of the controller. It explains how the PSEN (Program Store Enable) signal functions during code execution from external Program Memory, noting its activation pattern and exceptions. The EA/Vpp pin is described as enabling external memory access when strapped to VSS, while it must be strapped to VCC for internal program execution. A note highlights that if the Security Bit in EPROM devices is programmed, external Program Memory fetching is disabled. Additionally, the pin also serves as the programming supply voltage (VPP) during EPROM programming.\n\nThe page includes two figures:\n<figure_summary>Figure 3: Oscillator Connections – This diagram illustrates the connections for XTAL1 and XTAL2, showing how they interface with an inverting oscillator amplifier using either a quartz crystal or ceramic resonator. Capacitors C1 and C2 are specified as 30 pF ± 10 pF for crystals.</figure_summary>\n<figure_summary>Figure 4: External Drive Configuration – This schematic demonstrates the configuration required to drive the device from an external clock source, where XTAL1 is grounded and XTAL2 is driven by the external oscillator signal.</figure_summary>\n\nThe section on \"OSCILLATOR CHARACTERISTICS\" elaborates on the role of XTAL1 and XTAL2 as input and output pins of an inverting amplifier used for on-chip oscillation. It mentions that more detailed information can be found in Application Note AP-155.\n\nThe page also introduces the EXPRESS Version of the MCS 51 family, highlighting its enhanced operational specifications designed for applications requiring performance beyond commercial standards. It covers temperature ranges, burn-in requirements, and package types, noting that extended temperature range options are available with guaranteed operational characteristics over a wider range of temperatures. The optional dynamic burn-in process is described, along with guidelines for identifying different versions through part number prefixes listed in Table 1 (not shown on this page).\n</summary>"
    },
    "6": {
      "summary": "<summary>\nThis page from the document focuses on the **MCS® 51 Controller** and provides detailed information about package types, temperature ranges, and design considerations. It includes a table summarizing EXPRESS prefix identification and discusses important design considerations for users working with this controller.\n\n<table_summary>\nTable 1: EXPRESS Prefix Identification  \nThis table lists various prefixes used to identify different package types, temperature ranges, and burn-in requirements for the MCS® 51 Controller. The prefixes include P, D, N, TD, TP, TN, LD, and LP, each corresponding to specific package types (e.g., Plastic, Cerdip, PLCC) and temperature ranges (Commercial or Extended). The \"Burn-In\" column indicates whether the device undergoes a burn-in process, with most entries marked as \"No,\" except for LD and LP packages, which are marked as \"Yes.\"\n</table_summary>\n\nThe page also includes a **NOTE** advising users to contact distributors or local sales offices to match EXPRESS prefixes with the proper devices.\n\nUnder **DESIGN CONSIDERATIONS**, the following key points are highlighted:\n- If an 8751BH or 8752BH is replacing an 8751H in a future design, users must carefully compare data sheets for DC and AC characteristics, as there are significant differences in V<sub>IH</sub> and I<sub>IH</sub> specifications for the EA pin.\n- Exposure to light when the EPROM device is in operation can cause logic errors. To mitigate this, it is recommended to place an opaque label over the window when the die is exposed to ambient light.\n\nAdditionally, the page discusses limitations of the 8051AHP regarding external Program or Data memory access above 4K. It explains that the Data Pointer (DPTR) can only read/write data at addresses below 0FFFH using instructions like `MOVX A,@DPTR` and `MOVX @DPTR,A`. To access memory above 4K, the `MOVX @Ri,A` or `MOVX A,@Ri` instructions must be used instead.\n\nThere are no images or figures on this page, only text and the table described above.\n</summary>"
    },
    "7": {
      "summary": "<summary>\nThis page from the Intel MCS® 51 Controller datasheet provides detailed specifications related to the device's absolute maximum ratings, operating conditions, and DC characteristics. The section on **Absolute Maximum Ratings** outlines the extreme limits beyond which the device may be damaged, including ambient temperature under bias, storage temperature, voltage ranges for various pins, and power dissipation. A warning emphasizes that exceeding these ratings can cause permanent damage. \n\nThe **Operating Conditions** section specifies the recommended conditions for normal operation, including ambient temperature under bias, supply voltage (\\(V_{CC}\\)), and oscillator frequency (\\(F_{OSC}\\)). These values are provided in a table format, detailing minimum and maximum values along with units.\n\nThe **DC Characteristics** section lists electrical parameters over operating conditions, such as input and output voltages and currents for different ports and pins. This section includes test conditions for each parameter, ensuring consistency across all devices unless otherwise noted. The table provides detailed specifications for input low/high voltages, output low/high voltages, and logical input currents for various configurations.\n\n<table_summary>\nTable 1 (Operating Conditions): This table summarizes the operating conditions for the device, including ambient temperature under bias (\\(T_A\\)), supply voltage (\\(V_{CC}\\)), and oscillator frequency (\\(F_{OSC}\\)). It specifies the minimum and maximum values for each parameter along with their respective units.\n\nTable 2 (DC Characteristics): This table details the DC electrical characteristics of the device, listing symbols, parameters, minimum and maximum values, units, and test conditions. Parameters include input/output voltages and logical input currents for various ports and pins, with specific notes for certain configurations like Port 0 and external bus mode.\n</table_summary>\n\nNo figures, charts, or images are present on this page. The focus is entirely on tabular data and textual specifications.\n</summary>"
    },
    "8": {
      "summary": "<summary>\nThis page from the document provides detailed DC characteristics of the MCS® 51 Controller under operating conditions. It lists various electrical parameters, including logical input currents, leakage currents, power supply currents, and pin capacitance, along with their respective minimum and maximum values, units, and test conditions. The notes section elaborates on potential issues such as spurious noise pulses caused by capacitive loading on certain ports and specifies limitations on output current to prevent exceeding voltage specifications.\n\n<table_summary>\nThe table summarizes the DC characteristics of the controller. It includes symbols, parameters (e.g., Logical 0 Input Current, Input Leakage Current, Power Supply Current), minimum and maximum values, units, and test conditions. For example, it specifies the Logical 0 Input Current (XTAL2) as a minimum of -3.2 mA at \\( V_{IN} = 0.45V \\). It also details power supply currents for different device variants (e.g., 8031AH/8051AH/8051AHP, 8032AH/8052AH/8751BH/8752BH, 8751H/8751H-8) and pin capacitance at 10 pF with a test frequency of 1 MHz.\n</table_summary>\n\n<notes_summary>\nThe notes provide additional context and guidelines:\n1. Capacitive loading on Ports 0 and 2 can cause noise pulses on the ALE/PROG pin, which may exceed 0.8V in extreme cases. Qualifying ALE with a Schmitt Trigger or using a latch with a Schmitt Trigger STROBE input is recommended.\n2. ALE/PROG refers to a pin on the 8751BH, while ALE is a timing signal output on the ALE/PROG pin.\n3. Output current limits are specified under steady-state conditions to ensure \\( V_{OL} \\) does not exceed its specification. Maximum output currents per port pin and for all output pins are provided.\n</notes_summary>\n\nNo figures, charts, or images are present on this page.\n</summary>"
    },
    "9": {
      "summary": "<summary>\nThis page from the Intel MCS® 51 Controller documentation provides an explanation of AC (Alternating Current) symbols used in timing diagrams and lists the AC characteristics of the controller under specified operating conditions. The section begins by explaining the structure of timing symbols, which consist of five characters, where the first character is always 'T' (for time), followed by characters representing signals or their logical states. A detailed list of all characters and their meanings is provided, such as 'A' for Address, 'C' for Clock, 'D' for Input Data, and so on. The page then transitions into a discussion of AC characteristics, specifying the load capacitance values for different ports and outputs. Finally, it presents a table detailing the external program memory characteristics for two oscillator types: a fixed 12 MHz oscillator and a variable oscillator.\n\n<table_summary>\nThe table titled \"EXTERNAL PROGRAM MEMORY CHARACTERISTICS\" outlines various timing parameters for the MCS 51 controller's external program memory interface. It includes columns for the symbol, parameter description, minimum and maximum values for a 12 MHz oscillator, minimum and maximum values for a variable oscillator, and units (ns or MHz). Parameters listed include oscillator frequency, pulse widths, address valid times, instruction hold/float times, and data hold/float times, among others. This table is crucial for understanding the timing requirements and constraints of the external memory interface under different operating conditions.\n</table_summary>\n\nNo figures, charts, or images are present on this page beyond the tabular data.\n</summary>"
    },
    "10": {
      "summary": "<summary>\nThis page provides detailed external program memory characteristics for the MCS® 51 Controller, specifically focusing on timing parameters for different oscillator configurations (12 MHz and Variable Oscillator). The table lists various symbols and their corresponding parameters, along with minimum and maximum values in nanoseconds (ns) for each configuration. A note at the bottom clarifies that the 8751H-8 variant operates up to 8 MHz and uses the same formula as the 8751H for variable oscillators when calculating AC characteristics.\n\n<table_summary>\nThe table titled \"EXTERNAL PROGRAM MEMORY CHARACTERISTICS\" includes the following columns: Symbol, Parameter, Minimum and Maximum values for a 12 MHz Oscillator, Minimum and Maximum values for a Variable Oscillator, and Units (ns). It specifies timing parameters such as TLWLW (ALE Low to RD or WR Low), TAVWL (Address to RD or WR Low), TQVWX (Data Valid to WR Transition), TQVWH (Data Valid to WR High), TWHQX (Data Hold after WR), TRLAZ (RD Low to Address Float), and TWHLH (RD or WR High to ALE High). Each parameter has specific timing constraints depending on the oscillator type.\n</table_summary>\n\n<figure_summary>\nThere are no figures, charts, or graphs on this page.\n</figure_summary>\n\n<image_summary>\nThere are no images, photos, or illustrations on this page.\n</image_summary>\n</summary>"
    },
    "11": {
      "summary": "<summary>\nThis page from the Intel MCS® 51 Controller documentation focuses on explaining the timing and signal behavior during external memory operations. It provides detailed waveforms for three types of memory cycles: **External Program Memory Read Cycle**, **External Data Memory Read Cycle**, and **External Data Memory Write Cycle**. Each section includes timing diagrams illustrating the interactions between various control signals, address lines, and data lines during these operations.\n\n<figure_summary>Figure 1 (External Program Memory Read Cycle): This diagram illustrates the sequence of events during an external program memory read operation. Key signals such as ALE (Address Latch Enable), PSEN (Program Store Enable), PORT 0 (address/data bus), and PORT 2 (high-order address bus) are shown. The timing labels (e.g., TLHLH, TPLPH, TPXAV) indicate the duration and transitions of these signals, highlighting how addresses and instructions are fetched from external memory.\n\n<figure_summary>Figure 2 (External Data Memory Read Cycle): This diagram depicts the process of reading data from external memory. It includes additional signals like RD (Read) and shows how PORT 0 and PORT 2 are used to transfer data. The timing labels (e.g., TLLDV, TRLDV, TRHDZ) illustrate the coordination between address setup, data availability, and instruction processing.\n\n<figure_summary>Figure 3 (External Data Memory Write Cycle): This diagram explains the write operation to external data memory. It introduces the WR (Write) signal and demonstrates how data is written to memory using PORT 0 and PORT 2. Timing labels (e.g., TWLWH, TQVWH, TWHQX) highlight the synchronization required for successful data writes.\n\nThe page emphasizes the precise timing relationships between control signals, address lines, and data lines, which are crucial for understanding how the MCS 51 controller interacts with external memory systems. These diagrams serve as a reference for developers working with the MCS 51 architecture, ensuring proper implementation of memory access protocols.\n</summary>"
    },
    "12": {
      "summary": "<summary>\nThis page from the MCS® 51 Controller documentation focuses on the **Serial Port Timing** in **Shift Register Mode**. It provides detailed timing specifications under over-operating conditions with a load capacitance of 80 pF. The page includes a table listing various timing parameters and their corresponding minimum and maximum values for both a 12 MHz oscillator and a variable oscillator. Additionally, it features a waveform diagram illustrating the timing relationships between different signals during shift register mode operation.\n\n<table_summary>\nTable 1: This table lists timing parameters for the serial port in shift register mode. It includes symbols such as TXLXL, TQVXH, TXHQX, TXHDX, and TXHDV, along with their respective parameter descriptions, minimum and maximum values for a 12 MHz oscillator and a variable oscillator, and units (μs or ns).\n</table_summary>\n\n<figure_summary>\nFigure 1: This waveform diagram illustrates the timing relationships in shift register mode. It shows waveforms for ALE, CLOCK, OUTPUT DATA, WRITE TO SBUF, INPUT DATA, CLEAR RI, and SET TI/RI signals. Key timing parameters like TXLXL, TQVXH, TXHQX, and TXHDV are marked on the waveforms to demonstrate their alignment with clock edges and data transitions.\n</figure_summary>\n\nThe page is technical in nature, aimed at engineers or developers working with the MCS® 51 microcontroller, providing precise timing constraints necessary for proper serial communication implementation.\n</summary>"
    },
    "13": {
      "summary": "<summary>\nThis page from the Intel MCS® 51 Controller documentation focuses on the external clock drive specifications and testing waveforms. It provides detailed timing parameters for the external clock signal and describes the AC testing input/output waveforms used for logic levels.\n\n<table_summary>\nThe table titled \"EXTERNAL CLOCK DRIVE\" lists various timing parameters related to the external clock signal. It includes symbols such as \\( \\frac{1}{TCLCL} \\), TCHCX, TCLCX, TCLCH, and TCHCL, along with their corresponding parameters (e.g., Oscillator Frequency, High Time, Low Time, Rise Time, Fall Time). The table specifies minimum and maximum values for each parameter, with units in MHz or ns. For example, the Oscillator Frequency ranges from 3.5 MHz to 12 MHz (except for the 8751H-8 variant, which has a fixed frequency of 3.5 MHz).\n</table_summary>\n\n<figure_summary>\nFigure 1 (\"EXTERNAL CLOCK DRIVE WAVEFORM\") illustrates the timing waveform of the external clock signal. It shows the high time (TCHCX), low time (TCLCX), rise time (TCLCH), fall time (TCHCL), and oscillator period (TCLCL). The waveform is annotated with specific durations (e.g., 2.5 ns for high/low times and 0.8 ns for rise/fall times) and demonstrates the periodic nature of the clock signal.\n</figure_summary>\n\n<figure_summary>\nFigure 2 (\"AC TESTING INPUT, OUTPUT WAVEFORM\") depicts the AC testing waveform for input and output signals. It shows voltage levels for logic '1' (2.4V driven, 2.0V measured) and logic '0' (0.45V driven, 0.8V measured). The waveform includes test points marked at the specified measurement voltages, illustrating how timing measurements are made during AC testing.\n</figure_summary>\n</summary>"
    },
    "14": {
      "summary": "<summary>\nThis page from the MCS® 51 Controller datasheet focuses on the EPROM characteristics, specifically detailing the programming modes and procedures for the 8751H device. It explains how to program, verify, and set security for the EPROM using specific pin configurations and voltage levels. The section includes a table summarizing the programming modes, notes on logic levels, and precautions regarding the EA/VPP pin's voltage limits. Programming requires a 4 to 6 MHz oscillator, with address data applied to Port 1 and code bytes to Port 0, while other pins must be held at specified \"Program\" or \"Verify\" levels. Verification can be performed if the Security Bit is not programmed, allowing on-chip memory to be read out. Detailed timing specifications are referenced in later sections.\n\n<table_summary>\n**Table 3: EPROM Programming Modes**  \nThis table outlines the required pin states (RST, PSEN, ALE, EA, P2.7, P2.6, P2.5, P2.4) for three different modes: Program, Verify, and Security Set. Logic levels (\"1\" = high, \"0\" = low, \"X\" = don't care) are specified for each mode, along with special conditions like VPP voltage (+21V ± 0.5V) and ALE pulsing (low for 50 ms).\n</table_summary>\n\n<figure_summary>\n**Figure 5: Programming Configuration**  \nThis schematic diagram illustrates the hardware setup for programming the EPROM. It shows the connections for address lines (P2.0–P2.3), data lines (Port 0), control signals (ALE/PROG, EA/VPP, RST, PSEN), and the oscillator circuit (XTAL1, XTAL2). Pins marked as \"DON'T CARE\" indicate flexibility in their configuration during programming.\n</figure_summary>\n\n<figure_summary>\n**Figure 6: Program Verification**  \nThis schematic diagram depicts the hardware setup for verifying the programmed EPROM. It is similar to the programming configuration but differs in that pin P2.7 is held low or used as an active-low read strobe. The diagram also highlights the need for external pull-ups on Port 0 during verification.\n</figure_summary>\n</summary>"
    },
    "15": {
      "summary": "<summary>\nThis page from the Intel MCS-51 Controller documentation focuses on EPROM security features, erasure characteristics, and programming/verification parameters. The section begins by explaining the \"locking\" bit used for securing the on-chip Program Memory, which prevents external access when programmed. The setup and procedure for programming this security bit are detailed, noting that P2.6 must be held high, while other pins have specific requirements outlined in Table 3. Once programmed, the Security Bit can only be cleared through full erasure of the Program Memory, restoring the device's full functionality and allowing reprogramming.\n\nThe page also discusses erasure characteristics, recommending ultraviolet light exposure (at 2537 Angstroms) as the method for erasing the EPROM. It specifies an integrated dose of at least 15 W-sec/cm² and provides guidelines for using an ultraviolet lamp, including exposure time and distance. The text warns about inadvertent erasure due to sunlight or fluorescent lighting over extended periods and suggests protecting the device with an opaque label if exposed to such conditions.\n\nFinally, the page presents a table detailing the EPROM Programming and Verification Characteristics under specified operating conditions (TA = 21°C to 27°C; VCC = 5V ± 10%; VSS = 0V). This table includes various parameters such as programming supply voltage (VPP), current (IPP), oscillator frequency (1/TCLCL), and timing specifications like address/data setup and hold times relative to PROG and ENABLE signals.\n\n<figure_summary>Figure 7: Programming the Security Bit. This diagram illustrates the pin connections and signal requirements for programming the Security Bit in the 8751H chip. It highlights the necessary logic levels for Port 0, Port 1, and pins P2.0–P2.7 during the programming process.</figure_summary>\n\n<table_summary>EPROM Programming and Verification Characteristics: This table lists various electrical and timing parameters required for programming and verifying the EPROM, including voltage levels, current limits, oscillator frequency, and timing constraints for address/data setup and hold times. Each parameter is accompanied by minimum and maximum values where applicable.</table_summary>\n</summary>"
    },
    "16": {
      "summary": "<summary>\nThis page from the document focuses on the **EPROM Programming and Verification Waveforms** for the **MCS® 51 Controller**. It provides detailed timing diagrams illustrating the sequence of signals required for programming and verifying data in an EPROM (Erasable Programmable Read-Only Memory) device. The waveforms are divided into two sections: **Programming** and **Verification**, each showing the timing relationships between various control signals and data lines.\n\nThe diagram includes the following key components:\n- **Address Lines**: Represented by P1.0–P1.7 and P2.0–P2.3, which are used to select memory locations during programming and verification.\n- **Data Lines**: Port 0 is used for both inputting data during programming (`DATA IN`) and outputting data during verification (`DATA OUT`).\n- **Control Signals**: Includes ALE/PROG, EA/VPP, and P2.7 (ENABLE), which manage the programming and verification processes. Specific timing parameters such as TAVGL, TGLGH, TSHGL, and others are marked to indicate signal transitions and durations.\n- **Voltage Levels**: Highlights the high voltage requirement (21V ± 0.5V) for programming, along with TTL (Transistor-Transistor Logic) levels for other signals.\n\nThe page references Figure 5 for programming conditions and Figure 6 for verification conditions, suggesting that additional details can be found in those figures.\n\n<figure_summary>Figure: EPROM Programming and Verification Waveforms. This figure is a detailed timing diagram showing the sequence of signals (address, data, and control signals) required for programming and verifying an EPROM. It includes labeled time intervals and voltage levels for each signal transition.</figure_summary>\n\nNo tables or images other than the waveform diagram are present on this page.\n</summary>"
    },
    "17": {
      "summary": "<summary>\nThis page from the Intel MCS® 51 Controller datasheet focuses on programming the 8751BH/8752BH microcontrollers. It explains the process of programming an EPROM location by setting up specific pin configurations and voltage levels. The oscillator must run at 4 to 6 MHz to enable internal bus operations for address and data transfer. The address of the EPROM location is applied to Port 1 and pins P2.0–P2.4 of Port 2, while the code byte is applied to Port 0. Pins RST, PSEN, and EA/Vpp must be held at specific \"Program\" levels, as detailed in Table 1. ALE/PROG is pulsed low to program the code byte into the addressed EPROM location. The setup is illustrated in Figure 8, which shows the pin connections and voltage requirements for programming. Table 4 outlines the EPROM Programming Modes for the 875XBH, detailing the required states for various pins during different modes such as Program Code Data, Verify Code Data, Program Encryption Table, Program Lock Bits, and Read Signature. Notes clarify the meaning of \"1,\" \"0,\" and \"Vpp\" values, along with the timing specifications for ALE/PROG pulses.\n  \n<figure_summary>Figure 8: Programming the EPROM. This diagram illustrates the pin connections and voltage requirements for programming the EPROM. It shows the 875XBH microcontroller connected to power supplies (+5V, +12.75V), ground, and various input/output pins (P0, P1, P2, P3). Specific voltages and signals, such as Vpp, ALE/PROG, and XTAL oscillation, are depicted to demonstrate the programming setup.</figure_summary>\n\n<table_summary>Table 4: EPROM Programming Modes for 875XBH. This table lists the required states for various pins (RST, PSEN, ALE/PROG, EA/Vpp, P2.7, P2.6, P3.6, P3.7) during different programming modes. Each row corresponds to a mode, such as Program Code Data, Verify Code Data, Program Encryption Table, Program Lock Bits, and Read Signature. The table specifies whether each pin should be high (\"1\"), low (\"0\"), or at Vpp level, providing a clear reference for configuring the microcontroller during programming.</table_summary>\n</summary>"
    },
    "18": {
      "summary": "<summary>\nThis page discusses the Quick-Pulse Programming Algorithm for the 875XBH microcontroller, part of the MCS® 51 family. It highlights the algorithm's advantages, such as lower Vpp voltage (12.75V) and shorter programming pulses, enabling the programming of the entire 8 Kbytes of EPROM memory in under 25 seconds. The programming process requires Vpp to be set at 12.75 ± 0.25 Volts, with ALE/PROG pulsed low for 100 μs, 25 times, as depicted in Figure 9. After programming, verification involves reading the Program Memory through Port 0, with address lines applied to Port 1 and pins P2.0–P2.4. If encryption is enabled, the user must know the Encryption Array contents to manually decrypt the data during verification. Programming Lock features are handled similarly but cannot be directly verified; instead, their functionality is confirmed by observing their effects.\n\n<figure_summary>Figure 9: PROG Waveforms - This figure illustrates the timing waveform for the ALE/PROG signal during the Quick-Pulse Programming Algorithm. It shows 25 pulses, each lasting 100 μs, with a minimum interval of 10 μs between pulses.</figure_summary>\n\n<figure_summary>Figure 10: Verifying the EPROM - This diagram depicts the pin connections and setup required for verifying the EPROM after programming. It includes the 875XBH microcontroller, crystal oscillator circuitry, and connections for various control signals like RST, ALE/PROG, and PSEN. Pin P2.7 is held low or used as an active low read strobe during verification.</figure_summary>\n</summary>"
    },
    "19": {
      "summary": "<summary>\nThis page discusses the Program Memory Lock system of the Intel MCS® 51 Controller, focusing on its two-level security mechanism involving Lock Bits and an Encryption Array. The system is designed to protect program memory against software piracy. The Encryption Array consists of 32 bytes, initially unprogrammed, which are used during verify operations to encrypt code bytes by performing an exclusive-NOR operation with the code byte. It is recommended to program at least one of the two Lock Bits when using the Encryption Array. Erasing the EPROM clears both the Encryption Array and the Lock Bits, restoring full functionality. Proper chip functionality requires that the internally latched value of the EA pin matches its external state. The page also explains how to read signature bytes to identify the manufacturer and device type.\n\n<table_summary>\nTable 5: Lock Bits and their Features  \nThis table outlines the behavior of the two Lock Bits (LB1 and LB2) in the Program Memory Lock system. Depending on whether each bit is programmed (P) or unprogrammed (U), different features are enabled. For example, when both bits are unprogrammed (UU), only minimum Program Lock features are enabled. When LB1 is programmed and LB2 is unprogrammed (PU), MOVX instructions from external memory are disabled, and further programming of the EPROM is blocked. The table also indicates reserved configurations for future use.\n</table_summary>\n\n<figure_summary>\nNone\n</figure_summary>\n\n<image_summary>\nNone\n</image_summary>\n</summary>"
    },
    "20": {
      "summary": "<summary>\nThe page discusses the erasure characteristics and programming/verification specifications of the Intel MCS® 51 Controller's EPROM (8752BH). It explains that EPROM erasure occurs when exposed to light with wavelengths shorter than approximately 4,000 Angstroms, such as sunlight or fluorescent lighting. To prevent accidental erasure, it recommends covering the window with an opaque label. For intentional erasure, exposure to ultraviolet light at 2537 Angstroms with an integrated dose of at least 15 W-sec/cm² is suggested, achievable by exposing the EPROM to a 12,000 µW/cm² lamp for 30 minutes at a distance of about 1 inch.\n\nThe page also provides detailed \"EPROM Programming and Verification Characteristics\" under specified conditions (T<sub>A</sub> = 21°C to 27°C, V<sub>CC</sub> = 5.0V ± 10%, V<sub>SS</sub> = 0V). This section includes a table listing various parameters such as programming supply voltage (V<sub>PP</sub>), current (I<sub>PP</sub>), oscillator frequency (1/TCLCL), and timing requirements for address setup, data setup, enable signals, and more. Each parameter is accompanied by its minimum and maximum values and units.\n\nAdditionally, the page features \"EPROM Programming and Verification Waveforms,\" illustrated in a diagram showing the sequence of signals required for programming and verifying the EPROM. The waveforms depict the timing relationships between address lines, data input/output, enable signals, and programming voltage (V<sub>PP</sub>).\n\n<table_summary>\nTable 1: Lists the programming and verification characteristics of the EPROM, including parameters like V<sub>PP</sub>, I<sub>PP</sub>, 1/TCLCL, TAVGL, TDVGL, TEHSH, TSHGL, TGLGH, TAVQV, TELQV, TEHQZ, and TGHGL. It specifies their minimum and maximum values along with units such as volts (V), milliamps (mA), megahertz (MHz), and microseconds (µS).\n</table_summary>\n\n<figure_summary>\nFigure 1: Depicts the \"EPROM Programming and Verification Waveforms.\" It illustrates the timing sequences for programming and verification processes, showing how address lines (P1.0-P1.7, P2.0-P2.4), data input/output (PORT 0), ALE/PROG, EA/V<sub>PP</sub>, and other signals interact during the process. Key timings such as TAVGL, TDVGL, TEHSH, TSHGL, TGLGH, TAVQV, TELQV, and TEHQZ are marked on the waveforms.\n</figure_summary>\n</summary>"
    },
    "21": {
      "summary": "<summary>\nThis page from the Intel MCS® 51 Controller datasheet focuses on the **Data Sheet Revision History**. It emphasizes that datasheets are updated regularly as new device information becomes available and advises users to verify with their local Intel sales office to ensure they have the latest version before finalizing designs or ordering devices. The page highlights differences between this revision (272318-002) and the previous one (272318-001), specifically noting the removal of \"QP\" and \"QD\" (commercial with extended burn-in) from Table 1 under the \"EXPRESS Prefix Identification.\" Additionally, it states that this datasheet (272318-001) replaces several older datasheets related to various MCS® 51 Controllers, including 8051AHP, 8751BH, 8751BH EXPRESS, 8752BH, and 8752BH EXPRESS, each with their respective part numbers.\n\nThere are no tables, figures, charts, diagrams, or images present on this page.\n\n</summary>"
    }
  }
}