{
  "doc_id": "e639029d16094ea71d964e2fb953952b.pdf",
  "pages": {
    "1": {
      "summary": "<summary>\nThis page is the cover of a hearing document titled \"Improving the Quality and Efficiency of Commodity Distribution to Federal Child Nutrition Programs.\" The hearing was conducted before the Committee on Education and the Workforce of the U.S. House of Representatives during the One Hundred Eighth Congress, First Session, on October 7, 2003. The document is identified as Serial No. 108-36 and was printed for the use of the Committee. It is available online via the World Wide Web at http://www.access.gpo.gov/congress/house or through the Committee's website at http://edworkforce.house.gov. The document is published by the U.S. Government Printing Office in Washington, D.C., in 2004, and is also available for sale through the Superintendent of Documents.\n\nThere are no tables, figures, or images on this page. The layout includes standard government document formatting, with the title prominently displayed at the top, followed by the committee and session details, date, serial number, and publication information at the bottom.\n\n</summary>"
    },
    "2": {
      "summary": "<summary>\nThis page lists the members of the \"Committee on Education and the Workforce.\" The committee is chaired by John A. Boehner from Ohio, with Thomas E. Petri from Wisconsin serving as Vice Chairman. The list includes members from various states, representing both Republican and Democratic affiliations. The staff is led by Paula Nowakowski as Staff Director and John Lawrence as Minority Staff Director. The names are organized in two columns, providing a clear and structured overview of the committee's composition.\n\nThere are no tables, figures, charts, or images on this page. The focus is entirely on the textual listing of committee members and staff roles.\n\n</summary>"
    },
    "3": {
      "summary": "<summary>\nThis page is the \"Contents\" section of a document, providing an organized list of statements and materials from a hearing held on October 7, 2003. It includes prepared statements and responses submitted by members of Congress, witnesses, and additional organizations. The contents are divided into three main categories: Statements of Members, Statements of Witnesses, and Additional Materials Supplied. Each entry lists the name of the individual or organization, their role or affiliation, and the page number where their statement or material can be found in the document.\n\nThe Statements of Members include representatives from Ohio, Washington, Michigan, and California, along with their prepared statements and associated page numbers. The Statements of Witnesses cover a diverse group of individuals, including government officials, university professors, association presidents, and school food service directors, each with their prepared statements and sometimes responses to questions. The Additional Materials Supplied section lists various organizations and individuals who submitted statements for the record, such as industry associations, medical committees, and academic institutions.\n\nThere are no tables, figures, charts, or images on this page; it solely focuses on providing a detailed table of contents for the hearing transcript.\n</summary>"
    },
    "4": {
      "summary": "Since you have provided an empty page with no visible content, there is nothing to summarize. However, I can guide you on how to proceed if you provide the actual content of the page in the future.\n\nIf you share the text, tables, figures, or images from the page, I will be able to create a detailed summary following the structure you requested. Please upload or describe the content of the page, and I'll assist you further!"
    },
    "5": {
      "summary": "<summary>\nThis page documents the opening proceedings of a hearing held by the U.S. House of Representatives Committee on Education and the Workforce on Tuesday, October 7, 2003, in Washington, DC. The hearing focused on \"Improving the Quality and Efficiency of Commodity Distribution to Federal Child Nutrition Programs.\" Hon. John A. Boehner presided over the meeting, which took place at 2 p.m. in room 2175 of the Rayburn House Office Building. The attendees included several representatives and staff members, as listed in the document. Chairman Boehner welcomed everyone and explained that the hearing would focus on testimony regarding commodity distribution improvements. He also noted that under committee rules, only the chairman and ranking minority member could deliver opening statements, but other members' statements could be included in the hearing record. The chairman requested unanimous consent to keep the hearing record open for 14 days to allow for additional submissions, which was granted without objection. The page concludes with the beginning of Chairman Boehner's statement, expressing gratitude to those attending and emphasizing the importance of the hearing topic.\n\nThere are no tables, figures, charts, diagrams, or images present on this page.\n\n</summary>"
    },
    "6": {
      "summary": "<summary>\nThe page discusses the importance of federal child nutrition programs in providing safe, affordable, and nutritious food to needy children across the nation. It highlights the upcoming reauthorization of the Child Nutrition Act and the Richard B. Russell National School Lunch Act, emphasizing the role of these programs in supporting disadvantaged children's access to nutritious meals and snacks. Key programs mentioned include the National School Lunch and Breakfast Programs, WIC, the Summer Food Service Program, and the Child and Adult Care Food Program, which collectively aim to promote physical development and academic success among children. These programs represent a significant national investment of over $12 billion annually. The Committee responsible for overseeing these programs seeks ways to improve access to healthy meals and better serve all participants. Today’s hearing focuses on commodity distribution, a critical component of federally funded child nutrition programs, where the U.S. Department of Agriculture provides support by purchasing commodities valued at more than $700 million last year. The Department faces challenges in balancing its objectives of price support and surplus removal with ensuring high-quality, appealing foods for schools. In 1999, the USDA conducted an evaluation of its commodity procurement and distribution systems to enhance efficiency and food quality, convening a blue ribbon panel, \"Food Distribution 2000,\" which included representatives from various sectors to produce a report on improvements.\n\n<table_summary>There are no tables present on this page.</table_summary>\n\n<figure_summary>There are no figures, charts, or diagrams present on this page.</figure_summary>\n\n<image_summary>There are no images, illustrations, or photographs present on this page.</image_summary>\n</summary>"
    },
    "7": {
      "summary": "<summary>\nThe page discusses efforts to improve USDA's food distribution systems, highlighting the implementation of pilot programs and initiatives following recommendations from the Food Distribution 2000 panel. It mentions a letter sent by the author to Agriculture Secretary Ann Veneman, requesting updates on the Department's progress in implementing these recommendations. The text emphasizes collaboration with various stakeholders, including the Under Secretary for Food and Nutrition, Eric Bost, Ag Marketing Services Administrator A.J. Yates, and partners in the food industry and school food service providers. Today’s hearing aims to gather expert insights into commodity distribution to child nutrition programs, focusing on successes and areas needing improvement. Witnesses will provide perspectives to help Congress and the Committee on Education and the Workforce prepare for the reauthorization of the Child Nutrition Act and the Richard B. Russell National School Lunch Act. The statement by Chairman John A. Boehner underscores the importance of federal child nutrition programs, which serve as a crucial resource for disadvantaged children, pregnant women, breastfeeding mothers, and young children. These programs, including the National School Lunch and Breakfast Programs, WIC, Summer Food Service Program, and Child and Adult Care Food Program, collectively represent an annual investment of over $15 billion. The hearing specifically focuses on commodity distribution, a key component of these programs, with the USDA providing commodities valued at more than $700 million last year.\n</summary>"
    },
    "8": {
      "summary": "<summary>\nThe page discusses the Department of Agriculture's dual objectives in providing food products to schools: supporting agricultural markets through price-support and surplus-removal programs, and ensuring children have access to high-quality, nutritious meals. These objectives often conflict, requiring balancing economic factors with nutritional needs. In 1999, the USDA conducted an evaluation of its commodity procurement and distribution systems, leading to the creation of the Food Distribution 2000 panel, which provided recommendations for improving the food distribution system. Since then, pilot programs have been implemented, but further improvements are needed. The speaker highlights the importance of child nutrition programs, referencing historical context dating back to World War II, when poor nutrition was identified as a significant issue among military recruits. The statement emphasizes the long-term commitment of the Federal Government to child nutrition, despite occasional controversies over program specifics.\n\nThere are no tables, figures, or images present on this page.\n</summary>"
    },
    "9": {
      "summary": "<summary>\nThe page discusses the importance of school breakfast programs and highlights a personal anecdote about the author's experience starting such a program. It begins by mentioning a vegetable pilot program established in four states and one Indian reservation, emphasizing its significance. The author then reflects on their visit to a program in Michigan, expressing admiration for its implementation. The discussion shifts to the author's past teaching experience, where they observed students arriving at school without breakfast, which negatively impacted their learning. This led to the initiation of a breakfast program at Flint Central High School, starting with one student. The author recounts an incident involving a student stealing lunches due to hunger, leading to the decision to provide breakfast for this student. The program was successful, and the student received breakfast for three years without issue. The author concludes by acknowledging the importance of nutrition and the federal government's role in supporting such programs, expressing anticipation for the upcoming hearing.\n\nThere are no tables, figures, or images present on this page.\n</summary>"
    },
    "10": {
      "summary": "<summary>\nThe page contains an introduction by Chairman Boehner, followed by statements from two witnesses. Chairman Boehner introduces Eric M. Bost, Under Secretary for Food, Nutrition, and Consumer Services at the U.S. Department of Agriculture, who is responsible for administering 15 nutrition assistance programs, including the Food Stamp Program, National School Lunch Program, School Breakfast Programs, and WIC. Before his current role, Mr. Bost served in Texas's Department of Human Services. The second witness introduced is A. J. Yates, the administrator of USDA’s Agriculture Marketing Service, overseeing over 50 programs aimed at stabilizing the marketing environment for farmers, ranchers, and consumers. Prior to this position, Mr. Yates held roles in California’s Department of Food and Agriculture. The chairman also notes his dual role as Vice Chairman of the House Committee on Agriculture. Mr. Bost then begins his testimony, discussing the importance of the Commodity Nutrition Assistance Program in relation to the National School Lunch Program. He highlights the program's impact on supporting local schools, parents, and communities, noting that it serves over 98,000 schools nationwide, providing over $705 million in entitlement commodities and $75 million in bonus commodities in fiscal year 2003. Mr. Bost emphasizes the program's role in stabilizing agricultural markets and addresses concerns about the nutritional quality of school meals, mentioning efforts to review recipes, commodity specifications, and other materials to ensure compliance with dietary guidelines.\n\nThere are no tables, figures, charts, diagrams, or images present on this page.\n\n</summary>"
    },
    "11": {
      "summary": "<summary>\nThe page discusses efforts to improve the nutritional quality of meals served in National School Lunch Program schools by aligning them more closely with dietary guidelines. Key initiatives include offering reduced-fat meat and cheese products, reducing salt in canned vegetables, and lowering sugar in canned fruit. Schools are encouraged to provide more nutritious choices, and food service workers receive training and technical assistance to prepare healthier meals. Over 80% of participating schools now offer meals consistent with good health. The document also highlights improvements in commodity program delivery through an Internet-based electronic commodity ordering system, which streamlines food distribution processes at federal, state, and local levels. Additionally, changes have been made to align commodity programs with commercial practices, such as allowing vendors to use commercial labels and revising regulations for commodity substitution. Long-term contracts for certain commodities ensure consistency, while \"best value\" contracts focus on product quality and service. Safety measures, including collaboration with the Food Safety and Inspection Service, have been implemented to address concerns about food safety, with established procedures for handling commodity holds and recalls.\n\nThere are no tables, figures, or images present on this page.\n</summary>"
    },
    "12": {
      "summary": "<summary>\nThe page discusses collaborative efforts by various USDA agencies to improve nutrition programs, focusing on the distribution of fresh fruits and vegetables. It highlights a joint initiative involving the Food and Nutrition Service, Agricultural Marketing Service, Farm Service Agency, and Food Safety Inspection Service, which established standards for canned fruit and vegetables while promoting fresh produce consumption in school lunch programs. A partnership with the Department of Defense Supply Center in Philadelphia has facilitated the delivery of high-quality fresh produce to schools and Indian tribes, with $50 million worth of produce purchased in fiscal year 2003. The page also announces the launch of a USDA commodity food network website, designed as an E-government resource to streamline access to information about USDA commodities for customers. The statement concludes with an offer to work with the Committee on reauthorizing child nutrition programs and enhancing their success.\n\nThere are no tables, figures, or images present on this page.\n</summary>"
    },
    "13": {
      "summary": "<summary>\nThe page discusses the USDA's efforts to improve school meal programs and commodity distribution systems in alignment with nutritional guidelines and commercial practices. It highlights the department's focus on reducing fat, sodium, and sugar in meals, ensuring compliance with Dietary Guidelines for Americans, and enhancing the quality and variety of food served in schools. Over 80% of NSLP schools now offer meals consistent with good health, and the USDA continues to work on improving the nutritional content of commodities provided to schools. The page also addresses historical challenges in commodity ordering, noting inefficiencies such as cumbersome processes, lack of electronic ordering, and inconsistent product specifications. The \"Food Distribution 2000\" report identified these issues and proposed solutions, which the USDA has since implemented. Key improvements include the introduction of the Electronic Commodity Ordering System (ECOS), allowing states to manage orders online, and aligning USDA commodity programs with commercial practices by permitting vendors to use commercial labels, maintaining single inventory records, and revising commodity specifications to better match industry standards. Substitution policies have been updated to allow greater flexibility in production scheduling, except for beef and pork, which have limited substitution options.\n\nThere are no tables, figures, or images present on this page.\n</summary>"
    },
    "14": {
      "summary": "<summary>\nThe page discusses several initiatives aimed at improving the USDA's commodity distribution programs, focusing on efficiency, safety, nutrition, and inter-agency coordination. It highlights the implementation of long-term contracts for certain commodities to ensure consistency and predictability, emphasizing \"best value\" over \"lowest cost.\" The section on food safety protocols outlines measures such as reviewing meat and poultry specifications in consultation with FSIS, implementing new process control protocols for ground beef suppliers, and establishing written procedures to address commodity holds and recalls. The promotion of fresh fruits and vegetables is discussed, noting the shift from canned produce to healthier options, including sodium reduction and natural juice packing. A partnership with the DoD Supply Center in Philadelphia is highlighted, enabling schools to purchase high-quality fresh produce directly from prime vendors, with significant purchases made in fiscal year 2003. The page also emphasizes inter-agency coordination through the creation of the USDA Commodity Food Network (CFN) website, which consolidates information from multiple agencies into a single portal for customers. Finally, the conclusion expresses USDA's commitment to working with the Committee to reauthorize Child Nutrition programs for continued success.\n\nThere are no tables, figures, or images present on this page.\n\n</summary>"
    },
    "15": {
      "summary": "<summary>\nThis page contains a statement by A. J. Yates, Administrator of the Agricultural Marketing Service (AMS) at the U.S. Department of Agriculture, addressing the role of AMS in the National School Lunch Program. The statement begins with an introduction where Mr. Yates thanks the committee for the opportunity to discuss AMS's responsibilities. He explains that while USDA’s Food and Nutrition Service (FNS) administers the National School Lunch Program, AMS is responsible for purchasing many of the commodities used in the program, including red meat, fish, poultry, eggs, fruit, and vegetable products. The USDA’s Farm Service Agency (FSA) handles purchases of flours, grains, peanut products, dairy products, oils, and shortening. These purchases help stabilize the agricultural market by balancing supply and demand, benefiting domestic farmers and ranchers.\n\nMr. Yates describes the detailed purchase process, which involves AMS specialists working with vendors, FNS, and food safety officers to develop specifications for each item. These specifications ensure high-quality, wholesome, and appealing products that meet nutritional standards. AMS also assesses market conditions and works closely with FNS to determine recipient preferences before placing orders. Local school authorities decide on specific foods and their preparation, but USDA commodities account for less than 20% of the food served. AMS and FSA handle bidding, contract awarding, and administration, while FNS manages commodity orders, monitors purchases, and oversees the overall administration of the commodity nutrition programs.\n\nThe page does not contain any tables, figures, charts, diagrams, or images.\n</summary>"
    },
    "16": {
      "summary": "<summary>\nThe page discusses the food procurement process managed by the USDA's Agricultural Marketing Service (AMS) and Farm Service Agency. It outlines how actual purchasing begins with notifications to specific industries about upcoming bids for food products, which must be US-produced and of domestic origin. Vendors must meet Federal acquisition regulations, including having a satisfactory performance record and adequate financial resources. Contracts are awarded based on timely delivery, and all products must comply with applicable food safety laws and regulations enforced by FSIS and FDA. AMS inspectors ensure compliance during production and shipping, especially for red meat, poultry, and egg products. Plants supplying processed fruit and vegetable products undergo FDA surveys, while fish products adhere to voluntary inspection programs. AMS also collaborates with FSIS to distribute educational materials for food service professionals. In 1998, AMS worked with industry associations to improve procurement and distribution processes, implementing initiatives such as long-term contracts, best-value contracting, revised product specifications, and the purchase of commercially labeled products.\n\nThere are no tables, figures, or images on this page.\n</summary>"
    },
    "17": {
      "summary": "<summary>\nThe page contains a statement by A. J. Yates, Administrator of the Agricultural Marketing Service (AMS) at the U.S. Department of Agriculture, addressing the role of AMS in the National School Lunch Program (NSLP). The statement highlights AMS's contributions to providing nutritious food to schoolchildren, including its efforts in purchasing commodities such as red meat, fish, poultry, eggs, fruits, and vegetables. It emphasizes AMS's collaboration with USDA's Food and Nutrition Service (FNS) and Farm Services Agency (FSA) to stabilize agricultural markets and support domestic farmers. The process involves developing detailed specifications for food items, assessing market conditions, coordinating with FNS for orders, and ensuring compliance with Federal standards for nutrition. The statement also mentions the competitive bid program used for purchasing commodities, which must be U.S.-produced and of domestic origin.\n\nThis page does not contain any tables, figures, charts, diagrams, or images. The focus is entirely on textual information detailing the responsibilities and processes of AMS in supporting the NSLP.\n</summary>"
    },
    "18": {
      "summary": "<summary>\nThe page discusses the USDA's commodity distribution program, focusing on vendor responsibility, food safety regulations, and procurement practices. Vendors must meet Federal Acquisition Regulations, including having a satisfactory performance record and adequate financial resources, to ensure timely delivery of food products. FSIS and FDA regulate the production and processing of various food items, ensuring they are wholesome and produced under sanitary conditions. AMS inspectors oversee compliance with specifications during production and shipping, while plants supplying fruit, vegetables, and fish undergo surveys or inspections to ensure adherence to FDA and NMFS guidelines. Additional handling and testing protocols are required for certain products like ground beef and egg products. AMS also provides educational materials in English and Spanish to assist food service professionals in schools participating in the NSLP. In 1998, USDA policy officials collaborated with industry associations to improve the commodity procurement and distribution process, implementing initiatives such as expanded long-term contracts, best-value contracting, revised product specifications, and relaxed truckload delivery requirements. The page concludes with a statement from Chairman Boehner, highlighting the dual objectives of the program: stabilizing the agricultural marketplace and providing high-quality nutritious foods to federal nutrition programs, and questioning which objective takes precedence.\n</summary>"
    },
    "19": {
      "summary": "<summary>\nThe page discusses the balancing act involved in managing agricultural programs, specifically focusing on ensuring that decisions made by the Department address the needs of both farmers/ranchers and school children. Mr. Bost emphasizes the importance of purchasing what farmers produce while also prioritizing the provision of nutritious food to the 29 million children in schools. The discussion highlights two key components of the program: entitlements (with 143–145 items available for schools to order) and bonus buys, which offer flexibility in purchasing decisions. The challenge lies in balancing these factors under pressure from various stakeholders, including requests for specific foods like peaches, tree nuts, or beef. Additionally, the conversation touches on ensuring affordability, nutritional value, and student interest in the foods provided. Mr. Yates further elaborates on the close relationship between AMS and FNS, noting efforts to utilize surplus commodities by combining them into appealing mixes, such as dried fruit blends, to meet both nutritional and palatability requirements for school lunches.\n\nThere are no tables, figures, charts, diagrams, or images present on this page. The content is entirely textual, focusing on dialogue and explanations related to agricultural and school nutrition programs.\n</summary>"
    },
    "20": {
      "summary": "<summary>\nThis page contains a transcript of a discussion regarding food distribution specifications and program safeguards. Chairman Boehner inquires about the implementation of recommendations from \"Food Distribution 2000,\" which suggested aligning procurement specifications with commercial standards. Mr. Yates responds, highlighting successful implementation but noting issues with substitution in fruit and vegetable products, which are more flexible compared to poultry and beef/pork products. For poultry, companies can produce either commercial or school products under continuous inspection, allowing label flexibility and interchangeability if AMS inspection is passed. Beef products, however, have stricter substitution rules due to health concerns for at-risk groups like school children. The discussion also touches on microbial testing for beef, emphasizing safety and quality assurance. Mr. Kildee raises concerns about overcertification in eligibility programs, questioning whether safeguards protect children who genuinely need assistance. Mr. Bost responds by emphasizing the importance of ensuring participation for all eligible children, addressing both overcertification and under-participation issues.\n\nThere are no tables, figures, images, or charts present on this page.\n</summary>"
    }
  }
}