{
  "doc_id": "e79deb02a0c0e87511080836c5d4347b.pdf",
  "pages": {
    "1": {
      "summary": "<summary>\nThis page serves as the cover of the \"Florida Department of Health Division of Medical Quality Assurance Strategic Plan\" for the period 2016-2018. The document is authored under the leadership of Rick Scott, Governor of Florida, and Celeste Philip, MD, MPH, who holds the positions of State Surgeon General and Secretary. The cover features the Florida Health logo prominently at the top left corner, emphasizing the state's commitment to health initiatives. The design incorporates various colorful blocks and images that depict themes of health, wellness, and community engagement, such as children eating healthy snacks, individuals exercising outdoors, and families shopping for fresh produce.\n\n<image_summary>The cover includes several small photographs and illustrations arranged in a grid-like pattern. These images represent diverse aspects of health and wellness, including children enjoying healthy food, people engaging in physical activity, and families shopping for nutritious groceries. These visuals reinforce the strategic plan's focus on promoting healthy lifestyles and community health.</image_summary>\n\nThe overall layout is vibrant and visually appealing, using bright colors like yellow, blue, teal, and orange to convey a sense of positivity and vitality, aligning with the mission of improving medical quality assurance in Florida.\n</summary>"
    },
    "2": {
      "summary": "<summary>\nThis page contains metadata about a document, indicating it is version 1.3, revised in May 2016. The document is produced by the Florida Department of Health, located at 4052 Bald Cypress Way, Bin # A00, Tallahassee, FL 32399-1701. There are no tables, figures, images, or additional visual elements present on this page.\n\nNo further content or detailed information is provided beyond the metadata and contact information for the producing organization.\n</summary>"
    },
    "3": {
      "summary": "<summary>\nThis page contains the Table of Contents for a strategic planning document. It outlines the structure of the document, listing the main sections and appendices along with their corresponding page numbers. The main sections include an Executive Summary, Mission, Vision, and Values, Strategy Map, and Strategic Priorities. The appendices provide additional details such as participants in the strategic planning process, summaries of planning and monitoring activities, a SWOT analysis, alignment information, and environmental scan resources.\n\nThere are no tables, figures, charts, diagrams, or images on this page. The content is purely textual, serving as a navigational guide for readers to access different parts of the document efficiently.\n\n</summary>"
    },
    "4": {
      "summary": "<summary>\nThe Executive Summary outlines the Florida Department of Health's strategic planning process conducted in summer 2015. This plan aims to guide the agency over the next three years, focusing on sustainability, high-quality public health services, and adaptability to changing environments. Key components include mission, vision, and values, which emphasize protecting and improving health through integrated efforts. The Division of Medical Quality Assurance (MQA) plays a crucial role in implementing these strategies, working with boards and councils to achieve the department's goals of becoming the healthiest state in the nation.\n\nThis page does not contain any tables, figures, charts, diagrams, or images. It focuses solely on textual information summarizing the strategic plan and its core principles.\n</summary>"
    },
    "5": {
      "summary": "<summary>\nThe page presents a **Strategy Map** outlining the strategic priorities, strategies, and objectives of an organization focused on public health and regulatory efficiency. The map is divided into four strategic priority areas: **Long, Healthy Life**, **Readiness for Emerging Health Threats**, **Effective Agency Processes**, and **Regulatory Efficiency**. Each area includes a goal, associated strategies, and measurable objectives with specific timelines and targets.\n\n- **Long, Healthy Life**: Focuses on increasing healthy life expectancy by improving the weight of children and adults. The objective is to increase the number of Healthiest Weight Activities from 34 in 2015 to 37 by December 31, 2018.\n  \n- **Readiness for Emerging Health Threats**: Aims to improve the efficiency of disseminating information on emerging health threats. The objective is to reduce the time to disseminate such information from 8 hours in 2015 to 4 hours by December 31, 2016.\n\n- **Effective Agency Processes**: Seeks to establish a sustainable infrastructure through better communication products and employee development. Objectives include increasing the number of communication products from 198 in 2015 to 218 by June 30, 2018, and increasing the number of employees with complete Individual Development Plans from 98 in 2015 to 147 by December 31, 2018.\n\n- **Regulatory Efficiency**: Focuses on establishing a regulatory structure that supports global competitiveness and economic growth. Objectives include reducing the average time to issue licenses (from 65 days in 2015 to 49 days) and facility licenses (from 60 days in 2015 to 45 days), increasing the number of approved applications for health care licensure for military spouses and veterans, and establishing enterprise solutions for all department regulatory functions by December 31, 2017.\n\nA note at the bottom indicates that \"Priority 1. Healthy Moms and Babies\" is not applicable.\n\n</summary>"
    },
    "6": {
      "summary": "<summary>\nThis page outlines the strategic priorities of an organization, focusing on five key areas: Healthy Moms and Babies, Long, Healthy Life, Readiness for Emerging Health Threats, Effective Agency Processes, and Regulatory Efficiency. Each priority includes specific goals, strategies, and objectives with measurable targets and deadlines.\n\n- **Priority 1: Healthy Moms and Babies** – Marked as \"Not applicable\" in this version.\n- **Priority 2: Long, Healthy Life** – Aims to increase healthy life expectancy by improving the healthy weight of children and adults. The objective is to increase the number of Healthiest Weight Activities from 34 to 37 by December 31, 2018.\n- **Priority 3: Readiness for Emerging Health Threats** – Focuses on demonstrating readiness for emerging health threats by improving the efficiency of disseminating information. The objective is to reduce the dissemination time from 8 hours to 4 hours by December 31, 2016.\n- **Priority 4: Effective Agency Processes** – Seeks to establish a sustainable infrastructure through increased communication products and employee development. Objectives include increasing the number of communication products from 198 to 218 by June 30, 2018, and raising the percentage of employees with complete Individual Development Plans by December 31, 2018.\n- **Strategic Priority 5: Regulatory Efficiency** – Aims to establish a regulatory structure supporting global competitiveness and economic growth. Objectives include reducing the average time to issue licenses, increasing the number of approved applications for military spouses and veterans, and standardizing department regulatory systems.\n\nThe page uses tables to organize strategies and objectives under each priority, providing clear timelines and numerical targets for each goal.\n\n<table_summary>\nThe page contains multiple tables, each detailing strategies and corresponding objectives for the respective priorities. These tables list specific actions (strategies) alongside measurable outcomes (objectives), including target dates and numerical benchmarks.\n</table_summary>\n\n<figure_summary>\nNo figures, charts, or diagrams are present on this page. The content relies solely on text and tabular data to convey information.\n</figure_summary>\n\n<image_summary>\nNo images, photos, or illustrations are included on this page. The focus remains entirely on textual and tabular information.\n</image_summary>\n</summary>"
    },
    "7": {
      "summary": "<summary>\nThis page, titled \"Appendix A: Division of Medical Quality Assurance Strategic Planning Participants,\" lists all attendees of strategic planning meetings held by the Division of Medical Quality Assurance (MQA) in 2015. These meetings include the MQA Strategic Planning Retreat in July 2015 and the Healthiest Weight Liaisons and Board Chairs/Vice Chairs Annual Long-range Planning Meetings in September 2015. While individual employees, management, and board/council members participated in a SWOT survey, this list focuses on key participants. The attendees are categorized into four groups: MQA Executive Leadership, DOH Executive Leadership, MQA Management, and Board Legal Counsel. Each group includes names, titles, and affiliations relevant to their roles in the strategic planning process.\n\nThe list provides detailed information about the individuals involved, such as their positions and areas of expertise, highlighting the collaborative nature of the strategic planning efforts across various health-related boards and councils.\n\n</summary>"
    },
    "8": {
      "summary": "<summary>\nThis page lists the names, titles, and professional credentials of members serving on various boards and councils related to healthcare professions. The list is organized into three columns, each detailing the roles and affiliations of individuals across different regulatory boards such as Athletic Training, Occupational Therapy, Physical Therapy, Dentistry, Optometry, Psychology, Medicine, Chiropractic Medicine, Nursing, Pharmacy, Speech-Language Pathology, Dietetics and Nutrition, Clinical Laboratory Personnel, and more. Each member's name is followed by their professional qualifications (e.g., ATC, LAT, LCSW, MD, DO, RN) and their specific role (e.g., Chair, Vice Chair, Member).\n\nThe page provides a comprehensive overview of the leadership and membership structure of these boards and councils, highlighting the diverse range of healthcare disciplines represented. It serves as a reference for understanding the governance and oversight of various healthcare professions.\n\nThere are no tables, figures, charts, or images on this page; it consists solely of textual information.\n</summary>"
    },
    "9": {
      "summary": "<summary>\nThe page lists the staff members associated with various programs and organizations related to health and legal services in Florida. The content is divided into three main sections: **Prosecution Services Staff**, **Program Staff**, and **Association and Community Representatives**. Each section provides names, titles, and affiliations of individuals involved in different roles, ranging from program administrators and analysts to lobbyists and association representatives. The list highlights collaboration between government agencies, healthcare organizations, and community groups to address health and legal issues in Florida.\n\n- **Prosecution Services Staff**: Includes legal professionals such as Deputy General Counsel, Attorney Supervisors, and a Deputy Press Secretary, indicating involvement in legal and public relations aspects.\n  \n- **Program Staff**: Focuses on health-related programs like \"Healthiest Weight Florida,\" listing directors, coordinators, and specialists responsible for community health promotion and chronic disease prevention initiatives.\n\n- **Association and Community Representatives**: Features representatives from various professional associations and community organizations, including nursing, dental, psychological, and medical societies, emphasizing collaboration with stakeholders across different fields.\n\nThis page serves as an organizational chart or directory, providing a comprehensive overview of the personnel involved in these initiatives.\n\n</summary>"
    },
    "10": {
      "summary": "<summary>\nThis page lists the names and affiliations of five individuals, likely participants or contributors to a project, event, or document. The list includes professionals from various fields such as medical technology, law, lobbying, and consulting. Each individual's name is followed by their title and organization.\n\nThe listed individuals are:\n1. Kay Ferguson, representing the American Medical Technologists, Florida Chapter.\n2. Leslie Dughi, Director of Government Law and Policy at Greenberg Traurig, LLP.\n3. Corinne Mixon, Lobbyist at Mixon and Associates.\n4. Ashley Kalifeh, Attorney at Capital City Consulting.\n5. Joy Ryan, Regulatory Attorney at Meenan P.A.\n\nThere are no tables, figures, images, or charts present on this page. The page number is indicated as \"7,\" and the version of the document is noted as \"Version 1.3\" at the bottom left corner.\n\n</summary>"
    },
    "11": {
      "summary": "<summary>\nThis page, titled \"Appendix B: Planning Summary,\" outlines the strategic planning process undertaken by the Division of Medical Quality Assurance (MQA) in Florida. The MQA management team, consisting of division directors, bureau chiefs, and key staff, led the development of this strategic plan. A SWOT analysis was conducted prior to the first strategic planning meeting, sent to MQA executive management and employees, and later analyzed to identify similarities, differences, and gaps. These gaps were addressed during a strategic planning retreat where MQA management collaborated with the Strategic Planning Unit to discuss best practices and solutions. The planning process aimed to align MQA's strategies with its mission and promote Florida as the healthiest state to live, work, practice, and retire. Another SWOT analysis was conducted for MQA’s executive management and board members to ensure alignment with health care boards' strategies. The results were presented at the Annual Board Chairs/Vice Chairs Long-range Planning meeting, followed by discussions on various topics such as information management, communications, programs, services, budget sustainability, and workforce development. An environmental scan of the agency was also conducted, and the progress of the current Department of Health Strategic Plan was reviewed to formulate additional strategies and objectives. The revised proposal was then submitted to executive leadership for comment and approval.\n\nThe page includes a detailed schedule of meetings related to the strategic plan development, listing dates, meeting topics, and attendees for each session.\n\n<table_summary>\nThe table provides a chronological schedule of meetings held during the strategic planning process. It includes the following columns: DATE, MEETING TOPIC, and ATTENDEES. Key meetings include the distribution of SWOT analyses, result analyses, strategic planning retreats, draft development sessions, SWOT survey distributions, external survey result analyses, annual healthiest weight liaison meetings, long-range planning meetings, EMT strategic plan development, and discussions on the new strategic plan format and assigned strategy managers. Attendees vary across meetings, including MQA management, employees, executive management teams, strategic planning services teams, board members, and external partners.\n</table_summary>\n\nNo figures, charts, or images are present on this page.\n</summary>"
    },
    "12": {
      "summary": "<summary>\nThe page titled \"Monitoring Summary\" discusses the importance of strategic planning as part of a larger performance management system, which serves as the foundation for accountability and performance excellence within an organization. The Division of Medical Quality Assurance (MQA) leadership team plays a crucial role in monitoring and reporting progress toward strategic goals and objectives. This team meets quarterly to discuss tools and methods for integrating performance management into sustainable business practices and produces an annual strategic plan progress report for executive leadership. The report assesses progress and achievements, and the plan is reviewed and revised annually based on resource availability, data, and progress. Additionally, objectives derived from the Agency Strategic Plan are assigned to MQA for implementation and quarterly reporting to Florida Health Performs. These objectives are reviewed by the Agency’s SPIL Team quarterly and annually, with the SPIL Team revising the Agency Strategic Plan annually based on their assessments.\n\n<figure_summary>Figure 1: A circular diagram illustrates the performance management system, showing its cyclical nature with interconnected components: Strategic Planning, Operational Planning, Budget, Assessment, Evaluation, and Management. The central core is labeled \"Performance Management System,\" and the outer ring highlights \"Leadership, Workforce, and Infrastructure\" as foundational elements supporting the system.</figure_summary>\n</summary>"
    },
    "13": {
      "summary": "<summary>\nThis page is titled \"Appendix C\" and focuses on a SWOT analysis (Strengths, Weaknesses, Opportunities, and Threats) related to an organization, likely in the healthcare regulatory or professional board domain. The section lists various factors under \"Strengths\" and \"Weaknesses,\" providing insights into the organization's internal capabilities and challenges. \n\nThe \"Strengths\" section highlights positive attributes such as customer service, enforcement/public protection, communication, teamwork, leadership, commitment to public protection, expertise of board/council members, attendance at meetings, consumer participation, licensure requirements, standards of practice, rule-making authority, board staff, legal counsel, the health care practitioner licensure process, departmental leadership, board/council meetings, impaired practitioner programs (PRN and IPN), expertise of prosecutors, quality of settlement agreements, prosecuting attorney staffing, and costs to prosecute.\n\nThe \"Weaknesses\" section identifies areas for improvement, including technology, workforce recruitment/retention, communication/transparency with employees, non-competitive salaries, managers lacking process knowledge, public participation in meetings, cross-disciplinary collaboration, timely appointments, legislative change processes, rule-making authority, a Supreme Court ruling on antitrust laws, external communications, and administrative allocation of trust funds.\n\nThere are no tables, figures, charts, or images present on this page; it consists entirely of textual content organized into two bullet-pointed sections.\n\n</summary>"
    },
    "14": {
      "summary": "<summary>\nThe page presents a structured list of items categorized under three main headings: **Board/council meetings**, **Opportunities**, and **Threats**. Each category lists various aspects related to governance, operations, and challenges faced by boards or councils. The content focuses on areas such as internal and external communications, timely prosecution, settlement agreements, staffing, expertise, process improvement, collaboration, public participation, legislative processes, and threats like workforce turnover and non-competitive salaries. Notable mentions include specific programs like Professionals Recovery Network (PRN) and Intervention Project for Nurses (IPN), as well as legal considerations such as the North Carolina State Board of Dental Examiners v. Federal Trade Commission case.\n\nThere are no tables, figures, charts, or images on this page. The information is purely textual, organized into bullet points under each category.\n\n</summary>"
    },
    "15": {
      "summary": "<summary>\nThe page lists several key topics related to legal processes involving health care practitioners. The main topics highlighted are: \"Health care practitioner licensure process,\" \"Timely prosecution,\" \"Costs to prosecute,\" \"Expertise of prosecutors,\" and \"Prosecuting attorney staffing.\" These topics suggest a focus on the procedural and resource-related aspects of prosecuting cases against health care practitioners.\n\nThere are no tables, figures, charts, diagrams, or images present on this page. The content is purely textual, organized in a bulleted list format.\n\nThe version number \"Version 1.3\" is noted at the bottom left corner, indicating this is an updated version of the document. The page number \"12\" is located at the bottom right corner.\n</summary>"
    },
    "16": {
      "summary": "<summary>\nThis page, titled \"Appendix D: Work Plan and Alignment,\" outlines a detailed work plan with objectives, associated plans, strategic alignments, and assigned bureaus. The primary focus is on various health-related goals and improvements, including increasing activities related to healthy weight, reducing dissemination times for health threats, enhancing communication products, improving professional development opportunities, streamlining licensing processes, and establishing enterprise solutions for regulatory functions. Each objective is linked to specific plans such as the Long Range Program Plan (LRPP), State Health Improvement Plan (SHIP), and Quality Improvement (QI) Plan, along with corresponding agency strategic plan alignments and bureau assignments.\n\n<table_summary>\nThe table lists eight objectives, each with columns detailing the associated LRPP, SHIP, QI Plan codes, agency strategic plan alignment codes, and the bureau assigned to oversee the objective. For example, Objective 1 aims to increase the number of Healthiest Weight Activities by 10% by June 30, 2018, and is aligned with LRPP code 2A, SHIP code CD1.2.1, and agency strategic plan alignment 2.1.1, with the Operations bureau assigned. Similarly, other objectives cover areas like reducing dissemination times, increasing communication products, and improving licensing processes, each with specific codes and assignments.\n</table_summary>\n\nNo figures, charts, or images are present on this page. The content is entirely tabular and textual, focusing on providing a structured overview of the work plan and its alignment with various organizational strategies and responsibilities.\n</summary>"
    },
    "17": {
      "summary": "<summary>\nThis page, titled \"Appendix E: Environmental Scan Resources,\" lists a comprehensive set of resources used for an environmental scan related to health and medical fields in Florida. The resources include various reports, assessments, strategic plans, employee training logs, satisfaction surveys, and social media accounts (primarily Twitter) from different boards and departments. The list covers a wide range of topics such as state themes, agency strategies, quality assurance, employee training, and public health initiatives. Additionally, it includes annual reports, long-range plans, and economic development documents, providing a broad overview of relevant data sources.\n\nThere are no tables, figures, charts, or images on this page. The content is purely textual, consisting of a numbered list of resource titles.\n\n</summary>"
    }
  }
}