{
  "doc_id": "ecommerceopportunityindia-141124010546-conversion-gate01_95.pdf",
  "pages": {
    "1": {
      "summary": "<summary>\nThe page introduces a presentation or document titled \"THE ECOMMERCE GOLD RUSH IN INDIA\" by Ashwin Krishna, with contact information provided as ashwin.arya@gmail.com. The title suggests a focus on the rapid growth and opportunities in the e-commerce sector in India. The page features three distinct images that illustrate various aspects of digital engagement and consumer behavior in the context of e-commerce.\n\n<image_summary>The first image shows two individuals in traditional orange robes using smartphones, highlighting the adoption of technology even among those in traditional roles.</image_summary>\n\n<image_summary>The second image depicts a family engaging with a tablet and holding a credit card, symbolizing online shopping and financial transactions.</image_summary>\n\n<image_summary>The third image shows two women dressed in traditional attire looking at a smartphone, emphasizing the integration of modern technology into everyday life.</image_summary>\n\nThese images collectively convey the widespread penetration of e-commerce and digital technologies across diverse segments of Indian society, underscoring the theme of the \"gold rush\" in the industry.</summary>"
    },
    "2": {
      "summary": "<summary>\nThe image depicts a large digital display showcasing data related to Singles' Day (also known as \"Double Eleven\"), a major online shopping event in China. The central focus is a large red digital counter displaying the total transaction volume of 57,112,181,380 yuan (approximately $9,339,686,244 USD) as of November 11, 2014, at 23:59:59. Below the counter, it notes that mobile transactions accounted for 42.6% of the total GMV (Gross Merchandise Volume). The display also includes various smaller sections showing rankings, statistics, and a map of China with highlighted regions, likely indicating areas with high transaction volumes. At the bottom, there is a trivia question asking, \"What's happening here?\" which suggests an educational or explanatory context for the image.\n\n<figure_summary>Figure 1: A large digital dashboard displaying real-time transaction data for Singles' Day 2014. The primary figure shows the total GMV in yuan and its equivalent in USD, along with the percentage of mobile transactions. Additional sections include rankings, statistics, and a map of China.</figure_summary>\n\n<image_summary>The image is a screenshot of a digital display board, featuring bright red and blue colors against a dark background. The design is dynamic and data-heavy, with multiple panels providing detailed insights into the event's performance.</image_summary>\n</summary>"
    },
    "3": {
      "summary": "<summary>\nThe page promotes an online offering of Prasad to Lord Ram on Vivaah Panchmi, highlighting the availability of various items such as Prasad, Tirupati Darshan products, Zevotion Products, Rudraksha, Poojas, and more under different categories. The main focus is on encouraging users to make offerings online, emphasizing convenience and accessibility.\n\n<image_summary>The page features an illustration of Lord Ram and Sita, depicted in traditional attire, symbolizing the divine couple. This image serves as a visual representation of the deities being offered Prasad.</image_summary>\n\n<image_summary>A red \"CLICK HERE\" button with a hand cursor icon is prominently displayed, inviting users to take action and explore the offerings further. This element acts as a call-to-action, guiding users to engage with the online platform.</image_summary>\n</summary>"
    },
    "4": {
      "summary": "<summary>\nThe page is a screenshot of an eBay listing for a \"milk giving black young buffalo\" capable of producing 20 liters per day. The item is marked as \"Used,\" and the auction has 4 days and 7 hours remaining. The seller, \"naveenahlawat,\" has no feedback ratings, and there is only one bid so far. The listing prominently highlights \"FREE SHIPPING!\" in large blue text. Payment options include PaisePay, which supports credit cards, debit cards, and online bank transfers. Shipping details indicate delivery via National Courier outside the seller's city, and returns are allowed within 7 days. The seller provides additional information about shipping and payment processes, emphasizing the convenience of PaisePay.\n\n<image_summary>The main image shows a black buffalo with prominent horns, labeled as \"FAIR USE.\" Below the main image, there is a smaller thumbnail showing the buffalo grazing, indicating its condition and environment.</image_summary>\n\n<text_summary>The page also includes standard eBay navigation elements such as \"Categories,\" \"Shops,\" and \"Motors,\" along with user options like \"My eBay,\" \"Sell,\" \"Community,\" and \"Customer Support.\" The listing is categorized under \"Everything Else > Miscellaneous.\"</text_summary>\n</summary>"
    },
    "5": {
      "summary": "<summary>\nThe page promotes \"New Haven,\" a residential project located off Tumkur Road in Bengaluru. It highlights the project's amenities, including a multipurpose hall, retail zone, creche, basketball court, volleyball court, and skating rink. The project emphasizes its strategic location near a proposed metro station and major highways, positioning it as a prime residential area in Bengaluru. The page also includes options to book apartments online, with a special offer of Rs. 30,000 for booking a space.\n\n<image_summary>The main image showcases a 3D rendering of the New Haven complex, featuring modern buildings, a swimming pool, sports courts, and lush greenery, emphasizing the project's luxurious and well-equipped environment.</image_summary>\n\n<figure_summary>Figure 1: A pricing section on the right side of the page displays apartment costs, with options for different types of units (e.g., 2BHK Compact, 2BHK Optima, LITE, 3BHK). The total cost for a selected apartment is listed as Rs. 36,99,266, with an option to book now for Rs. 30,000 only.</figure_summary>\n\nThe page is designed to attract potential buyers by highlighting the project's amenities, location advantages, and affordable booking options. It encourages immediate action through a prominent call-to-action button for booking online.\n</summary>"
    },
    "6": {
      "summary": "<summary>\nThe page is focused on \"Sexual Wellness Products\" within a larger category of health, wellness, and medicine. It features a navigation menu on the left side listing various subcategories such as Massager & Pain Relief, Weighing Scales & Daily Needs, Diabetic Care, and more. The main section highlights \"Durex Play Vibrations,\" emphasizing \"Sensual & Stimulating Sensations.\" A prominent banner showcases two packages of Durex Play Vibrations products, one in purple and the other in pink, with the Durex logo displayed prominently. The page also includes a call-to-action button labeled \"SHOP\" and mentions \"SHOP PRIVATELY AT HOME\" with \"100% PRIVACY GUARANTEED.\"\n\n<image_summary>The main image displays two packages of Durex Play Vibrations products against a yellow background. The packaging is colorful, with one in purple labeled \"ultra pleasure ring\" and the other in pink labeled \"vibrations.\" The Durex logo is visible on the right side of the image.</image_summary>\n\n<figure_summary>Figure 1: The banner figure highlights the Durex Play Vibrations product, featuring the text \"Durex Play Vibrations\" and \"SENSUAL & STIMULATING SENSATIONS.\" It includes a \"SHOP\" button and emphasizes privacy with the tagline \"SHOP PRIVATELY AT HOME 100% PRIVACY GUARANTEED.\"</figure_summary>\n</summary>"
    },
    "7": {
      "summary": "<summary>\nThe page presents a comparative analysis of three major online retail startups in India—Flipkart, Snapdeal, and Amazon—in terms of their startup years, valuations, GMV (Gross Merchandise Value), and investments. The title, \"TALE OF TWO BILLION $ STARTUPS AND AMAZON,\" sets the context for comparing these companies' growth and performance.\n\n- **Flipkart**: Started in 2007, with a valuation of $7 billion by 2014. Its GMV reached $1.5 billion in 2014.\n- **Snapdeal**: Started in 2010, with a valuation of $2 billion by 2014. Its GMV was $750 million in 2014.\n- **Amazon.in**: Started in 2013, with an announced investment of $2 billion. Its GMV reached $1 billion in 2014.\n\nThe page also highlights that total investments in the Indian online retail sector, including other players, exceeded $4 billion by 2014. This comparison underscores the rapid growth and competitive landscape of the online retail industry in India during this period.\n\n<figure_summary>Figure 1: A circular diagram visually connects the three companies—Flipkart, Snapdeal, and Amazon—with their respective startup years, valuations, and GMVs. It emphasizes the timeline and financial metrics of each company.</figure_summary>\n\n<image_summary>The logos of Flipkart, Snapdeal, and Amazon are prominently displayed, representing the brands being compared. These logos help identify the companies at a glance.</image_summary>\n\nSource: Various news sites.\n</summary>"
    },
    "8": {
      "summary": "<summary>\nThe page titled \"THE INTERNET JUGGERNAUT\" presents data on internet usage and e-commerce growth in India over several years, focusing on user statistics and device preferences. The main content includes bar charts, a pyramid diagram, and a map of India, all illustrating trends in internet adoption and usage patterns.\n\n<figure_summary>Figure 1: A stacked bar chart showing the number of internet users and e-commerce users in India from 2011 to 2016. The blue bars represent the total number of internet users (in millions), while the green segments indicate the number of e-commerce users. The data highlights significant growth in both categories, with internet users increasing from 100 million in 2011 to 330 million in 2016, and e-commerce users growing from 18 million to 126 million during the same period.</figure_summary>\n\n<figure_summary>Figure 2: A pyramid diagram illustrating the distribution of internet users in India in 2013. The yellow section at the top represents \"Metros,\" accounting for 40% of internet users, while the blue section below it represents \"Rest of India\" (Tier 2, 3, 4 Cities), accounting for 60%. This visualization emphasizes the higher concentration of internet users in metropolitan areas compared to smaller cities.</figure_summary>\n\n<figure_summary>Figure 3: A stacked bar chart depicting the percentage of internet usage by devices (mobile vs. desktop) from 2011 to 2014. Mobile usage increased significantly over this period, rising from 32% in 2011 to 61% in 2014, while desktop usage decreased from 68% to 39%. The chart underscores the rapid shift towards mobile internet usage in India.</figure_summary>\n\n<image_summary>A map of India is included in the top right corner, with an arrow pointing to the country and the label \"25%.\" This likely indicates the overall internet penetration rate in India as of the time the data was collected.</image_summary>\n\nThe source of the data is cited as Accel, Internet and Mobile Association of India Reports, providing credibility to the presented statistics. Overall, the page effectively communicates the rapid expansion of internet access and e-commerce in India, along with the dominance of mobile devices in internet usage.\n</summary>"
    },
    "9": {
      "summary": "<summary>\nThe page discusses the significant growth in smartphone usage and its potential to transform the future. It highlights various activities enabled by smartphones, such as search, shopping, comparison, communication, networking, travel planning, games, movies, news, and more. The page emphasizes the rapid increase in the number of smartphone users, showing a substantial jump from 120 million in 2014 to 380 million in 2016. This growth underscores the transformative impact of smartphones on society and technology.\n\n<figure_summary>Figure 1: Two circular diagrams illustrate the number of smartphone users over time. The left circle represents 120 million users in 2014, while the right circle shows 380 million users in 2016, visually emphasizing the exponential growth.</figure_summary>\n\n<image_summary>An icon of a smartphone is displayed on the left side of the page, listing various functions such as search, shopping, comparison, communication, networking, travel planning, games, movies, news, and more, highlighting the multifunctional nature of smartphones.</image_summary>\n\nSource: The data is attributed to Accel, Internet and Mobile Association of India Reports.\n</summary>"
    },
    "10": {
      "summary": "<summary>\nThe page discusses the growth of Facebook users in India over three years (2014–2016) and highlights the significant online presence of a prominent political figure. The title \"THE VIRTUAL WORLD BECKONS\" sets the theme, emphasizing the increasing influence of digital platforms. The page includes a visual representation of Facebook user growth, showing an increase from 110 million in 2014 to 175 million in 2016. Additionally, it features a profile section resembling a social media platform, showcasing the politician's profile picture, name, and engagement metrics, such as 25,105,750 likes. A recent post by the politician is also displayed, sharing a link about the ocean. The source of the data is cited as Accel, Internet and Mobile Association of India Reports.\n\n<figure_summary>Figure 1: A bar-like visual representation using Facebook \"like\" icons to show the number of Facebook users in millions for the years 2014 (110 million), 2015 (135 million), and 2016 (175 million).</figure_summary>\n\n<image_summary>Profile section: A black-and-white image of a politician's profile, including a photo, name, designation (\"Politician\"), and engagement metrics like likes. The profile mimics a social media interface with options like \"Timeline,\" \"About,\" \"Photos,\" \"Likes,\" and \"More.\"</image_summary>\n\n<image_summary>Social media post: A recent post by the politician, featuring a thumbnail image, the text \"Narendra Modi shared a link,\" and the message \"The ocean...vast, endless and majestic,\" accompanied by a URL.</image_summary>\n</summary>"
    },
    "11": {
      "summary": "<summary>\nThe page discusses the trend of digital ad spend in India over the years 2012–2016, highlighting its rapid growth compared to other advertising mediums such as print, television, out-of-home (OOH), and radio. The data is presented in a table showing the advertising spend in INR billions for each medium, along with the Compound Annual Growth Rate (CAGR) for the period. Digital advertising stands out as the fastest-growing sector, with a CAGR of 29.9%, significantly higher than other mediums. The overall advertising spend across all mediums increased from 337 billion INR in 2012 to 586 billion INR in 2016, with a total CAGR of 14.3%.\n\n<table_summary>\nTable 1: This table compares the advertising spend (in INR Billions) across different mediums—print, television, OOH, digital, and radio—from 2012 to 2016. It also includes the CAGR for each medium and the grand total. Key observations include the steady growth of all mediums, with digital showing the highest growth rate at 29.9%.\n</table_summary>\n\n<figure_summary>\nFigure 1: A callout box emphasizes that digital advertising has a CAGR of 30%, making it \"the fastest growing sector.\" This is visually supported by an upward-pointing green arrow, reinforcing the message of rapid growth.\n</figure_summary>\n\n<image_summary>\nThere are no standalone images or illustrations on this page apart from the callout box and the table. The focus is on presenting data through the table and highlighting key insights through the callout box.\n</image_summary>\n\nSource: Accel, KPMG Reports\n</summary>"
    },
    "12": {
      "summary": "<summary>\nThe page presents data on the growth of eCommerce sales over time, highlighting significant increases in revenue between 2014 and 2018. It emphasizes two categories: \"Product eCommerce\" and \"Travel and Others,\" showing substantial growth in both areas. The chart illustrates that total eCommerce sales increased from $11 billion in 2014 to $43 billion in 2018, with Product eCommerce contributing $13 billion and Travel and Others contributing $30 billion in 2018. Key drivers of this growth are listed on the right side, including infrastructure development, smartphone penetration, payments, best prices available online, convenience, and value proposition for customers. The sources cited are Nomura Research (November 2014) for the sales data and Accel, KPMG Reports for the drivers of growth.\n\n<figure_summary>Figure 1: A stacked bar chart comparing eCommerce sales in 2014 and 2018. The chart shows two segments for each year: \"Product eCommerce\" (yellow) and \"Travel and Others\" (blue). In 2014, total sales were $11 billion ($3 billion from Product eCommerce and $8 billion from Travel and Others). By 2018, total sales grew to $43 billion ($13 billion from Product eCommerce and $30 billion from Travel and Others).</figure_summary>\n\n<image_summary>A visually engaging title \"SHOW ME THE MONEY, HONEY!\" at the top of the page, emphasizing the focus on financial growth in the eCommerce sector.</image_summary>\n</summary>"
    },
    "13": {
      "summary": "<summary>\nThe page discusses the concept of \"EVOLUTION\" in the context of marketplaces and business development. It uses a hockey stick graph to illustrate the progression and growth phases of an industry or sector. The left side of the graph highlights foundational elements such as train, airline, and movie tickets, representing early-stage markets. Moving along the curve, it transitions into more diverse categories like books, electronics, and coupons, indicating expansion into consumer goods. Further up the curve, the focus shifts to lifestyle products and then to high-value items such as furniture, jewelry, and homes. The graph emphasizes the role of acquisitions and inventory-led strategies in driving this evolution. A circular diagram on the left illustrates the cyclical nature of growth, highlighting key factors such as infrastructure, demand, payments, investment, and talent. The phrase \"We are here\" marks the current stage of evolution, while a note mentions that over 50 companies were started but many failed within two years, underscoring the challenges and risks involved in this journey.\n\n<figure_summary>Figure 1: Hockey Stick Graph - This figure visually represents the evolutionary stages of marketplaces, showing a sharp upward trend from basic services (train, airline, movie tickets) to luxury goods (furniture, jewelry, homes). Key milestones such as \"Inventory-led to marketplace,\" \"Acquisitions,\" and \"Lifestyle\" are marked along the curve.</figure_summary>\n\n<figure_summary>Figure 2: Circular Diagram - This diagram outlines the cyclical process driving market growth, with labeled components including Infrastructure, Demand, Payments, Investment, and Talent, emphasizing their interconnected roles in sustaining evolution.</figure_summary>\n</summary>"
    },
    "14": {
      "summary": "<summary>\nThe page titled \"OPPORTUNITY ASSESSMENT\" focuses on analyzing market trends in mobile commerce and online buyer profiles, highlighting significant growth opportunities. The main textual content emphasizes that over 50% of transactions for the top three eCommerce companies occur via mobile devices, underscoring the importance of mobile commerce. Additionally, the page discusses the growing influence of women on GMV (Gross Merchandise Value), showing a substantial increase from $122 million in 2012 to an estimated $4.2 billion by 2016, representing a 24x growth.\n\n<figure_summary>Figure 1: Online buyers profile - This figure uses silhouettes to represent different age groups of online buyers, with percentages indicating their share of the market. The largest segment (55%) is the 26-35 years age group, followed by 18-35 years (35%), 36-45 years (8%), and 45+ years (2%). This visualization highlights the demographic distribution of online shoppers.</figure_summary>\n\n<figure_summary>Figure 2: Women Influenced GMV - This bar chart illustrates the growth of GMV influenced by women over time. It shows a progression from 15% of the market in 2012 ($122M) to 26% in 2013 ($511M), and projects it to reach 35% of the market by 2016P ($4.2Bn). The dotted line emphasizes the exponential growth trend.</figure_summary>\n\n<image_summary>Mobile Commerce - An illustration of a smartphone displaying text that reads \">50% transactions for Top 3 eCommerce companies,\" visually reinforcing the significance of mobile transactions in the eCommerce landscape.</image_summary>\n\nThe source of the data is cited as Accel Reports, lending credibility to the presented statistics and projections.\n</summary>"
    },
    "15": {
      "summary": "<summary>\nThe page titled \"PAYMENTS LANDSCAPE\" discusses the evolving payment methods in India, focusing on online retail payments and the growth of debit card usage. Key points include the declining share of Cash On Delivery (COD) shipments due to increasing digital payment penetration, an uptick in Equated Monthly Installment (EMI) payments with higher order values, and the rising popularity of third-party wallets. It also highlights that by 2016, half of Indians will have debit cards.\n\n<figure_summary>Figure 1: A bar chart comparing the share of various payment methods in online retail in India between 2013 and 2016P (projected). The chart shows a decrease in COD from 60% to 50%, a slight increase in credit cards from 16% to 12%, and similar trends for debit cards, net banking, EMI, and third-party wallets.</figure_summary>\n\n<figure_summary>Figure 2: A bar chart showing the number of debit card users in India from 2014 to 2016, measured in millions. The number increased from 399 million in 2014 to 584.02 million in 2016, representing 45% of Indians.</figure_summary>\n\nSource: RBI Website and Accel Reports.\n</summary>"
    },
    "16": {
      "summary": "<summary>\nThe page presents an analysis of the online retail market, focusing on the category-wise breakdown of transactions and Gross Merchandise Value (GMV). Two pie charts are used to illustrate this data, each representing different metrics: one for the number of transactions (%) and the other for GMV (%).\n\n<figure_summary>Figure 1: Categories by # of Transactions (%)</figure_summary>\nThis pie chart shows the distribution of online retail transactions across various categories. \"Fashion, Footwear & Accessories\" accounts for the largest share at 35%, followed by \"Books\" at 21%. Other significant categories include \"Mobile, Tablets & Accessories\" (9%), \"Computers, Cameras, Electronics & Appliances\" (10%), and \"Babycare\" (8%). Smaller categories such as \"Jewellery,\" \"Home décor,\" \"Health & Personal care,\" and \"Others\" collectively make up the remaining portion.\n\n<figure_summary>Figure 2: Categories by GMV (%)</figure_summary>\nThis pie chart illustrates the distribution of GMV across the same categories. \"Mobile, Tablets & Accessories\" leads with 35% of the GMV, followed by \"Fashion, Footwear & Accessories\" at 28%. Other notable categories include \"Computers, Cameras, Electronics & Appliances\" (18%) and \"Books\" (7%). Categories like \"Jewellery,\" \"Home décor,\" \"Babycare,\" \"Health & Personal care,\" and \"Others\" contribute smaller percentages to the total GMV.\n\nThe comparison between the two charts highlights that while \"Fashion, Footwear & Accessories\" drives a high volume of transactions, \"Mobile, Tablets & Accessories\" generates the highest GMV, indicating higher average transaction values in this category. The source of the data is credited to Accel Reports.\n\n</summary>"
    },
    "17": {
      "summary": "<summary>\nThe page discusses the **Two-Sided Business Model** in the context of e-commerce. It illustrates how an e-commerce platform acts as an intermediary between suppliers and consumers, facilitating transactions through a web and mobile interface. The model emphasizes the importance of integrating payment systems and logistics for efficient delivery. On the supply side, various products (e.g., clothing, electronics) are managed through a warehouse, while the demand side involves customers interacting with the platform via devices like computers, smartphones, and social media. The critical success factors highlighted include offering the widest selection, providing a great shopping experience, and effective pricing strategies beyond mere discounts.\n\n<figure_summary>Figure 1: The Two-Sided Business Model Diagram  \nThis diagram visually represents the flow of the two-sided business model. It shows the \"Supply\" side with icons representing products and a warehouse, connected to the central \"E-Commerce Platform (Web and Mobile)\" where transactions occur. The \"Demand\" side features customer avatars and icons for devices and social media, illustrating how users interact with the platform. The diagram also highlights \"Payment integration\" and \"Logistics for delivery,\" emphasizing the operational aspects of the model.</figure_summary>\n\n<image_summary>Icons and Symbols  \nThe page uses simple icons and symbols to represent various components of the e-commerce ecosystem. These include product categories (clothing, electronics), a warehouse, delivery trucks, customer avatars, and devices (computer, smartphone). These visuals help clarify the roles and interactions within the model.</image_summary>\n</summary>"
    },
    "18": {
      "summary": "<summary>\nThe page discusses the modern consumer expectation for an \"All-to-All Experience,\" emphasizing seamless shopping across various channels and platforms. It highlights four key aspects of this experience: researching products online using smartphones, reading product reviews in social media, comparing products across different sites, and the ability to buy products either online or in-store. The bottom section reinforces the idea of flexibility, stating \"Anywhere, Anytime, Any Channel,\" and illustrates this with icons representing global connectivity, mobile devices, desktops, social media platforms, and popular e-commerce websites like eBay and Amazon.\n\n<image_summary>The top section includes four images:  \n1. A person holding a smartphone, labeled \"Research Online using Smartphones.\"  \n2. Two hands giving thumbs up and thumbs down, labeled \"Product reviews in Social Media.\"  \n3. Hands holding an apple and an orange, labeled \"Comparison shopping across sites.\"  \n4. A paper bag, labeled \"Buy Online or in store.\"  \n\nThese images visually represent the key activities consumers engage in during their shopping journey.</image_summary>\n\n<image_summary>The bottom section features a series of icons:  \n1. A globe, symbolizing global access.  \n2. A smartphone, representing mobile shopping.  \n3. A tablet or desktop monitor, indicating online shopping via computers.  \n4. A Facebook-like icon, signifying social media integration.  \n5. An storefront with an \"eBay\" logo, and another with an \"Amazon\" logo, highlighting popular e-commerce platforms.  \n\nThese icons collectively illustrate the various channels through which consumers can shop seamlessly.</image_summary>\n</summary>"
    },
    "19": {
      "summary": "<summary>\nThe page presents a conceptual diagram titled \"THE A-TEAM,\" which illustrates the roles and responsibilities of various teams within an organization and how they collectively contribute to achieving business goals. The central focus is on seven core teams: Seller Management, Marketing Team, Product Team, Customer Servicing Team, Technology Team, Finance and Strategy, and Logistics Team. Each team is connected to specific objectives, such as \"Best Selection,\" \"Convert Visitors and provide great Experience,\" \"Error free, scalable platform,\" \"Cash Flows Fund raising,\" \"Gain new consumers and retain old ones,\" \"Happy customers,\" and \"Deliver on/before time.\" These objectives highlight the collaborative efforts required to ensure customer satisfaction, operational efficiency, and business growth.\n\n<figure_summary>Figure 1: The diagram visually represents the interconnection between the seven teams and their respective objectives. It uses a circular layout with dotted lines connecting each team to its associated goal, emphasizing the holistic approach to achieving success.</figure_summary>\n\nThis page emphasizes the importance of teamwork and alignment across different departments to meet overarching business objectives effectively.\n</summary>"
    },
    "20": {
      "summary": "<summary>\nThe page discusses the growing interest in the e-commerce sector in India, highlighting several major companies entering or expanding into this market. The main topics include RelianceFreshDirect.com launching fresh grocery delivery services in Mumbai, Tata Group's plans to enter the e-commerce space inspired by Alibaba and its Indian competitors, KM Birla's potential entry into India's e-commerce market following Amazon, and Hindustan Unilever Ltd's involvement in e-commerce. The text emphasizes the competitive landscape and strategic moves by large corporations to capture a share of the growing online retail market.\n\nThere are no tables, figures, or images present on this page. The content is purely textual, focusing on news headlines and brief descriptions of each company's initiatives.\n\n</summary>"
    },
    "21": {
      "summary": "<summary>\nThe page titled \"ECOSYSTEM PLAYERS\" provides an overview of various companies operating in different sectors of the digital ecosystem. It categorizes these players into six main segments: Marketplaces, Fashion, Vertical Players, Real Estate, Travel, Jobs, Transport, Recharge, and Local. Each segment lists prominent companies with their logos, highlighting their presence and specialization in the respective fields.\n\n<table_summary>\nThe table is organized into rows and columns, with each column representing a sector (e.g., Marketplaces, Fashion, etc.). Within each cell, company logos and names are displayed, indicating their association with the corresponding sector. For example, under \"Marketplaces,\" companies like Flipkart, Amazon, and Snapdeal are listed, while \"Fashion\" includes MyNtra, Jabong, and others. The \"Vertical Players\" section showcases specialized platforms such as Firstcry, Lenskart, and Urban Ladder. Similarly, other sectors like Real Estate, Travel, Jobs, Transport, Recharge, and Local are populated with relevant companies.\n</table_summary>\n\n<image_summary>\nThe page features numerous company logos, each representing a distinct brand within the digital ecosystem. These logos are visually distinct, using colors and designs characteristic of the respective companies. For instance, the Flipkart logo is blue with white text, while the Amazon logo uses its signature smile design. The logos serve as visual identifiers for the companies listed in each sector.\n</image_summary>\n\nOverall, the page effectively illustrates the diverse landscape of digital businesses across various industries, providing a snapshot of key players in the ecosystem.\n</summary>"
    },
    "22": {
      "summary": "<summary>\nThe page titled \"ECOSYSTEM PLAYERS\" provides an overview of various companies and organizations involved in different sectors of a digital ecosystem. It categorizes these players into six main groups: Platforms, Payments, Banks, Logistics, Comparison, Retailers, eCommerce Platform, Servicing, and Tools. Each category lists prominent brands and services associated with it, represented by their logos.\n\n<table_summary>\nThe table is divided into columns for each category, with rows listing the corresponding companies or services. For example, under \"Platforms,\" companies like InMobi, Facebook, and Google are listed. Under \"Payments,\" companies such as EBS, CC Avenue, and PayU are included. Similarly, banks like HDFC Bank, Citibank, and Axis Bank are listed under \"Banks.\" The \"Logistics\" section includes Blue Dart, DHL, FedEx, and First Flight Couriers. The \"Comparison\" category features mySmartPrice and PriceBaba. Retailers like Walmart, Godrej, and Unilever are listed under \"Retailers,\" while eCommerce platforms include Martjack Enterprise and Hybris. The \"Servicing\" column mentions services like Digital Marketing, Design Consulting, Photography, and Data Entry. Lastly, tools like Omniture and Freshdesk are listed under \"Tools.\"\n</table_summary>\n\n<image_summary>\nThe page primarily uses company logos to represent each player in the ecosystem. These logos serve as visual identifiers for the respective brands and services, making it easy to recognize and associate them with their respective categories.\n</image_summary>\n\nOverall, the page effectively illustrates the interconnectedness of various sectors within a digital ecosystem, highlighting key players in each area through a visually organized table and recognizable brand logos.\n</summary>"
    },
    "23": {
      "summary": "<summary>\nThe page titled \"BUSINESS METRICS\" outlines key performance indicators (KPIs) categorized under different business functions: Marketing, Product + Marketing + Category, Operations, and Finance. Each category lists specific metrics that are crucial for measuring success and efficiency in those areas. For example, Marketing focuses on Customer Acquisition Cost, while Operations emphasizes On-Time Delivery Completion. The combination of Product, Marketing, and Category highlights metrics like Average Order Value and Conversion Rate. Finance includes metrics such as Cash Conversion Cycle and Return on Capital. This structured approach helps in understanding how various departments contribute to overall business performance.\n\n<figure_summary>Figure 1: A diagram categorizing business metrics into four functional areas—Marketing, Product + Marketing + Category, Operations, and Finance. Each area is linked to specific KPIs, visually representing the relationship between business functions and their respective metrics.</figure_summary>\n</summary>"
    },
    "24": {
      "summary": "<summary>\nThe page is from \"The Economic Times\" website, specifically under the \"Jobs\" section. It discusses the growth of job opportunities in the e-commerce sector, highlighting that at least 1.5 lakh jobs are expected to be created over the next 2-3 years due to the segment's projected growth rate of 20-25% in terms of jobs, salaries, and overall growth. The article emphasizes the potential for significant employment opportunities in this space.\n\n<image_summary>The main visual element is a circled headline that reads, \"Jobs galore in e-commerce space; 1.5 lakh jobs likely in 2-3 years,\" which draws attention to the key message of the article.</image_summary>\n\nThe page also includes market statistics at the top, showing indices like SENSEX, NIFTY, GOLD, and USD/INR, along with their respective changes. On the left sidebar, there are links to related articles about various job-related topics, such as engineering graduates, BPOs, and staffing industries. Social media sharing options (Twitter, Facebook) and a \"Recommend\" button are visible near the headline, indicating interactive features for readers.\n\nOverall, the page combines textual information about job prospects in e-commerce with visual highlights and contextual market data, providing a comprehensive overview of the topic.\n</summary>"
    },
    "25": {
      "summary": "<summary>\nThe page titled \"WHAT ARE THE OPPORTUNITIES?\" outlines various business opportunities across different functional areas. It presents a structured breakdown of potential areas for growth and improvement, categorized into five main sections: Seller / Supply Side, Marketing, Product and Technology, Operations and Fulfilment, and Strategy and Finance. Each section lists specific subcategories where entrepreneurial opportunities exist.\n\n<table_summary>\nThe table on the page is divided into five columns, each representing a functional area:\n- **Seller / Supply Side**: Includes Business Development, Category Management, Onboarding, Training, Account Management, and Alliances.\n- **Marketing**: Covers Digital Marketing (SEO, PPC, Social), ATL/BTL, Analytics, PR and Communication, Brand Management, and Forecasting.\n- **Product and Technology**: Focuses on Product Management, Program Management, and Analytics.\n- **Operations and Fulfilment**: Highlights Supply Chain, Warehousing, Logistics, and Customer Service.\n- **Strategy and Finance**: Addresses Planning and Forecasting, Fund Raising, and Cash Flow Management.\n</table_summary>\n\nThe page concludes with a statement emphasizing the importance of making the ecosystem robust by focusing on increasing retention, improving logistics efficiency, and leveraging analytics.\n\n<image_summary>\nThere are no photographs, illustrations, or other images present on this page. The content is entirely text-based, utilizing a table format to organize the information clearly.\n</image_summary>\n</summary>"
    },
    "26": {
      "summary": "<summary>\nThe page is titled \"THE PIONEERS\" and features four individual portraits arranged in a grid format. Each portrait showcases a different person, presumably highlighting key individuals who have played significant roles in a particular field or initiative. The portraits are evenly spaced, with each person depicted against a distinct background, emphasizing their individuality and importance.\n\n<image_summary>\nThe top-left image shows a man wearing glasses and a dark blue polo shirt, set against a dark background.  \nThe top-right image features another man dressed in a formal black suit with a blue shirt, seated against a gradient background transitioning from dark to light.  \nThe bottom-left image displays a man with a bald head, wearing a blue button-up shirt, set against a plain white background.  \nThe bottom-right image shows a man wearing glasses and a light-colored shirt, with an orange rectangular element in the background, adding a pop of color.  \nEach portrait conveys professionalism and prominence, aligning with the theme of \"pioneers.\"\n</image_summary>\n\nThe overall layout suggests a focus on recognizing and honoring these individuals' contributions, likely within a historical, professional, or technological context.\n</summary>"
    },
    "27": {
      "summary": "<summary>\nThe page titled \"CONCERNS AND FUTURE\" discusses the current state and future trends in an industry, focusing on profitability, consolidation, and strategic shifts. It highlights key concerns such as the dominance of top horizontal players, the limited presence of niche players with unique offerings, and a shift from discounting to prioritizing customer experience. Additionally, it emphasizes a transition from customer acquisition to retention and a focus on profitability over GMV (Gross Merchandise Value). The page also mentions that more than 50 companies were started but many failed within two years, indicating a challenging landscape.\n\n<figure_summary>Figure 1: A hockey stick metaphor is used to illustrate the industry's trajectory. The blade represents the initial phase of inventory-led marketplaces, while the shaft symbolizes the evolution towards lifestyle and furniture sectors. The \"We are here\" label indicates the current position in this journey.</figure_summary>\n\n<figure_summary>Figure 2: A circular diagram labeled \"Infrastructure Demand Payments Investment Talent\" represents the foundational elements driving the industry's growth and sustainability.</figure_summary>\n\n<image_summary>An image of a hockey stick is used as a visual metaphor to depict the industry's progression and challenges. The stick's design and labeling help convey the stages of development and the current focus areas.</image_summary>\n</summary>"
    },
    "28": {
      "summary": "<summary>\nThe page contains a simple closing message, \"Thank You,\" indicating the end of a presentation or document. To the right of the text, there is a green square followed by contact information: the name \"Ashwin Krishna\" and an email address, \"ashwin.arya@gmail.com.\" This suggests that the page serves as a conclusion, expressing gratitude and providing a way to reach out for further communication.\n\nThere are no tables, figures, charts, or images present on this page beyond the basic text and the green square, which appears to be a design element rather than a functional graphic.\n\n<image_summary>The green square is a solid-colored block, likely serving as a visual accent or part of a branding element.</image_summary>\n</summary>"
    }
  }
}