{
  "doc_id": "edb88a99670417f64a6b719646aed326.pdf",
  "pages": {
    "1": {
      "summary": "<summary>\nThis page contains detailed complaint information related to a fidelity/surety/bail insurance claim filed on November 14, 2014. The document includes sections for \"Complainant Information\" and \"Insured Information,\" with most personal and sensitive data redacted by the Nevada Department of Insurance (NV DOI). The complainant is not submitting on behalf of an organization and is identified as a bail bondsman in relation to the insured person. The complainant's address is listed as Las Vegas, Nevada, but other contact details such as phone numbers and email addresses are redacted. The insured's name and address are also partially redacted, with the city and state confirmed as Las Vegas, Nevada. The primary method of communication is specified as \"Both\" (likely referring to home and cell phones).\n\n<table_summary>\nThe top section of the page features a table summarizing key complaint details, including the Complaint ID, Complainant, Type of Insurance, Complaint Created Date, and Name of Insured. All fields except the type of insurance (\"Fidelity/Surety/Bail\") and the creation date (\"11-14-2014\") are redacted.\n</table_summary>\n\n<image_summary>\nThere are no standalone images or illustrations on this page. However, the redaction marks (in red) are visually prominent, indicating the removal of sensitive personal and identifying information throughout the document.\n</image_summary>\n</summary>"
    },
    "2": {
      "summary": "<summary>\nThis page appears to be part of an insurance complaint form, detailing personal and contact information, agency details, insurance specifics, and initial complaint details. The form includes fields for personal contact information such as zip code, country, telephone number, and email address, all of which have been redacted by the Nevada Department of Insurance (NV DOI). The complainant is filing against their own insurance company, not an agent or another party's insurance company. The agency information section provides details about the agent's name (Agent First Agent Last) and the agency's location in Las Vegas, Nevada, with some fields like the agency name and phone number also redacted. The insurance information indicates that the policy type is Fidelity/Surety/Bail, purchased outside the Health Care Exchange, and the date of loss/incident is recorded as November 7, 2014. The form also asks whether the complaint involves a Medicare-eligible individual, which is answered as \"No.\" The final sections include placeholders for claim details and other party information, but these sections are incomplete on this page.\n\nThere are no tables, figures, charts, or images present on this page. The primary focus is on the structured form fields and the redactions made by the NV DOI to protect sensitive information.\n\n</summary>"
    },
    "3": {
      "summary": "<summary>\nThe page describes a complaint related to bail issues, specifically involving a situation where a co-signer attempted to post bail for a defendant but encountered complications. On November 7, 2014, the co-signer filled out paperwork and paid $500 via credit card to secure a $3,000 bond for the defendant, who was charged with Domestic Battery (1st). However, upon arriving at the Clark County Detention Center, it was discovered that another bail company had already posted the bond. When contacted, the defendant's family confirmed they did not authorize any other bail company to post the bond. Upon release, the defendant expressed confusion and frustration about who posted her bond and why she was not informed. She also mentioned being contacted by someone demanding the remaining $500, threatening re-arrest if payment was not made. The complainant suggests a fair resolution would involve allowing the defendant to choose her preferred bail company, emphasizing that self-bonding without a co-signer or upfront payment is unclear. The page concludes with sections for documentation and declaration, asking whether supporting documents will be provided and how they will be sent.\n\nThere are no tables, figures, charts, diagrams, or images present on this page. The content is entirely textual, with redactions marked throughout to protect sensitive information.\n\n</summary>"
    },
    "4": {
      "summary": "<summary>\nThis page contains sections related to an insurance complaint form. It begins with a certification statement where the complainant affirms the accuracy of the provided information and acknowledges that the form may be shared with relevant parties, including the insurance company, agent, broker, or others involved in resolving the complaint. The complainant also authorizes the release of medical and financial information to the Nevada Division of Insurance if necessary for complaint resolution. Two checkboxes labeled \"I Agree\" are present, indicating agreement with these statements.\n\nThe page includes a note explaining that checking a box will send a copy of the complaint to the respondent but will not disclose the complaint to anyone else. Below this, there are several questions for additional information:\n- A question asking if the complainant wants their complaint and the information obtained during the review to be kept confidential.\n- A question asking if the complainant is represented by an attorney, with options \"No\" and \"Other.\"\n- A question asking how the complainant heard about the organization handling the complaint.\n\nThere are no tables, figures, charts, or images on this page. The layout is primarily text-based, with checkboxes and structured questions for gathering further details about the complaint.\n\n</summary>"
    },
    "5": {
      "summary": "<summary>\nThis page is a Consumer Complaint Form from the Nevada Division of Insurance, part of the Department of Business and Industry. The form is designed to collect detailed information about consumer complaints related to insurance issues. It includes sections for contact information, policyholder details, and specifics about the insurance complaint. The form provides options to mail the complaint to either Carson City or Las Vegas offices and allows the complainant to request confidentiality. There is also a section to indicate whether the complainant is represented by an attorney. The form is heavily redacted, with personal and sensitive information obscured for privacy reasons.\n\n<table_summary>\nThe form contains multiple sections that function as tables or structured data entry fields. These include:\n- **Your Contact Information**: Fields for name, address, phone numbers, and email.\n- **Policyholder Information**: Fields for the policyholder's name and relationship to the complaint.\n- **Insurance Information**: Fields for the insurance company, type of policy, policy number, claim number, date of loss/incident, type of insurance, and agent/agency details.\n</table_summary>\n\n<image_summary>\nThe page features the official seal of the Nevada Division of Insurance at the top left corner, indicating its official status and authority.\n</image_summary>\n\nNotably, the form is marked as \"DOI 310 (rev 07/22/2014) Page 1 of 2,\" suggesting it is part of a two-page document. The redactions ensure compliance with privacy regulations, protecting sensitive personal and business information.\n</summary>"
    },
    "6": {
      "summary": "<summary>\nThis page is a consumer complaint form titled \"Define your problem,\" which appears to be part of a larger document used by the Nevada Division of Insurance (DOI). The form includes checkboxes for various issues such as claim denial, premium increase, billing problems, and others. The complainant has selected \"Reinsurance\" as the primary issue and provided a handwritten explanation detailing a dispute over vehicle damage and an alleged violation of state law. The desired resolution involves correcting the damage assessment and addressing the legal implications. The form also includes a release statement certifying the truthfulness of the information provided and authorizing the sharing of medical or credit information if necessary. The signature and date sections are present at the bottom, but they have been redacted for privacy.\n\n<image_summary>The page contains handwritten notes and redactions in red ink, indicating sensitive information has been removed. The handwriting provides context for the complaint, while the redactions ensure confidentiality.</image_summary>\n\n</summary>"
    },
    "7": {
      "summary": "<summary>\nThis page appears to be part of a consumer complaint form related to an insurance issue. The form asks the complainant to define their problem by checking applicable options such as \"Claim denial,\" \"Premium increase,\" \"Cancellation/non-renewal,\" \"Unsatisfactory claim settlement,\" \"Claim delay,\" \"Billing problem,\" \"Refusal to insure,\" \"Misrepresentation,\" and \"Other.\" The complainant has provided a handwritten explanation of the problem, which involves a dispute regarding the refusal of coverage for a vehicle belonging to their daughter, citing illegal claims made by the insurer. The desired resolution includes instructions for the insurer to cease and adjust all charges related to the vehicle in question. The form also includes a certification section where the complainant certifies the accuracy of the information provided and authorizes the release of medical or credit information if necessary. The signature and date fields are present but redacted for privacy.\n\nThe page contains several redactions marked by the Nevada Division of Insurance (NV DOI), indicating sensitive information that has been removed. These redactions appear over portions of the written explanation, the desired resolution, the signature, and other areas of the form.\n\nThere are no tables, figures, or images on this page; it consists entirely of text and handwritten notes.\n</summary>"
    },
    "8": {
      "summary": "<summary>\nThe page contains a **Limited Power of Attorney** document. It grants authority to an individual (whose name is redacted) to handle financial matters, secure and recover a car from a title loan company, and access and remove property from storage. The document specifies that the attorney-in-fact has full power and authority to perform these tasks as if the principal were personally present, including the power of substitution and revocation. The document is dated October 2, 2014, and was signed in Washoe County, Nevada. A notary public from Nevada acknowledges the signature, with their seal and expiration date included at the bottom. Handwritten notes indicate that the Power of Attorney was signed by the principal's daughter, but this note is not part of the official document.\n\n<image_summary>The page includes a handwritten note at the bottom left corner stating, \"This POA was signed by complaints daughter,\" which appears to be an informal remark added after the formal document was completed.</image_summary>\n\n<image_summary>A notary public seal is present at the bottom right corner, indicating the document was officially acknowledged. The seal includes text identifying it as belonging to a Notary Public in the State of Nevada, with an expiration date of December 2, 2014.</image_summary>\n</summary>"
    },
    "9": {
      "summary": "<summary>\nThe page contains a legal document related to bail bond arrangements and collateral agreements. It includes a declaration by the defendant appointing MIKES FAMILY BAIL BONDS as their attorney in connection with pending charges. The document outlines the terms of the bond, including the acceptance of specific forms of collateral such as cash, savings accounts, stocks, bonds, and real estate. It emphasizes that only the listed types of collateral are acceptable and that representatives are not authorized to accept any other form. The document also mentions a promissory note to AMERICAN SURETY COMPANY, detailing interest rates and conditions under which the note becomes null and void. At the bottom, there is a statement regarding a 2003 KIA Geo vehicle held by Auto Title Loan (ATL) in Glendale, which ATL refuses to release to the complainant.\n\n<figure_summary>Figure 1: Notary Public Seal and Signature - This figure shows the official seal and signature of a Notary Public from the State of Nevada, indicating the document's authentication. The commission expiration date is visible.</figure_summary>\n\n<image_summary>Redacted Information - Multiple sections of the document contain redacted information marked with \"Redacted by DOI\" or \"Redacted by NV DOI,\" likely to protect sensitive personal or organizational details.</image_summary>\n</summary>"
    },
    "10": {
      "summary": "<summary>\nThe page appears to be a form or questionnaire related to personal and contact information, likely used in a legal or administrative context. It includes fields for various details such as the student's name, school, address, phone number, parents' names, and contact information for siblings, best friends, and the defendant's attorney. The form also mentions a note at the bottom indicating that this document was provided to a complainant, purporting to be proof of signing over a vehicle. The page is marked as \"Redacted by DOI\" multiple times, suggesting that sensitive information has been removed for privacy reasons.\n\n<image_summary>The page contains handwritten notes and redactions, with visible text fields for personal information. The redaction marks and text indicate that the document has been partially obscured to protect confidential data.</image_summary>\n\n<note>This summary assumes the redacted sections contain sensitive information that cannot be described in detail due to privacy concerns.</note>\n</summary>"
    },
    "11": {
      "summary": "<summary>\nThis page is a consumer complaint form issued by the Nevada Division of Insurance, part of the Department of Business and Industry. It provides fields for complainants to fill out their contact information, policyholder details, and insurance-related specifics regarding their complaint. The form includes options to mail the complaint to either Carson City or Las Vegas offices and allows complainants to request confidentiality for their records. There is also a section to indicate if the complainant is represented by an attorney, with a note that the Division may not intercede on behalf of the attorney. The form is divided into sections for \"Your contact information,\" \"Policyholder information,\" and \"Insurance information,\" each containing relevant fields to gather detailed data about the complaint.\n\nThe form includes redacted personal information, such as names, addresses, phone numbers, and email addresses, marked with \"Redacted by NV DOI\" in red text. This indicates that sensitive data has been removed for privacy purposes.\n\nThere are no tables, figures, or images on this page, but the layout is structured with checkboxes, radio buttons, and input fields to guide the complainant through the process of submitting their complaint.\n\n</summary>"
    },
    "12": {
      "summary": "<summary>\nThis page is a consumer complaint form titled \"Define your problem,\" designed to gather detailed information about an issue related to insurance or financial services. The form includes a checklist of potential problems such as claim denial, premium increase, billing issues, and others. A handwritten explanation describes a situation where the complainant contacted a bail bonds company and was instructed by someone claiming to be from an office in Las Vegas to bring money to secure a vehicle title. The complainant mentions feeling desperate and being misled into believing they were helping their spouse. The desired resolution involves retrieving the vehicle title under the spouse's name. The form also includes a release for information, certifying the truthfulness of the complaint and authorizing the insurer to share medical or credit information with the Nevada Division of Insurance if necessary. The signature section is redacted, and the date provided is January 8, 2015.\n\n<image_summary>The page contains handwritten text in Spanish, detailing the complainant's experience and desired resolution. Redactions marked by \"Redacted by DOI\" and \"Redacted by NV DOI\" indicate sensitive information has been removed.</image_summary>\n</summary>"
    },
    "13": {
      "summary": "<summary>\nThis page is a consumer complaint form from the Nevada Division of Insurance, part of the Department of Business and Industry. It provides options to mail the form to either Carson City or Las Vegas addresses and includes a checkbox to request confidentiality for the complaint records. The form asks whether the complainant is represented by an attorney, noting that the Division may not intercede if they are. It collects detailed contact information for the complainant, including name, address, phone numbers, and email, all of which have been redacted for privacy. Additionally, it requests policyholder information, which is also redacted. The insurance section gathers details about the insurance company, policy type, claim number, date of loss, and the type of insurance involved (e.g., auto, home/condo, health). Specific fields include checkboxes for different types of insurance and a space for the agent/adjuster's name, which is partially redacted.\n\n<image_summary>The form features the official seal of the Nevada Division of Insurance at the top left corner.</image_summary>\n\n<image_summary>The form includes handwritten notes, such as \"3-18-14\" in the \"Date of Loss\" field and \"Bc:il\" in the \"Other\" field under \"Type of insurance.\" These annotations provide additional context to the form.</image_summary>\n</summary>"
    },
    "14": {
      "summary": "<summary>\nThis page is part of a consumer complaint form titled \"Define your problem.\" It begins by asking the complainant to check all applicable issues related to insurance problems, such as claim denial, premium increase, cancellation/non-renewal, unsatisfactory claim settlement, billing problems, refusal to insure, misrepresentation, and others. A brief explanation of the problem is provided in handwritten text, which has been redacted by the Nevada Division of Insurance (NVDI). The form also includes a release for information section, where the complainant certifies the truthfulness of the information provided, authorizes the insurer to share medical or credit information with the NVDI if necessary, and confirms their understanding of the release. The form concludes with spaces for the complainant's signature and date, both of which have been redacted.\n\n<image_summary>The page contains handwritten text explaining the problem, which has been redacted by the NVDI. The handwriting provides context but is not legible due to the redaction.</image_summary>\n\n<image_summary>The form includes checkboxes for selecting various insurance-related issues, such as claim denial, premium increase, and others. These checkboxes are part of the structured layout of the form.</image_summary>\n\n<image_summary>The bottom section of the page features a typed release statement, which is clearly formatted and easy to read. This section outlines the complainant's certification and authorization regarding the information provided.</image_summary>\n</summary>"
    },
    "15": {
      "summary": "<summary>\nThis page contains an \"Application for Return of Collateral or Premium,\" which is used to request the return of collateral or premium deposited with a bail bond company. The form includes instructions for completing the application, such as requiring the depositor's signature to be notarized, attaching identification documents, and providing a copy of the receipt. The form specifies that all documents must be mailed to the Collateral/Premium Department in Las Vegas, Nevada. Additional instructions cover resubmission timelines for denied requests, processing times for refunds, and eligibility criteria for refunding collateral upon discharge from court. Personal details, including name, address, phone number, and the name of the defendant bailed out, are redacted for privacy.\n\nThe form also includes sections for approval or denial of the request, along with a space for the reason for denial if applicable. At the bottom, there is a notary public section where the applicant's signature is sworn before a notary, with the notary's signature and seal provided. The date of the application is marked as October 6, 2014.\n\n<image_summary>The top of the page features a logo, which appears to be related to the Nevada Department of Insurance (NV DOI), though it is partially obscured by redaction marks.</image_summary>\n\n<image_summary>A notary public seal is visible at the bottom right corner of the page, indicating the official notarization of the document. The seal includes text and a circular design, but specific details are redacted.</image_summary>\n</summary>"
    },
    "16": {
      "summary": "<summary>\nThe page is a **Collateral Receipt** form related to a bail bond transaction. It documents the deposit of collateral as security for the payment of sums due under the terms of a bail bond agreement. The receipt includes fields for the depositor's name, address, the amount of the bail bond ($4,157), and the collateral deposited ($2,088 in cash). The form specifies that the collateral will be returned only upon exoneration of the bond and return of this receipt. The date of the receipt is marked as March 18, 2014. The form also includes sections for signatures of the payer and agent, as well as spaces for recording the return of collateral. Redactions by the Nevada Department of Justice (NV DOJ) obscure sensitive information such as names, addresses, and other identifying details.\n\n<image_summary>The top right corner features an illustration of a cartoon prisoner wearing striped prison attire, which symbolizes the context of bail bonds and legal proceedings.</image_summary>\n\n</summary>"
    },
    "17": {
      "summary": "<summary>\nThis page is part of a court docket list detailing legal proceedings in North Las Vegas Municipal Court. It records various events and actions taken between March 12, 2014, and April 3, 2014, including motions, arraignments, sentencing hearings, and bench warrant issuances. Key individuals involved include Cheryl Palomo (Court Clerk), Veronica Pelas (Interpreter), Stephen C. Webster Esq. (Senior Deputy City Attorney), and several judges such as Sean Hoeffgen and Kurt Schulke. The document also mentions the presence of parties, attorneys, and staff members during different court sessions. Several entries have been redacted, marked with \"Redacted by NV DOI,\" indicating sensitive information has been omitted.\n\nThe page includes detailed timestamps and results of court events, such as motions denied, case reactivation, and bench warrants issued. For example, on April 3, 2014, a motion was denied, and an event scheduled for the same day at 8:00 am was completed. On March 27, 2014, there was an arraignment and sentencing hearing, which was also completed. Additionally, a bench warrant was issued on March 12, 2014, for failure to appear, with no plea entered and full bail required.\n\nThere are no tables, figures, charts, or images present on this page. The focus is entirely on textual information related to court proceedings and legal actions.\n</summary>"
    },
    "18": {
      "summary": "<summary>\nThis page is part of a court docket list from North Las Vegas Municipal Court, detailing scheduling updates for legal proceedings. The document lists events related to arraignment and sentencing hearings, including changes in dates and times. Key points include:\n\n- **Arraignment and Sentencing Hearing Rescheduling**: An event originally scheduled for March 26, 2014, at 12:00 am was rescheduled to March 12, 2014, at 8:00 am. The hearing will take place in Department 2 under Judge Sean Hoeffgen.\n  \n- **Case Reset**: Another citation appearance date set for March 26, 2014, at 12:00 am was reset, resulting in a new hearing date. This reset occurred on February 18, 2014, and the case was moved to Department 1.\n\n- **Initial Appearance Date Set by Officer**: On January 15, 2014, an officer set a citation appearance date for March 26, 2014, at 12:00 am. However, this date was later reset, as noted above.\n\nThe document includes timestamps and references to the court clerk and city attorney, indicating official court proceedings. There are no tables, figures, or images present on this page.\n\n</summary>"
    },
    "19": {
      "summary": "<summary>\nThe page contains two MoneyGram International Money Orders, each with various fields filled out and some sections redacted for privacy. The documents include standard information such as the payee's name, address, amount in words and numerals, and instructions for payment. Both money orders are marked with \"Redacted by NV DOI,\" indicating that sensitive information has been obscured. The page also includes security features like a watermark and validation instructions (\"Touch the stop sign, then watch it fade and reappear\"). The layout is consistent with typical MoneyGram forms, featuring structured fields for transaction details.\n\n<image_summary>The page consists of two MoneyGram International Money Order forms, printed on white paper with black text. Each form is divided into sections for different types of information, such as the payee's details, amount, and sender's information. Redaction marks are visible throughout, indicating that personal and financial data have been removed.</image_summary>\n\n<figure_summary>Figure 1: MoneyGram International Money Order Form. This figure represents the layout and structure of a standard MoneyGram form, including fields for the recipient's name, address, amount, and sender's details. It also highlights the presence of security features like watermarks and validation instructions.</figure_summary>\n\n<figure_summary>Figure 2: Second MoneyGram International Money Order Form. Similar to Figure 1, this figure shows another MoneyGram form with identical layout and structure, but with different redacted sections. It reinforces the standardized design of the forms.</figure_summary>\n</summary>"
    },
    "20": {
      "summary": "<summary>\nThe page contains a MoneyGram International Money Order form, which has been heavily redacted for privacy reasons. The form includes fields for the sender's and recipient's information, such as names, addresses, and contact details, all of which have been obscured. The amount to be paid is specified as \"FIVE HUNDRED DOLLARS AND 00/100,\" and the currency is U.S. dollars. The form also includes instructions for validating the money order by touching the stop sign, which causes it to fade and reappear. The document appears to be part of an official record, as indicated by the redaction notes (\"Redacted by NV DOJ\").\n\n<image_summary>The image shows aMoneyGram International Money Order form with various sections filled out but redacted for privacy. The form includes fields for personal information, payment details, and validation instructions. The redactions are marked with \"Redacted by NV DOJ\" throughout.</image_summary>\n</summary>"
    }
  }
}