{
  "doc_id": "efd88e41c5f2606c57929cac6c1c0605.pdf",
  "pages": {
    "1": {
      "summary": "<summary>\nThe page appears to be the cover of a scientific assessment titled \"The Impacts of Climate Change on Human Health in the United States,\" published by the U.S. Global Change Research Program. The cover features a visually striking design that combines imagery and text to convey its theme. \n\nAt the top, there is a panoramic photograph of a modern city skyline reflected in water, symbolizing urban environments affected by climate change. Below this, three hexagonal sections contain photographs: one showing a man sitting outdoors in a rural setting, another depicting a healthcare professional examining a child with a parent nearby, and a third empty hexagon in orange. These images collectively represent the diverse impacts of climate change on human health across different settings—rural, urban, and medical.\n\nThe title is prominently displayed in large, bold white text, emphasizing the focus on the relationship between climate change and human health in the United States. The subtitle, \"A Scientific Assessment,\" indicates the document's authoritative nature and scientific basis.\n\n<image_summary>The cover uses a combination of photographs and geometric design elements to illustrate the interconnected themes of climate change, human health, and environmental impact. The cityscape at the top highlights urban vulnerability, while the rural and medical scenes in the hexagons emphasize the broader societal implications.</image_summary>\n\nThis cover effectively communicates the document's purpose and scope, drawing attention to the critical issue of climate change's effects on public health in the United States.\n</summary>"
    },
    "2": {
      "summary": "Since you have provided an empty page with no visible content, there is nothing to summarize. However, I can guide you on how to proceed if you provide the actual content of the page in the future.\n\nIf you share the text, tables, figures, or images from the page, I will be able to create a detailed summary following the structure you requested. Please upload or describe the content of the page, and I'll assist you further!"
    },
    "3": {
      "summary": "<summary>\nThis page serves as the cover of a scientific assessment titled \"The Impacts of Climate Change on Human Health in the United States,\" published by the U.S. Global Change Research Program. The cover features a visually striking design that emphasizes the connection between urban environments, human health, and natural settings. \n\nAt the top, there is a panoramic photograph of a modern city skyline reflected in water, symbolizing the urban context where many climate-related health impacts occur. Below this, three hexagonal shapes contain distinct images: one shows a farmer sitting in a field, representing agricultural health and rural communities; another depicts a healthcare professional examining a child, highlighting the impact of climate change on public health; and the third hexagon is empty, possibly预留用于其他信息或设计元素.\n\nThe title is prominently displayed in bold, uppercase letters, clearly indicating the focus of the document. The subtitle, \"A Scientific Assessment,\" underscores the rigorous and evidence-based nature of the content.\n\n<image_summary>The cover includes a combination of photographs and geometric design elements. The cityscape at the top conveys an urban setting, while the hexagons below feature images of a farmer, a healthcare interaction, and an empty space, each representing different aspects of human health and its relationship with climate change.</image_summary>\n</summary>"
    },
    "4": {
      "summary": "<summary>\nThis page provides metadata and copyright information about a report titled \"The Impacts of Climate Change on Human Health in the United States: A Scientific Assessment.\" It was produced by the U.S. Global Change Research Program, located at 1800 G Street, NW, Suite 9100, Washington, D.C., USA. The report was first published in April 2016, with an ISBN of 978-0-16-093241-0. The recommended citation format is provided, including the authors, editors, publication details, and a DOI link. The page also notes that while the report is in the public domain, some materials are copyrighted, requiring permission for reproduction if used elsewhere. Credit must always be given for copyrighted materials, and all other materials are free to use with credit to this report.\n\nThere are no tables, figures, images, or charts present on this page.\n\n</summary>"
    },
    "5": {
      "summary": "<summary>\nThis page contains a letter dated April 2016, addressed to colleagues by Dr. John P. Holdren, Assistant to the President for Science and Technology and Director of the Office of Science and Technology Policy. The letter introduces a report titled *The Impacts of Climate Change on Human Health in the United States: A Scientific Assessment*. The report aims to advance understanding of climate change's effects on public health, highlight vulnerabilities among certain communities, and confirm climate change as a significant threat to all Americans. It was developed by over 100 experts from eight Federal agencies, including the EPA, HHS, and NOAA, under the President’s Climate Action Plan. The report underwent rigorous reviews by the public and scientific experts, including a committee from the National Academies of Sciences, Engineering, and Medicine. Dr. Holdren acknowledges the dedication of the authors, reviewers, and staff and emphasizes the importance of using the report's findings to combat health threats posed by climate change, aligning with President Obama's priorities.\n\n<image_summary>The page includes a formal letterhead at the top featuring the seal of the Executive Office of the President.</image_summary>\n\n<image_summary>A handwritten signature appears below the body of the letter, attributed to Dr. John P. Holdren.</image_summary>\n</summary>"
    },
    "6": {
      "summary": "<summary>\nThis page introduces the \"USGCRP Climate and Health Assessment,\" which focuses on the impacts of climate change on human health in the United States. It highlights that this assessment was developed by the U.S. Global Change Research Program (USGCRP) as part of its National Climate Assessment (NCA) process, under the President's Climate Action Plan. The assessment aims to enhance understanding and inform decisions regarding climate change threats to public health. A team of over 100 experts from 8 U.S. Federal agencies contributed to the report, ensuring it is scientifically rigorous and peer-reviewed. The report draws from scientific research and publicly available sources, adhering to the Information Quality Act (IQA), and underwent extensive review by experts and stakeholders. Additionally, the page provides context about the Third National Climate Assessment (2014 NCA), which assessed climate change impacts across various sectors and regions, including a chapter on human health impacts that served as a foundation for this assessment.\n\n<image_summary>The header includes an image of a city skyline during sunset, symbolizing urban environments affected by climate change.</image_summary>\n</summary>"
    },
    "7": {
      "summary": "<summary>\nThis page is the Table of Contents for a report focused on the impacts of climate change on human health. It outlines the structure of the document, including sections such as an Executive Summary, nine chapters covering various aspects of climate-related health issues, and five appendices providing additional technical and methodological details. The chapters delve into topics like temperature-related deaths and illnesses, air quality impacts, extreme events, vector-borne diseases, water-related illnesses, food safety, mental health, and vulnerable populations. The appendices offer supplementary information, including modeling techniques, literature review processes, report development guidelines, uncertainty documentation, and a glossary.\n\nThe layout is organized with clear headings and page numbers for each section, facilitating easy navigation through the report. There are no visual elements such as tables, figures, or images on this page; it solely serves as a guide to the document's contents.\n\n</summary>"
    },
    "8": {
      "summary": "<summary>\nThis page introduces the U.S. Global Change Research Program's Climate and Health Assessment, which aims to evaluate the impacts of climate change on human health in the United States. The report responds to the National Climate Assessment (NCA) process and addresses the 1990 Congressional mandate to understand and respond to global change. Its primary purpose is to provide evidence-based and quantitative estimates of observed and projected health impacts due to climate change, serving as a resource for public health officials, urban planners, decision-makers, and stakeholders. The assessment updates previous works, including SAP 4.6 and the 2014 NCA, while focusing on key health outcomes such as temperature-related death, air quality impacts, vector-borne diseases, and water-related illnesses. It emphasizes recent scientific literature published between 2007 and 2015, identifies risk factors, and projects impacts for 2030, 2050, and 2100. The geographic focus is the United States, though it also considers relevant studies from other regions and global linkages where necessary. The report does not make policy recommendations but provides timely and actionable information on health impacts.\n\nThere are no tables, figures, or images on this page.\n</summary>"
    },
    "9": {
      "summary": "<summary>\nThe page discusses the assessment of climate change impacts on human health in the United States. It emphasizes the role of adaptive capacity in influencing vulnerability to health impacts and highlights the importance of considering cumulative, compound, or secondary impacts, though these are beyond the scope of the report. The report integrates scientific literature and modeling parameters to project climate impacts on human health, aiming to inform mitigation, adaptation, and resilience strategies. The first chapter provides background on climate change observations and projections, along with methods used for assessing health impacts. Subsequent chapters focus on specific impacts such as temperature-related deaths, air quality, extreme events, vector-borne diseases, water-related illnesses, food safety, nutrition, mental health, and vulnerable populations. The assessment is part of the U.S. Global Change Research Program’s Sustained National Climate Assessment process, ensuring continuous updates and stakeholder engagement. The report sources are rigorously reviewed to meet the Information Quality Act standards, drawing from peer-reviewed research, government statistics, and previous assessments like the 2014 NCA.\n\n<image_summary>The page includes three hexagonal images depicting diverse scenarios related to climate change and health: (1) an elderly person and a younger individual, possibly illustrating intergenerational impacts; (2) a child being examined by a healthcare professional, highlighting health monitoring; and (3) an older adult gardening, symbolizing outdoor activities affected by climate conditions.</image_summary>\n</summary>"
    },
    "10": {
      "summary": "<summary>\nThis page discusses overarching perspectives on climate change impacts on human health in the United States, emphasizing cumulative, compounding, and secondary effects. It highlights five key points: climate change occurs alongside other changes, there are complex linkages with non-climate stressors, health threats often occur cumulatively, individual decisions can amplify or reduce impacts, and U.S. impacts are interconnected with global changes. The page also covers the global change context, noting that climate change is part of broader societal, environmental, and economic shifts. It emphasizes the role of non-climate stressors in exacerbating or moderating health impacts, such as demographic changes, socioeconomic factors, and regional differences. Finally, it addresses the international context, stating that U.S. health is influenced by global climate changes and vice versa.\n\nThere are no tables, figures, or images on this page. The content is purely textual, focusing on explaining the interconnected nature of climate change impacts and their implications for public health.\n</summary>"
    },
    "11": {
      "summary": "<summary>\nThis page provides an overview of the structure and content of a report titled \"Impacts of Climate Change on Human Health in the United States.\" It explains that the Executive Summary highlights the impacts of climate change on public health in the U.S., summarizing key findings and including brief overviews, key findings, and figures for each chapter. The main body of the report, organized into chapters, assesses the state of scientific knowledge regarding observed and projected health impacts of climate change, supported by the scientific literature. Each chapter includes Key Findings based on expert judgment and Traceable Accounts detailing the reasoning and sources of uncertainty behind these conclusions. These accounts are available in the Supporting Evidence section. The report focuses on health outcomes, risks, and vulnerability factors but does not include assessments of mitigation, adaptation, economic valuation, or policy recommendations.\n\n<image_summary>The image at the bottom of the page shows a large crowd of people viewed from behind, suggesting themes of community, public health, or collective concern, which aligns with the report's focus on the impacts of climate change on human health.</image_summary>\n</summary>"
    },
    "12": {
      "summary": "<summary>\nThe page discusses the concept of exposure pathway diagrams used in a report to illustrate how climate change affects human health. Each chapter includes such a diagram, which serves as a conceptual tool to summarize the key connections between climate drivers and health outcomes, while acknowledging the influence of other factors. The exposure pathway diagram in Chapter 1 provides an overview of the main routes by which climate change impacts health, summarizing linkages described in subsequent chapters. However, Chapter 9 does not include a diagram due to its focus on crosscutting issues relevant to all health topics. The page also highlights research findings across four chapters: Temperature-Related Death and Illness, Air Quality Impacts, Vector-Borne Disease, and Water-Related Illness. These findings are based on six quantitative analyses published in peer-reviewed sources, each summarized with sections on importance, objectives, methods, results, and conclusions. The analyses were conducted independently, without a unified modeling approach, but their findings contribute to the overall assessment of climate change impacts on health.\n\n<figure_summary>Figure 1: This diagram illustrates the relationship between climate drivers, exposure pathways, and health outcomes. It includes three central boxes: \"Climate Drivers\" (changes affecting human health), \"Exposure Pathways\" (links through which people are exposed to climate impacts), and \"Health Outcomes\" (changes in health status). The left gray box (\"Environmental & Institutional Context\") lists examples of environmental and institutional factors influenced by climate change, while the right gray box (\"Social & Behavioral Context\") outlines social and behavioral factors that can affect vulnerability to climate impacts. The diagram emphasizes how climate change can directly and indirectly influence health through various pathways.</figure_summary>\n\nThe page concludes by directing readers to Appendix 1 for technical support documentation regarding modeling methods.\n</summary>"
    },
    "13": {
      "summary": "<summary>\nThe page discusses several key aspects of an assessment focused on the impacts of climate change on human health in the United States. It highlights three main sections: Populations of Concern, Emerging Issues, and Research Needs. The \"Populations of Concern\" section emphasizes identifying vulnerable groups affected by climate-related health impacts, with each chapter addressing this topic comprehensively. The \"Emerging Issues\" section outlines areas of potential future concern, including health impacts not currently prevalent but with the potential to become significant. The \"Research Needs\" section summarizes research gaps identified during the assessment, which could inform future studies.\n\nThe page also introduces the concept of documenting uncertainty through confidence and likelihood evaluations. Confidence levels are based on the quality, quantity, and consistency of evidence, ranging from very high to low. Likelihood statements provide probabilistic assessments of outcomes, ranging from very unlikely to very likely. Both confidence and likelihood are crucial for interpreting Key Findings, which include descriptions of confidence and likelihood where applicable.\n\nA table is included to detail the definitions and criteria for different confidence and likelihood levels. The table provides a structured breakdown of how these terms are applied, with confidence levels categorized as Very High, High, Medium, and Low, and likelihood levels as Very Likely, Likely, As Likely As Not, Unlikely, and Very Unlikely. Each category is accompanied by a description of the evidence type and associated probability ranges.\n\nFinally, the page mentions that Supporting Evidence for each Key Finding is provided at the end of each chapter, and additional technical support documents and appendices offer more detailed information on uncertainty documentation.\n\n<table_summary>\nTable 1: This table defines the criteria for confidence and likelihood levels. For confidence, it ranges from \"Very High\" (strong evidence, high consensus) to \"Low\" (inconclusive evidence, limited sources). For likelihood, it ranges from \"Very Likely\" (≥9 in 10 chance) to \"Very Unlikely\" (≤1 in 10 chance), providing a quantitative framework for assessing the certainty of findings.\n</table_summary>\n\n<image_summary>\nThere are no images or illustrations on this page; the focus is entirely on textual explanations and the accompanying table.\n</image_summary>\n</summary>"
    },
    "14": {
      "summary": "<summary>\nThis page is titled \"LIST OF CONTRIBUTORS\" and provides a detailed list of individuals who contributed to a report or document related to the impacts of climate change on human health in the United States. The contributors are categorized into two main sections: **Report Steering Committee** and **Chapter Authors**.\n\nThe **Report Steering Committee** includes a Lead Coordinator and several committee members representing various federal agencies, academic institutions, and research organizations. Key contributors include Allison Crimmins from the U.S. Environmental Protection Agency (EPA) as the Lead Coordinator, Patrick Dolwick from the EPA, Darrin Donato from the U.S. Department of Health and Human Services (HHS), David R. Easterling from the National Oceanic and Atmospheric Administration (NOAA), and others from institutions like the Centers for Disease Control and Prevention (CDC), National Aeronautics and Space Administration (NASA), and the University of Washington.\n\nThe **Chapter Authors** section lists individuals responsible for authoring specific chapters of the report. This group includes contributors from diverse backgrounds, such as government agencies (e.g., HHS, USDA, CDC, NOAA), universities (e.g., University of California, Columbia University), and research institutes (e.g., Cooperative Institute for Climate and Satellites–North Carolina). Notable authors include Carl Adrianopoli from HHS, Allan Auclair from the U.S. Department of Agriculture, John Balbus from the National Institutes of Health, and many others.\n\nThere are no tables, figures, or images on this page; it focuses solely on providing a comprehensive list of contributors and their affiliations.\n\n</summary>"
    },
    "15": {
      "summary": "<summary>\nThis page lists the participants involved in the \"U.S. Global Change Research Program\" and its associated committees, specifically focusing on the \"Subcommittee on Global Change Research Leadership and Executive Committee.\" The page is divided into sections detailing the roles and affiliations of various individuals.\n\nThe first section, titled **Chapter Coordinators**, lists names and affiliations of experts contributing to the chapter. These include researchers and professionals from institutions such as the University of Wisconsin-Milwaukee, Abt Associates, National Center for Atmospheric Research, and others. This section highlights the interdisciplinary nature of the work, involving experts from academia, government agencies, and research organizations.\n\nThe second section, titled **United States Global Change Research Program**, introduces key leadership positions. It includes Michael Kuperberg as the Executive Director and Ben DeAngelo as the Deputy Executive Director, both affiliated with the White House Office of Science and Technology Policy (OSTP).\n\nThe third section, titled **Subcommittee on Global Change Research Leadership and Executive Committee**, provides details about the committee's leadership structure. Thomas Karl is listed as the Chair, representing the U.S. Department of Commerce. The Vice Chairs include representatives from various federal agencies, such as the National Aeronautics and Space Administration, U.S. Department of Energy, U.S. Department of Commerce, and others. Additionally, the Principals section lists members from multiple federal departments and agencies, emphasizing the collaborative effort across different sectors.\n\nThere are no tables, figures, or images on this page; it focuses entirely on textual information presenting the organizational structure and key personnel involved in the program.\n\n</summary>"
    },
    "16": {
      "summary": "<summary>\nThis page lists the staff members involved in various climate and health assessment initiatives under different organizations. It is divided into three main sections: Executive Office of the President Liaisons, USGCRP Climate and Health Assessment Staff, and UNC Asheville’s National Environmental Modeling and Analysis Center (NEMAC). Each section provides detailed roles and affiliations of individuals contributing to these efforts.\n\n### Executive Office of the President Liaisons\nThis section includes key liaisons such as Tamara Dickinson, Afua Bruce, Jayne Morrow, Richard Duke, Kimberly Miller, and Fabien Laurier. Their roles span across environmental and technological councils, management and budget offices, and climate assessment initiatives within the White House.\n\n### USGCRP Climate and Health Assessment Staff\nThis section details the staff of the USGCRP National Coordination Office and related entities. It includes executive directors, deputy directors, directors, coordinators, scientists, editors, designers, and technical leads. Notable individuals include Michael Kuperberg, Ben DeAngelo, Katharine Jacobs, Thomas Armstrong, Christopher P. Weaver, Glynis C. Lough, and many others who contribute to data architecture, graphic design, web development, and scientific research.\n\n### UNC Asheville’s National Environmental Modeling and Analysis Center (NEMAC)\nThis section highlights the staff at NEMAC, including directors, researchers, software developers, and communication specialists. Key personnel include Justin Goldstein, Alexa Jay, Amanda Jensen, Amanda McQueen, Tanya Maslak, Julie Morris, and Brent Newman, among others, who focus on operations, geospatial technology, and strategic planning.\n\nThe page serves as an organizational overview, providing insights into the collaborative efforts across multiple agencies and institutions to address climate change impacts on human health.\n\n</summary>"
    },
    "17": {
      "summary": "<summary>\nThis page lists the members of the USGCRP Interagency Crosscutting Group on Climate Change and Human Health (CCHHG), along with their affiliations and roles. The group includes co-chairs, a coordinator, and representatives from various U.S. government agencies and organizations involved in climate and health research. The page also provides a list of review editors and acknowledgments for contributors and supporting organizations.\n\nThe **Co-Chairs** are John Balbus (National Institutes of Health), George Luber (Centers for Disease Control and Prevention), and Juli Trtanj (National Oceanic and Atmospheric Administration). The **Coordinator** is Mark M. Shimamoto from the U.S. Global Change Research Program's National Coordination Office.\n\nRepresentatives from multiple agencies are listed under their respective departments, including the U.S. Department of Homeland Security, Housing and Urban Development, Interior, State, Environmental Protection Agency, Agriculture, Commerce, Defense, and Health and Human Services. Each representative's name and specific office or division are provided.\n\nThe **Review Editors** section lists external experts who reviewed the report, representing institutions such as the California Office of Environmental Health Hazard Assessment, Public Health Institute, Columbia University, National Center for Atmospheric Research, and others.\n\nFinally, the **Acknowledgements** section thanks RTI International, ICF International, Abt Associates, and Abt Environmental Research for their support in developing the report.\n\n</summary>"
    },
    "18": {
      "summary": "<summary>\nThis page is a reference section from a document titled \"Impacts of Climate Change on Human Health in the United States,\" published by the U.S. Global Change Research Program. It lists seven key references related to climate change, its impacts on human health, and相关政策 documents. Each reference includes detailed bibliographic information, such as authors, publication years, titles, publishers, and URLs for further access.\n\nThe references cover a range of topics, including:\n1. The President's Climate Action Plan (2013).\n2. A review of the draft interagency report on climate change impacts on human health in the United States (2015).\n3. The Third National Climate Assessment (2014), focusing on climate impacts in the U.S.\n4. A chapter on human health impacts from the same assessment (2014).\n5. The Global Change Research Act of 1990.\n6. Analyses of global change effects on human health and welfare (2008).\n7. A literature review and bibliography on climate change and human health (2012).\n\nAt the bottom of the page, there is a \"PHOTO CREDITS\" section that acknowledges the sources of images used throughout the document, listing credits for various stock photography providers and individual photographers.\n\n</summary>"
    },
    "19": {
      "summary": "<summary>\nThis page is the Executive Summary of a scientific assessment titled \"The Impacts of Climate Change on Human Health in the United States.\" It highlights the growing threat of climate change to human health and well-being in the U.S., emphasizing the role of the U.S. Global Change Research Program (USGCRP) in addressing this issue. The report aims to provide a comprehensive, evidence-based understanding of observed and projected climate-related health impacts, serving as a resource for public health officials, urban planners, disaster response teams, and other stakeholders. The assessment responds to the National Climate Assessment (NCA) process and aligns with the President's Climate Action Plan, fulfilling a mandate from the 1990 Congressional directive to study global change impacts.\n\nThe page lists the lead authors of the assessment, representing various federal agencies such as the U.S. Environmental Protection Agency, National Institutes of Health, Centers for Disease Control and Prevention, and others. This collaborative effort underscores the interdisciplinary nature of the research. A recommended citation is provided for academic and professional reference, along with a web link for further access to the full report.\n\n<image_summary>An image of a person walking along a waterfront path under a hazy sky is included, symbolizing the impact of climate change on outdoor environments and human health.</image_summary>\n\nThe footer indicates that the report is part of the U.S. Global Change Research Program, reinforcing its official and authoritative nature.\n</summary>"
    },
    "20": {
      "summary": "<summary>\nThis page is an executive summary focusing on the impacts of climate change on human health in the United States. It highlights that climate change poses a significant threat to public health due to rising greenhouse gas concentrations, leading to increased temperatures, altered precipitation patterns, more frequent extreme weather events, and rising sea levels. These changes affect food and water sources, air quality, weather conditions, and interactions with built and natural environments, exacerbating existing health threats and creating new challenges. Vulnerable populations, including low-income individuals, communities of color, immigrant groups, Indigenous peoples, children, pregnant women, older adults, and those with preexisting medical conditions, face disproportionate risks. Current and future climate impacts expose more people to public health threats such as elevated temperatures, degraded air quality, and disease transmission through vectors like ticks and mosquitoes. While some limited beneficial impacts may occur in specific regions, overall, the negative effects are expected to worsen, with heat-related deaths projected to increase more than cold-related deaths in most areas.\n\n<image_summary>The top image shows a city skyline during sunrise or sunset, with a person walking along a waterfront path, symbolizing urban life and the potential impacts of climate change on coastal cities. The bottom image depicts a person fishing, emphasizing the connection between climate change, aquatic habitats, and subsistence activities among Indigenous populations.</image_summary>\n</summary>"
    }
  }
}