{
  "doc_id": "fd76bbefe469561966e5387aa709c482.pdf",
  "pages": {
    "1": {
      "summary": "<summary>\nThis page is the introductory section of a paper titled \"On the Breccia-Gashes of the Durham Coast and Some Recent Earth-Shakes at Sunderland,\" authored by G. A. Lebour, M.A., F.G.S., Professor of Geology in the Durham College of Science, Newcastle-upon-Tyne. The paper focuses on the geological features of the Sunderland area, specifically the Permian Magnesian Limestone and its associated breccia formations. The town of Sunderland is built upon this limestone, which rests on a denuded surface of Coal-Measures, with yellow sands of the Permian occasionally intervening. The thickness of the Magnesian Limestone varies, being up to 600 feet at its maximum but reduced to between 300 and 400 feet at Sunderland due to the absence of its uppermost portion. The limestone exhibits a southerly dip, and its structure is best studied through the cliff sections north of the town, between the Wear and Tyne rivers. These cliffs display unusual rock formations, including breccias, which are angular fragments cemented together, indicating transport from a distance. The paper aims to highlight one of the most striking developments of the Magnesian Limestone in Marsden Bay, where numerous breccia masses are visible.\n\nThere are no tables, figures, or images on this page. The content is purely textual, providing background information and setting the stage for the detailed discussion of breccia-gashes and recent earth-shakes in subsequent sections.\n</summary>"
    },
    "2": {
      "summary": "<summary>\nThe page discusses the characteristics and formation of breccia-gashes in Magnesian Limestone cliffs. It explains that the sharp edges and rough fracture faces of the enclosed stones indicate minimal water wear, suggesting they were broken up locally or preserved by special conditions like ice or lava. However, in this case, neither ice nor lava played a role in forming the breccia. The fragments are composed of the same material as the surrounding solid rock—Magnesian Limestone—and are cemented together by a similar matrix, though the matrix is more amorphous than the fragmented pieces. Breccias are found filling fissures of varying widths between walls of bedded Magnesian Limestone, with some showing uniform breadth, while others taper at one or both ends. In some instances, the breccia transitions into semi-brecciated or undisturbed strata. The text mentions that the varieties of breccia-gashes are illustrated in Plate XII, Figs. 1–4, and the nature of the breccia itself is shown in Plate XIII, based on a photograph taken near Marsden Bay by Mr. W. G. Laws, jun., A.Sc. The term \"gash\" is defined as a fissure unaccompanied by dislocation, referencing N. Winch's work on the geology of Northumberland and Durham.\n\n<figure_summary>Plate XII, Figs. 1, 2, 3, and 4: These figures illustrate the various types of breccia-gashes observed in the Magnesian Limestone cliffs, showcasing their structural variations and patterns.</figure_summary>\n\n<figure_summary>Plate XIII: This figure provides a detailed depiction of the breccia itself, drawn from a photograph of a large gash near Marsden Bay, highlighting its composition and texture.</figure_summary>\n</summary>"
    },
    "3": {
      "summary": "<summary>\nThis page contains four diagrams illustrating various aspects of breccia gashes in cliffs, as referenced in Prof. Lebour's paper \"On the Breccia Gushes of Durham.\" The diagrams aim to visually represent different scenarios and processes related to breccia formations. The note at the bottom indicates that the cementing matter in the sketches is represented by diagonal shading.\n\n<figure_summary>Figure 1: This diagram illustrates a breccia gash in a cliff, showing the top denuded off and the bottom concealed by the beach. It depicts a vertical cross-section of the gash filled with breccia material.</figure_summary>\n\n<figure_summary>Figure 2: This diagram shows breccia gashes with the top denuded off but the bottom still visible in the cliff. It highlights multiple gashes converging into a larger one, emphasizing the distribution and connectivity of breccia formations.</figure_summary>\n\n<figure_summary>Figure 3: This diagram represents narrow breccia gashes, showcasing slender vertical channels filled with breccia material. It provides a detailed view of how these narrower gashes appear within the rock formation.</figure_summary>\n\n<figure_summary>Figure 4: This diagram illustrates the process of formation of a breccia gash, showing how the gash develops within the rock layers. It includes annotations indicating the movement or filling of material, providing insight into the geological processes involved.</figure_summary>\n\nThe page serves as a visual supplement to Prof. Lebour's paper, offering readers a clearer understanding of the structural and developmental characteristics of breccia gashes through these schematic representations.\n</summary>"
    },
    "4": {
      "summary": "<summary>\nThe page appears to be a blank or minimalistic page with only a few lines of text near the center. The text reads \"LIBRARY\" followed by \"(OF THE)\" and then \"UNIVERSITY OF ILLINOIS,\" indicating that this page might be part of a library or university-related document, possibly serving as a placeholder or a title page.\n\nThere are no visible tables, figures, charts, diagrams, or images on this page. The layout is simple, with the text centered and no additional graphical elements.\n\nThe overall impression is that this page serves as an introductory or organizational element rather than containing substantive content.\n</summary>"
    },
    "5": {
      "summary": "<summary>\nThis page is a plate from Volume XXXIII, specifically Plate XIII, intended to illustrate Prof. Lebour's paper titled \"On the Breccia Gashes of Durham.\" The page features a detailed black-and-white illustration depicting a geological cross-section or outcrop, showcasing the breccia gashes in question. The image highlights the layered and fragmented nature of the rock formations, with visible breaks and intermixed materials characteristic of breccia. The text at the top indicates its purpose as an illustrative aid for the scientific discussion in the referenced paper. The bottom of the page includes a citation for the Proceedings No. E1 of M&ME, dated 1883-84, along with the artist's name, J.P. Reid Norman.\n\n<image_summary>The central image is a detailed black-and-white illustration of a geological formation, likely a cross-section of a breccia gash. It shows layers of rock with visible fractures, fragments, and mixed materials, emphasizing the brecciated texture. The drawing style is precise, focusing on the natural patterns and structures within the rock.</image_summary>\n</summary>"
    },
    "6": {
      "summary": "<summary>\nThe provided page appears to be blank, with no visible text, tables, figures, or images. The only noticeable element is a faint watermark in the center that reads \"UNIVERSITY OF ILLINOIS,\" indicating the source or ownership of the document. Additionally, there is a small, partially visible line or mark near the bottom right corner, but its purpose or meaning is unclear. The page seems to serve as a placeholder or separator within the document.\n\nThere are no tables, figures, or images to summarize.\n\n<image_summary>A faint watermark reading \"UNIVERSITY OF ILLINOIS\" is centered on the page. A small, indistinct line or mark is located near the bottom right corner.</image_summary>\n</summary>"
    },
    "7": {
      "summary": "<summary>\nThe page discusses geological observations related to breccia-gashes and reports on earth disturbances in Sunderland, England, starting from December 1883. It describes the characteristics of breccia fragments, noting their angular shapes and varying sizes. The main focus shifts to the earth disturbances, which have been reported in local papers as \"earthquakes\" and \"shocks.\" These disturbances were primarily localized near the Tunstall Road neighborhood of Sunderland and exhibited linear patterns. The writer acknowledges contributions from several individuals, including Professor G. S. Brady, Mr. J. B. Atkinson, Mr. W. S. Harrison, Mr. C. L. Cummings, and Mr. G. Shaw, who provided detailed accounts of the phenomena. The disturbances caused sudden shaking of houses, rattling of crockery and windows, cracks in walls, and heaves of floors, often accompanied by loud noises and rumbles. Despite widespread effects, some nearby residents did not feel or notice anything. Mr. Chas. L. Cummings, who meticulously documented the events, has published a table providing further insights into the nature of these disturbances.\n\nThere are no tables, figures, or images present on this page.\n</summary>"
    },
    "8": {
      "summary": "<summary>\nThe page discusses seismic activity in the Tunstall Road area of Sunderland, focusing on a series of shocks recorded between December 1883 and April 1884. The primary content is a detailed table listing the dates, times, and effects of these shocks. The effects range from slight tremors to severe shaking, rattling of objects, and even alarming movements of the house walls. The text notes that the phenomena continued in a similar manner after the last recorded date, with no significant change in intensity. The observations are corroborated by numerous independent witnesses, and an anecdote is included about a lady who described the first notable shock on December 7th as resembling a specific event.\n\n<table_summary>\n**Table 1:** This table documents the shocks felt in the Tunstall Road locality. It includes columns for the month and date, day of the week, time, and the observed effects of each shock. The effects vary from \"slight shock\" to \"terrific thud,\" with descriptions of the severity and accompanying noises or movements.\n</table_summary>\n\n<image_summary>\nThere are no photographs, illustrations, or other images on this page. The content is entirely textual and tabular.\n</image_summary>\n</summary>"
    },
    "9": {
      "summary": "<summary>\nThe page discusses geological phenomena related to breccia-gashes in the Magnesian Limestone underlying Sunderland. It highlights the historical puzzle posed by these formations since their discovery in the Permian calcareous Breccia-gashes of Durham. The text references earlier works by geologists such as Winch (1814) and Sedgwick (1835), who noted the peculiarities of breccias but struggled to explain their origin. Sedgwick described the breccias as neither at the bottom nor top of the Magnesian Limestone formation, suggesting they were subordinate to it and formed due to violent, mechanical, and local forces. Sir Charles Lyell's observations from a visit to Marsden Bay in 1838 are also mentioned, noting the grand scenery and brecciated rock formations. The page concludes with a note on less definite evidence of shocks near Sunderland about eleven years ago, indicating a potential connection between geological activity and the breccia-gashes.\n\nThere are no tables, figures, or images on this page. The content is entirely textual, focusing on historical geological observations and theories regarding breccia-gashes.\n</summary>"
    },
    "10": {
      "summary": "<summary>\nThe page discusses the geological phenomenon of breccia-gashes, focusing on historical interpretations and theories regarding their formation. It begins by referencing Sir Charles Lyell's observations in his work \"Elements of Geology,\" where he describes the breccia-gashes as an aggregate of angular masses resembling broken-up and reconsolidated Magnesian Limestone. Lyell acknowledges the obscurity of the subject and notes his inability to form a conclusive opinion after studying the Marston rocks on the coast of Durham. In 1863, Messrs. Howse and Kirkby provided an explanation in their \"Synopsis,\" attributing the breccias to minor breaks affecting limestone, which they observed forming rubble or breccia dykes filled with angular blocks cemented by calcareous paste. They suggest that these features may have been caused by the filling of fissures and chasms with broken fragments of overlying strata, possibly due to earthquake action. Professor David Page, familiar with the Sunderland coast, also supported the earthquake theory. The text further explores local speculations linking the breccia-gashes to coal-mining activities, such as shot-firing, but concludes that more research is needed to clarify their origin.\n\nThere are no tables, figures, or images on this page. The content is purely textual, relying on references to historical works and geological observations to build its argument.\n</summary>"
    },
    "11": {
      "summary": "<summary>\nThe page discusses various theories regarding the cause of seismic-like shocks in a region near Monkwearmouth Colliery. Mr. Parrington, the manager of the colliery, ruled out underground blasting as a cause due to the depth of the workings and the absence of blasting activities at the time. Other theories, such as blasting operations in quarries, were also dismissed because the shocks occurred during non-working hours and on Sundays. The text argues against the idea that these were true earthquake shocks, citing their localized nature and deep-seated action. Another explanation proposed involves the withdrawal of water from cavities within the Magnesian Limestone, which could lead to the collapse of walls and ceilings, potentially causing the observed effects. The text notes that the Magnesian Limestone is known for its numerous cavities of varying sizes, some formed by the stone's natural \"uggy\" or cellular structure and others by mechanical and chemical processes. Evidence of ongoing cave formation along the shore supports this theory. Professor W. Boyd Dawkins' description of sea caves is referenced to further explain the characteristics of these formations.\n\nThere are no tables, figures, or images present on this page.\n</summary>"
    },
    "12": {
      "summary": "<summary>\nThe page discusses the formation and characteristics of sea-margin caves and the extensive gullies, gashes, and holes found in limestone formations. It emphasizes that while moving shingle and sand play a significant role in cave formation, the primary focus is on the countless internal features of the limestone body. These features result from the presence of soft, pulverulent earthy matter within hard and compact limestone, which can be easily removed by rainwater percolation, leading to the creation of caverns. The text highlights the dual action of mechanical removal and chemical dissolution by rainwater, noting that every thousand gallons of Sunderland water contains nearly one pound of lime and magnesia, indicating substantial rock loss. The page also mentions the enormous annual loss of stone in East Durham's Permian series, using examples such as the amount of Magnesian Limestone carried away by the Water Company and the water charged with lime and magnesia flowing into the sea. References to previous studies and data from 1879 provide context and support for the observations made.\n\nThere are no tables, figures, or images present on this page. The content is purely textual, focusing on geological processes and their effects on limestone formations.\n</summary>"
    },
    "13": {
      "summary": "<summary>\nThe page discusses the formation and characteristics of breccia-gashes in limestone, emphasizing the role of water percolation through gullets and fissures in the rock strata. It highlights how these gullets, which are often large and numerous, contribute to the erosion and enlargement of cavities within the limestone. The text provides examples, such as the Whitburn Colliery shaft incident in 1874, where significant amounts of water were pumped out, illustrating the scale and impact of these geological features. The conditions described include a hard but porous limestone mass that is continually eroded by water, leading to the collapse of cavernous sections and the deposition of angular debris. These collapses can occur naturally or be accelerated by water removal, resulting in violent concussions. The author concludes that accepting natural stone-falls as an explanation for earth-shocks in Sunderland is consistent with observed facts, citing references to support the discussion.\n\nThere are no tables, figures, or images on this page. The content relies solely on textual explanations and cited sources to convey its arguments.\n</summary>"
    },
    "14": {
      "summary": "<summary>\nThis page discusses the geological phenomenon of Breccia-gashes along the coast, focusing on their characteristics and formation processes. The text explains that these gashes are distinct from sea-caves due to their gullet-shaped and tapering forms, filled with breccia cemented by specific materials. It highlights the presence of half-broken beds bridging fissures and unbroken beds above and below them, arguing that these features indicate frequent rock collapses rather than earthquakes. The discussion includes insights from various individuals: Mr. C. L. Cummings notes the infrequency of shocks since a past event, Mr. R. Fonster questions whether water flow affects the gashes' growth, Professor Mexivale seeks further explanation, Mr. John Daglish describes encountering large fissures during limestone mining at Marsden, and Mr. Parrington regrets the absence of Sunderland Water Company officials to discuss water level variations.\n\nThe page contains no tables, figures, or images. The focus is entirely on textual descriptions and discussions among experts regarding the Breccia-gashes and related geological observations.\n</summary>"
    },
    "15": {
      "summary": "<summary>\nThe page discusses a discussion on breccia-gashes, focusing on the potential causes of shocks experienced in the vicinity of Humbleton Hill. Mr. Parrington presents a theory attributing these shocks to water blasts in gullets, similar to the explanation provided by Mr. Daglish. He supports this theory by referencing a conversation with Professor Warington Smyth, who noted that air pent up in small water pipes can cause significant noises and shocks, suggesting that larger spaces like fissures could amplify such effects. The text mentions a specific case near Mr. Cummings' residence, where limestone formations and fluctuating water levels (about 14 fathoms between night and morning) might contribute to the phenomenon. The President questions whether the water blasts occur due to daily fluctuations in water level, to which Mr. Parrington responds affirmatively, explaining that the Company's pumping activities lower the water level by 12 to 14 fathoms during the day. Further discussion revolves around the formation of water blasts by gases gathered over time and the rapid release of pent-up air when water rises quickly, causing loud noises. Mr. R. Forster notes a lack of data regarding water level changes at the Sunderland Water Company's pumping station but references an extract from a paper by John Daglish, detailing the sinking of two shafts at Marsden, which provides context on gullet dimensions and concrete filling practices.\n\nThere are no tables, figures, or images present on this page. The content is purely textual, consisting of dialogue and explanations related to geological and engineering phenomena.\n</summary>"
    },
    "16": {
      "summary": "<summary>\nThis page discusses a scientific discussion regarding \"Breccia-Gashes,\" focusing on geological phenomena such as water levels in limestone formations and their impact on earth-shakes. Mr. Parrington highlights the disappearance of small streams in limestone during summer, citing an example between Fulwell and Monkwearmouth where a stream vanishes into the limestone and sometimes reappears nearby. Mr. Daglish notes a similar phenomenon at Castle Eden and Seaham. The President confirms that this is common in mountain limestone. Mr. Markham asks Professor Lebour about the increased likelihood of future earth-shakes, to which Professor Lebour responds by explaining how lowering water levels weakens the support of walls in gullets, increasing the risk of collapse. He also mentions the potential role of Water Company pumping in causing water level fluctuations. Professor Merivale questions why Breccia-gashes are emphasized, and Professor Lebour explains that they act as water channels, contributing to the formation of an underground river system.\n\nThere are no tables, figures, or images on this page. The content is purely textual, consisting of a transcript-like discussion among various speakers.\n</summary>"
    },
    "17": {
      "summary": "<summary>\nThis page is part of a discussion section titled \"DISCUSSION—BRECCIA-GASHES.\" It contains a dialogue among several individuals, including Mr. Parrington, Professor Lebour, Mr. Forster, and the President, focusing on geological and hydrological phenomena, specifically the behavior of water systems and their impact on earth-shakes in Sunderland. The conversation revolves around theories regarding water levels, mining activities, and their potential effects on underground water flow and stability. Mr. Parrington references De Rance's work, noting that significant amounts of water can be pumped without altering the permanent water level, while Mr. Forster suggests that lowering the water head could lead to more frequent Breccia-gashes. The President acknowledges the importance of gathering current information on this subject and proposes a vote of thanks to Professor Lebour. The page concludes with Mr. M. Walton Brown introducing a paper on observing earth-shakes or tremors to predict sudden outbursts of fire-damp.\n\nThere are no tables, figures, or images present on this page. The content is purely textual, consisting of a detailed discussion and references to scientific observations and theories.\n</summary>"
    }
  }
}