{
  "doc_id": "germanwingsdigitalcrisisanalysis-150403064828-conversion-gate01_95.pdf",
  "pages": {
    "1": {
      "summary": "<summary>\nThis page serves as the title slide for a digital crisis analysis report titled \"Germanwings 9525: The First 6 Hours.\" The report focuses on the initial response and media coverage surrounding the Germanwings Flight 9525 crash that occurred on March 24, 2015. The authors of the report are Brendan Hodgson and Ahmed Alshariqi, and it was published on March 25, 2015. The report is associated with Hill+Knowlton Strategies, a global communications firm specializing in crisis management and public relations.\n\n<image_summary>The background image features a close-up view of a Germanwings aircraft, emphasizing the airline's branding and the context of the crisis. The image conveys a sense of urgency and gravity, aligning with the theme of the report.</image_summary>\n\nThe overall design is professional and somber, reflecting the serious nature of the subject matter. The layout is clean, with the title and author information clearly displayed alongside the date of publication.\n</summary>"
    },
    "2": {
      "summary": "<summary>\nThis page provides a concise overview of the Germanwings Flight 4U9525 incident, highlighting key facts about the crash. The bullet points detail the date of the incident (24th of March 2015), the flight number (Germanwings 4U9525), the location of the crash (Massif des Trois-Évêchés), the estimated time of the crash (10:45 CET), the number of fatalities (150), and the type of aircraft involved (Airbus A320).\n\n<image_summary>The top right image shows debris from the crashed aircraft scattered across a rugged, mountainous terrain, emphasizing the severity of the crash site. The bottom right image displays an intact Airbus A320 on a runway, representing the model of the aircraft involved in the incident.</image_summary>\n</summary>"
    },
    "3": {
      "summary": "<summary>\nThis page provides quick facts about the Germanwings Flight 4U9525 crash, focusing on analysis parameters related to the incident. The analysis covers the first 6 hours following the crash, which occurred on 24 May 2015, specifically between approximately 11:00 and 17:00 CET. It is supplemented by a 24-hour refresh conducted at 11 AM CET on 25 May 2015. The document notes that timestamps included are estimates only and emphasizes that this analysis is not intended as a critique of the response efforts of any involved party.\n\n<image_summary>The right side of the page features an image showing two individuals in uniform standing outdoors near a helicopter. In the background, there is a mountainous landscape with snow-covered peaks, suggesting a remote or high-altitude location, likely related to the crash site.</image_summary>\n</summary>"
    },
    "4": {
      "summary": "<summary>\nThe page titled \"KEY FINDINGS/CONCLUSIONS\" discusses the role of social platforms in crisis communication, drawing lessons from past aviation incidents such as the Costa Concordia (2012), Asiana Airlines crash at SFO (2013), and the Germanwings disaster. It emphasizes the importance of social media as backups to corporate websites during crises, highlighting how the failure of the Germanwings website initially underscored this need. Unlike the Asiana Airlines incident, where citizen-generated visuals dominated early coverage, the lack of visuals in the Germanwings case quickly shifted the narrative to being media-driven. The actions of Germanwings, Lufthansa, and Airbus in adapting their websites and social platforms demonstrate the necessity of having clear protocols for coordinated brand management during crises. The decision by Lufthansa not to update its corporate website raises questions about the responsibilities of parent companies in supporting affected brands during crises. Additionally, the integration of social media outputs into real-time media stories underscores the potential of these channels to amplify corporate messages. Finally, the page reiterates the power of visuals in amplifying social media during crises and provides links for further analysis of similar incidents.\n\nThere are no tables, figures, or images on this page. The content is purely textual, focusing on key findings and conclusions drawn from historical crisis scenarios.\n</summary>"
    },
    "5": {
      "summary": "<summary>\nThe page features a bold and minimalist design centered around a large red circle against a dark background. The word \"ANALYSIS\" is prominently displayed in white uppercase letters at the top of the red circle, indicating the theme or focus of the content. Below the title, two names, \"BRENDAN HODGSON\" and \"AHMED ALSHARIQI,\" are listed, suggesting they are the authors or contributors associated with this analysis.\n\n<image_summary>The image consists of a striking visual element: a red circular shape with a dotted line horizontally dividing it. The contrast between the bright red circle and the dark background draws attention to the central content, which includes the title and author names.</image_summary>\n</summary>"
    },
    "6": {
      "summary": "<summary>\nThe page titled \"GERMANWINGS ACTIVITY\" provides an overview of Germanwings' response to an incident within the first 60 minutes. Key points include:\n- Germanwings issued its first tweet acknowledging the incident and updated its Facebook page.\n- Simultaneously, the Germanwings website crashed and remained inaccessible for approximately 2 hours.\n- There was no change to brand colors or logo on social platforms during this time.\n\nThe page includes screenshots of social media posts and the Germanwings website:\n- **Twitter**: Several tweets from Germanwings (@Germanwings) are shown, indicating updates about monitoring the situation and providing periodic updates. One tweet states, \"As soon as definite information is available, we shall inform the media immediately.\"\n- **Website**: A screenshot of the Germanwings.com site is provided, showing a message stating, \"We have recently become aware of media reports speculating on an incident though we still do not have any own confirmed information.\" It directs users to visit the company's website for updates.\n- **Facebook**: A post from Germanwings on Facebook mirrors the message on the website, emphasizing the lack of confirmed information and directing users to the website for updates.\n\nThis summary highlights the initial communication strategy of Germanwings in response to media speculation about an incident.\n\n<image_summary>Screenshot of Germanwings' Twitter feed, showing multiple tweets addressing the incident.</image_summary>\n\n<image_summary>Screenshot of the Germanwings website, displaying a message about media speculation and directing users to the website for updates.</image_summary>\n\n<image_summary>Screenshot of Germanwings' Facebook post, mirroring the website message about the lack of confirmed information.</image_summary>\n</summary>"
    },
    "7": {
      "summary": "<summary>\nThe page discusses the initial response by Lufthansa and Airbus following an aviation incident involving flight 4U 9525. It highlights that within the first 90 minutes after the crash, both companies acknowledged the incident via their official Twitter accounts. The section emphasizes the swift communication efforts by Lufthansa and Airbus, showcasing their public statements and expressions of sympathy for those affected.\n\n<image_summary>The left side of the page displays screenshots of tweets from Lufthansa's Twitter account. These tweets include acknowledgments of the incident, expressions of hope for survivors, and condolences to the families and friends of passengers and crew. One tweet also references a separate topic unrelated to the incident (#LiveBilbao).</image_summary>\n\n<image_summary>The right side of the page shows screenshots of tweets from Airbus's Twitter account. These tweets convey awareness of the media reports, a commitment to providing further information as soon as possible, and a separate congratulatory message to FlyRwandaAir for selecting the A330 aircraft.</image_summary>\n\nOverall, the page underscores the importance of timely communication during crises and provides examples of how major airlines and manufacturers respond to such incidents through social media platforms like Twitter.\n</summary>"
    },
    "8": {
      "summary": "<summary>\nThe page discusses brand crisis management strategies, specifically focusing on how Germanwings and its parent company, Lufthansa, responded to a crisis within the first 120 minutes. Key actions included recoloring their logos to black and white on social media platforms like Twitter and Facebook. This swift response aimed to convey a sense of seriousness and respect during the crisis.\n\n<image_summary>The top right section of the page features a screenshot of the Germanwings Facebook page, showing the logo in black and white, along with typical Facebook interface elements such as the number of likes, posts, and options to share or comment.</image_summary>\n\n<image_summary>The bottom right section displays a screenshot of the Lufthansa Facebook page, also featuring a black-and-white logo. The page layout includes standard Facebook navigation tabs like Timeline, About, Photos, Likes, and More, indicating a consistent branding approach across platforms.</image_summary>\n</summary>"
    },
    "9": {
      "summary": "<summary>\nThe page discusses the digital activity of Germanwings in response to a crisis, focusing on the first 180 minutes after an incident. Key points include:\n- The Germanwings website remained inaccessible during this period.\n- Twitter and Facebook became the only available channels for digital communication with Germanwings.\n- The page includes screenshots of the Germanwings website and Twitter account, highlighting the company's initial response and updates regarding the situation.\n\n<image_summary>The top right section shows a screenshot of the Germanwings.com site, which displays an error message indicating that the requested page was not found. This suggests the unavailability of the website.</image_summary>\n\n<image_summary>The bottom section features a screenshot of the Germanwings Twitter account, showing tweets related to the incident. The tweets express concern, provide updates, and direct users to monitor the website for further information. Notable tweets include messages from Lufthansa expressing sympathy and uncertainty about the situation.</image_summary>\n</summary>"
    },
    "10": {
      "summary": "<summary>\nThe page titled \"GERMANWINGS ACTIVITY\" discusses the initial response and activity of Germanwings in the aftermath of an incident, focusing on the first 180 minutes. Key points include:\n- Germanwings was struggling to reactivate its website during this period.\n- At one point, the original site with full marketing content appeared, which contradicted the somber tone of its social media platforms.\n\nThe page includes two screenshots:\n- The first screenshot shows the Germanwings.com website displaying a flight booking interface for a trip to Bangkok (Don Mueang) priced at €199.99. This highlights the contrast between the operational appearance of the website and the expected somber tone following the incident.\n- The second screenshot captures tweets from the Germanwings Twitter account, where they express concern about the situation and request users to monitor their website for updates. The tweets also show interactions with other accounts, such as Lufthansa, reflecting the broader impact of the event.\n\nThese visual elements provide insight into the company's communication strategy and the challenges faced in maintaining consistent messaging across different platforms during a crisis.\n\n<image_summary>The first image is a screenshot of the Germanwings.com website, showing a flight booking page for a trip to Bangkok (Don Mueang). The price is prominently displayed as €199.99, and the design includes a scenic background image of a temple.</image_summary>\n\n<image_summary>The second image is a screenshot of the Germanwings Twitter account, displaying tweets related to the incident. The tweets convey concern and request users to monitor the website for updates. The timeline includes interactions with other accounts, such as Lufthansa, highlighting the broader context of the situation.</image_summary>\n</summary>"
    },
    "11": {
      "summary": "<summary>\nThe page discusses the immediate responses of Airbus and Lufthansa following a significant event, focusing on their activities within the first 180 minutes. Key points include:\n- **Airbus** quickly removed brand and marketing images from its corporate website.\n- In contrast, **Lufthansa**, despite being the parent company of Germanwings, made no changes to its corporate website during this period.\n\nThe page includes screenshots of both websites to illustrate these actions:\n- **Airbus.com site**: A screenshot shows the Airbus homepage with a clean interface, indicating the removal of branding and marketing images.\n- **Lufthansa.com site**: A screenshot displays a promotional offer titled \"Spring out of winter\" with extra tickets to Europe, priced at €119, highlighting that no changes were made to the website's content.\n\nThis comparison underscores the differing approaches taken by the two companies in response to the situation.\n\n<image_summary>Screenshot of Airbus.com site: The image shows the Airbus homepage with a minimalistic design, devoid of any prominent branding or marketing imagery.</image_summary>\n\n<image_summary>Screenshot of Lufthansa.com site: The image showcases a promotional advertisement for spring travel to Europe, featuring a scenic background and pricing details, indicating no changes to the website's content.</image_summary>\n</summary>"
    },
    "12": {
      "summary": "<summary>\nThe page discusses the timeline and response of Germanwings following a tragic incident involving one of its flights. It highlights key activities and updates provided by Germanwings.com at various stages after the event. Within the first four hours, Germanwings.com began to stabilize, and by the fifth hour, the crisis site was fully operational. The page includes excerpts from Germanwings.com updates at different time intervals, detailing the company's communication strategy and the impact on its operations.\n\nThe left section of the page provides a summary of the timeline:\n- **Within the first 4 hours**: Germanwings.com started stabilizing.\n- **By the fifth hour**: The crisis site was in place.\n- **Hour 12+**: Updates included information about flight disruptions due to the incident and a terminal change at London Heathrow Airport (LHR).\n\nThe right section contains excerpts from Germanwings.com updates at specific hours:\n- **Hour 3**: A statement acknowledging media reports of an incident but emphasizing that no confirmed information was available. It directs readers to the company's website for updates.\n- **Hour 4.5**: A formal announcement confirming the accident of Germanwings Flight 4U 9525, which was operating an Airbus A320 aircraft carrying 144 passengers and six crew members over the French Alps. The update also mentions the establishment of a telephone hotline for families and expresses condolences.\n\nThe page includes screenshots of the Germanwings.com website, showing sections such as \"Current Information,\" \"Recent Information,\" and \"Terminal Change at London Heathrow Airport (LHR).\" These sections provide detailed updates, including the confirmation of the accident and the measures taken by the airline.\n\n<image_summary>The left screenshot shows a portion of the Germanwings.com website with updates related to the incident, including flight disruptions and terminal changes. The right screenshot displays another part of the website, focusing on the official announcement of the accident and the hotline information.</image_summary>\n\nOverall, the page emphasizes the importance of timely and transparent communication during a crisis, showcasing how Germanwings managed to stabilize its online presence and provide updates to stakeholders and the public.\n</summary>"
    },
    "13": {
      "summary": "<summary>\nThe page titled \"LUFTHANSA ACTIVITY\" outlines the timeline and actions taken by Lufthansa in response to an incident involving Germanwings Flight 4U 9525. The key points include:\n- Within the first 4 hours, Lufthansa updates its corporate homepage with a statement confirming the incident while assuring no system failures.\n- Statements are updated throughout the day to provide ongoing information.\n- Within 24 hours, the corporate site resumes full activity with a clear banner providing detailed information about the incident.\n\nThe page includes screenshots of the Lufthansa website at different times:\n- **Hour 3**: A screenshot shows the initial update on the homepage, highlighting mobile check-in options and general services like flight booking and travel insurance. The layout is clean, with quick links and promotional offers visible.\n- **Hour 24**: A more detailed announcement is displayed, stating regret over the accident and offering further information for passengers and families.\n- **Hour 4.5**: The website has fully resumed normal activity, with the incident banner prominently featured at the top, alongside regular services and promotions.\n\n<image_summary>The screenshots illustrate the evolution of the Lufthansa website's response to the incident, showing how the company maintained transparency and provided support to affected parties.</image_summary>\n\nThis summary captures the structured communication strategy employed by Lufthansa to address the crisis effectively.\n</summary>"
    },
    "14": {
      "summary": "<summary>\nThe page discusses Airbus' response strategy following an incident involving one of its aircraft. It highlights key actions taken by Airbus.com within the first few hours after the event. Initially, within the first 4 hours, Airbus.com incorporates a pop-up notification acknowledging the incident. This pop-up is adapted over time, and within 5 hours, it includes links to Airbus' official statement regarding the incident. The page also showcases screenshots of the Airbus website at different times (Hour 3 and Hour 5+), illustrating how the information evolves. The Hour 3 screenshot displays a general navigation bar and a placeholder for news updates, while the Hour 5+ screenshot provides a detailed statement about the incident, including technical details about the aircraft involved and Airbus' commitment to supporting the investigation.\n\n<image_summary>Screenshot of Airbus.com (Hour 3): This image shows the Airbus website's homepage with a navigation bar and a placeholder section for news updates, indicating the initial phase of response.</image_summary>\n\n<image_summary>Screenshot of Airbus.com (Hour 5+): This image presents a detailed statement about the incident, providing specifics such as the aircraft model, registration number, flight history, and Airbus' support for the investigation. It also expresses condolences to those affected.</image_summary>\n\n<image_summary>Screenshot of Airbus.com (Hour 3): This image shows a pop-up message on the Airbus website acknowledging the incident and directing users to further information.</image_summary>\n</summary>"
    },
    "15": {
      "summary": "<summary>\nThe page discusses airport activity in response to an unspecified crisis. It highlights two key airports: Düsseldorf Airport and Barcelona's El Prat Airport. For Düsseldorf Airport, it is unclear whether the site experienced a failure, was intentionally disabled, or was moved to a dark site; however, the site remains in a minimal state 24 hours later. Barcelona's El Prat Airport made minor modifications to its website, directing visitors to specific media and local authorities responsible for managing the crisis.\n\n<image_summary>The left section of the page includes screenshots of the Barcelona El Prat Airport website. The top part shows the airport's logo and name, while the bottom part displays the homepage with navigation links such as \"Flights,\" \"Parking,\" \"Hotels,\" and \"Airport Info.\" There is also a notice about the Germanwings flight incident, providing contact information for various authorities.</image_summary>\n\n<image_summary>The right section of the page features screenshots of the Düsseldorf Airport website. The top part shows the airport's logo (\"DUS\") and a message indicating that the website is currently unavailable due to a flight accident. Below this, there is a list of emergency hotlines and important information for passengers and relatives.</image_summary>\n</summary>"
    },
    "16": {
      "summary": "<summary>\nThe page titled \"CORPORATE ACTIVITY BY THE NUMBERS\" discusses the digital activity of three companies—Germanwings, Lufthansa, and Airbus—following a significant event, likely an aviation incident. During the first 24 hours, Germanwings focused its digital activity primarily on Twitter, posting in both English (10 tweets) and German (14 tweets). Both Germanwings and Lufthansa experienced significant spikes in followers on Twitter due to the crash. Airbus had minimal activity, posting only 5 tweets.\n\n<table_summary>\nTable 1: This table lists the number of tweets posted by each company during the first 24 hours. Germanwings posted 24 tweets, Lufthansa posted 12 tweets, and Airbus posted 5 tweets.\n</table_summary>\n\n<figure_summary>\nFigure 1: Three line graphs depict the follower growth on Twitter for Germanwings, Airbus, and Lufthansa over time. Germanwings saw a dramatic increase in followers, reaching approximately 30,000 by March 25. Lufthansa also experienced a substantial spike, reaching around 21,000 followers by the same date. Airbus showed a more modest increase, peaking at about 13,000 followers.\n</figure_summary>\n</summary>"
    },
    "17": {
      "summary": "<summary>\nThe page titled \"CORPORATE ACTIVITY BY THE NUMBERS\" focuses on the financial impacts of a significant incident involving Lufthansa and Airbus. It highlights that almost immediately after the first reports of the incident, the share prices of both companies experienced a sharp decline. However, trading stabilized within approximately 2 hours following the crash.\n\n<figure_summary>Figure 1: This line chart represents the stock price movement of Airbus (AIR FP). The graph shows a noticeable dip in the stock price shortly after the incident, followed by stabilization within a short period.</figure_summary>\n\n<figure_summary>Figure 2: This line chart illustrates the stock price movement of Lufthansa (LHA GR). Similar to Airbus, the graph depicts a significant drop in the stock price post-incident, with subsequent stabilization over time.</figure_summary>\n\nBoth figures provide visual evidence of the immediate market reaction to the incident, emphasizing the volatility and subsequent recovery in the stock prices of the affected companies.\n</summary>"
    },
    "18": {
      "summary": "<summary>\nThe page titled \"MEDIA / SOCIAL ACTIVITY BY THE NUMBERS\" focuses on the social media response to a significant incident involving Germanwings flight #4U9525. The section highlights Twitter activity, noting that one of the first tweets about the incident was posted by Flightradar, a trusted flight-tracking website. Key points include:\n- Within the first 90 minutes, the tweet was retweeted over 2,000 times.\n- Within the first 60 minutes, \"#Germanwings\" became the top trending topic on Twitter.\n- According to Sysomos, more than 60,000 Tweets referenced \"#Germanwings\" in the first 60 minutes.\n\nA statistic box indicates that there were **61,546 total mentions**, with **99% coming from Twitter** and only **18 blogs** contributing to the discussion.\n\n<figure_summary>Figure 1: A screenshot of a tweet from Flightradar24 showing the loss of contact with Germanwings flight #4U9525 at 6,800 feet. The tweet includes a map illustrating the flight path before it disappeared.</figure_summary>\n\n<figure_summary>Figure 2: A snapshot of the Twitter trends page, highlighting \"#Germanwings\" as the top trending topic, along with related hashtags and keywords such as \"#OMELCOI_167,\" \"#ArianaGrandeManila,\" and others.</figure_summary>\n</summary>"
    },
    "19": {
      "summary": "<summary>\nThe page titled \"MEDIA / SOCIAL ACTIVITY BY THE NUMBERS\" discusses the rapid spread of social media activity following a significant incident involving Germanwings. Within six hours of the event, nearly 500,000 tweets globally referenced the hashtag #Germanwings. Initially, the tweets were filled with expressions of condolences and news sharing, but they quickly shifted toward capturing images related to the crash site. A tweet by John Walton (@thatjohn) is highlighted, which includes a screenshot from Sky's @planefinder showing conditions near the crash site of flight #4U9525.\n\n<figure_summary>Figure 1: A line graph titled \"Number of Tweets\" illustrates the exponential increase in tweet volume over time, starting at 60,860 tweets at 12:23 CET and reaching 496,753 tweets by 16:56 CET. The x-axis represents time in CET, while the y-axis shows the number of tweets.</figure_summary>\n\n<image_summary>An image embedded in a tweet by John Walton shows a snowy mountainous region, presumably near the crash site of flight #4U9525. The tweet includes a caption referencing the @planefinder service from Sky.</image_summary>\n</summary>"
    },
    "20": {
      "summary": "<summary>\nThe page discusses trends and behaviors related to misinformation and uncertainty following an aviation incident. It highlights how the remoteness of the event and lack of immediate visuals led to the circulation of fake images and videos online. Additionally, early Twitter reports raised questions about whether a distress call was made by the pilots. A spokesperson for the airline acknowledges contradictory reports regarding the distress call, indicating uncertainty among air traffic controllers.\n\n<image_summary>The left image shows a tweet from \"Storyful\" debunking a photo shared as an A320 crash site, revealing it actually depicts an incident in Turkey in 2007. This illustrates the spread of misinformation.</image_summary>\n\n<image_summary>The right image shows a trending topic on BBC Trending about fake Germanwings pictures circulating online, accompanied by a video thumbnail of an Airbus plane crash in Southern France, sourced from Reuters. This further emphasizes the dissemination of false information during the incident.</image_summary>\n\n<text_quote_summary>A quote from the airline's spokesperson is included, stating: \"We have contradictory information about that ourselves, from the air traffic controllers, and we are uncertain as to whether a distress call was issued at all.\" This underscores the confusion and conflicting reports surrounding the incident.</text_quote_summary>\n</summary>"
    },
    "21": {
      "summary": "<summary>\nThe page discusses trends and behaviors in media reporting during crises or major news events. It highlights the increasing reliance on live news feeds, tools like Storify, and third-party sources, including eye-witness tweets, to supplement traditional reporting. This approach allows media outlets to gather diverse comments and reactions from decision-makers, executives, witnesses, and experts. The implications of this trend emphasize the growing importance of social channels in driving media coverage and presence during breaking news stories, though these must be carefully balanced and applied.\n\n<image_summary>The page includes two screenshots of tweets from notable sources. The first screenshot is from \"The Guardian,\" showing a tweet by aviation journalist John Walton (@thatjohn) reporting on the last words from a cockpit during an incident. The tweet includes details about a 1047 call and mentions DGAC source information. The second screenshot is from BBC, displaying a tweet from Germanwings (@Germanwings), addressing speculation about an incident while stating they do not have confirmed information and will inform the media immediately upon availability.</image_summary>\n</summary>"
    },
    "22": {
      "summary": "<summary>\nThe page discusses trends and behaviors related to political leaders' responses to an incident, focusing on the speed and methods of communication. Key points include:\n- Political leaders reacted quickly within 90 minutes, despite limited immediate information.\n- François Hollande was the first world leader to comment on the incident.\n- While French Civil Aviation Authorities were active through traditional non-digital channels, their social media presence was initially limited. Their first tweet came approximately 6 hours after the incident at 17:31 CET.\n\n<figure_summary>Figure 1: Screenshot of François Hollande's Twitter account showing his response to the incident. The tweet expresses solidarity with Tunisia and mentions the terrorist nature of the event.</figure_summary>\n\n<figure_summary>Figure 2: Screenshot of the DGAC (Direction Générale de l'Aviation Civile) Twitter account, highlighting their delayed social media activity. The tweet provides official information about the aviation incident.</figure_summary>\n\nThe page emphasizes the contrast between rapid political reactions and the slower initial response by official aviation authorities on social media platforms.\n</summary>"
    },
    "23": {
      "summary": "<summary>\nThe page titled \"TRENDS AND BEHAVIOURS\" discusses the impact of visual content on social amplification during a crisis event. It highlights two key points: first, the significant increase in social engagement occurred only after helicopters reached the crash site and provided visual evidence, which added momentum to the story's spread. Second, the emerging images related to the loss of German exchange students were equally impactful, resonating deeply with audiences.\n\n<image_summary>The left side of the page features two photographs. The top image shows a group of people gathered near a vehicle, possibly indicating a scene of support or mourning. The bottom image depicts a group of young individuals posing together indoors, likely representing the German exchange students mentioned in the text.</image_summary>\n\n<image_summary>The right side of the page displays a collage of multiple images, including aerial views of the crash site, close-ups of debris, and text overlays such as \"FIRST SCENES FROM CRASH SITE.\" These images collectively illustrate the visual documentation of the incident and its aftermath.</image_summary>\n\nOverall, the page emphasizes how visual content plays a crucial role in amplifying public awareness and emotional engagement during tragic events.\n</summary>"
    }
  }
}