{
  "doc_id": "GPL-Graduate-Studies-Professional-Learning-Brochure-Jul-2021.pdf",
  "pages": {
    "1": {
      "summary": "<summary>\nThis page serves as a cover or title page for a document related to \"Graduate Studies & Professional Learning\" at the National Institute of Education Singapore (NIE), which is an institute of Nanyang Technological University (NTU) Singapore. The design features a bold, eye-catching layout with a blue background adorned with diagonal white lines, giving it a modern and dynamic appearance. The text \"GRADUATE STUDIES & PROFESSIONAL LEARNING\" is prominently displayed in large, colorful letters, with \"GRADUATE\" and \"PROFESSIONAL\" in yellow, and \"STUDIES\" and \"LEARNING\" in white. The \"&\" symbol is styled in light blue, adding a touch of contrast. At the top left corner, the NIE logo is visible, while the NTU logo is positioned to the right, indicating the affiliation between the two institutions.\n\n<image_summary>The page includes logos for both NIE and NTU, representing their partnership. The NIE logo features a stylized bird in flight, symbolizing growth and education, while the NTU logo incorporates a lion and a shield, reflecting strength and academic excellence.</image_summary>\n</summary>"
    },
    "2": {
      "summary": "<summary>\nThe page introduces the National Institute of Education (NIE), highlighting its vision and mission. The **VISION** is described as \"An Institute of Distinction: Leading the Future of Education,\" while the **MISSION** focuses on \"Inspiring Learning, Transforming Teaching, Advancing Research.\" The **DEAN'S MESSAGE** emphasizes NIE's role as a leading teacher preparation institution in Singapore, established in 1950 as the Teachers' Training College. It highlights NIE's reputation for evidence-informed graduate, executive leadership, and professional development programs delivered through the Office of Graduate Studies and Professional Learning (GPL). The message also underscores the faculty's passion for teaching and learning, aiming to培养 thought leaders, skilled teachers, disciplinary experts, and researchers who can drive change in their fields. The Dean, Associate Professor Ang Keng Cheng, extends an invitation to join one of NIE's programs as part of a lifelong learning journey.\n\n<image_summary>The background image shows the exterior of a modern building with the NIE logo prominently displayed, surrounded by greenery, symbolizing the institute's commitment to education and growth.</image_summary>\n\n<image_summary>A red sidebar on the left side of the page lists the contents of the document, including sections such as \"Dean's Message,\" \"Why NIE?,\" \"Graduate Programmes,\" \"Leadership Programmes,\" and \"Professional Development Programmes and Courses.\"</image_summary>\n</summary>"
    },
    "3": {
      "summary": "<summary>\nThe page discusses the reasons why one should consider Nanyang Technological University's NIE (National Institute of Education) for education and professional development. It highlights NIE's status as a top-ranked institution globally and in Asia, its commitment to teacher education and research, and its extensive network of global partnerships.\n\nThe section titled \"Top Education Institute\" emphasizes NIE's consistent ranking among the world's top 20 education institutions and top 3 in Asia according to QS rankings. It underscores NIE's role as the heart of Singapore's teacher education and research.\n\nUnder \"Teaching Talents,\" the page describes NIE's dedication to providing quality education for educators at various stages of their careers, from initial preparation to professional development. It also mentions the faculty's achievements, including awards, accolades, and international recognitions.\n\nThe page further explains how NIE invites distinguished professors from renowned universities worldwide to share knowledge and collaborate on projects, enhancing the institute's academic rigor and depth.\n\nIn the \"Global Partnerships\" section, NIE's efforts to broaden its reach through strategic collaborations with top educational institutions globally are detailed. These partnerships facilitate research, staff and student exchanges, and joint programs, keeping NIE updated on global educational developments.\n\nLastly, the page notes NIE's membership in the International Network of Educational Institutions (INEI), which aims to enhance education quality internationally by serving as a think-tank for generating ideas, identifying trends, and influencing educational policy and practice.\n\n<image_summary>The image shows three individuals standing on a balcony-like structure inside a modern building, engaged in conversation. This visual element reinforces the collaborative and interactive nature of learning and teaching at NIE.</image_summary>\n</summary>"
    },
    "4": {
      "summary": "<summary>\nThe page highlights two main sections: \"Research Excellence\" and \"Graduate Research and Academic Development (GRAD) Centre.\" The first section emphasizes NIE's commitment to research excellence in teacher education and education research, aiming to become a world-class institute. It lists several research centers and labs, including CARE, MLL, MERL, PSAC, and meriSTEM, where researchers can engage in cutting-edge studies and pedagogy courses.\n\nThe second section introduces the GRAD Centre, which supports NIE graduate students in developing effective writing skills in their specializations. It offers training in writing and professional presentation, providing feedback and guidance through English language consultants and trained PhD student tutors. The centre aims to foster an environment where students can enhance their academic writing, conference presentation, and statistical analysis skills.\n\n<image_summary>The top right image shows a classroom setting with students seated at desks, attentively listening to a presentation displayed on a screen. This illustrates the collaborative and educational atmosphere at NIE.</image_summary>\n\n<image_summary>The bottom left image depicts three individuals engaged in a discussion while using a tablet, surrounded by books. This image symbolizes the collaborative learning and research environment supported by NIE.</image_summary>\n</summary>"
    },
    "5": {
      "summary": "<summary>\nThis page provides an overview of the graduate programmes offered by NIE, focusing on Masters and Doctoral programmes. It highlights the variety of specializations available under coursework and research-based tracks, emphasizing the flexibility in duration and mode of study. The page is divided into sections detailing disciplinary content, education domains, professional practice, and doctoral programmes.\n\n<table_summary>\nThe table on the right side of the page, titled \"DURATION AND MODE OF STUDY,\" lists various graduate programmes along with their corresponding durations and modes of study. It categorizes programmes into full-time and part-time options, specifying whether they are assessed by coursework alone or by coursework with a dissertation. For example, the MA (Applied Linguistics) programme has a duration of 1-2 years for full-time students and 2-4 years for part-time students, with assessment by coursework or coursework with a dissertation.\n</table_summary>\n\n<figure_summary>\nThere are no explicit figures or charts on this page, but the table serves as a structured visual element that effectively communicates the duration and mode of study for each programme.\n</figure_summary>\n\n<image_summary>\nThere are no photographs or illustrations present on this page. The design uses color-coded sections (e.g., teal, orange, blue) to organize information and enhance readability.\n</image_summary>\n\nThe left section of the page outlines the Masters Programmes, categorized into Research and Coursework. Under Research, it lists Master of Arts (MA) and Master of Science (MSc) degrees. The Coursework section further breaks down the offerings into Disciplinary Content, Education Domains, and Professional Practice, providing a detailed list of specific programmes such as MA (Applied Linguistics), MEd (Art), and MA (Educational Management). The Doctoral Programmes section at the bottom mentions Doctor of Philosophy (PhD) and Doctor in Education (EdD).\n\nOverall, the page aims to provide prospective students with a clear understanding of the diverse range of graduate programmes available, their structures, and the flexibility in terms of study duration and mode.\n</summary>"
    },
    "6": {
      "summary": "<summary>\nThis page provides brief descriptions of six Master of Arts programmes offered in the field of Graduate Studies & Professional Learning. Each programme is outlined with its target audience (\"For\") and a summary of its curriculum (\"Outline\").\n\na. **Master of Arts (Applied Linguistics)**  \n   - **For**: English language teaching professionals seeking career advancement or individuals interested in language-related issues.  \n   - **Outline**: A broad-based course focusing on applied linguistics, balancing theoretical knowledge with practical application in language education and discourse studies.\n\nb. **Master of Arts (Applied Psychology)**  \n   - **For**: Psychologists, counsellors, and educators motivated to acquire knowledge and skills in psychological service.  \n   - **Outline**: Provides theoretical knowledge, research insights, and practical skills for training as specialists in Educational Psychology or Counselling Psychology.\n\nc. **Master of Arts (Counselling & Guidance)**  \n   - **For**: New entrants into counselling and guidance fields, as well as professional counsellors seeking higher qualifications.  \n   - **Outline**: Focuses on developing skills and knowledge in core counselling areas, understanding diversity, ethical and legal issues, and applying theories and techniques for effective individual and group counselling.\n\nd. **Master of Arts (Educational Management)**  \n   - **For**: Educational leaders and professionals aiming to develop leadership skills and knowledge for advancing schools.  \n   - **Outline**: Equips candidates with the necessary knowledge and skills to lead organizations effectively during rapid change, offering in-depth study of strategic and current issues in education management.\n\ne. **Master of Arts (Humanities Education)**  \n   - **For**: Humanities educators and educational leaders interested in advancing their professional knowledge through interdisciplinary explorations of humanities education.  \n   - **Outline**: Offers an extensive range of courses focused on classroom pedagogy and disciplinary content relevant to History, Geography, and Social Studies educators and curriculum specialists.\n\nf. **Master of Arts (Instructional Design & Technology)**  \n   - **For**: Educators and professionals looking to enhance capacities in instructional design and technology, particularly in corporate training/industry settings or formal education institutions.  \n   - **Outline**: Specifically addresses solving instructional problems and managing various information technologies, including e-learning.\n\n<image_summary>The page includes multiple photographs showing diverse groups of people engaged in collaborative activities, such as discussions, learning, and office work. These images depict a dynamic and interactive learning environment.</image_summary>\n</summary>"
    },
    "7": {
      "summary": "<summary>\nThe page provides an overview of several graduate programs in education, focusing on their target audience, objectives, and key features. The programs include the Master of Arts (Leadership and Educational Change), Master of Arts (Teaching Chinese as an International Language), Master of Arts in Professional Education (Training & Development), Master of Education, and Master of Science (Exercise & Sport Studies). Each program is tailored to different professional needs, ranging from leadership development in educational settings to specialized teaching skills and physical education expertise.\n\n- **Master of Arts (Leadership and Educational Change)**: Designed for educators and leaders interested in curriculum, leadership, and change. It emphasizes organizational and curriculum leadership, preparing participants to lead innovation and change in schools and organizations globally.\n\n- **Master of Arts (Teaching Chinese as an International Language)**: Targeted at educators who wish to specialize in teaching Chinese to English-speaking learners. The program addresses the growing demand for qualified teachers in this field, focusing on effective teaching strategies and classroom practice.\n\n- **Master of Arts in Professional Education (Training & Development)**: Aimed at experienced professionals involved in staff development, mentoring, and adult education. It focuses on fostering a deep understanding of educational practices and systems, equipping participants with skills for mentoring, training, and assessment.\n\n- **Master of Education**: Intended for educators and university graduates seeking advanced knowledge in education. It offers 16 areas of specialization, including Art, Chinese Language, Curriculum & Teaching, Developmental Psychology, Drama, Early Childhood, Educational Assessment, English, High Ability Studies, Learning Sciences & Technologies, Malay Language, Mathematics, Music, Science, Special Education, and Tamil Language.\n\n- **Master of Science (Exercise & Sport Studies)**: Designed for individuals interested in physical education, sports, fitness, health, and wellness. The program balances pedagogy, psychosocial aspects, management, and scientific knowledge of human movement, aiming to enhance qualifications for career advancement or alternative roles in sport science and management.\n\n<image_summary>The top-left image shows a group of graduates in caps and gowns holding certificates, symbolizing academic achievement and the culmination of a program. The bottom-right image depicts a group of students and a teacher engaging in outdoor physical activity, emphasizing the practical and interactive nature of the Master of Science (Exercise & Sport Studies) program.</image_summary>\n\nThis page effectively highlights the diverse range of graduate programs available, catering to various educational and professional interests.\n</summary>"
    },
    "8": {
      "summary": "<summary>\nThe page provides an overview of several Master's programs offered in the field of education and life sciences. It highlights three distinct programs: Master of Science (Science of Learning), Master of Teaching, and Master of Science (Life Sciences). Each program is described in terms of its target audience, objectives, and key features.\n\n- **Master of Science (Science of Learning)**: This program, in partnership with Lee Kong Chian School of Medicine, is designed for professionals in early childhood, K12, tertiary, adult education, healthcare education, professional development, quality assurance, and continuing education and training (CET). The outline emphasizes the integration of advances in biology and neuroscience to understand how learning experiences shape brain and cognitive development. Students will gain a strong foundation in the science of learning and development, focusing on neuroscience, cognitive science, and educational technologies.\n\n- **Master of Teaching**: Targeted at professionals across various educational contexts, this practice-oriented program aims to enhance teaching skills through the bridging of theory and practice. It focuses on delivering high-quality teaching to diverse learners by sharpening professional expertise.\n\n- **Master of Science (Life Sciences)**: Aimed at educators, science graduates, or professionals interested in life sciences, this program offers a personalized roadmap covering recent scientific developments and social/bioethical issues. It provides specialization in Chemistry, Clean Energy Physics, and Environmental Biology.\n\n- **Master of Science (Mathematics for Educators)**: Designed for mathematics educators and other professionals, this program emphasizes the acquisition of broad and deep knowledge in mathematics, with a focus on its application to mathematics teaching.\n\nThe page includes two images: one showing students conducting experiments in a laboratory setting, illustrating the practical aspect of the Life Sciences program, and another depicting a group of engaged participants in a classroom environment, highlighting the interactive nature of the teaching programs.\n\n</summary>"
    },
    "9": {
      "summary": "<summary>\nThe page discusses advanced degree programs in graduate studies, specifically focusing on Master of Arts, Master of Science, Doctor of Philosophy (PhD), and Doctor in Education (EdD). It outlines the target audience and objectives for each program. For the Master of Arts and Master of Science, the page lists areas of focus such as Asian Languages and Cultures, English Language and Literature, Humanities and Social Studies Education, among others. These programs aim to provide students with a fixed number of courses to develop skills in research methodology under the guidance of a supervisor. The Doctor of Philosophy (PhD) is designed for those pursuing focused research in similar fields, while the Doctor in Education (EdD) is tailored for professionals seeking to extend their expertise, emphasizing practical application and professional leadership development.\n\n<image_summary>The left image shows a group of four individuals collaboratively working on a laptop, suggesting teamwork and academic engagement. The right image depicts three individuals in a modern office setting, also engaged in collaborative work using a laptop, highlighting a professional learning environment.</image_summary>\n</summary>"
    },
    "10": {
      "summary": "<summary>\nThis page provides detailed information about applying to graduate programmes at NIE/NTU, focusing on entry requirements, application procedures, and additional guidelines for various degree types. It emphasizes the importance of visiting programme webpages for specific details and highlights the need for international applicants to submit English proficiency test scores (TOEFL, IELTS, or GRE) if required. The page also outlines the intake periods for different programmes, including Coursework, Research, and EdD, along with application deadlines. Additionally, it advises contacting potential supervisors before formal application and provides links for fee inquiries and further queries.\n\n<image_summary>The page features two photographs. The top image shows three individuals in a collaborative setting, with one person holding a tablet, suggesting a focus on technology and teamwork. The bottom image depicts an educational interaction, where an adult appears to be teaching children using a syringe and other materials, emphasizing hands-on learning and mentorship.</image_summary>\n\nThe page concludes by directing readers to the NIE website for tuition fees and contact information for administrative and academic queries.\n</summary>"
    },
    "11": {
      "summary": "<summary>\nThe page discusses the importance of leadership learning in the education system, emphasizing its role in developing school leaders' capacity to navigate complex educational challenges. It highlights Singapore's commitment to high-quality leadership development through flagship programmes, such as the Leaders in Education Programme, which has gained international recognition. The text explains that these programmes are seen as significant investments by Singapore's leaders, aiming to elevate school leadership and drive educational excellence.\n\n<table_summary>\nThe table outlines three leadership programmes offered:\n- **Leaders in Education Programme**: Full-time, 7 months duration.\n- **Management and Leadership in Schools Programme**: Full-time, 17 weeks duration.\n- **Building Educational Bridges: Innovation for School Leaders**: Full-time, 2 weeks duration.\nEach programme is listed with its respective duration, indicating varying lengths of engagement.\n</table_summary>\n\n<image_summary>\nThe image depicts a professional setting where a group of individuals, dressed in business attire, are engaged in a discussion or meeting. A woman stands at the front, addressing the seated participants, who appear attentive and involved. The scene conveys a collaborative and formal environment, likely representing a leadership training or professional development session.\n</image_summary>\n</summary>"
    },
    "12": {
      "summary": "<summary>\nThe page provides brief descriptions of three leadership development programmes aimed at education officers and school leaders. Each programme is outlined with its target audience and objectives.\n\n**a. Leaders in Education Programme**\n- **For:** Selected education officers preparing for school leadership roles.\n- **Outline:** Focuses on developing values-based, innovative, and forward-looking school leaders with strong self and people leadership skills, curriculum expertise, and strategic management abilities. The programme aims to deepen participants' understanding of effective principalship in complex environments.\n\n**b. Management and Leadership in Schools Programme**\n- **For:** Middle-level leaders aiming to enhance their curriculum leadership skills and competency in leading teachers and supporting school principals.\n- **Outline:** Aims to foster generative and collaborative learning beyond single disciplines, enhancing middle-level leaders' capacity to lead teaching and learning teams. It focuses on continuous curriculum improvement and supporting school reform efforts.\n\n**c. Building Educational Bridges: Innovation for School Leaders**\n- **For:** Selected school leaders engaging with issues related to unique educational systems.\n- **Outline:** Jointly conducted by NIE and international institutions, this programme explores innovative and high-performing education systems. It offers experienced leaders the opportunity to address key national and international leadership challenges.\n\nThe page also includes instructions for applying to these programmes, stating that they are primarily open to officers nominated by the Ministry of Education (MOE) in Singapore. Non-MOE participants can apply directly via email at leadership.programmes@nie.edu.sg. Additional resources and contact information are provided for further queries.\n\n<image_summary>The page features multiple photographs illustrating group discussions, collaborative activities, and interactive sessions among participants, emphasizing the collaborative and hands-on nature of the programmes.</image_summary>\n\n</summary>"
    },
    "13": {
      "summary": "<summary>\nThe page discusses professional development programmes and courses offered by an institution, highlighting their collaboration with the Ministry of Education, Singapore. These courses are designed to enhance pedagogical skills and content knowledge and can be accredited into Advanced Diploma programmes. The text lists various Advanced Diploma and certification programmes, including those in Primary Art Education, English Language Education, Mathematics Education, Music Education, Science Education, Special Learning and Behavioural Needs, Teaching Early Primary School Years, Special Education, and several specialized certificates for high ability learners and students with diverse needs.\n\n<image_summary>The image shows three individuals engaged in a collaborative activity at a table. One person holds a tablet, while another uses a laptop, suggesting a focus on technology and teamwork. The setting appears to be a modern, well-lit environment with greenery in the background, emphasizing a conducive learning atmosphere.</image_summary>\n</summary>"
    },
    "14": {
      "summary": "<summary>\nThis page provides brief descriptions of various professional development programmes designed for educators in primary education. The programmes focus on enhancing teachers' knowledge, skills, and competencies across different subjects and areas of specialization. Each programme outlines its target audience and objectives, emphasizing reflection, curriculum development, and assessment practices.\n\nThe page lists seven programmes:\n\n1. **Advanced Diploma in Primary Art Education**: Targeted at primary art teachers, this programme aims to provide a framework for understanding art education theories and trends, enabling teachers to refine their classroom practices and develop effective art curricula.\n\n2. **Advanced Diploma in Primary English Language Education**: Designed for primary English language teachers, it focuses on providing insights into the evolution of the English language curriculum, helping teachers reflect on and improve their teaching methods and assessment strategies.\n\n3. **Advanced Diploma in Primary Mathematics Education**: Aimed at primary mathematics teachers, this programme offers a framework for understanding mathematical concepts and curriculum changes, supporting teachers in refining their instructional approaches and assessment practices.\n\n4. **Advanced Diploma in Primary Music Education**: For primary music teachers, this programme provides an overview of current thinking and practices in music education, encouraging teachers to evaluate and enhance their music curricula.\n\n5. **Advanced Diploma in Primary Science Education**: Targeted at primary science teachers, it focuses on the science curriculum's evolution, enabling teachers to reflect on and refine their teaching practices, particularly in assessment and evaluation.\n\n6. **Advanced Diploma in Special Learning and Behavioural Needs**: Intended for educators interested in special needs, this programme equips them with knowledge and skills to support students with disabilities, assess learning needs, and implement appropriate interventions.\n\n7. **Advanced Diploma in Teaching Early Primary School Years**: Designed for primary school teachers with three years of experience teaching lower primary levels, this programme aligns with Ministry of Education (MOE) initiatives to develop expertise in teaching young children, focusing on child development, engagement strategies, and leadership skills.\n\n<image_summary>The top section of the page features a collage of images showing diverse educational settings, including students playing musical instruments, engaging in group discussions, participating in hands-on activities, and interacting with teachers. These images illustrate the collaborative and dynamic nature of the educational environment.</image_summary>\n\n</summary>"
    },
    "15": {
      "summary": "<summary>\nThe page outlines various professional development programs designed for educators in different specialized areas of education. These programs aim to enhance teaching skills, knowledge, and practices to better support diverse student populations, including those with special needs, high ability learners, and students with hearing loss or intellectual disabilities. Each program is tailored to specific groups of educators based on their experience and the educational settings they work in.\n\n<image_summary>An overhead photograph of three individuals collaborating at a table, using a laptop, tablet, and notebook. This image likely symbolizes teamwork, learning, and professional development.</image_summary>\n\nThe page includes several certificate programs and an advanced diploma, each with a brief description of its target audience (\"For\") and an outline of its objectives (\"Outline\"). Here is a breakdown of the programs mentioned:\n\n- **Advanced Diploma in Special Education**: For Allied Educators and teachers from special schools who hold a one-year Diploma in Special Education. The program focuses on enhancing capacities, skills, and practices to support pupils with special needs in mainstream or special schools.\n  \n- **Certificate in Differentiating Curriculum and Instruction for High Ability Learners**: For educators working with high ability learners. The program aims to provide educators with knowledge and skills to meet the needs of high ability learners across various educational settings.\n  \n- **Certificate in Educational Assessment**: For educators with two years of teaching experience looking to enhance their assessment competencies. The program provides a strong grounding in theories and methods of assessment.\n  \n- **Certificate in Educational Support**: For educators with two years of teaching experience in the Normal Stream. The program aims to deepen knowledge and skills in supporting low progress learners' socio-emotional and learning needs.\n  \n- **Certificate in English Language Subject Content Knowledge for Teachers (Basic Level)**: For teachers with two years of teaching experience but no prior training in teaching English language. The program seeks to equip participants with an understanding of key concepts and theories in English Language Studies and Teaching to implement the MOE syllabus effectively.\n  \n- **Certificate in Special Needs Support**: For teachers with existing teaching qualifications. This professional development program provides mainstream teachers with deeper knowledge and skills to support diverse learners.\n  \n- **Certificate in Teaching Physical Education in Special Education Schools**: For educators teaching Physical Education in SPED schools. The program focuses on foundational content and pedagogical knowledge for planning and delivering PE lessons.\n  \n- **Certificate in Teaching Students with Autism in Special Education Schools**: For teachers teaching students with autism. The program enhances teachers' knowledge and skills in teaching students with autism, covering developmental trajectories and pedagogical approaches.\n  \n- **Certificate in Teaching Students with Hearing Loss**: For education interpreters and teachers teaching students with hearing loss. The program aims to increase knowledge about the impact of hearing loss on learning and strategies for supporting these students, including those using sign language.\n  \n- **Certificate in Teaching Students with Intellectual Disabilities in Special Education Schools**: For educators teaching students with Intellectual Disabilities. The program deepens participants' knowledge of ID and equips them with skills in assessment, intervention, and data-driven planning for students with ID.\n</summary>"
    },
    "16": {
      "summary": "<summary>\nThe page discusses professional development programs offered by NIE (National Institute of Education), focusing on the \"Certification in ICT Leadership Programme.\" This program is designed for educators with at least one year of teaching experience who wish to enhance their skills in leading, planning, and designing technology-mediated learning. The program aims to strengthen participants' understanding of integrating educational technology effectively, providing them with leadership approaches, theories, and methods to support conceptualization and review of E-pedagogy in technology-mediated contexts.\n\nOn the right side, the page provides information on how to apply to these professional development programs and courses. Formal certification programs are primarily open to participants from the Ministry of Education (MOE) in Singapore, with MOE participants advised to apply via OPAL or directly with NIE for courses without OPAL codes. Short courses are open to MOE participants, members of the public, and enjoy subsidies from SkillsFuture Singapore (SSG). The page encourages visitors to check the PLaCE website regularly for updates on programs and courses.\n\nFor further queries, contact details are provided: visit place.nie.edu.sg or email inservice@nie.edu.sg.\n\n<image_summary>An image of a group of smiling individuals wearing sports attire, including t-shirts with \"Physical & Sports Science\" printed on them, is displayed. They are posing outdoors on a grassy field, suggesting an active, collaborative, and positive learning environment.</image_summary>\n</summary>"
    },
    "17": {
      "summary": "<summary>\nThis page serves as a contact and informational section for the Office of Graduate Studies & Professional Learning at the National Institute of Education. It provides the office's address (Block 7 Level 3, 1 Nanyang Walk, Singapore 637616) and website (www.nie.edu.sg/gpl). Social media links are included, inviting readers to follow the institution on Facebook, LinkedIn, Instagram, and YouTube. A disclaimer states that the information is accurate as of July 2021. A QR code is also present, likely linking to additional resources or the website.\n\n<image_summary>A QR code is displayed prominently, suggesting it can be scanned for more information related to the Office of Graduate Studies & Professional Learning.</image_summary>\n</summary>"
    }
  }
}