{
  "doc_id": "honor_watch_gs_pro.pdf",
  "pages": {
    "1": {
      "summary": "<summary>\nThis page serves as the title page for the \"HONOR Watch GS Pro Online Help\" document. It indicates that this is Issue 01, dated September 7, 2020. The document is likely part of an online help guide for the HONOR Watch GS Pro, which is a product by HUAWEI TECHNOLOGIES CO., LTD. The page features a visually engaging illustration of a globe surrounded by various icons representing different aspects of connectivity and technology, such as people, vehicles, buildings, and communication devices, symbolizing global connectivity and the smartwatch's integration into modern life.\n\n<image_summary>The image depicts a stylized globe with colorful lines connecting various icons around it. These icons include people, cars, airplanes, buildings, and other symbols related to technology and communication, illustrating the interconnectedness facilitated by the smartwatch.</image_summary>\n\nThe HUAWEI logo is prominently displayed at the bottom right corner, reinforcing the brand association with the product. Overall, the page sets the context for the user manual, emphasizing the global reach and technological capabilities of the HONOR Watch GS Pro.\n</summary>"
    },
    "2": {
      "summary": "<summary>\nThe page contains legal and contact information for Huawei Technologies Co., Ltd. It begins with a copyright notice stating that all rights are reserved and no part of the document may be reproduced or transmitted without prior written consent. The section on \"Trademarks and Permissions\" clarifies that the Huawei logo and other trademarks belong to Huawei Technologies Co., Ltd., while other trademarks mentioned in the document are owned by their respective holders. The \"Notice\" section emphasizes that the products, services, and features described are subject to the contract between Huawei and the customer, and that the document's contents are provided \"AS IS\" without warranties, guarantees, or representations. It also notes that the information is subject to change without notice and does not constitute a warranty.\n\nThe page concludes with contact information for Huawei Technologies Co., Ltd., including the address (Huawei Industrial Base, Bantian, Longgang, Shenzhen 518129, People's Republic of China), website (https://www.huawei.com), and email (support@huawei.com). The footer indicates that this is Issue 01 dated September 7, 2020, and reiterates the copyright notice.\n\nThere are no tables, figures, charts, diagrams, or images present on this page.\n\n</summary>"
    },
    "3": {
      "summary": "<summary>\nThis page is the table of contents for the \"HONOR Watch GS Pro Online Help\" manual. It outlines the structure of the document, divided into four main sections: \"Getting Started,\" \"Workout monitoring,\" \"Health management,\" and \"Convenient life.\" Each section contains detailed subsections that guide users through various functionalities and features of the watch. The \"Getting Started\" section covers basic setup tasks such as wearing the watch, adjusting the strap, charging, pairing with a phone, and customizing settings like time, language, and buttons. The \"Workout monitoring\" section focuses on fitness tracking, including starting workouts, syncing data, recording routes, and using smart companions. The \"Health management\" section details health monitoring features like heart rate tracking, sleep analysis, stress testing, breathing exercises, and blood oxygen level measurement. Finally, the \"Convenient life\" section likely covers additional lifestyle features, though its content is not fully listed on this page.\n\nThere are no tables, figures, or images on this page; it solely consists of text-based headings and subheadings with corresponding page numbers.\n\n</summary>"
    },
    "4": {
      "summary": "<summary>\nThis page is part of the \"HONOR Watch GS Pro Online Help\" manual, specifically sectioned under the contents list. It outlines various features and functionalities of the watch, organized into two main sections: \"4. Features\" and \"5. More guidance.\" Section 4 covers practical features such as receiving notifications, managing contacts, playing music, setting alarms, using remote shutter, stopwatch/timer, flashlight, barometer app, severe weather warnings, compass, weather reports, and viewing environment information. Section 5 provides additional guidance on settings and customization, including enabling Do Not Disturb mode, adjusting screen brightness, setting vibration strength, connecting earbuds, changing watch faces, viewing Bluetooth name and MAC address, and restoring factory settings. Each feature or guidance topic is accompanied by a page number indicating where detailed instructions can be found in the manual.\n\nThere are no tables, figures, images, or charts present on this page; it solely consists of a structured list of topics and corresponding page numbers for easy navigation.\n</summary>"
    },
    "5": {
      "summary": "<summary>\nThis page is part of the \"HONOR Watch GS Pro Online Help\" manual, specifically section 1 titled \"Getting Started.\" It provides an overview of the initial setup and basic operations for using the watch. The page lists several subsections, including wearing the watch, adjusting the strap, charging, powering on/off, pairing with a phone, using buttons and gestures, setting time and language, adjusting ringtones, managing watch faces, setting favorite contacts, customizing features, finding a phone using the watch, and updating the watch and the Huawei Health app. The detailed section \"1.1 Wearing the watch\" explains how to properly wear the watch by aligning the heart rate monitoring area at the top of the wrist, ensuring it is neither too loose nor too tight, and avoiding placement above the wrist joint for accurate heart rate measurements.\n\nThere are no tables, figures, or images present on this page. The focus is entirely on textual instructions and guidance for users getting started with the HONOR Watch GS Pro.\n\n</summary>"
    },
    "6": {
      "summary": "<summary>\nThis page from the \"HONOR Watch GS Pro Online Help\" manual focuses on general usage tips and instructions for adjusting and replacing the watch strap. The section begins with a **NOTE** highlighting safety and maintenance guidelines, such as the use of non-toxic materials, proper cleaning after workouts, care for leather straps, and the option to wear the watch on either wrist. \n\nThe main topic, **1.2 Adjusting and Replacing the Watch Strap**, provides detailed guidance on how to adjust and replace the watch strap. For watches with non-metallic straps and T-shaped buckles, users can adjust the strap for a comfortable fit based on their wrist size. Instructions for removing and installing a non-metallic strap involve unlocking the fastener, removing the current strap, and releasing the spring pin. A figure illustrates this process step-by-step. Similarly, another figure demonstrates how to remove and install a metal strap, with the installation process being the reverse of removal.\n\n<figure_summary>Figure 1: Illustrates the process of removing a non-metallic strap by unlocking the fastener, removing the strap, and releasing the spring pin.</figure_summary>\n\n<figure_summary>Figure 2: Demonstrates the steps for removing a metal strap, showing the sequence of actions required, with the installation process being the reverse.</figure_summary>\n</summary>"
    },
    "7": {
      "summary": "<summary>\nThis page from the \"HONOR Watch GS Pro Online Help\" document focuses on the section titled \"1.3 Charging your watch.\" It provides step-by-step instructions for charging the smartwatch using a USB Type-C port and power adapter. The process involves connecting the power adapter, aligning the watch with the charging cradle, and ensuring proper contact until the charging icon appears on the watch screen. Once fully charged, the watch will display 100% battery level, and charging will stop automatically. If the battery level is below 100%, the watch will resume charging when connected to the charger.\n\n<image_summary>The image illustrates the charging setup, showing the smartwatch resting on a charging cradle with a USB Type-C cable connected to the cradle. This visual aids in understanding how to properly align the watch for charging.</image_summary>\n</summary>"
    },
    "8": {
      "summary": "<summary>\nThis page from the \"HONOR Watch GS Pro Online Help\" provides detailed instructions and safety guidelines for charging the HONOR Watch GS Pro. It emphasizes the importance of using official Huawei chargers and power adapters that comply with local and international safety standards to avoid issues such as slow charging, overheating, or damage. The page also advises keeping the charging cradle clean, ensuring proper alignment during charging, and avoiding hazardous environments. Additionally, it highlights the presence of magnets in the charging cradle and advises users to keep it away from metal objects and heat sources. The section on \"Charging time\" specifies that the watch will fully charge within two hours, and it provides tips for maintaining the charger and ensuring optimal charging conditions, including keeping it dry, clean, and within a suitable temperature range.\n\nThere are no tables, figures, or images present on this page. The content is entirely textual, focusing on providing clear and concise guidance for users.\n\n</summary>"
    },
    "9": {
      "summary": "<summary>\nThis page from the HONOR Watch GS Pro Online Help manual focuses on two main sections: \"Checking the Battery Level\" and \"Powering on/off and restarting the watch.\" \n\nThe first section provides three methods to check the battery level:\n1. While connected to the charger, view the charging screen and press the Up button to exit.\n2. Swipe the home screen to access the drop-down menu where the battery level is displayed.\n3. Check the battery level in the device details screen within the Huawei Health app.\n\nThe second section, titled \"1.4 Powering on/off and restarting the watch,\" outlines detailed instructions for powering on, powering off, restarting, and force-restarting the watch:\n- **Powering on**: Press and hold the Up button, or charge the watch if it is powered off.\n- **Powering off**: Press and hold the Up button, then touch \"Power off,\" or navigate through the settings menu to power off. The watch will automatically power off if the battery is critically low or has not been charged for a long time.\n- **Restarting**: Press and hold the Up button, then touch \"Restart,\" or navigate through the settings menu to restart.\n- **Force restarting**: Press and hold the Up button for at least 16 seconds.\n\nThere are no tables, figures, or images on this page. The content is purely textual, providing step-by-step guidance for basic operations related to the watch's power management and battery status.\n\n</summary>"
    },
    "10": {
      "summary": "<summary>\nThis page from the \"HONOR Watch GS Pro Online Help\" document provides instructions on how to pair the watch with a smartphone. It begins by explaining that users need to press and hold the Up button on the watch until it vibrates and displays a startup screen, indicating readiness for Bluetooth pairing. The section then outlines separate procedures for Android and iOS users.\n\nFor **Android users**, the process involves:\n1. Downloading and installing the Huawei Health app via QR code or app stores.\n2. Opening the app, granting permissions, navigating to \"Add > Smart Watch,\" and selecting the device to pair.\n3. Touching \"PAIR\" to search for nearby devices and confirming the pairing on both the watch and phone.\n\nFor **iOS users**, the instructions include:\n1. Ensuring the watch is removed from previous paired devices in both the phone's settings and the Huawei Health app.\n2. Logging into the App Store to download and update the Huawei Health app.\n3. Accessing the phone's Bluetooth settings, where the watch should appear automatically; touch the device and confirm pairing.\n\nA note highlights the importance of removing previous pairings before attempting to connect with an iOS device.\n\n<image_summary>A QR code is included, which users can scan to download the Huawei Health app.</image_summary>\n\n<image_summary>Two checkmark icons are used to indicate confirmation steps during the pairing process.</image_summary>\n</summary>"
    },
    "11": {
      "summary": "<summary>\nThis page from the \"HONOR Watch GS Pro Online Help\" manual focuses on pairing the watch with a smartphone and introduces the functionality of the watch's buttons and gestures. The section begins by detailing the process of pairing the watch with a smartphone using the Huawei Health app, including instructions to grant permissions, search for nearby devices, and initiate pairing. It also provides troubleshooting tips for scenarios where the watch does not respond or if pairing fails. Additionally, it mentions that a watch can only be connected to one phone at a time and offers guidance on disconnecting and reconnecting with another device.\n\nThe second part of the page, titled \"1.6 Buttons and gestures,\" explains that the watch features a color touchscreen that responds to touch and swiping. It then specifically describes the functions of the \"Up button,\" providing a table that outlines the operations, functions, and remarks associated with pressing and holding the button. For example, pressing the button wakes the screen, accesses the app list, or returns to the home screen, while pressing and holding powers the watch on or off and accesses the restart/power-off screen.\n\n<table_summary>\nTable 1: This table details the functions of the \"Up button\" on the HONOR Watch GS Pro. It includes three columns: \"Operation,\" \"Function,\" and \"Remarks.\" The operations listed are \"Press\" and \"Press and hold,\" with corresponding functions such as waking the screen, accessing the app list, returning to the home screen, powering the watch on/off, and accessing the restart/power-off screen. The \"Remarks\" column notes exceptions for certain scenarios like calls and workouts.\n</table_summary>\n\nThere are no figures, charts, or images present on this page.\n</summary>"
    },
    "12": {
      "summary": "<summary>\nThis page from the \"HONOR Watch GS Pro Online Help\" manual focuses on explaining the functions of the Down button and the button functionalities during a workout. The content is organized into two main sections: one detailing the Down button's operations and another outlining how buttons behave during workouts.\n\nThe first section, titled \"Down button,\" provides a table that lists different operations (Press and Press and hold) along with their corresponding functions and remarks. Pressing the Down button opens the workout app or accesses a customized feature. Pressing and holding it allows locking/unlocking the screen or waking up the voice assistant, though this feature is model-specific and not available on all HONOR Watch models. For the HONOR Watch GS Pro, the Down button is used to switch screens during workouts, while the Up button handles locking/unlocking.\n\nThe second section, titled \"Button functions during a workout,\" presents another table detailing various button operations and their functions specifically during workout modes. It includes actions like pressing the Up or Down buttons, pressing and holding them, swiping up/down, or swiping left/right on the screen. These actions enable functionalities such as locking/unlocking, muting, ending workouts, switching screens, finishing workouts, and waking up the voice assistant.\n\nNo images, charts, or diagrams are present on this page; the information is conveyed entirely through text and tables.\n\n<table_summary>Table 1: This table describes the operations and functions of the Down button, including Press and Press and hold, along with relevant remarks about exceptions and model-specific features.</table_summary>\n\n<table_summary>Table 2: This table outlines the button functions during a workout, detailing actions like pressing or swiping buttons and their corresponding effects, such as locking/unlocking, switching screens, or finishing workouts.</table_summary>\n</summary>"
    },
    "13": {
      "summary": "<summary>\nThis page from the HONOR Watch GS Pro Online Help manual focuses on basic operations and settings for the watch, including gestures, screen wake-up and turn-off procedures, and automatic time and language synchronization. It provides detailed instructions on how to interact with the watch using various gestures and explains how to manage the screen's power settings.\n\n<table_summary>Table 1: Lists different gestures and their corresponding functions, such as touching the screen to choose and confirm, swiping up to view notifications, and swiping left or right to access heart rate data or return to the previous screen.</table_summary>\n\nThe section on \"Wake the screen\" outlines three methods to activate the display: pressing the Up button, raising or rotating the wrist inward, or swiping down on the home screen to open the shortcut menu. It also mentions enabling the \"Raise wrist to wake screen\" function through the Huawei Health app.\n\nThe \"Turn off the screen\" section explains the automatic screen timeout settings: the screen turns off after 5 seconds if no operation is performed, or 15 seconds if an operation was recently performed. Users can adjust these durations via the watch's settings menu.\n\nFinally, the \"Setting time and language\" section clarifies that users do not need to manually set the time and language on the watch, as these settings are automatically synced from the connected phone.\n\nNo images or figures are present on this page; the content relies solely on text and tables to convey information.\n</summary>"
    },
    "14": {
      "summary": "<summary>\nThis page from the \"HONOR Watch GS Pro Online Help\" document focuses on three main sections: syncing language and time settings, adjusting the ringtone, and managing watch faces. \n\nThe first section explains how changes to language, time, or time format on a connected phone will automatically sync to the watch when they are connected. It provides specific instructions for iOS and Android users on how to set the language and region on their phones and then connect the watch to sync these settings.\n\nThe second section, titled \"1.8 Adjusting the ringtone,\" outlines the process for adjusting the ringtone volume on the watch. It notes that this feature is only available on certain models (e.g., HUAWEI WATCH GT 2, HONOR MagicWatch 2, and HONOR Watch GS Pro) and requires updating the Huawei Health app to a specific version. Instructions include navigating through the watch's settings to adjust the ringtone volume. A note clarifies that the default ringtone cannot be customized.\n\nThe third section, \"1.9 Installing, replacing, and deleting watch faces,\" guides users on how to download, install, replace, and delete watch faces using the Huawei Health app. Steps include opening the app, selecting the desired watch face, installing it, setting it as the default, and deleting unwanted watch faces. An icon of a trash bin is used to indicate the deletion process in the app interface.\n\n</summary>"
    },
    "15": {
      "summary": "<summary>\nThis page from the HONOR Watch GS Pro Online Help document focuses on setting up and customizing features related to contacts, buttons, and app preferences. It begins with a note highlighting limitations for downloading watch faces on iOS devices, advising users to temporarily pair their watch with an Android phone for updates. The section then delves into three main topics: setting favorite contacts, customizing the Down button, and choosing favorite apps.\n\n### **1.10 Setting favorite contacts**\nThe guide explains how to add, sort, and remove favorite contacts using the Huawei Health app. Users must open the app, access the device settings, and navigate to \"Favorite contacts.\" From there, they can add up to 10 contacts by selecting them from the phone's contact list. Additional options include sorting the contacts and removing unwanted ones. The note emphasizes the need for a connected watch and phone for calls and mentions that up to 30 call records can be saved.\n\n### **1.11 Customizing the Down button**\nThis section describes how to customize the function of the Down button on the watch. Users can press the Up button from the home screen, go to \"Settings > Down button,\" and select an app from the list. By default, pressing the Down button opens the Workout app, but it can be changed to any preferred app.\n\n### **1.12 Choosing Favorites apps**\nHere, the guide outlines how to personalize the watch's display by selecting favorite apps. Users navigate to \"Settings > Display > Favorites\" on the watch and choose frequently used apps such as Transportation card, Sleep, Stress, Heart rate, Music, Weather, and Activity records. After selection, touching \"OK\" allows users to access these favorites by swiping left or right on the main screen.\n\nThere are no tables, figures, or images on this page; the content is purely textual, providing step-by-step instructions and notes for user guidance.\n</summary>"
    },
    "16": {
      "summary": "<summary>\nThis page from the HONOR Watch GS Pro Online Help manual focuses on two main sections: \"Finding your phone using your watch\" and \"Updating the watch and the Huawei Health app.\" \n\nThe first section, **1.13 Finding your phone using your watch**, explains how to locate a connected smartphone using the watch. Users can access this feature by navigating to the home screen, swiping to find \"Find phone,\" or swiping down and selecting \"Find my Phone.\" An animation will appear on the watch screen, and if the phone is within Bluetooth range, it will play a ringtone, even in Silent mode. Touching the watch screen or unlocking the phone will stop the alert. A note clarifies that this feature requires the phone and watch to be connected.\n\nThe second section, **1.14 Updating the watch and the Huawei Health app**, provides instructions for updating both the watch firmware and the Huawei Health app. For the watch, there are two methods:\n- **Method 1**: Connect the watch to the phone via the Huawei Health app, navigate to Devices, select the device name, choose Firmware update, and follow the onscreen instructions.\n- **Method 2**: Enable automatic updates over Wi-Fi in the Huawei Health app. For Android users, this involves enabling \"Auto-update\" or \"Auto-download update packages over Wi-Fi,\" while iOS users enable \"Auto-download update packages over Wi-Fi\" through the profile picture settings.\n\nFor updating the Huawei Health app itself, Android users should open the app, go to the Me section, and touch Check for updates. iOS users should update the app through the App Store.\n\nThere are no tables, figures, or images on this page.\n</summary>"
    },
    "17": {
      "summary": "<summary>\nThis page is part of the \"HONOR Watch GS Pro Online Help\" manual, specifically section 1 titled \"Getting Started.\" The page contains a single note indicating that during an update, the watch will automatically disconnect from the user's phone. There are no tables, figures, images, or other visual elements present on this page. The note serves as a cautionary reminder for users to be aware of this behavior during the update process.\n\n<table_summary>None.</table_summary>\n\n<figure_summary>None.</figure_summary>\n\n<image_summary>None.</image_summary>\n</summary>"
    },
    "18": {
      "summary": "<summary>\nThis page from the HONOR Watch GS Pro Online Help manual focuses on \"Workout monitoring,\" detailing how users can start and manage workouts using the watch. The section begins by listing subtopics such as starting a workout, using the Smart companion app, syncing data, recording routes, automatic workout detection, route back features, and various workout modes. The primary focus of this page is on \"Starting a workout,\" which explains that the watch supports multiple workout modes and preinstalled running courses ranging from beginner to advanced levels. Instructions are provided for accessing these courses via the home screen, pausing or ending workouts, adjusting settings during exercise, and reviewing detailed workout records afterward. A note at the end suggests that users can also view workout data through the Huawei Health app.\n\nThere are no tables, figures, or images present on this page. The content is purely textual, providing step-by-step guidance and explanations.\n\n</summary>"
    },
    "19": {
      "summary": "<summary>\nThis page from the \"HONOR Watch GS Pro Online Help\" document provides instructions on starting and managing workouts using the watch and the Huawei Health app. It outlines step-by-step procedures for initiating workouts directly on the watch, including navigating to the Workout section, selecting workout types, configuring settings, and monitoring real-time data such as heart rate, speed, and distance. Special notes address limitations in Triathlon mode and swimming sessions, where the screen locks during workouts and vibrates after draining water. Additionally, the page explains how to start workouts using the Huawei Health app by ensuring the phone and watch are connected, choosing a workout mode, and syncing data between devices.\n\nThere are no tables, figures, or images present on this page. The content focuses entirely on textual instructions and notes to guide users through the process of setting up and monitoring workouts.\n\n</summary>"
    },
    "20": {
      "summary": "<summary>\nThis page from the HONOR Watch GS Pro Online Help document focuses on workout monitoring features, specifically detailing how to use the Smart companion feature and sync/share fitness data. It begins with a NOTE section highlighting important tips for effective workout tracking, such as ensuring sufficient workout duration, conserving battery by properly stopping workouts, connecting the watch to the Huawei Health app, and managing workout records. The section \"2.2 Using Smart companion\" explains how to enable real-time voice guidance during running sessions, providing instructions on navigating the watch's interface to activate this feature. A NOTE clarifies that Smart companion is currently limited to Outdoor Run mode and requires a compatible Huawei or Honor smartwatch. Finally, \"2.3 Syncing and sharing your fitness and health data\" outlines the process for Android and iOS users to share fitness data with third-party apps, guiding them through the necessary steps in the Huawei Health app.\n\nThere are no tables, figures, or images present on this page. The content is purely textual, focusing on instructional guidelines and user tips.\n\n</summary>"
    },
    "21": {
      "summary": "<summary>\nThis page from the HONOR Watch GS Pro Online Help document focuses on various workout-related features of the watch, including route recording, automatic workout detection, navigation assistance, and customizing workout modes. \n\nThe section **2.4 Recording workout routes** explains that the watch has built-in GPS, allowing it to record workout routes during outdoor activities like running, walking, cycling, and climbing, even when disconnected from a phone. It emphasizes the importance of ensuring GPS positioning is successful before starting an activity to avoid abnormal motion data. If workout routes cannot be viewed on the watch, users can sync the data with the Huawei Health app to view detailed records.\n\nSection **2.5 Automatic workout detection** describes how the watch can automatically detect workout status by enabling \"Auto-detect workouts\" in the settings. When the watch detects increased activity, it prompts the user to start recording the workout session. This feature currently supports running, elliptical, and rowing workouts.\n\nIn **2.6 Route back**, the document outlines the watch's ability to provide navigation services. After reaching a target destination, users can use the \"Route back\" function to return to the starting point. Instructions are provided for accessing this feature via the watch's app list and selecting either \"Route back\" or \"Straight line.\"\n\nFinally, **2.7 100 workout modes** highlights that the watch supports 100 workout modes, which can be customized by adding or removing them from the watch for easier access. Detailed instructions are given for adding or removing workout modes through the watch's home screen interface.\n\nThere are no tables, figures, or images on this page; the content is purely textual, focusing on explaining the functionality and usage of the watch's workout features.\n</summary>"
    },
    "22": {
      "summary": "<summary>\nThis page is part of the \"HONOR Watch GS Pro Online Help\" document and focuses on health management features of the watch. It begins by listing several subtopics under health management, including monitoring heart rate, tracking sleep, enabling HUAWEI TruSleep™, testing stress levels, breathing exercises, activity reminders, and measuring blood oxygen levels (SpO2). The detailed section provided is about \"Monitoring your heart rate,\" which explains how the watch uses an optical heart rate sensor to monitor heart rate continuously throughout the day. To enable this feature, users must activate \"Continuous heart rate\" in the Huawei Health app. A note indicates that when the watch detects sleep, it switches to using non-visible light to measure heart rate, ensuring a good night's sleep. The section also provides step-by-step instructions for manually measuring heart rate: keeping the arm still, navigating to the \"Heart rate\" option on the watch, and pausing the measurement if needed. The process takes approximately 6 to 10 seconds for the first reading and updates every 5 seconds afterward, with a complete measurement taking around 45 seconds.\n\nThere are no tables, figures, or images on this page. The content is purely textual, focusing on explaining the functionality and usage of the heart rate monitoring feature.\n\n</summary>"
    },
    "23": {
      "summary": "<summary>\nThis page from the HONOR Watch GS Pro Online Help document focuses on heart rate management features, specifically detailing how to set the heart rate zone calculation method and measure heart rate during workouts. It emphasizes the importance of proper watch wear for accurate heart rate measurements and provides instructions on configuring the calculation method in the Huawei Health app. The page explains two methods for calculating heart rate zones: Maximum heart rate percentage and HRR percentage, along with their respective formulas and applicable workout types. It also notes that running courses default to the HRR percentage method. Additionally, the page describes how the watch displays different colors for heart rate zones during workouts and provides steps for checking real-time and post-workout heart rate data.\n\n<figure_summary>Figure 1: A screenshot of the watch interface during an outdoor run. The display shows the current heart rate (146 bpm) in the Aerobic zone, along with metrics such as pace (6'30\" per km), distance (4.03 km), elapsed time (00:25:30), and session duration (07:16). This visual illustrates how the watch presents heart rate and related workout data.</figure_summary>\n\nThe page concludes with instructions on how to view real-time heart rate and heart rate zones during a workout by swiping on the watch screen, and how to review average heart rate, maximum heart rate, and heart rate zone statistics after completing the workout.\n</summary>"
    },
    "24": {
      "summary": "<summary>\nThis page from the HONOR Watch GS Pro Online Help document focuses on heart rate monitoring features available through the Huawei Health app. It explains how users can view detailed heart rate data, including changes in heart rate, maximum heart rate, and average heart rate for each workout under \"Exercise records.\" The page also discusses continuous heart rate monitoring, detailing how to enable this feature by connecting the watch to a phone via the Huawei Health app. Two monitoring modes are described: Smart mode, which adjusts heart rate measurements based on activity intensity (every 10 minutes for low to moderate activities and once per second for high-intensity activities), and Real-time mode, which measures heart rate continuously every second regardless of activity level. The section highlights the power consumption implications of each mode. Additionally, the page covers resting heart rate measurement, explaining its importance as an indicator of cardiovascular health and providing guidance on when and how to measure it accurately using Continuous heart rate monitoring.\n\nThere are no tables, figures, or images present on this page. The content is purely textual, focusing on instructions and explanations related to heart rate monitoring features.\n\n</summary>"
    },
    "25": {
      "summary": "<summary>\nThis page from the HONOR Watch GS Pro Online Help document focuses on health management features, specifically heart rate monitoring and sleep tracking. It begins by explaining how to measure resting heart rate accurately in a quiet environment, recommending immediate measurement after waking up. A note clarifies that disabling continuous heart rate monitoring will not affect the displayed resting heart rate. The section then discusses \"Heart rate warning,\" detailing how the watch vibrates during workouts when the heart rate exceeds a set upper limit for more than 10 seconds. Instructions are provided for setting the heart rate limit via the Huawei Health app, with a mention of a default calculation based on age. Additional notes highlight that alerts are only available during active workouts and that disabling voice guidance results in vibration and card prompts instead. The next subsection, \"Heart rate alerts,\" explains how to enable high and low heart rate alerts for resting heart rate using the Continuous heart rate monitoring settings in the Huawei Health app. Finally, the page introduces \"Tracking sleep,\" describing how the watch collects sleep data, identifies sleep stages, and syncs this information to the Huawei Health app. Sleep data is measured over a 24-hour period starting at 20:00, ensuring accurate tracking across days.\n\n<figure_summary>Figure: The page mentions a figure showing how to set the heart rate limit, but the figure itself is not visible in the provided content.</figure_summary>\n</summary>"
    },
    "26": {
      "summary": "<summary>\nThis page from the HONOR Watch GS Pro Online Help manual focuses on health management features, specifically sleep tracking and stress level testing. It explains how to access sleep data through the watch's home screen and the Huawei Health app, detailing how nighttime sleep duration and naps are recorded. A note clarifies that midday naps shorter than 30 minutes or involving excessive movement may not be accurately detected. The section also introduces **HUAWEI TruSleep™**, explaining its functionality in collecting detailed sleep data, including sleep stages and quality analysis, and how it automatically disables certain watch features during sleep to avoid disturbances. Instructions for enabling HUAWEI TruSleep™ in the Huawei Health app are provided, along with notes about potential battery impact and default settings. Finally, the page describes how to test stress levels using the watch, either one-off or periodically, with calibration instructions included.\n\nThere are no tables, figures, or images on this page.\n\n</summary>"
    },
    "27": {
      "summary": "<summary>\nThis page from the HONOR Watch GS Pro Online Help document focuses on health management features, specifically stress monitoring, breathing exercises, and activity reminders. It explains how to view stress data on the watch and in the Huawei Health app, including stress levels, intervals, and curves. A note highlights limitations and accuracy factors for stress tests, such as requiring specific watch models and an Android phone, and mentions external influences like caffeine, nicotine, and incorrect wearing positions. The section on breathing exercises outlines how to access and perform these exercises, which help improve mood and relaxation, with results displayed on the watch screen. Finally, the activity reminder feature is described, explaining how it monitors user activity throughout the day and vibrates to remind users to move if they have been inactive for too long. Users can disable this reminder through the Huawei Health app.\n\nThere are no tables, figures, or images on this page.\n\n</summary>"
    },
    "28": {
      "summary": "<summary>\nThis page from the HONOR Watch GS Pro Online Help manual focuses on health management, specifically detailing how to measure blood oxygen levels (SpO₂) using the watch. It begins with a note about notification settings, stating that the watch will not vibrate for notifications when Do Not Disturb is enabled or during sleep, and activity reminders are only sent between 8:00–12:00 and 14:00–22:00. The section titled \"3.7 Measuring blood oxygen levels (SpO₂)\" provides step-by-step instructions for measuring SpO₂: wear the watch correctly, keep the arm still, navigate to the SpO₂ option on the home screen, and touch it to start the measurement. The watch also measures heart rate during this process. Notes emphasize the importance of proper watch placement, staying still during measurement, and avoiding interruptions such as swiping the screen or receiving notifications. Each measurement lasts about 1 minute, with updates every 3 seconds. Additional notes provide guidance for mountain climbing scenarios, required firmware versions for the watch and Huawei Health app, and mention that this feature is unavailable in Japan, Korea, or Taiwan (China).\n\nThere are no tables, figures, charts, diagrams, or images present on this page.\n</summary>"
    },
    "29": {
      "summary": "<summary>\nThis page is part of the \"HONOR Watch GS Pro Online Help\" manual and focuses on the section titled \"Convenient life.\" It outlines various features and functionalities of the watch designed to enhance daily convenience. The page begins with a list of subtopics under this section, including notifications, contact management, music playback, alarm setting, remote shutter control, stopwatch/timer usage, flashlight functionality, barometer app, severe weather warnings, compass usage, weather reports, and environment information viewing. The detailed explanation provided in this section is about \"Getting notifications and deleting messages,\" which explains how to enable notifications on the watch by pairing it with a smartphone using the Huawei Health app. Instructions are given separately for Android and iOS users, detailing the steps to access the Notifications settings and enable notifications for specific apps. When enabled, the watch will vibrate to notify the user of new messages displayed on the phone's status bar.\n\nThere are no tables, figures, or images present on this page. The content is purely textual, providing step-by-step guidance for enabling notifications.\n\n</summary>"
    },
    "30": {
      "summary": "<summary>\nThis page from the HONOR Watch GS Pro Online Help manual focuses on message management and call functionalities. It explains how to view messages on the watch screen, noting that only up to 10 unread messages can be stored, with each message displayed on one screen. A \"NOTE\" section provides additional details about message compatibility, limitations (e.g., inability to reply directly to SMS, WeChat, or email), and behavior in Do Not Disturb or Sleep mode. The page also covers deleting messages by swiping right or clearing all messages.\n\nThe section transitions to discuss contact and call features. When connected to a phone, the watch vibrates and displays caller information, allowing users to answer or reject calls. Instructions are provided for making/receiving calls using the watch's home screen, including navigating to \"Contacts\" or \"Call log\" to access favorite contacts or view call history.\n\nNo tables, figures, or images are present on this page; the content is purely textual, focusing on user instructions and operational details.\n</summary>"
    },
    "31": {
      "summary": "<summary>\nThis page from the HONOR Watch GS Pro Online Help manual focuses on managing call logs and using the music feature on the watch. It begins by explaining how to clear all call logs by swiping down and touching \"Clear.\" A note indicates that the watch will not vibrate or turn on its screen during incoming calls when \"Do not disturb\" mode is enabled or if the watch is not being worn.\n\nThe section titled **4.3 Music** provides instructions on playing and adding songs to the watch. To play music, users must select music added in the Huawei Health app and touch the play icon. Adding songs involves opening the Huawei Health app, navigating to the device settings, and selecting the desired music files. A note specifies that this feature is supported only on Android 5.0 or later devices; for iOS users, an indirect method via an Android phone is suggested.\n\nThe page also details two methods for controlling music playback:\n1. **Watch**: Play music directly on the watch by choosing the appropriate option in the app.\n2. **Phone**: Control music playback on the connected smartphone.\n\nAdditional notes explain various functionalities on the music playback screen, such as switching songs, adjusting volume, and selecting playback modes. Users can also delete music, connect Bluetooth earphones, or control music playback on their phone using the watch. However, controlling music on the phone is available only on Android devices. Finally, it mentions that third-party social media apps can play music, but only MP3 and AAC (LC-AAC) files can be added locally to the watch.\n\nThere are no tables, figures, or images on this page.\n</summary>"
    },
    "32": {
      "summary": "<summary>\nThis page from the HONOR Watch GS Pro Online Help manual focuses on setting alarms using the Huawei Health app. It explains how to set both Smart alarms (which wake you up during light sleep) and Event alarms. The section provides two methods for setting alarms: directly on the watch and via the Huawei Health app. For the watch method, users navigate through the home screen to add, edit, or delete alarms. For the Huawei Health app method, separate instructions are provided for Android and iOS users, detailing how to access alarm settings, configure them, and sync changes to the watch. A note highlights that alarms are one-time by default if no repeat cycle is set, working days are not supported, and the device vibrates but does not ring.\n\nThere are no tables, figures, or images on this page. The content is purely textual, providing step-by-step guidance and important notes for users.\n\n</summary>"
    },
    "33": {
      "summary": "<summary>\nThis page from the HONOR Watch GS Pro Online Help document focuses on various features related to alarms, remote shutter functionality, stopwatch, and timer. It begins by detailing the settings and behavior of event alarms, emphasizing synchronization with the Huawei Health app, limitations on the number of alarms, and interaction methods when an alarm rings. The section also notes compatibility requirements for alarm syncing between the watch and phone.\n\nThe next section, **4.5 Remote Shutter**, explains how to use the watch to remotely control the camera on a connected phone. It highlights that this feature requires EMUI 8.1 or Magic UI 2.0, stable connectivity, and specific app versions on both the phone and watch. Users cannot preview or view images directly on the watch; they are saved in the phone's Gallery.\n\nFinally, **4.6 Using Stopwatch or Timer** provides instructions for using the stopwatch and timer functions on the watch. For the stopwatch, users navigate to the home screen, swipe to find \"Stopwatch,\" and start or reset timing using the provided controls. For the timer, users similarly access the \"Timer\" function and select from eight predefined countdown modes ranging from 1 minute to 2 hours.\n\nNo tables, figures, or images are present on this page, so no additional visual element summaries are required.\n</summary>"
    },
    "34": {
      "summary": "<summary>\nThis page from the HONOR Watch GS Pro Online Help manual focuses on various features related to convenience and environmental monitoring. It covers sections on using the Timer, Flashlight, Barometer app, and Severe weather warnings.\n\nThe **Timer** section explains how to start, pause, stop, and customize the timer using specific icons and gestures. Users can also swipe right to exit the Timer screen.\n\nThe **Flashlight** section describes how to turn the flashlight on and off by navigating through the home screen and swiping to find the Flashlight option. Swiping right exits the Flashlight mode.\n\nThe **Barometer app** section details how to check altitude and atmospheric pressure. Users navigate to the Barometer app via the home screen and can view a graph showing atmospheric changes. Altitude measurements range from –800 to 8800 meters, and air pressure measurements range from 300 to 1100 hPa. Additional notes provide instructions for manually calibrating altitude and enabling/disabling severe weather warnings.\n\nFinally, the **Severe weather warnings** section explains that the watch alerts users when rapid changes in air pressure exceed set thresholds, prompting them to move to a safe area. Users can enable this feature by navigating to the Barometer app, selecting Air pressure, and adjusting settings accordingly.\n\nThere are no tables, figures, or images on this page.\n</summary>"
    },
    "35": {
      "summary": "<summary>\nThis page from the HONOR Watch GS Pro Online Help manual focuses on two main features: using the compass and accessing weather reports. \n\n### Section 4.10: Using Compass\nThe section explains how to access and calibrate the compass feature on the watch. Users need to navigate to the home screen, press the Up button, swipe to find \"Compass,\" and follow onscreen instructions for calibration. Once calibrated, the watch will display a compass dial. A note clarifies that the compass does not show longitude, latitude, or altitude; users can obtain this information via their phone. Additionally, the barometer on the watch can be used to view current altitude and air pressure.\n\n### Section 4.11: Weather Reports\nThis section describes three methods for checking weather information on the watch:\n1. **Method 1**: Use a watch face that displays weather data directly on the home screen.\n2. **Method 2**: Swipe right on the screen to access the weather screen, where location, latest weather, temperature, and air quality can be viewed.\n3. **Method 3**: Open the Weather app by pressing the Up button, swiping to find \"Weather,\" and then checking the relevant details.\n\nA note provides additional guidance:\n- To enable weather reports, users must open the Huawei Health app, select their device, and enable \"Weather reports.\" They can also set the temperature unit to Celsius or Fahrenheit.\n- Weather information may vary slightly between the watch and phone due to different data sources.\n- For accurate weather updates, ensure the phone and Huawei Health app have location permissions. For EMUI versions earlier than 9.0, use GPS, WLAN, and mobile networks instead of GPS only.\n\nThere are no tables, figures, or images on this page.\n\n</summary>"
    },
    "36": {
      "summary": "<summary>\nThis page from the HONOR Watch GS Pro Online Help manual explains how to view outdoor environment information using the watch. The section, titled \"4.12 Viewing environment information,\" describes the feature that allows users to access data such as sunrise, sunset, moonrise, moonset times, moon phase, and tide times. To access this information, users need to press the Up button to enter the app list, swipe on the screen, and select the Weather app. A NOTE section highlights two important limitations: the watch can only display forecasts for sunrise, sunset, moonrise, and moonset times for the next 5 days, and tidal information is only available in some regions. The page does not contain any tables, figures, or images.\n\n</summary>"
    },
    "37": {
      "summary": "<summary>\nThis page is part of the \"HONOR Watch GS Pro Online Help\" document and focuses on providing guidance for various settings and features of the watch. It begins with a section titled \"5 More guidance,\" which lists several subsections including enabling Do Not Disturb mode, adjusting screen brightness, setting vibration strength, connecting earbuds, setting Gallery watch faces, viewing Bluetooth name and MAC address, and restoring the watch to factory settings. The detailed content covers two subsections: \n\n- **5.1 Enabling Do not disturb mode**: Instructions explain how to enable this mode by swiping down on the home screen, selecting \"No Disturb,\" and confirming the action. In Do Not Disturb mode, the watch will not vibrate for incoming calls but allows answering or rejecting calls if the calling feature is supported. Messages and notifications will not appear, and the Raise to Wake feature will be disabled.\n\n- **5.2 Adjusting screen brightness**: This section describes how to adjust the screen brightness by navigating through the Settings menu (Home > Up button > Settings > Display > Brightness). The default setting is \"Auto,\" which adjusts brightness automatically based on the environment. Manual adjustments range from Level 1 (dimmest) to Level 5 (brightest).\n\nThere are no tables, figures, or images present on this page.\n\n</summary>"
    },
    "38": {
      "summary": "<summary>\nThis page from the HONOR Watch GS Pro Online Help document provides instructions on three key features: setting vibration strength, connecting earbuds, and customizing watch faces using the Gallery feature. \n\n### Section 5.3: Setting the Vibration Strength\nThe section explains how to adjust the vibration strength of the watch. Users need to navigate to the Settings menu by pressing the Up button from the home screen, then select \"Strength.\" They can choose between \"Strong,\" \"Soft,\" or \"None\" and confirm their selection by touching OK. The watch will vibrate with the selected strength upon returning to the previous screen.\n\n### Section 5.4: Connecting Earbuds\nThis section guides users on pairing Bluetooth earbuds with the watch. After pressing the Up button from the home screen, users go to \"Settings > Earbuds.\" The watch will automatically search for available earbuds, and users must select their earbuds from the list and follow onscreen instructions to complete pairing. A note clarifies that while calls can be answered via the watch, audio will play through the watch's speaker rather than the earbuds. For call audio through earbuds, users should connect them to their phone instead.\n\n### Section 5.5: Setting Gallery Watch Faces\nThis section describes how to customize the watch face using images from the user's phone gallery. It begins with a note specifying that this feature is only available on Android phones; iOS users must unpair the device, pair it with an Android phone to transfer photos, and then re-pair with their iOS device. Additionally, it requires the Health app version 10.0.0.633 or above and the watch firmware version 1.0.1.16 or above. Users may not be able to set Gallery watch faces in certain regions. To proceed, users open the Huawei Health app, navigate to \"Devices > Watch faces > More > Mine,\" and touch \"Gallery.\" They can then upload an image from their phone's Gallery or take a new photo, select the desired image, and touch \"Save.\" The watch will display the customized image as its watch face.\n\n<figure_summary>Figure: The section mentions a figure showing the customized watch face after uploading an image, but the figure itself is not visible in the provided content.</figure_summary>\n\nOverall, the page focuses on enhancing user experience by providing detailed instructions for personalizing the watch's settings and appearance.\n</summary>"
    },
    "39": {
      "summary": "<summary>\nThis page from the \"HONOR Watch GS Pro Online Help\" document focuses on the \"Gallery\" feature of the watch interface. It demonstrates how users can customize the background of the watch face. The main visual element is a circular watch face displaying the time \"10:08 AM\" and the date \"FRI 18,\" set against a vibrant gradient background. Below the watch face, there is an option labeled \"Set as default,\" indicating that the user can select this design as their primary watch face. Navigation options at the top include a back arrow labeled \"Gallery\" and a trash icon for deletion. At the bottom, tabs labeled \"Background,\" \"Style,\" and \"Layout\" suggest further customization options, with \"Background\" currently selected. A red-bordered plus sign indicates an option to add new backgrounds or designs.\n\n<image_summary>The central image is a circular watch face showing the time and date, set against a colorful gradient background. This visual serves as an example of a customizable watch face design.</image_summary>\n\n<figure_summary>Figure 1: The watch face customization interface includes navigation controls, a trash icon, and tabs for different customization options. The \"Background\" tab is highlighted, emphasizing the current focus on changing the watch face background.</figure_summary>\n</summary>"
    },
    "40": {
      "summary": "<summary>\nThis page from the \"HONOR Watch GS Pro Online Help\" document focuses on customizing the watch face background. It explains how users can upload a new background image using either the camera or the gallery. The screenshot shows the watch interface with a digital clock display (\"10:08 AM, FRI 18\") and options for setting the background, style, and layout. A pop-up menu labeled \"Upload\" is highlighted, offering two options: \"Camera\" and \"Gallery,\" with a red box emphasizing these choices. The page is part of the \"More guidance\" section and is dated September 7, 2020.\n\n<image_summary>The main image is a screenshot of the HONOR Watch GS Pro interface. It displays a digital watch face with the time \"10:08 AM\" and the date \"FRI 18.\" Below the watch face, there is a button labeled \"Set as default.\" The interface includes tabs for \"Background,\" \"Style,\" and \"Layout.\" A pop-up menu titled \"Upload\" is visible, showing two options: \"Camera\" (with a camera icon) and \"Gallery\" (with a gallery icon), both highlighted by a red box. The word \"CANCEL\" is also visible below the options.</image_summary>\n</summary>"
    },
    "41": {
      "summary": "<summary>\nThe page from the \"HONOR Watch GS Pro Online Help\" document provides instructions on customizing watch faces in the Huawei Health app and viewing the Bluetooth name and MAC address of the watch. \n\nThe first section explains how to customize the watch face by navigating to the Gallery screen in the Huawei Health app. Users can touch \"Style\" to adjust the font and color of the displayed time and date, and \"Layout\" to change the position of these elements. A note specifies that only still images can be used as watch faces, with no file format restrictions, and a maximum of 20 images can be transferred at once. If multiple images are transferred, one will be selected randomly each time the screen wakes up, allowing users to switch between them by tapping the screen.\n\nThe second section, titled \"5.6 Viewing the Bluetooth name and MAC address,\" outlines three methods for accessing this information:\n1. On the home screen of the watch, press the Up button, go to Settings > About, where the Device name is the Bluetooth name, and the alphanumeric characters under \"MAC\" are the MAC address.\n2. The MAC address is also laser-engraved on the back of the watch, next to \"MAC:\".\n3. Connect the watch to the phone and view the MAC address in the Huawei Health app.\n\n<image_summary>The image shows a screenshot of the Gallery screen in the Huawei Health app. It displays a circular watch face with a blurred background image of a husky dog. The time \"10:08 AM\" and the date \"FRI 18\" are visible on the watch face. Below the watch face, there are options labeled \"Background,\" \"Style,\" and \"Layout.\" A red box highlights the \"Save\" button, indicating the action to save the customized watch face. Two smaller images are shown below: a plus sign for adding new images and a circular image of a husky dog, representing an example watch face.</image_summary>\n</summary>"
    },
    "42": {
      "summary": "<summary>\nThis page from the HONOR Watch GS Pro Online Help document focuses on restoring the watch to its factory settings. It begins by explaining how to locate the watch's MAC address using the Huawei Health app. The section titled \"5.7 Restoring the watch to its factory settings\" provides two methods for performing this action. Method 1 involves navigating through the watch's home screen to access the System > Reset option, while Method 2 uses the Huawei Health app to restore factory settings directly. A note at the end advises users to follow onscreen instructions when pairing the watch with a phone for the first time or accessing the System screen under Settings.\n\nThere are no tables, figures, charts, diagrams, or images present on this page. The content is purely textual, providing step-by-step guidance for users.\n\n</summary>"
    }
  }
}