{
  "doc_id": "Independents-Report.pdf",
  "pages": {
    "1": {
      "summary": "<summary>\nThis page is the title page of a report by the Pew Research Center titled \"Political Independents: Who They Are, What They Think.\" The subtitle highlights that most political independents \"lean\" toward a party, while \"true\" independents tend to avoid politics. The page includes contact information for media inquiries, listing Carroll Doherty as the Director of Political Research, Jocelyn Kiley as the Associate Director of Research, and Bridget Johnson as the Communications Manager. A phone number (202.419.4372) and the website (www.pewresearch.org) are provided for further inquiries. Additionally, a recommended citation format is included at the bottom of the page.\n\nThere are no tables, figures, charts, or images present on this page. The focus is entirely on textual information providing an overview of the report's topic and contact details for the Pew Research Center.\n\n</summary>"
    },
    "2": {
      "summary": "<summary>\nThis page provides an overview of the Pew Research Center, highlighting its role as a nonpartisan fact tank dedicated to informing the public about issues, attitudes, and trends shaping America and the world. The Center conducts various types of research, including public opinion polling, demographic studies, content analysis, and data-driven social science research. Its areas of focus include U.S. politics and policy, journalism and media, internet and technology, religion and public life, Hispanic trends, global attitudes, and U.S. social and demographic trends. All reports are accessible at the website www.pewresearch.org. The Pew Research Center is a subsidiary of The Pew Charitable Trusts, which serves as its primary funder. The page also includes a copyright notice dated 2019.\n\nThere are no tables, figures, images, or other visual elements present on this page.\n</summary>"
    },
    "3": {
      "summary": "<summary>\nThe page discusses the characteristics and political leanings of political independents in the United States. It highlights that while many Americans identify as independents, most have a partisan leaning toward either Democrats or Republicans. True independents, who lack a partisan affiliation, represent less than 10% of the public and are characterized by their low interest in politics. According to Pew Research Center surveys conducted in 2018, 38% of Americans describe themselves as independents, compared to 31% who identify as Democrats and 26% as Republicans. This proportion has increased slightly over time but remains higher than it was between 2000 and 2008.\n\n<figure_summary>Figure 1: A stacked bar chart showing the percentage of U.S. adults identifying as Democrats, Republicans, and independents (including those who lean toward a party) from 1994 to 2018. The chart illustrates that independents outnumber both Democrats and Republicans, but the majority of independents lean toward one of the two major parties. The \"No Lean\" category represents true independents, which remain a small portion of the population throughout the years.</figure_summary>\n\nNote: Other party/Don’t know responses are not shown. The data source is annual totals of Pew Research Center survey data among U.S. adults.\n</summary>"
    },
    "4": {
      "summary": "<summary>\nThe page discusses the political leanings and behaviors of independents in the United States, highlighting their alignment with either the Republican or Democratic Party. It notes that 81% of independents lean toward one of the two major parties, with 17% leaning Democratic and 13% leaning Republican. Independents who lean toward a party generally share similar political attitudes and views with partisans of the same party, such as opinions on issues like same-sex marriage and approval ratings for President Donald Trump. However, there are some areas where partisan leaners differ significantly from partisans, such as support for same-sex marriage. The page also emphasizes that independents, especially those who do not lean toward a party, are less politically engaged compared to Republicans or Democrats.\n\n<figure_summary>Figure 1: This bar chart illustrates the voting behavior of different groups during the 2018 election. It shows the percentage of registered voters who reported voting, broken down by party affiliation and leanings. Key findings include: 61% of Republicans voted, 54% of Republican-leaning independents voted, 33% of non-leaning independents voted, 48% of Democratic-leaning independents voted, and 59% of Democrats voted. The chart highlights that independents who do not lean to a party were less likely to vote compared to those who lean toward a party.</figure_summary>\n\nNote: The data is based on self-reported registration and voting among all adults, sourced from a Pew Research Center survey conducted Nov. 7-16, 2018, using the online American Trends Panel.\n</summary>"
    },
    "5": {
      "summary": "<summary>\nThis page from the Pew Research Center discusses voter participation and demographic differences between partisan leaners and partisans based on a survey conducted after the midterm elections. The survey found that partisan leaners were less likely than partisans to register and vote in congressional elections. Specifically, about half of Democratic-leaning independents (48%) reported voting, compared to 59% of Democrats. GOP leaners (54%) and Republicans (61%) showed comparable voting rates. Those who do not lean toward any party, known as \"independents,\" expressed less interest in politics and were even less likely to say they registered or voted, with only a third reporting voting in the midterms.\n\nThe page also highlights demographic differences between independents and partisans. Men constitute a majority (56%) of independents, which is higher than the share of men among Republican identifiers (51%) and significantly higher than among Democrats (40%). Among independents, men make up 64% of Republican leaners and 55% of those who do not lean toward any party, while Democratic leaners have roughly equal shares of men (51%) and women (49%).\n\nAdditionally, independents are younger on average than partisans. Fewer than half (37%) of independents are ages 50 and older, compared to 48% of Democrats and 54% of Republicans. Democratic-leaning independents are notably younger, with nearly a third (31%) being under 30, compared to 21% of Republican-leaning independents and much lower percentages among self-identified Democrats (19%) and Republicans (14%).\n\nThere are no tables, figures, charts, or images on this page; the information is presented entirely through text.\n</summary>"
    },
    "6": {
      "summary": "<summary>\nThe page discusses how Donald Trump's job approval ratings during his early presidency were highly polarized along partisan lines, more so than any president in the past six decades. It highlights that Trump's approval rating among Republicans was relatively high compared to recent presidents, reaching 85% in 2017 and remaining stable at around 84% in 2018. In contrast, his approval rating among Democrats was significantly lower (7%) compared to previous presidents like Barack Obama, George W. Bush, and Bill Clinton. Additionally, Trump's job rating among independents was lower than those of his recent predecessors; his average rating among independents was 34% in both 2017 and 2018, whereas Obama's average rating among independents was 50% in his first year and fell to 42% in his second year.\n\n<figure_summary>Figure 1: A series of line graphs comparing job approval ratings over time for four U.S. presidents—Bill Clinton, George W. Bush, Barack Obama, and Donald Trump. Each graph shows approval ratings across different political affiliations (Democrats, Lean Democrats, All Independents, Lean Republicans, and Republicans). For Clinton, Bush, and Obama, the graphs illustrate fluctuations in approval ratings over their terms, with varying levels of support across partisan groups. For Trump, the graph shows a stark divide, with high approval among Republicans and very low approval among Democrats and independents.</figure_summary>\n\nThe page emphasizes that Trump's job rating among Democratic-leaning independents was as low as it was among Democrats themselves, further illustrating the deep polarization in public opinion during his early presidency.\n</summary>"
    },
    "7": {
      "summary": "<summary>\nThe page discusses President Trump's job approval ratings among independents during his first two years in office, comparing them to those of previous presidents. It highlights that Trump's early rating among independents is similar to Clinton's average approval rate of about 42%, while Bush had significantly higher ratings due to the post-9/11 period. The text notes that Trump's approval among GOP-leaning independents was comparable to Obama’s and Clinton’s ratings among Democratic-leaning independents but much lower than Bush’s among Republican leaners. Additionally, Trump's approval among independents who lean toward the opposing party was notably low, similar to his ratings among members of the opposing party. Among Democratic-leaning independents, Trump's approval was as low as his rating among Democrats themselves (7% in 2017, 9% in 2018). Finally, the page mentions that Trump's approval was also low among non-partisan independents, with only about a quarter approving of his performance, while nearly six-in-ten disapproved.\n\nThere are no tables, figures, charts, or images present on this page.\n</summary>"
    },
    "8": {
      "summary": "<summary>\nThe page discusses Independents' views on the U.S.-Mexico border wall and other key issues, highlighting how their attitudes often align with those of the overall public but can vary depending on their leanings toward either party. Key findings include:\n- Independents oppose Trump's border wall expansion proposal by a wide margin (62% to 36%), with Democratic-leaning independents overwhelmingly disapproving (95%) compared to Republican-leaning independents who favor it (though by a smaller margin than Republicans).\n- Among Republican-leaning independents, support for expanding the border wall is substantial (75% to 23%), with even stronger support among those who affiliate with the Republican Party (87% to 11%).\n\nThe page also presents data on views regarding tariffs and the tax law passed by Trump and Congress, showing overwhelming opposition to tariffs and low approval for the tax law among Democrats and Democratic-leaning independents.\n\n<table_summary>\nThe table provides detailed percentages for various groups (Total, Republican, Democrat, Independent, Lean Rep, Lean Dem, No lean) on three key issues:\n1. **Support for substantially expanding the wall along the U.S.-Mexico border**: Oppose vs. Favor.\n2. **Perception of increased tariffs between the U.S. and trading partners**: Bad for U.S. vs. Good for U.S.\n3. **Approval of the tax law passed by Trump and Congress**: Disapprove vs. Approve.\nEach category is color-coded (yellow for \"Oppose\" or \"Bad for U.S.\" or \"Disapprove,\" and brown for \"Favor\" or \"Good for U.S.\" or \"Approve\"), providing a visual representation of the distribution of opinions across different political affiliations and leanings.\n</table_summary>\n\n<figure_summary>\nThere are no standalone figures or charts on this page; the primary visual element is the table summarizing survey responses.\n</figure_summary>\n\n<image_summary>\nThere are no images, photographs, or illustrations on this page.\n</image_summary>\n\nNotes indicate that \"Don't know\" responses are not shown, and there is a small sample size of non-leaning independents for the border wall issue (N=88). For tariffs and tax law, the sample size of non-leaning independents is insufficient for analysis. The source is surveys conducted by Pew Research Center in September 2018 and January 2019.\n</summary>"
    },
    "9": {
      "summary": "<summary>\nThe page discusses the views of Independents regarding increased tariffs between the U.S. and its trading partners, as well as their opinions on the 2017 tax bill. Overall, Independents have a negative view of increased tariffs, with 53% believing they will be bad for the U.S., compared to 36% who think they will be good. Regarding the 2017 tax law, Independents' views are more divided, with 34% approving and 43% disapproving. Democratic-leaning Independents are more likely to view increased tariffs negatively (75%) than Republican-leaning Independents, who are more positive about them (66%). On taxes, two-thirds of GOP leaners approve of the tax law, while an identical share of Democratic leaners disapprove.\n\nThere are no tables, figures, charts, diagrams, or images present on this page.\n</summary>"
    },
    "10": {
      "summary": "<summary>\nThe page discusses the divided opinions among independents regarding the size of government and government regulation of business. Republican-leaning independents predominantly favor a smaller government providing fewer services, with 78% preferring this option compared to just 17% who prefer a bigger government with more services. In contrast, Democratic-leaning independents mostly prefer a bigger government. GOP leaners have views nearly identical to those who affiliate with the GOP, with 74% favoring smaller government. The data also highlights differences in views on government regulation, with varying opinions on whether such regulation is necessary to protect the public interest or if it does more harm than good.\n\n<table_summary>\nThe table presents survey results showing the percentage of respondents who prefer either a \"Smaller government providing fewer services\" or a \"Bigger government providing more services,\" as well as their views on whether \"Govt. reg. is necessary to protect the public interest\" versus whether \"Govt. reg. of business does more harm than good.\" The data is broken down by political affiliation (Republican, Democrat, Independent) and leaning (Lean Rep, Lean Dem, No lean). For example, 74% of Republicans prefer a smaller government, while 65% of Democrats believe government regulation is necessary to protect the public interest.\n</table_summary>\n\n<notes>\nThe notes indicate that \"Don’t know\" responses were not shown, and there was a small sample of non-leaning independents (N=93). The source of the data is surveys conducted by Pew Research Center among U.S. adults between April 25–May 1, 2018, and September 18–24, 2018.\n</notes>\n</summary>"
    },
    "11": {
      "summary": "<summary>\nThe page discusses differences in opinions about the fairness of the U.S. economic system among various political affiliations. Democrats and Democratic leaners largely agree that the system unfairly favors powerful interests, while Republicans show more variation in opinion. A majority of Republicans (63%) believe the system is generally fair, whereas fewer than half (29%) think it unfairly favors powerful interests. GOP leaners are divided, with 49% seeing the system as fair and 46% viewing it as unfair. In contrast, large majorities of Democrats (85%) and Democratic leaners (81%) believe the system unfairly favors powerful interests, as do most independents who do not lean toward a party (70%).\n\n<table_summary>\nThe table presents survey data showing the percentage of respondents who believe the U.S. economic system is either \"unfairly favors powerful interests\" or \"is generally fair to most Americans.\" It breaks down responses by political affiliation (Republican, Democrat, Independent) and leans (Lean Rep, Lean Dem, No lean). For example, 63% of Republicans say the system is generally fair, compared to only 14% of Democrats. Similarly, 81% of Democratic leaners believe the system unfairly favors powerful interests, while 49% of Republican leaners hold this view.\n</table_summary>\n\n<note>\nThe note at the bottom indicates that \"Don't know\" responses were not shown, and the source is a Pew Research Center survey conducted from September 18–24, 2018.\n</note>\n</summary>"
    },
    "12": {
      "summary": "<summary>\nThe page discusses Independents' views on race, immigrants, and gender in the U.S., highlighting significant differences compared to partisans. Majorities of Independents believe the U.S. needs to make changes to achieve racial equality (57%) and acknowledge obstacles hindering women's progress (54%). Additionally, a majority of Independents (66%) say immigrants strengthen the country, while only 23% view them as a burden. The page also notes that Republicans are more likely than Republican-leaning Independents to view immigrants as a \"burden\" on the country.\n\n<table_summary>\nThe table presents survey data comparing the views of different political groups (Total, Republican, Democrat, Independent, Lean Rep, Lean Dem, No lean) on several issues related to race, immigration, and gender. It includes percentages for:\n1. Whether the U.S. has made changes to give blacks equal rights with whites.\n2. Whether the U.S. needs to continue making changes to give blacks equal rights with whites.\n3. Whether immigrants are a burden on the country due to taking jobs, housing, and health care.\n4. Whether immigrants strengthen the country because of their hard work and talents.\n5. Whether significant obstacles still make it harder for women to get ahead.\n6. Whether obstacles blocking women’s progress are largely gone.\nThe data reveals stark differences between Republicans and Democrats, with Republicans being more skeptical about racial equality and more likely to view immigrants negatively. Independents fall somewhere in between, showing nuanced opinions.\n</table_summary>\n\n<figure_summary>\nThere are no standalone figures or charts on this page; the primary visual element is the table summarizing survey responses across different political affiliations.\n</figure_summary>\n\n<image_summary>\nThere are no images, photographs, or illustrations on this page. The focus is entirely on textual and tabular data.\n</image_summary>\n\nNotes at the bottom of the page indicate that \"Don’t know\" responses were not shown, and the surveys were conducted via the online American Trends Panel. The data for women facing obstacles excludes non-leaning independents due to insufficient sample size, while the immigrant data excludes non-leaning independents due to a small sample size (N=88). The source of the data is Pew Research Center, with surveys conducted between February 2018 and January 2019.\n</summary>"
    },
    "13": {
      "summary": "<summary>\nThe page discusses differences in views regarding immigrants' impact on the country among various political affiliations. Republican-leaning independents differ from Republicans in their perspectives. Among GOP leaners, 44% believe immigrants strengthen the country due to their hard work and talents, while 40% view them as a burden because they take jobs, housing, and health care. A majority (55%) of those who identify as Republicans also see immigrants as a burden. In contrast, views among Democratic-leaning independents and Democrats are largely positive; 88% of Democratic-leaning independents and 80% of Democrats say immigrants strengthen the U.S.\n\nThere are no tables, figures, charts, diagrams, or images present on this page.\n</summary>"
    },
    "14": {
      "summary": "<summary>\nThe page discusses public support for same-sex marriage and marijuana legalization, focusing on the views of independents compared to Democrats and Republicans. It highlights that public support for same-sex marriage has grown significantly over the past decade, with 62% of adults favoring it in June 2017, while 32% were opposed. Independents' views on same-sex marriage closely align with those of Democrats, with 73% of Democrats and 70% of independents supporting it. In contrast, only 40% of Republicans favored same-sex marriage, with 54% opposed. Republican-leaning independents showed higher support for same-sex marriage (58%) than Republicans overall (37%). \n\nThe page also examines attitudes toward marijuana legalization, noting that public support has followed an upward trend, with 62% of the public currently favoring legalization and 34% opposing it. Majorities of both Democrats (69%) and independents (68%) support legalization, while Republicans are divided, with 45% in favor and 51% opposed. GOP-leaning independents show a majority (60%) in favor of legalization, while Democratic-leaning independents have even stronger support at 75%.\n\n<table_summary>\nThe table provides data on the percentage of respondents who oppose or favor allowing gays and lesbians to marry legally, as well as those who think marijuana use should be legal or illegal. It breaks down responses by political affiliation (Republican, Democrat, Independent) and leanings (Lean Rep, Lean Dem, No lean). For example, among all respondents, 32% oppose same-sex marriage, while 62% favor it. Regarding marijuana legalization, 34% oppose it, and 62% favor it. The table also shows that Democrats and independent-leaning groups have higher support for both issues compared to Republicans.\n</table_summary>\n\n<note>\nThe note indicates that \"Don't know\" responses are not shown, and the source of the data is surveys conducted by Pew Research Center between June 8–18 and June 27–July 9, 2017, and September 18–24, 2018.\n</note>\n</summary>"
    },
    "15": {
      "summary": "<summary>\nThis page from the Pew Research Center discusses the views of Independents who do not lean toward either political party. It highlights two key findings: 65% of these Independents favor same-sex marriage, and 70% support the legalization of marijuana. The page does not contain any tables, figures, charts, or images.\n\n<table_summary>There are no tables present on this page.</table_summary>\n\n<figure_summary>There are no figures, charts, or graphs present on this page.</figure_summary>\n\n<image_summary>There are no images, illustrations, or photographs present on this page.</image_summary>\n</summary>"
    },
    "16": {
      "summary": "<summary>\nThe page discusses trends in political self-identification among partisans and partisan leaners in the U.S., based on Pew Research Center data. It highlights that more independents continue to describe their views as moderate (43%) compared to conservative (29%) or liberal (24%), with little change in recent years. The page also notes an increase in the shares of Republicans and Republican-leaning independents identifying as conservative, while Democrats and Democratic-leaning independents show growth in those identifying as liberal.\n\n<figure_summary>Figure 1: Three line graphs showing the percentage of respondents who identify as Conservative, Moderate, and Liberal over time (from 2000 to 2018). Each graph includes lines for Republicans, Republican leaners, all independents, Democrats, and Democratic leaners. The Conservative graph shows a rise in conservative identification among Republicans and Republican leaners, while the Moderate graph indicates a decline in moderate identification across most groups. The Liberal graph shows an increase in liberal identification among Democrats and Democratic leaners.</figure_summary>\n\nThe text elaborates that since 2000, there has been a significant increase in the share of Republicans and Republican-leaning independents identifying as conservative (51% today), surpassing moderates (39%) and liberals (8%). In contrast, in 2000, GOP leaners had nearly equal shares of conservatives (42%) and moderates (43%), with only 11% identifying as liberal. For Democrats and Democratic leaners, there has been growth in liberal identification, though moderates still slightly outnumber liberals (45% vs. 39%). However, this gap has narrowed since 2000, when moderates outnumbered liberals by a larger margin (50% to 30%).\n\nNote: Don't know responses are not shown, and the source is annual totals of Pew Research Center survey data among U.S. adults.\n</summary>"
    },
    "17": {
      "summary": "<summary>\nThe page discusses the political leanings of independents in the United States, based on data from the Pew Research Center. It highlights that moderates constitute the largest share of independents who do not lean toward either major party, with nearly half identifying as moderate. Additionally, 24% of these independents describe themselves as conservatives, while 18% identify as liberals. The text notes that these proportions have remained relatively stable since the year 2000.\n\nThere are no tables, figures, charts, diagrams, or images present on this page. The focus is entirely on the textual analysis of political ideology among independents.\n\n</summary>"
    },
    "18": {
      "summary": "<summary>\nThe page discusses how independents view political parties in the United States, highlighting the dynamics of favorability and unfavorability towards the two major parties. It notes that in a two-party system, most Americans tend to view their own party favorably while viewing the opposing party unfavorably. Specifically, two-thirds of Americans (66%) hold this view, while about one-in-five (17%) feel unfavorably toward both parties, and 12% feel favorably toward both. The text also mentions an increase in the share of Americans who have a positive view of one party and a negative view of the other since 2015 (from 58% to 66%), alongside a decline in those expressing a negative view of both parties (from 23% to 17%).\n\n<figure_summary>Figure 1: A line graph illustrating trends in American views of political parties over time. The graph shows four categories: \"Favorable to one party, unfavorable to the other,\" \"Favorable to both parties,\" \"Unfavorable to both parties,\" and \"Don't know responses not shown.\" The data spans from 1994 to 2018, with the percentage of each category plotted annually. Key observations include a steady increase in the \"Favorable to one party, unfavorable to the other\" category (from 57% to 66%) and a decrease in the \"Unfavorable to both parties\" category (from 23% to 17%). The source of the data is Annual totals of Pew Research Center survey data among U.S. adults.</figure_summary>\n\nThe overall message emphasizes the growing polarization in American political attitudes, with more people holding strong partisan views and fewer expressing negativity towards both parties.\n</summary>"
    },
    "19": {
      "summary": "<summary>\nThe page discusses how independents who lean toward a party have less favorable views of their party compared to partisans. It highlights that a higher percentage of independents (28%) than Republicans (10%) or Democrats (9%) hold unfavorable opinions of both parties. The text notes a decline in the share of independents viewing both parties negatively over recent years, with a significant shift among Republican-leaning independents, who now view the GOP more favorably. In July 2015, only 44% of GOP leaners had a favorable opinion of the Republican Party, but today, 55% do, while the percentage viewing both parties unfavorably has dropped from 47% to 24%. Independents who do not lean toward a party are most likely to have an unfavorable opinion of both parties (37%), with only 22% having favorable opinions of both parties.\n\n<figure_summary>Figure 1: A horizontal bar chart titled \"Independents who do not lean toward a party are more likely to have unfavorable views of both parties.\" The chart categorizes respondents by political affiliation (Republican, Democrat, Independent, Lean Rep, Lean Dem, No lean) and shows percentages for four categories: \"Favorable to both,\" \"Favorable to Rep Party, unfavorable to Dem Party,\" \"Favorable to Dem Party, unfavorable to Rep Party,\" and \"Unfavorable to both.\" The data illustrates varying levels of partisan favorability and negativity across different groups.</figure_summary>\n\nNote: Don't know responses are not shown. The source is the Annual total of 2018 Pew Research Center survey data (U.S. adults).\n</summary>"
    },
    "20": {
      "summary": "<summary>\nThe page discusses the growing partisan antipathy among partisans and leaners in the United States over the past two decades. It highlights how Republicans and Democrats have increasingly viewed the opposing party negatively, with unfavorable views reaching near all-time highs. Specifically, 87% of Republicans view the Democratic Party unfavorably, while 88% of Democrats view the Republican Party unfavorably. Similar trends are observed among independents who lean toward either party. The page emphasizes that intense dislike of the opposing party has surged among both partisans and leaners, reflecting a broader trend of political polarization.\n\n<figure_summary>Figure 1: Two line graphs showing the percentage of U.S. adults with unfavorable views of the Republican Party (left) and Democratic Party (right) from 1994 to 2018. The left graph tracks unfavorable views of the Republican Party among Democrats, Democratic leaners, all independents, and Republicans. The right graph shows unfavorable views of the Democratic Party among Republicans, Republican leaners, all independents, and Democrats. Both graphs illustrate a significant increase in unfavorable views over time, with peaks around 2018.</figure_summary>\n\nSource: Annual totals of Pew Research Center survey data (U.S. adults).\n</summary>"
    },
    "21": {
      "summary": "<summary>\nThe page discusses the increasing polarization in American politics, specifically focusing on the growing unfavorable opinions of one party by the leaning independents of the opposing party. It highlights that between 1994 and 2018, the share of Democratic-leaning independents with a \"very unfavorable\" opinion of the Republican Party more than quadrupled, rising from 8% to 37%. Similarly, the share of Republican-leaning independents with a \"very unfavorable\" opinion of the Democratic Party increased from 15% to 39% during the same period. This data underscores a significant shift toward more negative perceptions across party lines over time.\n\nThere are no tables, figures, images, or charts present on this page. The information is conveyed entirely through textual data and statistics.\n</summary>"
    },
    "22": {
      "summary": "<summary>\nThis page from the Pew Research Center presents data comparing the demographic characteristics of partisans (Republicans, Democrats) and independents, including leaners (those who identify as leaning toward a party). The main finding is that independents are younger and more likely to be men compared to partisans. The data is organized into categories such as gender, race/ethnicity, age, and education level, showing percentages for each group.\n\n<table_summary>\nThe table provides detailed demographic breakdowns for six groups: Republicans, Democrats, Independents, Lean Republican, Lean Democrat, and No Lean. Each row represents a demographic category (e.g., Male/Female, Race/Ethnicity, Age, Education), and the columns show the percentage of each group falling into those categories. For example, 56% of Independents are male, while 64% of Lean Republicans are male. The table also highlights that Independents have a higher proportion of younger individuals (e.g., 25% aged 18-29) compared to partisans.\n</table_summary>\n\nThe source of the data is noted as the annual total of 2018 Pew Research Center survey data among U.S. adults.\n\nNo other visual elements such as figures, charts, or images are present on this page.\n</summary>"
    },
    "23": {
      "summary": "<summary>\nThis page is an \"Acknowledgements\" section from a report by the Pew Research Center, highlighting the collaborative effort behind the document. It lists the contributions of various individuals across different roles, including research, communications, editorial, and graphic design. The research team includes Carroll Doherty, Jocelyn Kiley, Alec Tyson, Bradley Jones, Baxter Oliphant, Hannah Hartig, Amina Dunn, John LaLoggia, and Haley Davie, with roles ranging from Director to Intern. Bridget Johnson is credited for communications and editorial work, while Alissa Scheller is acknowledged for graphic design and web publishing.\n\nThere are no tables, figures, charts, or images present on this page. The focus is entirely on recognizing the individuals who contributed to the report's development.\n\n</summary>"
    }
  }
}