{
  "doc_id": "Macbook_air.pdf",
  "pages": {
    "1": {
      "summary": "<summary>\nThe page contains a simple congratulatory message that reads: \"Congratulations, you and your MacBook Air were made for each other.\" This message appears to be a celebratory note, likely intended for someone who has recently acquired a MacBook Air, emphasizing a sense of compatibility and satisfaction between the user and the device.\n\nThere are no tables, figures, charts, diagrams, or images present on this page. The focus is entirely on the textual message, which conveys a positive and welcoming tone.\n</summary>"
    },
    "2": {
      "summary": "<summary>\nThe page highlights several key features of a MacBook, focusing on its built-in iSight camera, Finder, and Time Machine functionalities. The text explains that the iSight camera allows users to engage in video chats with up to three friends simultaneously, anywhere in the world. Links to Apple's website and Mac Help are provided for more information. The Finder feature is described as enabling users to browse computer contents using Cover Flow, with corresponding links for further details. Lastly, Time Machine is introduced as an automatic backup solution that saves files to an external hard drive, ensuring data security.\n\n<figure_summary>Figure 1: An illustration of a MacBook laptop displaying a webpage on its screen. The figure emphasizes the laptop's sleek design and the functionality of the iSight camera, which is shown at the top of the screen with a video chat interface.</figure_summary>\n\n<image_summary>Image 1: A small icon representing the Finder application, depicted as a blue folder with a white paper clip. This icon visually represents the tool used for browsing computer contents.</image_summary>\n\n<image_summary>Image 2: A circular icon representing the Time Machine application, featuring a clock-like design with arrows indicating time progression. This icon symbolizes the automatic backup functionality.</image_summary>\n</summary>"
    },
    "3": {
      "summary": "<summary>\nThe page introduces Apple's iLife '08 suite, a collection of creative software tools designed for multimedia creation and management. The suite includes four main applications: iMovie, iPhoto, GarageBand, and iWeb. Each application is described with its primary function and accompanied by a small icon and links for more information.\n\n- **iMovie**: Allows users to collect all video in one library, create and share movies quickly. Links provided include the official website and help resources.\n  \n- **iPhoto**: Helps users organize photos with events and publish them to a web gallery. Links are available for the official site and help documentation.\n\n- **GarageBand**: Enables users to create music by adding virtual musicians to a stage, enhancing songs like a professional producer. Links to the app's website and help resources are included.\n\n- **iWeb**: Facilitates the creation of beautiful websites incorporating photos, movies, blogs, podcasts, and dynamic web widgets. Links to the app's website and help are also provided.\n\nThe central graphic features the \"iLife '08\" logo surrounded by blue cards, each representing one of the applications, with visual cues related to their functions (e.g., a guitar for GarageBand, a camera for iPhoto). Additional icons at the top and bottom corners represent the respective applications, reinforcing their identity.\n\n</summary>"
    },
    "4": {
      "summary": "<summary>\nThe page appears to be blank, containing no visible text, tables, figures, images, or other content.\n</summary>"
    },
    "5": {
      "summary": "<summary>\nThis page is the table of contents for a user guide related to the MacBook Air. It outlines the structure of the document, divided into three main chapters. Chapter 1, \"Ready, Set Up, Go,\" covers initial setup tasks such as welcoming the user, unpacking the box, setting up the MacBook Air, configuring DVD or CD sharing, migrating data, obtaining additional information, and managing sleep/shutdown modes. Chapter 2, \"Life with Your MacBook Air,\" focuses on familiarizing users with the device's features, including basic functionalities, keyboard features, ports, trackpad usage, battery power management, and troubleshooting resources. Chapter 3, \"Problem, Meet Solution,\" addresses common issues that may prevent users from using their MacBook Air effectively and introduces Apple Hardware Test as a diagnostic tool.\n\nThere are no tables, figures, images, or charts present on this page; it solely contains textual content in the form of a detailed table of contents.\n</summary>"
    },
    "6": {
      "summary": "<summary>\nThis page appears to be a table of contents from a user manual or guide, likely for a MacBook Air. It lists various sections and subsections, organized into chapters, along with their corresponding page numbers. The main topics covered include software reinstallation methods, troubleshooting wireless communication and internet issues, software updates, service support, locating product serial numbers, safety information, handling guidelines, ergonomics, environmental considerations, regulatory compliance, and an index for easy navigation.\n\nThe page does not contain any tables, figures, charts, diagrams, or images. It is purely textual, providing a structured overview of the document's content.\n\nKey sections highlighted in this table of contents include:\n- Chapter 3, which focuses on reinstallation of software using Remote Install Mac OS X and the MacBook Air SuperDrive, as well as troubleshooting AirPort Extreme Wireless Communication and internet connection problems.\n- Chapter 4, titled \"Last, but Not Least,\" which covers important safety information, handling instructions, ergonomic considerations, Apple's environmental impact, and regulatory compliance details.\n- An index is also mentioned at the end for quick reference.\n\nThis table of contents serves as a roadmap for users to navigate through the manual efficiently, ensuring they can find relevant information quickly.\n</summary>"
    },
    "7": {
      "summary": "<summary>\nThe page introduces the section titled \"Ready, Set Up, Go,\" which likely serves as an introductory or preparatory segment for setting up a new device, possibly a MacBook Air based on the context provided. The page includes links for further assistance: one to the Apple website (\"www.apple.com/macbookair\") and another to the Mac Help section specifically for the Migration Assistant.\n\n<image_summary>The background is a solid light gray color, and the number \"1\" is prominently displayed in the top-right corner, indicating this is the first page or section of a guide.</image_summary>\n\nNo tables, figures, or additional images are present on this page, keeping the design minimalistic and focused on guiding the user to the next steps in the setup process.\n</summary>"
    },
    "8": {
      "summary": "<summary>\nThis page welcomes users who have purchased a MacBook Air, emphasizing its portability and wireless capabilities. It introduces Chapter 1, \"Ready, Set Up, Go,\" which provides guidance on setting up and using the device. The page offers two setup scenarios: one for users primarily downloading apps and content from the internet, suggesting basic instructions for quick setup, and another for users migrating data from another Mac or transferring content from CDs/DVDs, recommending identifying compatible computers to partner with the MacBook Air. An important note advises reading all installation instructions and safety information before first use. Additionally, it directs users to Mac Help for further assistance and mentions that Apple may release updates, so the book's images might differ slightly from what appears onscreen.\n\nThere are no tables, figures, or images on this page.\n\n</summary>"
    },
    "9": {
      "summary": "<summary>\nThis page provides an overview of the contents included in the box with a MacBook Air and offers guidance on setting up the device. It emphasizes the importance of removing the protective film from the 45W MagSafe Power Adapter before use. Additionally, it discusses the handling of optical discs, noting that while the MacBook Air lacks an internal optical drive, it includes DVD discs with important software. Users can access this software using another Mac or Windows computer's optical drive or by purchasing the optional MacBook Air SuperDrive.\n\n<image_summary>The page features an illustration of the MacBook Air along with its accessories, including the 45W MagSafe Power Adapter, AC power cord, Micro-DVI to VGA Adapter, and Micro-DVI to DVI Adapter. Each accessory is labeled for clarity.</image_summary>\n\n<image_summary>A close-up image of the AC plug is provided, highlighting the connection point for the power adapter.</image_summary>\n</summary>"
    },
    "10": {
      "summary": "<summary>\nThis page provides an introduction to setting up a MacBook Air, emphasizing the ease of setup and outlining the key tasks involved. It highlights the importance of plugging in the 45W MagSafe Power Adapter to power and charge the device. The page begins by listing the setup process steps, including connecting the power adapter, turning on the MacBook Air, using Setup Assistant for network access and user account configuration, and setting up the Mac OS X desktop and preferences. The primary focus of this page is Step 1: Plugging in the 45W MagSafe Power Adapter. Instructions detail inserting the AC plug into a power outlet and connecting the MagSafe connector to the MagSafe power port located on the back left side of the MacBook Air, noting the magnetic pull that secures the connection.\n\n<image_summary>An illustration shows the 45W MagSafe Power Adapter connected to a power outlet and the MagSafe connector inserted into the MagSafe power port on the back of a MacBook Air. Labels identify the AC plug, MagSafe connector, MagSafe power port, and AC power cord.</image_summary>\n</summary>"
    },
    "11": {
      "summary": "<summary>\nThis page provides instructions on extending the reach of a MacBook Air power adapter by using an AC power cord instead of the standard plug. It explains how to remove the AC plug from the adapter, attach the included AC power cord securely, and connect it to a power outlet. The page also details the proper method for disconnecting the power adapter, emphasizing that the plug, not the cord, should be pulled. Additionally, it describes the indicator light behavior when connecting the power adapter to a MacBook Air: an amber light indicates charging, a green light indicates full charge, and no light suggests a connection issue, which can be resolved by ensuring the connector is properly seated and the adapter is plugged into a power outlet.\n\nThere are no tables, figures, or images on this page. The content focuses solely on textual instructions related to the power adapter setup and usage.\n</summary>"
    },
    "12": {
      "summary": "<summary>\nThis page provides instructions for turning on a MacBook Air. It emphasizes Step 2, which involves pressing the power button briefly to initiate startup. Upon turning on the computer, users will hear a tone, and it takes a few moments for the device to start up. After startup, the Setup Assistant opens automatically. If the computer fails to turn on, readers are directed to consult \"If your MacBook Air doesn’t turn on or start up\" on page 42.\n\n<image_summary>An illustration of a MacBook Air is shown, highlighting the power button, trackpad, and trackpad button. A hand is depicted pressing the power button, visually guiding users on where to press to turn on the device.</image_summary>\n</summary>"
    },
    "13": {
      "summary": "<summary>\nThis page provides instructions for configuring a MacBook Air using Setup Assistant during its initial setup. It explains that Setup Assistant guides users through entering internet information, setting up a user account, and optionally migrating data from another Mac. Users have the option to perform a basic setup by selecting \"Do not transfer my information now\" or migrate data by first preparing another Mac with an optical disc drive. The page also notes that if Setup Assistant is started but left mid-process, users can pause it, install DVD or CD Sharing software on another computer, and return to complete the setup later.\n\nThere are no tables, figures, or images on this page. The content focuses entirely on textual instructions and notes related to the setup process.\n\n</summary>"
    },
    "14": {
      "summary": "<summary>\nThis page provides instructions on customizing the Mac OS X desktop and setting preferences. It explains how to access System Preferences, either by selecting \"Apple () > System Preferences\" from the menu bar or by clicking the System Preferences icon in the Dock. The page emphasizes that System Preferences serves as the central command center for most settings on a MacBook Air. A screenshot of the Mac desktop is included, highlighting key elements such as the Menu bar, Help menu, Spotlight search icon, Dock, Finder icon, and System Preferences icon.\n\n<image_summary>The image is a screenshot of a Mac OS X desktop interface. It illustrates various components of the desktop environment, including the Menu bar at the top, the Help menu, the Spotlight search icon, the Dock at the bottom, the Finder icon, and the System Preferences icon. The desktop background features a starry night sky, and the Finder window displays a list of files and folders.</image_summary>\n</summary>"
    },
    "15": {
      "summary": "<summary>\nThis page explains how to set up DVD or CD sharing between a MacBook Air and another Mac or Windows computer equipped with an optical disc drive, provided they are connected via the same wired or wireless network. The primary purposes include migrating information to the MacBook Air if the other computer is a Mac, sharing the contents of DVDs or CDs, and remotely installing Mac OS X or using Disk Utility. The supported systems for the partner computer include Macs running Mac OS X v10.4.10 or later, and Windows XP or Windows Vista computers. Additionally, it is noted that you can partner with more than one other computer.\n\n<figure_summary>Figure 1: An illustration showing a Mac or Windows computer connected wirelessly to a MacBook Air. The diagram includes a representation of a CD/DVD near the Mac or Windows computer, emphasizing the shared access to optical media.</figure_summary>\n</summary>"
    },
    "16": {
      "summary": "<summary>\nThe page provides instructions for setting up DVD or CD Sharing on a MacBook Air using the Mac OS X Install Disc 1. It explains how to install the necessary software for DVD or CD Sharing, Migration Assistant, and Remote Install Mac OS X. For Mac users, it involves double-clicking the relevant package on the install disc, while Windows users need to select \"DVD or CD Sharing\" from the Install Assistant. The page also outlines the process for migrating information to a new MacBook Air from another Mac computer. This includes ensuring both computers are on the same network, checking wireless connections, and following the Setup Assistant's onscreen instructions to transfer user accounts, files, applications, and other data.\n\nThere are no tables, figures, or images present on this page.\n\n</summary>"
    },
    "17": {
      "summary": "<summary>\nThis page provides step-by-step instructions for setting up a migration between two Mac computers using Migration Assistant. It begins by explaining that when the \"Connect To Your Other Mac\" screen appears with a passcode displayed, the user should perform the remaining steps on the second Mac. The passcode must be entered in Migration Assistant on the second Mac. The page includes an image of the \"Connect To Your Other Mac\" screen, which lists instructions such as inserting the Mac OS X Install Disc, joining the same AirPort network, opening Migration Assistant, and entering the passcode (640256). Following this, the user is instructed to open Migration Assistant on the second Mac, select the \"To another Mac\" migration method, and ensure no other applications are running before proceeding.\n\n<image_summary>The image shows the \"Connect To Your Other Mac\" screen with detailed instructions for preparing the second Mac for migration. It includes steps like inserting the installation disc, joining the same Wi-Fi network, opening Migration Assistant, and entering the passcode \"640256.\" Buttons labeled \"Learn More,\" \"Go Back,\" and \"Continue\" are also visible.</image_summary>\n\nThe page concludes with instructions to quit any open applications on the second Mac before continuing with the migration process.\n</summary>"
    },
    "18": {
      "summary": "<summary>\nThis page provides instructions for setting up a new Mac using Migration Assistant. Step 7 instructs users to enter the six-digit passcode displayed in Setup Assistant on their MacBook Air into the Migration Assistant on the new Mac. Step 8 advises clicking \"Continue\" to start the migration process. An important note emphasizes not using the other Mac for anything else until the migration is complete.\n\n<image_summary>The image shows a screenshot of the Migration Assistant interface on the new Mac. It displays a message indicating that the Migration Assistant has found the user's MacBook Air (\"New Mac\") and prompts them to enter the passcode. There are fields for entering the passcode, along with options to go back or continue. A note at the bottom suggests clicking \"Show All\" if the correct Mac is not displayed.</image_summary>\n</summary>"
    },
    "19": {
      "summary": "<summary>\nThis page provides guidance on installing additional applications onto a MacBook Air and sharing discs using DVD or CD Sharing. It explains that while the MacBook Air comes pre-installed with several applications like iLife '08, users can download more apps from the internet. For third-party applications on CDs or DVDs, two methods are suggested: using another Mac or Windows computer with optical disc drives or attaching an external USB SuperDrive to the MacBook Air. The section also introduces DVD or CD Sharing, which allows the MacBook Air to share discs with another computer over a network. However, it notes that copy-protected discs, such as DVDs and game discs, cannot be used through this method. To enable DVD or CD Sharing, users must install the necessary software on the partner computer and ensure both devices are connected to the same wireless network.\n\nThere are no tables, figures, or images on this page.\n</summary>"
    },
    "20": {
      "summary": "<summary>\nThe page provides instructions on enabling DVD or CD Sharing on a Mac computer. It begins by directing users to access the \"Sharing\" settings through the System Preferences menu. The main focus is on configuring the \"DVD or CD Sharing\" service, where users can choose whether to allow others to request permission before using the DVD drive. Additionally, the page outlines steps for enabling DVD or CD Sharing when sharing with a Windows computer, emphasizing the need for both computers to be on the same wireless network.\n\n<figure_summary>Figure 1: A screenshot of the Mac's \"Sharing\" panel. This figure illustrates the interface where users can enable various sharing services, including \"DVD or CD Sharing.\" The panel shows options such as \"Ask me before allowing others to use my DVD drive,\" which is checked in the example.</figure_summary>\n\nThe page is part of Chapter 1, titled \"Ready, Set Up, Go,\" indicating it is likely an introductory guide for setting up basic system features.\n</summary>"
    },
    "21": {
      "summary": "<summary>\nThis page provides instructions on enabling and using DVD or CD sharing between a Windows computer and a MacBook Air. It begins by guiding users to open the DVD or CD Sharing control panel on the Windows computer and select \"Enable DVD or CD Sharing.\" Users can also choose to require permission before allowing others to use the DVD drive. The subsequent steps explain how to use a shared DVD or CD: insert the disc into the optical drive on the Windows computer, select the Remote Disc option in the Finder sidebar on the MacBook Air, and allow access when prompted. Finally, it notes that attempting to shut down the Windows computer or eject the disc while the MacBook Air is using it will result in a message indicating the disc is in use, requiring the user to click Continue to proceed.\n\n<image_summary>The first image shows the DVD or CD Sharing control panel on a Windows computer, highlighting the options to enable sharing and request permission before allowing others to use the DVD drive.</image_summary>\n\n<image_summary>The second image illustrates the Finder sidebar on a MacBook Air, showing the \"Remote Disc\" option under Devices, along with an \"Ask to use\" button for accessing the shared DVD or CD.</image_summary>\n</summary>"
    },
    "22": {
      "summary": "<summary>\nThis page provides instructions on how to put a MacBook Air to sleep or shut it down. It emphasizes that putting the computer to sleep is ideal when you'll be away for a short time, allowing for quick wake-up without going through the startup process. To put the MacBook Air to sleep, users can either close the display, select \"Sleep\" from the Apple menu, press the power button and choose Sleep in the dialog, or set a sleep timer via System Preferences. A notice warns users to wait until the sleep indicator light starts pulsing before moving the MacBook Air to avoid potential damage to the hard disk. To wake the MacBook Air, users can open the display if it's closed or press the power button or any key on the keyboard if the display is already open. Upon waking, all applications, documents, and settings remain exactly as they were left.\n\nThere are no tables, figures, or images on this page.\n</summary>"
    },
    "23": {
      "summary": "<summary>\nThis page provides instructions on how to shut down a MacBook Air. It emphasizes that shutting down is recommended if the device won't be used for a day or two. During shutdown, the sleep indicator light briefly turns on. Two methods for shutting down are described: selecting \"Shut Down\" from the Apple menu in the menu bar or pressing the power button and choosing \"Shut Down\" in the dialog box. Additionally, it advises consulting \"Important Handling Information\" on page 60 for guidance on preventing battery drain when storing the MacBook Air for an extended period.\n\nThere are no tables, figures, images, or other visual elements on this page.\n</summary>"
    },
    "24": {
      "summary": "<summary>\nThe page appears to be blank, containing no visible text, tables, figures, images, or other content.\n</summary>"
    },
    "25": {
      "summary": "<summary>\nThe page introduces Chapter 2 of a guide titled \"Life with Your MacBook Air.\" It appears to be part of an instructional or informational document, likely aimed at helping users understand how to use and get the most out of their MacBook Air. The page is minimalistic, featuring only the chapter title and some navigation links at the bottom.\n\n<image_summary>The background is a solid light gray color, with a large, faint number \"2\" in the top right corner, indicating the chapter number. The title \"Life with Your MacBook Air\" is prominently displayed in the center of the page in a clean, sans-serif font.</image_summary>\n\nAt the bottom of the page, there are two clickable links:\n- A URL link: \"www.apple.com/macosx,\" which directs users to Apple's macOS website for more information.\n- A \"Mac Help\" button with a search icon and the text \"Mac OS X,\" suggesting a resource for troubleshooting or finding help related to Mac OS X.\n\nThis page serves as an introductory heading, setting the stage for detailed content about using the MacBook Air, with additional resources provided for further exploration.\n</summary>"
    },
    "26": {
      "summary": "<summary>\nThis page provides an overview of the basic features of a MacBook Air, highlighting key components and their locations. The content is primarily visual, with labeled parts of the laptop illustrated in a diagram.\n\n<figure_summary>Figure 1: A detailed diagram of a MacBook Air showing various components. The labels point to the Ambient light sensor, iSight camera, Camera indicator light, Microphone, Mono speaker (under keyboard), Battery (built-in), Trackpad, Trackpad button, Sleep indicator light, Infrared (IR) receiver, and Power button.</figure_summary>\n\nThe diagram is designed to help users familiarize themselves with the physical layout and functionality of each part of the MacBook Air. The text at the top, \"Basic Features of Your MacBook Air,\" serves as the title, indicating the focus of the page.\n\nNo tables or additional images are present on this page, and the primary purpose is educational, guiding new users through the hardware features of the device.\n</summary>"
    },
    "27": {
      "summary": "<summary>\nThis page from \"Chapter 2: Life with Your MacBook Air\" provides an overview of various hardware features and indicators of the MacBook Air. It explains how the ambient light sensor adjusts the keyboard illumination based on the environment, the functionality of the built-in iSight camera and its indicator light, and the capabilities of the built-in microphone for video conferencing and audio recording. The page also highlights the mono speaker for multimedia playback, the rechargeable battery for portability, and the trackpad with multi-touch gestures. Additionally, it describes the sleep indicator light, the infrared receiver for optional Apple Remote control, and the power button's functions for turning the device on/off, putting it to sleep, or restarting during troubleshooting.\n\nThere are no tables, figures, or images on this page; the content is entirely textual, focusing on explaining each feature in detail.\n</summary>"
    },
    "28": {
      "summary": "<summary>\nThis page provides an overview of the keyboard features of a MacBook Air, highlighting various function keys and their purposes. The main focus is on the layout and functionality of the keyboard, including media controls, brightness adjustment, keyboard illumination, volume control, and other special keys.\n\n<image_summary>The page includes an illustration of a MacBook Air laptop, with the keyboard area highlighted in blue. Arrows point to specific sections of the keyboard, indicating the locations of different functional keys.</image_summary>\n\n<figure_summary>Figure 1: A detailed diagram of the MacBook Air keyboard is shown, with labels pointing to specific keys and their functions. These include the Function (fn) key, Exposé, Dashboard, Media keys, Brightness keys, Keyboard illumination keys, Mute key, Volume keys, and Media Eject key. Each key is visually represented with its corresponding icon or symbol.</figure_summary>\n\nThe page emphasizes the integration of multimedia and system control functions directly into the keyboard, making it user-friendly and efficient for various tasks. This section is part of Chapter 2, titled \"Life with Your MacBook Air,\" suggesting that it is designed to help users familiarize themselves with the device's hardware features.\n</summary>"
    },
    "29": {
      "summary": "<summary>\nThis page from \"Chapter 2: Life with Your MacBook Air\" provides an overview of the function keys (F1 to F12) on a MacBook Air, detailing their default actions and how they can be customized. It explains that pressing and holding the Function (fn) key activates customized actions assigned to the function keys. The page also describes the following key functions:\n\n- **Brightness keys (F1, F2):** Adjusts the brightness of the MacBook Air display.\n- **Exposé All Windows key (F3):** Opens Exposé for quick access to all open windows.\n- **Dashboard key (F4):** Opens Dashboard to access widgets.\n- **Keyboard illumination keys (F5, F6):** Adjusts the brightness of the keyboard illumination.\n- **Media keys (F7, F8, F9):** Controls media playback (rewind, play/pause, fast-forward).\n- **Mute key (F10):** Mutes the sound from the built-in speaker or headphone jack.\n- **Volume keys (F11, F12):** Adjusts the volume of the sound from the built-in speaker or headphone jack.\n- **Media Eject key:** Ejects a disc from the MacBook Air SuperDrive or by dragging its desktop icon to the Trash.\n\nThe page includes icons next to each key description to visually represent the associated action, enhancing clarity for users.\n\n</summary>"
    },
    "30": {
      "summary": "<summary>\nThis page provides an overview of the ports available on a MacBook Air. It explains the location and function of various ports, including the MagSafe power port, USB 2.0 port, Micro-DVI port, and headphone jack. The page is part of Chapter 2, titled \"Life with Your MacBook Air,\" and is focused on helping users understand the connectivity options of their device.\n\n<figure_summary>Figure 1: A diagram of the MacBook Air showing the location of the port hatch on the side of the laptop.</figure_summary>\n\n<figure_summary>Figure 2: Close-up illustrations highlighting the MagSafe power port, USB 2.0 port, Micro-DVI port, and headphone jack. Each port is labeled with its respective icon and name for clarity.</figure_summary>\n</summary>"
    },
    "31": {
      "summary": "<summary>\nThis page from \"Chapter 2: Life with Your MacBook Air\" provides an overview of the various ports and connectors available on the MacBook Air, along with instructions on how to use them. It covers the MagSafe power port, port hatch, headphone jack, USB 2.0 port, and Micro-DVI port. Each section explains the function of the respective port and provides guidance on connecting external devices.\n\n- **MagSafe power port**: Used to recharge the MacBook Air battery using the included 45W MagSafe Power Adapter.\n- **Port hatch**: Opens to reveal the headphone jack, USB 2.0 port, and Micro-DVI port.\n- **Headphone jack**: Connects external speakers or headphones.\n- **USB 2.0 port**: Supports connections to external optical disc drives, USB to Ethernet adapters, modems, iPods, mice, keyboards, and more. It also mentions compatibility with USB 1.1 devices.\n- **Micro-DVI (video out) port**: Connects external displays, projection devices, or TVs using DVI, VGA, composite, or S-video connectors. Adapters like Micro-DVI to DVI, Micro-DVI to VGA, and Micro-DVI to Video (composite/S-video) are mentioned, with the latter being sold separately at www.apple.com/store.\n\nThere are no tables, figures, or images on this page; it focuses solely on textual explanations of the ports and their functionalities.\n</summary>"
    },
    "32": {
      "summary": "<summary>\nThis page provides instructions on using the trackpad and keyboard on a MacBook Air. It explains how to move the pointer, scroll, tap, double-tap, and drag using the trackpad, noting that the speed of finger movement affects the pointer's movement. Users can adjust tracking speed and other trackpad options through System Preferences. The page also lists useful keyboard tips, such as forward deleting characters by holding the Function (fn) key while pressing Delete, and accessing shortcut menu commands via secondary clicking (right-clicking). Secondary clicking can be performed by placing two fingers on the trackpad while clicking the button or by tapping two fingers if Tap to Click is enabled. Additionally, it mentions that secondary clicking can also be achieved by holding down the Control key while clicking.\n\n<image_summary>The page includes two small illustrations showing hand gestures for secondary clicking. The first image demonstrates placing two fingers on the trackpad while clicking the button, and the second image shows tapping two fingers on the trackpad.</image_summary>\n</summary>"
    },
    "33": {
      "summary": "<summary>\nThe page discusses trackpad gestures available on a MacBook Air, focusing on two-finger scrolling and pinching. Two-finger scrolling allows users to drag their fingers to scroll quickly in any direction within an active window, and this feature is enabled by default. The page notes that certain trackpad gestures, such as two-finger pinching, work in specific applications like Preview or iPhoto, enabling users to zoom in or out on PDFs, images, photos, and more. For further details, users are directed to Mac Help by searching for \"trackpad.\"\n\n<image_summary>The first image illustrates two-finger scrolling, showing a hand using two fingers to drag across a trackpad with arrows indicating upward, downward, and sideways motion.</image_summary>\n\n<image_summary>The second image demonstrates two-finger pinching, with one part showing fingers spreading apart to zoom in and another showing fingers coming together to zoom out, accompanied by blue arrows indicating the direction of movement.</image_summary>\n</summary>"
    },
    "34": {
      "summary": "<summary>\nThe page discusses multitouch gestures and battery management for the MacBook Air. It begins by explaining two multitouch gestures: two-finger rotating for rotating photos and pages, and three-finger swiping for navigating through documents and photos. The section then transitions to provide guidance on running the MacBook Air on battery power. It explains that when the 45W MagSafe Power Adapter is not connected, the device uses its built-in rechargeable battery. The battery life varies based on usage and connected devices, and turning off features like AirPort Extreme or Bluetooth can help conserve power. If the battery runs low, users should connect the power adapter to recharge it, which works even when the computer is on, off, or in sleep mode. The battery recharges more quickly when the computer is off or in sleep. Finally, the page describes how to check the battery status using the indicator light on the MagSafe connector: amber indicates a need for charging, while green signifies a full charge.\n\n<figure_summary>Figure 1: Two-finger rotating gesture. This figure illustrates a hand performing a circular motion with two fingers on a surface, demonstrating how to rotate photos or pages.</figure_summary>\n\n<figure_summary>Figure 2: Three-finger swiping gesture. This figure shows a hand using three fingers to swipe horizontally across a surface, illustrating how to navigate through documents or photos.</figure_summary>\n</summary>"
    },
    "35": {
      "summary": "<summary>\nThe page provides guidance on managing and checking the battery charge on a MacBook Air. It explains how to view the battery status icon in the menu bar, which indicates the remaining power based on current usage, applications, peripheral devices, and system settings. Tips for conserving battery power include closing unused applications, disconnecting peripherals, and adjusting Energy Saver settings. A link to Apple's website offers more detailed battery conservation tips. An important note emphasizes that the battery can only be replaced by an Apple Authorized Service Provider. The page also directs users to Mac Help for further assistance, providing step-by-step instructions on accessing it via the Finder icon in the Dock or through the Help menu in the menu bar.\n\n<image_summary>The image shows the Finder icon, which is a small square with a white \"L\" inside, representing the Finder application used to access Mac Help.</image_summary>\n</summary>"
    },
    "36": {
      "summary": "<summary>\nThis page provides a list of resources and guidance for users seeking more information about using their MacBook Air. It is organized into a table with two columns: \"To learn about\" and \"Do this,\" offering specific actions or references for various topics related to the MacBook Air. The topics covered include troubleshooting issues, finding service and support, using Mac OS X, transitioning from a PC to a Mac, using iLife '08 applications, changing system preferences, using the trackpad, using the iSight camera, and utilizing AirPort Extreme wireless technology. Each row in the table directs users to either a specific chapter, website, or help section for further assistance.\n\n<table_summary>\nThe table is titled \"More Information\" and is divided into two columns: \n- **To learn about**: Lists various topics such as troubleshooting, service and support, operating system usage, application use, system preferences, hardware features, and wireless technology.\n- **Do this**: Provides instructions or references for each topic, including page numbers, website URLs, or search terms for Mac Help.\n</table_summary>\n\nThere are no figures, charts, diagrams, or images on this page. The focus is entirely on providing clear, actionable guidance through the table format.\n</summary>"
    },
    "37": {
      "summary": "<summary>\nThis page provides guidance on various topics related to using a MacBook Air, offering instructions on where to find information for different features and functionalities. It includes a table with two columns: \"To learn about\" and \"Do this,\" listing topics such as Bluetooth wireless technology, printer connections, USB connections, internet connectivity, external displays, Apple Remote, Front Row, specifications, Apple news, and technical support. Each topic is accompanied by a corresponding action or resource, such as visiting specific websites or searching Mac Help.\n\n<table_summary>\nThe table is titled implicitly by its column headers: \"To learn about\" and \"Do this.\" It lists various MacBook Air-related topics in the left column and provides instructions or resources for each topic in the right column. For example, it directs users to visit apple.com/support/bluetooth for Bluetooth information or search for \"printing\" in Mac Help for printer connections.\n</table_summary>\n\nThere are no figures, charts, diagrams, or images present on this page.\n</summary>"
    },
    "38": {
      "summary": "<summary>\nThe page appears to be blank, containing no visible text, tables, figures, images, or other content.\n</summary>"
    },
    "39": {
      "summary": "<summary>\nThe page introduces a section titled \"Problem, Meet Solution,\" which likely discusses strategies or approaches to solving problems. The large number \"3\" in the top-right corner suggests this is the third section or chapter in a larger document. At the bottom of the page, there are two links: one to \"www.apple.com/support\" and another labeled \"Mac Help\" with a magnifying glass icon, indicating resources for technical support or assistance related to Apple products.\n\nThere are no tables, figures, or images present on this page. The design is minimalistic, focusing solely on the title and the support links.\n\n<image_summary>The background is a solid light gray color, providing a clean and uncluttered appearance. The text and numbers are white, ensuring high contrast and readability.</image_summary>\n</summary>"
    },
    "40": {
      "summary": "<summary>\nThe page provides guidance on troubleshooting issues with a MacBook Air. It emphasizes the importance of noting conditions leading up to a problem, such as recently used applications or newly installed software, to help identify potential causes. The section titled \"Problems That Prevent You from Using Your MacBook Air\" focuses on scenarios where the computer doesn't respond or the pointer freezes. It explains how to force quit an application using either the Command + Option + Esc shortcut or the Force Quit option in the Apple menu, which can help resolve frozen applications without restarting the computer.\n\nThere are no tables, figures, charts, diagrams, or images present on this page. The content is purely textual, providing step-by-step instructions and advice for users encountering common MacBook Air problems.\n\n</summary>"
    },
    "41": {
      "summary": "<summary>\nThis page provides troubleshooting steps for dealing with application crashes and system freezes on a MacBook Air. It advises users to quit problematic applications, restart Finder if necessary, save work in open applications, and restart the computer to resolve issues. If an application cannot be forced to quit, users are instructed to press and hold the power button until the computer shuts down, wait 10 seconds, and then turn it back on. For frequent freezing issues, users are directed to search for help using the Mac Help menu by searching for the term \"freeze.\" If the problem occurs only with a specific application, users should check its compatibility with their MacBook Air and contact the manufacturer for support. Additionally, users can visit www.apple.com/guide for software support. If reinstalling the system software is required, users are referred to page 47. The page also addresses startup issues, such as a flashing question mark or a dark display with a glowing sleep indicator light, indicating that the computer cannot find the system software on the hard disk or attached disks.\n\nThere are no tables, figures, images, or charts present on this page.\n\n</summary>"
    },
    "42": {
      "summary": "<summary>\nThis page provides troubleshooting steps for issues related to starting up a computer and specifically addresses problems with a MacBook Air not turning on or starting up. It begins by outlining steps to restart a non-responsive computer, including pressing and holding the power button, disconnecting peripherals, and using the Option key during startup. If the issue persists, it suggests using Disk Utility to repair the disk, directing readers to page 49 for more information. For MacBook Air-specific issues, the page advises checking the power adapter connection, ensuring the correct MagSafe Power Adapter is used, and verifying if the battery needs recharging. If the problem continues, users are instructed to reset the computer to factory settings by simultaneously pressing specific keys. Finally, the page explains how to reset the parameter RAM (PRAM) by pressing and holding certain keys during startup.\n\nThere are no tables, figures, or images on this page. The content is purely textual, focusing on step-by-step instructions for resolving startup and power-related issues.\n</summary>"
    },
    "43": {
      "summary": "<summary>\nThis page provides troubleshooting guidance for issues related to starting up, freezing, and connectivity problems with a MacBook Air. It begins by directing users to contact Apple for service if they cannot start their MacBook Air, referencing page 53 for more information. The section then addresses scenarios where the display goes black or the device freezes, recommending disconnecting external devices (except the power adapter), pressing the power button to restart, and ensuring the battery charge is at least 10% before resuming work. Users are advised to check the Battery status icon in the menu bar to monitor battery levels. Additionally, the page explains that if the MacBook Air cannot connect to another computer's optical disc drive, both devices must be on the same network. For wireless connections, it advises checking router documentation to ensure support for bridging wireless to wired connections.\n\nThere are no tables, figures, or images present on this page.\n\n</summary>"
    },
    "44": {
      "summary": "<summary>\nThis page provides instructions on using the Apple Hardware Test application to diagnose hardware issues on a MacBook Air. It explains that this tool can help identify problems with components like memory or the processor. The page outlines a step-by-step process for running the test: disconnect external devices except the power adapter, restart the MacBook Air while holding the D key, select the language, proceed through the onscreen instructions, and note any error codes if a problem is detected. If no hardware failure is found, the issue may be software-related. Additional information can be found in the Apple Hardware Test Read Me file on the Mac OS X Install Disc 1.\n\nThere are no tables, figures, images, or other visual elements present on this page.\n</summary>"
    },
    "45": {
      "summary": "<summary>\nThis page provides instructions on how to reinstall software using Remote Install Mac OS X on a MacBook Air. It explains that you need to use a partner computer with an optical disc drive to share the DVD or CD Sharing Setup software, which is detailed on page 15. The primary tasks covered include reinstalling Mac OS X and other pre-installed software, resetting passwords, and repairing the hard disk using Disk Utility. A note mentions that these tasks can also be performed using a MacBook Air SuperDrive, available separately at www.apple.com/store, with further details provided on page 49.\n\nThere are no tables, figures, images, or charts present on this page.\n</summary>"
    },
    "46": {
      "summary": "<summary>\nThis page provides step-by-step instructions on how to use Remote Install Mac OS X to install Mac OS X on a MacBook Air. The process involves inserting the Mac OS X Install Disc into another computer's optical drive, accessing the Remote Install application, selecting the installation disc, choosing a network connection (AirPort or Ethernet), restarting the MacBook Air while holding the Option key, and continuing with the installation process in Remote Install Mac OS X.\n\n<image_summary>The image shows the \"Remote Install Mac OS X\" introduction window, which explains the purpose of the tool and prompts the user to click \"Continue\" to begin the setup and installation process.</image_summary>\n</summary>"
    },
    "47": {
      "summary": "<summary>\nThis page provides instructions related to network setup and software reinstallation on a MacBook Air. It begins by guiding users who selected AirPort as their network in step 5 to choose their AirPort network from a pop-up list. If the network is secure, users are prompted for a password and can enter a private network name using an ellipsis. For those who chose AirPort, the page advises clicking \"Continue\" in Remote Install Mac OS X when the AirPort status icon appears. Next, it instructs users to click the arrow button beneath the installer icon on their MacBook Air and offers options for reinstalling Mac OS X or iLife '08 applications, resetting a forgotten password, or running Disk Utility, directing them to specific pages for further guidance.\n\nThe page then transitions to a section titled \"Reinstalling the Software That Came with Your MacBook Air,\" outlining preparatory steps before installation. It emphasizes backing up essential files, recommending methods such as using the MacBook Air SuperDrive to burn DVDs or CDs or attaching an external hard drive via USB. Apple clarifies that it is not responsible for lost data. Finally, it advises ensuring the power adapter is connected and plugged in before proceeding.\n\nThere are no tables, figures, or images on this page.\n\n</summary>"
    },
    "48": {
      "summary": "<summary>\nThis page provides instructions for installing Mac OS X and its bundled applications on a MacBook Air using a partner computer via Remote Install Mac OS X. It outlines a step-by-step procedure, starting with following the process described on page 46, clicking \"Continue\" in the installer, and selecting installation options such as \"Customize\" or \"Install.\" For a full installation including iCal, iChat AV, iSync, iTunes, Safari, and iLife '08 applications, users must choose \"Install Mac OS X and Bundled Software.\" Users are instructed to select their MacBook Air as the destination volume and follow onscreen instructions. A note warns about erasing the hard disk if restoring to factory settings, emphasizing the need for backups. Additionally, the page includes instructions for resetting passwords using Remote Install Mac OS X, reiterating the initial steps for accessing the installer.\n\nThere are no tables, figures, images, or charts present on this page.\n\n</summary>"
    },
    "49": {
      "summary": "<summary>\nThis page provides instructions for troubleshooting and reinstalling software on a MacBook Air, specifically focusing on resetting passwords, using Disk Utility, and reinstalling Mac OS X and bundled applications. \n\nThe first section outlines how to reset a password on a MacBook Air by accessing the Utilities > Reset Password option in the menu bar and following onscreen instructions. After completing this process, users are instructed to quit the Mac OS X Installer.\n\nThe second section explains how to use Disk Utility to repair, verify, or erase the hard disk of a MacBook Air. It describes the procedure for using Disk Utility remotely via another computer's optical disc drive. Users are guided through the steps, including initiating Remote Install Mac OS X, opening Disk Utility on the MacBook Air, and quitting the installer when finished. If Disk Utility fails to resolve issues, the page suggests attempting a system software reinstall, directing readers to page 47 for further guidance.\n\nThe final section details how to reinstall Mac OS X and bundled applications using the MacBook Air SuperDrive. Instructions include connecting the SuperDrive, inserting the Mac OS X Install Disc 1, and double-clicking \"Install Mac OS X and Bundled Software.\" Users have the option to install only the bundled software if desired.\n\nThere are no tables, figures, or images on this page; the content is purely textual, providing step-by-step procedures and guidance for troubleshooting and software reinstallation.\n\n</summary>"
    },
    "50": {
      "summary": "<summary>\nThis page provides instructions for installing Mac OS X and bundled software on a MacBook Air, resetting a password using a MacBook Air SuperDrive, and accessing Disk Utility from the same device. It emphasizes selecting \"Install Mac OS X and Bundled Software\" during installation and choosing the MacBook Air as the destination volume. A note explains how to restore Mac OS X to factory settings by erasing and reinstalling. For password reset, users must connect the SuperDrive, insert the Mac OS X Install Disc 1, restart while holding the C key, and select \"Utilities > Reset Password.\" Similarly, to access Disk Utility, users follow the same initial steps but choose \"Installer > Open Disk Utility\" instead.\n\nThere are no tables, figures, charts, diagrams, or images present on this page. The content is purely instructional and procedural.\n\n</summary>"
    },
    "51": {
      "summary": "<summary>\nThis page provides troubleshooting guidance for issues related to AirPort Extreme wireless communication and Internet connections on a MacBook Air. \n\nThe section titled \"Problems with AirPort Extreme Wireless Communication\" outlines several steps to resolve connectivity issues:\n1. Ensure the computer or network has a functioning wireless access point.\n2. Verify proper software configuration according to the base station or access point instructions.\n3. Confirm you are within range of the network, noting that electronic devices or metal structures can interfere; repositioning may help.\n4. Check the AirPort status icon in the menu bar for signal strength and adjust location if necessary.\n5. Refer to AirPort Help or the device's documentation for further assistance.\n\nThe second section, \"Problems with Your Internet Connection,\" explains how to set up an Internet connection using the Network Setup Assistant:\n1. Open System Preferences, click Network, and then click the \"Assist me\" button to launch the assistant.\n2. If experiencing Internet connection issues, use Network Diagnostics for troubleshooting.\n\nThere are no tables, figures, or images on this page.\n\n</summary>"
    },
    "52": {
      "summary": "<summary>\nThis page provides instructions on using Network Diagnostics on a Mac to troubleshoot internet connectivity issues. It outlines a step-by-step process: accessing System Preferences, selecting \"Network,\" clicking \"Assist me,\" and then opening Network Diagnostics. If Network Diagnostics fails to resolve the issue, it suggests potential problems with the ISP, external devices, or servers. For multiple computers sharing an internet connection, the guide emphasizes the importance of proper wireless network setup and understanding whether the ISP provides one IP address or multiple addresses. If only one IP address is available, a router capable of NAT (network address translation) is required to share the connection. The page recommends consulting router documentation or contacting the network setup person for further assistance. Additionally, it mentions using an AirPort Base Station for sharing an IP address among multiple computers, providing a link to Apple's support website for more information. If all else fails, users are advised to contact their ISP or network administrator.\n\nThere are no tables, figures, images, or charts present on this page.\n\n</summary>"
    },
    "53": {
      "summary": "<summary>\nThe page focuses on two main topics: keeping software up to date and accessing learning resources, service, and support for a MacBook Air. \n\nThe first section explains how to keep your software updated by connecting to the Internet and using Apple's Software Update feature. It describes the process of checking for updates through System Preferences and provides instructions for initiating the update. Additional resources for more detailed information are mentioned, including Mac Help and the Apple website.\n\nThe second section addresses learning more about the MacBook Air, seeking service, and obtaining support. It emphasizes that the MacBook Air has no user-serviceable parts and advises contacting Apple or an authorized service provider for repairs. It also lists various online resources, such as onscreen help, System Profiler, and Apple Hardware Test, for troubleshooting and support. Finally, it directs users to Apple's official support website for further assistance, including software updates and discussion forums.\n\nThere are no tables, figures, or images on this page.\n\n</summary>"
    },
    "54": {
      "summary": "<summary>\nThe page provides guidance on accessing help resources and support for a MacBook Air. It begins by explaining how to find answers to questions and troubleshooting information through Mac Help, accessible via the menu bar. Next, it introduces System Profiler, a tool for viewing detailed system information such as hardware and software details, serial number, operating system version, and memory installed. Instructions for opening System Profiler are provided. The section then shifts to AppleCare Service and Support, highlighting the included 90 days of technical support and one year of hardware repair warranty at authorized locations. Users can extend coverage by purchasing an AppleCare Protection Plan. Contacting AppleCare telephone support is also discussed, emphasizing the need to have purchase date and serial number ready during calls.\n\nThere are no tables, figures, or images on this page.\n\n</summary>"
    },
    "55": {
      "summary": "<summary>\nThis page provides information about Apple's complimentary telephone support service, which lasts for 90 days from the date of purchase. It emphasizes that telephone fees may apply depending on the user's location. The page includes a table listing contact information for various countries, including phone numbers and website URLs for support. Additionally, it notes that telephone numbers are subject to change and advises users to check the complete list available online at the provided web link.\n\n<table_summary>\nThe table titled \"Country\" lists support contact details for several countries, including the United States, Australia, Canada (in English and French), Ireland, New Zealand, and the United Kingdom. Each row contains the country name, corresponding phone number, and website URL for support services.\n</table_summary>\n\n<image_summary>\nThere is no image present on this page.\n</image_summary>\n</summary>"
    },
    "56": {
      "summary": "<summary>\nThis page provides instructions on how to locate the serial number of a MacBook Air. It outlines three methods: \n1. Physically inspecting the bottom of the MacBook Air where the serial number is etched near the hinge.\n2. Accessing the serial number through the \"About This Mac\" menu in macOS by clicking the version number beneath \"Mac OS X.\"\n3. Using System Profiler in the Utilities folder and selecting the Hardware section.\n\n<image_summary>The image shows a grayscale illustration of a MacBook Air lying flat, with an arrow pointing to the location of the serial number near the hinge on the underside of the device.</image_summary>\n</summary>"
    },
    "57": {
      "summary": "<summary>\nThe page features a simple design with a light gray background. The title \"Last, but Not Least\" is prominently displayed in the center, suggesting a concluding section or emphasis on an important topic. In the top right corner, there is a large number \"4,\" likely indicating this is the fourth section or chapter of the document. At the bottom of the page, there are two hyperlinks: one leading to \"www.apple.com/environment,\" which suggests a focus on environmental topics, and another labeled \"Mac Help\" with a search icon next to it, indicating a resource for ergonomics-related assistance.\n\nThere are no tables, figures, or images present on this page. The primary focus is on the textual content and the provided links, emphasizing environmental considerations and ergonomic support.\n\n</summary>"
    },
    "58": {
      "summary": "<summary>\nThis page provides safety guidelines for handling and cleaning a MacBook Air, emphasizing the importance of following these rules to ensure personal safety and protect the equipment. It highlights the potential risks of ignoring these instructions, which could lead to fire, electric shock, or damage. Key safety tips include avoiding water and wet locations, setting up the MacBook Air on a stable surface for proper airflow, and ensuring adequate ventilation by not blocking the vents. Additionally, it advises users to remove the device from their lap if it becomes uncomfortably warm during use.\n\nThere are no tables, figures, or images on this page. The content is purely textual, focusing on providing clear and concise safety advice.\n</summary>"
    },
    "59": {
      "summary": "<summary>\nThis page provides detailed instructions on using the 45W MagSafe Power Adapter for a MacBook Air. It emphasizes the importance of ensuring the AC plug or power cord is fully inserted into the adapter and securely connected to a power outlet. The adapter must be the one provided with the MacBook Air or an Apple-authorized compatible model. The page warns that the adapter may become warm during normal use and advises placing it in a well-ventilated area. It also lists conditions under which the power adapter should be disconnected, such as cleaning the case, damage to the power cord or plug, exposure to moisture or liquid, or physical damage to the MacBook Air or adapter. Additionally, it cautions against placing magnetically sensitive items near the MagSafe port due to its magnetic properties and provides guidance on removing debris from the port using a dry cotton swab.\n\nThere are no tables, figures, or images on this page. The content is purely textual, focusing on safety and usage guidelines for the power adapter.\n</summary>"
    },
    "60": {
      "summary": "<summary>\nThe page provides safety guidelines related to battery usage, hearing protection, and high-risk activities involving the MacBook Air. It emphasizes discontinuing the use of a damaged battery and avoiding exposure to extreme temperatures above 212°F (100°C). The battery should only be replaced by an Apple Authorized Service Provider. Additionally, it warns about the risk of permanent hearing loss from prolonged use of earbuds or headphones at high volumes and suggests limiting usage time, avoiding volume adjustments to block noise, and turning down the volume if speech is inaudible. The page also highlights that the computer system is not intended for high-risk activities such as nuclear facility operations, aircraft navigation, or air traffic control systems, where failure could lead to severe consequences. A \"NOTICE\" section at the bottom stresses the importance of following handling instructions to prevent damage to the MacBook Air or other property.\n\nThere are no tables, figures, or images present on this page.\n</summary>"
    },
    "61": {
      "summary": "<summary>\nThis page provides guidelines for carrying, using connectors and ports, storing, and cleaning a MacBook Air. It emphasizes the importance of keeping loose items away from the computer to prevent damage and ensuring proper handling of connectors and ports. For storage, it advises keeping the MacBook Air in a cool location at 71°F (22°C) and discharging the battery to 50% for short-term storage, and to approximately 50% for longer periods, with periodic recharging every six months to maintain battery health. Cleaning instructions include shutting down the device, unplugging the power adapter, and using a damp, lint-free cloth to clean the exterior while avoiding moisture in openings and harmful substances like aerosol sprays or solvents. For the screen, it recommends using the provided cleaning cloth, dampened with water if necessary, but cautioning against spraying liquid directly onto the screen.\n\nThere are no tables, figures, or images on this page; the content is purely textual.\n</summary>"
    },
    "62": {
      "summary": "<summary>\nThe page focuses on \"Understanding Ergonomics\" and provides tips for setting up a healthy work environment, specifically regarding keyboard and trackpad usage. It emphasizes proper posture, stating that shoulders should be relaxed, the upper arm and forearm should form an angle slightly greater than a right angle, and the wrist and hand should be in a straight line.\n\n<image_summary>The page includes two side-by-side illustrations demonstrating correct and incorrect hand positions while using a keyboard and trackpad. The left illustration, labeled \"This,\" shows hands positioned correctly with wrists aligned and arms at the recommended angle. The right illustration, labeled \"Not this,\" shows hands in an incorrect position, with wrists bent and arms at an improper angle.</image_summary>\n\nThe content aims to educate readers on ergonomic principles to prevent discomfort and potential injuries associated with prolonged computer use.\n</summary>"
    },
    "63": {
      "summary": "<summary>\nThe page provides ergonomic guidelines for using a computer keyboard, trackpad, external mouse, and chair to prevent discomfort and maintain proper posture. It emphasizes using a light touch when typing or using the trackpad, keeping hands and fingers relaxed, and avoiding rolling thumbs under palms. Frequent changes in hand positions are recommended to avoid fatigue, and users experiencing chronic pain or discomfort are advised to consult a health specialist. For external mice, the page suggests positioning them at the same height as the keyboard and within a comfortable reach. Regarding seating, an adjustable chair with firm, comfortable support is recommended, with adjustments made so that thighs are horizontal, feet are flat on the floor, and the backrest supports the lower back. Manufacturer instructions for adjusting the backrest are also mentioned.\n\n<image_summary>Two side-by-side illustrations show correct and incorrect hand positions for typing. The left image (\"This\") demonstrates proper hand placement with relaxed fingers and no thumb rolling under the palm, while the right image (\"Not this\") illustrates an incorrect position where the thumb is rolled under the palm.</image_summary>\n\n</summary>"
    },
    "64": {
      "summary": "<summary>\nThe page discusses ergonomic adjustments for computer setup and Apple's commitment to environmental responsibility. It begins by addressing proper chair height adjustment to ensure forearms and hands are at the correct angle relative to the keyboard. If this causes discomfort for the feet, it suggests using a footrest with adjustable height and tilt or lowering the desktop. Alternatively, a desk with a lower keyboard tray can eliminate the need for a footrest. \n\nThe section then moves to adjusting the built-in display, recommending minimizing glare and reflections by adjusting the angle, avoiding forcing the display past 125 degrees, and changing screen brightness based on lighting conditions. Links to additional ergonomic information are provided.\n\nThe final part of the page highlights Apple Inc.'s environmental initiatives, emphasizing its responsibility to minimize the environmental impacts of its operations and products. A link to more detailed information about Apple's environmental efforts is also included.\n\nThere are no tables, figures, or images on this page.\n</summary>"
    },
    "65": {
      "summary": "<summary>\nThe page provides regulatory compliance information, specifically focusing on FCC compliance and potential radio and television interference caused by the device. The **FCC Compliance Statement** explains that the device complies with Part 15 of the FCC rules, subject to two conditions: it must not cause harmful interference and must accept any interference received, including interference that may affect its operation. Instructions are provided if interference with radio or television reception is suspected. The section also includes a French translation of the compliance statement.\n\nThe **Radio and Television Interference** section highlights that the computer equipment generates, uses, and radiates radio-frequency energy. If improperly installed or used, it may interfere with radio and television reception. The device has been tested and found to comply with Class B digital device limits under Part 15 of the FCC rules, which are designed to provide reasonable protection against such interference in residential settings. However, there is no guarantee that interference will not occur in all installations. Users are advised to determine if their computer system is causing interference by turning it off; if the interference stops, the issue likely stems from the computer or one of its peripheral devices.\n\nThe page also offers guidance on mitigating interference, suggesting measures such as adjusting antennas, moving the computer, using different outlets, or consulting an Apple Authorized Service Provider or technician. It emphasizes the importance of using compliant peripheral devices and shielded cables to reduce the risk of interference.\n\nNo tables, figures, or images are present on this page.\n</summary>"
    },
    "66": {
      "summary": "<summary>\nThe page contains regulatory compliance information for a wireless device, focusing on various international standards and restrictions related to radio frequency usage. It includes sections on responsible parties, wireless radio use, exposure to radio frequency energy, Bluetooth wireless compliance, and statements for different regions such as Korea, Singapore, Taiwan, Canada, Russia, and Europe.\n\n**Key Textual Information:**\n- **Responsible Party:** Apple Inc. Corporate Compliance is listed as the contact for FCC matters.\n- **Wireless Radio Use:** The device is restricted to indoor use when operating in the 5.15 to 5.25 GHz frequency band.\n- **Exposure to Radio Frequency Energy:** The radiated output power is below FCC limits, but minimizing human contact during normal operation is advised.\n- **FCC Bluetooth Wireless Compliance:** The antenna must not be collocated or operated with other antennas/transmitters under certain conditions.\n- **Bluetooth Industry Canada Statement:** The device complies with Canadian interference-causing equipment regulations.\n- **Industry Canada Statement:** The device meets Canadian ICES-003 Class B specifications.\n- **Europe—EU Declaration of Conformity:** A link to Apple's compliance page is provided.\n- **Korea Statements:** The device is classified as a \"B급 기기\" (general-purpose wireless device) and can be used in all areas except residential zones.\n- **Singapore Wireless Certification:** The device complies with IDA Standards DB00063.\n- **Taiwan Wireless Statements:** Separate statements are provided for devices operating at 2.4GHz and 5.25GHz–5.35GHz bands, emphasizing indoor use for the latter.\n- **Russia:** The ME67 certification mark is displayed.\n\n**Visual Elements:**\n<image_summary>The ME67 certification mark for Russia is shown as a small logo.</image_summary>\n\nNo tables, figures, or additional images are present on this page beyond the ME67 certification mark.\n</summary>"
    },
    "67": {
      "summary": "<summary>\nThe page contains regulatory compliance information and energy efficiency details for a product, likely a MacBook Air. It includes sections on VCCI Class B Statement, External USB Modem Information, and ENERGY STAR® Compliance. The VCCI statement explains that the device complies with the VCCI (Voluntary Control Council for Interference) Class B standards for electromagnetic interference in home environments but warns against using it near radio or television receivers to avoid interference. The External USB Modem section advises users to consult telecommunications agency information when connecting an external USB modem to the phone line. The ENERGY STAR® Compliance section highlights Apple's partnership with the ENERGY STAR® program, stating that standard configurations of this product meet energy efficiency guidelines. It also mentions power management features, such as sleep mode after 10 minutes of inactivity, and provides instructions for waking the computer. A link to the ENERGY STAR® website is provided for more information.\n\n<table_summary>\nTable 1: This table lists hazardous substances (lead, mercury, cadmium, hexavalent chromium, polybrominated biphenyls, and polybrominated diphenyl ethers) found in various components of the product (circuit board, display screen, battery pack, accessories, and power adapter). Each cell indicates whether the substance is present (\"O\") or exceeds the limit (\"X\") according to SJ/T 11363-2006 standards. The table is labeled \"中国\" (China), indicating its relevance to Chinese regulations.\n</table_summary>\n\n<image_summary>\nAn ENERGY STAR® logo is included, symbolizing the product's compliance with energy efficiency standards. The logo is accompanied by the text \"ENERGY STAR,\" reinforcing the product's adherence to the program's guidelines.\n</image_summary>\n\nAdditional notes explain the symbols used in the table (\"O\" for presence within limits, \"X\" for exceeding limits) and reference Chinese industry standards (SJ/T 11363-2006 and SJ/T 11364-2006) for environmental usage period markings. The text also clarifies that component-specific markings may differ from those on the product itself.\n</summary>"
    },
    "68": {
      "summary": "<summary>\nThis page provides detailed disposal and recycling guidelines for electronic products, focusing on compliance with local laws and regulations. It emphasizes the importance of proper disposal to protect the environment and conserve natural resources. The page includes specific instructions for different regions, such as the European Union, Netherlands, Germany, and Taiwan, highlighting the need to separate electronic waste from household trash and recycle batteries according to local guidelines.\n\nThe page features several symbols and icons to convey important information visually:\n\n<image_summary>The crossed-out wheeled bin symbol (♻️) appears multiple times, indicating that the product must not be disposed of in regular household waste but should instead be recycled or taken to designated collection points.</image_summary>\n\n<image_summary>In the \"Battery Disposal Information\" section, another icon (⚡️) is used to highlight the presence of batteries in the device, emphasizing the need for proper battery disposal.</image_summary>\n\nThe text also directs users to Apple's recycling program website (www.apple.com/environment/recycling) for more information. Additionally, it provides region-specific instructions, such as delivering used batteries to chemical waste containers in the Netherlands and following legal regulations in Germany and Taiwan.\n\nOverall, the page aims to educate users on responsible disposal practices and encourages them to take action to protect the environment by recycling their electronic devices and batteries appropriately.\n</summary>"
    },
    "69": {
      "summary": "<summary>\nThe page contains a simple, centered text phrase in white font on a light gray background: \"Looking for Something?\" There are no additional textual details, tables, figures, images, or visual elements present on this page.\n\nThis appears to be a placeholder or a prompt, likely intended to guide users or readers toward searching or navigating further.\n\nNo other content or visual elements are visible on the page.\n</summary>"
    },
    "70": {
      "summary": "<summary>\nThis page is an **Index** from a user manual or guide, providing a alphabetical list of topics and their corresponding page numbers for easy navigation. The index covers various aspects of computer usage, maintenance, troubleshooting, and settings. Key sections include hardware components like the AC power adapter, battery, and display; software features such as Apple Remote, applications (e.g., iChat AV, Keynote), and system preferences; and general tasks like cleaning, disposing of the computer, and troubleshooting issues.\n\nThe index is organized alphabetically by topic, with subtopics listed under each letter. For example, under \"A,\" topics include AC plug, AC power adapter, adjusting your display, AirPort Extreme, ambient light sensor, and more. Similarly, under \"B,\" topics cover battery charging, location, performance, and storage, among others. The page also includes references to environmental impact, ergonomic considerations, and function keys.\n\nThere are no tables, figures, images, or charts on this page; it solely consists of textual content in the form of an index.\n\n</summary>"
    },
    "71": {
      "summary": "<summary>\nThis page appears to be an alphabetical index or glossary from a user manual, likely for a Mac computer. It lists various terms related to hardware, software, and system features, along with their corresponding page numbers where more detailed information can be found. The terms cover a wide range of topics, including applications (e.g., iChat AV, Keynote), hardware components (e.g., keyboard, mouse, ports), system utilities (e.g., Migration Assistant, Network Setup Assistant), and general functions (e.g., brightness, volume control). The page also includes references to troubleshooting and setup processes, such as resetting passwords and installing software.\n\nThere are no tables, figures, charts, diagrams, or images present on this page. The content is purely textual, organized in a list format under alphabetical headings (H, I, K, L, M, N, O, P).\n\nThe page number at the bottom indicates it is page 71, and there is a footer prompt \"Looking for Something?\" suggesting this might be part of a searchable or navigable manual.\n</summary>"
    },
    "72": {
      "summary": "<summary>\nThis page appears to be an index or glossary section from a user manual, likely for a Mac computer. It lists various terms alphabetically under headings such as \"port,\" \"power button,\" \"problems,\" \"Q,\" \"R,\" \"S,\" \"T,\" and \"troubleshooting.\" Each term is followed by a brief description or reference to a page number where more detailed information can be found. The content covers topics like using ports, power management, troubleshooting common issues (e.g., freezes, display problems), system preferences, software updates, and hardware specifications. The page also includes references to tools like Remote Install Mac OS X, Disk Utility, and System Profiler.\n\nThere are no tables, figures, images, or charts present on this page. The focus is entirely on textual information organized in a structured, alphabetical format for easy navigation.\n\n</summary>"
    },
    "73": {
      "summary": "<summary>\nThis page appears to be an index or glossary section from a user manual or technical guide, organized alphabetically under the letters U, V, W, and Z. It provides brief entries with page numbers where users can find more detailed information about each topic. The topics covered include software updates, USB connections and ports, disk verification, video-related features such as camera indicator lights and micro-DVI ports, volume control keys, waking the computer, and zooming using the trackpad.\n\nThere are no tables, figures, charts, diagrams, or images present on this page. The content is purely textual, serving as a reference guide for readers to locate specific sections in the document.\n\nThe page number at the bottom indicates that this is page 73, and there is a footer prompt \"Looking for Something?\" suggesting that this might be part of a larger index or help section designed to assist users in navigating the document efficiently.\n</summary>"
    },
    "74": {
      "summary": "<summary>\nThe page appears to be blank, containing no visible text, tables, figures, images, or other content.\n</summary>"
    },
    "75": {
      "summary": "<summary>\nThis page contains legal and copyright information for an Apple Inc. manual. It emphasizes that the manual is copyrighted by Apple Inc., and reproduction in whole or part is prohibited without written consent. The document also states that Apple has made every effort to ensure accuracy but disclaims responsibility for errors. Contact information for Apple Inc. is provided, including the address, phone number, and website. The page lists various trademarks owned by Apple Inc., such as Apple, AirPort, iPhone, and Safari, along with those of third parties like Intel and Bluetooth SIG, Inc. Additionally, it mentions the use of Dolby Laboratories' technology and Macrovision Corporation's copyright protection technology, which is subject to specific licensing terms. Finally, the page notes that the manual is simultaneously published in the United States and Canada.\n\nThere are no tables, figures, images, or charts present on this page. The content is purely textual and focuses on legal disclaimers, contact information, and trademark acknowledgments.\n</summary>"
    },
    "76": {
      "summary": "<summary>\nThe page appears to be blank, containing no visible text, tables, figures, images, or other content.\n</summary>"
    }
  }
}