{
  "doc_id": "measuringsuccessonfacebooktwitterlinkedin-160317142140_95.pdf",
  "pages": {
    "1": {
      "summary": "<summary>\nThis page serves as an introductory slide for a class titled \"Measuring Success on Facebook, Twitter & LinkedIn,\" which is part of Class 3 in the New York University Social Media Analytics I course. The slide highlights the focus on analyzing social media performance across three major platforms: Facebook, Twitter, and LinkedIn. The NYU logo is prominently displayed at the bottom center, indicating the affiliation with New York University. In the bottom right corner, the handle \"@BrianHonigman\" suggests the presenter or instructor associated with this class.\n\n<image_summary>The background is a solid dark blue color, providing a clean and professional look. The NYU logo features a purple square with the university's name and a torch symbol, reinforcing the academic context.</image_summary>\n</summary>"
    },
    "2": {
      "summary": "<summary>\nThe page introduces the topic of \"Steps for Measurement on Any Social Channel,\" suggesting a focus on strategies or methodologies for evaluating performance across various social media platforms. The title is prominently displayed in white text against a dark red background, which features a pattern of small, faded icons related to social media and marketing, such as speech bubbles, thumbs-up symbols, trophies, and graphs. This visual design reinforces the theme of social media analytics and engagement.\n\n<image_summary>The background image consists of a repeating pattern of small, stylized icons representing various social media-related concepts, such as communication, achievement, data analysis, and user interaction. These icons are faintly visible, creating a thematic backdrop that aligns with the subject matter of social channel measurement.</image_summary>\n\nThe bottom right corner includes the handle \"@BrianHonigman,\" indicating the author or creator associated with this content. Overall, the page serves as an introductory slide or section header, setting the stage for detailed content about measuring social media performance.\n</summary>"
    },
    "3": {
      "summary": "<summary>\nThe page emphasizes the importance of \"Identify the Audience\" as a key step in communication or marketing strategies. The central message is conveyed through bold, white text against a dark blue background, which creates a strong visual contrast. The background features a crowd of people at an event, with raised hands making rock-and-roll hand gestures and holding up phones, suggesting engagement and enthusiasm. This imagery reinforces the idea of connecting with a specific audience.\n\n<image_summary>The image depicts a lively crowd at an event, with silhouettes of people raising their hands in excitement. Some individuals are making rock-and-roll hand gestures, while others are holding up smartphones, likely capturing the moment. The overall atmosphere conveys energy and engagement, symbolizing the importance of understanding and connecting with one's audience.</image_summary>\n\nThe bottom right corner includes the credit \"@BrianHonigman,\" indicating the source or creator of the image or design.\n</summary>"
    },
    "4": {
      "summary": "<summary>\nThe page presents an overview of the \"Types of Content Shared\" in a visually organized manner. It categorizes shared content into six distinct types: Photos, Video, Text, GIFs, Audio, and Links. Each type is represented by a pentagon of a different color, making it easy to distinguish between them.\n\n<figure_summary>Figure 1: A grid layout of six pentagons, each labeled with one of the content types: Photos (blue), Video (purple), Text (orange), GIFs (teal), Audio (green), and Links (red). The pentagons are arranged in two rows of three, providing a clear and concise visual representation of the different content types.</figure_summary>\n\nThe design uses contrasting colors to highlight each category, ensuring clarity and ease of understanding. The title at the top, \"Types of Content Shared,\" clearly indicates the focus of the page. The credit \"@BrianHonigman\" is visible at the bottom right corner, indicating the creator or source of the content.\n\nThis page serves as a simple yet effective visual guide to understanding the various forms of digital content commonly shared online.\n</summary>"
    },
    "5": {
      "summary": "<summary>\nThe page emphasizes the importance of \"Understanding Your Goals\" through a visually striking image. The text is prominently displayed in large, white letters against a solid blue background, reinforcing the central theme of goal-setting and clarity.\n\n<image_summary>The image features a close-up of a soccer ball partially nestled in the net of a goalpost, symbolizing achievement and the successful attainment of a goal. The blue sky in the background adds a sense of openness and aspiration.</image_summary>\n\nThe overall design uses the metaphor of scoring a goal in soccer to convey the idea that understanding one's goals is crucial for success. The credit \"@BrianHonigman\" at the bottom indicates the creator or source of the image.\n</summary>"
    },
    "6": {
      "summary": "<summary>\nThe page focuses on \"Channel Specific Metrics,\" emphasizing the importance of analyzing performance across different communication channels. The visual elements support this theme by illustrating data representation and measurement.\n\n<figure_summary>Figure 1: A bar chart with four vertical bars in distinct colors (pink, red, teal, and yellow) represents channel-specific metrics. The yellow bar is highlighted with a hand holding a marker, drawing attention to it, suggesting a focus on one particular metric or channel.</figure_summary>\n\n<image_summary>An image of a hand holding a marker points to the tallest bar in the chart, symbolizing analysis, evaluation, or prioritization of a specific metric. This reinforces the idea of identifying and focusing on key performance indicators.</image_summary>\n\nThe overall design conveys a message about the significance of tracking and highlighting specific metrics within various communication channels to optimize performance and strategy.</summary>"
    },
    "7": {
      "summary": "<summary>\nThe page is titled \"Tools for Channel Measurement\" and features a collection of tools commonly used in manual work or construction. The tools include a hammer, wrenches, screwdrivers, pliers, and a file, all arranged in a visually appealing manner against a light blue background. The title suggests that the page may discuss methods or instruments for measuring channels, possibly in an engineering, construction, or technical context. The inclusion of various tools implies a focus on practical, hands-on measurement techniques.\n\n<image_summary>The image shows a variety of hand tools, including a hammer, wrenches, screwdrivers, pliers, and a file. These tools are depicted in grayscale with some colored handles, emphasizing their utility and versatility. The arrangement is organized and visually striking, reinforcing the theme of measurement and precision.</image_summary>\n\nThe watermark \"@BrianHonigman\" indicates the creator or source of the image, suggesting it may be part of a professional or educational resource related to channel measurement or tool usage.\n</summary>"
    },
    "8": {
      "summary": "<summary>\nThe page discusses \"Cross Channel Measurement\" and compares two tools: Simply Measured and Brandwatch. It highlights the social media platforms each tool measures. Simply Measured covers Facebook (FB), Twitter, LinkedIn, and Instagram, while Brandwatch focuses on Facebook and Twitter. The comparison aims to illustrate the scope of cross-channel measurement capabilities offered by these tools.\n\n<figure_summary>Figure 1: A simple comparison chart showing the social media platforms measured by Simply Measured and Brandwatch. Two blue boxes are used to visually separate the platforms covered by each tool.</figure_summary>\n\n<image_summary>The background is a solid dark blue, and the text is white, providing high contrast for readability. The layout is clean and minimalistic, emphasizing the comparison between the two tools.</image_summary>\n</summary>"
    },
    "9": {
      "summary": "<summary>\nThe page discusses \"Cross Channel Measurement\" and highlights two tools used for analyzing social media traffic: Google Analytics and Sprout Social & Socialbakers. Google Analytics is noted for tracking traffic from any social channel, while Sprout Social & Socialbakers specifically focus on Facebook, Twitter, LinkedIn, and Instagram. The slide emphasizes the importance of measuring cross-channel performance to understand how different platforms contribute to website traffic.\n\n<figure_summary>Figure 1: A simple comparison chart showing two columns. The left column lists \"Google Analytics\" and specifies it tracks \"Any Social Channel That Drives Traffic.\" The right column lists \"Sprout Social & Socialbakers\" and specifies it tracks \"FB, Twitter, LinkedIn & Instagram.\"</figure_summary>\n\n<image_summary>The background is dark blue, and the text is in white and light blue, making it visually clear and easy to read. The layout is clean and organized, focusing on the comparison between the two tools.</image_summary>\n</summary>"
    },
    "10": {
      "summary": "<summary>\nThe page presents data on Facebook's audience distribution across different age groups. The primary focus is a bar chart titled \"Facebook's Audience,\" which visually represents the percentage of users in each age bracket. The chart indicates that the highest user engagement is among the 25-34 age group at 32.1%, followed by the 18-24 age group at 26.2%. User engagement decreases progressively with age, with the lowest percentage observed in the 65+ age group at 10.6%. The source of the data is credited to eMarketer.\n\n<figure_summary>Figure 1: A bar chart illustrating the percentage of Facebook users across six age groups: 18-24, 25-34, 35-44, 45-54, 55-64, and 65+. Each bar corresponds to an age group, with heights representing the percentage of users. The chart highlights the peak usage among younger demographics and a decline in usage as age increases.</figure_summary>\n\nThe background features a blurred Facebook logo, reinforcing the context of the data being related to Facebook's audience demographics.\n</summary>"
    },
    "11": {
      "summary": "<summary>\nThe page titled \"Facebook Content Types\" showcases examples of different types of content that can be posted on Facebook. It highlights three distinct content formats: a photo post, an image gallery post, and a video post. Each example demonstrates how various brands utilize Facebook to engage their audience with diverse content styles.\n\n<image_summary>The first example is a photo post by Red Bull, featuring an action shot of a person skateboarding through a circular structure. The caption includes a question in Latvian, along with a link, and it has received minimal engagement (11 likes and 2 shares).</image_summary>\n\n<image_summary>The second example is an image gallery post by National Geographic Magazine. It displays a collection of magazine covers featuring various animals, accompanied by a caption asking users which animal matches their personality. This post has garnered significant engagement, with 3.1K likes and 250 shares.</image_summary>\n\n<image_summary>The third example is a video post by Disneyland, celebrating Father's Day. The thumbnail shows a heartwarming scene of a father and daughter interacting, with a caption emphasizing the special bond between fathers and daughters. The post has high engagement, with 4,257 likes, 1,311 shares, and over 50,000 views.</image_summary>\n\nOverall, the page illustrates how different content types—photos, galleries, and videos—can be used effectively on Facebook to capture user attention and foster interaction. The examples also highlight the importance of engaging captions and visuals in driving social media success.\n</summary>"
    },
    "12": {
      "summary": "<summary>\nThe page introduces a concept titled \"Social Litmus Test: Does Your Goal Work Here?\" This suggests a framework or method for evaluating whether a particular goal is suitable or effective in a social context. The title implies an assessment process to determine alignment between goals and social environments.\n\n<image_summary>The background features a geometric design with overlapping cubes and squares, some filled with colorful patterns (yellow, orange, and brown). This abstract imagery likely symbolizes complexity, interconnectedness, or diversity, which may relate to the social dynamics being discussed.</image_summary>\n\nThe overall tone and visual elements suggest a focus on strategic planning, goal-setting, or decision-making within social contexts, possibly aimed at professionals or organizations seeking to align their objectives with social realities.\n</summary>"
    },
    "13": {
      "summary": "<summary>\nThe page presents an overview of key Facebook metrics used to measure performance and engagement on the platform. These metrics are organized into a grid format, highlighting various aspects of user interaction and content performance. The metrics include \"Pages Likes,\" \"Post Reach,\" \"Engagement\" (Reactions, Shares, Comments), \"Post Clicks,\" \"Hide, Report as Spam, Unlikes,\" \"Post Types,\" \"Video Views,\" \"30-Second Views++,\" and \"FB Referral Traffic.\" Each metric provides insights into different dimensions of user behavior and content effectiveness.\n\n<figure_summary>Figure 1: A grid layout titled \"Facebook Metrics\" that categorizes various performance indicators into nine sections. The metrics are visually organized to provide a clear overview of how to measure success on Facebook.</figure_summary>\n\n<image_summary>The background features a blurred Facebook logo, reinforcing the context of the content being related to Facebook analytics and metrics.</image_summary>\n\nThe page is credited to @BrianHonigman, indicating the source or creator of this information.\n</summary>"
    },
    "14": {
      "summary": "<summary>\nThe page focuses on \"FB Measurement Tools,\" listing three primary tools used for measuring Facebook performance. These tools are:\n- **Facebook Insights**: A native tool provided by Facebook for analyzing page performance, audience demographics, and engagement metrics.\n- **Sumall**: A third-party analytics tool that offers insights into social media performance, including Facebook, Twitter, and Instagram.\n- **Agora Pulse**: Another third-party tool that provides detailed analytics and reporting for Facebook, helping users understand their audience and optimize their content strategy.\n\nThe background features a gradient blue color with a faint Facebook logo, emphasizing the theme of Facebook measurement. The slide is credited to \"@BrianHonigman\" in the bottom right corner.\n\nThere are no tables, figures, or images present on this page beyond the textual content and the decorative Facebook logo.\n</summary>"
    },
    "15": {
      "summary": "<summary>\nThe page provides an analysis of Twitter's audience demographics among online adults in the United States, comparing data from 2013 and 2014. The primary focus is on the percentage of internet users who use Twitter, broken down by various demographic categories such as gender, race/ethnicity, age, education level, income, and location. The data highlights significant changes in usage patterns over the two years, with asterisks indicating statistically significant differences at the 95% confidence level.\n\n<table_summary>\nTable 1: This table presents the percentage of Twitter users among online adults in 2013 and 2014, categorized by demographic factors. Key observations include:\n- Overall usage increased from 18% in 2013 to 23% in 2014.\n- Men showed a larger increase in usage compared to women.\n- Younger age groups (18-29) had the highest usage rates, with a significant rise from 31% to 37%.\n- Higher education levels and income brackets also saw notable increases in Twitter adoption.\n- Urban areas experienced a substantial growth in usage compared to suburban and rural areas.\n</table_summary>\n\n<figure_summary>\nThere are no explicit figures, charts, or graphs on this page. The information is conveyed through the table and accompanying text.\n</figure_summary>\n\n<image_summary>\nThere are no photographs or illustrations on this page. The visual content is primarily textual, with the table and descriptive notes providing the core information.\n</image_summary>\n\nThe source of the data is cited as the Pew Research Center’s Internet Project, with surveys conducted in September 2014 and August–September 2013. The sample sizes and margin of error are also provided, ensuring transparency in the methodology. The slide is attributed to @BrianHonigman, suggesting it may be part of a presentation or report.\n</summary>"
    },
    "16": {
      "summary": "<summary>\nThe page titled \"Twitter Content Types\" showcases examples of different types of content commonly found on Twitter. The top section features a news-related tweet from Reuters U.S. News Retweeted by Reuters Pictures (@reuterspictures), which includes an image collage related to foreigners detained in North Korea. The bottom section displays a humorous and relatable tweet from Target (@Target) with the caption \"Home is where the WiFi connects automatically,\" accompanied by a hashtag (#WednesdayWisdom). This tweet has received engagement, including likes and comments, such as one from Maddie Irish (@maddie_irish).\n\n<image_summary>The top image is a collage showing various scenes, including individuals in formal settings, military uniforms, and a person holding a framed portrait. The image is part of a news report by Reuters, highlighting the theme of detained foreigners in North Korea.</image_summary>\n\n<image_summary>The bottom image is a screenshot of a tweet from Target, featuring a simple design with the company's logo and a witty message about home and WiFi connectivity. The tweet also includes a hashtag and a comment from another user, Maddie Irish, adding to the conversational aspect of the content.</image_summary>\n\nThe page effectively illustrates how Twitter can host diverse content, ranging from serious news reports to light-hearted brand interactions, demonstrating the platform's versatility in communication styles and audience engagement.\n</summary>"
    },
    "17": {
      "summary": "<summary>\nThe page introduces a concept titled \"Social Litmus Test: Does Your Goal Work Here?\" This suggests a framework or method for evaluating whether a particular goal is suitable or effective in a social context. The title implies an assessment process to determine alignment between goals and social environments.\n\n<image_summary>The background features a geometric design with overlapping cubes and squares, some filled with colorful patterns (yellow, orange, and brown). This abstract imagery likely symbolizes complexity, interconnectedness, or diversity, which may relate to the social dynamics being discussed.</image_summary>\n\nThe overall tone and visual elements suggest a focus on strategic planning, goal-setting, or decision-making within social contexts, possibly aimed at professionals or organizations seeking to align their objectives with social realities.\n</summary>"
    },
    "18": {
      "summary": "<summary>\nThe page presents an overview of key Twitter metrics, organized into a grid format. These metrics are categorized into three main groups: **Followers**, **Tweet Reach**, and **Engagement**. Each category includes specific sub-metrics that provide insights into user activity and performance on Twitter.\n\n<table_summary>\nThe table is divided into three columns and three rows, totaling nine cells. Each cell contains a metric or a group of related metrics:\n- **Followers**: Focuses on the number of followers.\n- **Tweet Reach**: Includes metrics like Mentions, Retweets, and Likes.\n- **Engagement Rate**: Highlights the rate of engagement with tweets.\n- **Top Tweet, Top Mention, Top Follower, Top Media Tweet**: Indicates the most impactful tweets and interactions.\n- **Tweet Clicks**: Tracks the number of clicks on tweets.\n- **Completion Rate**: Measures how many users complete viewing media content.\n- **Video Views**: Counts the number of video views.\n- **Twitter Referral Traffic**: Tracks traffic directed to external sites from Twitter.\n</table_summary>\n\n<image_summary>\nThe background image features a blurred photograph of a person holding a smartphone, suggesting the context of social media usage. This visual element reinforces the theme of digital interaction and engagement.\n</image_summary>\n\nOverall, the page serves as a quick reference guide for understanding and monitoring various aspects of Twitter performance, helping users gauge their audience reach, engagement levels, and content effectiveness.\n</summary>"
    },
    "19": {
      "summary": "<summary>\nThe page focuses on \"Twitter Measurement Tools,\" listing four primary tools used for analyzing Twitter performance. These tools are: Twitter Analytics, Followerwonk, Buffer, and TweetReach. Each tool is presented in a bullet-point format, indicating their importance in measuring and optimizing Twitter activity.\n\n<image_summary>The image is a simple slide with a dark blue background and white text. The title \"Twitter Measurement Tools\" is prominently displayed at the top, followed by a list of four tools. The bottom right corner includes a credit to \"@BrianHonigman.\"</image_summary>\n</summary>"
    },
    "20": {
      "summary": "<summary>\nThe page presents an infographic titled \"LinkedIn Usage Among Key Demographics,\" which breaks down LinkedIn user statistics across various demographic categories: gender, age, location, income, and education. The data highlights that men and women have nearly equal usage rates (28% and 27%, respectively). Age distribution shows the highest usage among individuals aged 30–49 (31%), followed by those aged 50–64 (30%) and 18–29 (23%). Location-wise, urban areas have the highest usage at 32%, followed by suburban (29%) and rural (14%). Income levels indicate that users earning over $75K have the highest usage rate (44%), while those earning less than $30K have the lowest (15%). Educationally, college graduates dominate LinkedIn usage at 50%, followed by those with some college education (22%) and high school or less (12%).\n\n<figure_summary>Gender Distribution: Two pie charts show that 28% of LinkedIn users are men and 27% are women.</figure_summary>\n\n<figure_summary>Age Distribution: A horizontal bar chart displays usage percentages across four age groups: 18–29 (23%), 30–49 (31%), 50–64 (30%), and 65+ (21%).</figure_summary>\n\n<figure_summary>Location Distribution: Three icons represent urban (32%), suburban (29%), and rural (14%) usage percentages.</figure_summary>\n\n<figure_summary>Income Distribution: A series of stacked dollar signs illustrate usage percentages across five income brackets: >$75K (44%), $50K–$75K (31%), $30K–$49K (21%), and <$30K (15%).</figure_summary>\n\n<figure_summary>Education Distribution: Stacked book icons depict usage percentages for three educational levels: College Graduate (50%), Some College (22%), and High School or Less (12%).</figure_summary>\n\nThe infographic is credited to Sprout Social and includes sources from Pew Research Center and LinkedIn's press site. It is attributed to @BrianHonigman.\n</summary>"
    },
    "21": {
      "summary": "<summary>\nThe page titled \"LinkedIn Content Types\" showcases various types of content that can be shared on LinkedIn. It highlights different formats and styles of posts, emphasizing how they can engage users and convey information effectively. The examples provided include sponsored content, articles, videos, and personal updates.\n\n<figure_summary>Figure 1: A sponsored post by OpenX featuring an image of a smiling woman with the headline \"Can Switching Ad Servers Make You Smile?\" This example illustrates how visual content and engaging headlines can attract attention.</figure_summary>\n\n<figure_summary>Figure 2: Another sponsored post by Pandora, showcasing a video thumbnail with Kenny Mitchell, Sr. Director of Consumer Engagement at Gatorade. The post includes a play button, indicating it is a video content type, and discusses personalization in marketing.</figure_summary>\n\n<figure_summary>Figure 3: A post by Dave Kerpen, Founder & CEO of Likeable Local, featuring an article titled \"The Art of People: 11 Simple People Skills That Will Get You Everything You Want.\" This example demonstrates how LinkedIn can be used to share book excerpts or professional insights.</figure_summary>\n\n<figure_summary>Figure 4: A comment section beneath Dave Kerpen's post, showing user interaction with the content. This highlights the social aspect of LinkedIn, where users can engage through likes, comments, and shares.</figure_summary>\n\nThe page effectively illustrates the versatility of LinkedIn as a platform for sharing diverse content types, ranging from sponsored advertisements to personal updates and professional insights. Each example provides a glimpse into how different content formats can be utilized to reach and engage audiences on LinkedIn.\n</summary>"
    },
    "22": {
      "summary": "<summary>\nThe page introduces a concept titled \"Social Litmus Test: Does Your Goal Work Here?\" This suggests a framework or method for evaluating whether a particular goal is suitable or effective in a social context. The title implies an assessment process to determine alignment between goals and social environments.\n\n<image_summary>The background features a geometric design with overlapping cubes and squares, some filled with colorful patterns (yellow, orange, and brown). This abstract imagery likely symbolizes complexity, interconnectedness, or diversity, which may relate to the social dynamics being discussed.</image_summary>\n\nThe overall tone and visual elements suggest a focus on strategic planning, goal-setting, or decision-making within social contexts, possibly aimed at professionals or organizations seeking to align their objectives with social realities.\n</summary>"
    },
    "23": {
      "summary": "<summary>\nThe page presents an overview of key LinkedIn metrics, organized into a grid format. These metrics are categorized into three main groups: growth-focused metrics, engagement-focused metrics, and audience-focused metrics. The primary goal appears to be providing a comprehensive list of measurable data points that can help users evaluate the performance of their LinkedIn presence.\n\n<table_summary>\nThe table is divided into three columns and three rows, listing various LinkedIn metrics:\n- **Column 1 (Growth Metrics):** Followers, Update Clicks, Page Views, Unique Visitors\n- **Column 2 (Engagement Metrics):** Impressions, LinkedIn Referral Traffic, Engagement Rate\n- **Column 3 (Audience Metrics):** Interactions (Likes, Shares, Comments, Followers Acquired), Post Types, Follower Demographics\n</table_summary>\n\n<figure_summary>\nThere are no explicit figures, charts, or graphs on this page. However, the table itself serves as a visual representation of the different LinkedIn metrics, making it easy to compare and understand the categories.\n</figure_summary>\n\n<image_summary>\nThe background is a solid dark blue color, which provides high contrast for the white text, ensuring readability. There are no additional images or illustrations beyond the text and table.\n</image_summary>\n\nOverall, the page effectively communicates the essential metrics that businesses and individuals can track to measure the success of their LinkedIn activities, covering areas such as audience growth, user engagement, and demographic insights.\n</summary>"
    },
    "24": {
      "summary": "<summary>\nThe page discusses LinkedIn Measurement Tools, highlighting two primary approaches for tracking social media performance. Google Analytics is mentioned as a tool suitable for measuring traffic driven by any social channel. On the other hand, tools like Sprout Social, Simply Measured, and Socialbakers are recommended specifically for analyzing platforms such as Facebook, Twitter, LinkedIn, and Instagram. The content emphasizes the importance of selecting appropriate measurement tools based on the social channels being used.\n\n<image_summary>The image is a slide with a dark blue background and white text. It features the title \"LinkedIn Measurement Tools\" at the top. Below the title, two sections are presented side by side. The left section lists \"Google Analytics\" and specifies its use for \"Any Social Channel That Drives Traffic.\" The right section lists \"Sprout Social, Simply Measured & Socialbakers\" and indicates their focus on \"FB, Twitter, LinkedIn & Instagram.\" The bottom right corner includes the credit \"@BrianHonigman.\"</image_summary>\n</summary>"
    },
    "25": {
      "summary": "<summary>\nThe page features a simple design with a dark blue background and large, centered white text that reads \"Questions!?\". This suggests an invitation for audience engagement or a prompt for discussion. In the bottom right corner, there is a small attribution \"@BrianHonigman,\" indicating the creator or presenter of the content.\n\nThere are no tables, figures, charts, diagrams, or images present on this page. The focus is entirely on the textual message, which appears to be a concluding or interactive slide, possibly used at the end of a presentation to encourage questions from the audience.\n\n</summary>"
    }
  }
}