{
  "doc_id": "NUS-FASS-Graduate-Guidebook-2021-small.pdf",
  "pages": {
    "1": {
      "summary": "<summary>\nThis page serves as a visually engaging cover for a document related to graduate studies at the Faculty of Arts and Social Sciences at the National University of Singapore (NUS). The design features a dark blue background with vibrant geometric shapes in various colors (blue, red, orange, green, purple) that create dynamic arrows pointing in different directions. These arrows frame and highlight multiple photographs showcasing diverse cultural, historical, and architectural elements, such as a mosque, a market scene, a statue, and iconic landmarks like the Taj Mahal and the Marina Bay Sands in Singapore. The text prominently displays \"GRADUATE STUDIES\" in large white letters, followed by \"at the FACULTY OF ARTS AND SOCIAL SCIENCES\" in smaller text, emphasizing the focus of the document.\n\n<image_summary>The cover includes several embedded photographs that collectively represent global culture, history, and art. These images include scenes of people interacting, traditional markets, religious architecture, and modern urban landscapes, symbolizing the interdisciplinary nature of arts and social sciences.</image_summary>\n</summary>"
    },
    "2": {
      "summary": "<summary>\nThis page serves as a content page or table of contents for a guide aimed at students seeking admission to graduate programs at the Faculty of Arts and Social Sciences (FASS) at the National University of Singapore (NUS). It outlines the structure of the document, listing major sections along with their corresponding page numbers. The guide covers topics such as an introduction to NUS, details about FASS, graduate studies, study abroad options, research clusters, financial matters, admission procedures, contact information, and various academic programs offered by FASS. Additionally, it notes that information for undergraduate, study abroad, and student exchange programs can be found on the FASS website (fass.nus.edu.sg).\n\nThe left side of the page contains a brief introductory note explaining the purpose of the guide and directing readers to the FASS website for more information. The right side lists the main sections and subsections in a structured format, providing a clear roadmap for navigating the document.\n\n</summary>"
    },
    "3": {
      "summary": "<summary>\nThe page provides an introduction to the National University of Singapore (NUS) and highlights the significance of its Faculty of Arts and Social Sciences (FASS). The left side introduces NUS, detailing its history, growth, and global recognition since its founding in 1905 as a medical school. It emphasizes NUS's status as a leading global university in Asia, known for its research intensity and diverse student body from over 100 countries. The right side focuses on FASS, noting its establishment in 1929 and its current prominence as one of the largest faculties at NUS, with approximately 6,000 undergraduates and 1,000 graduate students. Key points about FASS include excellent global rankings, a comprehensive range of Humanities and Social Sciences subjects, extensive departmental offerings, language study opportunities, and a vibrant student community.\n\n<image_summary>The image on the left shows the NUS campus entrance, featuring a prominent orange and blue sign with the NUS logo, set against a backdrop of greenery and modern infrastructure, symbolizing the university's blend of tradition and innovation.</image_summary>\n\n<box_summary>A red box titled \"SO WHY NUS?\" lists key attributes of NUS: being set on the rolling hills of Kent Ridge, consisting of 150 hectares of buildings, and serving as a leading global university, research-intensive institution, and knowledge hub for issues related to Asia.</box_summary>\n\n<list_summary>The right side includes a bulleted list under \"Currently, FASS has:\" highlighting features such as excellent global rankings, a wide range of subjects, numerous departments and programs, strong faculty members, funding support, research facilities, language studies, and an active student community.</list_summary>\n</summary>"
    },
    "4": {
      "summary": "<summary>\nThe page provides an overview of graduate studies offered by FASS (Faculty of Arts and Social Sciences), highlighting the variety of coursework and research programs available. It emphasizes the professional development opportunities provided through these programs, which lead to Graduate Diploma, Masters, or Doctoral degrees. Coursework programs focus on practical skills and knowledge, while research programs involve in-depth study and thesis work. For some disciplines, PhD students can submit an article-based thesis as an alternative to a traditional thesis, requiring two to three journal articles and an analytical commentary of 8,000–12,000 words. Additional details can be found at fass.nus.edu.sg/graduate.\n\n<table_summary>\nTable 1: Lists the departments/programs, areas of study, and whether they offer coursework and/or research options. The table includes fields such as Chinese Studies, Communications and New Media, Comparative Asian Studies, Cultural Studies in Asia, Economics, English Language and Literature, Geography, History, Japanese Studies, Malay Studies, Philosophy, Political Science, Psychology, Social Work, Sociology, Southeast Asian Studies, and South Asian Studies. Green circles indicate availability for coursework, while gray circles indicate availability for research. Some programs, marked with an asterisk (*), are only available for PhD studies.\n</table_summary>\n\n<image_summary>\nAn image of two individuals studying in a library setting, surrounded by bookshelves filled with books. This visual reinforces the academic and scholarly environment associated with graduate studies.\n</image_summary>\n\n<figure_summary>\nA checklist icon is included, symbolizing the structured and organized nature of the graduate programs and the requirements students must meet.\n</figure_summary>\n</summary>"
    },
    "5": {
      "summary": "<summary>\nThe page discusses study abroad opportunities, specifically focusing on joint/double degree options for Masters and PhD students. It highlights the benefits of these programs, such as enhanced training and research through the resources of two institutions, and emphasizes the integration of international experience into academic development. The text mentions that both types of degree programs offer jointly supervised and assessed qualifications, leveraging the complementary strengths of partner universities. Additionally, it notes that FASS (Faculty of Arts and Social Sciences) aims to play a significant role in developing the next generation of researchers across Southeast Asia.\n\nThe page also introduces the \"Joint Scholarship Programme for PhD students with Harvard-Yenching Institute (HYI),\" which is designed for young faculty at HYI partner institutions in Vietnam, Thailand, and Cambodia. This program allows participants to complete a PhD at NUS with 10 months of dissertation research at Harvard, focusing on East and Southeast Asian Studies. A link is provided for more information about this scholarship.\n\n<image_summary>The background image shows an aerial view of a landscape during sunset, with the wing of an airplane visible, symbolizing travel and global opportunities.</image_summary>\n\n<text_box_summary>A text box on the right side provides detailed information about the HYI-NUS Joint Scholarship Programme, including its purpose, eligibility criteria, and a URL for further details.</text_box_summary>\n\n<text_box_summary>A smaller text box at the bottom lists the available program: \"Joint PhD (King's College London).\"</text_box_summary>\n</summary>"
    },
    "6": {
      "summary": "<summary>\nThis page discusses the Student Exchange Programme, highlighting its benefits and listing partner universities across different regions. The programme allows graduate students to spend three months or more at a partner university, gaining access to resources, supervision, and networking opportunities beyond their home institution. The page emphasizes how these exchanges enhance academic collaboration and career development.\n\nThe main visual element is a world map divided into regions (North America, Europe, and Asia), each accompanied by lists of partner universities and the specific exchange programmes available. \n\n<figure_summary>World Map: The map visually represents the global reach of the Student Exchange Programme, with highlighted regions indicating where partner universities are located.</figure_summary>\n\n<image_summary>List of Partner Universities: The page includes text boxes listing universities in North America, Europe, and Asia, detailing the type of exchange programmes offered (e.g., PhD Exchange, Graduate Exchange). Each region's list is color-coded and positioned near the corresponding area on the map.</image_summary>\n\nThe textual content at the bottom explains the programme's objectives, such as providing access to data, receiving guidance from professors, and expanding professional networks. This summary effectively combines textual and visual information to convey the scope and benefits of the Student Exchange Programme.\n</summary>"
    },
    "7": {
      "summary": "<summary>\nThe page discusses various aspects of research clusters, financial matters, and accommodation at FASS (Faculty of Arts and Social Sciences). On the left side, it highlights the interdisciplinary Research Clusters at FASS, which bring vibrancy to the community by integrating graduate students into research activities such as reading groups, seminars, workshops, and conferences. Key clusters mentioned include Belt & Road Initiative, Gender & Sexuality, and Language & Linguistics. Additionally, it lists several Research Centres and Groups, such as the Centre for Family and Population Research (CFPR) and the Global Production Networks Centre at NUS (GPN@NUS). The Singapore Research Nexus (SRN) is also introduced as a platform showcasing past and current research in Singapore.\n\nOn the right side, the page focuses on \"Money Matters & Accommodation.\" It provides an overview of tuition fees, which vary based on nationality and program type (Coursework vs. Research). A table summarizes the fee ranges for Singapore Citizens, Permanent Residents, and International Students. The section also mentions the SkillsFuture Credit, available to Singaporeans aged 25 and above, which can be used to pay for approved skills-related courses. Further details on scholarships, financial assistance, and accommodation options are provided, including links to relevant websites for more information.\n\n<table_summary>\nTable 1: Tuition Fees by Nationality and Program Type  \nThis table outlines the tuition fee ranges (in SGD) for Coursework and Research programs at FASS, categorized by nationality: Singapore Citizens, Singapore Permanent Residents, and International Students. The fees vary significantly depending on the student's status and the type of program.\n</table_summary>\n\n<image_summary>\nAn illustration of two hands holding each other, symbolizing support or collaboration, is placed next to the title \"Research Clusters @FASS.\"\n</image_summary>\n\n<image_summary>\nA cartoon character with a confused expression and question marks above its head, accompanied by a dollar sign, is used to visually represent the \"Tuition Fees\" section.\n</image_summary>\n</summary>"
    },
    "8": {
      "summary": "<summary>\nThe page is divided into two main sections: student testimonials on the left and admission/application procedures on the right. On the left side, under the heading \"WHAT OUR STUDENTS SAY,\" there are two testimonials from current students. Rozana Binte Mohamed, a Masters student in Applied Geographic Information Systems, shares her positive experience returning to FASS for graduate studies, highlighting the enriching course content and the camaraderie she developed. Lee Zi Quan Jeffrey, a current Masters student in Economics, emphasizes the strong foundation in economic theory and econometrics provided by the program, praising its holistic approach and analytical tools.\n\nOn the right side, the section titled \"Admission and Application Procedures\" outlines the admission criteria for graduate programs at FASS. It specifies that applicants must hold a good Master's degree in a relevant discipline (for PhD) or an NUS Honours degree (Merit/Second Class and above) or equivalent (e.g., a four-year Bachelor's degree with at least an average grade of B). For detailed requirements of specific programs, readers are directed to the website fass.nus.edu.sg/graduate. The page also details English language requirements, stating that non-native English speakers must submit either a TOEFL score (minimum 85 for internet-based test or 237 for computer-based test) or an IELTS score of 6.0. Additional notes mention that some departments may have higher requirements, such as a minimum IELTS score of 6.5 for the Master of Social Work coursework program, and that GRE reports are necessary for certain departments like Political Science, Psychology, and Social Work.\n\n<image_summary>The left side features two photographs of students: Rozana Binte Mohamed wearing a hijab and smiling, and Lee Zi Quan Jeffrey giving a thumbs-up gesture while wearing a backpack.</image_summary>\n\n<note>The page indicates that it continues on the next page (\"cont'd\") and is labeled as page 12 under the section \"ADMISSION.\"</note>\n</summary>"
    },
    "9": {
      "summary": "<summary>\nThe page provides detailed information about the application process for coursework and research programmes offered by FASS (Faculty of Arts and Social Sciences). It emphasizes that applications can be made either online or in paper form, but online applications are strongly preferred. The Graduate Admission System link is provided for online submissions: https://inetapps.nus.edu.sg/GDA2/Home.aspx. Applicants must pay a non-refundable application fee of S$50 upon submission. Supporting documents must be sent via post for certain departments, even if the application is submitted online. The page also outlines the two intakes per academic year—Semester I (August) and Semester II (January)—and specifies the processing times for each intake.\n\nThe page includes several tables summarizing the application periods for different programmes:\n\n<table_summary>\n**Table 1:** Lists the application periods for various coursework programmes under Semester I (August). It includes programmes such as Master of Economics, Master of Social Sciences (Communication), and others, along with their respective application deadlines.\n</table_summary>\n\n<table_summary>\n**Table 2:** Details the application periods for research programmes under Semester I (August), including Economics and other departments/programmes.\n</table_summary>\n\n<table_summary>\n**Table 3:** Provides the application periods for research programmes under Semester II (January), specifically for Chinese Studies, Geography, and Japanese Studies.\n</table_summary>\n\n<figure_summary>\nA calendar icon is used to visually represent the concept of \"processing time,\" indicating the deadlines for Semester I (by 31st May) and Semester II (by 31st October).\n</figure_summary>\n\nAn image of a person typing on a laptop is included at the top left corner, symbolizing the online application process. The page concludes by directing readers to visit fass.nus.edu.sg/graduate for more information and an up-to-date overview of the application process.\n</summary>"
    },
    "10": {
      "summary": "<summary>\nThe page is divided into two sections. On the left side, it provides contact information and FAQs for the Graduate Studies Division at the Faculty of Arts and Social Sciences, National University of Singapore. The contact section includes the address, phone numbers, and email addresses for coursework and research inquiries. Below this, there is a brief note directing readers to find FAQs on the university's website, with links provided for coursework and research-related questions. If further assistance is needed, specific email contacts are listed for each category.\n\nOn the right side, the page features a section titled \"WHAT OUR STUDENTS SAY,\" showcasing testimonials from current students. Two student testimonials are highlighted, each accompanied by a photograph. The first testimonial is from Nurstasha Arifin Wong Ji Han, a current Master’s student in Political Science, who shares her experience transitioning from a Recording Arts and Science background to political science, emphasizing the value of diverse knowledge and the support she received from professors. The second testimonial is from Ng Yong Hao, a Medical Social Worker at the National Cancer Centre Singapore, who discusses the impact of the Master of Social Work program on his professional growth and ability to effect positive change through practical learning and guidance from experienced academics.\n\n<image_summary>The left side includes a green background with white text for the contact information and FAQs. The right side features two photographs: one of a student playing a bass guitar and another of a smiling individual wearing glasses.</image_summary>\n\n<figure_summary>Figure 1: A testimonial box featuring Nurstasha Arifin Wong Ji Han, a current Master’s student in Political Science, sharing her academic journey and experiences. Figure 2: A testimonial box featuring Ng Yong Hao, a Medical Social Worker, discussing the benefits of the Master of Social Work program.</figure_summary>\n</summary>"
    },
    "11": {
      "summary": "<summary>\nThe page features a visually rich collage of images showcasing diverse cultural and natural landscapes, emphasizing themes related to research and coursework programs in the field of Asian studies or similar disciplines. The text \"Research & Coursework Programmes @FASS\" prominently appears on the right side, indicating that the content is likely related to academic offerings at an institution, possibly the Faculty of Arts and Social Sciences (FASS).\n\n<image_summary>The collage includes six distinct images arranged vertically:  \n1. A vibrant terraced rice field, symbolizing agricultural practices and rural life.  \n2. A golden Buddha statue against a sunset, representing spiritual and cultural heritage.  \n3. Traditional red lanterns and a temple, highlighting East Asian architecture and festivals.  \n4. The Taj Mahal, signifying historical and architectural significance in South Asia.  \n5. Colorful umbrellas and textiles, reflecting artistic and cultural diversity.  \n6. Scenes of people working in rice paddies and floating markets, illustrating daily life and economic activities in Southeast Asia.  \n\nEach image contributes to a broader narrative about the richness and variety of Asian cultures, environments, and traditions.</image_summary>\n\nThe overall design suggests an invitation to explore interdisciplinary research and educational opportunities focused on Asia, blending history, culture, environment, and society.</summary>"
    },
    "12": {
      "summary": "<summary>\nThe page provides an overview of the Department of Chinese Studies at the National University of Singapore (NUS), highlighting its role as a leading center for Chinese Studies in Asia. The department focuses on a wide range of academic areas, including traditional and modern literature, cultural studies, Chinese Diaspora, overseas Chinese, religious studies, cognitive linguistics, historical linguistics, pragmatics, lexical semantics, first language acquisition, and translation studies. It emphasizes bridging Chinese cultural heritage with modern Singaporean contexts and fostering cutting-edge research while offering effective academic training to students from diverse backgrounds. The department has six active research groups: Southeast Asian Chinese and Modern China, Chinese Linguistics, Ming-Qing Print & Popular Culture, Chinese Religions, and Classical Chinese Literature & Thought. Additionally, it offers programs such as Master of Arts by Coursework (MA in Chinese Culture & Language), Master of Arts by Research, and PhD.\n\nThe page also includes contact information for the department, located at Blk AS8, Level 5, 10 Kent Ridge Crescent, Singapore 119260, along with telephone, fax, and email details.\n\nThree testimonials from alumni and current students are featured on the right side of the page, providing insights into their experiences and the impact of the department's programs. Each testimonial is accompanied by a photograph of the individual.\n\n<image_summary>The top-left corner of the page features an image of calligraphy, showcasing traditional Chinese writing, which visually represents the department's focus on Chinese culture and heritage.</image_summary>\n\n<image_summary>A photograph of Dean Wang, identified as a researcher and co-principal investigator, accompanies his testimonial about the department's strategic location and its role in fostering cultural and intellectual exchange.</image_summary>\n\n<image_summary>A photograph of Hu Ya, a lecturer, is included alongside her testimonial, which highlights the opportunities provided by the PhD program in the department.</image_summary>\n\n<image_summary>A photograph of Xu Rui, a current Masters student, is shown next to her testimonial, emphasizing her positive experience with the program, including discussions, field research, and exposure to Singaporean culture.</image_summary>\n</summary>"
    },
    "13": {
      "summary": "<summary>\nThe page provides an overview of the Department of Communications and New Media (CNM) at the National University of Singapore (NUS). It highlights CNM's unique position as the only department in Southeast Asia offering media studies with a focus on new media. The department emphasizes a multidisciplinary approach, integrating subjects like sociology, political science, history, philosophy, computer sciences, and business. Students benefit from experiential learning through industry-driven projects, international competitions, and collaborations with external clients. The department also offers opportunities for students to take courses in advertising, journalism, health communication, public relations, art and design, game design, and cultural studies. Faculty members from diverse backgrounds contribute innovative teaching methods, and the Industry Advisory Council shapes the curriculum based on industry trends.\n\nOn the right side of the page, there are testimonials from three individuals associated with CNM:\n\n- **Farah Binte Gulam Hussain Bawany Florian**: A current Masters student who shares her positive experience with CNM, emphasizing its dynamic culture, academic supervision, and supportive environment.\n  \n- **Aaron Ng Yi Kai**: A current PhD student who praises the multidisciplinary nature of the graduate program, highlighting the wide range of research interests and the flexibility to take courses from other departments at NUS.\n\n- **Dr. Wang Yang**: A postdoctoral research fellow who reflects on her four-year PhD journey at CNM, noting the enriched modules, interdisciplinary research community, and supportive faculty.\n\n<image_summary>The left side of the page features an image depicting a hand holding a globe surrounded by interconnected circles, symbolizing global connectivity and the integration of various disciplines. This visual reinforces the theme of multidisciplinary and interconnected studies offered by CNM.</image_summary>\n\n<image_summary>Three individual photos accompany the testimonials from Farah, Aaron, and Dr. Wang, providing a personal touch to the page and connecting the reader to the experiences shared.</image_summary>\n</summary>"
    },
    "14": {
      "summary": "<summary>\nThe page provides an overview of the Comparative Asian Studies PhD Programme offered by the Faculty of Arts & Social Sciences at the National University of Singapore. Launched in 2013, the programme aims to foster a trans-regional understanding of Asia through interdisciplinary study, encouraging students to explore beyond traditional area-studies boundaries. It emphasizes comparative research on topics such as religions, transnational flows, and global histories, leveraging the expertise of faculty members from various departments. Key features include intensive language training in two Asian languages, an innovative coursework programme, and a dissertation based on research comparing two regions. The programme is designed to equip students with the skills to engage with Asia's complexities and contribute to knowledge production within the region.\n\nOn the right side of the page, three current PhD students share their experiences and insights about the programme:\n- **Carlo Samson Gutierrez** highlights the programme's unique vantage point in conceiving and engaging with Asian discourses, emphasizing its multilingual demands and transformative nature.\n- **Magdalena Maria Jeziorna-Surkha** discusses how the programme provided her with a larger Asian context for her research, moving away from a Eurocentric approach and enriching her understanding of Asia.\n- **Shruti Gupta** reflects on how the programme has allowed her to rethink traditional framings of Asia, focusing on its interconnectedness and pluralities while transcending national borders.\n\nThe page also includes contact information for the programme, such as the address, telephone, fax, and email details.\n\n<image_summary>The top-left corner features an image of a woman wearing a conical hat, rowing a boat, symbolizing cultural diversity in Asia. Below it, there is a shelf displaying various products, likely representing the economic and cultural aspects of the region.</image_summary>\n\n<image_summary>Three photographs of current PhD students—Carlo Samson Gutierrez, Magdalena Maria Jeziorna-Surkha, and Shruti Gupta—are included, each accompanied by their names and titles as \"Current CAS PhD Student.\"</image_summary>\n</summary>"
    },
    "15": {
      "summary": "<summary>\nThe page provides an overview of the Cultural Studies in Asia (CSA) PhD Programme at the National University of Singapore (NUS). The programme, established in 2009, is housed in the Department of Communications and New Media and is the only such programme taught in English in Asia. It adopts an interdisciplinary approach, focusing on teaching and research skills related to cultural practices in contemporary Asia. Core research areas include the politics of pop music, museum and nation-building, documentary films of Thailand, biographies of Indonesian revolutionary writers, urban imaginaries of Dhaka, heritage spatial politics in Malaysia, community activism in India, and Southeast Asian visual artists' engagement with history. Students can choose dissertation supervisors and enrol in relevant modules across various departments in the Faculty of Arts and Social Sciences (FASS).\n\nThe programme offers a rich pool of over 300 humanities and social science professors, allowing students to tailor their studies according to their interests. Core modules taught by specialists provide a grounding in Cultural Studies theory and practice, enabling students to learn from experts in a multidisciplinary manner.\n\nOn the right side of the page, under \"Academic Exchanges,\" it highlights the CSA-PhD Programme's active participation in the Inter-Asia Cultural Studies Society and its membership in the Consortium of Inter-Asia Cultural Studies Institutions. These affiliations provide opportunities for attending summer schools, conferences, and special lectures by visiting fellows such as Maila Stivens, Mike Featherstone, Peter van der Veer, Meaghan Morris, John Nguyet Erni, and Audrey Yue.\n\nTwo testimonials are included from former students: Annisa Ridzkynoor Beta (PhD, NUS, 2018), a postdoctoral fellow in the Department of Communications and New Media, and Felicia Low (PhD, NUS, 2015), Director of Community Cultural Development (Singapore). Both share their experiences, emphasizing the programme's impact on their academic and professional growth.\n\n<image_summary>The left side features an image of a woman surrounded by colorful traditional offerings, symbolizing cultural richness and diversity, which aligns with the theme of the programme.</image_summary>\n\n<image_summary>A headshot of Annisa Ridzkynoor Beta accompanies her testimonial, highlighting her role as a postdoctoral fellow.</image_summary>\n\n<image_summary>A photo of Felicia Low, engaged in an activity, accompanies her testimonial, reflecting her work in community cultural development.</image_summary>\n</summary>"
    },
    "16": {
      "summary": "<summary>\nThe page features testimonials from students and alumni of various academic programs at NUS, highlighting their experiences and insights into their respective fields of study. The left side of the page includes quotes from **Hilmar Farid** (Director General for Culture) and **Gao Xueying** (a PhD student in Cultural Studies in Asia), emphasizing the value of the Cultural Studies in Asia program in fostering professional development, networking, and innovative research perspectives. On the right side, under the heading \"WHAT OUR STUDENTS SAY,\" there are testimonials from **Nguyen Hang Phung Dung** (a Masters student in English Language and Linguistics) and **Kim Su Min** (a PhD student in English Language and Literature). These testimonials discuss the enriching academic environment, supportive faculty, and personal growth experienced by the students during their studies at FASS, NUS.\n\n<image_summary>The page contains multiple photographs of individuals associated with the testimonials. Each photo is placed next to the corresponding quote, providing a visual connection to the speakers.</image_summary>\n\n</summary>"
    },
    "17": {
      "summary": "<summary>\nThe page provides an overview of the Department of Economics at the National University of Singapore (NUS), highlighting its programs, research areas, and testimonials from alumni. The department, established in 1934, is recognized as one of the leading economics departments in the Asia-Pacific region. It offers two tracks under coursework: the Career-Oriented Track (Master of Economics in Applied Economics) and the Academic-Focused Track (Master of Economics in Quantitative Economics). For research, it offers a Master of Social Sciences and a Doctor of Philosophy. The faculty's research spans microeconomics, macroeconomics, econometrics, game theory, industrial organization, labor economics, education, financial economics, and growth theory, with a focus on Asia. Recent graduates have secured placements in prestigious universities and institutions globally.\n\nThe page also includes contact information for the department, such as address, telephone, fax, and email details. Additionally, there are three testimonials from alumni, each providing insights into their experiences and the value they derived from the program. These testimonials emphasize the practical application of knowledge, the supportive academic environment, and the development of analytical skills.\n\n<image_summary>The top-left corner features an image of a calculator and a highlighter, symbolizing the quantitative and analytical nature of the field of economics.</image_summary>\n\n<image_summary>A photograph of Vaninder Singh accompanies his testimonial, highlighting his experience as a practicing economist and the relevance of the program to his professional life.</image_summary>\n\n<image_summary>A photograph of Caixiqian is included, showcasing his positive experience studying in the Economics graduate program and the diverse cultural exchange he enjoyed.</image_summary>\n\n<image_summary>A photograph of Liu Xuyuan is shown, emphasizing her appreciation for the program's ability to provide a solid foundation in analytical and quantitative skills.</image_summary>\n</summary>"
    },
    "18": {
      "summary": "<summary>\nThe page provides an overview of the Department of English Language and Literature at the National University of Singapore (NUS), highlighting its academic offerings, research focus, and testimonials from alumni and current students. The department is part of the Faculty of Arts & Social Sciences and is located in Block AS5, Level 6, 7 Arts Link, Singapore 117570. It offers graduate degrees in three areas: English Language and Linguistics, Literary Studies, and Theatre and Performance Studies, at three levels: MA by coursework, MA by research, and PhD. The text emphasizes Singapore's unique position as a multicultural hub, making it ideal for studying language, literature, and theatre, especially in the context of Asia-Pacific cultures, modernity, and postcolonial studies.\n\nOn the right side of the page, there are three testimonials from individuals associated with the department:\n- **Lauren Yeo** (MA, NUS, 2018) reflects on her experience as a Research Assistant and Part-Time Tutor, praising the program for honing her skills and fostering her academic interests.\n- **Roweena Yip Leileng**, a current PhD candidate in Theatre and Performance Studies, shares her enriching journey from studying English Literature and Renaissance Literature to pursuing a PhD in Theatre Studies, highlighting the supportive community and opportunities for research.\n- **Tan Teck Heng** (PhD, JDP-KCL & NUS, 2021) discusses his extensive academic journey, including studies at King's College London, and how the department's support and international connections have enhanced his research on anglophone modernism and modern Chinese writing.\n\n<image_summary>The left side of the page features an image of a person writing in a notebook, symbolizing academic work and study.</image_summary>\n\n<image_summary>Three headshot photographs accompany the testimonials, providing a personal touch to the page.</image_summary>\n</summary>"
    },
    "19": {
      "summary": "<summary>\nThe page provides an overview of the Department of Geography at the National University of Singapore (NUS), highlighting its global ranking, research focus, and graduate programs. The department is noted for its expertise in human and physical geography, with a particular emphasis on Asia and the tropical world. It offers three main research clusters: Social and Cultural Geographies, Politics, Economies, and Space, and Tropical Environmental Change. Each cluster lists specific themes and topics for graduate research applications. The page also introduces two individuals: Radhika Bhargava, a current PhD candidate sharing her educational journey and experiences, and Rachel Koh, a conservation manager at WWF-SG, discussing her work in forest conservation and the impact of her NUS Geography education.\n\n<image_summary>The left side of the page features an image of a globe, symbolizing the global scope of geographical studies. On the right side, there are two photographs: one of Radhika Bhargava wearing scuba gear, reflecting her marine ecology background, and another of Rachel Koh, showcasing her professional role.</image_summary>\n\n<text_summary>The text emphasizes the Master of Science in Applied Geographic Information Systems (MSc in Applied GIS) program, which reflects cutting-edge technologies and latest developments in GIS. It highlights the department's reputation as one of the top ten geography departments globally and number one in Asia, offering opportunities for further academic pursuits or practical careers in applied GIS.</text_summary>\n</summary>"
    },
    "20": {
      "summary": "<summary>\nThe page provides an overview of the Department of History at the National University of Singapore (NUS), highlighting its academic offerings, research focus, and testimonials from alumni. The department offers degrees by research and dissertation at the MA and PhD levels, with a strong emphasis on Asian history, particularly Southeast and East Asian studies. It also supervises cutting-edge research in European, American, and South Asian history, along with thematic fields like military history. Additionally, the department provides master's degree coursework programs in Applied and Public History and Asian and Global History, catering to diverse career paths and scholarly interests.\n\nThe page lists contact information for the Department of History, including its address, telephone, fax, and email details. It emphasizes the department's reputation for producing graduates who secure prestigious positions globally and highlights the opportunities for international fieldwork and conferences facilitated by grants and fellowships.\n\nTwo testimonials from alumni are featured:\n- **Cao Yin**, an Associate Professor at Tsinghua University, shares how his time at NUS broadened his understanding of global cultures and histories through engaging conversations and diverse faculty expertise.\n- **Lau Yu Ching**, a Lecturer at Ngee Ann Polytechnic, reflects on her enriching experience, noting the supportive community, multi-disciplinary approach, and opportunities to explore diverse academic interests.\n\n<image_summary>The top-left section of the page features a collage of colorful portraits of historical figures, symbolizing the department's focus on diverse historical narratives and influential individuals.</image_summary>\n\n<image_summary>A photograph of Cao Yin accompanies his testimonial, providing a personal touch to his narrative about his academic journey.</image_summary>\n\n<image_summary>A photograph of Lau Yu Ching sitting outdoors adds a relatable and human element to her testimonial, emphasizing her positive experiences during her time at NUS.</image_summary>\n</summary>"
    },
    "21": {
      "summary": "<summary>\nThe page provides an overview of the Department of Japanese Studies at the National University of Singapore (NUS), highlighting its academic programs, faculty expertise, and student experiences. The department offers Masters and PhD programs, emphasizing coursework, research dissertations, and fieldwork in Japan. Faculty members specialize across various disciplines, and students often collaborate closely with professors, especially on topics related to Japan's relationship with Asia, such as economics, politics, and culture. The page also features testimonials from current PhD students—Eve Loh Kazuhara, Satoshi Inuzuka, and Robert St John Coulton Crawford—who share their positive experiences, including access to resources, supportive faculty, and enriching academic opportunities. The department is praised for its community-oriented environment, guest lectures, and workshops, which enhance students' understanding of Japan and broader East Asian contexts.\n\n<image_summary>The top-left image shows a cluster of traditional Japanese lanterns with Japanese characters, symbolizing cultural elements associated with the department.</image_summary>\n\n<image_summary>A photo of Robert St John Coulton Crawford, a current PhD student, is included alongside his testimonial, providing a personal touch to the page.</image_summary>\n\n<image_summary>Photos of Eve Loh Kazuhara and Satoshi Inuzuka, both current PhD students, accompany their respective testimonials, adding a human element to the narrative.</image_summary>\n</summary>"
    },
    "22": {
      "summary": "<summary>\nThe page provides an overview of the Department of Malay Studies at the National University of Singapore (NUS), highlighting its graduate programs and research opportunities. The department offers Masters and PhD courses focusing on theoretical frameworks and in-depth studies of Malay and Malay societies. Students are required to take a Malay/Indonesian language course if they have not already done so. Key areas of study include Literature, Art, History, Political Science, Sociology, Social Work, Linguistics, and Southeast Asian Studies. The department encourages interdisciplinary perspectives and fosters a collaborative environment through forums for research sharing and discussion.\n\nOn the right side of the page, there are testimonials from three individuals associated with the department:\n\n- **Siti Hazirah Binte Mohamad**, a Research Associate at Duke-NUS Medical School, shares her experience as a Malay Studies graduate student, emphasizing the challenging yet fulfilling nature of the program, the support from professors, and the enriching field trips.\n  \n- **Mysara Binte Mohamad Aljaru**, a current Masters student, discusses her transition from journalism to Malay Studies, highlighting how the program has allowed her to critically examine issues related to the Malay community and apply her knowledge across academia, journalism, and film.\n\n- **Syed Muhammad Hafiz Bin Syed Nasir**, a current PhD student, reflects on his background in the arts and museum industry and how the Malay Studies Department has supported his intellectual pursuits, enhancing his understanding of cultural issues within the Malay World.\n\n<image_summary>The left side of the page features an image of a traditional Malay kite, symbolizing cultural heritage and artistic expression, which aligns with the department's focus on Malay culture and history.</image_summary>\n\n<image_summary>Three individual portraits accompany the testimonials, providing a personal touch and connecting readers to the experiences shared by the students and alumni.</image_summary>\n</summary>"
    },
    "23": {
      "summary": "<summary>\nThe page provides an overview of the Department of Philosophy at the National University of Singapore (NUS), highlighting its unique offerings and strengths. The department stands out globally for offering specialization in four independent traditions of philosophical research: Anglo-American (Analytic) Philosophy, Continental (European) Philosophy, Chinese Philosophy, and Indian Philosophy. It emphasizes normative philosophy, classical Confucianism, philosophy of language, epistemology, mind, and philosophy of science and technology. Recent graduate students have completed theses on diverse topics, reflecting a cosmopolitan environment with students from various regions. Contact details for the department are provided, including address, phone, fax, and email.\n\n<image_summary>The top-left image is a painting depicting a classical scene with numerous figures engaged in discussion, symbolizing philosophical discourse.</image_summary>\n\n<image_summary>The right side of the page features three photographs of individuals associated with the department, each accompanied by a quote about their experiences and perspectives on studying philosophy at NUS:</image_summary>\n- **Gabriele Leonie Escoffier**: A current PhD student in Chinese Philosophy, emphasizing the dynamic and multicultural research environment at NUS.\n- **Daryl Ooi Shen**: A current Masters student, reflecting on how philosophy encourages deep thinking about fundamental questions like morality and truth.\n- **Lo Wei Ling, Jane**: An MA graduate and tutor, expressing gratitude to her professors for instilling a love for philosophy and supporting her academic journey.\n\nThis combination of textual and visual elements effectively conveys the department's academic focus, international appeal, and the positive impact it has on its students.\n</summary>"
    },
    "24": {
      "summary": "<summary>\nThe page provides an overview of the Department of Political Science at the National University of Singapore (NUS), highlighting its global recognition, faculty expertise, and curriculum focus. The department is noted for its strength in Asian politics, governance, and international relations, particularly concerning China and Southeast Asia. It offers graduate modules that emphasize theoretical and conceptual analyses, practical research skills, and diverse methodological approaches, encouraging students to adopt a multidisciplinary perspective. The department's curriculum covers four key areas: Comparative Politics, International Relations, Governance & Public Policy, and Political Theory. Each area is described in detail, focusing on specific themes and regional contexts. \n\nThe page also includes testimonials from two individuals: George Edward May, a current PhD student in Political Science, and Mary Ann Joy Quirapas Franco, a Research Fellow at the Energy Studies Institute. Both highlight the enriching academic environment, professional development opportunities, and supportive community provided by the department.\n\n<image_summary>The top-left corner features an illustration of multiple national flags waving together, symbolizing international collaboration and diversity.</image_summary>\n\n<image_summary>A photograph of George Edward May accompanies his testimonial, showcasing his enthusiasm and engagement with the program.</image_summary>\n\n<image_summary>A photograph of Mary Ann Joy Quirapas Franco accompanies her testimonial, reflecting her positive experience and professional growth.</image_summary>\n</summary>"
    },
    "25": {
      "summary": "<summary>\nThe page provides an overview of the Department of Psychology at the National University of Singapore (NUS), highlighting its research infrastructure, graduate programmes, and clinical training opportunities. The department offers two research graduate programmes with specializations in six major psychological disciplines: Clinical Science and Health Psychology, Cognition, Developmental Psychology, Quantitative Psychology, Social and Cognitive Neuroscience, and Social, Personality, and Industrial-Organisational Psychology. Training involves coursework and a thesis under academic supervision, with degrees available at the Master's and PhD levels. Additionally, the department has introduced a Concurrent Degree Programme allowing psychology majors to earn both an honours degree and a Master's degree in five years. The Clinical Graduate Programme is a two-year programme combining coursework, research, and practical placement, leading to a Master of Psychology (Clinical) Degree. It emphasizes the scientist-practitioner model and provides entry-level training for clinical practice. The Clinical and Health Psychology Centre (CHPC) serves as the training clinic and offers specialized services to the public. The page also mentions various scholarships available to students and notes the department's strengths in language and speech research, emotion research, and access to diverse populations.\n\n<image_summary>The top-left corner features an image of a rolled-up scroll with the word \"Psychology\" written on it, symbolizing the field of study.</image_summary>\n\n<image_summary>A photograph of a smiling individual is included, accompanied by a quote from WEVALAARACHCHI THILANGA DILUM, a postdoctoral fellow who reflects on her research experience in developmental psycholinguistics at NUS.</image_summary>\n</summary>"
    },
    "26": {
      "summary": "<summary>\nThis page features testimonials from students and alumni of the Department of Psychology at NUS, highlighting their experiences and achievements in various programs. The left side of the page includes three testimonials from individuals who have completed different psychology-related degrees, emphasizing personal growth, professional development, and the value of the academic rigor provided by the programs. The right side of the page showcases two more testimonials under the heading \"WHAT OUR STUDENTS SAY,\" focusing on the faculty's expertise, research opportunities, and the enriching learning environment at NUS.\n\n<image_summary>The left side of the page contains three photographs of individuals, each accompanied by their names, educational background, current positions, and quotes about their experiences in the program. These images serve to personalize the testimonials and provide a visual connection to the narratives.</image_summary>\n\n<image_summary>The right side of the page includes two photographs: one of a woman and another of a man holding a traditional mask. These images accompany their respective testimonials, adding a human element to their stories and enhancing the reader's engagement with their experiences.</image_summary>\n\nThe testimonials collectively emphasize themes such as intellectual growth, practical skills, networking opportunities, and the supportive academic environment at NUS. They also highlight the global and local relevance of the research conducted, as well as the resources available to students, such as library access and interdisciplinary interactions.\n</summary>"
    },
    "27": {
      "summary": "<summary>\nThis page provides an overview of the Department of Social Work at the National University of Singapore (NUS), highlighting its history, academic programs, research areas, and student testimonials. The department offers undergraduate, graduate, and doctoral programs in social work, focusing on clinical practice, policy analysis, program development, and research. Key research areas include ageing, community and social development, end-of-life and palliative care, family and community, offender rehabilitation, program development and evaluation, and social work practice. The department emphasizes hands-on learning through collaborations with local and international partners, aiming to enhance social work theory, skills, and policy contributions.\n\nThe page also features three student testimonials from individuals involved in different stages of their social work education at NUS. Each testimonial provides insights into their experiences, challenges, and personal growth within the program. \n\n<image_summary>The top-left corner of the page includes an illustration of colorful paper cutout figures holding hands, symbolizing unity and collaboration, which aligns with the themes of social work.</image_summary>\n\n<image_summary>Three individual photographs accompany the testimonials, each showing a smiling student or instructor, adding a personal touch to the narrative.</image_summary>\n</summary>"
    },
    "28": {
      "summary": "<summary>\nThe page provides an overview of the Department of Sociology at the National University of Singapore (NUS), highlighting its academic standing, research focus, and student testimonials. The department is ranked first in Asia and among the top 20 globally, offering three research programs: Master of Social Sciences in Sociology, Doctor of Philosophy in Sociology, and Doctor of Philosophy in Anthropology. It emphasizes diverse research methods and focuses on areas such as aging, demography, family and kinship, gender and sexuality, health, media, popular culture, migration, politics, power, race, ethnicity, social networks, and urbanism. The department's integration into a dynamic region and its interdisciplinary approach are highlighted as strengths. Testimonials from alumni discuss their experiences, including the benefits of scholarships, library resources, and interactions with peers and faculty.\n\n<image_summary>The left side of the page features an aerial photograph of a large crowd, symbolizing the department's focus on societal dynamics and collective behavior.</image_summary>\n\n<image_summary>Three individual photographs accompany testimonials from alumni: Hu Shu, Chong Wu Ling, and Pildoo Sung. Each photo includes a brief bio and a quote reflecting their positive experiences during their time at NUS.</image_summary>\n</summary>"
    },
    "29": {
      "summary": "<summary>\nThe page provides an overview of the South Asian Studies Programme (SASP) offered by the National University of Singapore (NUS). The programme offers degrees at the MA and PhD levels through research and dissertation, focusing on contemporary South Asia. It covers diverse academic disciplines such as history, political economy, development, religious studies, anthropology, and diaspora/transnational studies. The programme emphasizes fluency in English but encourages the use of South Asian languages in research. Alumni have found rewarding careers in academia, media, civil service, policy think-tanks, consulting, and independent research. The NUS Central Library supports the programme with extensive resources, including digital and microfilm collections, secondary materials, and printed books and journals. Funding opportunities are available but highly competitive.\n\n<image_summary>The left side of the page features a photograph of women wearing traditional South Asian attire, highlighting the cultural focus of the programme.</image_summary>\n\n<image_summary>Two testimonials are included on the right side of the page. The first is from Priscilla Ann Vincent, a researcher at the National Skills Development Corporation in New Delhi, India, who shares her positive experience with the SASP and its impact on her career and personal connections. The second testimonial is from Sojin Shin, an Assistant Professor at Tokyo International University, who describes her rigorous training and interdisciplinary approach gained during her time in the programme.</image_summary>\n</summary>"
    },
    "30": {
      "summary": "<summary>\nThe page provides an overview of the Department of Southeast Asian Studies at the National University of Singapore (NUS), highlighting its Masters of Arts (MA) and Doctor of Philosophy (PhD) research programs. These programs aim to train postgraduate students in knowledge production about Southeast Asia, covering fields such as history, economics, political science, anthropology, cultural studies, and archaeology. The department emphasizes an interdisciplinary approach, exposing students to theoretical and methodological issues while ensuring deep immersion in regional specifics. Graduates are prepared for academic careers and employment in research-intensive professions, with a focus on Southeast Asian languages.\n\nThe page includes contact information for the department, located in Block AS8, Level 6, 10 Kent Ridge Crescent, Singapore 117569, along with telephone, fax, and email details.\n\nTwo alumni testimonials are featured:\n- **Sol Dorotea Rosales Iglesias** (PhD, NUS, 2018), Senior Manager at APAC, JUUL Labs, Singapore, shares how her graduate training in political science and Southeast Asian studies provided comparative insights into the Philippines, enriched by diverse disciplinary perspectives offered by the faculty. She also highlights Singapore as an ideal base for studying the region.\n- **Vilashini Somiah** (PhD, NUS, 2019), Senior Lecturer at the University of Malaya, describes her experience in choosing the right PhD program, emphasizing the department's ability to challenge and support scholars through opportunities like visiting professors, lectures, and workshops. She praises the department as \"world class\" and expresses gratitude for being part of it.\n\nThe page also features three images:\n- A woman working in a field, symbolizing agricultural or rural life in Southeast Asia.\n- A group of individuals in traditional attire, representing cultural practices or performances.\n- An ornate architectural structure, likely a temple or historical building, showcasing the region's rich heritage.\n\n</summary>"
    },
    "31": {
      "summary": "<summary>\nThis page appears to be a cover or introductory page for the Graduate Studies Division of the Faculty of Arts & Social Sciences at the National University of Singapore (NUS). It provides contact information and branding details for the division. The text includes the name of the division, its affiliation with NUS, the physical address (Level 6, The Shaw Foundation Building, AS7, 5 Arts Link, Singapore 117570), and social media handles (@nusfass and FASSnews). Additionally, it features the NUS logo and the Faculty of Arts & Social Sciences logo, along with a website link (fass.nus.edu.sg/graduate).\n\nThere are no tables, figures, or images present on this page beyond the logos and text.\n\n<image_summary>The page contains two logos: one for the National University of Singapore (NUS) and another for the Faculty of Arts & Social Sciences. These logos serve as visual identifiers for the institution and faculty.</image_summary>\n</summary>"
    }
  }
}