{
  "doc_id": "NUS-Business-School-BBA-Brochure-2024.pdf",
  "pages": {
    "1": {
      "summary": "<summary>\nThis page is a promotional advertisement for the Bachelor of Business Administration program at NUS Business School, part of the National University of Singapore (NUS). The main message encourages prospective students to \"EMBARK ON YOUR JOURNEY WITH NUS BUSINESS SCHOOL,\" emphasizing the program's focus on agility and individuality with the tagline \"Be AGILE, Be YOU.\" The design features vibrant colors and dynamic visuals to convey energy and excitement.\n\n<image_summary>The central image shows a young woman in a business suit joyfully jumping, symbolizing enthusiasm and success. She is set against a blurred cityscape background with colorful light trails, suggesting movement and progress.</image_summary>\n\nThe page prominently displays the NUS logo and the NUS Business School branding, reinforcing the institution's identity and credibility. The overall layout is visually engaging, aiming to attract and inspire potential applicants to pursue the BBA program at NUS Business School.\n</summary>"
    },
    "2": {
      "summary": "<summary>\nThis page serves as a contents page for a document titled \"WHY NUS BUSINESS?\" It outlines the structure of the document, highlighting various sections that explore the benefits and features of studying business at NUS. The main topics covered include an overview (\"At A Glance\"), the value proposition (\"You Deserve The Best\"), an agile learning experience, academic programs, global and experiential opportunities, industry relevance, leadership and lifelong learning, entrepreneurship, and admissions processes. Each section is numbered, indicating its corresponding page in the document.\n\n<image_summary>The background image shows a group of students interacting on a staircase, symbolizing collaboration and engagement. The vibrant, colorful lines add a dynamic and modern feel, reinforcing the theme of innovation and forward-thinking.</image_summary>\n</summary>"
    },
    "3": {
      "summary": "<summary>\nThe page provides an overview of NUS Business School, emphasizing its vibrant community and the transformative educational experience it offers. It highlights the findings from the 2022 Graduate Employment Survey, showcasing the average gross monthly salaries and employment rates for graduates within six months of graduation across different degree programs. The page also mentions that starting in 2024, all students will be enrolled into the Bachelor of Business Administration degree through a common admission process. Additionally, it features key statistics about the school, including the total number of BBA students, the size of its alumni network, and the years of experience in developing business leaders.\n\n<table_summary>\nThe page includes two sets of horizontal bar charts:\n1. **Gross Monthly Salary for Graduate Year 2022 (Mean)**: This chart displays the mean gross monthly salaries for graduates from various degree programs, including BBA (Honours), BBA, BAC (Honours), BAC, and BSc RE. The salaries range from $4,668 to $6,026.\n2. **Overall Employment for Graduate Year 2022 (Within 6 Months of Graduation)**: This chart shows the employment rates for graduates within six months of graduation, ranging from 87.9% to 99.3%, with each program represented by a different color.\n</table_summary>\n\n<figure_summary>\nThe page contains three icons with accompanying statistics:\n1. **Total BBA Students**: An icon of three people represents the total number of BBA students, which is 4,350.\n2. **Strong Alumni Network**: A graduation cap icon indicates that the school has over 55,000 strong alumni.\n3. **Years of Developing Business Leaders**: A star icon signifies that the school has been developing business leaders for 59 years.\n</figure_summary>\n\n<image_summary>\nThere are no standalone images or photographs on the page. The visual elements consist of icons and bar charts used to convey statistical data and key facts about the school.\n</image_summary>\n</summary>"
    },
    "4": {
      "summary": "<summary>\nThe page highlights the prestigious rankings and achievements of NUS Business School, emphasizing its excellence in business education. It begins by stating that the school is highly ranked and provides students with top-tier preparation for successful careers. Key accolades include being ranked 1st in Asia according to the QS World University Rankings for 2024. The page then lists several rankings across different categories, showcasing the school's global and regional standing.\n\n**Business School Rankings:**\n- **Times Higher Education University Ranking 2023:** 3rd in Asia.\n- **QS World University Rankings 2023:** 8th globally and 1st in Asia.\n- **U.S. News & World Report 2023:** 2nd in Asia.\n\n**Business Subject Rankings:**\n- **Times Higher Education World University Ranking 2023:** 11th globally in Business & Economics.\n- **QS World University Rankings (Globally by Subjects 2023):**\n  - 9th in Marketing.\n  - 13th in Business & Management Studies.\n  - 10th in Business Analytics.\n  - 14th in Accounting & Finance.\n- **The World University Rankings (in Asia) by Subjects 2022:** \n  - 1st in Accounting & Finance.\n  - 1st in Business & Management Studies.\n\n**MBA Programme Rankings:**\n- **NUS MBA:**\n  - QS Business Masters Rankings: 10th globally.\n  - QS Global MBA Rankings: 24th globally.\n- **Joint Programmes and Other MBA Rankings:**\n  - UCLA-NUS Joint Programmes QS: 3rd in EMBA 2023.\n  - Poets & Quants International MBA Rankings 2022-2023: 1st in Asia, 5th globally.\n  - Financial Times MBA Rankings 2023: 25th in MBA globally.\n\nThe page uses a clean layout with bold numbers and colorful accents to emphasize the rankings, making it visually engaging and easy to understand.\n\n</summary>"
    },
    "5": {
      "summary": "<summary>\nThis page highlights an \"Agile Experience\" educational program offered by NUS Business School, emphasizing an agile approach to preparing students for the challenges of a VUCA (Volatile, Uncertain, Complex, and Ambiguous) world. The program focuses on developing A.G.I.L.E. capabilities across various disciplines, empowering students with the skills to navigate new business challenges confidently. The page invites readers to join the program and embark on a journey that combines academic rigor with practical, industry-relevant, global, experiential, leadership, and entrepreneurial learning.\n\n<image_summary>The central illustration features large, colorful letters spelling out \"AGILE,\" each representing a different aspect of the program. Surrounding these letters are animated characters engaged in various activities, symbolizing the diverse learning experiences offered. The sections labeled \"Academic,\" \"Global & Experiential,\" \"Industry Relevant,\" and \"Leadership & Lifelong Learning\" visually connect the program's core components.</image_summary>\n</summary>"
    },
    "6": {
      "summary": "<summary>\nThe page highlights the academic offerings of an institution, emphasizing its highly customizable curriculum. It mentions options for students to pursue multiple majors and minors, as well as cross-disciplinary studies, ensuring a broad skill set upon graduation. The text aims to attract students by showcasing the flexibility and versatility of the program.\n\n<image_summary>The image depicts a person in formal attire (a suit and tie) giving a presentation or lecture. They are pointing towards a projection screen, which displays some form of data or chart, suggesting an educational or professional setting. The dynamic lines emanating from the individual symbolize energy, innovation, or connectivity, reinforcing the theme of academic engagement and forward-thinking education.</image_summary>\n</summary>"
    },
    "7": {
      "summary": "<summary>\nThis page presents a curriculum roadmap for an educational program, detailing the structure of the Common Curriculum, Major Curriculum, and Unrestricted Elective Courses. The Common Curriculum consists of 52 units, divided into General Education Courses (24 units), Business Environment Courses (20 units), a Cross-Disciplinary Course (8 units), and two milestones: Work Experience and Global Experience. The Major Curriculum outlines specific course requirements for various business-related majors, including Business Majors (60 units), Accountancy Major (68 units), and Real Estate Major (64 units). Level 2000, 3000, and 4000 courses are listed under each major, such as Accountancy, Applied Business Analytics, Finance, and others. The Unrestricted Elective Courses section highlights flexibility, offering 48 units for Business Majors, 40 units for the Accountancy Major, and 44 units for the Real Estate Major. The page concludes with a call to action, emphasizing the program's focus on providing students with a diverse and enriching educational experience through A.G.I.L.E. (Agility, Globality, Innovation, Leadership, Entrepreneurship) opportunities.\n\n<table_summary>\nThe page does not contain traditional tables but uses structured sections to organize information in a tabular-like format. For example, the Common Curriculum section lists categories like General Education Courses and Business Environment Courses alongside their respective unit counts and course titles.\n</table_summary>\n\n<figure_summary>\nThere are no explicit figures, charts, or graphs on this page. However, the layout uses icons (e.g., a book icon for \"Common Curriculum\" and a graduation cap for \"Major Curriculum\") to visually categorize different sections of the curriculum.\n</figure_summary>\n\n<image_summary>\nThe page includes simple icons (a book and a graduation cap) to represent the Common Curriculum and Major Curriculum sections, respectively. These icons serve as visual aids to distinguish between different parts of the curriculum.\n</image_summary>\n</summary>"
    },
    "8": {
      "summary": "<summary>\nThis page highlights nine academic majors offered by an institution, emphasizing their diverse fields of study and potential career opportunities. Each major is accompanied by a list of core subjects or areas of focus, providing insight into the curriculum and skills students can expect to develop. The majors covered include Accountancy, Finance, Marketing, Innovation & Entrepreneurship, Operations & Supply Chain Management, Applied Business Analytics, Leadership & Human Capital Management, Real Estate, and Business Economics. The page aims to inspire students to explore these programs and shape their educational journey toward a promising future.\n\n<image_summary>An image of two individuals engaged in conversation is included at the bottom right corner of the page. The setting appears to be an outdoor campus environment, suggesting a collaborative and interactive learning atmosphere.</image_summary>\n</summary>"
    },
    "9": {
      "summary": "<summary>\nThe page discusses the opportunities for students at NUS Business School to pursue second majors and minors using their unrestricted elective units. It emphasizes the flexibility of cross-disciplinary studies, allowing students to explore fields both within and outside the business school. The page highlights several examples of possible combinations of primary majors, second majors, and minors, showcasing the diverse academic paths available.\n\n<figure_summary>Figure 1: A circular diagram illustrating various combinations of primary majors, second majors, and minors. The segments represent different academic pathways, such as \"Primary Major (BIZ) - Applied Business Analytics\" paired with \"Second Major (BIZ) - Operations & Supply Chain Management,\" or \"Primary Major (BIZ) - Finance\" with \"Second Major (BIZ) - Marketing.\" Additional examples include non-BIZ minors like Statistics, Psychology, Economics, Communications & New Media, and Quantitative Finance.</figure_summary>\n\nThe page also mentions NUS's grade-free scheme, which allows students to take courses without affecting their GPA for that semester, facilitating smoother academic and social transitions into university life.\n\n<image_summary>A small icon of a document is included next to the \"DID YOU KNOW?\" section, visually reinforcing the informational nature of the note about the grade-free scheme.</image_summary>\n</summary>"
    },
    "10": {
      "summary": "<summary>\nThe page provides an overview of two academic programs: the Double Degree Programme (DDP) and the Concurrent Degree Programme (CDP). The DDP is designed for highly motivated students interested in two complementary disciplines, offering options such as Business Analytics, Communications & New Media, Computer Science, Economics, Engineering, Information Systems, Law, NUS–PKU Extended Exchange, and others. Students can apply for self-initiated DDP combinations after their first year of study. For more information, a link is provided: https://bba.nus.edu.sg/academic-programmes/dcdp/ddp/ad-hoc-double-degrees/.\n\nThe CDP is similar in duration to the DDP but awards a Bachelor's degree and a Master's degree upon completion. Unlike the DDP, which grants two Bachelor's degrees, the CDP offers the following Master's degree options: Master in Public Policy (with Lee Kuan Yew School of Public Policy) and Master of Science in Management. Additional information about the CDP can be found at: https://bba.nus.edu.sg/academic-programmes/dcdp/cdp/mpp/.\n\nAt the bottom of the page, there is an image showing two students working together on laptops in a classroom setting, emphasizing collaboration and learning. An orange box with a QR code encourages readers to scan for more curriculum information.\n\n</summary>"
    },
    "11": {
      "summary": "<summary>\nThe page highlights the \"Global & Experiential\" components of a BBA curriculum, emphasizing how students will develop global awareness and practical work experience throughout their studies. The text explains that these required elements aim to expand students' horizons, making them culturally aware and prepared for diverse work environments upon graduation.\n\nThe page features a visual representation of the program's progression over four years, using a stepped podium design to illustrate key milestones:\n\n<figure_summary>Figure 1: A stepped podium visualizes the BBA program's progression. Each step represents a year in the program, with icons and labels indicating key milestones. Year 1 focuses on \"Work Experience Milestone,\" including Career Compass Starter Workshops and one internship. Year 4 highlights the \"Field Service Project,\" a team consulting practicum worth 8 units, and the \"Global Experience Milestone,\" requiring an overseas experience.</figure_summary>\n\nThe visual includes icons such as a briefcase for internships, a globe for global experiences, and a gear for the Field Service Project, symbolizing the practical and global aspects of the program. The overall message underscores the importance of experiential learning and global exposure in preparing students for professional success.\n\n</summary>"
    },
    "12": {
      "summary": "<summary>\nThe page focuses on global immersion opportunities for students, highlighting two main programmes: the Student Exchange Programme (SEP) and the STEER Programme. The SEP allows students to spend a semester at an overseas partner university, gaining cultural experiences and broadening their perspectives. Students can also participate in shorter summer or winter programmes. The STEER Programme is designed to build familiarity and interests in emerging economies such as India, the Middle East, Vietnam, China, and Brazil. Additionally, the NUS Overseas College is mentioned as a prestigious entrepreneurship development programme offering students the chance to work and study in leading entrepreneurial and academic hubs for up to a year. Links to further information are provided for each programme.\n\n<image_summary>The main image shows a group of students posing together in a snowy landscape, emphasizing the international and immersive nature of the programmes. Additional smaller images depict groups of students in various outdoor settings, reinforcing the theme of global engagement.</image_summary>\n\n<image_summary>A QR code is included in the bottom right corner, inviting readers to scan for more information about the programmes.</image_summary>\n</summary>"
    },
    "13": {
      "summary": "<summary>\nThe page discusses NUS Business School's involvement in case competitions, highlighting its growth and achievements over the years. It emphasizes the school's hosting of home-grown competitions that attract students globally, serving as platforms for idea exchange and collaboration. The page lists several competitions NUS has participated in, including the NUS-Shell Case Competition, UOB-NUS International Case Competition, BI Norwegian Business School Case Competition, CBS Case Competition, Belgrade International Business Case Competition, NUS-SP Group Case Competition, Nestle-NUS Innovation Challenge, John Molson Undergraduate Case Competition, RSM STAR Case Competition, and the International Case Competition @ Maastricht.\n\n<image_summary>An image shows a group of individuals posing together at an event labeled \"HKUST International Case Competition,\" indicating participation and engagement in such competitions.</image_summary>\n\n<figure_summary>A decorative section showcases NUS Business School's recent achievements in various case competitions. It includes:\n- **2023 Thammasat Undergraduate Business Challenge**: 2nd Runner-Up\n- **2023 Hong Kong University of Science and Technology International Case Competition**: Champions\n- **2023 John Molson Undergraduate Case Competition**: 2nd Runner-Up\n- **2023 RSM STAR Case Competition**: Champions\n- **2023 Central European Case Competition**: 2nd Runner-Up\nEach achievement is marked with a ribbon icon, emphasizing the school's success and recognition in these events.</figure_summary>\n</summary>"
    },
    "14": {
      "summary": "<summary>\nThe page highlights two main sections: \"Campus Living\" and \"Bizad Club.\" The \"Campus Living\" section emphasizes the vibrant campus life at NUS, offering diverse residential options and programs designed to enrich students' educational experiences and foster lifelong friendships. It lists several halls and residences, including Eusoff Hall, Kent Ridge Hall, King Edward VII Hall, Prince George's Park Residences & Houses, Raffles Hall, Sheares Hall, and Temasek Hall. Additionally, it mentions various residential colleges such as College of Alice and Peter Tan (CAPT), NUS College (NUSC), Residential College 4, Ridge View Residential College, and Tembusu College. \n\nThe \"Bizad Club\" section introduces the NUS Students’ Business Club as an organizational hub aimed at enhancing students' personal and professional growth through events like the Bizad Charity Run and Freshmen Orientation Projects. It positions the club as a platform for cultivating skills and building meaningful connections.\n\n<image_summary>The top right image shows a group of students sitting near a large sign that reads \"NUS THE BEST CAMPUS LIFE,\" symbolizing the vibrant and supportive community at NUS. The bottom right image features a group photo of students in formal attire, likely members of the Bizad Club, highlighting the professional and collaborative environment offered by the organization.</image_summary>\n</summary>"
    },
    "15": {
      "summary": "<summary>\nThe page highlights the importance of gaining industry-relevant skills through a Career Compass Starter Workshop. It emphasizes the value of learning interview and resume-writing techniques, along with hands-on experiences such as internships and work-study programs. This combination aims to prepare individuals to become market-ready and highly sought-after job candidates. The text concludes by stating that this program is designed to set participants apart and open doors to exciting career opportunities.\n\n<image_summary>The image depicts a bustling career fair or networking event. A large group of people is gathered in a modern indoor space, engaging with various booths and banners representing different companies. The atmosphere is lively, with attendees interacting, some seated at tables, and others standing in line or conversing. Prominent banners include recognizable brands like Deloitte, suggesting a professional setting focused on career development.</image_summary>\n</summary>"
    },
    "16": {
      "summary": "<summary>\nThe page highlights the career support services provided by NUS Business School's BIZCareers team, emphasizing their role in connecting students with global and local companies. The team actively engages with recruiters to offer meaningful opportunities and provides various programs such as Alumni Sharing Sessions, Booster Skills Workshops, Company Visits, Career & Recruitment Talks, Internship & Job Search Briefings, and Industry Awareness Series. Internships are highlighted as a crucial part of university education, with NUS Business School making them a graduation requirement under the new curriculum. Students can participate in credit-bearing internships ranging from 8 to 24 weeks, with options tailored to different fields. Additionally, the Career Compass Starter Workshops are introduced, offering personalized career guidance, resume writing, personal branding, networking, interviewing skills, and workplace interaction training, tailored to each year of study.\n\n<image_summary>The top image shows a group of students attending a career event, engaging with recruiters and using mobile devices, indicating active participation in job fairs or similar activities. The bottom image depicts another scene at a career-related event, where students are interacting with booths or representatives, further emphasizing the importance of networking and industry exposure.</image_summary>\n</summary>"
    },
    "17": {
      "summary": "<summary>\nThe page introduces two distinct educational programs: the Field Service Project (FSP) and the Work Study Internship Programme (WSIP). The FSP is described as a hands-on learning experience where students collaborate with organizations in Singapore or internationally, gaining insights directly from CEOs and industry leaders. It emphasizes active participation, understanding business models, and contributing through a supervised report, offering valuable networking opportunities. The WSIP, on the other hand, is highlighted as a personalized, long-term, credit-bearing program designed specifically for business students. Unlike traditional classroom settings, it immerses students in real-world work placements at actual companies, providing mentorship, career exposure, and potential benefits like stipends and job rotations. Both programs aim to bridge academic learning with practical, real-world experiences.\n\n<image_summary>The image at the bottom of the page shows two individuals dressed in professional attire, smiling and looking ahead. They appear to be engaged in a positive, forward-looking interaction, symbolizing collaboration and success in a professional setting. The background includes modern architectural elements and signage, reinforcing the theme of business and career development.</image_summary>\n</summary>"
    },
    "18": {
      "summary": "<summary>\nThis page is titled \"WHAT OUR GRADUATES DO\" and provides an overview of the various sectors and job roles pursued by graduates. It is organized into several categories, each listing specific job titles relevant to that sector. The main sectors covered include Accountancy, Consulting, Finance & Banking, Events & Hospitality, E-Commerce, Consumer Goods, Technology, Real Estate, Human Capital Management, Other Sectors, and Logistics, Manufacturing & Supply Chain. Each category highlights the diverse career paths available to graduates, showcasing the breadth of opportunities across different industries.\n\nThe page uses a clean, bullet-point format to list job titles under each sector, making it easy to scan and understand the variety of roles. The layout is visually organized with distinct sections separated by red headers, ensuring clarity and readability.\n\nThere are no tables, figures, charts, or images on this page; the content is entirely textual, focusing on providing a comprehensive list of job titles and sectors.\n</summary>"
    },
    "19": {
      "summary": "<summary>\nThe page focuses on the themes of \"Leadership & Lifelong Learning.\" It emphasizes the importance of developing leadership qualities in students to prepare them for the fast-changing corporate world. The School aims to provide robust learning opportunities that nurture leadership skills and instill a lifelong passion for learning. Students are encouraged to become lifelong learners, equipped with knowledge acquisition skills and a continuous desire for growth.\n\n<image_summary>The image shows four students standing outdoors, wearing casual clothing with \"NUS Business\" logos, suggesting they are part of a business program at the National University of Singapore (NUS). They appear engaged and enthusiastic, with one student pointing upwards, symbolizing aspiration and forward-thinking.</image_summary>\n</summary>"
    },
    "20": {
      "summary": "<summary>\nThe page focuses on nurturing agile leaders who can make an impact in the marketplace and have a drive for lifelong learning. It highlights courses on leadership, a major in Leadership & Human Capital Management, and the NUS Lifelong Learning programme.\n\nThe section titled \"COURSES ON LEADERSHIP\" lists four courses:\n- Leadership & Decision Making under Certainty\n- Leading Across Borders\n- Leading in the 21st Century\n- Business with a Social Conscience\n\nEach course is accompanied by an icon representing its theme.\n\nUnder \"MAJOR IN LEADERSHIP & HUMAN CAPITAL MANAGEMENT,\" the text explains that students in this major become central to organizational success. They learn to understand leadership, inspire others, shape outcomes, and unlock human potential, positioning themselves as catalysts for change and success.\n\nThe \"NUS LIFELONG LEARNING\" section describes the NUS Lifelong Learners programme, which allows student enrollment to remain valid for 20 years after undergraduate or postgraduate admission. This ensures that all current and future students can continue learning and earn higher qualifications such as Graduate Diplomas, second Bachelor's, and Master's Degrees.\n\nAn image at the top of the page shows a group of individuals celebrating on stage, likely representing a competition or achievement related to leadership development.\n\n<image_summary>The image depicts a group of five individuals standing on a stage, clapping and smiling. One person holds an award certificate, suggesting they are celebrating a victory or recognition in a leadership-related event or competition.</image_summary>\n</summary>"
    },
    "21": {
      "summary": "<summary>\nThe page highlights the importance of fostering an entrepreneurial culture among the younger generation. It emphasizes that the curriculum is specifically designed to inspire and nurture the entrepreneurial spirit in students, encouraging them to generate innovative business ideas. The text is presented in a bold, engaging manner, with a focus on empowering young individuals to embrace entrepreneurship.\n\n<image_summary>The image shows four smiling individuals standing together outdoors, likely in a public space with flags and a fountain in the background. This suggests a sense of camaraderie and collaboration, aligning with the theme of teamwork and innovation in entrepreneurship.</image_summary>\n\nThe overall design uses vibrant colors and dynamic elements, such as arrows and geometric shapes, to convey a forward-thinking and energetic atmosphere, reinforcing the message of growth and opportunity in entrepreneurship.\n</summary>"
    },
    "22": {
      "summary": "<summary>\nThis page highlights the entrepreneurial opportunities available at NUS Business School, emphasizing its newer majors and the NUS Overseas Colleges (NOC) programme. The text encourages students to develop leadership skills through theoretical insights and practical experiences, whether in startups or large corporations. It mentions successful alumni like Carousell, Playmoolah, and Moovaz as examples of impactful ventures. The page also invites readers to explore the NOC programme further by flipping to Page 10, where they can learn about internships in technology-based startups and part-time courses abroad.\n\nThe page features an interview with Bryan Voong, a Year 4 Business Student who participated in the NOC programme in Norway. Bryan shares his positive experience, noting how the programme broadened his professional horizons beyond traditional business fields and opened up possibilities for working outside Singapore. He advises juniors to keep an open mind and take advantage of experiential learning opportunities like NOC to enrich their NUS experience.\n\n<image_summary>Bryan and his colleagues from DNV ReWind are shown gathering over a meal outdoors, indicating a collaborative and social aspect of his NOC experience.</image_summary>\n\n<image_summary>Bryan and his team are depicted attending the EoLIS 2023 Conference in Rotterdam, Netherlands, showcasing their involvement in international events and networking opportunities.</image_summary>\n</summary>"
    },
    "23": {
      "summary": "<summary>\nThe page provides information about financial support options and admissions for the NUS Business School. It highlights scholarships and awards available to students, including both NUS-level and school-specific opportunities. Additionally, it mentions bursaries offered to eligible students to ensure access to higher education despite financial constraints. Links are provided for more details on scholarships, bursaries, and tuition fees. The page also includes a QR code for accessing further information on financial aid and another QR code for applying to the NUS BBA program. A vibrant photograph of students posing in front of the \"NUS\" sign adds a welcoming and dynamic visual element.\n\n<image_summary>The image shows four students standing joyfully in front of a large, colorful \"NUS\" sign. The students appear happy and engaged, with one student pointing towards the sign. The background features lush greenery, emphasizing a lively and positive campus environment.</image_summary>\n\n<image_summary>A QR code is included under the \"FOR MORE ON FINANCIAL AID, SCAN HERE!\" section, directing users to additional resources related to financial aid.</image_summary>\n\n<image_summary>Another QR code is placed under the \"ADMISSIONS\" section, labeled \"SCAN HERE TO APPLY TO NUS BBA!\" This directs potential applicants to the online application portal for the NUS BBA program.</image_summary>\n</summary>"
    },
    "24": {
      "summary": "<summary>\nThis page highlights the NUS Business School, emphasizing its role in preparing students for leadership in an increasingly dynamic world. It describes the school's transformative journey, focusing on its rigorous curriculum, global opportunities, industry-relevant infrastructure, leadership development options, and entrepreneurial environment. The page aims to attract students by showcasing how the BBA program equips them with confidence and future-readiness.\n\n<image_summary>The main image features a modern, glass-fronted building labeled \"NUS BUSINESS SCHOOL,\" set against a backdrop of greenery, symbolizing the school's contemporary and vibrant environment.</image_summary>\n\n<figure_summary>QR Code: Located in the bottom-right corner, this QR code invites readers to scan it for more information about the NUS Business School.</figure_summary>\n\nThe page also includes contact and social media information, such as the website (bba.nus.edu.sg), Facebook page (facebook.com/NUSBusinessSchool/), Instagram handle (@nus_bba), YouTube channel (https://www.youtube.com/c/NUSBizSchool), and physical address (BIZ2 Building Level 5-0, 1 Business Link, Singapore 117592). A disclaimer at the bottom notes that all information is subject to change without notice.\n</summary>"
    }
  }
}