{
  "doc_id": "owners-manual-2170416.pdf",
  "pages": {
    "1": {
      "summary": "<summary>\nThis page serves as the title page for a \"Use And Care Guide\" for Whirlpool No-Frost Refrigerator-Freezers. It prominently features the Whirlpool logo at the top, followed by the title \"NO-FROST REFRIGERATOR-FREEZER.\" Below the title, two line drawings illustrate different models of the refrigerator-freezer: one with a top freezer and the other with side-by-side doors. The bottom of the page indicates that this is the \"Use And Care Guide,\" suggesting that the document will provide instructions and maintenance tips for users.\n\n<image_summary>The page includes two black-and-white line drawings of refrigerators. The left drawing depicts a top-freezer model, while the right drawing shows a side-by-side door model. Both illustrations highlight the overall design and structure of the appliances, emphasizing their no-frost feature.</image_summary>\n\nThe date \"3/95\" in the bottom right corner suggests that this guide was created or updated in March 1995. The page sets the context for the user manual, focusing on Whirlpool's no-frost refrigerator-freezers and preparing readers for detailed guidance on their operation and care.\n</summary>"
    },
    "2": {
      "summary": "<summary>\nThis page is a table of contents for a refrigerator user manual. It outlines various sections and subsections, providing page numbers for each topic. The main sections include \"A Note to You,\" \"Refrigerator Safety,\" \"Parts and Features,\" \"Before Using Your Refrigerator,\" \"Using Your Refrigerator,\" \"Caring for Your Refrigerator,\" \"Food Storage Guide,\" \"Removing the Doors,\" \"Troubleshooting,\" \"Requesting Service,\" and \"Warranty.\" Subsections cover detailed instructions such as cleaning, installation, control settings, component adjustments, ice maker usage, energy-saving tips, food storage guidelines, door removal, troubleshooting common issues, service requests, and warranty information.\n\nThere are no tables, figures, images, or charts present on this page. The content is purely textual, organized in a two-column format for easy navigation.\n</summary>"
    },
    "3": {
      "summary": "<summary>\nThis page is an introductory note addressed to the user of a Whirlpool appliance. It begins by thanking the customer for purchasing a high-quality, world-class home appliance and emphasizes the extensive engineering experience behind its manufacturing. The note highlights the importance of reading the Use and Care Guide thoroughly to ensure proper operation and maintenance for trouble-free use. The section titled \"Help when you need it\" provides guidance on seeking assistance, directing users to consult page 29 for service requests or contact an authorized Whirlpool service center. It stresses the need to have the appliance's model number, serial number, purchase date, dealer name, and phone number ready when contacting for service. A blank space is provided for the user to record this information for future reference.\n\n<image_summary>A black rectangular shape is present at the bottom left corner of the page, likely a design element or placeholder.</image_summary>\n</summary>"
    },
    "4": {
      "summary": "<summary>\nThis page focuses on \"Refrigerator Safety,\" emphasizing the importance of adhering to safety guidelines to prevent personal injury, burns, fire, and electrical shock. It explains the meaning of warning symbols and provides a list of \"IMPORTANT SAFETY INSTRUCTIONS\" to reduce risks associated with using the refrigerator. Key precautions include reading all instructions before use, keeping children away from the appliance, avoiding flammable materials near the refrigerator, and ensuring proper installation and maintenance. Additional tips cover installation requirements, such as placing the refrigerator on a stable surface, avoiding heat sources, and maintaining appropriate room temperatures. Users are also advised to connect the refrigerator to the correct electrical outlet and avoid overloading it with food until it has cooled properly.\n\n<figure_summary>Figure 1: A warning symbol explanation box. This figure defines the warning symbol (triangle with an exclamation mark) and its purpose, which is to alert users to potential dangers like personal injury, burns, fire, and electrical shock.</figure_summary>\n\nThe page does not contain any tables, images, or additional visual elements beyond the warning symbol explanation.\n</summary>"
    },
    "5": {
      "summary": "<summary>\nThis page provides an overview of the parts and features of a refrigerator, specifically focusing on \"Style 1.\" It includes detailed labeled illustrations of various components, highlighting their locations and functionalities. The text emphasizes that not all features may be present in every model, and the illustration may not perfectly match the user's appliance.\n\n<image_summary>The main visual element is a detailed cross-sectional diagram of a refrigerator, showcasing its internal and external features. Each part is labeled with a description and a reference to the corresponding page number where more information can be found.</image_summary>\n\nThe labeled features include:\n- **Automatic ice maker** with cubed and crushed ice options.\n- **Ice bin**, **light**, and **control panel**.\n- **EZ-Track** system for adjustable storage.\n- **Utility compartment**, **wine rack**, and **egg bin**.\n- **Adjustable slide-out spillproof shelves** and **humidity-controlled crisper**.\n- **Snack bin**, **slide-out freezer baskets**, and **meat drawer**.\n- **Door bins** (adjustable and deep), **door bin glides**, and **meat drawer air control**.\n- **Base grille**, **leveling rollers**, and **model and serial number label**.\n\nEach feature is accompanied by a brief description and a page reference for further details, ensuring users can easily locate and understand each component of their refrigerator.\n</summary>"
    },
    "6": {
      "summary": "<summary>\nThis page provides an overview of the features and components of a refrigerator, specifically labeled as \"Style 2.\" It includes a detailed diagram of the refrigerator's interior and exterior, highlighting various parts such as the freezer light, ice cube trays, adjustable shelves, crisper drawers, and utility compartments. Each component is annotated with its name and a reference to the relevant page in the manual where more information can be found. At the bottom of the page, there is a note emphasizing the importance of reading the Use and Care Guide before using the refrigerator, providing guidance on starting, cleaning, adjusting, and maintaining the appliance.\n\n<figure_summary>Figure 1: A detailed diagram of a refrigerator labeled as \"Style 2,\" showing both the interior and exterior components. Key parts include the control panel, freezer light, ice cube trays, adjustable shelves, crisper drawers, meat drawer, and utility compartment. Each part is labeled with its name and a page number indicating where further details can be found.</figure_summary>\n\n<image_summary>No standalone images are present apart from the labeled diagram of the refrigerator.</image_summary>\n</summary>"
    },
    "7": {
      "summary": "<summary>\nThis page provides instructions on preparing a refrigerator for use, focusing on cleaning, removing packaging materials, and plugging it in safely. It emphasizes the importance of removing tape, labels, and glue before use, while cautioning against damaging permanent labels or the Tech Sheet. Cleaning instructions are referenced for further guidance. The section also outlines the recommended grounding method, specifying voltage requirements (115V/60Hz, 220/240V/50Hz, or 220V/60Hz) and advising the use of a dedicated circuit with a properly grounded electrical supply. Extension cords are not recommended.\n\n<figure_summary>Figure 1: Illustrations of three different plug types (Plug 1, Plug 2, and Plug 3) are provided to visually represent the acceptable plug configurations for the refrigerator's power supply.</figure_summary>\n\n<image_summary>An icon depicting hand-washing is shown next to the cleaning instructions, symbolizing the need to clean the refrigerator before use.</image_summary>\n</summary>"
    },
    "8": {
      "summary": "<summary>\nThe page provides instructions on properly installing and leveling a refrigerator. The section titled \"Installing it properly\" outlines four key points: allowing 1.25 cm (½ inch) space around the top and sides of the refrigerator, leaving extra space if the hinge side is against a wall for easier door opening, ensuring the refrigerator can be flush against the back wall, and confirming that the ice maker water supply is connected (referencing Installation Instructions). \n\nThe second section, \"Leveling it,\" explains how to adjust the refrigerator's front leveling screws, which are located on the right and left sides. The process involves removing the base grille, turning the screws clockwise to raise the front or counterclockwise to lower it, checking the level, and then replacing the base grille. References to page 16 are provided for further details on removing and replacing the base grille.\n\n<figure_summary>Figure 1: A diagram illustrating the refrigerator installation setup, showing the recommended spacing around the refrigerator and its placement in relation to cabinets and walls.</figure_summary>\n\n<figure_summary>Figure 2: A detailed diagram demonstrating the leveling mechanism. It labels the \"front roller\" and \"leveling screw,\" indicating how to adjust the front of the refrigerator using a screwdriver by turning the screw clockwise to raise or counterclockwise to lower the front.</figure_summary>\n</summary>"
    },
    "9": {
      "summary": "<summary>\nThis page provides instructions on how to properly set up and adjust the controls of a refrigerator to ensure optimal performance and energy efficiency. It emphasizes the importance of correct temperature settings for both the refrigerator and freezer sections. The initial setup involves setting the refrigerator control to 3 (on a scale of 1 to 5) and the freezer control to B (on a scale of A to C). After plugging in the refrigerator, it is advised to wait several hours for it to cool down completely before adding food. Adjustments to the control settings can be made based on specific conditions, such as the refrigerator or freezer being too warm or cold, ice not being made fast enough, or both sections being too warm. The Automatic Exterior Moisture Control is mentioned but noted as not requiring adjustment.\n\n<table_summary>\nThe table titled \"CONDITION: REASON: RECOMMENDED SETTINGS:\" outlines various scenarios where adjustments might be necessary. It lists conditions such as the refrigerator or freezer section being too warm or too cold, ice not being made fast enough, or both sections being too warm. For each condition, potential reasons are provided, along with recommended settings for both the refrigerator and freezer controls. For example, if the refrigerator section is too warm, the recommended setting is 4 for the refrigerator and A for the freezer.\n</table_summary>\n\n<figure_summary>\nA diagram labeled \"Freezer control\" and \"Refrigerator control\" illustrates the control dials for both sections. The refrigerator control dial ranges from 1 (warmest) to 5 (coldest), while the freezer control dial ranges from A (warmest) to C (coldest). This visual aid helps users understand the range of settings available for each control.\n</figure_summary>\n</summary>"
    },
    "10": {
      "summary": "<summary>\nThis page provides instructions on removing and replacing door trim pieces and snap-on trivets, as well as adjusting the wine rack in certain models. The section begins with detailed steps for handling drop-in trim pieces, including removal by pulling straight up at each end and replacement by aligning the trim piece above the pocket opening and pushing it down. For snap-on trivets, the process involves removing items from the shelf, pulling out the inside tabs, lifting the trivet out, and then snapping it back into place during reinstallation. Additionally, there are instructions for adjusting the wine rack, which involve lifting the front, pulling off the rear support, and reversing the order for reinstallation.\n\n<figure_summary>Figure 1: Illustration showing the removal of a drop-in trim piece by pulling straight up at each end.</figure_summary>\n\n<figure_summary>Figure 2: Illustration demonstrating the replacement of a drop-in trim piece by aligning it above the pocket opening and pushing it down.</figure_summary>\n\n<figure_summary>Figure 3: Illustration illustrating the removal of a snap-on trivet by pulling out the inside tabs and lifting it straight out.</figure_summary>\n\n<figure_summary>Figure 4: Illustration showing the replacement of a snap-on trivet by lining up the ends with the button on the door liner wall and pushing it back until it snaps into place.</figure_summary>\n\n<figure_summary>Figure 5: Illustration depicting the removal of the wine rack by lifting the front and pulling it off the rear support.</figure_summary>\n</summary>"
    },
    "11": {
      "summary": "<summary>\nThis page provides instructions on adjusting door bins and refrigerator shelves. It begins by explaining how to remove and replace door bins on some models, emphasizing the use of support buttons. Next, it discusses adjusting refrigerator shelves to accommodate different storage needs, noting that glass shelves can hold heavy items like bottles and milk. Detailed steps are provided for removing and replacing both wire and glass shelves, including lifting, tilting, and guiding hooks into slots. A note warns users to handle glass shelves carefully due to their weight. Additional instructions cover sliding shelves in and out on certain models.\n\n<figure_summary>Figure 1: Illustrates the process of removing and replacing door bins using support buttons.</figure_summary>\n\n<figure_summary>Figure 2: Demonstrates the removal of wire shelves, showing the sequence of tilting up at the front, lifting at the back, and pulling straight out.</figure_summary>\n\n<figure_summary>Figure 3: Explains the replacement of glass shelves, highlighting the steps of guiding rear hooks into slots, tilting the front up, and lowering it to a level position.</figure_summary>\n\n<figure_summary>Figure 4: Shows how to slide shelves out and in on some models, indicating careful pulling and pushing motions.</figure_summary>\n</summary>"
    },
    "12": {
      "summary": "<summary>\nThis page provides instructions on adjusting, removing, and replacing the EZ-Track shelf system, which is available on some models. The content is divided into four sections, each detailing a specific task: sliding the shelf side-to-side, removing the shelf, removing the shelf track, and replacing the shelf track. Each section includes step-by-step instructions accompanied by corresponding illustrations to guide the user through the process.\n\n<image_summary>The first illustration shows how to slide the shelf side-to-side. It depicts lifting the front of the shelf slightly, sliding it to the desired location, and then lowering it back to level position. The upper channel is labeled, indicating where the shelf slides.</image_summary>\n\n<image_summary>The second illustration demonstrates how to remove the shelf. It shows holding the back of the shelf with one hand, lifting the front to a 45° angle, and then pulling the shelf out after releasing it from the upper channel track. A note emphasizes using both hands due to the shelf's weight.</image_summary>\n\n<image_summary>The third illustration explains how to remove the shelf track. It shows lifting both sides of the track slightly and then pulling it straight out from the cabinet.</image_summary>\n\n<image_summary>The fourth illustration guides the replacement of the shelf track. It illustrates aligning the track hooks with the shelf support slots on the back wall of the cabinet, ensuring both sets of hooks are in place, and pushing the track backward and down until it is completely seated.</image_summary>\n</summary>"
    },
    "13": {
      "summary": "<summary>\nThis page provides instructions on reinstalling shelves, removing and replacing the crisper and its cover in two different styles. The text is accompanied by illustrations to guide users through each step.\n\nThe first section explains how to reinstall a shelf, detailing four steps: holding the shelf at the front and back, tilting it up to a 45° angle, inserting the rear shelf slides into the upper channel of the track, and lowering the front to a level position. A note emphasizes ensuring both rear shelf slides are securely in place before releasing the shelf.\n\nThe second section focuses on removing the crisper and its cover. It outlines the process for removing the crisper in three steps: sliding it out straight, lifting the front slightly, and sliding out the rest of the way. Replacement is done in reverse order.\n\nTwo styles of crisper covers are described:\n- **Style 1**: To remove the cover, hold it firmly with both hands, lift the front off supports, and then pull it out. To replace it, fit the back into notch supports on the refrigerator walls and lower the front into place.\n- **Style 2**: To remove the cover, push up the glass insert from the bottom, slide it out, lift the front of the cover frame, and then lift the entire cover frame up and out. To replace it, fit the back of the cover frame into notch supports, lower the front into place, and slide the glass insert back in.\n\nEach removal and replacement process is illustrated with simple line drawings showing hand movements and positions.\n\n<figure_summary>Figure 1: Illustrates the process of reinstalling a shelf, highlighting the tilt angle and insertion of the rear shelf slides into the upper channel of the track.</figure_summary>\n\n<figure_summary>Figure 2: Demonstrates the removal of the crisper, showing the sequence of pulling it out, lifting the front, and completing the removal.</figure_summary>\n\n<figure_summary>Figure 3: Shows the removal of the crisper cover in Style 1, illustrating the lifting and pulling actions required.</figure_summary>\n\n<figure_summary>Figure 4: Depicts the removal of the crisper cover in Style 2, emphasizing the steps of pushing up the glass insert, lifting the cover frame, and removing it.</figure_summary>\n\nThese visuals complement the written instructions, making the procedures easy to follow.\n</summary>"
    },
    "14": {
      "summary": "<summary>\nThis page provides instructions on adjusting the crisper humidity control, removing and replacing the meat drawer and cover, and adjusting the meat drawer temperature in a refrigerator. \n\nThe first section explains how to adjust the humidity control in moisture-sealed crispers, which can be set between LOW and HIGH. A LOW setting allows moist air out, ideal for storing fruits and vegetables with skins, while a HIGH setting keeps moist air inside, suitable for fresh, leafy vegetables. An illustration of the humidity control slider is provided.\n\nThe second section details the process of removing and replacing the meat drawer and its cover. Instructions include sliding the meat drawer out, lifting it slightly, and then pulling it completely out. Replacing it involves reversing these steps. For the cover, the user must remove the meat drawer and crisper first, lift the front off supports, and then pull the cover up and out. To replace the cover, the back is fitted into notch supports, the front is lowered into place, and the meat drawer and crisper are replaced.\n\nThe third section explains how to adjust the meat drawer temperature by controlling the flow of cold air from the freezer. Sliding a control side to side regulates the amount of cold air entering the meat drawer, helping maintain a colder temperature than the rest of the refrigerator for better meat storage. An illustration of the temperature control mechanism is included.\n\n<figure_summary>Figure 1: Illustration of the humidity control slider, showing the \"LOW\" and \"HIGH\" settings.</figure_summary>\n\n<figure_summary>Figure 2: Diagram demonstrating the removal and replacement process of the meat drawer and cover, with arrows indicating the steps.</figure_summary>\n\n<figure_summary>Figure 3: Illustration of the meat drawer temperature control mechanism, showing how to slide the control to adjust the flow of cold air.</figure_summary>\n</summary>"
    },
    "15": {
      "summary": "<summary>\nThis page provides instructions on how to remove and replace various components in a refrigerator, specifically focusing on the snack bin, freezer baskets, and freezer shelf. Each section includes step-by-step procedures accompanied by illustrative diagrams.\n\n### Removing the snack bin (on some models):\nThe process involves sliding the snack bin straight out until it stops, lifting the front, and then sliding it out completely. To replace it, the steps are performed in reverse order. An accompanying diagram shows the snack bin being pulled out and lifted.\n\n### Removing the freezer baskets (on some models):\nTo remove a basket, slide it out to the stop, lift the front to clear the stop, and then slide it out fully. For replacement, place the basket on the slides, ensure the wire stops clear the front of the slides, and slide it back in all the way. A diagram illustrates the basket being pulled out and lifted.\n\n### Removing the freezer shelf:\nTo remove the shelf, lift the right side off its supports, slide it out of the support holes, and then replace it in reverse order. A diagram shows the shelf being lifted and slid out.\n\n<image_summary>The page contains three diagrams: one for removing the snack bin, one for removing the freezer baskets, and one for removing the freezer shelf. Each diagram visually demonstrates the removal process described in the text.</image_summary>\n</summary>"
    },
    "16": {
      "summary": "<summary>\nThe page provides instructions on using ice cube trays and an optional automatic ice maker in a refrigerator. It explains that unused ice cubes may shrink over time due to evaporation and offers guidance on removing ice from the tray by holding it at both ends and twisting slightly. For the automatic ice maker, the page outlines how to operate the ON/OFF lever, which acts as a wire signal arm. The lever should be set DOWN to make ice automatically and UP to shut off the ice maker. It emphasizes not turning the ice maker on until it is connected to the water supply and advises raising the signal arm when removing the ice bin to prevent ice production. The importance of good water quality is highlighted, warning against connecting the ice maker to softened water supplies, as softener chemicals can damage the ice maker mold and affect ice quality. If softened water cannot be avoided, proper maintenance of the water softener is recommended.\n\n<figure_summary>Figure 1: An illustration showing the process of removing ice from a tray. The figure depicts hands holding the tray at both ends and twisting it slightly to release the ice cubes.</figure_summary>\n\n<figure_summary>Figure 2: A diagram illustrating the operation of the automatic ice maker's ON/OFF lever. The diagram shows the lever in two positions: \"UP\" to stop the ice maker and \"DOWN\" to start it, with corresponding labels and arrows indicating the direction of movement.</figure_summary>\n</summary>"
    },
    "17": {
      "summary": "<summary>\nThe page provides instructions on removing and replacing the base grille of an appliance, as well as detailed information about using the THIRSTCRUSHER dispensing system for ice. \n\n### Removing the Base Grille\n- **Steps to Remove**: Open both doors, pull the base grille forward to release support tabs from metal clips, and ensure not to remove the Tech Sheet fastened behind the grille.\n- **Steps to Replace**: Line up grille support tabs with metal clips, push firmly to snap into place, and close the doors.\n- A diagram illustrates the components involved, including the condenser coils, defrost pan, base grille, metal clips, and support tabs.\n\n### Using the THIRSTCRUSHER Dispensing System\n- **Ice Dispenser Functionality**: Ice is dispensed from the freezer's ice maker storage bin. Pressing the dispenser bar opens a trapdoor in a chute, allowing ice to fall through. When released, the trapdoor closes with a buzzing sound. The dispenser does not operate when the freezer door is open.\n- **Crushed Ice Feature**: Cubes are crushed before dispensing, which may cause a slight delay and noise. Pieces of ice may vary in size. Switching from CRUSHED to CUBE mode may result in a few ounces of crushed ice being dispensed along with the first cubes.\n- **Dispensing Instructions**: For cubed ice, move the Ice Selector Switch to the CUBE position; for crushed ice (on some models), move it to the CRUSHED position.\n- A warning highlights the risk of personal injury due to tumbling ice and pressure on fragile glass, advising the use of sturdy glasses.\n\n#### Visual Elements:\n<figure_summary>Figure 1: Illustrates the base grille assembly, showing the condenser coils, defrost pan, base grille, metal clips, and support tabs.</figure_summary>\n\n<image_summary>Two small images depict the Ice Selector Switch in the CUBE and CRUSHED positions, providing a visual guide for users.</image_summary>\n\n<image_summary>A warning box emphasizes the potential for personal injury or breakage when dispensing ice into fragile glass containers.</image_summary>\n</summary>"
    },
    "18": {
      "summary": "<summary>\nThis page provides instructions on using the ice and water dispensers in a refrigerator, along with guidance on maintaining them. It also explains how to operate the dispenser light.\n\nThe section begins with instructions for using the ice dispenser. Users are advised to press a sturdy glass against the ice dispenser bar and hold it close to prevent ice from falling outside the glass. To stop dispensing, simply remove the glass. A note mentions that the first few batches of ice may have an off-flavor due to new plumbing and parts, which should be discarded. Large amounts of ice should be taken directly from the ice bin rather than through the dispenser.\n\nNext, the page describes the water dispenser. Chilled water comes from a tank located behind the meat drawer, holding approximately 1.5 L (1½ quarts). When hooking up the refrigerator for the first time, users must flush the system by drawing and discarding 1.9 to 2.8 L (2 or 3 quarts) of water to rinse the tank and pipes. Several hours are required for the new tankful to chill. A small tray beneath the dispenser is designed to evaporate minor spills but should not be used as a drain.\n\nInstructions for dispensing water are provided: press a sturdy glass against the water dispenser bar and remove it to stop dispensing. A note advises dispensing enough water weekly to maintain a fresh supply.\n\nFinally, the page explains how to turn on the night light for the dispenser. Users need to slide the dispenser LIGHT switch to the left. For directions on changing the dispenser light bulb, refer to page 20.\n\n<image_summary>Illustration showing a hand pressing a sturdy glass against the ice dispenser bar.</image_summary>\n\n<image_summary>Illustration showing a hand pressing a sturdy glass against the water dispenser bar.</image_summary>\n\n<image_summary>Diagram of the dispenser light switch with \"ON\" and \"OFF\" positions labeled.</image_summary>\n</summary>"
    },
    "19": {
      "summary": "<summary>\nThis page provides a troubleshooting guide for common issues related to ice makers and dispensers in refrigerators. It is organized into three main sections: \"Problem,\" \"Cause,\" and \"Solutions.\" The problems addressed include an ice dispenser not working, an ice dispenser stopping work, and off-taste or odor in the ice. For each problem, potential causes are listed along with corresponding solutions.\n\n<table_summary>\nThe table is divided into three columns: \"Problem,\" \"Cause,\" and \"Solutions.\" It systematically lists various issues users might encounter with their ice maker/dispenser, such as the dispenser not working or producing ice with an off-taste. Each row corresponds to a specific problem, detailing possible causes and recommended actions to resolve them.\n</table_summary>\n\n<figure_summary>\nThere are no figures, charts, or graphs on this page. The content is purely tabular and textual.\n</figure_summary>\n\n<image_summary>\nThere are no images, illustrations, or photographs on this page. The content is entirely text-based.\n</image_summary>\n</summary>"
    },
    "20": {
      "summary": "<summary>\nThis page provides instructions on how to change light bulbs in different parts of a refrigerator, emphasizing safety precautions to avoid electrical shock. A warning at the top highlights the importance of disconnecting the refrigerator from power before removing any light bulb. The page outlines step-by-step procedures for changing the refrigerator light, crisper light (on some models), and the light below the ice bin. Each procedure includes detailed instructions, such as disconnecting power, accessing the bulb, replacing it with a 40-watt appliance bulb, and reconnecting the power supply.\n\n<figure_summary>Figure 1: Illustration showing the location of the refrigerator light and the process of removing it by reaching behind the control console.</figure_summary>\n\n<figure_summary>Figure 2: Diagram demonstrating how to change the crisper light, including pulling the top of the light shield forward, lowering it to remove supports, and then pulling it straight out to access the bulb.</figure_summary>\n\n<figure_summary>Figure 3: Illustration depicting the process of changing the light below the ice bin, which involves pushing the sides of the light shield until it snaps free, replacing the bulb, and then reattaching the shield.</figure_summary>\n</summary>"
    },
    "21": {
      "summary": "<summary>\nThe page provides instructions on changing the dispenser area light in certain refrigerator models, explains common sounds users might hear from their new refrigerator, and offers tips for saving energy while using it.\n\nThe section on changing the dispenser area light outlines a four-step process: disconnecting the refrigerator from power, removing the old bulb through the dispenser area, replacing it with a heavy-duty 10-watt bulb (available from a Whirlpool dealer), and reconnecting the refrigerator to power. A note emphasizes the importance of using a bulb of the same size and shape.\n\nThe \"Understanding the sounds you may hear\" section addresses various normal noises a new refrigerator might produce. It categorizes these sounds into water sounds (e.g., gurgling in tubing and defrost water running into the pan), ice maker sounds (e.g., trickling water and clatter of ice), and running sounds caused by the high-efficiency compressor and motor. It also mentions slight hums, soft hisses, and clicking or snapping sounds, explaining their causes.\n\nThe final section, \"Saving energy,\" provides practical advice for reducing electricity usage. Tips include checking door gaskets for a tight seal, cleaning condenser coils regularly, minimizing door openings, organizing food efficiently, avoiding overly cold settings, and ensuring the refrigerator is not placed near heat sources or direct sunlight.\n\n<image_summary>The image shows a close-up view of the dispenser area light, highlighting its location within the refrigerator's dispenser compartment.</image_summary>\n\n</summary>"
    },
    "22": {
      "summary": "<summary>\nThis page provides instructions on how to care for a refrigerator, focusing specifically on cleaning procedures. It emphasizes the importance of regular cleaning to prevent odors and maintain the appliance's functionality. The section includes detailed steps for cleaning different parts of the refrigerator, such as removable parts, the outside, and inside walls. A warning is included about the potential for personal injury due to hot defrost pan tubes near the refrigeration system.\n\n<table_summary>\nThe table outlines the cleaning process for various parts of the refrigerator:\n- **Removable parts**: Use a sponge or cloth with mild detergent and warm water; hand wash, rinse, and dry thoroughly.\n- **Outside**: Use a sponge, cloth, or paper towel with mild detergent and warm water, and an appliance wax (or auto paste wax); wash, wipe, and dry thoroughly. Wax painted metal surfaces twice a year for rust protection but avoid waxing plastic parts.\n- **Inside walls**: Use a sponge, soft cloth, or paper towel with baking soda or mild detergent and warm water; wash with a mixture of warm water and mild detergent or baking soda (26 g in .95 L of water), then wipe and dry thoroughly.\n</table_summary>\n\n<figure_summary>\nA warning box highlights the risk of personal injury from hot defrost pan tubes near the refrigeration system. It advises removing and installing the defrost pan carefully to avoid burns.\n</figure_summary>\n\n<image_summary>\nAn icon of a hand holding a sponge is included next to the \"Cleaning your refrigerator\" heading, visually reinforcing the focus on cleaning tasks.\n</image_summary>\n\nThe page concludes by indicating that the content continues on the next page, suggesting further instructions or tips may be provided.\n</summary>"
    },
    "23": {
      "summary": "<summary>\nThe page provides detailed instructions on how to clean various parts of a refrigerator and offers guidance on caring for the appliance during holidays and moving. The cleaning section includes a table listing different parts of the refrigerator, the materials to use for cleaning each part, and specific cleaning procedures. The holiday and moving care section outlines steps to prepare the refrigerator for short absences, such as using perishables, freezing items, turning off the ice maker, disconnecting the water supply, and emptying the ice bin.\n\n<table_summary>\nThe table is titled \"PART | WHAT TO USE | HOW TO CLEAN\" and provides a structured guide for cleaning different components of the refrigerator:\n- **Door liners and gaskets**: Use a sponge, soft cloth, or paper towel with mild detergent and warm water. Wash, rinse, or wipe, and dry thoroughly. Avoid using cleaning waxes, concentrated detergents, bleaches, or cleaners containing petroleum.\n- **Plastic parts (covers and panels)**: Use a soft, clean sponge or soft, clean cloth with mild detergent and warm water. Wash, rinse, or wipe, and dry thoroughly. Do not use paper towels, window sprays, scouring cleansers, or flammable fluids.\n- **Defrost pan**: Use a sponge or cloth with mild detergent and warm water. Remove the base grille, reach into the small opening at the right edge to remove the defrost pan, wash, rinse, and dry it thoroughly, replace it completely into the opening, and then replace the base grille.\n- **Condenser coils**: Use a vacuum cleaner with an extended narrow attachment. Remove the base grille, vacuum the coils when dusty or dirty (cleaning may be necessary every other month), and replace the base grille.\n- **Floor under refrigerator**: Use floor cleaners. Roll the refrigerator out only as far as the water supply line allows, clean the floor, roll the refrigerator back into place, and check if it is level.\n</table_summary>\n\n<figure_summary>\nThere are no figures, charts, or diagrams on this page.\n</figure_summary>\n\n<image_summary>\nThere are no images, photos, or illustrations on this page.\n</image_summary>\n</summary>"
    },
    "24": {
      "summary": "<summary>\nThis page provides instructions on how to prepare a refrigerator for long holidays and moving, as well as guidelines for handling power interruptions. \n\n### Long Holidays\nThe section outlines steps to prepare the refrigerator if you will be away for over a month:\n1. Remove all food.\n2. Turn off the water supply to the ice maker at least one day in advance.\n3. Turn off the ice maker after the last batch of ice drops and ensure all ice is dispensed.\n4. Unplug the refrigerator.\n5. Clean, rinse, and dry the appliance.\n6. Tape rubber or wood blocks to the tops of both doors to keep them open for ventilation, preventing odor and mold buildup.\n\n### Moving\nInstructions for moving the refrigerator to a new home include:\n1. Turn off the water supply to the ice maker at least one day ahead.\n2. Disconnect the water line.\n3. Lift the signal arm to the OFF position after the last batch of ice drops.\n4. Remove all food.\n5. Pack frozen food in dry ice.\n6. Unplug the refrigerator.\n7. Thoroughly clean, rinse, and dry the appliance.\n8. Remove and secure all removable parts.\n9. Screw in the leveling rollers.\n10. Tape the doors shut and tape the power cord to the cabinet.\n\nUpon arrival at the new home, reassemble everything and reconnect the water supply line, referring to page 6 for further instructions.\n\n### Power Interruptions\nGuidelines for managing power outages are provided:\n1. If the power will be off for 24 hours or less, keep both refrigerator doors closed to maintain food freezing.\n2. For longer outages:\n   - Option (a): Remove all frozen food and store it in a frozen food locker.\n   - Option (b): Place 32 grams of dry ice per liter (or 2 lbs. per cubic foot) of freezer space to keep food frozen for 2 to 4 days. Wear gloves to avoid dry ice burns.\n3. If neither a food locker nor dry ice is available, consume perishable food immediately.\n4. A full freezer stays cold longer than a partially filled one, and meat freezes better than baked goods. Food with ice crystals can usually be safely refrozen, but poor-quality or unsafe food should be discarded.\n\n### Warning\nA warning box emphasizes the personal injury hazard associated with children climbing on or inside the refrigerator when the doors are blocked open, advising against such behavior.\n\n### Additional Information\nTo restart the refrigerator after a holiday, refer to \"Using Your Refrigerator\" on page 8.\n\n</summary>"
    },
    "25": {
      "summary": "<summary>\nThis page provides a detailed \"Food Storage Guide\" focusing on proper storage techniques for various types of fresh food to maintain freshness and prevent spoilage. It emphasizes the importance of using air-tight and moisture-proof materials in the refrigerator to avoid odor and taste transfer. Specific guidelines are provided for storing leafy vegetables, vegetables with skins, fruit, eggs, milk, butter/margarine, cheese, leftovers, and meat. For meat, a chart outlines approximate storage times in days for different types, such as chicken (1-2 days), ground beef (1-2 days), steaks and roasts (3-5 days), cured meats (7-10 days), bacon (5-7 days), cold cuts (3-5 days), and variety meats (1-2 days). Additional notes advise freezing meat if stored longer than the recommended times and consuming fresh fish and shellfish on the day of purchase.\n\n<table_summary>\nTable 1: This table lists the approximate storage times (in days) for various types of meat in the refrigerator. It includes categories such as Chicken, Ground Beef, Steaks and Roasts, Cured Meats, Bacon, Cold Cuts, and Variety Meats, along with their respective storage durations.\n</table_summary>\n\n<figure_summary>\nThere are no figures, charts, or diagrams present on this page.\n</figure_summary>\n\n<image_summary>\nThere are no images, photos, or illustrations present on this page.\n</image_summary>\n</summary>"
    },
    "26": {
      "summary": "<summary>\nThis page provides guidelines for storing frozen food in a freezer, focusing on proper freezing techniques and packaging methods. It emphasizes the importance of using airtight and moisture-proof packaging to prevent food odor, taste transfer, and drying. The recommended packaging materials include rigid plastic containers, canning jars, aluminum foil, plastic-coated paper, and non-permeable plastic wraps. Conversely, it advises against using bread wrappers, non-polyethylene plastic containers, wax paper, and thin, semi-permeable wrap due to their inefficiency in maintaining food quality. The section also discusses freezing practices, cautioning against overloading the freezer with unfrozen food and ensuring adequate air circulation. The ideal storage temperature is specified as -17.8°C (0°F), and storage times are noted to vary based on food quality, packaging type, and temperature.\n\nThere are no tables, figures, or images on this page.\n</summary>"
    },
    "27": {
      "summary": "<summary>\nThis page provides instructions on how to remove refrigerator doors safely and effectively. It emphasizes several preparatory steps, such as unplugging the refrigerator, removing food, and ensuring the appliance is level. Key points include starting at the top hinge when removing doors and working downward, aligning the doors correctly during reinstallation, and adjusting the door gap to approximately 17.5 mm (1/16 inch), which is demonstrated using a dime as a reference. Additional tips cover troubleshooting issues like light not turning off when the door is closed and ensuring proper door seal alignment by adding or removing shims.\n\n<figure_summary>Figure 1: A diagram illustrating the correct door gap measurement using a dime as a reference. The dime is placed between the cabinet and the door to show the ideal 17.5 mm (1/16 inch) gap.</figure_summary>\n\n<image_summary>A series of screws labeled with their types and uses: an 8 mm (5/16\") hex-head hinge screw, a countersink handle screw, an oval sealing screw (used on bottoms of doors), a handle screw, and another oval sealing screw (used on tops of doors).</image_summary>\n</summary>"
    },
    "28": {
      "summary": "<summary>\nThis page provides detailed instructions on how to remove and reinstall refrigerator doors without damaging the water line or electrical wiring in the door hinges. It emphasizes the need for two people to perform the task safely and lists required tools such as open-end or hex-head socket wrenches, adjustable wrenches, a Phillips screwdriver, and a knife. The process involves disconnecting the base grille, removing the water line union, detaching the freezer door, and carefully handling the top hinge screws, water line hose, and electrical plug. Reinstallation requires aligning the doors, checking for proper alignment by plugging in the refrigerator, and ensuring the water line is secure and leak-free.\n\n<figure_summary>Figure 1: This diagram illustrates the water tubing behind the base grille, showing the location of the union and the nut that needs to be removed to disconnect the water line hose.</figure_summary>\n\n<figure_summary>Figure 2: This diagram depicts the freezer door top hinge, highlighting components such as the hinge cover, screws, hex-head screws, and shim. It guides users on removing the top hinge and lifting the freezer door off the lower hinge.</figure_summary>\n\n<figure_summary>Figure 3: This diagram shows the freezer door electrical plug, illustrating the connection point for reattaching the electrical wires during reinstallation.</figure_summary>\n</summary>"
    },
    "29": {
      "summary": "<summary>\nThis page is titled \"Troubleshooting\" and provides a guide for consumers to diagnose common issues with their refrigerators. It encourages readers to check the listed problems and solutions to potentially avoid service calls. The page includes a table that outlines various refrigerator problems and corresponding checks to perform.\n\n<table_summary>\nThe table is divided into two columns: \"PROBLEM\" and \"CHECK THE FOLLOWING.\" It lists six common issues:\n1. **Refrigerator will not operate**: Check if the power cord is plugged in correctly, if there is a blown fuse or tripped breaker, and if the control is set to the OFF position.\n2. **Lights do not work**: Verify the power cord connection, check for a blown fuse or tripped breaker, and inspect if the bulb is burned out.\n3. **Ice maker does not work**: Ensure the freezer is cold enough, check the ON/OFF lever position, confirm the water valve is turned on, and inspect for clogs or leaks in the water line.\n4. **Unfamiliar sounds or rattling/jingling noise**: Investigate if something is on top of or behind the refrigerator and refer to page 20 for normal sounds.\n5. **Water in the defrost pan**: Confirm if this is due to hot, muggy weather and ensure the refrigerator is level to prevent overflow.\n6. **Motor seems to run too much**: Check if the condenser coils are dirty, if the door has been opened frequently, if a large amount of food was added recently, or if the room temperature is too high.\n</table_summary>\n\nThere are no figures, charts, diagrams, or images on this page. The focus is entirely on providing a troubleshooting guide through text and a structured table.\n</summary>"
    },
    "30": {
      "summary": "<summary>\nThe page titled \"Requesting Service\" provides instructions for users seeking assistance or replacement parts for Whirlpool appliances. It outlines two primary scenarios:  \n1. If the problem is not resolved through troubleshooting, users should contact the dealer or an authorized Whirlpool service company. A boxed note emphasizes the importance of providing detailed information about the issue, including the appliance's model and serial numbers, and the purchase date when requesting help.  \n2. For FSP (Factory Service Parts) replacement parts, the page explains that FSP is a registered trademark of Whirlpool Corporation, ensuring quality and compatibility with new appliances. Users are advised to contact their dealer or an authorized service company to locate FSP parts in their area.\n\nThere are no tables, figures, or images on this page. The focus is entirely on textual guidance for service requests and part replacements.\n</summary>"
    },
    "31": {
      "summary": "<summary>\nThis page outlines the Whirlpool Refrigerator Warranty, detailing the coverage periods, what is included in the warranty, and exclusions. The warranty provides a full one-year coverage for all defects in materials or workmanship, and a full five-year warranty specifically for the sealed refrigeration system components, including the compressor, evaporator, condenser, drier, and connecting tubing. All services must be performed by an authorized Whirlpool service company. The document also lists scenarios where Whirlpool will not provide coverage, such as installation issues, repairs due to misuse or accidents, food loss, and unauthorized modifications. Additionally, it specifies that Whirlpool is not liable for incidental or consequential damages and notes that different warranties may apply outside the United States.\n\n<table_summary>\nThe table is divided into two main sections: \"LENGTH OF WARRANTY\" and \"WHIRLPOOL WILL PAY FOR.\" It details the one-year and five-year warranty periods and specifies the covered components under each period. The second part of the table, titled \"WHIRLPOOL WILL NOT PAY FOR,\" lists various exclusions, categorized into six sections (A-F), explaining the types of services and situations not covered by the warranty.\n</table_summary>\n\n<image_summary>\nThere are no images, charts, or diagrams on this page. The content is entirely textual, focusing on providing detailed warranty information in a structured format.\n</image_summary>\n</summary>"
    },
    "32": {
      "summary": "<summary>\nThis page appears to be a blank or minimalistic cover page, likely serving as an introductory or placeholder page in a document. The primary textual content indicates that the document is printed on recycled paper, specifying that it contains 10% post-consumer waste and 50% recovered materials. This highlights an environmentally conscious printing choice. At the bottom, there is a page number \"1/95,\" suggesting this is the first page of a 95-page document. Additionally, the text \"2170416\" and \"S x S\" are present, which could represent identifiers or codes related to the document or its production.\n\n<image_summary>The central visual element is a black recycling symbol, consisting of three arrows forming a triangular shape. This symbol reinforces the message about the use of recycled materials.</image_summary>\n\nOverall, the page emphasizes sustainability through its use of recycled paper and visually communicates this commitment with the recycling symbol.\n</summary>"
    }
  }
}