{
  "doc_id": "PG_20.07.30_U.S.-Views-China_final.pdf",
  "pages": {
    "1": {
      "summary": "<summary>\nThis page is the title page of a report by the Pew Research Center, released on July 30, 2020. The report, titled \"Americans Fault China for Its Role in the Spread of COVID-19,\" discusses how unfavorable views of China among Americans have reached a historic high, and it highlights that a majority of Americans support taking a tougher stance on human rights issues related to China. The authors of the report are Laura Silver, Kat Devlin, and Christine Huang. Contact information for media inquiries is provided, including names, titles, phone number, and website. A recommended citation format is also included at the bottom of the page.\n\nThere are no tables, figures, charts, diagrams, or images present on this page. The focus is entirely on textual information providing an overview of the report's findings and contact details for further inquiries.\n\n</summary>"
    },
    "2": {
      "summary": "<summary>\nThis page provides an introduction to the Pew Research Center, highlighting its role as a nonpartisan fact tank dedicated to informing the public about issues, attitudes, and trends shaping America and the world. The Center conducts various types of research, including public opinion polling, demographic studies, content analysis, and data-driven social science research. Its areas of focus include U.S. politics and policy, journalism and media, internet and technology, religion and public life, Hispanic trends, global attitudes, and U.S. social and demographic trends. All reports are accessible at the website www.pewresearch.org. The Pew Research Center is a subsidiary of The Pew Charitable Trusts, which serves as its primary funder. The page also includes a copyright notice for Pew Research Center 2020.\n\nThere are no tables, figures, charts, diagrams, or images present on this page.\n</summary>"
    },
    "3": {
      "summary": "<summary>\nThis page explains the methodology and scope of a Pew Research Center analysis focusing on Americans' views of China. The analysis covers topics such as China's handling of the coronavirus pandemic, bilateral relations, and broader attitudes toward the country. The Pew Research Center has been tracking attitudes toward China since 2005. This report includes demographic analysis comparing groups based on education levels, age, and political leanings. The data used in this report comes from a nationally representative survey of 1,003 U.S. adults conducted by telephone between June 16 and July 14, 2020. Links are provided for accessing the survey questions and methodology.\n\nThere are no tables, figures, images, or charts present on this page.\n</summary>"
    },
    "4": {
      "summary": "<summary>\nThis page from a Pew Research Center report discusses Americans' increasingly unfavorable views of China, particularly in relation to its handling of the COVID-19 pandemic. According to the survey, 73% of U.S. adults now hold an unfavorable view of China, marking a significant increase of 26 percentage points since 2018. The report highlights that negative perceptions have risen by 7 points alone since March 2020, with many attributing this shift to China's perceived mismanagement of the initial outbreak and subsequent spread of COVID-19.\n\n<figure_summary>Figure 1: This line graph illustrates the trend in U.S. adults' favorable and unfavorable opinions of China over time, from 2005 to 2020. The \"Unfavorable\" line (blue) shows a steady rise, peaking at 73% in 2020, while the \"Favorable\" line (green) shows a corresponding decline, reaching 22% in 2020. The data underscores the sharp deterioration in public sentiment toward China.</figure_summary>\n\nThe source of the data is noted as a survey conducted between June 16 and July 14, 2020, among U.S. adults, specifically question Q8b, which asked about opinions of China. The report emphasizes the historical high of unfavorable views and suggests a growing demand for a tougher stance on human rights issues related to China.\n</summary>"
    },
    "5": {
      "summary": "<summary>\nThe page discusses American public opinion regarding China's handling of the COVID-19 outbreak and its broader relationship with the United States. Key findings include: around two-thirds of Americans believe China has done a bad job dealing with the coronavirus outbreak, and three-quarters blame the Chinese government's initial handling in Wuhan for the global spread of the virus. Confidence in President Xi Jinping has also declined significantly, with 77% having little or no confidence in him. Additionally, the majority of Americans view Sino-U.S. relations negatively, with 68% saying current economic ties are in poor shape, reflecting a decline since the trade war period. A significant portion (26%) even views China as an enemy of the U.S., while 57% see it as a competitor. The U.S. public supports tough stances on human rights issues in China, with 73% favoring promoting human rights even if it harms economic relations. However, when considering economic policy, slightly more Americans prefer a strong economic relationship over getting tough on China.\n\n<figure_summary>Figure 1: A horizontal bar chart showing that 64% of Americans believe China has done a bad job dealing with the coronavirus outbreak, compared to 31% who think it has done a good job.</figure_summary>\n\n<figure_summary>Figure 2: Another horizontal bar chart indicating that 78% of Americans believe the Chinese government's initial handling of the coronavirus outbreak in Wuhan is a great deal or fair amount to blame for the global spread of the virus, while only 20% attribute less blame.</figure_summary>\n\nNote: The source of the data is a survey conducted by Pew Research Center among U.S. adults from June 16 to July 14, 2020.\n</summary>"
    },
    "6": {
      "summary": "<summary>\nThe page discusses American perceptions of economic dominance between the U.S. and China. It notes that while more Americans (52%) view the U.S. as the world's leading economy compared to China (32%), views of U.S. economic superiority have declined by 7 percentage points over the past four months. Individuals who perceive China as economically dominant are less likely to support taking a tough stance against China economically, instead favoring building a strong relationship with China on economic issues. These individuals are also less inclined to hold China responsible for its role in the pandemic at the expense of the bilateral economic relationship.\n\nThere are no tables, figures, charts, diagrams, or images present on this page.\n</summary>"
    },
    "7": {
      "summary": "<summary>\nThis page presents findings from a Pew Research Center survey conducted between June 16 and July 14, 2020, among 1,003 adults in the United States. The survey highlights significant partisan differences in views toward China, particularly regarding its handling of the coronavirus pandemic. Republicans and Republican-leaning independents are more critical of China's actions and policies compared to Democrats and Democratic-leaning independents. Key points include higher percentages of Republicans attributing blame to China for the global spread of the virus, wanting tougher policies against China, and viewing China negatively. The data also shows that while both parties have negative views of China, the criticism is more pronounced among Republicans.\n\n<figure_summary>Figure 1: A horizontal bar chart comparing the percentage of Democrats/Lean Democrats (Dem/Lean Dem) and Republicans/Lean Republicans (Rep/Lean Rep) who agree with various statements about China. The statements cover topics such as China's role in the coronavirus outbreak, economic relations, and human rights. Each statement has corresponding percentages for both groups, along with an \"R-D Diff\" column indicating the difference in opinion between Republicans and Democrats. For example, 73% of Republicans believe the Chinese government is greatly to blame for the global spread of the virus, compared to 38% of Democrats, showing a +35R difference.</figure_summary>\n\nThe chart visually emphasizes the stark contrast in opinions between the two political groups across multiple issues related to China's handling of the pandemic and its relationship with the U.S.\n</summary>"
    },
    "8": {
      "summary": "<summary>\nThe page discusses the sharp increase in negative opinions about China among Americans, based on a Pew Research Center survey conducted in July 2020. It highlights that around three-quarters (73%) of Americans have an unfavorable view of China, marking the most negative reading in 15 years. This trend has been consistent over the past two years, with unfavorable views reaching historic highs. Negative views have increased by 7 percentage points in just four months and have risen by 26 points since 2018. Additionally, 42% of Americans now hold a \"very unfavorable\" view of China, which is nearly double the percentage from spring 2019. The report notes that negative views are consistent across education levels and show little difference between men and women. However, there are notable differences by age and political affiliation.\n\n<figure_summary>Figure 1: A horizontal bar chart titled \"Most Americans have an unfavorable view of China,\" showing the percentages of Americans who have favorable or unfavorable views of China. The chart breaks down the data by total population, age groups (18-29, 30-49, 50+), and political affiliation (Republican/Lean Republican, Democrat/Lean Democrat). Key findings include: 73% unfavorable vs. 22% favorable overall; higher unfavorable views among older age groups and Republicans; and lower unfavorable views among younger age groups and Democrats.</figure_summary>\n\nNote: The source of the data is a survey of U.S. adults conducted from June 16 to July 14, 2020, focusing on Americans' perceptions of China's role in the spread of COVID-19.\n</summary>"
    },
    "9": {
      "summary": "<summary>\nThe page discusses the changing attitudes of Americans toward China, highlighting that while majorities across all age groups now hold unfavorable views, older Americans (ages 50 and older) have become significantly more negative in recent months. Specifically, 81% of those aged 50 and older view China unfavorably, compared to 71% of those aged 30 to 49 and 56% of those under 30. This represents a 10 percentage point increase for the 50-and-older group since March.\n\n<figure_summary>Figure 1: A line graph showing the percentage of U.S. adults who say they have an unfavorable opinion of China over time, broken down by age groups. The x-axis represents years (2005–2020), and the y-axis represents the percentage of respondents. Three age groups are depicted: \"50 and older\" (green line), \"30–49\" (purple line), and \"18–29\" (blue line). The data illustrates a consistent upward trend in unfavorable opinions across all age groups, with the steepest increase observed in the \"50 and older\" group.</figure_summary>\n\nThe source of the data is noted as a survey conducted by Pew Research Center between June 16 and July 14, 2020, focusing on U.S. adults' views on China's role in the spread of COVID-19.\n</summary>"
    },
    "10": {
      "summary": "<summary>\nThe page discusses the Pew Research Center's findings on U.S. adults' opinions toward China, highlighting partisan differences in unfavorable views. Republicans continue to hold more unfavorable views of China compared to Democrats, with 83% of Republicans versus 68% of Democrats expressing such views. Republicans are also more likely to have a \"very unfavorable\" view of China (54%) than Democrats (35%). Over the past four months, negative views toward China have increased among both parties, but the increase is more pronounced among Republicans (+11 percentage points) compared to Democrats (+6 percentage points), resulting in a 15-point gap between the two groups.\n\n<figure_summary>Figure 1: A line graph titled \"% who say they have an unfavorable opinion of China,\" showing trends over time from 2005 to 2020. The graph compares the unfavorable opinions of Republicans/Republican-leaning individuals (in red) and Democrats/Democratic-leaning individuals (in blue). Key data points indicate that unfavorable views have risen sharply for both groups, with Republicans consistently holding higher unfavorable opinions throughout the period. The most recent data point in 2020 shows 83% for Republicans and 62% for Democrats.</figure_summary>\n\nSource: Survey of U.S. adults conducted June 16–July 14, 2020. Q8b. “Americans Fault China for Its Role in the Spread of COVID-19.”\n</summary>"
    },
    "11": {
      "summary": "<summary>\nThe page discusses Americans' critical views of China's handling of the COVID-19 outbreak. It highlights that around two-thirds (64%) of Americans believe China has done a bad job, with 43% saying it has done a \"very\" bad job. A previous survey conducted online in April and May showed similar results, with 63% of Americans rating China's response as fair or poor. The page also notes significant differences in opinions based on political affiliation and age. Republicans and Republican-leaning independents (82%) are more critical than Democrats and Democratic leaners (54%). Older Americans (73% of those aged 50+) are more likely to criticize China compared to younger groups (54% of those aged 18-29). Education level has little impact on these perceptions, as two-thirds of both college-educated and non-college-educated individuals share negative views about China's response.\n\n<figure_summary>Figure 1: Bar chart showing the percentage of Americans who rate China's handling of the coronavirus outbreak as \"bad\" versus \"good.\" The chart breaks down responses by total population, age groups (18-29, 30-49, 50+), and political affiliation (Republican/Republican-leaning, Democrat/Democratic-leaning). Key findings include: 64% of the total population rate China's response as \"bad,\" with higher percentages among older age groups and Republicans.</figure_summary>\n\nNote: The source of the data is a Pew Research Center survey conducted between June 16 and July 14, 2020.\n</summary>"
    },
    "12": {
      "summary": "<summary>\nThe page discusses public opinion in the U.S. regarding China's initial handling of the coronavirus outbreak in Wuhan. According to Pew Research Center, around three-quarters of Americans believe that China's response contributed significantly to the global spread of the virus. Specifically, 51% say it contributed \"a great deal,\" while 27% say it contributed \"a fair amount.\" Republicans are more critical than Democrats, with 73% of Republicans attributing a \"great deal\" of blame compared to 38% of Democrats. Additionally, older people are more likely to hold China accountable. The data is based on a survey conducted between June 16 and July 14, 2020.\n\n<figure_summary>Figure 1: A horizontal bar chart showing the percentage of U.S. adults who believe China's initial handling of the coronavirus outbreak in Wuhan contributed to its global spread. The categories include \"A great deal\" (51%), \"A fair amount\" (27%), \"Not too much\" (12%), and \"Not at all\" (8%). The chart visually represents the distribution of opinions among respondents.</figure_summary>\n\nNote: The source of the data is cited as \"Americans Fault China for Its Role in the Spread of COVID-19,\" and \"Don't know\" responses are not included in the percentages shown.\n</summary>"
    },
    "13": {
      "summary": "<summary>\nThe page discusses public opinion in the U.S. regarding China's role in the coronavirus outbreak and its implications for U.S.-China relations. Half of Americans believe the U.S. should hold China responsible for its role in the pandemic, even if it worsens economic ties, while 38% prioritize strong U.S.-China relations over accountability. Republicans and those leaning toward the GOP are more likely (71%) than Democrats and Democratic leaners (37%) to favor holding China accountable. Additionally, those who view China's handling of the outbreak negatively are significantly more likely to have unfavorable views of the country overall. For instance, 85% of those who criticize China's response have an unfavorable view, compared to 53% among those who think China handled it well.\n\n<figure_summary>Figure 1: A pie chart illustrating the distribution of opinions on whether the U.S. should prioritize strong relations with China or hold it accountable for the pandemic. The chart shows that 50% of respondents believe the U.S. should hold China responsible, 38% prioritize strong relations, 8% say the Chinese government is not at all to blame, and 5% did not know or refused to answer.</figure_summary>\n\n<figure_summary>Figure 2: A horizontal bar chart showing the percentage of adults who attribute blame to the Chinese government's initial handling of the virus in Wuhan. The chart indicates that 51% believe the government is \"a great deal\" to blame, 27% say \"a fair amount,\" 12% say \"not too much,\" and 8% say \"not at all.\"</figure_summary>\n\nNote: The data is based on a survey conducted by Pew Research Center between June 16 and July 14, 2020, among U.S. adults.\n</summary>"
    },
    "14": {
      "summary": "<summary>\nThe page discusses public opinion in the United States regarding economic ties with China, highlighting a growing sentiment that these ties are negative. According to Pew Research Center data, Americans overwhelmingly view economic relations with China as bad (68%), compared to only 30% who see them as good. This negative perception has increased by 15 percentage points since spring 2019, reflecting a shift across political affiliations. Among Republicans and Republican-leaning independents, the share who view ties as bad has risen from an even split to 63%, while Democrats and Democratic-leaning independents now hold this view at 73%, up from 61%. The data underscores a significant decline in positive perceptions over time.\n\n<figure_summary>Figure 1: A line graph illustrates the changing attitudes toward U.S.-China economic ties between 2019 and 2020. The \"Bad\" line (dark blue) shows a steep increase from 53% in 2019 to 68% in 2020, while the \"Good\" line (light green) shows a corresponding decrease from 41% to 30%. This visual emphasizes the growing negativity in public opinion.</figure_summary>\n\nNote: The survey was conducted from June 16 to July 14, 2020, and is part of Pew Research Center's report titled \"Americans Fault China for Its Role in the Spread of COVID-19.\"\n</summary>"
    },
    "15": {
      "summary": "<summary>\nThe page discusses Americans' evolving preferences regarding economic and trade policies with China. It highlights that public opinion is divided, with around half valuing stronger relations with China, while 46% prioritize a tougher stance. Over the past year, support for a tougher approach has grown by 11 percentage points. Both Republicans and Democrats have shifted toward favoring a tougher stance; today, roughly two-thirds of Republicans support this position, up 12 points since 2019, while Democrats are 14 points more likely to favor toughness compared to previous years, though only a third prefer it over building relations.\n\n<figure_summary>Figure 1: A line graph showing the percentage of U.S. adults who believe it is more important to \"build a stronger relationship with China\" versus \"get tougher with China\" from 2011 to 2020. The graph indicates a fluctuating trend, with \"get tougher with China\" gaining significant ground in recent years.</figure_summary>\n\n<figure_summary>Figure 2: A line graph comparing the views of Republicans/Republican-leaning individuals and Democrats/Democratic-leaning individuals on whether it is more important to \"get tougher with China.\" The graph shows a steady increase in support for a tougher stance among Republicans, reaching 66% in 2020, while Democrats show a slight decline, ending at 33% in 2020.</figure_summary>\n\nThe data is sourced from a Pew Research Center survey conducted between June 16 and July 14, 2020, titled \"Americans Fault China for Its Role in the Spread of COVID-19.\"\n</summary>"
    },
    "16": {
      "summary": "<summary>\nThe page discusses public opinion in the U.S. regarding prioritizing human rights over economic relations with China. It highlights recent controversies involving the Chinese government, such as the national security law in Hong Kong, mass surveillance of ethnic Muslim Uighurs, handling of the coronavirus, and mistreatment of Africans in China. A survey conducted by Pew Research Center reveals that nearly three-quarters of Americans favor promoting human rights in China over prioritizing economic relations, even if it harms trade. This preference is consistent across age groups, though younger and older Americans show slightly higher support. Democrats are more likely than Republicans to emphasize human rights, but a majority in both parties share this view. Less than a quarter of respondents prioritize economic relations over human rights.\n\n<figure_summary>Figure 1: Bar chart showing the percentage of Americans who prioritize economic relations versus those who promote human rights in China. The chart breaks down responses by total population, age groups (18-29, 30-49, 50+), and political affiliation (Republican/Lean Republican, Democrat/Lean Democrat). Key findings include: 23% prioritize economic relations, while 73% promote human rights overall; among age groups, 21% vs. 76%, 22% vs. 75%, and 24% vs. 71% respectively; and among political affiliations, 26% vs. 70% for Republicans and 20% vs. 78% for Democrats.</figure_summary>\n\nNote: The data is sourced from a survey of U.S. adults conducted between June 16 and July 14, 2020, focusing on perceptions of China's role in the spread of COVID-19.\n</summary>"
    },
    "17": {
      "summary": "<summary>\nThe page discusses Americans' perceptions of China as a competitor, enemy, or partner, based on survey data from the Pew Research Center. It highlights that while most Americans view China as a competitor (57%), this perception has declined since 2012 when 66% saw it as such. Conversely, the share of Americans who see China as an enemy has increased by 11 percentage points, rising from 15% to 26%, while the proportion viewing it as a partner remains steady at 16%. The survey also reveals a growing partisan divide, with Republicans and Republican-leaning independents showing a 21 percentage point increase in viewing China as an enemy compared to an 8 percentage point increase among Democrats and Democratic-leaning independents. Age differences are noted, with younger Americans more likely to see China as a partner, while older Americans are more likely to view it as an enemy. Additionally, those who blame China's initial handling of the coronavirus outbreak are more likely to see it as an enemy.\n\n<figure_summary>Figure 1: A line graph titled \"Few Americans see China as a partner,\" showing the percentage of Americans who view China as a competitor, enemy, or partner between 2012 and 2020. The graph indicates a decline in the \"competitor\" category (from 66% to 57%) and an increase in the \"enemy\" category (from 15% to 26%), while the \"partner\" category remains stable at 16%. This visual emphasizes the shift in American perceptions over time.</figure_summary>\n\n<figure_summary>Figure 2: A line graph titled \"% of ___ who think of China as an enemy,\" comparing the views of Republicans/Republican-leaning independents and Democrats/Democratic-leaning independents. The graph shows a significant increase in the percentage of Republicans viewing China as an enemy (from 17% to 38%) compared to a smaller increase among Democrats (from 11% to 19%). This highlights the growing partisan divide in attitudes toward China.</figure_summary>\n\nNote: The source of the data is a survey of U.S. adults conducted between June 16 and July 14, 2020, as part of the Pew Research Center's report titled \"Americans Fault China for Its Role in the Spread of COVID-19.\"\n</summary>"
    },
    "18": {
      "summary": "<summary>\nThis page discusses Americans' perceptions of their country's international economic standing, highlighting a decline in confidence since the onset of the coronavirus pandemic. It notes that while 52% of Americans still view the U.S. as the world’s leading economy, this is down from 59% in March, which was an unprecedented high. The share of Americans who see China as the top economy remains steady at about one-third (32%), with minimal support for Japan or the European Union. Additionally, the survey reveals that American men are significantly more likely than women to see the U.S. as the world’s top economy, with little variation across age groups or education levels.\n\n<figure_summary>Figure 1: A line graph comparing public perception of the U.S. and China as the world’s leading economic power over time (from 2008 to 2020). The U.S. line shows a general decline, starting at 46% in 2008 and reaching 32% in 2020. The China line fluctuates but shows an overall increase, starting at 26% in 2008 and peaking at 59% in 2019 before dropping slightly to 52% in 2020.</figure_summary>\n\nNote: The data for \"Japan\" and \"The countries of the European Union,\" as well as the categories \"Other\" and \"None/There is no leading economic power,\" are not shown. The survey was conducted by Pew Research Center among U.S. adults from June 16 to July 14, 2020, as part of a study titled “Americans Fault China for Its Role in the Spread of COVID-19.”\n</summary>"
    },
    "19": {
      "summary": "<summary>\nThe page discusses a decline in the share of Democrats who view the U.S. as the world's leading economy since March. Republicans' views have remained relatively stable over the past four months, but Democrats have become significantly less likely to hold this opinion. In March, 54% of Democrats believed the U.S. was the leading global economy, compared to 44% today. The data is sourced from a Pew Research Center survey conducted between June 16 and July 14, 2020, titled \"Americans Fault China for Its Role in the Spread of COVID-19.\"\n\n<figure_summary>Figure 1: A line graph showing the percentage of Republicans and Democrats who believe the U.S. is the world's leading economic power from 2008 to 2020. The red line represents Republicans/Republican-leaning individuals, while the blue line represents Democrats/Democratic-leaning individuals. The graph illustrates fluctuations over time, with Republicans consistently showing higher percentages than Democrats. Notably, there is a significant dip in the percentage of Democrats holding this belief after 2017.</figure_summary>\n\nThe page emphasizes the shift in perception among Democrats, highlighting the impact of recent events on public opinion regarding the U.S.'s economic standing.\n</summary>"
    },
    "20": {
      "summary": "<summary>\nThe page discusses the declining confidence among Americans in Chinese President Xi Jinping regarding his handling of world affairs. It highlights that about three-quarters (77%) of Americans have little to no confidence in Xi, with 55% expressing \"no confidence at all,\" marking a significant increase since March and more than double the share from last year. This decline is linked to concerns over China's handling of the coronavirus pandemic; those who believe China has poorly managed the outbreak are significantly more likely to lack confidence in Xi compared to those who view China's response positively. Additionally, views on the U.S.-China economic relationship influence opinions of Xi, with those perceiving poor relations being more likely to distrust him. The page also notes demographic and partisan divides, with older Americans and Republicans showing higher levels of distrust compared to younger individuals and Democrats.\n\n<figure_summary>Figure 1: A stacked area chart titled \"Americans continue to lose faith in Xi\" illustrates the percentage of Americans who say they have \"not too much confidence\" or \"no confidence at all\" in Xi Jinping regarding world affairs. The chart spans from 2014 to 2020, showing a steady increase in overall distrust, with the \"no confidence at all\" category rising sharply in recent years.</figure_summary>\n\nSource: Survey of U.S. adults conducted June 16–July 14, 2020. Q15b. “Americans Fault China for Its Role in the Spread of COVID-19” PEW RESEARCH CENTER\n</summary>"
    },
    "21": {
      "summary": "<summary>\nThis page is the \"Acknowledgments\" section of a report from the Pew Research Center. It lists the individuals who contributed to the report, including researchers, analysts, methodologists, editors, designers, and administrative staff. The list includes their names and titles, highlighting the collaborative nature of the research effort. The page does not contain any tables, figures, or images; it solely focuses on recognizing the contributions of the team members involved in the project.\n\n</summary>"
    },
    "22": {
      "summary": "<summary>\nThis page provides an overview of the methodology used in Pew Research Center’s Summer 2020 Global Attitudes Survey. It explains that the survey results are based on telephone interviews conducted under the direction of Abt Associates. The data is derived from national samples, unless otherwise specified. For more detailed information about the international survey methodology and country-specific sample designs, readers are directed to an external link provided in the text.\n\nThere are no tables, figures, charts, diagrams, or images present on this page. The focus is entirely on textual information regarding the survey's methodology.\n\n</summary>"
    }
  }
}