{
  "doc_id": "PH_2016.06.08_Economy-Final.pdf",
  "pages": {
    "1": {
      "summary": "<summary>\nThis page is an introduction to a Pew Research Center report titled \"Latinos Increasingly Confident in Personal Finances, See Better Economic Times Ahead.\" The report highlights that despite limited economic gains for the Latino community since the Great Recession, there is a growing sense of financial confidence among Latinos. The authors of the report are Mark Hugo Lopez, Rich Morin, and Jens Manuel Krogstad. The page also includes contact information for media inquiries, listing Mark Hugo Lopez as the Director of Hispanic Research and Brian Mahl as the Communications Assistant, along with a phone number and the Pew Research Center website. A recommended citation format is provided at the bottom of the page.\n\nThere are no tables, figures, or images present on this page. The focus is entirely on textual information introducing the report's key findings and providing author and contact details.\n\n</summary>"
    },
    "2": {
      "summary": "<summary>\nThis page provides an introduction to the Pew Research Center and defines terminology used in the report. The Pew Research Center is described as a nonpartisan fact tank that conducts public opinion polling, demographic research, and other data-driven social science studies. It focuses on various topics such as U.S. politics, media, technology, religion, Hispanic trends, global attitudes, and U.S. social and demographic trends. All reports are available at www.pewresearch.org, and the Center is a subsidiary of The Pew Charitable Trusts. The page also includes a section on terminology, clarifying that \"Latino\" and \"Hispanic\" are used interchangeably, while \"whites,\" \"blacks,\" and \"Asians\" refer to single-race, non-Hispanic populations. Additionally, it defines \"U.S. born\" as individuals born in the United States, Puerto Rico, or other U.S. territories, and \"foreign born\" as those born outside these areas, with \"immigrant\" being used interchangeably.\n\nThere are no tables, figures, or images present on this page.\n\n</summary>"
    },
    "3": {
      "summary": "<summary>\nThis page contains the Table of Contents for a report by the Pew Research Center, outlining the structure and key sections of the document. The report focuses on the economic outlook and financial perceptions of Latinos in the United States. It begins with an overview and introduces two main sections: (1) the current financial situation of Latinos, highlighting positive views but concerns about income not keeping pace with living costs; and (2) their optimism regarding future finances and upward mobility for their children. Additional sections include acknowledgments, methodology, references, and an appendix detailing the 2015 National Survey of Latinos topline data.\n\nThere are no tables, figures, images, or charts present on this page. The content is purely textual, providing a roadmap for readers to navigate the report's findings and methodologies.\n\n</summary>"
    },
    "4": {
      "summary": "<summary>\nThe page discusses findings from a Pew Research Center survey highlighting the growing confidence among Latinos in their personal finances and optimism about future economic conditions, despite limited progress in community economic indicators since the Great Recession. Key points include:\n- Four-in-ten Latinos now rate their personal finances as \"excellent\" or \"good,\" marking a 17 percentage point increase since 2008, when only 23% felt similarly positive.\n- This improvement contrasts with the general U.S. public, where the share of those with a positive view of their finances remained essentially flat during the same period (41% in 2008 vs. 43% in 2015).\n- Hispanics also show greater optimism about their financial future, with 81% expecting their family's financial situation to improve in the next year, compared to 67% in 2008. By comparison, the U.S. public is less optimistic.\n\n<figure_summary>Figure 1: The figure illustrates the percentage of Latinos and the general U.S. public who say their personal financial situation is in excellent/good shape and who expect their family’s financial situation to improve \"a lot\" or \"some\" in the next year. The data spans from 2004 to 2015, with a shaded area indicating the period of the Great Recession (December 2007 to June 2009). It shows a significant upward trend for Latinos in both categories, while the general public's views remain relatively stable.</figure_summary>\n\nThe survey underscores a divergence between individual perceptions and broader economic indicators, suggesting a growing sense of optimism among Latinos despite lingering economic challenges.\n</summary>"
    },
    "5": {
      "summary": "<summary>\nThe page discusses the optimistic outlook of Latino adults regarding their family's financial future and their children's upward mobility. It highlights that 61% of Latinos expect their family’s financial situation to improve, up from 56% in 2008. Additionally, 72% believe their children will be better off financially than they are now. These findings are based on the 2015 National Survey of Latinos, a bilingual telephone survey of 1,500 adults conducted between October 21 and November 30, 2015, with a margin of error of ±3.3 percentage points at the 95% confidence level. The page also notes that Latinos are the largest minority group in the U.S., numbering 55.3 million in 2014, and have been one of the fastest-growing groups, contributing significantly to job growth and economic impact. Their purchasing power reached $1.3 trillion in 2014, a 155% increase since 2000, surpassing that of black and Asian communities.\n\n<figure_summary>Figure 1: A pie chart titled \"Latinos see economic upward mobility for their children\" illustrates the percentage of Latinos who believe their children will be better off financially than they are now. The chart shows that 72% expect their children to be better off, 16% think it will be about the same, and 5% believe their children will be less well off. The remaining responses (\"Don’t have children/don’t plan to have children\" and \"Don’t know/refused\") are not labeled but are included in the data.</figure_summary>\n\nThe page emphasizes the growing influence of the Latino population on the U.S. economy, noting their significant contribution to job growth and increasing purchasing power.\n</summary>"
    },
    "6": {
      "summary": "<summary>\nThe page discusses the economic status of the Hispanic community in the U.S., focusing on unemployment rates, household income, poverty, and net worth. Despite improvements since the Great Recession, the Hispanic unemployment rate remains above its pre-recession low and higher than the non-Hispanic rate. Median household income for Hispanics has stagnated since the Great Recession, remaining at $42,491 in 2014. The Hispanic poverty rate in 2014 was 23.6%, lower than its peak but still above pre-recession levels. Hispanic households experienced the largest decline in net worth among major racial or ethnic groups during the recession, and unlike white households, their net worth continued to fall afterward.\n\n<figure_summary>Figure 1: A line graph titled \"Quarterly unemployment rate Hispanic vs. non-Hispanic\" compares the unemployment rates of Hispanic and non-Hispanic populations over time, from 2005 to 2015. The graph highlights two recessions, showing peaks in unemployment during these periods. The Hispanic unemployment rate is consistently higher than the non-Hispanic rate, with both rates declining after the Great Recession but remaining above their pre-recession lows.</figure_summary>\n\nNote: The data is seasonally adjusted, and shaded areas indicate recession periods. The source is Pew Research Center tabulations of Bureau of Labor Statistics data.\n</summary>"
    },
    "7": {
      "summary": "<summary>\nThe page discusses the economic outlook and financial status of Hispanics in the U.S., based on Pew Research Center data. Despite overall positive sentiment about national economic conditions, Hispanics lag behind the general U.S. population in terms of income, wealth, and poverty rates. Key findings include higher optimism among Hispanics regarding current and future economic conditions compared to other groups. The page also highlights the importance of economic issues, such as education and jobs, to Hispanic voters, with support for policies like raising the minimum wage being more prevalent among Hispanics than the general public.\n\n<figure_summary>Figure 1: Three bar graphs comparing real median household income, poverty rate, and median net worth between all households and Hispanic households over time. The first graph shows lower median household income for Hispanics ($42,500) compared to all households ($53,700). The second graph illustrates a higher poverty rate for Hispanics (23.6%) versus all households (14.8%). The third graph depicts significantly lower median net worth for Hispanic households ($13,700) compared to all households ($81,400), with a notable dip during the Great Recession.</figure_summary>\n\nNote: Shaded areas in the graphs indicate periods of recession, including the Great Recession from December 2007 to June 2009. The income question was redesigned in 2001, causing a break in the trend lines after 2013.\n\nSource: Data for real median household income and poverty rate comes from the U.S. Census Bureau, while median net worth data is derived from Pew Research Center tabulations of the Survey of Consumer Finances public-use data.\n</summary>"
    },
    "8": {
      "summary": "<summary>\nThis page presents findings from a Pew Research Center report regarding the financial situation of Latinos in 2015. Key points include:\n- Latinos with some college experience or more (56%) and U.S.-born Latinos (50%) were most likely to rate their personal financial situation as \"excellent\" or \"good.\"\n- Latinos with less than a high school education (23%) and immigrant Latinos (31%) had the lowest ratings of personal financial situations.\n- Among Hispanics ages 65 and older, 59% expect their family finances to improve in the next year, though this is the lowest share among major Hispanic demographic subgroups.\n- Hispanics who rated their personal finances as \"excellent\" or \"good\" in 2015 were more optimistic about future improvements; 45% expected a significant improvement, compared to 30% of those who rated their finances as \"good.\"\n\nThere are no tables, figures, charts, or images on this page. The content focuses solely on textual data and statistics related to financial perceptions and expectations among different Latino demographic groups.\n</summary>"
    },
    "9": {
      "summary": "<summary>\nThe page discusses the improving financial perceptions among Latinos since the Great Recession, highlighting a significant increase in positive views about personal finances. Despite this optimism, many Latinos still feel that their family income is not keeping up with the cost of living. According to the Pew Research Center's National Survey of Latinos, 41% of Hispanics rate their financial situation as \"excellent\" (8%) or \"good\" (33%), while 59% describe it as \"only fair\" (47%) or \"poor\" (12%). This represents a stark contrast to the 2008 survey during the recession, when only 4% of Latinos reported being in excellent financial shape and 19% said their financial condition was good. The latest survey also indicates that the share of Hispanics with a positive view of their finances has nearly caught up to the general public, with 40% of Hispanics compared to 43% of the general public.\n\n<figure_summary>Figure 1: A line graph titled \"Latino perceptions of personal finances rebound strongly since the recession.\" It shows the percentage of Latinos and the general public who say their personal financial situation is in \"excellent\" or \"good\" shape over time, from 2004 to 2015. The shaded area marks the period of the Great Recession (December 2007 to June 2009). The graph illustrates a sharp decline in positive perceptions during the recession, followed by a strong rebound afterward, with both groups showing improvement but the Hispanic population catching up significantly.</figure_summary>\n\nNote: The source of the data is the National Survey of Latinos conducted between October 21-November 30, 2015, with surveys conducted in previous years as well. The shaded area in the graph highlights the timeline of the Great Recession.\n</summary>"
    },
    "10": {
      "summary": "<summary>\nThe page discusses improvements in personal finance ratings among Latino groups compared to the general U.S. population, highlighting significant changes since 2008. It notes that the gap between Latinos and the general public has narrowed, with both groups now rating their financial situations more positively. The text emphasizes that while the overall public's view of finances has declined since 2004, Latino views have become more positive, especially among younger adults. Key demographic subgroups, including U.S.-born, foreign-born, and higher-educated Latinos, show notable gains in financial confidence. Younger Hispanic adults (ages 18-29) report the largest increases in positive financial perceptions, with 48% rating their finances as \"excellent\" or \"good\" in 2015, up from 21% in 2008.\n\n<figure_summary>Figure 1: A bar chart titled \"Ratings of personal finances improve among most Latino groups,\" showing the percentage of individuals who rate their personal financial situation as \"excellent\" or \"good\" in 2015 and 2008. The chart compares the general population and various Latino subgroups, including U.S.-born, foreign-born, second-generation, third-generation or higher, gender, education levels, and age groups. The data highlights significant increases in positive ratings across most Latino subgroups, with the largest gains seen among younger adults and those with higher education.</figure_summary>\n\nNote: The source of the data is the National Survey of Latinos conducted by Pew Research Center in 2008 and 2015.\n</summary>"
    },
    "11": {
      "summary": "<summary>\nThe page discusses the economic perceptions of Latinos in the U.S., focusing on how family income compares to the cost of living. It highlights that while there were significant improvements in financial well-being among younger Latinos, older Latinos (65 years or older) experienced more modest gains, with only 37% reporting improved perceptions in 2015. Similar-sized gains were observed across various demographic subgroups, including U.S.-born Hispanics (+17 percentage points), foreign-born Hispanics (+18 points), Latino men (+16 points), and Latina women (+18 points). Additionally, positive views increased among those with less than a high school education (+12 points) and high school graduates (+16 points).\n\nThe page also notes that many Latinos face challenges keeping up with the rising cost of living. Pew Research Center surveys conducted in 2014 and 2015 reveal that about half (53%) of Latinos said their family income was falling behind the cost of living in 2015, compared to 53% in 2014. Meanwhile, 37% reported their income staying even with the cost of living, and 10% said it was growing faster than the cost of living. Similar trends were observed among black and white adults, with comparable percentages indicating their income was falling behind the cost of living.\n\n<table_summary>\nThe table presents data from Pew Research Center surveys conducted in 2015 and 2014, showing the percentage of Hispanic, White, and Black adults who perceive their family income as falling behind, staying even with, or going up faster than the cost of living. In 2015, 53% of Hispanics, 49% of Whites, and 51% of Blacks reported their income was falling behind the cost of living. In contrast, 37% of Hispanics, 43% of Whites, and 41% of Blacks said their income was staying even with the cost of living. Only 10% of Hispanics, 7% of Whites, and 7% of Blacks indicated their income was growing faster than the cost of living. The 2014 data shows similar trends, with slightly lower percentages for all groups in the \"going up faster\" category.\n</table_summary>\n\n<note>\nThe note clarifies that \"Whites and blacks are non-Hispanic,\" and \"Hispanics are of any race.\" It also mentions that \"Don’t know/refused responses not shown.\"\n</note>\n\n<source>\nThe source of the data is cited as Pew Research Center surveys conducted between December 8-13, 2015, and January 15-19, 2014, under the title \"Latinos Increasingly Confident in Personal Finances, See Better Economic Times Ahead.\"\n</source>\n</summary>"
    },
    "12": {
      "summary": "<summary>\nThe page discusses changes in perceptions of family income relative to the cost of living among different racial and ethnic groups in the U.S. between 2014 and 2015. It highlights that Hispanic adults' views remained unchanged during this period, with about half reporting they were falling behind financially, which was consistent with the overall U.S. public's perception. In contrast, white adults reported some improvement in their financial situation relative to the cost of living over the same time frame. As a result, by 2015, the three racial and ethnic groups showed similar patterns in their views regarding this measure.\n\nThere are no tables, figures, images, or charts present on this page.\n</summary>"
    },
    "13": {
      "summary": "<summary>\nThis page discusses the optimistic outlook among Latinos regarding their financial situation in the next year and upward economic mobility for their children. It highlights that most Hispanics are confident about improving finances and foresee a bright future for their children, with those already prospering being the most optimistic. The text emphasizes that optimism about family finances has risen faster among Latinos compared to the general population since the Great Recession. Specifically, the share of Latinos expecting their finances to improve \"a lot\" or \"some\" increased by 14 percentage points from 67% in 2008 to 81% in 2015, while the general public's optimism rose only 6 percentage points to 61%. The analysis notes that all of the increase in Latino optimism occurred after 2011, following the official end of the recession.\n\n<figure_summary>Figure 1: This line graph illustrates the percentage of Hispanics and the general public who expect their family’s financial situation to improve \"a lot\" or \"some\" in the next year. The x-axis represents years from 2004 to 2015, and the y-axis shows the percentage ranging from 0 to 100. The shaded area marks the period of the Great Recession (December 2007 to June 2009). The graph shows that Hispanic optimism has risen sharply since 2011, reaching 81% in 2015, while the general public's optimism remained relatively stable at around 60%. The data source is the National Survey of Latinos conducted between October 2015 and December 2015.</figure_summary>\n\nThe page also mentions that the Pew Research Center conducted surveys in various years (e.g., 2004, 2008, 2012, 2015) to track these trends, reinforcing the reliability of the findings.\n</summary>"
    },
    "14": {
      "summary": "<summary>\nThe page discusses findings from the Pew Research Center's National Survey of Latinos, highlighting that Latinos have consistently been more optimistic about their financial future compared to the general public since 2004. The current optimism gap (81% for Latinos vs. 61% for the public) is the largest recorded. The text emphasizes that this financial optimism extends across most Latino subgroups, with 81% of Latinos expecting improvement in their family’s financial situation in the coming year, a 14 percentage point increase since 2008. The survey also notes that 23% of Latinos predict significant financial improvement (\"a lot\" better), marking the highest share since 2004. Additionally, only 10% of Latinos expect their finances to worsen, reflecting a decline in pessimism over time. The page highlights demographic variations in optimism, noting that older Latinos were less optimistic compared to younger groups.\n\n<figure_summary>Figure 1: A bar chart comparing the percentage of Latinos and the general population who expect their family’s financial situation to improve \"a lot\" or \"some\" in the next year between 2008 and 2015. The chart shows an increase in optimism among both groups but highlights a larger gain for Latinos (+14 percentage points) compared to the general population (+6 percentage points). Subcategories within Latinos (e.g., U.S.-born, foreign-born, gender, education level, and age groups) are also shown, illustrating varying degrees of increased optimism across these subgroups.</figure_summary>\n\nNote: The data is sourced from the National Survey of Latinos conducted in October 2015 and December 2008, with additional surveys in December 2015 and December 2008. The report is titled \"Latinos Increasingly Confident in Personal Finances, See Better Economic Times Ahead.\"\n</summary>"
    },
    "15": {
      "summary": "<summary>\nThe page discusses economic optimism among Hispanic adults in the United States, highlighting differences based on age, education level, gender, and immigration status. It notes that older Hispanics (65 years old or older) are more upbeat about their short-term economic future compared to younger and middle-aged Hispanics. Specifically, 59% of older Hispanics expect their family’s finances to improve, an increase of 7 percentage points since 2008. Younger Hispanics (under 30) show a 13-point rise in optimism, while those aged 30 to 49 and 50 to 64 also experienced significant gains (+16 points each). Education plays a crucial role, with college-educated Latinos showing higher confidence in their financial future compared to those with less education. Economic optimism has grown faster among Latinos with some college education (+20 percentage points) than among those with a high school diploma (+9) or less education (+11). Additionally, both Latino men (+18 points) and Latina women (+11 points) have become more optimistic about their finances over the past seven years. U.S.-born and immigrant Hispanics alike have seen hopeful views of their family’s finances rise by 14 percentage points to 81%.\n\nThere are no tables, figures, charts, diagrams, or images present on this page.\n</summary>"
    },
    "16": {
      "summary": "<summary>\nThe page discusses how Latinos' current financial perceptions influence their expectations for the next year's financial situation, based on a Pew Research Center survey. It highlights that Hispanics with positive views of their current financial condition are more optimistic about future improvements compared to those who rate their finances as fair or poor. Among those who consider their finances excellent or good, 45% expect significant improvement, while 56% anticipate some advancement. Conversely, only 17% of those with fair finances and 15% with poor finances expect major improvements.\n\n<figure_summary>Figure 1: A horizontal bar chart titled \"Future financial expectations among Hispanics shaped by current personal financial situation.\" The chart shows percentages of Hispanics expecting their family’s financial situation to improve a lot, improve some, get a little worse, or get a lot worse in the next year, categorized by their current financial condition (excellent, good, only fair, and poor). Key observations include higher optimism among those with better current financial conditions.</figure_summary>\n\nNote: The survey was conducted between October 21 and November 30, 2015, and the full report can be found at www.pewresearch.org.\n</summary>"
    },
    "17": {
      "summary": "<summary>\nThe page discusses the optimistic outlook that Hispanic adults have regarding their children's financial future. About 72% of Hispanic adults expect their children to be better off financially than they themselves are, while only 16% believe their children will be worse off. This optimism is consistent across immigrant and U.S.-born Hispanics, with 75% and 70%, respectively, expecting their children to be better off. However, there are variations in optimism based on age and education. Older Latinos (ages 65 and older) are more pessimistic compared to younger groups, with only 52% believing their children will be better off. In contrast, 75% of Latinos aged 18 to 29 and 76% of those aged 30 to 49 share this optimism. Educational attainment also plays a role; while high school graduates are the most optimistic (79%), those with some college experience (69%) and less than a high school education (71%) show similar levels of optimism. Notably, Latino high school graduates are more optimistic than those with some college experience or higher.\n\n<figure_summary>Figure 1: A horizontal bar chart titled \"Most Latinos optimistic about their children’s financial future.\" It displays the percentage of Latinos who expect their children to be better off, about the same, or less well-off financially compared to themselves. The data is broken down by various demographic categories, including all Hispanics, U.S.-born vs. foreign-born, generation (2nd and 3rd), gender, educational attainment, and age groups. For example, among all Hispanics, 72% expect their children to be better off, while 16% expect them to be about the same and 5% expect them to be less well-off.</figure_summary>\n\nNote: The source of the data is the National Survey of Latinos conducted between October 21 and November 30, 2015, by the Pew Research Center.\n</summary>"
    },
    "18": {
      "summary": "<summary>\nThis page contains the \"Acknowledgments\" section of a report published by the Pew Research Center. It credits Mark Hugo Lopez, director of Hispanic research, Rich Morin, senior editor, and Jens Manuel Krogstad, writer/editor, as the primary authors of the report. Claudia Deane, vice president of research, provided editorial guidance. Michael Keegan, an information graphics designer, created charts for the overview. Anna Brown and Gustavo López, research assistants, checked the numbers in the report. Marcia Kramer copy edited the report. The page also includes a link to find related reports online at pewresearch.org/hispanic.\n\nThere are no tables, figures, images, or other visual elements present on this page.\n</summary>"
    },
    "19": {
      "summary": "<summary>\nThis page outlines the methodology used in a Pew Research Center study conducted by SSRS, focusing on a nationally representative sample of 1,500 Latino respondents aged 18 and older. The survey was conducted via telephone interviews between October 21 and November 30, 2015, using both landline and cellular phones. The sample included 705 U.S.-born Latinos (including Puerto Rico) and 795 foreign-born Latinos (excluding Puerto Rico). The margin of error for the total sample is ±3.3 percentage points at the 95% confidence level. The survey utilized bilingual interviewers who offered respondents the option to complete the survey in English or Spanish. A dual-frame design was employed, combining landline and cellphone sampling frames, with stratified oversampling in areas with higher densities of Latino residents. The study also discusses the sampling techniques used, including surname-based stratification for landline samples and the use of databases like InfoUSA and Experian.\n\n<table_summary>\nThe table provides details of the 2015 National Survey of Latinos, showing the sample sizes and corresponding margins of error for different subgroups:\n- Total Latinos: Sample size = 1,500, Margin of Error = ±3.3%\n- U.S.-born (including Puerto Rico): Sample size = 705, Margin of Error = ±4.8%\n- Foreign-born (excluding Puerto Rico): Sample size = 795, Margin of Error = ±4.4%\n</table_summary>\n\nNo figures, charts, or images are present on this page.\n</summary>"
    },
    "20": {
      "summary": "<summary>\nThe page discusses the methodology used in a survey conducted by the Pew Research Center, focusing on sampling techniques to ensure a representative sample of Latinos in the United States. An unlisted landline sample was utilized to generate a stratum with a high incidence of Latinos, based on the share of Latinos in the telephone exchange. The survey employed a random-digit-dial (RDD) method, dividing randomly selected telephone numbers into strata based on whether they were associated with Spanish surnames. This stratification aimed to improve administrative efficiency and sample effectiveness. For cellphone sampling, MSG’s GENESYS system was used, dividing the sample into high and medium strata based on the share of Latinos in the area code. Low-incidence landline and cellphone strata were drawn from previously interviewed respondents in SSRS’s weekly dual-frame Excel omnibus survey, with 293 eligible Latino respondents included.\n\n<table_summary>\nTable 1: \"Interviews by Strata\" provides a breakdown of the total interviews conducted across different strata, categorized by landline and cellphone samples. It includes the number of interviews and the estimated percentage of each stratum among the U.S. Latino population. The strata are divided into \"Surname,\" \"High,\" \"Medium,\" and \"Low,\" with corresponding percentages and interview counts. The table also notes that the prescreened omnibus interviews were not subject to geographic stratification, and the estimated population breakdown is based on the 2013 American Community Survey. Over- or under-sampling of strata was corrected through weighting.\n</table_summary>\n\nNo figures, charts, or images are present on this page.\n</summary>"
    },
    "21": {
      "summary": "<summary>\nThis page describes the multistage weighting procedure used by the Pew Research Center to ensure an accurate representation of the national Hispanic population in their survey. The procedure includes several adjustments to account for various biases and sampling issues. Key points include:\n\n1. Adjustments were made for individuals who possess both a landline and a cellphone, as they were more likely to be sampled than those with only one phone type. This adjustment also considered different sampling rates in landline and cellphone samples.\n2. The sample was corrected for potential bias associated with re-contacting previously interviewed respondents in low-incidence strata.\n3. Corrections were applied for within-household selection in landline interviews, which depended on the number of Latino adults living in the household.\n4. The sample was adjusted for oversampling of telephone number exchanges known to have higher densities of Latinos and undersampling of exchanges with lower densities of Latinos.\n5. Post-stratification weighting was applied using estimates from the 2013 U.S. Census Bureau’s American Community Survey, focusing on gender, age, education, Census region, heritage, and phone status (cellphone only, dual/landline). The density of the Latino population was based on the 2010 Census.\n6. Finally, weights were trimmed to avoid any single case having too much influence on the overall estimates.\n\nThere are no tables, figures, images, or charts present on this page. The focus is entirely on the detailed explanation of the weighting procedure.\n\n</summary>"
    },
    "22": {
      "summary": "<summary>\nThis page is titled \"Appendix A: References\" and contains a list of references cited in the document. The references cover various topics such as wireless substitution, income and poverty in the United States, Latino job growth, wealth inequality, economic cycles, and public perception of the economy. Each reference includes the authors' names, publication year, title, publisher, location, and date, along with hyperlinks to the original sources.\n\nThe references are organized chronologically and include studies from reputable organizations like the Pew Research Center, U.S. Census Bureau, National Center for Health Statistics, and National Bureau of Economic Research. Topics range from demographic trends and economic disparities to public opinion and business cycle analysis.\n\nThere are no tables, figures, charts, diagrams, or images on this page. The focus is entirely on providing detailed bibliographic information for the sources used in the document.\n\n</summary>"
    },
    "23": {
      "summary": "<summary>\nThis page contains a list of references from various studies and reports related to social issues, demographics, and economic trends. The references are primarily from the Pew Research Center and include topics such as perceived inequality, the experiences of young Latinos in America, statistical portraits of Hispanics in the United States, and the impact of minorities on the U.S. consumer market. Each reference includes the title, author(s), publication year, location, and a direct link to the source.\n\nThere are no tables, figures, images, or charts present on this page. The content is purely textual, consisting of bibliographic citations.\n\n</summary>"
    }
  }
}