{
  "doc_id": "PI_2018.11.19_algorithms_FINAL.pdf",
  "pages": {
    "1": {
      "summary": "<summary>\nThis page is the title page of a Pew Research Center report titled \"Public Attitudes Toward Computer Algorithms.\" The report, authored by Aaron Smith, explores Americans' concerns regarding the fairness and effectiveness of computer programs in making significant decisions affecting people's lives. The release date of the report is November 16, 2018. Contact information for media inquiries is provided, including names, titles, phone number, and website. A recommended citation format is also included at the bottom of the page.\n\nThere are no tables, figures, charts, or images present on this page. The focus is entirely on textual information providing an overview of the report's topic and publication details.\n\n</summary>"
    },
    "2": {
      "summary": "<summary>\nThis page provides an introduction to the Pew Research Center, highlighting its role as a nonpartisan fact tank dedicated to informing the public about issues, attitudes, and trends shaping America and the world. The Center conducts various types of research, including public opinion polling, demographic studies, content analysis, and data-driven social science research. Its areas of focus include U.S. politics and policy, journalism and media, internet and technology, religion and public life, Hispanic trends, global attitudes, and U.S. social and demographic trends. All reports are available on the website www.pewresearch.org. The Pew Research Center is a subsidiary of The Pew Charitable Trusts, which serves as its primary funder. The page also includes a copyright notice dated 2018.\n\nThere are no tables, figures, images, or other visual elements present on this page.\n</summary>"
    },
    "3": {
      "summary": "<summary>\nThis page discusses public attitudes toward computer algorithms, highlighting concerns about fairness and effectiveness in decision-making processes. Algorithms are pervasive in daily life, influencing recommendations, medical diagnoses, credit assessments, and more. Despite their widespread use, a Pew Research Center survey reveals that Americans are skeptical of algorithms, with 58% believing they reflect human bias, although 40% think they can be designed to be bias-free. Public skepticism extends to privacy violations, failure to capture nuances, and unfair treatment. Perceptions vary based on context, showing support or suspicion depending on the task. The survey presented four real-world scenarios to gauge opinions, including nontraditional credit scores, criminal risk assessments, AI-based job interviews, and automated resume screening.\n\n<image_summary>A sidebar titled \"Real-world examples of the scenarios in this survey\" provides detailed explanations of the four scenarios used in the study. It describes how firms use nontraditional credit scores, states utilize criminal risk assessments, multinational companies employ AI during job interviews, and HR practices involve computerized resume screening.</image_summary>\n</summary>"
    },
    "4": {
      "summary": "<summary>\nThis page discusses public attitudes toward algorithmic decision-making in various real-world scenarios, based on a survey conducted by the Pew Research Center. The survey explored opinions on algorithms used in criminal risk assessment, automated resume screening, video job interviews, and personal finance scoring. The findings reveal that majorities of Americans find these algorithms unacceptable, particularly when they involve sensitive personal data or have significant consequences for individuals. For instance, 68% of respondents found personal finance score algorithms unacceptable, while 67% opposed computer-aided video job analysis. Privacy concerns were highlighted as a top issue, with 26% of those opposing personal finance scores citing privacy violations.\n\n<table_summary>\nThe table presents survey results showing the percentage of U.S. adults who find different examples of algorithmic decision-making acceptable or unacceptable. It includes four categories: criminal risk assessment for parole, automated resume screening, automated video analysis of job interviews, and personal finance scoring. For each category, the percentages of respondents who found the practice \"Unacceptable\" and \"Acceptable\" are displayed using green and blue bars, respectively. Notably, high percentages (56%, 57%, 67%, and 68%) marked these practices as unacceptable, while lower percentages (42%, 41%, 32%, and 31%) deemed them acceptable.\n</table_summary>\n\n<image_summary>\nThe page includes small icons next to each row in the table to visually represent the categories being discussed. These icons include a gavel for criminal risk assessment, a document for resume screening, a play button for video analysis, and a dollar sign for personal finance scoring. These icons help illustrate the context of each algorithmic application.\n</image_summary>\n\nThe source of the data is cited as a survey of U.S. adults conducted between May 29 and June 11, 2018, titled \"Public Attitudes Toward Computer Algorithms.\" The page emphasizes the widespread skepticism and concern among the public regarding the fairness and acceptability of algorithmic decision-making in critical areas of life.\n</summary>"
    },
    "5": {
      "summary": "<summary>\nThe page discusses public concerns about algorithmic decision-making in various contexts, such as personal finance scores, job interviews, and automated resume screening. Key concerns include unfairness, the removal of human judgment, and the inability of systems to capture nuance. For instance, 36% of respondents find automated resume screening unacceptable due to the lack of human involvement, while 16% express similar worries about video job interview analysis. The complexity of human behavior is highlighted as a major issue, especially in the context of criminal risk scores, where half of those who oppose them cite concerns about individual differences and personal growth. The survey also reveals that attitudes toward algorithmic decision-making vary significantly based on context and the people affected. For example, Americans are more likely to view criminal risk scores as fair (50%) compared to personal finance scores (32%), despite similar perceived effectiveness. Additionally, the page explores how social media users' comfort with data sharing depends on its intended use; 75% are comfortable sharing data for event recommendations, but only 37% are comfortable if it's used for political campaign messages.\n\nThere are no tables, figures, or images present on this page.\n</summary>"
    },
    "6": {
      "summary": "<summary>\nThe page discusses how social media users have varying comfort levels with data usage by platforms, depending on age groups and the context of data application. Younger users (under 50) are more accepting of data use for recommendations, such as connecting with people or suggesting local events, compared to older users (65+). However, there is widespread wariness about political messaging using personal data. The page also highlights the mixed nature of content exposure on social media, where users encounter both positive and negative interactions. Algorithms play a significant role in shaping user experiences by tailoring content, which has led to concerns about steering users toward emotionally charged or misleading content. Despite this, users also report positive interactions, balancing out the negative encounters.\n\n<figure_summary>Figure 1: A horizontal bar chart showing the percentage of social media users across different age groups who find it acceptable for social media sites to use their data for various purposes. The categories include recommending events, suggesting connections, showing ads, and displaying political campaign messages. Older users (ages 65+) are less accepting of data use for all purposes compared to younger users (ages 18-49), especially for political messaging.</figure_summary>\n\nNote: The survey data is sourced from Pew Research Center's \"Public Attitudes Toward Computer Algorithms,\" conducted among U.S. adults between May 29 and June 11, 2018.\n</summary>"
    },
    "7": {
      "summary": "<summary>\nThe page discusses the emotional experiences of social media users and highlights key findings from a Pew Research Center survey conducted in May–June 2018 among 4,594 U.S. adults. It notes that social media users frequently encounter content that evokes emotions such as amusement, anger, connectedness, inspiration, depression, and loneliness. The majority of users report seeing an equal mix of positive and negative behaviors from others on these platforms. Additionally, the survey reveals differences in public attitudes toward algorithmic decision-making based on race and ethnicity, as well as perceptions of how accurately social media reflects societal views on important issues.\n\n<figure_summary>Figure 1: A horizontal bar chart titled \"Amusement, anger, connectedness top the emotions users frequently feel when using social media.\" The chart shows the percentage of social media users in different age groups (Ages 65+, 50-64, 30-49, and 18-29) who frequently see content that makes them feel amused, angry, connected, inspired, depressed, or lonely. For example, the highest percentages for amusement are seen among younger users (18-29), while older users (65+) report feeling more connected. The data underscores the varying emotional impacts of social media across different age demographics.</figure_summary>\n\nOther key findings include:\n- Public attitudes toward algorithmic decision-making differ by race and ethnicity. Only 25% of whites think personal finance score concepts would be fair, compared to 45% of blacks. Conversely, 61% of blacks believe criminal risk scores are unfair for parole decisions, whereas 49% of whites hold this view.\n- Approximately 74% of the public believes that social media content does not reflect broader societal views on important issues, although 25% think it provides an accurate portrayal of society.\n</summary>"
    },
    "8": {
      "summary": "<summary>\nThe page discusses findings from a Pew Research Center survey regarding how social media content affects users' emotions based on age. Younger adults are twice as likely to encounter content that makes them feel amused (54%) compared to content that makes them feel angry (27%). In contrast, older users (ages 65 and above) experience these two types of content with more comparable frequency: 30% frequently see content that amuses them, while 24% frequently see content that angers them. The page does not contain any tables, figures, images, or charts.\n\n</summary>"
    },
    "9": {
      "summary": "<summary>\nThis page discusses public attitudes toward algorithmic decision-making, highlighting concerns about bias in computer programs. It notes that while proponents argue algorithms can increase accuracy and reduce human bias, critics worry they may reinforce existing biases. A survey by Pew Research Center reveals that 58% of Americans believe computer programs will always reflect the biases of their designers, while 40% think it's possible for them to make decisions free from human bias. Younger Americans are more optimistic about bias-free algorithms compared to older adults. The survey also explores public attitudes toward algorithm use in various real-life contexts, including examples of decisions made by both public and private entities using personal and public data.\n\n<figure_summary>Figure 1: Bar chart showing the percentage of U.S. adults who believe computer programs will always reflect human bias versus those who think it's possible for them to make decisions free from human bias, broken down by age groups. The chart indicates that younger adults (ages 18-29) are more likely to believe bias-free decisions are possible, while older adults (ages 50+) are more skeptical.</figure_summary>\n\nThe survey findings emphasize the general concern about algorithms making important decisions and provide context for understanding public views on this topic.\n</summary>"
    },
    "10": {
      "summary": "<summary>\nThe page discusses a survey conducted by the Pew Research Center, focusing on public perceptions of fairness regarding various algorithmic decision-making scenarios. The survey includes four specific scenarios: an automated personal finance score used for loan decisions, a criminal risk assessment for parole decisions, a program analyzing job interview videos, and a computerized resume screening tool. Respondents were asked to evaluate the fairness, effectiveness, and general acceptability of these programs. The findings reveal significant skepticism among Americans about the fairness of these programs, with none being viewed as fair by a majority. Notably, only small shares (32% and 33%) consider the \"personal finance score\" and \"video job interview analysis\" concepts fair to consumers or job applicants, respectively. In contrast, the automated criminal risk score concept is viewed more favorably, though still not widely accepted as fair.\n\n<table_summary>\nThe table presents data on U.S. adults' views regarding the fairness of different algorithmic decision-making tools. It categorizes responses into four levels of perceived fairness: \"Not fair at all,\" \"Not very fair,\" \"Somewhat fair,\" and \"Very fair.\" For example, 17% of respondents found the automated scoring of people up for parole \"not fair at all,\" while 41% considered it \"somewhat fair.\" Similarly, 23% found automated resume screening \"not fair at all,\" but 35% thought it was \"somewhat fair.\" The table highlights the overall lack of strong support for the fairness of these programs.\n</table_summary>\n\n<note>\nThe note clarifies that respondents who did not provide answers are excluded from the data. The survey was conducted between May 29 and June 11, 2018, as part of the Pew Research Center's study titled \"Public Attitudes Toward Computer Algorithms.\"\n</note>\n</summary>"
    },
    "11": {
      "summary": "<summary>\nThe page discusses public perceptions of fairness and effectiveness regarding various automated decision-making systems, such as consumer finance scores, parole scoring algorithms, video job interviews, and resume screening programs. While there is general agreement that these systems could be effective, opinions on fairness vary significantly. Notably, demographic differences emerge, with Blacks and Hispanics being more likely than whites to view consumer finance scores as fair but also expressing greater concern about parole scoring algorithms. The public is divided on whether these programs would be effective overall, with varying levels of confidence in different scenarios. For instance, 54% of Americans think automated personal finance scores would be effective, but only 32% find them fair, highlighting a significant gap between perceived effectiveness and fairness.\n\n<table_summary>\nTable 1: This table presents data on U.S. adults' views regarding the effectiveness and fairness of four types of computer programs: automated personal finance scores, automated video analysis of job interviews, automated resume screening of job applicants, and automated scoring of people up for parole. It includes percentages for those who believe each program would be \"very/somewhat\" effective and \"very/somewhat\" fair, along with the difference between these two measures. For example, 54% consider automated personal finance scores effective, while only 32% find them fair, resulting in a +22 percentage-point difference.\n</table_summary>\n\n<note>\nThe note at the bottom of the table specifies that respondents who did not provide an answer or gave other responses are not included in the data. The source is identified as a Pew Research Center survey conducted from May 29 to June 11, 2018, titled \"Public Attitudes Toward Computer Algorithms.\"\n</note>\n</summary>"
    },
    "12": {
      "summary": "<summary>\nThe page discusses public opinion on the acceptability of certain programs involving data analysis, specifically focusing on automated personal finance scores and computer-aided video analysis in hiring. Majorities of Americans find these practices unacceptable, citing concerns about data privacy, fairness, and overall effectiveness. For instance, 68% oppose using personal finance scores, and 67% oppose computer-aided video analysis in hiring. The survey also explores why some respondents find these programs acceptable, highlighting themes such as perceived effectiveness and the idea that companies have the right to use such methods under free market principles. Conversely, those who oppose these programs express worries about their reliability, fairness, and privacy implications. The page provides detailed insights into public reactions, including quotes from respondents who support the use of automated personal finance scores, emphasizing its potential benefits in assessing financial responsibility beyond traditional credit scores.\n\nThere are no tables, figures, or images on this page. The content relies solely on textual information and direct quotes from survey participants to illustrate differing perspectives.\n</summary>"
    },
    "13": {
      "summary": "<summary>\nThe page discusses public attitudes toward automated personal finance scores, highlighting concerns over privacy, discrimination, and accuracy. It presents data showing that 68% of U.S. adults find it unacceptable for companies to use such scores, while 31% consider them acceptable. Among those who find the scores acceptable, reasons include effectiveness in targeting services and products, consumer willingness to share information, and trust in free-market mechanisms. Conversely, those who oppose the scores cite privacy violations (26%), inaccurate representation (20%), unfairness/discrimination (15%), and lack of control over the score (5%) as primary concerns. The page also includes verbatim quotes from respondents, illustrating their perspectives on the issue.\n\n<figure_summary>Figure 1: A bar chart showing the percentage of U.S. adults who find automated personal finance scores acceptable (31%) versus not acceptable (68%). Additional bars provide reasons for both acceptance and rejection, such as \"Would be effective\" (31%), \"Violates privacy\" (26%), and \"Doesn’t represent person accurately\" (20%). The chart visually represents the distribution of opinions and underlying reasons.</figure_summary>\n\nNote: The survey was conducted by Pew Research Center between May 29 and June 11, 2018, as part of a study titled \"Public Attitudes Toward Computer Algorithms.\"\n</summary>"
    },
    "14": {
      "summary": "<summary>\nThe page discusses public opinions on data privacy and automated criminal risk scoring programs, based on survey responses from the Pew Research Center. It begins by presenting quotes from individuals expressing concerns about data privacy, highlighting issues such as surveillance, intrusion into personal activities, and the potential misuse of personal information. These concerns are articulated through direct quotes from respondents, emphasizing feelings of unease regarding companies' access to buying habits and the ethical implications of algorithmic decision-making.\n\nThe second half of the page shifts focus to automated criminal risk scoring programs. It states that 42% of Americans find the use of such programs acceptable, citing various reasons for this acceptance. Key reasons include the perceived effectiveness of the program, its utility in aiding the justice system, and its role as part of a broader decision-making process. Some respondents also argue that these programs could offer prisoners a second chance or protect the public by keeping potentially dangerous individuals in jail. Notably, the text highlights the diversity of arguments supporting the same outcome, illustrating differing perspectives on the benefits of these programs.\n\nThere are no tables, figures, charts, or images present on this page. The content relies solely on textual information, including direct quotes and statistical data to convey the findings.\n\n</summary>"
    },
    "15": {
      "summary": "<summary>\nThe page discusses public attitudes toward the use of automated criminal risk scores in the U.S. criminal justice system. It highlights concerns over the lack of individual focus and people's ability to change, emphasizing the need for fairness and objectivity in decision-making processes. The text includes quotes from individuals expressing opinions on the balance between human judgment and data-driven approaches, with some advocating for the use of objective criteria to reduce bias and others raising concerns about privacy and individual circumstances.\n\n<figure_summary>Figure 1: A bar chart showing the percentage of U.S. adults who find it acceptable or not acceptable for the criminal justice system to use automated criminal risk scores. Among those who find it acceptable, reasons such as effectiveness (16%) and fairness/unbias (10%) are cited. Among those who find it unacceptable, reasons like \"Every individual/circumstance is different\" (26%) and \"People can change\" (25%) are highlighted.</figure_summary>\n\nThe survey data indicates that while 42% of respondents find the use of criminal risk scores acceptable, 56% do not. The page also notes that verbatim responses were categorized, allowing for multiple selections, which explains why percentages may exceed 100%. The source of the data is a Pew Research Center survey conducted from May 29 to June 11, 2018, titled \"Public Attitudes Toward Computer Algorithms.\"\n</summary>"
    },
    "16": {
      "summary": "<summary>\nThe page discusses public opinion on the acceptability of using computer programs to judge individuals, focusing on concerns about efficacy, fairness, and bias. It highlights that 56% of Americans find such programs unacceptable, with reasons including the inability to capture individual nuances (26%), the preclusion of personal growth (25%), and worries about human involvement (12%) or unfair bias (9%). Examples provided include critiques of data accuracy and individuality. Conversely, 32% of Americans find the use of such programs acceptable in hiring job candidates, citing themes like company rights (17%), objectivity (16%), and competitiveness (9%). Examples from this group emphasize acceptance of business practices and the need for scientific tools in modern society.\n\nThere are no tables, figures, or images on this page. The content relies solely on textual data and quoted examples to illustrate differing perspectives.\n</summary>"
    },
    "17": {
      "summary": "<summary>\nThe page discusses public concerns regarding the use of automated job interview analysis, focusing on issues such as fairness, effectiveness, and the lack of human involvement. It presents survey data from U.S. adults, showing that while 32% find this method acceptable, 67% consider it unacceptable. Key reasons for acceptance include companies' ability to hire freely and increased objectivity, while rejection is driven by concerns about flaws in the system, unfairness, and the belief that humans should evaluate other humans. The page also includes verbatim quotes from respondents expressing their views on the reliability and potential biases of automated analysis.\n\n<table_summary>\nThe table summarizes the percentage of U.S. adults who find automated job interview analysis acceptable or unacceptable, along with the reasons provided by those in each category. For those who find it acceptable, reasons include hiring freedom (17%), objectivity (9%), and candidate knowledge (4%). Among those who find it unacceptable, concerns include system flaws (20%), human evaluation (16%), unfairness (14%), and uneven interview performance (13%).\n</table_summary>\n\n<figure_summary>\nA bar chart visually represents the split between those who find automated job interview analysis acceptable (32%) and those who do not (67%), using blue and green bars respectively. This chart provides a quick overview of public opinion on the topic.\n</figure_summary>\n\nNote: The survey was conducted by Pew Research Center from May 29 to June 11, 2018, as part of a study titled \"Public Attitudes Toward Computer Algorithms.\"\n</summary>"
    },
    "18": {
      "summary": "<summary>\nThe page discusses perspectives on job interviews and automated resume screening, emphasizing the limitations of remote interviews and the importance of in-person interactions. Two quotes highlight concerns about how some individuals may perform poorly during remote interviews due to nervousness or lack of personal connection, suggesting that such interviews should only be used to narrow down candidates before requiring an in-person meeting. Another quote underscores the inability of computers to assess personality and interpersonal skills effectively. The section transitions into a discussion on \"Automated resume screening,\" though no further details are provided on this topic within the visible content.\n\nThere are no tables, figures, images, or charts present on this page.\n\n</summary>"
    },
    "19": {
      "summary": "<summary>\nThe page discusses public attitudes toward automated resume screening in hiring processes. It highlights that 41% of Americans find it acceptable for companies to use such programs, citing three primary reasons: saving time and money (19%), increased accuracy compared to manual screening (19%), and allowing companies to hire freely (16%). Conversely, 57% of respondents find it unacceptable, primarily due to concerns about fairness, lack of human involvement, and potential bias. The page includes verbatim quotes from individuals supporting and opposing the practice, illustrating diverse perspectives.\n\n<table_summary>\nThe table presents data on U.S. adults' opinions regarding the acceptability of automated resume screening. Among those who find it acceptable, the top reasons include saving time/money (19%) and increased accuracy (19%). For those who find it unacceptable, the primary concerns are the removal of the human element (36%) and unfairness or the risk of not selecting the best candidate (23%).\n</table_summary>\n\n<figure_summary>\nThe bar chart visually represents the distribution of responses for both acceptable and unacceptable views of automated resume screening. The blue bars correspond to those who find it acceptable, while the green bars represent those who do not. The chart clearly shows the disparity in concerns between the two groups, emphasizing the divide in public opinion.\n</figure_summary>\n\nNote: The data is based on a survey conducted by Pew Research Center among U.S. adults from May 29 to June 11, 2018, focusing on \"Public Attitudes Toward Computer Algorithms.\"\n</summary>"
    },
    "20": {
      "summary": "<summary>\nThe page discusses concerns about automated resume screening processes in hiring, highlighting three major themes among those who find such systems unacceptable. Approximately one-third (36%) worry that these systems remove the human element from hiring, roughly one-quarter (23%) believe the system may not always select the best candidate, and 16% are concerned about resumes being gamed by including keywords that appeal to algorithms. The page provides several quotes from individuals expressing these concerns, emphasizing issues like the potential exclusion of qualified candidates due to lack of professional resume writing, homogenization of the workforce, and the unfair advantage gained by those who can afford to optimize their resumes or learn test-taking strategies.\n\nThere are no tables, figures, or images on this page. The content is purely textual, focusing on direct quotes and statistical data to illustrate the perspectives of respondents.\n</summary>"
    },
    "21": {
      "summary": "<summary>\nThis page discusses how algorithms influence the content people see on social media, highlighting concerns about the impact of algorithmic decision-making on users' experiences. It explains that social media platforms use algorithms to deliver personalized content based on user data, raising worries about the promotion of harmful content like misinformation and sensationalism. To gauge public attitudes, a survey was conducted, asking respondents about their perceptions of social media content, emotions, and overall comfort levels. The survey found that a majority of Americans (74%) believe the content on social media does not accurately reflect society's views on important issues, while only 25% think it does. Notably, demographic differences exist, with younger adults, blacks, and Hispanics being more likely than whites and older adults to perceive social media as an accurate reflection of societal sentiment. Despite these variations, a broad consensus exists that social media content is not representative of public opinion.\n\n<figure_summary>Figure 1: A pie chart illustrating the percentage of U.S. adults who believe social media content provides an accurate picture of societal views on important issues. The chart shows that 74% of respondents say it does not, 25% say it does, and 1% did not answer. The data is sourced from a Pew Research Center survey conducted May 29–June 11, 2018.</figure_summary>\n</summary>"
    },
    "22": {
      "summary": "<summary>\nThis page from the Pew Research Center discusses how social media users experience a range of emotions while using these platforms. The main focus is on the mix of positive and negative feelings triggered by content encountered on social media. Key findings include that amusement is the most common emotion, with 88% of users experiencing it at least sometimes, and 44% frequently. Anger is also prevalent, with 71% of users reporting encountering anger-inducing content, and 25% experiencing it frequently. Other emotions like connectedness (71%), inspiration (69%), depression (49%), and loneliness (31%) are also reported, though less frequently. The data highlights age-related variations in emotional responses, with younger adults more likely to feel lonely and older adults less likely to feel amused compared to younger users.\n\n<figure_summary>Figure 1: A horizontal bar chart showing the percentage of social media users who experience different emotions (\"Amused,\" \"Angry,\" \"Connected,\" \"Inspired,\" \"Depressed,\" \"Lonely\") either \"Frequently\" or \"Sometimes.\" The chart visually represents the data discussed in the text, with percentages for each emotion categorized into the two frequency levels.</figure_summary>\n\nNote: The survey was conducted among U.S. adults between May 29 and June 11, 2018, as part of the \"Public Attitudes Toward Computer Algorithms\" study.\n</summary>"
    },
    "23": {
      "summary": "<summary>\nThe page discusses findings from a Pew Research Center survey regarding social media users' emotional responses and behaviors on platforms. It highlights that younger users are more likely to feel amused, angry, inspired, depressed, and lonely due to content they encounter on social media. The survey also reveals a correlation between political affiliation and feelings of anger, with conservative Republicans being more likely to report feeling angry compared to moderate or liberal Republicans, and liberal Democrats more likely than moderate or conservative Democrats. Additionally, the survey found that users frequently encounter dramatic or exaggerated posts (58%) and arguments without all facts (59%).\n\n<figure_summary>Figure 1: A horizontal bar chart showing the percentage of social media users in different age groups (65+, 50-64, 30-49, 18-29) who frequently experience various emotions (Amused, Angry, Connected, Inspired, Depressed, Lonely) due to content on social media. The chart indicates that younger users (ages 18-29) are more likely to experience all listed emotions compared to older age groups.</figure_summary>\n\nThe page concludes by noting that a majority of social media users occasionally encounter misleading or deceptive posts, as well as posts that teach them something new.\n</summary>"
    },
    "24": {
      "summary": "<summary>\nThe page discusses the types of content social media users frequently encounter on platforms. It highlights that while many users find posts that teach them something new, they also frequently see dramatic or exaggerated content and arguments based on incomplete information. The text notes that around half of social media users perceive an equal mix of positive and negative behaviors from others online. Additionally, it mentions that a smaller portion (21%) sees more kindness and support, while a comparable share (24%) experiences more negativity or bullying.\n\n<table_summary>\nTable 1: This table presents survey data showing the percentage of social media users who frequently or sometimes see certain types of content. It includes categories such as \"Posts that are overly dramatic or exaggerated,\" \"People making accusations or starting arguments without having all the facts,\" \"Posts that teach you something useful you hadn’t known before,\" and \"Posts that appear to be about one thing but turn out to be about something else.\" The table indicates high percentages for dramatic/exaggerated posts and arguments, while fewer users report frequently seeing informative or misleading posts.\n</table_summary>\n\nNote: The source of the data is a Pew Research Center survey conducted among U.S. adults between May 29 and June 11, 2018, titled \"Public Attitudes Toward Computer Algorithms.\"\n</summary>"
    },
    "25": {
      "summary": "<summary>\nThis page from a Pew Research Center report discusses findings on how men and women perceive social media behavior differently. It highlights that men are slightly more likely than women to encounter harassing or abusive behavior online, and in this survey, a larger share of men (29%) than women (19%) reported seeing more mean or bullying content. Conversely, women were slightly more likely to see kind or supportive behavior. However, the majority of both men (52%) and women (56%) reported seeing an equal mix of supportive and bullying behavior on social media. Additionally, the report notes that around two-thirds of users (63%) generally see an even mix of people trying to spread misinformation and those trying to correct it. Men are twice as likely as women to say they more often see deceptive behavior (24% vs. 13%), but majorities of both genders (58% and 67%, respectively) see an equal mix of deception and correction efforts.\n\n<table_summary>\nThe first table shows the percentage of social media users who more often see \"people being mean or bullying\" versus \"people being kind or supportive,\" along with those who see an equal mix of both. Key findings include:\n- Total: 24% see more bullying, 21% see more kindness/support, and 54% see an equal mix.\n- Men: 29% see more bullying, 17% see more kindness/support, and 52% see an equal mix.\n- Women: 19% see more bullying, 24% see more kindness/support, and 56% see an equal mix.\n</table_summary>\n\n<table_summary>\nThe second table presents data on the perception of \"people trying to be deceptive\" versus \"people trying to point out inaccurate info,\" along with those who see an equal mix of both. Key findings include:\n- Total: 18% see more deception, 17% see more attempts to correct misinformation, and 63% see an equal mix.\n- Men: 24% see more deception, 17% see more attempts to correct misinformation, and 58% see an equal mix.\n- Women: 13% see more deception, 17% see more attempts to correct misinformation, and 67% see an equal mix.\n</table_summary>\n\nNote: Respondents who did not provide an answer are excluded from the analysis. The data comes from a survey of U.S. adults conducted between May 29 and June 11, 2018, titled \"Public Attitudes Toward Computer Algorithms.\"\n</summary>"
    },
    "26": {
      "summary": "<summary>\nThis page discusses users' comfort levels with social media companies using their personal data, highlighting that acceptance varies based on how the data is used. The text explains that while users are generally comfortable with data usage for personalized recommendations (e.g., events in their area), they are less accepting when it comes to targeted advertising and political messages. The survey findings indicate that three-quarters of users find it acceptable for platforms to recommend local events, but only about half find it acceptable for ads, and a substantial majority (31%) finds political campaign messages unacceptable.\n\n<figure_summary>Figure 1: A horizontal bar chart showing the percentage of social media users who find it \"not at all,\" \"not very,\" \"somewhat,\" or \"very\" acceptable for social media sites to use their data for various purposes. The categories include recommending events in their area, recommending people they might know, showing ads for products or services, and showing messages from political campaigns. For example, 50% of users find it \"somewhat acceptable\" for platforms to recommend events, while only 7% find it \"very acceptable\" for political campaign messages.</figure_summary>\n\nThe page also notes that user comfort is context-dependent, with age groups showing relatively consistent preferences for event recommendations but widespread discomfort with political campaign messages. The source of the data is cited as a Pew Research Center survey conducted between May 29 and June 11, 2018, titled \"Public Attitudes Toward Computer Algorithms.\"\n</summary>"
    },
    "27": {
      "summary": "<summary>\nThe page discusses how social media users across different age groups have varying levels of acceptance regarding the use of their data by social media platforms. Older users are generally less accepting of such data usage compared to younger users. Specifically, the text highlights that while 66% of users aged 18 to 49 find it acceptable for social media sites to recommend events in their area, only 33% of users aged 65 and older agree. Similarly, there is a significant difference in opinions about receiving ads based on personal data, with 63% of younger users finding it acceptable, compared to 36% of older users. The page also notes that users across all age groups oppose practices like reminding some users to vote while not others, showing selective friend posts, and A/B testing that changes the platform's look and feel for certain users.\n\n<figure_summary>Figure 1: This horizontal bar chart illustrates the percentage of social media users from different age groups (18-29, 30-49, 50-64, and 65+) who find it acceptable for social media sites to use their data for various purposes, including recommending events, suggesting people they might know, showing ads for products and services, and displaying messages from political campaigns. The chart visually compares the acceptance rates across age groups for each activity.</figure_summary>\n\nThe source of the data is cited as a Pew Research Center survey conducted between May 29 and June 11, 2018, titled \"Public Attitudes Toward Computer Algorithms.\"\n</summary>"
    },
    "28": {
      "summary": "<summary>\nThis page is an \"Acknowledgements\" section from a report by the Pew Research Center, highlighting the collaborative effort behind the research. It credits the primary researcher, Aaron Smith, along with the research team consisting of Lee Rainie, Kenneth Olmstead, Jingjing Jiang, Andrew Perrin, Paul Hitlin, and Meg Hefferon. The editorial and graphic design team includes Margaret Porteus and Travis Mitchell, while Haley Nolan and Sara Atske are credited for communications and web publishing. The page also provides a link to find related reports online at pewresearch.org/internet.\n\nThere are no tables, figures, charts, diagrams, or images present on this page. The focus is entirely on acknowledging the contributions of the individuals involved in the creation of the report.\n\n</summary>"
    },
    "29": {
      "summary": "<summary>\nThis page describes the methodology behind the American Trends Panel (ATP) survey conducted by the Pew Research Center. The ATP is a nationally representative panel of U.S. adults recruited through landline and cellphone random-digit-dial (RDD) surveys. Participants complete monthly self-administered web surveys, with those lacking internet access provided with tablets and wireless connections. The data discussed in this report come from a wave of the survey conducted between May 29 and June 11, 2018, involving 4,594 respondents, with a margin of sampling error of ±2.4 percentage points.\n\nThe ATP members were recruited from three large RDD surveys conducted in English and Spanish. The first group was recruited from the 2014 Political Polarization and Typology Survey (Jan. 23–Mar. 16, 2014), where 9,809 out of 10,013 adults invited agreed to participate. The second group came from the 2015 Pew Research Center Survey on Government (Aug. 27–Oct. 4, 2015), with 2,976 out of 6,004 adults agreeing to join. The third group was recruited from a survey conducted Apr. 25–June 4, 2017, with 1,628 out of 5,012 adults agreeing to participate.\n\nThe ATP data undergo a multistep weighting process to ensure representativeness. This process begins with a base weight that accounts for the original survey selection probability and subsampling for panel invitation. Adjustments are made for varying propensities to join and remain active in the panel across different groups. Finally, an iterative technique aligns the sample with population benchmarks based on gender, age, education, race, Hispanic origin, region, county-level population density (from the 2010 U.S. Census), and telephone service (from the 2016 National Health Interview Survey).\n\nFootnotes provide additional context, such as the subsampling rates for non-internet users and white, non-Hispanic college graduates, as well as changes in eligibility criteria over time.\n\n</summary>"
    },
    "30": {
      "summary": "<summary>\nThis page discusses the methodology and sampling details of a survey conducted by the Pew Research Center. It explains that the volunteerism benchmark is derived from the 2015 Current Population Survey Volunteer Supplement, while the party affiliation benchmark is based on the average of three recent Pew Research Center general public telephone surveys. The internet access benchmark comes from the 2017 ATP Panel Refresh Survey, and respondents without prior internet access are treated as not having internet access for weighting purposes. Sampling errors and statistical tests account for the effect of weighting, and interviews are conducted in both English and Spanish, with the Hispanic sample being predominantly native-born and English-speaking.\n\nThe page includes a table showing unweighted sample sizes and the margin of error at the 95% confidence level for different age groups in the survey. It also mentions that sample sizes and sampling errors for other subgroups are available upon request. Additionally, it highlights that factors such as question wording and practical difficulties can introduce bias into opinion polls. The May 2018 wave had an 84% response rate among panel members, but when accounting for recruitment surveys and attrition, the cumulative response rate was 2.4%. A footnote clarifies that panelists who do not participate in multiple consecutive waves are removed from the panel and counted in the denominator of cumulative response rates.\n\n<table_summary>\nTable 1: This table presents the unweighted sample sizes and the corresponding margins of error (plus or minus percentage points) for different age groups in the survey. The total sample size is 4,594, with a margin of error of 2.4 percentage points. Age-specific breakdowns include: 18-29 years (469 participants, ±7.5 percentage points), 30-49 years (1,343 participants, ±4.4 percentage points), 50-64 years (1,451 participants, ±4.3 percentage points), and 65+ years (1,326 participants, ±4.5 percentage points).\n</table_summary>\n\nNo figures, charts, or images are present on this page.\n</summary>"
    }
  }
}