{
  "doc_id": "PI_2017.10.04_Automation_FINAL.pdf",
  "pages": {
    "1": {
      "summary": "<summary>\nThis page is the title page of a Pew Research Center report titled \"Automation in Everyday Life.\" The report, authored by Aaron Smith and Monica Anderson, explores Americans' attitudes toward automation, highlighting that they express more worry than enthusiasm about developments such as driverless vehicles and machines replacing human jobs. The release date is October 4, 2017. Contact information for media inquiries is provided, including names, titles, phone number, and website. A recommended citation format is also included at the bottom of the page.\n\nThere are no tables, figures, or images on this page. The focus is entirely on textual information, providing an overview of the report's topic and authorship, along with contact details and citation guidance.\n\n</summary>"
    },
    "2": {
      "summary": "<summary>\nThis page provides an introduction to the Pew Research Center, highlighting its role as a nonpartisan fact tank dedicated to informing the public about issues, attitudes, and trends shaping America and the world. The Center conducts various types of research, including public opinion polling, demographic studies, content analysis, and social science research. Its areas of focus include U.S. politics and policy, journalism and media, internet and technology, religion and public life, Hispanic trends, global attitudes, and U.S. social and demographic trends. All reports are accessible on the website www.pewresearch.org. The Pew Research Center is a subsidiary of The Pew Charitable Trusts, which serves as its primary funder. The page also includes a copyright notice dated 2017.\n\nThere are no tables, figures, images, or charts present on this page.\n</summary>"
    },
    "3": {
      "summary": "<summary>\nThis page discusses Americans' attitudes toward automation in everyday life, based on a Pew Research Center survey conducted in May 2017. The survey reveals that while Americans anticipate significant impacts from automation technologies, such as driverless vehicles and robotic workers, they express more worry than enthusiasm about these developments. The survey covered four scenarios related to automation: autonomous vehicles, robots performing human jobs, robot caregivers for older adults, and computer programs evaluating job candidates. Despite some positive expectations, respondents' attitudes often reflect concerns about the broader societal implications of these technologies. The page also addresses the realism of the scenarios presented, noting that while some are futuristic, others, like semi-autonomous vehicle features, are already being developed or implemented today.\n\n<box_summary>\nThe boxed section titled \"How realistic are the scenarios presented in the survey?\" explains that while some scenarios are futuristic, others are grounded in current technological advancements. It highlights examples such as companies using computer algorithms in hiring processes and the development of semi-autonomous vehicle features. It also notes that fully autonomous vehicles and robot caregivers may take many years to become widely available.\n</box_summary>\n\n</summary>"
    },
    "4": {
      "summary": "<summary>\nThe page discusses Americans' attitudes toward emerging automation technologies, highlighting a mix of concern and tempered optimism. Key findings indicate that Americans are more worried than enthusiastic about potential developments in automation. Specifically, they are roughly twice as likely to express worry (72%) compared to enthusiasm (33%) about a future where robots and computers perform many human jobs. Similarly, they are three times more likely to worry (67%) than to express enthusiasm (22%) about algorithms making hiring decisions without human involvement. In contrast, public views toward driverless vehicles and robot caregivers show more balance between worry and enthusiasm.\n\nThe survey also explores anticipated outcomes of these technological advancements. A significant majority (76%) of Americans expect economic inequality to worsen if robots and computers take over many human jobs, while 75% anticipate a lack of new, better-paying jobs. Additionally, 64% believe people will struggle to find meaningful activities if forced to compete with advanced robots and computers for jobs. Regarding driverless vehicles, 75% of respondents expect them to help the elderly and disabled live more independently, but 81% foresee job losses for those who drive for a living. Despite this, 39% expect a reduction in traffic accidents involving fatalities or injuries.\n\n<figure_summary>Figure 1: Bar chart showing the percentage of U.S. adults who are either \"worried\" or \"enthusiastic\" about four different automation-related developments: (1) a future where robots and computers can do many human jobs, (2) development of algorithms that can evaluate and hire job candidates, (3) development of driverless vehicles, and (4) development of robot caregivers for older adults. The chart uses stacked bars to differentiate between \"somewhat\" and \"very\" levels of worry or enthusiasm. For example, 72% of respondents are worried about robots and computers taking over human jobs, with 33% being enthusiastic about it.</figure_summary>\n\nThe data is sourced from a Pew Research Center survey conducted from May 1-15, 2017, titled \"Automation in Everyday Life.\"\n</summary>"
    },
    "5": {
      "summary": "<summary>\nThe page discusses public attitudes toward emerging automation technologies, such as autonomous vehicles and robot caregivers, based on a Pew Research Center survey. It highlights that while many Americans anticipate benefits from these technologies, such as improved safety and reduced caregiving burdens, there is significant hesitation regarding personal use due to concerns about trust, control, and human interaction. The survey reveals that nearly six-in-ten Americans would not want to ride in a driverless vehicle, use a robot caregiver, or apply for a job evaluated by a computer program. Respondents often express a preference for human involvement in decision-making processes, fearing that machines cannot replicate human capabilities and expertise. Additionally, the public generally supports policies that limit the use of automation or integrate more human oversight.\n\n<figure_summary>Figure 1: A horizontal bar chart titled \"Many Americans would be hesitant to use various automation technologies.\" The chart shows the percentage of U.S. adults who say they would or would not use three different automation technologies: riding in a driverless vehicle (56% would not, 44% would), using a robot caregiver (59% would not, 41% would), and applying for a job that uses a computer program to select applicants (76% would not, 22% would). The data is sourced from a survey conducted May 1-15, 2017, as part of the \"Automation in Everyday Life\" study.</figure_summary>\n\nThe page concludes by noting that despite concerns, the public favors policies that either restrict the use of automation or ensure greater human involvement in its implementation.\n</summary>"
    },
    "6": {
      "summary": "<summary>\nThe page discusses public opinion on policies related to workforce automation, highlighting broad support for measures that limit the reach and impact of machines in the workplace. It notes that 85% of Americans favor limiting machines to performing dangerous or unhealthy jobs. Additionally, majorities support providing all Americans with a guaranteed income (60% in favor) and a national service program that pays people to perform tasks even if machines could do them faster or cheaper (58% in favor). A significant portion of the public (58%) also believes there should be limits on the number of jobs businesses can replace with machines, even if they are more efficient. The data reveals partisan differences, with Democrats and Democratic-leaning independents being more supportive of universal income and national service programs compared to Republicans and Republican-leaning independents. However, across party lines, there is strong agreement on limiting machines to dangerous and dirty jobs and setting limits on job replacement by robots or computers.\n\n<table_summary>\nThe table presents survey results showing U.S. adults' support or opposition to three potential policies in response to widespread workforce automation. The policies include limiting machines to dangerous or unhealthy jobs, offering a guaranteed income, and creating a national service program. The table displays percentages for \"Strongly oppose,\" \"Oppose,\" \"Favor,\" and \"Strongly favor\" each policy. For example, 47% strongly favor limiting machines to dangerous or unhealthy jobs, while 38% favor it but do not strongly favor it.\n</table_summary>\n\n<figure_summary>\nThe pie chart illustrates public opinion on whether businesses should be allowed to replace human workers with machines, even if the machines are better and cheaper. The chart shows that 58% of respondents believe there should be limits on the number of jobs businesses can replace with machines, while 41% think businesses are justified in replacing human workers under those conditions. A small percentage (1%) did not answer.\n</figure_summary>\n</summary>"
    },
    "7": {
      "summary": "<summary>\nThis page from a Pew Research Center report discusses Americans' attitudes toward emerging automation technologies, focusing on driverless vehicles. It highlights a significant preference for increased human control in these technologies, with 87% of Americans favoring a requirement for a human operator in driverless vehicles who can take over in emergencies. Additionally, about half of Americans feel more comfortable with robot caregivers if they have a human monitor, and 57% would feel better about hiring algorithms if used only for initial job screenings. The page also introduces a key attitudinal divide among Americans regarding these technologies, distinguishing between enthusiasts and those who are more hesitant. Enthusiasts express more positive views and anticipate broader societal benefits compared to those who are hesitant.\n\n<figure_summary>Figure 1: This horizontal bar chart compares the percentage of U.S. adults who hold various positive and negative views/attitudes about driverless vehicles, divided into two groups: those who would not ride in a driverless vehicle and those who would. Positive views include expectations of helping elderly/disabled independence, feeling safe sharing roads with passenger vehicles or freight trucks, reducing traffic injuries/deaths, and alleviating traffic congestion. Negative views include concerns about widespread use, strong preferences for human operators in emergencies, dedicated lanes, and restrictions in certain areas. The data clearly shows stark differences in opinions between the two groups.</figure_summary>\n\nThe survey findings emphasize the importance of human oversight and safety measures in shaping public acceptance of automation technologies, particularly driverless vehicles.\n</summary>"
    },
    "8": {
      "summary": "<summary>\nThe page discusses Americans' perceptions of automation's impact on jobs and professions. It highlights that driverless vehicles exemplify technological trends, with those willing to ride in them showing greater enthusiasm and lower worry about the technology's ultimate impact. These individuals are also more likely to feel safe sharing roads with autonomous cars and freight vehicles, believe they will reduce traffic fatalities, and support fewer restrictions on their use.\n\nThe page further explores how many Americans anticipate significant changes in the nature of work due to automation. Roughly three-quarters of Americans (77%) think it’s realistic that robots and computers could perform many human jobs, with 20% considering this highly likely. Substantial shares expect automation to affect specific careers over their lifetimes, particularly fast food workers and insurance claims processors, while around half anticipate impacts on software engineers and legal clerks.\n\nHowever, few workers expect their own jobs to be at risk of automation. Only 30% of workers think it’s somewhat or very likely that their jobs will be impacted by automation.\n\n<table_summary>\nTable 1: This table presents the percentage of U.S. adults who believe various jobs are likely to be replaced by robots or computers in their lifetimes. It categorizes responses into \"Not at all,\" \"Not very,\" \"Somewhat,\" and \"Very\" likely, along with a \"NET likely\" column summarizing the combined percentages for \"Somewhat\" and \"Very.\" Jobs listed include fast food worker, insurance claims processor, software engineer, legal clerk, construction worker, teacher, and nurse. For example, 77% of respondents think fast food workers are likely to be replaced, while only 20% believe nurses are at risk.\n</table_summary>\n\nThe data for \"Own job or profession\" is based on currently employed individuals, and the survey was conducted from May 1-15, 2017, as part of Pew Research Center's \"Automation in Everyday Life\" study.\n</summary>"
    },
    "9": {
      "summary": "<summary>\nThe page discusses the impact of automation on American workers, focusing on both future expectations and current experiences. Workers in certain industries like hospitality, service, and retail are more likely to perceive their jobs as at risk due to automation compared to those in fields like education. Despite this, majorities across various occupations believe their jobs will not be significantly impacted by automation. However, 6% of Americans report already being affected by automation, either through job loss or reduced pay/hours. Young adults (ages 18–24) are particularly vulnerable, with higher percentages reporting personal impacts compared to older age groups. Additionally, Latinos, part-time workers, and those with lower household incomes are disproportionately affected. Among those impacted by automation, 46% feel technology has decreased career opportunities, and 57% anticipate their jobs will mostly be done by machines during their lifetimes, reflecting a more pessimistic outlook compared to those unaffected by automation.\n\n<figure_summary>Figure 1: A bar chart showing the percentage of U.S. adults in different age groups who have lost a job or had their pay or hours reduced due to automation. The chart highlights that younger adults (ages 18–24) are most affected, with 6% losing a job and 11% experiencing reduced pay or hours. Other age groups show progressively lower percentages, with the oldest group (65+) having the lowest impact.</figure_summary>\n\n</summary>"
    },
    "10": {
      "summary": "<summary>\nThe page discusses how workers with different levels of education perceive the impact of current workforce technologies. It highlights that workers with higher levels of education are more likely to view technology positively, seeing it as a force that makes their work more interesting and provides opportunities for career advancement. Conversely, workers lacking a college education are much less likely to express positive attitudes toward these technologies. The survey identifies six common workforce technologies—word processing and spreadsheet software, smartphones, email and social media, scheduling software, self-service technologies, and industrial robots—and finds that college graduates are significantly more likely than those with lower educational attainment to report positive impacts from each of these technologies. Notably, 24% of workers with high school diplomas or less say none of these technologies have had a positive impact, compared to just 2% of college graduates. Overall, only 38% of workers with high school diplomas or less feel technology has made their jobs more interesting, and 32% believe it has increased their career advancement opportunities, both substantially lower than the percentages reported by more educated workers.\n\n<figure_summary>Figure 1: A bar chart showing the percentage of U.S. workers in different educational groups who say technology has generally \"made their work more interesting\" and \"increased their opportunities for advancement.\" The chart compares three groups: \"College grad+,\" \"Some college,\" and \"HS grad or less.\" For \"made their work more interesting,\" the percentages are 64%, 54%, and 38%, respectively. For \"increased their opportunities for advancement,\" the percentages are 53%, 51%, and 32%, respectively.</figure_summary>\n\nNote: The data is based on a Pew Research Center survey conducted among U.S. adults who are currently employed full- or part-time, from May 1-15, 2017, as part of the \"Automation in Everyday Life\" study.\n</summary>"
    },
    "11": {
      "summary": "<summary>\nThe page discusses public expectations regarding the widespread adoption of automation technologies in the coming decades. It highlights that many Americans anticipate significant advancements in various automation fields, with driverless vehicles being a prominent example. According to the Pew Research Center, 94% of Americans are aware of efforts to develop driverless vehicles, and approximately two-thirds expect most cars to be driverless within the next half-century, with 9% predicting this will happen within the next 10 years. Additionally, substantial proportions of Americans believe that computer programs will diagnose and treat diseases (79%), retail interactions will be fully automated (65%), and deliveries will be made by robots or drones (65%) within the next 20 years.\n\n<figure_summary>Figure 1: A bar chart showing the percentage of U.S. adults who predict when most vehicles on the road will be driverless. The chart indicates that 9% expect it to happen in less than 10 years, 56% in 10 to less than 50 years, 23% in 50 to less than 100 years, 5% in 100+ years, and 8% believe it will never happen. Respondents who did not provide an answer are not shown.</figure_summary>\n\nNote: The data is sourced from a survey conducted by the Pew Research Center between May 1-15, 2017, titled \"Automation in Everyday Life.\"\n</summary>"
    },
    "12": {
      "summary": "<summary>\nThis page from a Pew Research Center report discusses Americans' current experiences with automation and other workforce technologies. It highlights how various technological innovations have transformed work environments, leading to mixed opinions among workers regarding the impact of these technologies on their jobs and careers. While many view technologies like word processing/spreadsheet software, smartphones, and email/social media positively, others perceive them as damaging or neutral. The survey reveals that the benefits of these tools are more likely to accrue to workers with higher levels of education, while automation has already affected some workers through job losses or wage reductions.\n\n<figure_summary>Figure 1: Bar chart showing the percentage of U.S. workers who perceive various technologies as having a negative impact, positive impact, or no impact on their own careers or jobs. Technologies include word processing/spreadsheet software, smartphones, email/social media, scheduling/routine management software, customer self-service technologies, and industrial robots. For example, 70% of workers see word processing/spreadsheet software as having a positive impact, while only 5% view it negatively.</figure_summary>\n\nThe data is based on a survey conducted in May 2017, focusing on U.S. adults currently employed full-time or part-time. The report emphasizes the diverse views held by workers regarding technology's influence on their professional lives, with significant shares expressing both positive and negative impacts depending on the type of technology.\n</summary>"
    },
    "13": {
      "summary": "<summary>\nThe page discusses workers' perceptions of how technology has impacted their jobs and careers. It highlights that while a quarter of workers feel positively affected by industrial robots, a minority report negative impacts from various technologies like word processing, email, and social media. Workers generally express more positive than negative views about technology's overall impact on their careers. Specifically, 53% believe technology has made their work more interesting, 46% feel it has increased opportunities for career advancement, and 39% say it has made their jobs more demanding. The data is based on a survey conducted by Pew Research Center in May 2017 among U.S. adults who are currently employed.\n\n<figure_summary>Figure 1: Bar chart showing the percentage of U.S. workers who believe technology has decreased, increased, or had no impact on their opportunities for career advancement. Key data: 13% decreased, 46% increased, 40% no impact.</figure_summary>\n\n<figure_summary>Figure 2: Bar chart illustrating the percentage of U.S. workers who believe technology has made their work less interesting, more interesting, or had no impact. Key data: 12% less interesting, 53% more interesting, 34% no impact.</figure_summary>\n\n<figure_summary>Figure 3: Bar chart depicting the percentage of U.S. workers who believe technology has made their work less demanding, more demanding, or had no impact. Key data: 29% less demanding, 39% more demanding, 32% no impact.</figure_summary>\n</summary>"
    },
    "14": {
      "summary": "<summary>\nThe page discusses how workers with varying levels of educational attainment differ in their views of workplace technology. Workers with at least a four-year college degree generally have more positive perceptions of technology compared to those with high school diplomas or less. This difference is most pronounced for office productivity tools like word processing and spreadsheet software, where there is a 45-percentage point gap between college graduates (90% positive impact) and those with high school diplomas or less (45% positive impact). Similar differences exist for smartphones, email/social media, scheduling software, customer self-service technologies, and industrial robots. Notably, 24% of workers with high school diplomas or less feel none of these six technologies have had a positive impact on their jobs, compared to just 2% of college graduates. Conversely, workers with lower education levels are more likely to express negative impacts, with one-in-ten reporting negative effects from word processing or spreadsheet software.\n\n<figure_summary>Figure: Bar chart showing the percentage of workers in different educational groups who perceive a positive or negative impact from various workplace technologies. The chart includes categories such as word processing/spreadsheet software, smartphones, email/social media, scheduling software, customer self-service technologies, and industrial robots. It highlights the significant disparity in positive perceptions between college graduates and those with high school diplomas or less.</figure_summary>\n\nNote: The data is based on U.S. adults currently employed full- or part-time, surveyed by Pew Research Center in May 2017.\n</summary>"
    },
    "15": {
      "summary": "<summary>\nThe page discusses how workers with different educational backgrounds perceive the impact of technology on their careers. It highlights that while some technologies like word processing and spreadsheet applications have had minimal impact on many non-college-educated workers, others such as customer self-service tools and industrial robots are viewed negatively by around one-in-five workers. Workers in the middle educational tier (high school graduates without four-year degrees) tend to have mixed attitudes toward technology, expressing more positive views than those with no college experience but less positive views than those with four-year degrees. The page also notes that college graduates are more likely to see technology as increasing opportunities for career advancement and making their work more interesting compared to workers with lower levels of education. Additionally, college graduates are somewhat more likely to find their jobs more demanding due to technology but also more likely to feel it has made their work less demanding overall.\n\n<figure_summary>Figure 1: A bar chart showing the percentage of U.S. workers in each educational group who say that technology has generally \"made their work more interesting\" and \"increased their opportunities for advancement.\" The chart compares three groups: college graduates, those with some college education, and high school graduates or less. College graduates report the highest percentages (64% for \"more interesting\" and 53% for \"opportunities for advancement\"), followed by those with some college education (54% and 51%, respectively), and then high school graduates or less (38% and 32%, respectively). This visual emphasizes the correlation between higher education levels and more positive perceptions of technology's impact.</figure_summary>\n\nNote: The data is based on a survey conducted by Pew Research Center in May 2017 among U.S. adults currently employed full- or part-time.\n</summary>"
    },
    "16": {
      "summary": "<summary>\nThe page discusses the impact of workforce automation on American workers, highlighting that 6% of Americans have either lost a job or had their pay or hours reduced due to automation. The survey reveals that young adults, specifically those aged 18-24, are disproportionately affected, with 6% having lost a job and 11% experiencing reduced pay or hours. Additionally, part-time workers are more likely to report job loss due to automation compared to full-time workers. The data also shows that nearly one-in-five Americans know someone who has been impacted by automation.\n\n<figure_summary>Figure 1: A bar chart illustrating the percentage of U.S. adults in various demographic groups who have lost a job or had their pay or hours reduced due to automation. The chart breaks down the data by age, race/ethnicity, income level, and employment status, showing higher impacts among younger individuals, certain racial/ethnic groups, lower-income brackets, and part-time workers.</figure_summary>\n\nNote: The source of the data is a Pew Research Center survey conducted May 1-15, 2017, titled \"Automation in Everyday Life.\"\n</summary>"
    },
    "17": {
      "summary": "<summary>\nThe page discusses the impact of automation technology on workers, focusing on job losses, reduced pay or hours, and the differing experiences across demographic groups. It highlights that 8% of part-time workers have had their pay or hours reduced due to automation, compared to 4% of full-time workers. Hispanics are more affected, with 9% experiencing pay or hour reductions, compared to 3% of whites and blacks. Lower-income Americans (earning less than $30,000 annually) are also disproportionately impacted, with 4% losing jobs and 6% experiencing pay or hour reductions due to automation, compared to only 1% and 3%, respectively, among those earning $75,000 or more. Workers personally impacted by automation express significantly more pessimistic views about technology's effect on their careers. They are more likely to feel that technology has decreased opportunities for career advancement (46%) and made work less interesting (34%), compared to 11% of those unaffected. Additionally, impacted workers are more likely to report negative impacts from various technologies, including industrial robots (36%), smartphones (34%), email/social media (34%), self-service technologies (31%), scheduling software (21%), and word processing/spreadsheet software (20%).\n\nThere are no tables, figures, charts, or images present on this page.\n</summary>"
    },
    "18": {
      "summary": "<summary>\nThis page discusses Americans' attitudes toward a future where robots and computers can perform many human jobs. It highlights how advancements in automation, sensors, robotics, artificial intelligence, and machine learning could significantly disrupt traditional work modes, affecting both blue-collar and white-collar jobs. The text references studies estimating that up to half of U.S. employment is at risk due to computerization, citing research from Oxford University and McKinsey Global Institute. Additionally, it mentions expert predictions about the development of high-level machine intelligence within the next 45 years. The Pew Research Center survey aims to gauge public expectations and attitudes by presenting respondents with a scenario where advanced machines can perform most human jobs, moving beyond routine tasks.\n\n<image_summary>A sidebar titled \"Scenario: A future in which machines are able to do many jobs currently performed by humans\" provides a detailed description of the hypothetical situation survey respondents were asked to consider. This scenario outlines how new developments in robotics and computing may lead to machines performing most jobs currently done by humans.</image_summary>\n</summary>"
    },
    "19": {
      "summary": "<summary>\nThe page discusses Americans' perceptions of automation and its potential impact on jobs. It highlights that while most Americans consider the idea of machines performing human jobs plausible, they express more worry than enthusiasm about this development. They favor limiting machine use to dangerous or unhealthy tasks and support interventions like universal basic income or national service programs for displaced workers. Despite acknowledging risks for certain jobs, many workers remain unconcerned about automation affecting their own careers in their lifetimes.\n\nThe page also presents data showing that 85% of U.S. adults have heard or read about automation impacting employment, with 24% indicating significant exposure (\"a lot\"). A majority (77%) find the concept at least somewhat realistic, and one-fifth (20%) view it as extremely realistic. Conversely, only 33% are enthusiastic about automation, with just 6% being very enthusiastic, compared to 72% who express some level of worry, including 25% who are very worried.\n\nThose with higher awareness of automation tend to perceive it as more realistic and show greater enthusiasm. For instance, nearly half (48%) of those who have heard \"a lot\" about automation believe it will be extremely realistic for machines to perform many human jobs.\n\n<figure_summary>Figure 1: This bar chart illustrates the percentage of U.S. adults who have heard, read, or thought about the idea of robots and computers doing many human jobs. It shows that 24% have heard \"a lot,\" 61% have heard \"a little,\" and 14% have not heard anything at all.</figure_summary>\n\n<figure_summary>Figure 2: This bar chart depicts how realistic U.S. adults find the concept of machines performing many human jobs. It indicates that 20% find it \"extremely\" realistic, 57% find it \"somewhat\" realistic, 17% find it \"not very\" realistic, and 5% find it \"not at all\" realistic.</figure_summary>\n\nNote: The survey data was collected by Pew Research Center between May 1-15, 2017, as part of the \"Automation in Everyday Life\" study.\n</summary>"
    },
    "20": {
      "summary": "<summary>\nThe page discusses public attitudes toward automation, specifically regarding robots and computers taking over many human jobs. It highlights that while awareness of this concept varies, those with higher levels of familiarity express both enthusiasm and worry in equal measure. For instance, among highly aware Americans, 47% feel enthusiastic about machines doing many human jobs, compared to 48% who are worried. The survey also reveals that roughly three-quarters of Americans across all levels of awareness (from high to none) express some level of worry about the future implications of automation. Additionally, around three-quarters of Americans expect increased inequality if machines take over many jobs, while only one-quarter believe it will create new, better-paying jobs for humans.\n\n<table_summary>\nTable 1: This table presents the percentage of U.S. adults who express different levels of enthusiasm (\"Very,\" \"Somewhat,\" \"Not too,\" \"Not at all\") versus worry (\"Very,\" \"Somewhat,\" \"Not too,\" \"Not at all\") about the possibility of machines doing many human jobs. Enthusiasm is expressed by 6% \"Very\" and 27% \"Somewhat,\" while worry is expressed by 25% \"Very\" and 48% \"Somewhat.\" The data underscores a higher prevalence of worry compared to enthusiasm.\n</table_summary>\n\n<figure_summary>\nFigure 1: This bar chart illustrates how familiarity with the concept of machines taking over human jobs correlates with perceptions of realism, enthusiasm, and worry. Among those who have heard a lot about the concept, 48% find it extremely realistic, 47% are very/somewhat enthusiastic, and 76% are very/somewhat worried. Similar trends are observed among those who have heard a little or nothing about the concept, though the percentages vary slightly.\n</figure_summary>\n\nNote: Both the table and figure are based on a Pew Research Center survey conducted May 1-15, 2017, titled \"Automation in Everyday Life.\"\n</summary>"
    },
    "21": {
      "summary": "<summary>\nThe page discusses public perceptions of the potential impacts of widespread automation on jobs in the United States. It highlights that Americans generally expect more negative than positive outcomes from increased automation. Specifically, 76% believe it will lead to greater economic inequality, and 64% think people will have difficulty finding meaningful activities. Only 25% anticipate the creation of many new, well-paying jobs for humans. The survey also reveals skepticism about positive outcomes, such as increased economic efficiency (43%) or more fulfilling work (40%), with majorities viewing these as unlikely.\n\n<table_summary>\nThe table presents survey results showing the percentage of U.S. adults who believe various possible outcomes of widespread automation are likely or not likely. Negative outcomes include increased economic inequality (76% likely) and difficulty finding things to do (64% likely). Positive outcomes, such as improved economic efficiency (43% likely) and more meaningful jobs (40% likely), are viewed less favorably by the public.\n</table_summary>\n\n<note>\nThe note indicates that respondents who did not provide an answer are excluded from the data. The survey was conducted by Pew Research Center between May 1-15, 2017, as part of the \"Automation in Everyday Life\" study.\n</note>\n</summary>"
    },
    "22": {
      "summary": "<summary>\nThe page discusses public opinion on policies related to workforce automation, specifically focusing on limiting robots and computers to \"dangerous and dirty\" jobs and supporting policy solutions like a universal basic income or national service program for displaced workers. The survey reveals strong public support for restricting automation to hazardous tasks, with 85% of U.S. adults favoring this policy, including nearly half who strongly support it. Other policies, such as paying extra for human interaction in transactions, providing a guaranteed income, or creating a national service program, also receive majority support but at lower levels compared to the restriction policy. Opposition to government job- and income-supporting programs is notably higher than opposition to limiting automation to dangerous jobs.\n\n<figure_summary>Figure 1: A bar chart showing the percentage of U.S. adults who would oppose, favor, or strongly favor four different policies related to workforce automation. The policies include limiting machines to dangerous or unhealthy jobs, allowing people to pay extra for human interaction, offering a guaranteed income, and creating a national service program. The chart highlights that the highest support is for limiting machines to dangerous jobs, with 47% strongly favoring this policy.</figure_summary>\n\nNote: The survey was conducted by Pew Research Center between May 1-15, 2017, as part of the \"Automation in Everyday Life\" study.\n</summary>"
    },
    "23": {
      "summary": "<summary>\nThe page discusses Americans' views on policies related to automation and job displacement, focusing on political affiliation and educational attainment. Democrats and Democratic-leaning independents are significantly more supportive than Republicans and Republican-leaning independents regarding a universal basic income (77% vs. 38%) and a national service program (66% vs. 46%) in the event of widespread job losses due to automation. There is no major partisan difference in support for limiting machines to dangerous or unhealthy jobs or allowing people to pay extra to interact with humans in commercial transactions. Educational attainment also influences opinions, with higher support for a national service program among those with lower levels of education (69% for high school diplomas or less, 58% for some college experience) compared to those with four-year degrees (45%). Similarly, workers with lower education levels are more likely to favor a universal basic income, though by a smaller margin.\n\n<figure_summary>Figure 1: A horizontal bar chart comparing the percentage of U.S. adults who would favor various policies in the event of widespread job losses due to automation. The chart contrasts the views of Democrats/lean Democrats (blue bars) and Republicans/lean Republicans (red bars). Key findings include: 85% of Democrats vs. 86% of Republicans favor limiting machines to doing dangerous or unhealthy jobs only; 77% of Democrats vs. 38% of Republicans favor a guaranteed basic income for all citizens; 66% of Democrats vs. 46% of Republicans favor a national service program for displaced workers; and 63% of Democrats vs. 61% of Republicans favor allowing people to pay extra to interact with humans in commercial transactions.</figure_summary>\n\nNote: The survey data was collected by Pew Research Center between May 1-15, 2017, as part of the \"Automation in Everyday Life\" study.\n</summary>"
    },
    "24": {
      "summary": "<summary>\nThe page discusses public opinion on the responsibilities of government versus individuals in caring for workers displaced by automation, as well as views on limiting job automation by businesses. The public is evenly divided on whether the government or individuals should take primary responsibility for displaced workers, with 50% believing the government has an obligation to care for them, even if it means raising taxes substantially, and 49% believing individuals have an obligation to care for their own well-being, even if machines have taken many jobs. There is more support for placing limits on how many human jobs businesses can replace with machines, with 58% of Americans favoring such limits, while 41% believe businesses are justified in replacing humans if machines can do the job better and at lower cost. Partisan and educational divisions are evident in these opinions.\n\n<table_summary>\nThe first table shows the percentage of U.S. adults in various demographic groups who agree with the statement that the government has an obligation to take care of displaced workers, even if it means raising taxes substantially, compared to those who believe individuals have an obligation to care for their own well-being, even if machines have already taken many jobs. For example, 50% of all U.S. adults agree with the government's obligation, while 49% agree with individual responsibility. Among college graduates, 45% support the government's role, while 54% believe individuals are responsible. High school graduates or less are more likely to support the government's role (53%) than individual responsibility (45%). Republicans/lean Republican respondents are significantly more likely to believe individuals are responsible (68%) than Democrats/lean Democratic respondents (34%), who are more supportive of the government's role (65%).\n</table_summary>\n\n<table_summary>\nThe second table presents data on the percentage of U.S. adults in different demographic groups who agree with the statement that there should be limits on the number of jobs businesses can replace with machines, even if they are better and cheaper than humans, compared to those who believe businesses are justified in replacing human workers if machines can do the job better and at lower cost. Overall, 58% of U.S. adults support limits on job automation, while 41% believe businesses are justified in replacing humans. College graduates are split, with 41% supporting limits and 59% believing businesses are justified. High school graduates or less are more likely to support limits (70%) than to believe businesses are justified (27%). Democrats/lean Democratic respondents are more supportive of limits (60%) than Republicans/lean Republican respondents (54%), who are more inclined to believe businesses are justified (44%).\n</table_summary>\n\nNote: The survey was conducted by the Pew Research Center between May 1-15, 2017, as part of the \"Automation in Everyday Life\" study.\n</summary>"
    },
    "25": {
      "summary": "<summary>\nThe page discusses public attitudes toward government responsibility in addressing job displacement caused by automation, focusing on partisan differences and educational levels. Democrats and Democratic-leaning independents (65%) believe the government has an obligation to care for displaced workers, even if it means higher taxes, while Republicans and Republican-leaning independents (68%) favor individual responsibility. Despite this divide, there is alignment across parties regarding limits on business automation; 54% of Republicans and 60% of Democrats support limiting how many human jobs businesses can replace with machines. Educational attainment influences views on limiting automation: those with lower education levels (70%) are more supportive of such limits compared to those with college degrees (41%). The page also highlights public perceptions of job vulnerability to automation, noting that most Americans view their own jobs as relatively safe despite recognizing varying risks across different occupations.\n\nThere are no tables, figures, or images present on this page.\n</summary>"
    },
    "26": {
      "summary": "<summary>\nThe page discusses public perceptions of job automation in the United States, based on a Pew Research Center survey conducted in May 2017. A significant majority of Americans believe that jobs like fast food workers (77%) and insurance claims processors (65%) are likely to be replaced by robots or computers during their lifetimes. Opinions are more divided regarding software engineers and legal clerks, while professions such as nursing and teaching are seen as less vulnerable to automation. Only 4% of Americans think nursing will be replaced by robots or computers, while 34% believe it is not at all likely. The survey also highlights that most workers (70%) are confident their own jobs will remain human-performed, with only 7% viewing their professions as very likely to be automated.\n\n<figure_summary>Figure 1: Bar chart showing the percentage of U.S. adults who believe various jobs are likely to be replaced by robots or computers. The chart includes categories such as fast food workers, insurance claims processors, software engineers, legal clerks, construction workers, teachers, and nurses. It also includes \"own job or profession\" for employed respondents. The data is segmented into four likelihood categories: \"Not at all,\" \"Not very,\" \"Somewhat,\" and \"Very\" likely, with corresponding percentages for each job category.</figure_summary>\n\nNote: The data for \"own job or profession\" is limited to currently employed individuals, and non-responses are excluded. The source is the Pew Research Center's \"Automation in Everyday Life\" survey.\n</summary>"
    },
    "27": {
      "summary": "<summary>\nThe page discusses workers' perceptions of job automation risks across different industry sectors in the U.S. It highlights that while most workers believe their jobs are unlikely to be automated during their lifetimes, certain industries perceive higher risks. Specifically, workers in hospitality, retail, banking/finance, insurance, accounting, and real estate sectors are more likely to feel their jobs are at risk of automation compared to those in education, where only 18% of workers consider their jobs to be at risk. Additionally, the page notes that workers with higher levels of educational attainment (e.g., college degrees) are less likely to fear job automation, with just 22% expecting their jobs to be done by robots or computers, compared to 33% of those with some college experience and 36% of those with high school diplomas or less.\n\n<figure_summary>Figure 1: A horizontal bar chart showing the percentage of U.S. workers in various industry sectors who believe their jobs will be mostly done by robots or computers in their lifetime. The chart compares \"Not Likely\" (green bars) and \"Likely\" (blue bars) responses. Key findings include: Hospitality/service (58% Not Likely, 42% Likely), Retail (59% Not Likely, 41% Likely), Banking/finance/insurance/accounting/real estate (59% Not Likely, 41% Likely), Government/public administration/military (72% Not Likely, 28% Likely), Information/technology (73% Not Likely, 27% Likely), Manufacturing/construction (74% Not Likely, 26% Likely), Health care (76% Not Likely, 24% Likely), and Education (82% Not Likely, 18% Likely).</figure_summary>\n\nNote: The data is based on a survey conducted by Pew Research Center among full-time or part-time employed U.S. adults in May 2017, titled \"Automation in Everyday Life.\"\n</summary>"
    },
    "28": {
      "summary": "<summary>\nThis page from a Pew Research Center report discusses how Americans who have been personally impacted by workforce automation have distinct attitudes toward a future where machines perform many human jobs. The text highlights that this group, comprising 6% of U.S. adults, has experienced job loss or reduced pay due to automation and holds notably different views compared to the rest of the population. They are more likely to have heard about the concept of machines doing human jobs, view it as extremely realistic, and support universal basic income in case of widespread automation. Additionally, they perceive greater risk to jobs traditionally considered safe, such as teaching and nursing, and are more optimistic about the likelihood of their own professions being automated in the future.\n\n<figure_summary>Figure 1: A horizontal bar chart comparing the responses of U.S. adults who have been impacted by automation versus those who have not. It shows percentages for four categories: \"Have heard a lot about concept,\" \"Strongly favor universal income if machines take most jobs,\" \"View concept as extremely realistic,\" and \"Very enthusiastic about concept.\" Impacted individuals show higher percentages across all categories.</figure_summary>\n\n<figure_summary>Figure 2: Another horizontal bar chart showing the likelihood that certain jobs will be done by machines in the future, comparing \"Impacted by automation\" and \"Not impacted\" groups. Jobs include \"Own jobs or professions,\" \"Teachers,\" and \"Nurses.\" Impacted individuals are significantly more likely to believe their own jobs or professions will be automated, with 57% seeing it as very or somewhat likely, compared to 28% of those not impacted.</figure_summary>\n\nThe data is sourced from a survey conducted May 1-15, 2017, as part of the Pew Research Center's study on \"Automation in Everyday Life.\"\n</summary>"
    },
    "29": {
      "summary": "<summary>\nThe page discusses public perceptions of automation and its potential impacts on various aspects of life over the next two decades. Despite concerns about job risks, a significant portion of Americans remain optimistic about the benefits of automation, such as increased economic efficiency and new job opportunities. The section highlights that roughly eight-in-ten Americans believe it is likely that doctors will use computer programs to diagnose and treat most diseases within the next 20 years, with smaller majorities expecting full automation in stores and deliveries by robots or drones. Conversely, fewer Americans anticipate widespread adoption of 3D printing for common products at home.\n\n<figure_summary>Figure 1: A bar chart titled \"Americans see a wide range of advances coming to pass in the next 20 years,\" showing percentages of U.S. adults who expect certain technological advancements. The chart includes four scenarios: \n1. Doctors using computer programs to diagnose and treat most diseases.\n2. Most stores being fully automated with little human interaction.\n3. Most deliveries in cities being made by robots or drones.\n4. People creating most products at home using 3D printers. \nEach scenario is categorized into responses of \"Definitely will not,\" \"Probably will not,\" \"Probably will,\" and \"Definitely will.\" For example, 58% of respondents think doctors will \"Probably will\" use computer programs, while only 7% believe people will \"Definitely will\" create products at home using 3D printers.</figure_summary>\n\nNote: The data is sourced from a Pew Research Center survey conducted May 1-15, 2017, titled \"Automation in Everyday Life.\"\n</summary>"
    },
    "30": {
      "summary": "<summary>\nThis page discusses Americans' attitudes toward driverless vehicles, highlighting both the potential benefits and concerns surrounding this technology. The text emphasizes that while driverless vehicles offer significant advantages such as reducing traffic accidents, enabling more pedestrian-friendly cities, and improving mobility for the elderly and disabled, they also pose economic challenges for those whose livelihoods depend on driving. The Pew Research Center survey reveals that most Americans are somewhat familiar with the development of driverless vehicles, and a majority expect them to become widespread in the next half-century. However, over half of the public would not want to ride in a driverless vehicle today, expressing concerns about entrusting life-or-death decisions to machines. Despite these reservations, many support policies to restrict or limit the use of this technology.\n\nThe page includes two bar charts summarizing survey data:\n\n<table_summary>\n**Chart 1:** This chart shows the percentage of U.S. adults who have heard a lot, a little, or nothing at all about the effort to develop driverless vehicles. According to the data:\n- 35% have heard a lot.\n- 59% have heard a little.\n- 6% have heard nothing at all.\n</table_summary>\n\n<figure_summary>\n**Chart 2:** This chart illustrates the perceptions of those who have heard at least a little about the effort to develop driverless vehicles. It breaks down their views as mostly negative, a mix of positive and negative, or mostly positive:\n- 12% view it as mostly negative.\n- 66% view it as a mix of positive and negative.\n- 22% view it as mostly positive.\n</figure_summary>\n\nThe survey notes that awareness of driverless vehicles is high across demographic groups, though men and college graduates are more likely than women and those with lower education levels to have heard \"a lot\" about the topic. The source of the data is a Pew Research Center survey conducted from May 1–15, 2017, titled \"Automation in Everyday Life.\"\n</summary>"
    },
    "31": {
      "summary": "<summary>\nThis page from the Pew Research Center discusses public sentiment regarding driverless vehicles. It highlights that among those familiar with the topic, a majority (66%) have been exposed to mixed positive and negative coverage about the impact of driverless vehicles. A smaller portion (22%) has heard mostly positive things, while 12% have heard mostly negative things. Those who closely follow the issue are more likely to have encountered positive coverage. The survey reveals that Americans express more worry than enthusiasm about driverless vehicles: 54% are worried, compared to 40% who are enthusiastic. Notably, men are slightly more likely than women to be enthusiastic, while women are more likely to express worry. College graduates and younger individuals show higher levels of enthusiasm compared to others, but overall, only around half of college graduates and those aged 18-49 describe themselves as enthusiastic.\n\n<figure_summary>Figure 1: This bar chart illustrates the level of enthusiasm versus worry among U.S. adults regarding the development of driverless vehicles. The chart shows percentages for \"Very,\" \"Somewhat,\" \"Not too,\" and \"Not at all\" categories for both \"Enthusiastic\" and \"Worried.\" For example, 11% are very enthusiastic, 28% are somewhat enthusiastic, 38% are not too enthusiastic, and 22% are not at all enthusiastic. Similarly, 14% are very worried, 39% are somewhat worried, 35% are not too worried, and 11% are not at all worried.</figure_summary>\n\nNote: The survey was conducted from May 1-15, 2017, as part of the \"Automation in Everyday Life\" study.\n</summary>"
    },
    "32": {
      "summary": "<summary>\nThe page discusses public opinion on the timeline for autonomous vehicles and Americans' willingness to ride in them. A majority of Americans (56%) believe most vehicles will become autonomous within the next 10 to 49 years, while 9% expect it to happen in fewer than 10 years. Conversely, 8% believe this will never happen. Regarding willingness to ride in driverless vehicles, just over half (56%) of Americans say they would not want to do so, citing concerns about trust in robotic decision-making and general safety. This ambivalence is consistent with findings from a Pew Research Center survey conducted in 2014.\n\n<figure_summary>Figure 1: A bar chart showing the percentage of U.S. adults who anticipate different timeframes for most vehicles becoming driverless. The chart indicates that 56% expect it to take 10 to less than 50 years, 23% expect it to take 50 to less than 100 years, 9% expect it to take less than 10 years, 5% expect it to take 100+ years, and 8% believe it will never happen.</figure_summary>\n\nNote: Respondents who did not provide an answer are excluded from the data. The source of the survey is the Pew Research Center, conducted between May 1-15, 2017, as part of the \"Automation in Everyday Life\" study.\n</summary>"
    },
    "33": {
      "summary": "<summary>\nThe page discusses the varying levels of interest in riding in autonomous vehicles among different demographic groups in the U.S., based on data from a Pew Research Center survey conducted in May 2017. Interest is higher among men, younger adults (under 50), those with higher education levels, and urban residents compared to women, older adults, those with lower education, and rural residents. Familiarity with driverless vehicles significantly influences willingness to ride them; 57% of those highly familiar would ride one, compared to just 23% of those unfamiliar. Respondents who are not interested in autonomous vehicles cite concerns about trust, control, and safety, with many expressing doubts about machines handling unpredictable driving situations. Direct quotes from respondents highlight their apprehensions about ceding control and potential malfunctions.\n\n<figure_summary>Figure 1: A bar chart titled \"Certain groups more interested in riding in a driverless vehicle\" shows the percentage of U.S. adults who say they would want to ride in a driverless car if given the opportunity, broken down by gender, age, education level, and urban/rural residence. Key findings include higher interest among men (53%), younger adults (ages 18-49 at 51%), college graduates (56%), and urban residents (52%). Conversely, interest is lower among women (35%), older adults (ages 50+ at 35%), those with less education (high school or less at 33%), and rural residents (36%). The source is noted as the Pew Research Center's \"Automation in Everyday Life\" survey.</figure_summary>\n\n</summary>"
    },
    "34": {
      "summary": "<summary>\nThe page discusses public opinion on driverless vehicles based on a Pew Research Center survey conducted in May 2017. It highlights that a slight majority of U.S. adults (56%) would not want to ride in a driverless vehicle, while 44% would. Key concerns among those who oppose include safety worries (30%), distrust in giving up control (42%), and enjoyment of driving. Among those willing to ride, the primary motivation is the belief that it would be cool (37%). The page also includes quotes from individuals expressing their views on driverless technology, emphasizing both excitement and apprehension.\n\n<figure_summary>Figure 1: A bar chart showing the percentage of U.S. adults who would or would not want to ride in a driverless vehicle. The chart indicates that 44% would want to ride, while 56% would not. It further breaks down reasons for both groups, such as \"Just for the experience/think it would be cool\" (37%) for those who would ride and \"Don't trust it/worried about giving up control\" (42%) for those who would not.</figure_summary>\n\nNote: The survey data reveals nuanced attitudes toward driverless vehicles, with safety and trust being significant barriers to adoption, while curiosity and convenience drive interest among supporters.\n</summary>"
    },
    "35": {
      "summary": "<summary>\nThe page discusses public attitudes toward autonomous vehicles, focusing on the reasons why some individuals are enthusiastic about riding in driverless cars. The text includes several quotes from respondents who express excitement, curiosity, and a desire for novel experiences. For example, one respondent mentions the thrill of feeling like they are living in \"the future,\" while another highlights curiosity about how machines interpret situations differently from humans. Additionally, 17% of the group surveyed believe that autonomous vehicles will be safer than those driven by humans, citing reasons such as the absence of human emotions like road rage or impatience. Concerns about drunk driving, distracted driving, and unsafe road behavior are also mentioned as motivations for preferring autonomous vehicles. The quotes provide diverse perspectives, ranging from technological fascination to safety concerns.\n\nThere are no tables, figures, charts, or images on this page. The content is entirely textual, relying on direct quotations and explanatory paragraphs to convey the information.\n</summary>"
    },
    "36": {
      "summary": "<summary>\nThe page discusses public perceptions and attitudes toward autonomous vehicles, focusing on safety concerns and expectations regarding traffic fatalities. It highlights that many Americans believe driverless vehicles could reduce accidents by eliminating human error but also express reservations about sharing the road with them. A significant portion of respondents anticipate a decrease in traffic deaths if driverless vehicles become widespread, while others are uncertain or expect an increase. The page also notes that people are more comfortable with driverless passenger vehicles than with autonomous freight trucks.\n\n<figure_summary>Figure 1: A pie chart illustrating U.S. adults' opinions on whether the number of people killed or injured in traffic accidents will increase, decrease, or stay the same if driverless vehicles become widespread. The chart shows 39% expecting a decrease, 30% expecting an increase, and 31% expecting no change.</figure_summary>\n\nThe page includes quotes from individuals expressing optimism about the safety and convenience of automated driving, emphasizing reduced human error and increased efficiency. It also mentions practical benefits such as the ability to sleep, work, or relax during travel, along with concerns about personal safety when sharing the road with autonomous vehicles.\n</summary>"
    },
    "37": {
      "summary": "<summary>\nThe page discusses public perceptions and attitudes toward autonomous vehicles, focusing on safety concerns and support for regulations governing their use. It highlights that nearly one-in-five Americans (17%) would feel unsafe in certain situations involving driverless vehicles. The public strongly supports several rules and restrictions, such as requiring a human in the driver's seat who can take control in emergencies (87% favor), mandating dedicated lanes for driverless vehicles (83% favor), and restricting them from traveling near sensitive areas like schools (69% favor). Despite these concerns, Americans anticipate positive impacts from widespread adoption, such as helping elderly and disabled individuals live more independent lives (75% believe this is likely).\n\n<figure_summary>Figure 1: A bar chart showing the percentage of U.S. adults who feel safe sharing the road with driverless passenger vehicles and driverless freight trucks. For passenger vehicles, 11% feel \"Very safe,\" 37% feel \"Somewhat safe,\" 35% feel \"Not too safe,\" and 17% feel \"Not at all safe.\" For freight trucks, 8% feel \"Very safe,\" 26% feel \"Somewhat safe,\" 33% feel \"Not too safe,\" and 32% feel \"Not at all safe.\"</figure_summary>\n\n<figure_summary>Figure 2: A bar chart illustrating public support for various policies regulating driverless vehicles. For requiring a person in the driver's seat, 3% strongly oppose, 10% oppose, 34% favor, and 53% strongly favor. For requiring dedicated lanes, 5% strongly oppose, 12% oppose, 36% favor, and 47% strongly favor. For restricting travel near sensitive areas, 7% strongly oppose, 24% oppose, 35% favor, and 34% strongly favor.</figure_summary>\n\nNote: Both figures are based on a survey conducted by Pew Research Center between May 1-15, 2017, as part of the \"Automation in Everyday Life\" study.\n</summary>"
    },
    "38": {
      "summary": "<summary>\nThe page discusses public perceptions regarding the anticipated impacts of driverless vehicles in the U.S., highlighting both positive and negative outcomes. It notes that while many Americans expect benefits such as increased independence for elderly and disabled individuals (75% likelihood), there is also widespread concern about job losses for drivers (81% likelihood). The survey reveals conflicting views on car ownership, with 70% believing most people will never learn to drive if driverless vehicles become widespread, yet only 43% expecting cars to become less important. The data is sourced from a Pew Research Center survey conducted in May 2017.\n\n<figure_summary>Figure 1: A horizontal bar chart illustrating the percentage of U.S. adults who anticipate various positive, negative, and neutral outcomes if driverless vehicles become widespread. Positive outcomes include increased independence for elderly and disabled individuals (75% likely) and reduced traffic in major cities (28% likely). Negative outcomes include job losses for drivers (81% likely). Neutral outcomes include most people not learning to drive (70% likely) and owning a car becoming less important (43% likely).</figure_summary>\n\nNote: The survey results show a mix of optimism and apprehension among Americans regarding the future of driverless vehicles, with significant demographic agreement across various groups.\n</summary>"
    },
    "39": {
      "summary": "<summary>\nThe page discusses the differing views and attitudes toward driverless vehicles among Americans, based on a survey conducted by the Pew Research Center. It highlights that those who are enthusiastic about using driverless vehicles have significantly more positive views and lower levels of concern compared to those who are hesitant. Enthusiasts express greater optimism regarding the benefits of autonomous technology, such as increased independence for the elderly and disabled, reduced traffic accidents, and improved traffic flow in cities. They also feel safer sharing roads with both passenger and freight driverless vehicles. In contrast, they are less likely to support restrictive rules or policies for driverless vehicles compared to those who are hesitant.\n\n<figure_summary>Figure 1: A horizontal bar chart comparing the percentage of U.S. adults who hold various positive and negative views/attitudes about driverless vehicles, divided into two groups: those who would not ride in a driverless vehicle and those who would. Positive views include expectations of benefits like increased independence for the elderly, safety while sharing roads, enthusiasm for widespread use, and reduction in traffic injuries/deaths. Negative views include concerns about widespread use, favoring human control in emergencies, restricting travel to dedicated lanes, and limiting access to certain areas. The chart visually emphasizes the stark differences in opinions between the two groups.</figure_summary>\n\nSource: Survey conducted May 1-15, 2017, titled \"Automation in Everyday Life\" by the Pew Research Center.\n</summary>"
    },
    "40": {
      "summary": "<summary>\nThis page discusses Americans' attitudes toward robot caregivers in the context of an aging population and a shortage of human caregivers. It highlights the projected increase in the older adult population globally, citing the Bureau of Labor Statistics' estimate of over 800,000 new home health and personal care aides needed between 2014 and 2024 in the U.S. alone. The text explains that these jobs are often physically demanding, low-paying, and risky, contributing to a caregiver shortage. The survey explores how robots and automation could address this issue by providing a scenario of a robot caregiver capable of performing household chores, medical tasks, and companionship. Most Americans find the concept realistic but express mixed feelings of worry and enthusiasm about its potential impacts, such as reducing caregiving burdens while potentially increasing isolation among older adults.\n\n<image_summary>A boxed section titled \"Scenario: Robot caregiver\" provides a detailed description of the robot's capabilities, including 24-hour assistance with household chores, medical monitoring, emergency response, and conversational skills for companionship.</image_summary>\n</summary>"
    },
    "41": {
      "summary": "<summary>\nThe page discusses public awareness and reactions to the development of robot caregivers for the elderly in the United States. It highlights that most Americans (65%) are unaware of such efforts, while only 6% have heard a lot about them. Despite low awareness, a majority (59%) view the concept as realistic, with 10% considering it extremely realistic. The concept elicits mixed emotions: 44% of Americans express at least some enthusiasm, while 47% express worry. Older adults (ages 50 and up) show slightly lower levels of enthusiasm compared to younger adults (ages 18–49), with 38% feeling enthusiastic versus 49%.\n\n<table_summary>\nTable 1: This table shows the percentage of U.S. adults who have heard nothing, a little, or a lot about the concept of fully autonomous robot caregivers for older adults. It indicates that 65% have heard nothing at all, 29% have heard a little, and only 6% have heard a lot.\n</table_summary>\n\n<figure_summary>\nFigure 1: This bar chart illustrates how realistic U.S. adults perceive the concept of robot caregivers. It shows that 10% find it extremely realistic, 49% somewhat realistic, 29% not very realistic, and 11% not at all realistic.\n</figure_summary>\n\n<figure_summary>\nFigure 2: This stacked bar chart compares the levels of enthusiasm and worry among U.S. adults regarding robot caregivers. For enthusiasm, 9% feel very enthusiastic, 35% somewhat enthusiastic, 38% not too enthusiastic, and 18% not at all enthusiastic. For worry, 14% feel very worried, 33% somewhat worried, 43% not too worried, and 10% not at all worried.\n</figure_summary>\n\nNote: Both tables and figures are based on survey data conducted by Pew Research Center from May 1–15, 2017, as part of the \"Automation in Everyday Life\" study. Respondents who did not provide an answer are excluded from the results.\n</summary>"
    },
    "42": {
      "summary": "<summary>\nThe page discusses public interest in robot caregivers based on a Pew Research Center survey. It highlights that roughly four-in-ten Americans (41%) would be interested in having a robot caregiver for themselves or a family member, while 59% would not. Interest varies by demographic factors: men (48%), whites (43%), Hispanics (45%), and college graduates (51%) show higher interest compared to women (34%), blacks (27%), and those with less education. Familiarity with the concept also influences interest, with 70% of those highly familiar expressing interest, compared to 48% of those with limited knowledge and 35% of those unfamiliar.\n\n<figure_summary>Figure 1: Bar chart showing the percentage of U.S. adults in various demographic groups who would be interested in a robot caregiver. The chart includes data for gender, race/ethnicity, age, and education level, illustrating differences in interest across these categories.</figure_summary>\n\nNote: The survey was conducted from May 1-15, 2017, as part of the \"Automation in Everyday Life\" study.\n</summary>"
    },
    "43": {
      "summary": "<summary>\nThis page from the Pew Research Center discusses public opinion on robot caregivers in the United States. It highlights that 41% of Americans would be interested in using a robot caregiver, citing motivations such as reducing the burden on family members and improving the quality of care. The page includes quotes from individuals expressing both positive and negative views about robot caregivers. Positive perspectives emphasize reliability, lack of bias, and around-the-clock availability, while negative views focus on the absence of human touch and potential errors.\n\n<figure_summary>Figure 1: A bar chart showing the percentage of U.S. adults who would/would not be interested in a robot caregiver. Among those who say \"yes,\" the top reasons include reducing the burden on family (21%) and providing better quality of care (21%). Among those who say \"no,\" the primary concern is the lack of human touch or interaction (54%). Other reasons for interest or disinterest are also listed with corresponding percentages.</figure_summary>\n\nThe page notes that verbatim responses were categorized, and respondents could provide multiple reasons, which may explain why some percentages exceed 100%. The survey was conducted between May 1-15, 2017, as part of the Pew Research Center's study on \"Automation in Everyday Life.\"\n</summary>"
    },
    "44": {
      "summary": "<summary>\nThe page discusses various perspectives on the potential benefits of robot caregivers, as reported by individuals who have experienced caregiving responsibilities. The quotes highlight the emotional and physical strain of caregiving, emphasizing the appeal of robotic assistance in reducing uncertainty, providing consistent care, and alleviating the burden on family members. Key themes include the desire for peace of mind, the recognition of the heavy toll caregiving takes on both caregivers and those being cared for, and the preference for independent methods to avoid burdening others. The respondents express hope that robots could assist in caregiving while acknowledging the continued need for human involvement.\n\nThis page does not contain any tables, figures, charts, diagrams, or images. It focuses solely on textual quotes from individuals sharing their experiences and opinions regarding robot caregivers.\n</summary>"
    },
    "45": {
      "summary": "<summary>\nThe page discusses public perceptions regarding the potential benefits and drawbacks of robot caregivers for older adults, based on survey responses from the Pew Research Center. It highlights that 15% of respondents believe robots could help older adults maintain independence and stay in their homes longer. Quotes from participants emphasize the value of robots in providing care while preserving privacy and reducing the need for assisted living facilities. Additionally, some respondents express concerns about the lack of human touch and empathy that robots cannot replicate, with 54% of those opposed citing this as a primary reason. Other benefits mentioned include emergency readiness (8%), cost savings (5%), and feelings of safety or security (5%).\n\nThere are no tables, figures, charts, or images present on this page. The content relies solely on textual data and direct quotes from survey participants to convey the diverse perspectives on robot caregivers.\n</summary>"
    },
    "46": {
      "summary": "<summary>\nThe page discusses concerns about the increasing reliance on technology and automation, particularly in caregiving roles, as highlighted by various respondents. It emphasizes the importance of human interaction and the potential drawbacks of relying on robots for care. Key themes include the fear of losing one-on-one interactions due to automated systems, the reliability issues with robots, and the belief that caregiving is a personal responsibility best handled by humans. The quotes from different age groups illustrate diverse perspectives on the topic, ranging from older individuals worried about isolation to younger individuals questioning the emotional capabilities of robots.\n\nThere are no tables, figures, or images on this page. The content is entirely textual, focusing on direct quotes and statistical data to support the discussion.\n</summary>"
    },
    "47": {
      "summary": "<summary>\nThe page discusses public perceptions of robot caregivers in the United States, highlighting both positive and negative anticipated outcomes. Seven-in-ten Americans believe robot caregivers would help alleviate concerns about caring for aging relatives, while close to six-in-ten think they would make older adults feel more independent and self-sufficient. However, there are also significant concerns: nearly two-thirds (64%) worry that robot caregivers could lead to increased isolation among the elderly, and 42% fear that such robots might only be used by those who cannot afford human caregivers. Additionally, many Americans foresee older adults developing deeper bonds with robot caregivers, with 56% believing that many older adults would treat them like human companions. Opinions are relatively divided on whether robot caregivers would reduce the costs associated with elder care.\n\n<figure_summary>Figure 1: A horizontal bar chart showing percentages of U.S. adults who anticipate various possible positive, negative, and neutral outcomes of robot caregivers being developed. Positive outcomes include reduced worry for younger people (70% likely), increased independence for older adults (59% likely), and societal cost savings (51% likely). Negative outcomes include increased isolation for older adults (64% likely) and limited access due to affordability issues (42% likely). Neutral outcomes include older adults treating robots as human companions (56% likely).</figure_summary>\n\nNote: The survey data was collected by Pew Research Center between May 1-15, 2017, as part of the \"Automation in Everyday Life\" study.\n</summary>"
    },
    "48": {
      "summary": "<summary>\nThe page discusses Americans' attitudes toward robot caregivers, focusing on their comfort levels when a human remotely monitors the robots. It highlights that 48% of Americans feel better about the concept if a human can monitor the robot's actions via camera, while 20% feel worse, and 32% see no difference. Older Americans (ages 65 and older) are more likely to prefer this feature compared to younger adults (ages 18–29). The page also explores how views differ between those who would use robot caregivers and those who would not. Those interested in using robot caregivers have significantly more positive attitudes, such as expecting them to make older adults feel more independent (92%) and help society save money (74%), compared to those who are hesitant.\n\n<figure_summary>Figure 1: A horizontal bar chart comparing the views of U.S. adults who say they would or would not want to use a robot caregiver. The chart includes six categories: expectations regarding independence, worry about caring for aging relatives, realism of the concept, enthusiasm for the concept, treating the robot as a friend, and concerns about isolation. For example, 92% of those who would use a robot caregiver expect it to make older adults feel more independent, compared to 36% of those who would not.</figure_summary>\n\nThe data is sourced from a Pew Research Center survey conducted May 1–15, 2017, titled \"Automation in Everyday Life.\"\n</summary>"
    },
    "49": {
      "summary": "<summary>\nThe page discusses public opinion regarding the development of robot caregivers. It highlights that a significant majority of people are interested in this technology, while only 17% of those who would not be interested share that view. The content emphasizes the overall positive reception of robot caregivers for societal benefits.\n\nThere are no tables, figures, images, or other visual elements present on this page.\n</summary>"
    },
    "50": {
      "summary": "<summary>\nThis page discusses Americans' attitudes toward hiring algorithms, focusing on how automation and machine learning are increasingly being used by governments and commercial entities to make decisions with significant impacts on individuals, such as loan approvals and parole. The text highlights that while many Americans are familiar with automation in areas like e-commerce and streaming media, they are less aware of its application in decision-making processes like hiring. A survey conducted by Pew Research Center explores public sentiment regarding hiring algorithms, which would systematically review job applicants' resumes and test scores to rank and hire candidates based on standardized criteria. Despite some optimism about reduced bias, most respondents express concern that important qualities might be overlooked in this process.\n\n<figure_summary>Figure 1: Scenario Box - Hiring Algorithm</figure_summary>\nThe sidebar titled \"Scenario: Hiring algorithm\" provides a detailed description of the hypothetical scenario presented to survey respondents. It explains how future hiring processes could involve computer programs reviewing resumes and conducting standardized tests to assign scores, ultimately ranking and hiring candidates based on these scores, eliminating the need for human involvement in initial screening.\n\nNo other visual elements such as tables, images, or additional figures are present on this page.\n</summary>"
    },
    "51": {
      "summary": "<summary>\nThe page discusses Americans' awareness and attitudes toward computer programs used in hiring decisions without human involvement. It highlights that fewer than half of Americans are familiar with this concept, with 57% having heard nothing at all about it, while only 9% have heard a lot. A majority (59%) find the concept somewhat realistic, though only 12% view it as extremely realistic. Conversely, 28% think it is not very realistic, and 13% believe it is not at all realistic. Among those who have heard a lot about the concept, 87% find it at least somewhat realistic, with 45% finding it extremely realistic.\n\nThe page also explores Americans' enthusiasm and concerns regarding hiring algorithms. Only 3% express high levels of enthusiasm, while 28% are not enthusiastic at all. In contrast, 21% express high levels of worry, and 46% feel somewhat worried, indicating more concern than enthusiasm. These worries are widespread across various demographic groups.\n\n<table_summary>\n**Table 1:** This table shows the percentage of U.S. adults who have seen, heard, or thought about computer programs that can review job applicants without human involvement. It categorizes responses into \"A lot\" (9%), \"A little\" (34%), and \"Nothing at all\" (57%). Additionally, it presents how realistic respondents find the concept, with percentages for \"Extremely\" (12%), \"Somewhat\" (47%), \"Not very\" (28%), and \"Not at all\" (13%).\n</table_summary>\n\n<figure_summary>\n**Figure 1:** This bar chart illustrates the level of enthusiasm and worry among U.S. adults regarding the development of hiring algorithms. For enthusiasm, the categories are \"Very\" (3%), \"Somewhat\" (19%), \"Not too\" (49%), and \"Not at all\" (28%). For worry, the categories are \"Very\" (21%), \"Somewhat\" (46%), \"Not too\" (25%), and \"Not at all\" (7%).\n</figure_summary>\n\nNote: Both tables are based on survey data conducted by Pew Research Center between May 1-15, 2017, as part of the \"Automation in Everyday Life\" study.\n</summary>"
    },
    "52": {
      "summary": "<summary>\nThe page discusses Americans' attitudes toward applying for jobs where computer programs make hiring decisions. It highlights that most Americans (76%) would not want to apply for such jobs, expressing more worry than enthusiasm about this concept. Only 22% would be interested in applying if they knew an algorithm would evaluate them. The survey reveals demographic variations: younger adults (ages 18-29) are more receptive, with 37% willing to apply, compared to 21% of those aged 30-49 and 16% of those 50 and older. Men (27%) are slightly more open to applying than women (18%), as are college graduates (26%) compared to those with less education. The data comes from a Pew Research Center survey conducted May 1-15, 2017, titled \"Automation in Everyday Life.\"\n\n<figure_summary>Figure: Bar chart showing the percentage of U.S. adults who would personally want to apply for jobs using a computer program to make hiring decisions. The chart breaks down the data by gender, age groups, and educational attainment. Key findings include: 22% of all U.S. adults, 27% of men, 18% of women, 37% of ages 18-29, 21% of ages 30-49, 18% of ages 50-64, 13% of ages 65+, 26% of college graduates, 25% of those with some college, and 17% of those with a high school degree or less.</figure_summary>\n\n</summary>"
    },
    "53": {
      "summary": "<summary>\nThis page from the Pew Research Center discusses skepticism toward job applications evaluated by computer algorithms. It highlights two primary objections raised by skeptics: the inability of technology to capture the true nature of an applicant and concerns about the impersonal nature of the hiring process. The largest share (41%) believes that such programs overlook important intangible qualities, while another 20% worry about the impersonality of the process. The page includes quotes from respondents emphasizing the limitations of algorithms in measuring emotional intelligence and the value of face-to-face interactions. A bar chart illustrates the reasons why U.S. adults would or would not want to apply for jobs using hiring algorithms, showing that 22% would apply, primarily due to fairness and bias reduction, while 76% would not, citing concerns about the inability to capture all aspects of an applicant's qualifications and the impersonal nature of the process.\n\n<figure_summary>Figure 1: Bar chart showing the percentage of U.S. adults who would/would not want to apply for jobs using hiring algorithms. Among those who would apply, the top reason (35%) is that the process is more fair and less biased than human evaluations. Among those who would not apply, the most common reason (41%) is that computers cannot capture everything about an applicant.</figure_summary>\n\nThe source of the data is noted as a survey conducted by Pew Research Center from May 1-15, 2017, titled \"Automation in Everyday Life.\"\n</summary>"
    },
    "54": {
      "summary": "<summary>\nThis page from the Pew Research Center document discusses public opinions on the use of computer programs in the hiring process. It presents quotes from individuals expressing concerns about the lack of human interaction and the inability of algorithms to assess intangible qualities such as work ethic, dedication, integrity, and commitment level. Some respondents argue that relying solely on computers would miss out on understanding applicants' personalities and could lead to biased hiring decisions. However, others believe that computer algorithms could reduce human bias, especially in male-dominated professions, and provide a more objective assessment based on qualifications rather than appearance or other subjective factors. A smaller percentage of respondents worry about the potential for applicants to deceive or \"game\" the system or introduce new biases into the hiring process. Overall, the page highlights a divide in opinion regarding the role of technology in recruitment.\n\nThere are no tables, figures, or images on this page. The content is entirely textual, consisting of direct quotes and statistical insights provided by the Pew Research Center.\n</summary>"
    },
    "55": {
      "summary": "<summary>\nThe page discusses public perceptions regarding the effectiveness of computer programs in the hiring process compared to human decision-making. It highlights concerns about potential biases in traditional hiring processes and presents quotes from individuals expressing confidence in computer-based assessments for fairer evaluations. The majority of respondents believe that algorithms would perform worse than humans in several aspects of hiring, such as identifying candidates who fit company culture, have diverse backgrounds, or possess non-traditional work experience. However, there is a slightly more positive view regarding algorithms' ability to achieve staff diversity and select well-qualified applicants.\n\n<figure_summary>Figure 1: A bar chart showing the percentage of U.S. adults who think hiring algorithms would do a worse job than humans in various aspects of the hiring process. The chart includes categories such as \"Have diverse backgrounds,\" \"Are well qualified,\" \"Have non-traditional work experience,\" and \"Fit well with company’s culture.\" For each category, the percentages for \"Worse,\" \"Better,\" and \"About the same\" are displayed. Notably, large majorities (e.g., 42% and 58%) believe algorithms would do a worse job in some areas, while smaller shares (e.g., 27% and 13%) think they would perform better.</figure_summary>\n\nThe data is sourced from a Pew Research Center survey conducted between May 1-15, 2017, titled \"Automation in Everyday Life.\"\n</summary>"
    },
    "56": {
      "summary": "<summary>\nThe page discusses public perceptions of hiring algorithms compared to human decision-making in recruitment processes. It highlights that while some Americans believe computer programs could outperform humans in hiring candidates from diverse backgrounds (27%) or those with outstanding qualifications (25%), a majority think humans would perform better overall. The public's comfort level with hiring algorithms is closely linked to the degree of human involvement. Specifically, 57% of U.S. adults feel more positively about hiring algorithms if they are used only for initial screenings, followed by traditional face-to-face interviews. Older Americans (69% of those aged 65 and older) are particularly supportive of this hybrid approach. Conversely, the public views negatively the idea of algorithms using publicly available data, such as social media posts, for decision-making; 50% say it would make them feel worse, while only 19% view it positively.\n\n<figure_summary>Figure 1: A bar chart showing the percentage of U.S. adults who would feel \"worse,\" \"better,\" or \"no difference\" about computer programs evaluating job candidates under two scenarios: (1) when the program only conducts initial screenings and interviews are conducted traditionally, and (2) when the program uses publicly available data like social media posts. For the first scenario, 17% feel worse, 57% feel better, and 25% see no difference. For the second scenario, 50% feel worse, 19% feel better, and 29% see no difference.</figure_summary>\n\nNote: The survey was conducted by Pew Research Center between May 1-15, 2017, as part of the \"Automation in Everyday Life\" study.\n</summary>"
    },
    "57": {
      "summary": "<summary>\nThe page discusses attitudes toward hiring algorithms among U.S. adults, comparing those who would like to apply for jobs using such algorithms with those who would not. It highlights that individuals interested in applying for algorithm-based job opportunities have more positive views about the practice compared to those who are not interested. Key findings include higher percentages of those willing to apply believing the concept is realistic, expecting better performance in hiring well-qualified candidates and diverse backgrounds, and expressing enthusiasm about the technology. However, even this group remains relatively measured, with only about half (49%) showing enthusiasm and around one-third (35%) expressing worry.\n\n<figure_summary>Figure 1: A horizontal bar chart comparing the attitudes of U.S. adults who would and would not want to apply for jobs using hiring algorithms. The chart includes five categories: finding the concept realistic, expecting better performance in hiring well-qualified candidates, expecting better performance in hiring diverse candidates, being enthusiastic about the concept, and being worried about the concept. For example, 86% of those who would apply find the concept realistic, while only 52% of those who would not apply do. Similarly, 52% of those who would apply expect better performance in hiring well-qualified candidates, compared to 17% of those who would not apply.</figure_summary>\n\nSource: Survey conducted May 1-15, 2017, titled \"Automation in Everyday Life\" by the Pew Research Center.\n</summary>"
    },
    "58": {
      "summary": "<summary>\nThis page is an \"Acknowledgements\" section from a report by the Pew Research Center, highlighting the collaborative effort behind the research. It credits various individuals involved in different roles, including primary researchers, the research team, editorial and graphic design staff, communications and web publishing personnel, and outside advisors who provided guidance. The report emphasizes that while external experts contributed advice, the Pew Research Center retains sole responsibility for the data's design, interpretation, and reporting. A link to related reports is provided at pewresearch.org/internet.\n\nThere are no tables, figures, charts, diagrams, or images on this page. The focus is entirely on acknowledging the contributions of the individuals and teams involved in the project.\n\n</summary>"
    },
    "59": {
      "summary": "<summary>\nThis page discusses the methodology used in a Pew Research Center study, focusing on the American Trends Panel (ATP). The ATP is a nationally representative panel of U.S. adults recruited through landline and cellphone random-digit-dial surveys. Panelists participate in monthly self-administered web surveys, with those lacking internet access provided with tablets and wireless connections. The data for this report were collected from a survey conducted between May 1 and May 15, 2017, among 4,135 respondents, with a margin of sampling error of ±2.6 percentage points.\n\nThe ATP members were recruited from two large RDD surveys: the 2014 Political Polarization and Typology Survey (Jan. 23–Mar. 16, 2014) and the 2015 Survey on Government (Aug. 27–Oct. 4, 2015). From the first survey, 9,809 out of 10,013 respondents agreed to join the panel, while 2,976 out of 6,004 respondents from the second survey joined.\n\nThe ATP data underwent a multistep weighting process to ensure representativeness. This included adjustments for survey selection probability, propensity to join the panel, and alignment with population benchmarks such as gender, age, education, race, Hispanic origin, region, county-level population density, telephone service usage, volunteerism, and party affiliation. These benchmarks were derived from various sources, including the U.S. Census Bureau's 2015 American Community Survey, the 2010 U.S. Decennial Census, the National Health Interview Survey, and Pew Research Center telephone surveys.\n\nFootnotes provide additional context, such as the subsampling rate for non-internet users in the 2014 survey and changes in eligibility criteria for joining the panel over time.\n\n</summary>"
    },
    "60": {
      "summary": "<summary>\nThis page discusses the methodology and sample characteristics of a survey conducted by the Pew Research Center. It highlights that the internet access benchmark is derived from the 2015 Pew Survey on Government, where respondents without prior internet access are considered non-internet users for weighting purposes. Sampling errors and statistical tests account for the effects of weighting, and interviews are conducted in English and Spanish, with the Hispanic sample in the American Trends Panel being predominantly native-born and English-speaking. The page includes a table detailing unweighted sample sizes and sampling errors at the 95% confidence level for various demographic groups. Additionally, it mentions that question wording and practical survey difficulties can introduce error or bias into opinion polls. The May 2017 wave had an 80% response rate (4,135 responses out of 5,147 individuals).\n\n<table_summary>\nThe table provides unweighted sample sizes and the corresponding sampling errors (plus or minus percentage points) at the 95% confidence level for different demographic groups. The total sample size is 4,135, with a margin of error of ±2.6 percentage points. Subgroups include gender (men and women), age ranges (18-24, 25-29, 30-49, 50-64, 65+), education levels (college+, some college, high school or less), political affiliation (Republican/lean Republican, Democrat/lean Democratic), employment status (currently employed), and those impacted by automation. For example, the margin of error for ages 18-24 is ±12.4 percentage points, while for those impacted by automation, it is ±12.1 percentage points.\n</table_summary>\n\nNo figures, charts, diagrams, or images are present on this page.\n</summary>"
    },
    "61": {
      "summary": "<summary>\nThe page discusses the cumulative response rate for a survey wave conducted by the Pew Research Center in 2017. It notes that after accounting for attrition due to panel members being removed at their request or for inactivity (10.0%), the cumulative response rate is 2.6%. A footnote explains that panelists who have not participated in multiple consecutive waves are removed from the panel annually, and these cases are included in the denominator when calculating cumulative response rates.\n\nThere are no tables, figures, charts, diagrams, or images present on this page.\n\n<footer> \nThe footer includes the Pew Research Center's website URL: www.pewresearch.org.\n</footer>\n</summary>"
    }
  }
}