{
  "doc_id": "PWC_opportunity_of_lifetime.pdf",
  "pages": {
    "1": {
      "summary": "<summary>\nThe page highlights an opportunity for professional growth and engagement, emphasizing the phrase \"The opportunity of a lifetime\" in bold red text. It invites viewers to \"Step inside our world,\" suggesting an exploration of the company's environment and culture. The PwC logo is prominently displayed at the bottom left, indicating the organization behind this message. A visually engaging photograph occupies the right side of the page, showing three business professionals collaboratively working together in a modern office setting. They appear focused, with one person holding a laptop and another using a tablet, symbolizing teamwork and technology-driven work.\n\n<image_summary>The image on the right depicts three individuals dressed in business attire, engaged in a collaborative discussion. Two men and one woman stand close together, with one man holding a laptop and the woman holding a tablet. The setting is a contemporary office space with large windows and a bright, open atmosphere, reinforcing a professional and dynamic work environment.</image_summary>\n</summary>"
    },
    "2": {
      "summary": "<summary>\nThis page introduces PwC ME as \"Home for the region’s top talent,\" emphasizing its role as a diverse community focused on solving problems, building trust, and fostering fulfilling careers. The text highlights the organization's values, including innovation, resilience, human-centric approaches, and leveraging technology. It invites individuals seeking a place that fuels ambition, offers continuous learning opportunities, and promotes work-life balance to consider joining PwC.\n\n<image_summary>A QR code is displayed under the heading \"A message from our Chief People Officer,\" suggesting it leads to additional information or a video message.</image_summary>\n\n<figure_summary>The right side of the page features a visually striking design with bold red and yellow text boxes. The text reads, \"If you’re looking for a place that fuels your ambition to make a difference,\" followed by a statement about continuous learning and reimagining ways of working to enable a balanced life. This design emphasizes the appeal of PwC as an employer.</figure_summary>\n</summary>"
    },
    "3": {
      "summary": "<summary>\nThe page discusses the benefits and culture of working at PwC ME, emphasizing a career that offers opportunities to work with transformative clients, leverage tech-powered networks, and contribute to meaningful change in communities. It highlights the importance of employee wellbeing, ensuring that individuals can bring their best selves to work and life. The page outlines four key aspects of a career at PwC ME: Balanced living, Unlocked potential, Sense of belonging, and Limitless possibilities. These are visually represented by icons and connected by plus signs, indicating their combined impact. Additionally, the page identifies five core drivers (\"Fueled by\") that support this career experience: Transformative work, Culture of care, Development legacy (L&D), Evolving legacy, and Wellbeing.\n\n<figure_summary>Figure 1: A visual representation of the four key aspects of a career at PwC ME, depicted as gray boxes labeled \"Balanced living,\" \"Unlocked potential,\" \"Sense of belonging,\" and \"Limitless possibilities.\" Each box contains an orange icon symbolizing the respective aspect.</figure_summary>\n\n<figure_summary>Figure 2: A horizontal flowchart illustrating the five core drivers (\"Fueled by\") that support the career experience at PwC ME. The drivers are listed as \"Transformative work,\" \"Culture of care,\" \"Development legacy (L&D),\" \"Evolving legacy,\" and \"Wellbeing,\" each represented by orange arrows connecting them in sequence.</figure_summary>\n</summary>"
    },
    "4": {
      "summary": "<summary>\nThe page highlights the benefits of pursuing a career with PwC ME, emphasizing three key aspects: meaningful work, comprehensive support, and the flexibility of using one's degree in various roles. The text explains that graduates will be part of a community of business leaders who challenge the status quo, fostering collaboration and diversity of thought. Support is provided at every stage of a career through dedicated coaching, technical upskilling, professional development, digital programs, and financial assistance for further education. The firm hires graduates from diverse backgrounds across multiple teams, including consulting, technology, accounting, finance, law, analytics, and project management, allowing individuals to apply their degrees in innovative ways.\n\n<image_summary>An image at the bottom of the page shows a group of professionals collaborating in an office setting. They appear engaged in a brainstorming session, with some standing around a whiteboard while others examine documents on a computer screen. The environment is modern and collaborative, featuring a mix of standing and seated individuals, a plant, and a bright, open workspace.</image_summary>\n</summary>"
    },
    "5": {
      "summary": "<summary>\nThe page highlights the culture and benefits offered by PwC, emphasizing a supportive and inclusive work environment that values diversity and personal growth. It outlines how the company fosters an atmosphere where individuals can bring their authentic selves to work, achieve success, and continuously grow through various tools, feedback mechanisms, and opportunities for career progression. The section titled \"A few of the perks we offer\" lists several benefits provided to employees, illustrated through a visually engaging hexagonal puzzle design.\n\n<figure_summary>Figure 1: A hexagonal puzzle design showcasing six key benefits offered by PwC. Each hexagon represents a different perk:\n- **Digital upskilling**: Emphasizes the importance of upskilling in a rapidly changing digital world.\n- **Flexible working**: Highlights flexible working patterns that allow individuals and teams to decide when and where work gets done.\n- **International opportunities**: Offers regional diversity in work, allowing exploration of opportunities locally and abroad.\n- **Be well, work well**: Focuses on practices that prioritize well-being at home, work, or in communities.\n- **PwC Academy**: Provides support for qualifications relevant to the line of service, covering costs and offering study time.\n- **Dress for your Day**: Encourages a flexible dress code (#DressForYourDay) that allows employees to choose attire that best represents themselves and the brand.\n- **Corporate deals**: Offers a range of corporate discounts on hotels, gyms, holidays, automobiles, etc.\n- **Competitive salary**: Highlights a competitive salary and discretionary annual bonus to reward hard work and commitment.</figure_summary>\n\nThe overall message conveys a commitment to employee well-being, professional development, and a positive work-life balance, making it an attractive proposition for potential candidates.\n</summary>"
    },
    "6": {
      "summary": "<summary>\nThe page introduces PwC's graduate programme, emphasizing personal career growth and the importance of opportunities in shaping one's professional journey. It highlights how the programme supports individuals in developing skills, building relationships, and making an impact across various sectors, including public and private companies, governments, and charities. The text stresses the value of commitment, courage, and relationship-building skills among employees, which are crucial for success in measuring, protecting, and enhancing client interests. The page lists the available graduate programmes: Assurance, Consulting, Deals, Tax, and Legal Services, encouraging readers to explore where they could fit in.\n\n<figure_summary>Figure 1: A colorful grid divided into four sections, each representing a different graduate programme offered by PwC. The sections are labeled \"Assurance,\" \"Consulting,\" \"Deals,\" and \"Tax and Legal Services.\" Each section contains a distinct icon symbolizing the respective field: Assurance has a lock and magnifying glass, Consulting features a magnifying glass, Deals includes a bar graph, and Tax and Legal Services displays a briefcase icon.</figure_summary>\n\nThe overall tone is motivational, aiming to attract ambitious individuals who seek meaningful career experiences and opportunities for growth.\n</summary>"
    },
    "7": {
      "summary": "<summary>\nThe page discusses the PwC Middle East Core Assurance team, emphasizing its role in delivering high-quality audits to leading companies worldwide. It highlights the opportunity for individuals to assess risks, innovate solutions, and work with a diverse range of clients, including multinational corporations, family businesses, and governments. The text underscores the importance of trust in financial reporting and the integration of advanced digital tools and analytical capabilities to modernize auditing processes. Additionally, it mentions support for professional qualifications through training schemes, career coaching, and mentorship, which help develop a broad range of business skills. The page also notes the variety and opportunities available within the Assurance field, contributing to long-term career growth.\n\n<figure_summary>Figure 1: A photograph of two professionals collaborating at a desk, using a laptop. This image visually represents teamwork and collaboration within the Assurance team.</figure_summary>\n\n<image_summary>Three highlighted statistics are displayed: \"Offices 20,\" \"Countries 12,\" and \"Employees 1914.\" These numbers provide an overview of the team's global reach and size, emphasizing its extensive network and workforce.</image_summary>\n</summary>"
    },
    "8": {
      "summary": "<summary>\nThe page focuses on the \"Assurance\" section, specifically highlighting opportunities within Internal Audit (IA) services. It emphasizes the role of IA in understanding an organization's objectives, regulatory environment, risk management, and stakeholder needs. The text outlines how IA helps organizations improve controls by addressing risks and enhancing value. The page details four areas where IA support is provided: IA Co-source, IA Outsource, IA Tech Audit, and IA Advisory. Each area is described with its specific focus, such as working alongside in-house functions, establishing IA functions aligned with organizational strategy, delivering technology-related audits, and providing advisory services for IA function design and enhancement.\n\n<image_summary>The right side of the page features an image of two individuals collaborating at a desk, likely representing teamwork and professional interaction in an office setting. This visual reinforces the collaborative nature of IA work.</image_summary>\n\n<figure_summary>Three key statistics are presented in bold, colored boxes:  \n- **Offices**: 20  \n- **Countries**: 12  \n- **Employees**: 1914  \n\nThese figures highlight the global reach and scale of the organization offering IA services.</figure_summary>\n</summary>"
    },
    "9": {
      "summary": "<summary>\nThe page focuses on the \"Assurance\" services offered by PwC, specifically within the Governance, Risk, and Compliance (GRC) domain. It highlights the role of GRC team members in addressing challenging engagements that build resilience in organizations through excellence in governance, risk management, compliance, and internal controls over financial reporting (ICFR). Key areas of risk management provided include process intelligence, supply chain optimization, and policies and procedures. Process intelligence involves offering an end-to-end overview of organizational processes to ensure transparency, identify standardization levels, and improve control efficiency. Supply chain services focus on assessing business processes using technology to enhance control environments and reduce inefficiencies. Policies and procedures involve building tailored solutions to help clients achieve strategic ambitions while ensuring compliance with laws and regulations.\n\n<image_summary>The right side of the page features an image of two professionals collaborating at a desk, with one person wearing a hijab. This image visually represents teamwork and professional collaboration, aligning with the theme of assurance and support provided by PwC.</image_summary>\n\n<figure_summary>The page includes three prominent data points displayed in colored boxes: \n- **Offices**: 20, indicating the number of offices where PwC operates.\n- **Countries**: 12, highlighting the global reach of PwC's operations.\n- **Employees**: 1914, showcasing the size of the workforce involved in these services.</figure_summary>\n</summary>"
    },
    "10": {
      "summary": "<summary>\nThe page discusses the consulting sector, emphasizing the role of consultants in addressing challenges faced by public and private sectors. It highlights the opportunity to work on diverse client projects, optimize business models, and deliver improved products and services. The section \"Foundation for the Future\" explains the 20-month rotational program, where participants gain core skills across various consulting areas, learn about industry-specific advisory services, and collaborate with clients to drive innovation and growth. The text also mentions two key teams: Consumer and Industrial Products & Services (CIPS), which focuses on capital-intensive industries undergoing restructuring and transformation, and Financial Services, which advises clients on strategic issues such as risk management, FinTech, and digital innovations.\n\n<image_summary>The right side of the page features an image of a modern office environment with individuals engaged in discussions and work. The setting conveys a collaborative and professional atmosphere, aligning with the theme of consulting and teamwork.</image_summary>\n\n<figure_summary>Three prominent statistics are displayed in bold boxes: \"Offices: 12,\" \"Countries: 9,\" and \"Employees: 1816.\" These figures provide a snapshot of the company's global presence and workforce size, reinforcing the scale and reach of the consulting services offered.</figure_summary>\n</summary>"
    },
    "11": {
      "summary": "<summary>\nThe page focuses on consulting services offered by PwC, highlighting expertise in three key areas: Government & Public Services, Health Industries, and Technology & Digital Consulting. In Government & Public Services, PwC leverages regulatory and economic insights along with expert skills to deliver innovative solutions, emphasizing independence, objectivity, and value for money. For Health Industries, PwC is involved in guiding clients through transformative changes in healthcare across the Middle East, utilizing global network expertise and a sense of purpose. In Technology & Digital Consulting, the team works with public and private sector clients in the GCC to enhance customer value, employee engagement, and operational efficiency through digital strategies and implementation.\n\n<image_summary>The right side of the page features an image of three individuals engaged in collaborative work, likely discussing or analyzing data on a smartphone. This visual reinforces the theme of teamwork and problem-solving central to consulting services.</image_summary>\n\n<figure_summary>Three key statistics are highlighted in bold boxes: \"Offices: 12,\" \"Countries: 9,\" and \"Employees: 1816.\" These figures emphasize the scale and reach of PwC's consulting operations, showcasing its extensive presence and workforce.</figure_summary>\n</summary>"
    },
    "12": {
      "summary": "<summary>\nThe page discusses PwC Deals, highlighting opportunities for individuals who enjoy dealing with change and working across diverse financial scenarios. It emphasizes the Edge graduate programme, which offers international development, rotations in various business units, and access to professional learning resources. The page outlines three key teams where graduates could rotate: Transaction Services, Business Restructuring Services, and Valuations. Each team focuses on different aspects of financial advisory services, such as mergers and acquisitions, restructuring underperforming companies, and supporting clients in valuation decisions.\n\n<image_summary>The background image shows two individuals engaged in a discussion, with one person pointing at sticky notes on a glass wall, symbolizing collaborative problem-solving and strategic planning.</image_summary>\n\n<figure_summary>Three highlighted statistics are presented in colored boxes: \"Offices 9,\" indicating the number of offices; \"Countries 7,\" showing the geographical reach; and \"Employees 500,\" representing the size of the team.</figure_summary>\n</summary>"
    },
    "13": {
      "summary": "<summary>\nThe page titled \"Deals\" outlines various services offered by PwC under different categories: Corporate Finance, Forensics Services, Deals Strategy & Operations (DSO), and Government & Infrastructure. \n\n- **Corporate Finance** focuses on providing lead financial advisory services, supporting clients through acquisitions, disposals, and strategic decisions across multiple industry sectors, including corporates, family businesses, sovereign investment funds, and private equity clients.\n\n- **Forensics Services** assist clients in preparing for, responding to, and recovering from business risks and issues such as major public inquiries, bribery allegations, cybercrime, and commercial disputes across all industries.\n\n- **Deals Strategy & Operations (DSO)** offers strategic and operational advice throughout the deal continuum, from strategy development to post-deal execution. This includes advising on investment decisions, conducting due diligence, developing business plans, and managing post-merger integration and synergy analysis. The team comprises experts with diverse profiles and sector-specific experience.\n\n- **Government & Infrastructure** highlights PwC's expertise in infrastructure, real estate, and capital projects, particularly in the Middle East. The team helps clients resolve issues and implement best practices at all stages of major projects, combining real estate expertise, deep subject matter knowledge, and global-local presence.\n\nThe right side of the page features an image of a professional meeting, likely a video conference, emphasizing collaboration and communication. Accompanying this image are three key statistics presented in bold, colored boxes:\n- **Offices**: 9\n- **Countries**: 7\n- **Employees**: 500\n\nThese statistics provide a snapshot of PwC's operational reach and workforce size related to the services described.\n\n</summary>"
    },
    "14": {
      "summary": "<summary>\nThe page discusses the Tax & Legal Services offered by PwC, highlighting its role as a leading provider globally. It invites individuals skilled in interpreting complex rules and considering multiple approaches to join various teams. Key sections include Business Tax Services, Legal, Global Mobility, International Tax Services and Mergers & Acquisitions, Digital Solutions, Transfer Pricing, and Indirect Taxes. Each section provides an overview of the services offered, emphasizing the dynamic nature of tax landscapes, integration with legal services, and expertise in global mobility, transactions, digital solutions, transfer pricing, and indirect taxes.\n\n<figure_summary>Figure 1: A professional setting showing two individuals working together at a computer, symbolizing collaboration and expertise in tax and legal services.</figure_summary>\n\n<image_summary>Icons and statistics displayed on the right side of the page highlight PwC's presence: 17 offices, operations in 11 countries, and 870 employees, emphasizing the firm's extensive reach and workforce.</image_summary>\n</summary>"
    },
    "15": {
      "summary": "<summary>\nThe page titled \"Our Global Values\" highlights PwC's commitment to its global network and values. It emphasizes that joining PwC means becoming part of a large professional services network with offices in 155 countries and over 284,000 employees, united by a shared commitment to quality, trust, and problem-solving. The section \"Our Values\" outlines the expectations for working with clients and colleagues, noting that despite diverse backgrounds and cultures, common values guide behavior and work practices. These values include \"Act with integrity,\" \"Make a difference,\" \"Care,\" \"Work together,\" and \"Reimagine the possible.\" The page also introduces the \"PwC Professional Framework,\" which supports employee development and career progression, ensuring alignment with client, colleague, and community expectations in a changing global marketplace.\n\n<figure_summary>Figure 1: A circular diagram labeled \"The PwC Professional\" illustrates the framework's components: \"Whole leadership,\" \"Business acumen,\" \"Technical and digital,\" \"Global and inclusive,\" and \"Relationships.\" This visual representation underscores the interconnected aspects of professional development at PwC.</figure_summary>\n\n<image_summary>Icons accompany each value listed under \"Our Values\": a medal for \"Act with integrity,\" two hands for \"Make a difference,\" a heart for \"Care,\" interlocking hands for \"Work together,\" and a lightbulb for \"Reimagine the possible.\" These icons visually reinforce the meaning of each value.</image_summary>\n</summary>"
    },
    "16": {
      "summary": "<summary>\nThe page is an advertisement for PwC Middle East’s regional graduate programme, inviting fresh graduates to join in September 2022. It highlights the opportunity to be part of a cohort of hundreds of new hires across various locations. During the first week, participants will refine soft skills, meet the leadership team, network with peers, and familiarize themselves with PwC's brand, values, work, and culture. This initial phase is followed by weeks of tailored technical training based on the individual's business area. The page encourages applicants to \"Apply to our Grad Programme today\" and emphasizes being part of \"The New Equation.\"\n\n<image_summary>The right side of the page features an image of a professional setting where a group of individuals, including one leading a discussion at a whiteboard, are engaged in a collaborative meeting. The whiteboard contains notes, diagrams, and task management sections labeled \"Planned\" and \"Done,\" suggesting a focus on teamwork, planning, and project management.</image_summary>\n\nThe overall tone is motivational, aiming to attract ambitious graduates interested in making a meaningful impact through professional development and growth opportunities.\n</summary>"
    },
    "17": {
      "summary": "<summary>\nThe page introduces PwC Middle East's initiative to connect with people virtually despite social distancing measures. It emphasizes the use of innovative technology to maintain human interaction. The page features profiles of four individuals from different departments: Ghada (Consulting FFT), Ibrahim (Core Assurance), Pranav (Tax & Legal Services), and Haya (Deals Edge). Each profile is represented by a circular photo with their name and department listed below. A QR code is provided, along with instructions to scan it using a smartphone camera, suggesting an interactive experience. Social media handles and a careers website link are also included for further engagement.\n\n<image_summary>The page includes a graphic design featuring four circular headshots of individuals, each labeled with their name and department. A QR code is prominently displayed on the left side, and a smartphone illustration on the right side guides users to scan the QR code. The background has a geometric pattern, adding a modern and professional aesthetic.</image_summary>\n\n<figure_summary>Figure 1: A layout showcasing employee profiles with circular headshots, names, and department labels. This visual element highlights the human aspect of PwC Middle East's team.</figure_summary>\n\n<image_summary>A hand holding a smartphone is depicted on the right side of the page, displaying instructions to \"Scan the QR code and focus your camera on the graphic.\" This reinforces the interactive nature of the page.</image_summary>\n</summary>"
    },
    "18": {
      "summary": "<summary>\nThe page features a simple yet professional design with a prominent \"Thank you\" message in large, bold font at the center. The background includes a blurred image of three individuals engaged in work, suggesting a collaborative and focused environment. Below the main message, there is a yellow footer containing a URL link to \"www.pwc.com/mecareers,\" indicating a connection to PwC's careers page. The footer also includes a copyright notice for PricewaterhouseCoopers, dated 2021, along with a disclaimer stating that the content is for general informational purposes only and should not be used as a substitute for professional advice. A liability statement is included, noting that liability is limited by a scheme approved under Professional Standards Legislation. Finally, a reference number \"127067034\" is provided at the bottom.\n\n<image_summary>The background image shows three individuals working together, with one person wearing a hijab and another wearing glasses. The setting appears to be an office or workspace, emphasizing teamwork and concentration.</image_summary>\n</summary>"
    }
  }
}