{
  "doc_id": "q1-2023-bilibili-inc-investor-presentation.pdf",
  "pages": {
    "1": {
      "summary": "<summary>\nThis page serves as the title slide for an \"Investor Presentation\" dated June 2023. The slide features a blue background with a gradient effect, giving it a professional and modern appearance. On the left side, there is an illustration of a character dressed in a business suit, wearing a TV-like head with antennas, symbolizing media or digital content. The character is waving, adding a friendly and approachable tone to the presentation. The Bilibili logo is visible in the top-left corner, indicating that this presentation is likely related to the company or its offerings.\n\n<image_summary>The image on the left is an illustrated character in a business suit with a TV-like head, waving. This character represents a blend of professionalism and digital media, aligning with Bilibili's brand identity.</image_summary>\n</summary>"
    },
    "2": {
      "summary": "<summary>\nThis page presents a \"Safe Harbor Statement\" by Bilibili, outlining the company's approach to forward-looking statements in compliance with the U.S. Private Securities Litigation Reform Act of 1995. It explains that such statements, identified by terms like \"will,\" \"expects,\" \"anticipates,\" and others, are subject to inherent risks and uncertainties. These statements may appear in various forms, including management outlooks, strategic plans, periodic reports, shareholder communications, press releases, and oral statements by officers, directors, or employees. The statement highlights potential factors affecting actual results, such as operational outcomes, financial condition, stock price, user retention, competition, regulatory policies, and economic conditions. It also notes that further risk information is available in filings with the Securities and Exchange Commission and the Hong Kong Stock Exchange. Finally, it clarifies that the information provided is current as of the presentation date, and the company has no obligation to update it unless required by law.\n\nThere are no tables, figures, or images on this page.\n</summary>"
    },
    "3": {
      "summary": "<summary>\nThe page highlights the impact of Bilibili in enriching the everyday lives of young generations in China. Key metrics are presented to showcase user engagement and platform usage statistics. The page includes four main data points: Daily Active Users (DAUs) at 94 million, Monthly Active Users (MAUs) at 315 million, DAU/MAU ratio at 30%, and average daily time spent by users at 96 minutes. These metrics are visually supported by vibrant images depicting various aspects of Bilibili's community, such as gaming, live events, and cultural content.\n\n<image_summary>The top section features four images: (1) Trophies representing achievements or awards, (2) two individuals dressed in cosplay attire, symbolizing the vibrant fan culture, (3) an enthusiastic crowd at a live event, highlighting community engagement, and (4) a traditional Chinese dish, possibly indicating cultural content. Below, there are additional images showing a person playing a musical instrument, a gamer in action, and a cat, further emphasizing diverse interests catered to by Bilibili.</image_summary>\n\nNotes at the bottom provide clarification on the data:\n- DAUs and MAUs are counted based on active users on mobile apps and PC ends since Q2 2022, eliminating duplicates.\n- Paying users include those who make payments across different products and services, including games and VAS, with no duplicate elimination.\n- Average daily time spent is calculated by dividing total app usage time by the number of active users per day, excluding time spent on specific platforms like Bilibili Comic and Maoer.\n\nThis page effectively combines visual storytelling with quantitative data to convey Bilibili's significant reach and user engagement among young audiences in China.\n</summary>"
    },
    "4": {
      "summary": "<summary>\nThe page presents data on the rapid growth of Daily Active Users (DAUs) and user engagement for Bilibili, a popular Chinese video-sharing platform. The content is divided into two main sections: DAUs and DAU/MAU ratios, both showing significant year-over-year (YOY) growth. The DAUs section highlights an increase from 60 million in Q1 2021 to 94 million in Q3 2023, representing an 18% YOY growth. The DAU/MAU section illustrates consistent engagement, with ratios ranging from 26.9% to 29.7%, indicating steady user retention and activity.\n\n<figure_summary>Figure 1: Bar chart showing the growth of DAUs over time. The x-axis represents quarters from Q1 2021 to Q3 2023, while the y-axis indicates DAUs in millions. The bars show a clear upward trend, with the most recent quarter (Q3 2023) marked in pink, emphasizing the latest data point.</figure_summary>\n\n<figure_summary>Figure 2: Bar chart depicting the DAU/MAU ratio over time. Similar to the DAUs chart, the x-axis represents quarters from Q1 2021 to Q3 2023, and the y-axis shows the percentage ratio. The bars indicate a relatively stable engagement rate, with a slight upward trend, culminating in a peak of 29.7% in Q3 2023.</figure_summary>\n</summary>"
    },
    "5": {
      "summary": "<summary>\nThe page focuses on the financial performance of Bilibili, highlighting improvements in gross profit margins and reductions in net losses over two quarters. The title \"Improving Margins and Narrowing Losses\" sets the theme, emphasizing positive financial trends.\n\nThe page is divided into two main sections: **Gross Profit** and **Net Loss**, each accompanied by bar charts and percentage changes.\n\n- **Gross Profit**: \n  - The gross profit increased from RMB 807 million in Q1 2022 (22Q1) to RMB 1,104 million in Q1 2023 (23Q1), representing a +37% growth.\n  - The Gross Profit Margin (GPM) improved from 16.0% to 21.8%.\n\n- **Net Loss**: \n  - The net loss decreased from RMB -2.3 billion in Q1 2022 (22Q1) to RMB -0.6 billion in Q1 2023 (23Q1), showing a -72% reduction.\n  - The Net Profit Margin (NPM) improved from -45.2% to -12.4%.\n\n<figure_summary>Figure 1: Bar chart comparing gross profit between 22Q1 and 23Q1, showing a significant increase (+37%) in gross profit.</figure_summary>\n\n<figure_summary>Figure 2: Bar chart comparing net loss between 22Q1 and 23Q1, illustrating a substantial decrease (-72%) in net loss.</figure_summary>\n\nOverall, the page effectively communicates the company's progress in enhancing profitability and reducing financial losses through visual comparisons and percentage changes.\n</summary>"
    },
    "6": {
      "summary": "<summary>\nThe page discusses the \"Golden Opportunity From Videolization,\" emphasizing how video has become central to information, entertainment, and communication. It highlights two key aspects: the growth of the massive video-based industry and the increase in video users spending more time consuming video content.\n\n<figure_summary>Figure 1: This bar chart illustrates the growth of the video-based industry in China, measured in RMB billion. It shows a significant increase from 1,152 billion RMB in 2022 to an estimated 1,877 billion RMB by 2025, representing a 62% growth. The chart attributes this growth to three factors: infrastructure (5G and video production tools), supply (more diversified content and creators), and demand (rising demand and spending power for video-based content).</figure_summary>\n\n<figure_summary>Figure 2: This bar chart demonstrates the rise in the number of video users and the time spent per day watching video content. The number of video users is projected to grow from 995 million in 2022 to 1,180 million in 2025 (+19%). Additionally, the average daily time spent on video content is expected to increase from 2.9 hours in 2022 to 3.6 hours in 2025 (+23%).</figure_summary>\n\nNotes at the bottom provide sources for the data: (1) iResearch for the video-based industry size, (2) The 50th Statistical Report on China's Internet Development for user numbers, and (3) iResearch for daily time spent on video content by mobile internet users.\n</summary>"
    },
    "7": {
      "summary": "<summary>\nThe page highlights Bilibili's leadership in catering to the Gen Z+ demographic, defined as individuals born between 1985 and 2009. It emphasizes that this cohort is the \"golden cohort\" and the future of the video-based industry. Key points include:\n- **Our Core User Base**: 86% of Bilibili's users are aged 35 and below, indicating a strong alignment with the Gen Z+ demographic.\n- **Gen Z+ Key Characteristics**:\n  - They are the key driving force of consumption, with a population of over 450 million.\n  - They contribute 73% to China's video-based industry revenue.\n  - They spend +83 minutes more time on video-based content compared to the average mobile user.\n  - They have a higher per capita value, which is expected to reach RMB3,042 by 2025, compared to RMB1,527 for overall users.\n\n<figure_summary>Figure 1: A donut chart illustrating that 86% of Bilibili's users are aged 35 and below, emphasizing the platform's focus on the Gen Z+ demographic.</figure_summary>\n\n<image_summary>An illustration of two individuals using a laptop, symbolizing the engagement of young users with digital content.</image_summary>\n\nNotes at the bottom provide additional context:\n1. Data is based on statistics from 2022.\n2. Gen Z+ is projected to spend 5.0 hours daily on video-based content in 2025, compared to 3.6 hours for all mobile users.\n3. The per capita value of Gen Z+ in China's video-based industry is expected to significantly surpass that of overall users by 2025.\n</summary>"
    },
    "8": {
      "summary": "<summary>\nThe page titled \"The Bilibili Story\" presents a strategic framework highlighting the core pillars of Bilibili's success and growth. The central theme revolves around a user-centric approach, emphasizing massive opportunities for commercialization. The framework is visually represented by three interconnected triangles, each symbolizing a key component: Content, Users, and Community. \n\n- **Content**: The blue triangle represents an ever-growing ecosystem centered around PUGV (Professional User Generated Video), indicating a focus on high-quality user-generated content.\n- **Users**: The white triangle at the center highlights the users as the core, described as \"Aspiring and fast growing,\" emphasizing the platform's appeal to a dynamic and expanding audience.\n- **Community**: The pink triangle signifies a highly engaged, interactive, and sticky community, underscoring the strong social bonds and user interactions fostered by Bilibili.\n\nThis triangular model illustrates how these three pillars work together to support the overall commercialization strategy, reinforcing Bilibili's position as a user-centric platform with significant growth potential.\n\n<figure_summary>Figure 1: A triangular diagram illustrating Bilibili's strategic framework. The top triangle labeled \"Commercialization\" is supported by three base triangles representing Content, Users, and Community. Each base triangle is color-coded and annotated with key characteristics, such as \"Ever-growing ecosystem centered around PUGV\" for Content, \"Aspiring and fast growing\" for Users, and \"Highly engaged, interactive and sticky\" for Community.</figure_summary>\n</summary>"
    },
    "9": {
      "summary": "<summary>\nThe page highlights the concept of \"Multi-Categories for Diverse Content Interests,\" emphasizing how a platform caters to a wide range of user preferences by offering various content categories. The central theme revolves around providing \"All the Videos You Like\" across multiple genres, ensuring diverse interests are met. The page uses a visually engaging layout with circular icons representing different content categories, each accompanied by an illustrative image.\n\n<figure_summary>Figure 1: A central graphic showing a pink and blue circular design labeled \"All the Videos You Like,\" surrounded by smaller circular icons representing different content categories. Each icon contains an image and a label, such as \"Lifestyle,\" \"Games,\" \"Anime,\" \"Knowledge,\" \"Music,\" \"Entertainment,\" \"Tech,\" \"Fitness,\" \"Automobile,\" \"Pets,\" \"Food,\" \"Handicraft,\" \"Traditional Chinese Art,\" and \"Autotune Remix.\" This figure illustrates the platform's broad content offerings.</figure_summary>\n\nThe page also includes navigation options at the top (\"Content,\" \"Community,\" \"Commercialization\"), suggesting a focus on user engagement and monetization strategies. Overall, the page aims to showcase the platform's ability to cater to diverse user interests through its extensive and varied content offerings.\n\n</summary>"
    },
    "10": {
      "summary": "<summary>\nThe page discusses \"Multi-Scenarios for Different Viewing Preferences\" on Bilibili, highlighting changes in user engagement across various viewing contexts. It emphasizes an increase in total time spent by users, showing a 19% growth from 22Q1 to 23Q1. The page also illustrates three different viewing scenarios: \"On-the-go,\" \"Interactive,\" and \"Living rooms,\" each represented by corresponding icons or illustrations. Additionally, it notes the rising popularity of \"Story Mode,\" which caters to fragmented time usage, contributing to a 37% increase in average daily video views from 22Q1 to 23Q1. Story Mode is shown to be gaining traction alongside PUGV (Professional User Generated Video) and OGV (Occupationally Generated Video).\n\n<figure_summary>Figure 1: Bar chart comparing total time spent by users in 22Q1 and 23Q1, indicating a 19% increase.</figure_summary>\n\n<figure_summary>Figure 2: Icons representing different viewing scenarios: \"On-the-go\" (mobile device), \"Interactive\" (gaming setup), and \"Living rooms\" (TV viewing).</figure_summary>\n\n<figure_summary>Figure 3: Stacked bar chart comparing average daily video views in 22Q1 and 23Q1, showing a 37% increase attributed to Story Mode.</figure_summary>\n\n<image_summary>Illustrations depicting user engagement in various viewing scenarios: mobile usage, gaming, and TV watching in living rooms.</image_summary>\n</summary>"
    },
    "11": {
      "summary": "<summary>\nThe page discusses the ever-growing supply of creative PUG (Professional User Generated) videos on Bilibili, highlighting key metrics related to content creators, video submissions, and fan engagement. The page emphasizes the platform's focus on creating, encouraging, engaging, and fostering high-quality content.\n\n<figure_summary>Figure 1: Talented Content Creators - This bar chart compares the number of daily average active content creators between Q1 2022 (22Q1) and Q1 2023 (23Q1), showing a 42% increase.</figure_summary>\n\n<figure_summary>Figure 2: High-Quality Content Creation - This bar chart illustrates the growth in monthly video submissions, increasing from 12.6 million in 22Q1 to 22.5 million in 23Q1, representing a 79% increase.</figure_summary>\n\n<figure_summary>Figure 3: Loyal Fan Base - This bar chart shows the number of content creators with more than 10,000 followers, growing by 48% from March 31, 2022, to March 31, 2023.</figure_summary>\n\nThe central statistic highlights that 95% of total video views are contributed by PUGVs (Professional User Generated Videos) and Story Mode, emphasizing the platform's focus on professional and high-quality content. The page also includes notes indicating that the data for 23Q1 is as of March 31, 2023.\n\n</summary>"
    },
    "12": {
      "summary": "<summary>\nThe page discusses Bilibili's robust mechanism for attracting and supporting content creators. It highlights two key aspects: \"Improved infrastructure and products to support continuous creation\" and \"Multiple avenues to realize commercial value.\" The page uses a pyramid diagram to categorize content creators into three tiers: Top, Middle, and Newly joined, each supported by different mechanisms. Key points include AI-powered algorithms promoting original and high-quality content, positive feedback and community culture, the Bilibili Power Up Award, online and offline tutoring programs, and a B-cut video editing app. On the commercial side, it notes that over 1.5 million content creators received income on Bilibili, with a 50% year-over-year growth. Specific statistics include 750k+ creators earning through live broadcasting, 600k+ enrolled in various ad programs, and 1.1 million creators in the Cash Incentive Program. Additionally, nearly 80% of content creators with over 10k followers received income.\n\n<figure_summary>Figure 1: A pyramid diagram categorizing content creators into three tiers—Top, Middle, and Newly joined—each supported by different mechanisms to foster continuous creation and monetization.</figure_summary>\n\n<image_summary>The Bilibili logo is present in the top-left corner, reinforcing the brand identity.</image_summary>\n\nNotes at the bottom clarify that the data includes various programs like cash incentives, live broadcasting, Sparkle platform, and others as of the end of 23Q1.\n</summary>"
    },
    "13": {
      "summary": "<summary>\nThe page highlights Bilibili's highly engaged and interactive community, emphasizing the interactive features frequently used by users. Key interactive features include \"One Click Triple-Function Combo\" (Like, Coin-casting, Add to Favorite), Bullet-chat, Commentary, Share, Following, Virtual Gifting, and Moment. The page also presents statistics showcasing high engagement and interaction levels: an average of 4.1 billion daily video views with a 37% year-over-year growth, and 14.2 billion monthly interactions with a 15% year-over-year growth.\n\n<figure_summary>Figure 1: Icons representing interactive features such as Like, Coin-casting, Add to Favorite, Bullet-chat, Commentary, Share, Following, Virtual Gifting, and Moment. These icons visually illustrate the various ways users engage with content on the platform.</figure_summary>\n\n<image_summary>Icons for interactive features: The page includes colorful icons (e.g., thumbs up, coin, star) to represent different engagement actions, making it visually engaging and easy to understand.</image_summary>\n\nNotes at the bottom clarify that the data is from Q3 2023 and that interactions include bullet chats, comments, likes, Bilibili moment posts, and virtual gifting.\n</summary>"
    },
    "14": {
      "summary": "<summary>\nThe page highlights Bilibili's highly sticky community with a strong sense of belonging. Key statistics include 205 million official members, representing a year-over-year (YOY) growth of 29%. Additionally, the 12-month retention rate is approximately 80%, indicating high user engagement and loyalty.\n\n<figure_summary>Figure 1: A bar chart showing the growth in official members over time, from 21Q1 (112 million) to 23Q1 (205 million). Each quarter's data is represented by a blue bar, with the final bar in pink highlighting the most recent quarter.</figure_summary>\n\n<figure_summary>Figure 2: A line graph illustrating the 12-month retention rates across different starting months from April 2021 to March 2022. The graph shows consistent retention rates around 80% over time, with slight variations indicated by different colored lines for each month.</figure_summary>\n\nNotes at the bottom clarify that becoming an official member requires passing a community entrance exam consisting of 100 questions covering community etiquette and various topics. This exam was introduced in 23Q1.\n</summary>"
    },
    "15": {
      "summary": "<summary>\nThe page discusses how commercialization naturally aligns with users' diverse and expanding interests. It emphasizes the importance of understanding user interests and behaviors through big data insights to provide efficient matches between user needs and desired content/services. The left side of the page features an illustration showing users interacting with various digital platforms, represented by thought bubbles containing icons like anime, gaming, science, and beauty products. These interactions highlight the diverse range of interests users have. On the right side, a vertical list outlines different commercialization avenues, including Value-Added Services (VAS), Advertising, Mobile Games, and IP Derivatives, all catering to these diverse interests.\n\n<figure_summary>Figure 1: An illustration depicting users engaging with various digital platforms. Thought bubbles above the users contain icons representing different interests such as anime, gaming, science, and beauty products, symbolizing the diversity of user preferences.</figure_summary>\n\n<figure_summary>Figure 2: A vertical list titled \"Diverse Interests,\" which includes commercialization avenues such as VAS, Advertising, Mobile Games, and IP Derivatives, illustrating how these services cater to the varied interests of users.</figure_summary>\n</summary>"
    },
    "16": {
      "summary": "<summary>\nThe page discusses Bilibili's value-added services and multi-faceted commercialization strategies. It highlights three key areas: premium membership, live broadcasting, and premium audio drama platforms. Each service is visually represented by smartphone screenshots or icons, emphasizing the user experience and benefits.\n\n<image_summary>The left section features a smartphone screenshot showcasing Bilibili's premium membership options, including different subscription plans priced at ¥15, ¥45, and ¥148, along with exclusive benefits like \"赢大积分兑好礼\" (win big points to exchange for gifts).</image_summary>\n\n<image_summary>The middle section displays a smartphone screenshot of a live broadcasting session, featuring animated characters and a vibrant interface. The text indicates it is a natural extension of Bilibili's diversified content platform.</image_summary>\n\n<image_summary>The right section includes two icons representing Bilibili Comic and Maoer. Bilibili Comic is described as a pay-to-view comic platform, while Maoer is labeled as a premium audio drama platform. Both icons feature colorful and engaging designs, with Bilibili Comic showing an animated character and Maoer displaying a stylized black cat silhouette.</image_summary>\n</summary>"
    },
    "17": {
      "summary": "<summary>\nThe page discusses the growth of Value-Added Services (VAS) revenue, highlighting solid performance and significant potential. The title \"VAS Revenue: Solid Growth With Great Potential\" emphasizes the positive trend in revenue over time. The data is presented in RMB million (RMB mn), showing quarterly revenue figures from 2022Q1 to 2023Q1. The revenue values are as follows: 2022Q1 at 2,052 RMB mn, 2022Q2 at 2,103 RMB mn, 2022Q3 at 2,210 RMB mn, 2022Q4 at 2,350 RMB mn, and 2023Q1 at 2,156 RMB mn. A notable point is the 5% year-over-year (YOY) increase in revenue, as indicated by the circular annotation on the graph.\n\n<figure_summary>Figure 1: Bar chart displaying VAS revenue across quarters from 2022Q1 to 2023Q1. The chart uses blue bars for 2022 data and a pink bar for 2023Q1, visually representing the revenue growth trend. The annotation highlights a 5% YOY increase.</figure_summary>\n\nThe overall message underscores the consistent growth in VAS revenue, with a particular emphasis on the strong performance in 2022Q4 and the continued potential in 2023Q1.\n</summary>"
    },
    "18": {
      "summary": "<summary>\nThe page discusses how Bilibili is becoming a popular platform for advertisers, highlighting its diverse advertising offerings. The content emphasizes three key types of ads: N-reach brand ads, customized and innovative native ads, and performance-based ads with sales conversion capabilities. Each type is visually represented by screenshots of mobile app interfaces showcasing different ad formats.\n\n<image_summary>The top-left section features an image of a Pepsi advertisement, representing N-reach brand ads, which focus on broad reach and brand awareness.</image_summary>\n\n<image_summary>The middle section displays a mobile interface showing a variety of video thumbnails, illustrating customized and innovative native ads that blend seamlessly into the user experience.</image_summary>\n\n<image_summary>The right section presents a mobile interface with a game advertisement, emphasizing performance-based ads with sales conversion add-ons, designed to drive direct actions such as downloads or purchases.</image_summary>\n</summary>"
    },
    "19": {
      "summary": "<summary>\nThe page discusses the robust growth in advertising revenue, highlighting significant year-over-year (YOY) increases. The title \"Advertising Revenue: Robust Growth With Great Potential\" emphasizes the positive trend and future prospects. The data is presented in a bar chart showing quarterly revenue figures in RMB million (RMB mn) from 2022Q1 to 2023Q1. The revenue values are as follows: 1,041 for 2022Q1, 1,158 for 2022Q2, 1,355 for 2022Q3, 1,512 for 2022Q4, and 1,272 for 2023Q1. A notable highlight is the 22% YOY increase in revenue, as indicated by a callout bubble next to the 2023Q1 bar.\n\n<figure_summary>Figure 1: Bar Chart of Advertising Revenue Growth  \nThis bar chart illustrates the quarterly advertising revenue growth over five periods (2022Q1 to 2023Q1). Each bar represents revenue in RMB million, showing a consistent upward trend with a peak in 2022Q4. The final bar for 2023Q1 is marked with a pink color and accompanied by a callout bubble indicating a 22% YOY increase.</figure_summary>\n\nThe overall message underscores the strong performance and potential for continued growth in advertising revenue.\n</summary>"
    },
    "20": {
      "summary": "<summary>\nThe page discusses Bilibili's integrated approach to mobile game licensing, development, and joint operations. It highlights three key areas: exclusive licensed games, self-developed games, and jointly operated games. Each section is accompanied by visuals showcasing examples and key features.\n\nExclusive licensed games are emphasized for their proven selection and long-life cycle operation capabilities, with an example provided of a popular game titled \"碧蓝航线\" (Azur Lane). Self-developed games are strategically focused on catering to next-generation gamers, supported by four in-house studios, as depicted by a vibrant promotional image featuring futuristic characters. Jointly operated games highlight strong distribution capabilities, with an example shown of a highly rated game titled \"崩坏：星穹铁道\" (Honkai: Star Rail).\n\nThe page also includes a global distribution map, indicating Bilibili's reach across domestic and overseas markets. A pipeline summary outlines upcoming releases, with eight titles planned for the domestic market and five for overseas markets, as of May 30, 2023.\n\n<image_summary>The top section contains images representing each category: exclusive licensed games (a screenshot of a game interface), self-developed games (a promotional banner with futuristic characters), and jointly operated games (a screenshot of a game with high ratings).</image_summary>\n\n<figure_summary>A world map labeled \"Global Distribution\" visually represents Bilibili's international presence, with a focus on China highlighted in pink.</figure_summary>\n\n<figure_summary>A pipeline summary chart lists the number of upcoming game titles, divided into domestic (8 titles) and overseas (5 titles) categories.</figure_summary>\n</summary>"
    },
    "21": {
      "summary": "<summary>\nThe page discusses Bilibili's mobile games strategy, emphasizing the approach of developing games in-house and distributing them globally. The focus is on financial performance, specifically revenue figures over several quarters, measured in RMB million (RMB mn). The data spans from 2022Q1 to 2023Q1, showing fluctuations in revenue.\n\n<figure_summary>Figure 1: A bar chart illustrating Bilibili's mobile game revenue across five quarters (2022Q1 to 2023Q1). The revenue values are as follows: 2022Q1 = 1,358 RMB mn, 2022Q2 = 1,046 RMB mn, 2022Q3 = 1,471 RMB mn, 2022Q4 = 1,146 RMB mn, and 2023Q1 = 1,132 RMB mn. The chart highlights the variation in revenue over time, with a peak in 2022Q3.</figure_summary>\n\nThe page also includes navigation links at the top for \"Content,\" \"Community,\" and \"Commercialization,\" indicating that this slide is part of a larger presentation or report covering multiple aspects of Bilibili's operations.\n</summary>"
    },
    "22": {
      "summary": "<summary>\nThe page introduces a section titled \"OUR FINANCIALS,\" indicating a focus on financial data or analysis related to the company or organization. The background is predominantly blue, creating a professional and clean aesthetic. In the top left corner, there is a logo reading \"bilibili,\" suggesting that this presentation is associated with the Bilibili platform. \n\nAn animated character, dressed in a suit and tie, stands prominently on the left side of the page. The character has a TV-like head with a smiling face, which adds a playful and engaging element to the otherwise formal theme. The character's pose, with one arm raised and the other clenched into a fist, conveys enthusiasm and confidence.\n\nThere are no tables, figures, or additional images present on this page, as it serves primarily as an introductory slide for the financial section.\n\n<image_summary>The image features an animated character in a business suit with a TV-like head, set against a blue background. The character's pose suggests excitement and readiness to discuss financial matters.</image_summary>\n</summary>"
    },
    "23": {
      "summary": "<summary>\nThe page presents data on Bilibili's expanding user base and its impact on revenue growth over several quarters. The title \"Expanding User Base Drives Revenue Growth\" highlights the relationship between user engagement and financial performance. The page is divided into two main sections: \"Total DAUs\" (Daily Active Users) and \"Diversified Revenue Mix.\"\n\nThe left section, titled \"Total DAUs,\" shows a bar chart representing the number of daily active users in millions (mn) from 21Q1 to 23Q1. The chart indicates a consistent year-over-year (Y-o-Y) growth, with the most recent quarter (23Q1) showing 94 million DAUs, reflecting an 18% increase compared to the previous year.\n\nThe right section, titled \"Diversified Revenue Mix,\" displays a stacked bar chart illustrating the revenue breakdown in RMB million (RMB mn) across various categories: Mobile game, VAS (Value-Added Services), Advertising, and IP derivatives and others. The chart spans from 21Q1 to 23Q1, demonstrating a steady increase in total revenue and a diversification of income sources over time.\n\n<figure_summary>Figure 1: Bar Chart - Total DAUs<br>The bar chart on the left illustrates the growth in daily active users (DAUs) from 60 million in 21Q1 to 94 million in 23Q1, showcasing a significant year-over-year increase.</figure_summary>\n\n<figure_summary>Figure 2: Stacked Bar Chart - Diversified Revenue Mix<br>The stacked bar chart on the right breaks down Bilibili's revenue by category (Mobile game, VAS, Advertising, and IP derivatives and others) from 21Q1 to 23Q1, highlighting the diversification of revenue streams and overall growth.</figure_summary>\n\nNotes at the bottom indicate that the \"E-commerce and others\" category has been reclassified as \"IP derivatives and others.\" This reclassification provides clarity on how revenue is categorized over the reported periods.\n</summary>"
    },
    "24": {
      "summary": "<summary>\nThe page presents a detailed analysis of Bilibili's **Cost of Revenues** and **Operating Expenses** over several quarters, expressed as percentages of revenue. The data is non-GAAP and reported in RMB million. The Cost of Revenues section includes components such as Revenue-sharing costs, Content costs, IP derivatives and others, Server and bandwidth costs, and Staff costs. The Operating Expenses section breaks down expenses into Sales and marketing expenses, Research and development expenses, and General and administrative expenses. A year-over-year (Y-o-Y) change of -14% is noted for Operating Expenses.\n\n<figure_summary>Figure 1: Stacked bar chart showing the Cost of Revenues across quarters (22Q1 to 23Q1). Each bar represents the total cost as a percentage of revenue, broken down into categories like Revenue-sharing costs, Content costs, IP derivatives, Server and bandwidth costs, and Staff costs.</figure_summary>\n\n<figure_summary>Figure 2: Stacked bar chart illustrating Operating Expenses across quarters (22Q1 to 23Q1). Each bar represents the total operating expenses as a percentage of revenue, divided into Sales and marketing expenses, Research and development expenses, and General and administrative expenses.</figure_summary>\n\nNotes at the bottom provide clarifications on the components, such as excluding share-based compensation and amortization expenses, defining revenue-sharing costs, content costs, server and bandwidth costs, and staff costs, as well as detailing the composition of sales and marketing, research and development, and general and administrative expenses.\n</summary>"
    },
    "25": {
      "summary": "<summary>\nThis page presents the **Consolidated Balance Sheets** of Bilibili Inc., comparing financial data as of December 31, 2022, and March 31, 2023, in RMB million. The balance sheet is divided into two main sections: **Assets** and **Liabilities and Shareholders' Equity**, providing a detailed breakdown of the company's financial position over the specified periods.\n\n### Assets:\n- **Current Assets**: Includes cash and cash equivalents, time deposits, restricted cash, accounts receivable, prepayments, and short-term investments. Total current assets decreased slightly from 24,453 RMB million in December 2022 to 23,964 RMB million in March 2023.\n- **Non-current Assets**: Comprises property and equipment, production costs, intangible assets, goodwill, long-term investments, and other long-term assets. Total non-current assets remained relatively stable at 17,378 RMB million in December 2022 and 17,013 RMB million in March 2023.\n- **Total Assets**: The overall total assets decreased from 41,831 RMB million to 40,977 RMB million between the two dates.\n\n### Liabilities and Shareholders' Equity:\n- **Current Liabilities**: Includes accounts payable, salary and welfare payables, taxes payable, short-term loan, deferred revenue, accrued liabilities, and other payables. Total current liabilities increased from 17,094 RMB million to 16,700 RMB million.\n- **Non-current Liabilities**: Comprises long-term debt and other long-term liabilities. Total non-current liabilities decreased from 9,497 RMB million to 6,689 RMB million.\n- **Total Liabilities**: The overall total liabilities decreased from 26,591 RMB million to 23,389 RMB million.\n- **Shareholders' Equity**: Total shareholders' equity increased from 15,240 RMB million to 17,588 RMB million, reflecting an improvement in the company's equity position.\n- **Total Liabilities and Shareholders' Equity**: This matches the total assets, ensuring balance sheet equilibrium, at 41,831 RMB million in December 2022 and 40,977 RMB million in March 2023.\n\n### Visual Elements:\nThe page does not contain any charts, graphs, or images but uses a structured table format to present the financial data clearly.\n\n</summary>"
    },
    "26": {
      "summary": "<summary>\nThis page presents the **Consolidated Statements of Operations and Comprehensive Loss** for Bilibili, reported in RMB million. The data compares financial performance across three quarters: Q1 2022 (22Q1), Q4 2022 (22Q4), and Q1 2023 (23Q1). Key metrics include net revenues, cost of revenues, gross profit, operating expenses, and losses before and after tax. The year-over-year (YoY) changes are also highlighted, showing trends in revenue growth, profitability, and operational efficiency.\n\nThe page is structured into several sections:\n- **Net Revenues**: Breakdown by segments such as mobile games, value-added services, advertising, and IP derivatives and others. Total net revenues remained stable at 5,070 RMB mn in 23Q1 compared to 6,142 RMB mn in 22Q4, reflecting a 0% YoY change.\n- **Cost of Revenues**: Shows a decrease in costs, contributing to an increase in gross profit.\n- **Operating Expenses**: Includes sales and marketing, general and administrative, and research and development expenses, with varying YoY changes.\n- **Loss from Operations**: Indicates ongoing operational losses, with a significant reduction in loss in 23Q1 compared to 22Q4.\n- **Non-operating Items**: Includes investment income/loss, interest income, interest expense, exchange gains/losses, debt extinguishment gain, and other items, which impact the final net loss.\n- **Final Results**: Reports the loss before income tax, income tax, net loss, and adjusted net loss, all showing improvements in 23Q1 compared to previous periods.\n\n<table_summary>\nThe table provides a detailed financial overview, comparing quarterly performance across multiple categories. It includes columns for 22Q1, 22Q4, 23Q1, and YoY change, allowing readers to track trends and changes in revenue, costs, expenses, and losses over time.\n</table_summary>\n\n<figure_summary>\nNo explicit figures, charts, or graphs are present on this page. The information is conveyed entirely through the tabular format.\n</figure_summary>\n\n<image_summary>\nNo images, illustrations, or photographs are included on this page. The focus is purely on the tabular financial data.\n</image_summary>\n</summary>"
    },
    "27": {
      "summary": "<summary>\nThis page serves as a closing slide, expressing gratitude and providing contact information for further inquiries. It includes two sets of contact details: one for Bilibili Inc. and another for Piacente Financial Communications. The contact for Bilibili Inc. is Juliet Yang, with a phone number (+86-21-2509-9255 Ext. 8523) and an email address (ir@bilibili.com). For Piacente Financial Communications, there are two phone numbers—one for China (+86-21-6039-8363) and one for the U.S. (+1-212-481-2050)—along with an email address (bilibili@tpg-ir.com).\n\n<image_summary>The right side of the page features an illustration of a character dressed in a suit, with a TV-like head design, waving goodbye. This character appears to be a mascot or logo related to Bilibili, adding a friendly and approachable touch to the slide.</image_summary>\n</summary>"
    }
  }
}