{
  "doc_id": "SAO-StudentSupport_Guidebook-Content.pdf",
  "pages": {
    "1": {
      "summary": "<summary>\nThis page serves as an introductory welcome to Nanyang Technological University (NTU), expressing a warm greeting to new students and assuring them of a successful and happy stay. It highlights that the guidebook has been compiled to assist students with various formalities and procedures before and after arrival, covering topics such as immigration regulations and student life at NTU. The guidebook also includes contact details for services available throughout the student's stay. For any questions, students are encouraged to reach out to the Student Support Office via email or in person at Level 4 of the Student Services Centre.\n\n<image_summary>The image features a vibrant yellow wall with a sign that reads \"Meet the world @ NTU,\" accompanied by a world map in the background. This visual emphasizes the university's global perspective and international focus.</image_summary>\n</summary>"
    },
    "2": {
      "summary": "<summary>\nThis page contains a welcoming message from Ms. Tan Siok San, Director of the Student Affairs Office at Nanyang Technological University (NTU). The message expresses gratitude to students for choosing NTU and highlights the university's commitment to providing a rich and diverse student experience. It emphasizes NTU's cosmopolitan environment, featuring students, professors, and researchers from over 100 nationalities, including notable figures like Nobel Laureates and National Geographic adventurers. The message encourages students to explore NTU's beautiful campus, enjoy its facilities, and engage in new learning experiences. The Student Affairs Office (SAO) is introduced as a support system, offering programs to help students adjust to the local environment, learn about health issues, and build friendships. The One-Stop Centre is mentioned as a resource for various student support matters, and the Accessible Education Unit is highlighted for students with disabilities. The message concludes with a wish for an enriching learning experience at NTU.\n\n<image_summary>The page includes a professional headshot of Ms. Tan Siok San, who is dressed in a black blazer over a striped shirt, wearing glasses, and smiling warmly. This image accompanies her message, adding a personal touch to the welcoming note.</image_summary>\n</summary>"
    },
    "3": {
      "summary": "<summary>\nThis page is the table of contents for a guide, likely aimed at new students joining Nanyang Technological University (NTU). It outlines various sections covering essential information about NTU, Singapore, and student life. The guide is organized into several main categories, including Introduction, Before Leaving Home, Arrival, Immigration, Health, Wellness and Insurance, Emergency Hotlines, Academic Calendar and University Holidays, Your Learning Environment, Student Life @ NTU, Managing Finance, and About Singapore. Each section contains subtopics with corresponding page numbers, providing a roadmap for navigating the guide.\n\nThe introduction covers basic information about NTU, campus travel, and student services. The \"Before Leaving Home\" section prepares students for their journey, while the \"Arrival\" section details logistics such as transportation, housing, registration, and account setup. The \"Immigration\" section addresses legal requirements like student passes and medical examinations. Health-related topics include general care, emergencies, counseling, and insurance. Emergency hotlines provide contact information for urgent situations. The academic calendar and university holidays section lists important dates. The learning environment section highlights e-learning resources, IT services, and library access. Student life is explored through organizations, sports, meals, and campus amenities. Managing finance covers living costs, financial assistance, and part-time employment. Finally, the \"About Singapore\" section offers insights into local culture, travel, and experiences.\n\nAt the bottom of the page, a disclaimer notes that all information is correct at the time of printing and directs readers to the NTU website for updates. All monetary amounts are in Singapore dollars, and images of Singapore are credited to the Singapore Tourism Board.\n\n</summary>"
    },
    "4": {
      "summary": "<summary>\nThis page introduces Nanyang Technological University (NTU Singapore), highlighting its global ranking, academic offerings, student demographics, and faculty expertise. NTU is noted as a young and research-intensive institution, ranked 13th globally and first among the world's best young universities. It offers a diverse range of programs through colleges such as Engineering, Business, Science, Humanities, Arts, Social Sciences, and an Interdisciplinary Graduate School. Additionally, it has a medical school in collaboration with Imperial College London. The university provides high-quality education to approximately 33,000 undergraduate and postgraduate students, many of whom are top scholars and international olympiad medallists. NTU's faculty and research staff, numbering over 4,300, come from 80 countries, bringing international perspectives and industry experience.\n\n<image_summary>The page features four photographs showcasing various aspects of NTU life:\n1. Students enjoying a picnic in a green outdoor area.\n2. A modern architectural structure at night, likely representing one of NTU's iconic buildings.\n3. Students shopping in a supermarket, emphasizing the campus amenities.\n4. Students socializing in a café, highlighting the vibrant campus community.\n5. A bustling indoor mall or plaza, illustrating the lively environment on campus.</image_summary>\n</summary>"
    },
    "5": {
      "summary": "<summary>\nThe page provides an overview of the academic structure at Nanyang Technological University (NTU), listing its various schools and colleges, along with information about campus transportation and navigation tools. On the left side, the page outlines the different colleges and institutes, including the Nanyang Business School, College of Engineering, College of Humanities, Arts & Social Sciences, College of Science, Interdisciplinary Graduate School, Lee Kong Chian School of Medicine, and Autonomous Institutes. Each college is further broken down into its constituent schools or divisions.\n\nOn the right side, the page focuses on \"Travelling within Campus,\" detailing options for internal shuttle buses and public bus services. For the internal shuttle bus, users can access real-time arrival information via a website or a mobile application called Traversity. Public bus services 179, 179A, and 199 are also mentioned as alternatives for commuting around the Yunnan Garden campus.\n\nAdditionally, the page highlights the Interactive Campus Map, which serves as a comprehensive navigation tool. This map allows users to locate lecture theatres, tutorial rooms, buildings, and landmarks, find directions between places, and even integrate Google Street View and shuttle bus routes. The map is accessible online and works on mobile devices, providing interactive directions.\n\nThere are no tables, figures, or images present on this page; the information is entirely conveyed through text and bullet points.\n</summary>"
    },
    "6": {
      "summary": "<summary>\nThis page introduces the Student Services Section at the Student Affairs Office (SAO), which includes Student Support and the One Stop @ Student Activities Centre. The section provides various services and support for international students, such as pre-arrival information, Student’s Pass application assistance, immigration matters, insurance advice, pastoral care, crisis support, and part-time employment endorsement. Additionally, it organizes programs to promote cross-cultural understanding and interaction, including orientation, campus tours, coffee sessions, community service, cultural tours, festive open houses, host family programs, luncheons, pre-graduation seminars, and the Grow, Embrace, and Learn (G.E.L.) Programme. Contact information for Student Support is provided, along with office hours and a mailing address. The location of the SAO is also detailed, indicating it is situated on the 4th level of the Student Services Centre, with a link to an online map for easy navigation.\n\n<image_summary>The page features four small images showcasing different activities related to student life and support. The first image depicts students participating in a collaborative art project, the second shows students interacting at a service counter, the third captures a group photo of students outdoors near a cityscape, and the fourth illustrates a large audience attending a lecture or event in an auditorium.</image_summary>\n\n</summary>"
    },
    "7": {
      "summary": "<summary>\nThe page provides an overview of the One Stop @ Student Activities Centre (SAC) at Nanyang Technological University (NTU). It highlights that One Stop @ SAC serves as a central hub for general inquiries, applications, document submissions, and payments related to NTU services. The center offers high-quality, innovative, and integrated student services, including two IT service desk counters. Notably, it is a cashless office, but students can also pay using credit cards, E-nets, EZ cards, Nets flash pay, cheques, or telegraphic transfers. Contact information, including a hotline and email address, is provided for assistance. The mailing address and operating hours are detailed, with the center open from Monday to Thursday (8:30 am – 5:00 pm), Friday (8:30 am – 4:45 pm), and the eve of public holidays (8:30 am – 12 noon). The center is closed on Saturdays, Sundays, and public holidays. Directions to locate the center are included, noting its proximity to the Student Activities Centre at the North Spine Plaza, with a link to an online map for further guidance.\n\n<image_summary>The page features four photographs showcasing different areas of the One Stop @ SAC. These images depict the interior of the center, highlighting its modern design, seating arrangements, service counters, and staff assisting visitors. The images provide a visual representation of the welcoming and organized environment.</image_summary>\n</summary>"
    },
    "8": {
      "summary": "<summary>\nThe page features a visually striking image of an airplane wing extending into the sky, with a backdrop of fluffy white clouds and a clear blue sky. The scene suggests travel and adventure, emphasizing the theme of departure. In the bottom left corner, there is a prominent blue box with white text that reads \"BEFORE LEAVING HOME,\" indicating that this section likely provides guidance or tips for preparing before embarking on a journey.\n\n<image_summary>The image shows an airplane wing in flight, with a serene view of clouds and a distant horizon, symbolizing travel and the anticipation of leaving home.</image_summary>\n\nThis page serves as an introductory or transitional section, setting the stage for practical advice or information related to pre-travel preparations.\n</summary>"
    },
    "9": {
      "summary": "<summary>\nThis page provides a checklist titled \"BEFORE LEAVING HOME,\" designed to help individuals prepare for their stay in Singapore. The checklist includes several key steps such as accepting an Offer of Admission by a specified deadline, applying for an Entry Visa if required, obtaining a Student's Pass, arranging housing and travel, and packing necessary belongings. The packing list specifies items like a signed eForm16, passport-sized photographs, original admission letters, educational certificates, cash for initial expenses, prescribed medication, personal items, clothing, and formal wear. Additionally, it emphasizes bringing essential documents for clearance at the Singapore Checkpoint, including a valid passport, travel tickets, a print-out of the In-Principle Approval (IPA) letter, and the Letter of Admission.\n\nThere are no tables, figures, or images on this page; the content is entirely textual and organized into bullet points for clarity.\n</summary>"
    },
    "10": {
      "summary": "<summary>\nThe page features an image of a modern, cylindrical building complex with a unique architectural design. The structure consists of multiple stacked circular modules, giving it a layered and organic appearance. The building is surrounded by greenery, including trees and plants integrated into its design, emphasizing sustainability and eco-friendliness. The foreground includes a road labeled \"ARRIVAL,\" indicating the entrance or main access point to the facility. The overall setting appears to be in an urban environment, with other buildings visible in the background under a clear blue sky.\n\n<image_summary>The image showcases a contemporary architectural marvel with a focus on sustainable design. The cylindrical modules are made of light-colored materials, likely wood or composite, and feature balconies adorned with greenery. The surrounding area includes landscaped gardens and paved pathways, enhancing the building's integration with nature. The \"ARRIVAL\" label highlights the primary entry point, suggesting this is a significant landmark or public facility.</image_summary>\n</summary>"
    },
    "11": {
      "summary": "<summary>\nThis page, titled \"ARRIVAL,\" provides a checklist for new students at NTU (Nanyang Technological University) to help them settle in during their first few weeks. The checklist includes essential tasks such as knowing how to get to NTU, checking into housing, registering with SAO-Student Support, undergoing a medical examination (for students on more than 6 months study program), completing Student’s Pass formalities, matriculation procedures, opening a bank account (if applicable), purchasing a Singapore mobile line (optional), activating network and Office 365 EDU accounts, updating personal details via relevant portals, attending orientation events, and joining student clubs or societies (optional).\n\nThe page emphasizes the importance of using this checklist to manage the various tasks required for settling into university life. It also directs readers to refer to specific sections for detailed information on certain tasks, such as the Medical Examination section and Student’s Pass section.\n\nThere are no tables, figures, or images on this page; it solely consists of a bulleted list of tasks with checkboxes for tracking progress.\n</summary>"
    },
    "12": {
      "summary": "<summary>\nThis page provides detailed guidance on how to reach Nanyang Technological University (NTU) in Singapore using various modes of transportation, including taxis, Mass Rapid Transit (MRT), and buses. It highlights the efficiency and affordability of Singapore's public transport system and recommends taxis for first-time visitors with luggage. For those unfamiliar with Singapore's public transport, it directs readers to the \"Travelling within Singapore\" section for more information.\n\nThe page explains that the nearest MRT stations to NTU are Boon Lay (EW27) and Pioneer (EW28) on the East West Line, operated by SMRT Corporation. From Boon Lay station, one can take bus services 179 or 199 to reach NTU via the adjacent bus interchange. From Pioneer station, the Campus Rider bus stops in front of Block 649A, Jurong West Street 61.\n\nFor taxi users, the page advises hailing taxis at designated bays outside the Arrival Hall at the airport, taxi stands, or safe locations along public roads. Drivers should be informed of the destination address, and passengers traveling to NTU are advised to request the Pan Island Expressway (PIE) route, which takes approximately 45 minutes. Taxi fares are metered and based on distance traveled, with surcharges applicable. Passengers are encouraged to ask for receipts and check for surcharges. A link to comprehensive information about Singapore taxis is provided.\n\nThe page also mentions that if arriving from Changi Airport and traveling light, one can take the train from Changi Airport (CG2) to Tanah Merah (EW4), then transfer to Boon Lay or Pioneer station. This journey may take over an hour. Additionally, it notes that trains and public buses do not operate between midnight and 5:30 am daily.\n\nFor a map of MRT stations in Singapore, readers are directed to visit the NTU website at www.ntu.edu.sg/AboutNTU/visitingntu/Pages/location.aspx.\n\n<image_summary>The left image shows a blue taxi with the Comfort logo, representing the taxi option for reaching NTU. The right image displays a red and white double-decker bus labeled \"SBS Transit,\" indicating the bus service available for commuting to NTU.</image_summary>\n</summary>"
    },
    "13": {
      "summary": "<summary>\nThis page provides guidance for students arriving at NTU, focusing on housing check-in, registration with SAO-Student Support, matriculation, and setting up a bank account. It emphasizes the importance of providing arrival details online for campus housing and offers contact information for housing inquiries. Students are advised to settle into housing before registering with SAO-Student Support, bringing necessary documents such as passports, embarkation cards, and receipts. Matriculation procedures are outlined, leading to the issuance of a matriculation card. For students studying for six months or more, the page lists local banks where accounts can be opened, along with their websites and telephone numbers. Requirements for opening a bank account include an original passport, Student's Pass, and proof of Singapore address.\n\n<table_summary>Table 1: This table provides contact information for different student categories regarding housing matters. It includes three rows: Undergraduate Students, Graduate Students, and Exchange Students, each with corresponding email addresses for inquiries.</table_summary>\n\n<table_summary>Table 2: This table lists local banks in Singapore, including Development Bank of Singapore (DBS), Overseas-Chinese Banking Corporation (OCBC), POSBank, and United Overseas Bank Ltd (UOB). It provides their respective websites and local telephone numbers for easy access.</table_summary>\n\nNo figures, charts, or images are present on this page.\n</summary>"
    },
    "14": {
      "summary": "<summary>\nThe page provides information about network and Office 365 EDU accounts, mobile phone options in Singapore, orientations and welcome events, and student life at NTU. It explains how network accounts grant access to NTU resources like the computer network, Intranet portal iNTU, e-services, e-learning platforms, and library databases. Office 365 EDU accounts offer email and Office 365 services, serving as a lifelong account for alumni. Users must change their account passwords before using them. For mobile phones, three telecommunication companies—M1, SingTel, and StarHub—are listed with their websites for more information. Orientations and welcome events, such as Freshmen Welcome Ceremonies and campus tours, help new students familiarize themselves with NTU services and socialize. Finally, the page highlights NTU's vibrant student life with over 100 clubs and organizations covering diverse interests.\n\n<table_summary>\nTable 1: Lists the three major telecommunication companies in Singapore (M1, SingTel, StarHub) along with their respective websites for signing up for mobile lines.\n</table_summary>\n\n<figure_summary>\nNo figures, charts, or diagrams are present on this page.\n</figure_summary>\n\n<image_summary>\nNo images are present on this page.\n</image_summary>\n</summary>"
    },
    "15": {
      "summary": "<summary>\nThe page appears to focus on the topic of immigration, as indicated by the prominent text \"IMMIGRATION\" in bold white letters against a teal background. The visual elements include a close-up image of a passport, symbolizing travel and international movement, which is central to immigration discussions. In the background, there is a blurred map, suggesting global mobility and the various destinations related to immigration. Additionally, part of a visa or travel document is visible at the bottom left corner, further emphasizing the theme of international travel and legal documentation required for immigration purposes.\n\n<image_summary>The primary image is a close-up of a blue passport with the word \"PASSPORT\" embossed on it. This is placed over a blurred world map, highlighting the connection between passports and international travel. A portion of a visa or travel document is also visible, featuring stamps and text, indicating the administrative processes involved in immigration.</image_summary>\n\nThis combination of imagery effectively conveys the themes of travel, documentation, and global movement associated with immigration.</summary>"
    },
    "16": {
      "summary": "<summary>\nThis page discusses the requirements and procedures related to obtaining and managing a Student's Pass in Singapore for international students enrolled at NTU. It emphasizes the necessity of holding a valid Student's Pass issued by the Immigration & Checkpoints Authority (ICA) of Singapore. The page provides details on the application process, including timing, submission methods, and associated fees. It also outlines the cancellation procedure and notes additional charges for lost/stolen passes or amendments.\n\n<image_summary>The page includes two images: one showing the back of a Student's Pass, which displays details like the FIN number, visa type, and validity dates, and another showing the front of the pass, featuring personal information such as name, date of birth, sex, nationality, and a photo.</image_summary>\n\n<table_summary>A table lists the application fees and charges for the Student's Pass, including a non-refundable processing fee of $30, an issuance fee of $60, and an optional multiple-entry visa fee of $30 for visa-required nationals.</table_summary>\n\n<figure_summary>No specific figures, charts, or diagrams are present on this page.</figure_summary>\n</summary>"
    },
    "17": {
      "summary": "<summary>\nThis page focuses on immigration-related matters for students at NTU, covering medical examinations, overstay regulations, social visit passes, and useful contacts for ministries. It emphasizes that admission to NTU is contingent upon obtaining a valid Student's Pass from ICA, requiring international students to undergo medical examinations if their study period exceeds six months. These exams include HIV and TB tests conducted at Fullerton Healthcare@NTU. Failure to pass these exams results in denial of admission. Students must also ensure they do not overstay their visa, as it is punishable under the Immigration Act, and they need to apply for extensions at least a month before expiry. Additionally, the page provides guidance on applying for an Entry Visa for spouses and children visiting Singapore, extending Social Visit Passes, and lists contact details for relevant authorities such as ICA and MOM.\n\n<table_summary>\nThe table provides contact information for two key ministries:\n- **Immigration & Checkpoints Authority (ICA)**: Details include address, location near Lavender MRT station, a 24-hour call center number, and website (www.ica.gov.sg).\n- **Ministry of Manpower (MOM)**: Details include address, location near Clarke Quay MRT station, telephone number, and website (www.mom.gov.sg).\n</table_summary>\n\nThere are no figures, charts, or images on this page.\n</summary>"
    },
    "18": {
      "summary": "<summary>\nThe page features a visually striking composition centered around the theme of \"Health, Wellness, and Insurance.\" A wooden artist's mannequin is depicted in an active pose, with one arm raised high and the other bent at the elbow, suggesting movement and vitality. The mannequin's dynamic stance conveys a sense of energy and health. Overlaid on the image is a bold pink rectangular block with the text \"HEALTH, WELLNESS AND INSURANCE\" in white capital letters, emphasizing the focus of the page.\n\n<image_summary>The image prominently displays a wooden artist's mannequin in a dynamic pose, symbolizing activity and wellness. The mannequin's limbs are extended, giving it a lively and energetic appearance. The pink rectangular overlay with the text reinforces the thematic connection to health, wellness, and insurance.</image_summary>\n\nThis combination of visual and textual elements effectively communicates the importance of maintaining health and wellness while highlighting the role of insurance in supporting these goals. The overall design is clean and impactful, drawing attention to the central message.\n</summary>"
    },
    "19": {
      "summary": "<summary>\nThis page focuses on health, wellness, and insurance resources available near NTU (Nanyang Technological University). It provides detailed information about general medical care services offered by Fullerton Healthcare@NTU, including outpatient medical and dental treatment, laboratory and x-ray investigations, minor surgery, immunization, and travel medical advice. The page also lists contact details, address, telephone numbers, and operating hours for Fullerton Healthcare@NTU. Additionally, it mentions nearby private clinics and pharmacies, directing readers to visit a SingHealth website for a comprehensive list of clinics in Singapore. It emphasizes that visits to private clinics are at the individual's own expense. Two nearby pharmacies, Guardian Pharmacy and Watsons Your Personal Store, are listed with their locations at Jurong Point Shopping Mall.\n\n<table_summary>\nThe table provides operational details for Fullerton Healthcare@NTU, including:\n- **Address**: Fullerton Healthcare @ NTU, University Health Service, 36 Nanyang Avenue, #01-01, Singapore 639801.\n- **Telephone Numbers**: Medical: (65) 6793 6828 / (65) 6793 6794; Dental: (65) 6790 8331.\n- **Operating Hours**:\n  - Monday to Friday: 8.30am to 9.00pm (last registration at 8.30pm).\n  - Saturday: 9.30am to 12.00noon.\n  - Sunday and Public Holidays: Closed.\n</table_summary>\n\n<image_summary>\nAn image of the entrance to Fullerton Healthcare@NTU is shown. The entrance features signage indicating directions to the \"University Health Service,\" \"Medical & Dental Clinic,\" \"Student Wellbeing Centre,\" and \"Employee Wellbeing Centre.\" The area appears modern, with glass doors, a covered walkway, and greenery visible outside.\n</image_summary>\n\n<figure_summary>\nNo specific figures, charts, or graphs are present on this page.\n</figure_summary>\n</summary>"
    },
    "20": {
      "summary": "<summary>\nThe page provides guidance on handling medical emergencies and seeking reimbursement for healthcare services in Singapore. It emphasizes the importance of visiting the nearest government hospital's Emergency department during a medical emergency, specifically highlighting Ng Teng Fong General Hospital as the nearest option. Contact details for this hospital, including the telephone number, email address, and website, are provided. Additionally, the page outlines the Group Hospitalisation and Surgical Insurance (GHSI) scheme, which covers eligible students for outpatient specialist care up to $1000 per policy year and hospitalization fees at government/restructured hospitals. Reimbursement for outpatient specialist care requires referral from Fullerton Healthcare@NTU or an A&E department. For more detailed information on GHSI, readers are directed to the Insurance section. A list of Singapore Government/Restructured Hospitals and Specialist Clinics is included in a table at the bottom of the page.\n\n<table_summary>\nTable 1: Lists the names and websites of various Singapore Government/Restructured Hospitals and Specialist Clinics, providing quick access to their online resources.\n</table_summary>\n\n<image_summary>\nNo images are present on the page; all visual elements are textual or tabular.\n</image_summary>\n</summary>"
    },
    "21": {
      "summary": "<summary>\nThis page focuses on the support services available for students' health, wellness, and insurance needs at an educational institution. It highlights support for students with special needs, academic counselling, pastoral care, and professional counselling. The Accessible Education Unit (AEU) provides guidance and advice for students with disabilities such as physical/mobility issues, sensory impairments, learning disabilities, and neurological deficits. Students requiring support must contact AEU via email and provide medical evidence or specialist reports for verification. For academic challenges, students can seek help from faculty, tutors, or the Assistant Chair of Students. Pastoral care is offered through SAO-Student Support for students facing loneliness, illness, or hospitalization away from home. Professional counselling is available at the Student Wellbeing Centre, staffed by registered counsellors who assist students with various personal and academic issues. Contact information for SAO-Student Support is provided, including office location, phone numbers, and email address.\n\n<table_summary>\nThe table titled \"Locate SAO-Student Support\" provides contact details for accessing student support services. It includes the office location (level 4 of the Student Services Centre), two telephone numbers (one for office hours and one for a 24-hour campus security hotline), and an email address for inquiries.\n</table_summary>\n\n<image_summary>\nAn image of a professional counselling room is included, showing a cozy and welcoming environment with comfortable seating, a coffee table with greenery, informational brochures, and a television screen mounted on the wall. This visual emphasizes the supportive and confidential nature of the counselling services offered.\n</image_summary>\n</summary>"
    },
    "22": {
      "summary": "<summary>\nThe page provides information about various support services and insurance schemes offered by NTU (Nanyang Technological University) to its students. It begins by detailing how to access professional counseling services through the Student Wellbeing Centre, including appointment booking options and contact information. For emergencies after office hours, students can reach out to Campus Security or their Hall Fellow if living in a Hall of Residence.\n\nThe page then introduces the Peer Helping Programme, where trained student volunteers provide emotional and psychological support to fellow students under the guidance of professional counselors. Contact details for more information are provided.\n\nNext, it discusses workshops and self-help resources available through the Student Wellbeing Centre, covering topics like learning strategies, stress management, and relaxation techniques. Links to online resources and the Centre's location are also mentioned.\n\nThe section on \"Stay Healthy\" encourages students to adopt an active lifestyle, directing them to programs at the Sports and Recreation Centre and the Healthy Lifestyle Unit.\n\nThe page also outlines NTU's insurance schemes:\n- **Group Hospitalisation and Surgical Insurance (GHSI)**: Compulsory for all full-time international students, including Singapore permanent residents. It helps cover hospitalization costs, with eligible students receiving a Letter of Guarantee (LOG) instead of paying a deposit upfront.\n- **Group Personal Accident Insurance (GPAI)**: Provides basic coverage for accidental death, permanent disability, and medical reimbursement for accidents, available for undergraduates and full-time graduate students (optional).\n\nLinks to detailed information about each insurance scheme are provided throughout the section.\n\nThere are no tables, figures, or images on this page; the content is entirely textual, focusing on providing practical information and resources for students.\n</summary>"
    },
    "23": {
      "summary": "<summary>\nThis page discusses the importance of having adequate insurance coverage for overseas travel for students participating in internships, conferences, exchange programs, and study abroad programs. It emphasizes that the GHSI scheme does not provide sufficient coverage for such travels and advises students to consider additional insurance options. A table is provided summarizing two insurance schemes: Group Hospitalisation and Surgical Insurance (GHSI) and Group Personal Accident Insurance (GPAI). The table outlines the insurance coverage, administering body, and eligibility criteria for each scheme. Additionally, notes clarify that full-time international undergraduates requiring hospitalization or surgery due to an accident should first claim under the GPAI scheme, and that information about the GHSI and GPAI is subject to changes.\n\n<table_summary>\nThe table titled \"Insurance Scheme\" provides a comparison of two insurance schemes: Group Hospitalisation and Surgical Insurance (GHSI) and Group Personal Accident Insurance (GPAI). It includes columns for \"Insurance Coverage,\" \"Administered By,\" and \"Eligibility.\" For GHSI, it covers accidental death, hospitalization, surgery due to illness (including mental illness), and accidental bodily injury, administered by SAO-Student Support at the Student Affairs Office, and is eligible for full-time international students and Singapore permanent residents. GPAI covers death, permanent disability, and medical costs arising from accidents, administered by the Student Affairs Office, and is primarily for undergraduates, though full-time graduate students may opt for it.\n</table_summary>\n\n<figure_summary>\nThere are no figures, charts, or diagrams present on this page.\n</figure_summary>\n\n<image_summary>\nThere are no images, photos, or illustrations present on this page.\n</image_summary>\n</summary>"
    },
    "24": {
      "summary": "<summary>\nThe page features a close-up image of an older-style mobile phone resting on a keyboard, emphasizing communication technology. The primary focus is on the \"EMERGENCY HOTLINE\" text displayed prominently in bold white letters on a vibrant pink rectangular overlay at the bottom left corner of the image. This design choice suggests the importance of emergency contact and accessibility.\n\n<image_summary>The image shows a classic mobile phone with a physical keypad, including numbers and letters, placed on a blurred background of a computer keyboard. The phone's design indicates it is from an earlier era of mobile technology, highlighting the enduring need for reliable communication tools.</image_summary>\n\nThe overall composition conveys a message about the availability and significance of emergency services, using visual cues to draw attention to the hotline's importance. The combination of the phone and the bold text reinforces the theme of connectivity and urgency.\n</summary>"
    },
    "25": {
      "summary": "<summary>\nThis page provides essential information about emergency hotlines and procedures for various scenarios at NTU (Nanyang Technological University). It emphasizes the importance of saving these numbers in mobile devices for quick access during emergencies. Additionally, it directs readers to visit www.ntu.edu.sg/studentwellbeing for more crisis helplines.\n\n<table_summary>Table 1: Lists emergency parties and their corresponding telephone numbers, including Police (999), Ambulance (995), NTU Student Wellbeing Centre (6790 4462), Fullerton Healthcare@NTU (6793 6828), NTU Campus Security (6790 5200), and NTU Fault Reporting Centre (6790 4777). Some numbers are marked as 24-hour services.</table_summary>\n\n<table_summary>Table 2: Outlines who to call for different emergency scenarios. It includes medical emergencies, emotional distress/suicidal tendencies, road accidents, crime, missing persons, fire, rowdy behavior, and lift breakdown/power blackouts/burst pipes. Each scenario specifies the appropriate contact(s) based on office hours or after-hours situations.</table_summary>\n\nThe page also highlights the 24-hour campus security measures, noting that the campus is patrolled daily by security officers, complemented by CCTV and security access control systems. While the campus has a low crime rate, students are advised to remain vigilant about their safety and belongings. Fire drills and emergency evacuation procedures are mentioned as part of the campus's safety protocols.\n\nNo images or figures are present on this page, aside from icons used to visually represent different emergency scenarios in Table 2.\n</summary>"
    },
    "26": {
      "summary": "<summary>\nThe page features a close-up image of a planner with a fountain pen resting on it, emphasizing themes of organization and academic planning. The text \"ACADEMIC CALENDAR AND UNIVERSITY HOLIDAY\" is prominently displayed in a pink box, indicating that the page likely introduces or discusses the academic calendar and university holidays. The planner shows a weekly layout with days labeled from Sunday to Wednesday, and dates ranging from the 2nd to the 26th, suggesting a focus on scheduling and time management.\n\n<image_summary>The image shows a detailed view of a planner with a fountain pen placed diagonally across it. The planner has a clean, organized design with a grid layout for each day of the week, highlighting the importance of planning and scheduling. The pen adds a touch of elegance and suggests the act of writing or marking important dates.</image_summary>\n\nThis visual setup effectively conveys the theme of academic planning and organization, aligning with the textual emphasis on the academic calendar and university holidays. The combination of the planner and pen reinforces the idea of meticulous scheduling and preparation, which are crucial for managing academic responsibilities and holidays efficiently.\n</summary>"
    },
    "27": {
      "summary": "<summary>\nThis page provides the **2016-2017 Academic Calendar** for an institution, detailing the schedule for Semester 1, Semester 2, Special Term I, and Special Term II. It includes key dates for teaching weeks, recess weeks, revision and examination periods, and vacations. Additionally, it highlights important events such as Convocation, Freshmen Orientation, and campus-wide celebrations. A note specifies that research students in postgraduate programs are expected to work on their projects throughout their candidature.\n\n<table_summary>\nTable 1: This table outlines the academic calendar for the 2016-2017 academic year, listing the start and end dates for each semester, special terms, teaching weeks, recess weeks, revision and examination periods, and vacations. It also includes specific dates for key events like Freshmen Orientation and Convocation.\n</table_summary>\n\n<table_summary>\nTable 2: This table lists significant campus events, including Convocation 2016, Undergraduate Freshmen Orientation, Undergraduate Qualifying English Test, Freshmen Welcome Ceremony, Students' Union Day / Academic Council Meeting, and Celebrate NTU! Each event is accompanied by its respective date(s).\n</table_summary>\n\n<image_summary>\nThere are no images or illustrations on this page. The content is entirely text-based, consisting of tables and descriptive text.\n</image_summary>\n\nThe page concludes with a note directing readers to visit the institution's website for the full calendar and additional details.\n</summary>"
    },
    "28": {
      "summary": "<summary>\nThe page provides information about university holidays in Singapore, specifically focusing on public holidays in 2016 and 2017. It states that the university is closed during public holidays, and classes will proceed as usual on the following Monday if the holiday falls on a Saturday. A table lists the public holidays for these years, including dates and days of the week. Additionally, the page directs readers to websites for academic services, such as the Academic Unit System, Curriculum Structure, Examinations, Course Registration, and other services, tailored for undergraduate and graduate students.\n\n<table_summary>\nTable 1: Lists the public holidays in Singapore for 2016 and 2017, including National Day, Hari Raya Haji, Deepavali, Christmas Day, New Year's Day, Chinese New Year, Good Friday, Labour Day, Vesak Day, and Hari Raya Puasa. Each entry includes the date and day of the week, with an asterisk (*) indicating that the following Monday will also be a public holiday.\n</table_summary>\n\n<figure_summary>\nNo figures, charts, or diagrams are present on this page.\n</figure_summary>\n\n<image_summary>\nNo images, photos, or illustrations are present on this page.\n</image_summary>\n</summary>"
    },
    "29": {
      "summary": "<summary>\nThe page highlights the importance of a collaborative and supportive learning environment. It features an image of four students engaged in group study, emphasizing teamwork and interaction. The students are seated on the floor, surrounded by books, notebooks, and a laptop, indicating a focus on academic activities. The setting appears casual and comfortable, suggesting a relaxed yet productive atmosphere conducive to learning. The text \"YOUR LEARNING ENVIRONMENT\" is prominently displayed, reinforcing the theme of fostering an optimal space for education and growth.\n\n<image_summary>The image shows four diverse students working together in a communal setting. They are seated on the floor, with open books, notebooks, and a laptop spread out between them. The students appear engaged and focused, with one pointing at something in a book while others listen attentively. A beige backpack is visible in the foreground, adding to the casual and studious ambiance.</image_summary>\n</summary>"
    },
    "30": {
      "summary": "<summary>\nThis page discusses various aspects of NTU's learning environment, focusing on e-learning, mobile learning, computer ownership, and computing facilities. It highlights NTULearn as the primary online learning platform, enabling students to access course materials, submit assignments, participate in discussions, and more. BbLearn, available via the NTU mobile app, provides on-the-go access to announcements, class rosters, group discussions, grades, and other features. Additionally, the i-Ngage tablet app supports collaborative activities and online quizzes. The Centre for IT Services (CITS) manages NTU’s e-learning tools, including Clickers, LAMS, AcuStudio, eUreka, Turnitin, and BBConnect. Students are encouraged to own personal computers for effective learning, with attractive vendor prices and a PC/laptop loan scheme available. The Learning Pod @ South Spine is introduced as a state-of-the-art learning space featuring discussion rooms, open learning areas, flexible furniture, power outlets, and printing services. NTU students also benefit from advanced IT infrastructure, including Office 365 accounts, high-speed networks, e-services, library resources, and live video webcasts.\n\n</summary>"
    },
    "31": {
      "summary": "<summary>\nThe page provides an overview of the NTU Libraries, highlighting their role in offering rich resources, collaborative spaces, and research support to students. It mentions that there are seven libraries available across the campus, each specializing in different fields. The libraries listed include:\n\n- **Art, Design and Media Library (ART-01-03)**: Focuses on print and multimedia collections.\n- **Asian Communication Resource Centre (WKWSCI-01-18)**: Specializes in communication and information studies.\n- **Business Library (N2-B2b-07)**: Offers business collections and media services.\n- **Chinese Library (S3.2-85-01)**: Houses Chinese collections.\n- **Humanities and Social Sciences Library (S4-B3c)**: Provides humanities and social sciences collections.\n- **Lee Wee Nam Library (NS3-03-01)**: Contains engineering and science collections.\n- **Wang Gungwu Library (CHC-02)**: Focuses on overseas Chinese collections.\n\nFor more details and access to resources, readers are directed to visit the website: www.ntu.edu.sg/library.\n\nThe page includes several images that illustrate the library environments and activities:\n- One image shows students studying in a cozy, modern space with bean bags and green flooring, emphasizing a relaxed learning atmosphere.\n- Another image depicts a well-lit study area with round tables and chairs, showcasing a collaborative workspace.\n- A third image features a presentation setup with a projector displaying a chart titled \"Facebook's international age distribution,\" indicating the use of libraries for academic presentations and data analysis.\n- The final image shows a busy library setting with numerous students engaged in group work and individual study, highlighting the active and dynamic nature of the library environment.\n\n</summary>"
    },
    "32": {
      "summary": "<summary>\nThe page showcases an action-packed moment from a basketball game, highlighting the vibrant student life at NTU (National Taiwan University). The image captures four players in mid-action, with one player in a white jersey attempting a shot at the basket while being defended by another player in a black jersey. The intensity of the game is evident through the players' focused expressions and dynamic postures. The background features a brightly lit indoor basketball court with a yellow wall, emphasizing the competitive and energetic atmosphere. A green banner at the bottom left corner prominently displays \"STUDENT LIFE @ NTU,\" underscoring the theme of extracurricular activities and sports as integral parts of university life.\n\n<image_summary>The image depicts a basketball game in progress, showcasing players in action near the hoop. The player in the white jersey is shooting the ball, while the player in the black jersey attempts to block the shot. Other players are positioned nearby, observing the play. The setting is an indoor basketball court with a yellow wall and a bright, well-lit environment.</image_summary>\n</summary>"
    },
    "33": {
      "summary": "<summary>\nThis page from \"Student Life @ NTU\" highlights the vibrant student life at Nanyang Technological University (NTU), focusing on student organizations and sports activities. The section on **Student Organisations** emphasizes the diverse range of clubs and societies available, catering to interests such as cultural performances, sports, and community work. With over 100 organizations, students can find groups aligned with their hobbies, from astronomy to ballroom dancing. Links are provided for further exploration of these clubs and societies.\n\nThe **Sports and Games** section invites students to engage in various sporting activities, whether recreational or competitive. It mentions the availability of programs and facilities at the Sports and Recreation Centre, encouraging students to participate in a wide array of sports. A link is provided for more information about these opportunities.\n\nVisual elements include four small images showcasing different sports activities: water sports, field sports, swimming, and martial arts. These images illustrate the variety of physical activities available on campus.\n\nA detailed list categorizes sports into several groups:\n- **Adventure/Water Sports**: Activities like canoeing, climbing, dragon boat, lifeguard corps, outdoor adventure, scuba diving, swimming, wakeboarding, windsurfing, water polo, and yachting.\n- **Ball Games**: Sports such as basketball, floorball, handball, netball, volleyball, and tchoukball.\n- **Field Sports**: Cricket, football, rugby, and touch football.\n- **Mind Games**: Contact bridge, international chess, and weiqi.\n- **Martial Arts**: Aikido, judo, shitoryu karate, silat, and taekwondo.\n- **Racquet Games**: Badminton, squash, tennis, and table tennis.\n- **Other Sports**: Aquathlon, archery, bowling, cheerleading, fencing, golf, inline skating, runners' club, snooker and pool, sport shooting, track and field, and ultimate frisbee.\n\nThese categories provide an overview of the extensive range of sports and games offered at NTU, catering to a broad spectrum of interests and skill levels.\n\n</summary>"
    },
    "34": {
      "summary": "<summary>\nThe page titled \"Student Life @ NTU\" focuses on two main aspects of campus life at Nanyang Technological University (NTU): meals and amenities such as postal, banking, and retail services. \n\nUnder the section \"Meals on Campus,\" it highlights the availability of diverse dining options including canteens, cafes, and restaurants. It mentions that the average cost of a meal in the canteen is $4 but varies based on food preferences. A link is provided for students to access a list of dining establishments: http://www.ntu.edu.sg/has/FnB/Pages/index.aspx.\n\nThe second section, \"Postal, Banking and Retail,\" discusses the various amenities available on campus, such as ATMs and postal services. It encourages students to visit http://www.ntu.edu.sg/has/Pages/index.aspx for an updated list of facilities.\n\n<image_summary>The first image shows the exterior of a Starbucks café located within a campus building, indicating the presence of branded cafés on campus.</image_summary>\n\n<image_summary>The second image depicts a spacious indoor atrium or mall area within the campus, showcasing its modern architecture and bustling environment.</image_summary>\n\n<image_summary>The third image displays a row of ATMs from different banks (OCBC Bank, Citibank, and DBS) installed in a campus facility, highlighting the banking services available.</image_summary>\n\n<image_summary>The fourth image shows a postal box and a vending machine, further illustrating the retail and postal amenities accessible on campus.</image_summary>\n</summary>"
    },
    "35": {
      "summary": "<summary>\nThe page provides a detailed list of various facilities available in a campus-like environment, categorized by type. The facilities include postal services, banking and ATMs, supermarkets, convenience stores, bookstores, travel agencies, lifestyle shops, computer stores, hair care services, and self-service machines. Each facility is listed under its respective category, along with its specific location within the campus.\n\n<table_summary>\nThe table is organized into two main columns: \"Type of Facilities\" and \"Location.\" The \"Type of Facilities\" column is further divided into subcategories such as Postal, Bank/ATM, Supermarkets, Convenience Stores, Bookstores, Travel, Lifestyle, Computer Store, Hair Care, and Self-service Machines. Each subcategory lists specific facilities, and the corresponding \"Location\" column provides detailed information about where each facility can be found, including building names, levels, and proximity to other landmarks.\n</table_summary>\n\n<figure_summary>\nThere are no figures, charts, or graphs present on this page. The information is entirely conveyed through the table.\n</figure_summary>\n\n<image_summary>\nThere are no images, illustrations, or photographs present on this page. The content is purely textual and tabular.\n</image_summary>\n</summary>"
    },
    "36": {
      "summary": "<summary>\nThis page focuses on managing finances for students planning to study in Singapore, specifically at NTU. It emphasizes the importance of budgeting before arrival and provides guidance on estimated living costs, financial assistance options, and part-time employment opportunities.\n\nThe section titled \"Estimated Living Costs\" lists various expenses such as housing, meals, personal expenses, transportation, and textbooks, along with their approximate monthly or annual costs. Housing costs vary based on room type and are subject to revision, while other expenses depend on lifestyle choices.\n\nFinancial assistance is discussed, highlighting that loans are available for students in need. Students can find more information through the admissions package or via the provided website link.\n\nThe page also covers part-time employment, noting that the SAO-Student Support does not recommend relying on part-time work as a primary funding source due to its risks. It outlines rules for international students seeking part-time jobs outside campus, including the requirement for university approval and limitations on working hours. Additionally, it mentions part-time jobs on campus under the Work Study Scheme for undergraduates, specifying working hour limits and noting that prior university approval is not required for on-campus positions.\n\n</summary>"
    },
    "37": {
      "summary": "<summary>\nThe page features an aerial nighttime view of Singapore, highlighting its vibrant urban landscape and iconic landmarks. The text \"ABOUT SINGAPORE\" is prominently displayed in white capital letters against a green rectangular background, indicating that this page serves as an introduction or overview of the city-state. The image showcases the illuminated Marina Bay Sands hotel with its distinctive three-tower design and the Sands SkyPark connecting them at the top. Surrounding the hotel are various modern buildings, including the Esplanade Theatres on the Bay, recognizable by its dome-shaped structures. The waterfront area is bustling with activity, featuring boats and lights reflecting off the water, while the surrounding roads are filled with traffic trails. The overall scene emphasizes Singapore's blend of architectural marvels, cultural attractions, and dynamic nightlife.\n\n<image_summary>The image is a panoramic nighttime photograph of Singapore, capturing the city's skyline and waterfront. Key landmarks include the Marina Bay Sands hotel, the Esplanade Theatres on the Bay, and other modern skyscrapers. The scene is illuminated by artificial lighting, showcasing the city's vibrant and lively atmosphere.</image_summary>\n</summary>"
    },
    "38": {
      "summary": "<summary>\nThis page provides an overview of Singapore, highlighting its geographical location, economic significance, and cultural diversity. Singapore is described as a Southeast Asian city-state located off the southern tip of the Malay Peninsula, consisting of 63 islands. It is noted for its strategic position, which has made it a central sea port along major shipping routes. Despite its small land area of about 710 square kilometers, Singapore is economically powerful due to its free trade economy and efficient workforce. The page also emphasizes Singapore's multicultural society, with English as the primary language of instruction and four major ethnic groups—Chinese, Malay, Indian, and Eurasian—each contributing to the country's rich cultural tapestry in terms of culture, religion, food, and language.\n\n<image_summary>The image depicts a vibrant street scene in Chinatown, Singapore, at night. The area is bustling with people walking under colorful umbrellas, illuminated by warm streetlights and festive decorations. Traditional Chinese lanterns and signage add to the cultural ambiance, showcasing the lively and diverse atmosphere of this iconic neighborhood.</image_summary>\n</summary>"
    },
    "39": {
      "summary": "<summary>\nThis page provides an overview of Singapore's diverse attractions, highlighting both its historical charm and modern city life. It emphasizes Singapore's multicultural identity and encourages readers to explore beyond the typical tourist spots to discover the city's rich history and vibrant urban landscape. The page suggests visiting heritage trails and cultural precincts like Chinatown, Kampong Glam, Helix Bridge, and Little India for a taste of old-world charm. For those interested in modern city experiences, it recommends shopping malls, museums, dining hotspots, and nightlife areas such as Orchard Road, Marina Bay Sands, Clarke Quay, Boat Quay, and Avalon at Marina Bay. The page also includes several images showcasing iconic landmarks and cultural scenes, such as the Helix Bridge, Singapore skyline, Geylang Serai, Night Safari, and Little India.\n\n<image_summary>The page features six images:  \n1. **Helix Bridge**: A nighttime view of the iconic bridge, showcasing its unique double-helix design.  \n2. **Singapore skyline**: A panoramic shot of the city's modern skyline, featuring prominent skyscrapers and illuminated buildings.  \n3. **Geylang Serai**: An image of a vibrant street scene, likely depicting the colorful lights and festive decorations of this Malay neighborhood.  \n4. **Night Safari**: A photo of an elephant in a lush, natural setting, representing Singapore's famous wildlife park.  \n5. **Little India**: A close-up of colorful flower garlands, symbolizing the vibrant culture and markets of Little India.  \n\nThese images complement the text by visually illustrating the diverse experiences and attractions mentioned.</image_summary>\n</summary>"
    },
    "40": {
      "summary": "<summary>\nThis page, titled \"About Singapore,\" focuses on the diverse food scene in Singapore, highlighting various dining options available across different neighborhoods. It emphasizes the city's rich culinary offerings, ranging from traditional Peranakan and Chinese cuisine to Indian, Malay, and fusion dishes, catering to all tastes and preferences.\n\nThe page lists several popular food centers and markets, providing their addresses and brief descriptions of their unique features. These include Chinatown Complex Market, Chomp Chomp Food Centre, Golden Mile Food Centre, Holland Village Market and Food Centre, Maxwell Road Hawker Centre, Old Airport Road Food Centre, Tekka Centre, Clementi Market and Food Centre, East Coast Lagoon Food Village, Geylang Serai Market and Food Centre, Lau Pat Sat Festival Market, Newton Circus Food Centre, People’s Park Cooked Food Centre, and Tiong Bahru Market and Food Centre. Each entry provides insights into the type of food available, the local atmosphere, and the popularity among tourists and locals.\n\nThe page aims to guide readers to explore Singapore's vibrant food culture by visiting these iconic locations, each offering a unique dining experience.\n\nThere are no tables, figures, or images on this page; it solely relies on textual information to convey its message.\n</summary>"
    },
    "41": {
      "summary": "<summary>\nThe page focuses on the arts, culture, community activities, and events in Singapore. It highlights various cultural landmarks and museums under the \"Arts and Culture\" section, providing addresses and brief descriptions of each location. These include the Esplanade – Theatres on the Bay, National Museum of Singapore, ArtScience Museum at Marina Bay Sands, Chinatown Heritage Centre, Peranakan Museum, Maritime Experiential Museum and Aquarium, Singapore Discovery Centre, Asian Civilisations Museum, and Malay Heritage Centre. \n\nUnder \"Community and Sporting Activities,\" the page mentions the People's Association's role in promoting social cohesion through grassroots organizations and community clubs, directing readers to visit www.pa.gov.sg for more information. For sporting events, it directs readers to www.ssc.gov.sg.\n\nThe \"Events\" section lists a vibrant calendar of events in Singapore beyond major holidays, including the Chingay Parade Singapore, Dragon Boat Festival, Fashion Steps Out @ Orchard, F1 Singapore Grand Prix, Great Singapore Sale, Mosaic Music Festival, National Day Parade and celebrations, Singapore International Arts Festival, Singapore Food Festival, World Gourmet Summit, and ZoukOut. Four images accompany this section, visually representing some of these events: a drumming performance, a Formula 1 race, the Singapore Flyer, and a concert scene.\n\n</summary>"
    },
    "42": {
      "summary": "<summary>\nThis page provides an overview of Singapore's natural and recreational attractions, highlighting various parks, reserves, and landmarks managed by National Parks (NParks). It emphasizes Singapore's commitment to being a \"Garden City\" and offers insights into its diverse outdoor spaces, including nature reserves, bird parks, and urban parks. The page also includes links to websites for more detailed information.\n\nThe section begins by introducing NParks' role in developing Singapore as a Garden City, directing readers to www.nparks.gov.sg for further details. It then lists several key locations:\n\n- **Bukit Timah Nature Reserve**: Known for its rich biodiversity and as the site of Singapore's highest hill.\n- **Gardens By The Bay**: A massive 101-hectare park featuring rare plants in domed conservatories.\n- **MacRitchie Reservoir Park**: Offers scenic trails and a treetop walk.\n- **Labrador Nature Reserve**: An oasis with a staircase providing views of the sea and cliffside vegetation.\n- **Jurong Central Park**: Features life-sized board-game elements and is accessible via Boon Lay MRT Station.\n- **Mount Faber Park**: Includes a cable car to Sentosa Island and a mural wall at Upper Faber Point.\n- **Youth Olympic Park**: Named after the inaugural Youth Olympic Games held in Singapore, with a broadwalk connecting it to Marina Promenade.\n\nOn the right side, the page highlights other notable locations:\n\n- **East Coast Park**: A popular spot for barbecues, cycling, rollerblading, and water sports.\n- **Jurong Bird Park**: The largest bird park in Singapore, home to over 8,000 birds, with a link to www.birdpark.com.sg.\n- **Night Safari**: Offers nocturnal animal observations, featuring over 1,000 animals.\n- **Istana**: Provides views of the monthly changing of guards ceremony at the Istana.\n- **Marina Barrage**: Offers panoramic views of the Singapore Flyer and the city skyline.\n- **Hortpark**: A 9-hectare gardening lifestyle hub with Forest Walk and Canopy Walk features.\n- **Sentosa**: A vibrant island with activities like Universal Studio rides, FlowBarrel surfing, and historical landmarks, with a link to www.sentosa.com.sg.\n\nThere are no tables, figures, or images on this page; the content is purely textual, focusing on descriptive information about each location.\n</summary>"
    },
    "43": {
      "summary": "<summary>\nThe page discusses transportation options within Singapore, focusing on taxis and buses. It highlights the ease of travel due to the advanced transportation system in the city. For taxis, the page explains how they can be flagged down at taxi stands or along public roads outside the Central Business District (CBD) and provides a list of phone booking hotlines for various taxi companies. Taxis are metered, and fares include surcharges based on factors like time of day, distance, and location. Passengers are advised to check with the driver or company about surcharges before boarding and can request a receipt at the end of the trip. Payment is usually by cash, but some companies accept credit cards or NETs.\n\nFor buses, the page mentions that public buses operate from 5:30 am to midnight daily, with frequencies ranging from 5 to 20 minutes. Bus stops have information panels displaying route and fare details. Buses pick up and drop off passengers only at designated stops, and exact cash or ez-link cards are accepted for payment. Additional information on contactless smart cards can be found in another section of the guide, and further details are available on the websites www.sbstransit.com.sg or www.smrt.com.sg.\n\n<table_summary>\nTable 1: This table lists the phone booking hotlines for various taxi companies in Singapore, including a common taxi booking number and individual numbers for Comfort & CityCab, Premier Taxi, Smart Cab, SMRT Taxi, Trans-Cab Services, and Prime Taxi.\n</table_summary>\n\n<image_summary>\nAn image of a yellow taxi is shown, representing the typical appearance of taxis in Singapore. The taxi is depicted in motion, emphasizing its availability and convenience for travelers.\n</image_summary>\n</summary>"
    },
    "44": {
      "summary": "<summary>\nThe page provides an overview of Singapore's public transportation system, focusing on the Mass Rapid Transit (MRT) and Light Rapid Transit (LRT) systems, as well as other related services like the queue system, Changi Airport, and contactless smart cards. It highlights the convenience and comprehensiveness of the public transport network, which operates daily from 5:30 am to midnight, with varying first and last train times depending on stations, weekends, and public holidays. For fare information, commuters can use maps at MRT ticketing machines or visit websites like transitlink.com.sg or publictransport.sg. The page also emphasizes the importance of queuing at bus stops, taxi stands, and train stations, which is a common practice in Singapore. Additionally, it introduces Changi Airport as the primary airport in Singapore and a major aviation hub in Southeast Asia, directing readers to changiairport.com for more information. Lastly, the page discusses contactless smart cards (CEPAS-compliant), such as ez-link and NETS FlashPay, which facilitate cashless travel on MRT, LRT, and buses, available at most MRT stations and 7-Eleven stores.\n\n<image_summary>The first image shows an MRT train arriving at a station, emphasizing the modern and efficient nature of Singapore's public transport system.</image_summary>\n\n<image_summary>The second image depicts Changi Airport, showcasing its architectural design and the surrounding area, highlighting its role as a major aviation hub.</image_summary>\n</summary>"
    }
  }
}