{
  "doc_id": "05-03-18-political-release.pdf",
  "pages": {
    "1": {
      "summary": "3, 2018\n\n# Trump Viewed Less Negatively on Issues, but Most Americans Are Critical of His Conduct\n\n*Majority expresses confidence in Trump on economic policy*\n\n**FOR MEDIA OR OTHER INQUIRIES:**\n\nCarroll Doherty, Director of Political Research  \nJocelyn Kiley, Associate Director, Research  \nBridget Johnson, Communications Associate\n\n202.419.4372\n\nwww.pewresearch.org\n\n**RECOMMENDED CITATION**\n\nPew Research Center, May, 2018, “Trump Viewed Less Negatively on Issues, but Most Americans Are Critical of His Conduct.”"
    },
    "2": {
      "summary": "0\n\nPew Research Center is a nonpartisan fact tank that informs the public about the issues, attitudes and trends shaping America and the world. It does not take policy positions. It conducts public opinion polling, demographic research, content analysis and other data-driven social science research. The Center studies U.S. politics and policy; journalism and media; internet, science and technology; religion and public life; Hispanic trends; global attitudes and trends; and U.S. social and demographic trends. All of the Center’s reports are available at www.pewresearch.org. Pew Research Center is a subsidiary of The Pew Charitable Trusts, its primary funder.\n\n© Pew Research Center 2018"
    },
    "3": {
      "summary": "0\n\n**Trump Viewed Less Negatively on Issues, but Most Americans Are Critical of His Conduct**\n\nMajority expresses confidence in Trump on economic policy\n\nA majority of Americans find little or no common ground with Donald Trump on issues, but the share who say they agree with him on many or all issues has risen since last August. The public’s assessment of Trump’s conduct as president is little changed over the past nine months, with 54% saying they don’t like the way he conducts himself as president.\n\nCurrently, 41% of the public agrees with Trump on “all or nearly all” or many of the issues facing the country, while 57% agree with him on just a few issues or virtually none. In August, just 33% said they agreed with Trump on many or all issues.\n\nThe latest national survey by Pew Research Center, conducted April 25-May 1 among 1,503 adults, finds that 80% of Republicans and Republican-leaning independents now say they agree with Trump on many or all issues, up from 69% in August. And while just 12% of Democrats and Democratic leaners say the same today, the share of Democrats who say there are “no or almost no” issues where they align with Trump has dropped from 77% to 58%.\n\nDemocrats remain deeply critical of Trump’s conduct, with 85% saying they don’t like the way Trump conducts himself in office. But there is also criticism from within Trump’s own party: Just 38% of Republicans say they like the way he conducts himself, while 45% say they have “mixed feelings about the way he conducts himself as president.”\n\nThe Trump administration also gets low marks from the public for its ethical standards: 39% say the administration’s ethical standards are excellent or good, while 58% rate them as not good or\n\n\n---\n\n### Public views of Trump’s issue positions improve; critiques of conduct remain\n\n% who say they agree with Donald Trump on ___ issues facing the country today\n\n- No or almost no\n- A few\n- Many, not all\n- All or nearly all\n\n|    | May 2018 | 57 | 33 | 24 | 22 | 1"
    },
    "4": {
      "summary": "2\n\nPEW RESEARCH CENTER\n\npoor. On these views partisans are deeply divided, with three-quarters of Republicans (75%) giving the administration high marks and 86% of Democrats rating its ethical standards negatively.\n\nCritiques about ethical standards also extend to the two parties: Just 41% of Americans say the GOP has high ethical standards, while a nearly identical share (42%) say this about the Democratic Party.\n\nThe Republican and Democratic parties are now seen by half of the public (50% each) as having good policy ideas, a trait the public rated Democrats higher on in 2017. And more continue to view the GOP as “too extreme” (48%) than say this of the Democratic Party (42%).\n\nMost rate top Trump administration officials’ ethics as ‘not good’ or ‘poor’\n\n% who say that the ethical standards of top Trump administration officials are ...\n\n| Poor | Not good | Good | Excellent |\n|------|----------|-------|-----------|\n| Total | 58       | 36    | 9         | 39     |\n| Rep/Lean Rep | 22      | 7     | 19        | 75     |\n| Dem/Lean Dem | 86      | 61    | 2         | 12     |\n\nNote: Don't know responses not shown.\nSource: Survey of U.S. adults conducted April 25-May 1, 2018.\n\nPEW RESEARCH CENTER"
    },
    "5": {
      "summary": "3\n\nPEP RESEARCH CENTER\n\nConfidence in Trump higher on economic issues than in other domains\n\nPublic confidence in Trump on most key issues remains mixed, though a narrow majority (54%) now say they are either very or somewhat confident in him to negotiate favorable trade agreements with other countries. This is the first measure in Pew Research Center surveys on which significantly more say they are at least somewhat confident in Trump than say they are not too or not at all confident (54% vs. 44%).\n\nViews are similar about Trump’s ability to make good decisions about economic policy (53% express at least some confidence, 46% little or no confidence).\n\nPublic opinion is split over whether Trump can use military force wisely (46% confident, 51% little or no confidence) and make good appointments to federal courts (46% vs 48%).\n\nOn several other issues, such as immigration policy (55%), handling an international crisis (54%) and working effectively with Congress (54%), narrow majorities of the public say they have little or no confidence in Trump.\n\nAs was true in previous months, there are deep partisan divisions on these measures, with no fewer than three-quarters of Republicans – and no more than a quarter of Democrats – expressing confidence in Trump in each of these domains.\n\n| Not at all | Not too | Somewhat | Very |\n|-----------|---------|----------|------|\n| 44        | 26      | 30       | 54   |\n| 46        | 29      | 31       | 53   |\n| 51        | 32      | 26       | 46   |\n| 48        | 32      | 25       | 46   |\n| 52        | 34      | 21       | 45   |\n| 55        | 39      | 26       | 43   |\n| 54        | 35      | 25       | 43   |\n| 54        | 33      | 13       | 43   |\n\nNote: Don’t know responses not shown.\nSource: Survey of U.S. adults conducted April 25-May 1, 2018.\n\nPEP RESEARCH CENTER"
    },
    "6": {
      "summary": "43%\n\n\n**Since January, public’s confidence in Trump to handle international crisis and economy ticks up**\n\n_% who are very/somewhat confident that Donald Trump can ..._\n\n**Make good decisions**\n**Handle an international crisis** **about economic policy**\n\n\nOn many items, the share\n\nexpressing confidence in\n\nTrump has remained steady\n\nover the past several months,\n\nbut on others public\n\nconfidence in Trump is now\n\nhigher than earlier this year.\n\nToday, 43% express\n\nconfidence in Trump to\n\nhandle an international\n\ncrisis, up from 35% in\n\nJanuary; last April, 48% had\n\nat least some confidence in\n\nTrump’s ability to handle an\n\ninternational crisis.\n\nSince January, Republicans\n\nhave grown significantly\n\nmore confident in Trump to\n\nhandle an international crisis\n\n(84% now, 73% then).\n\nPublic confidence in Trump’s\n\nhandling of economic policy\n\nalso has ticked up since\n\nJanuary (53% now, 46%\n\nthen).\n\n\n**Make wise decisions about**\n**immigration policy**\n\n\n**Work effectively with Congress**\n\n\n**40**\n\n\n**38**\n\n\n**44**\n\n\n**39**\n\n\n**43**\n\n\n**46**\n\n\n**43**\n\n\n**Aug**\n**2017**\n\n\n**May**\n**2018**\n\n\n**Apr**\n**2017**\n\n\n**May**\n**2018**\n\n\n**Apr**\n**2017**\n\n\n**May**\n**2018**\n\n\nSource: Survey of U.S. adults conducted April 25-May 1, 2018.\n\n**PEW RESEARCH CENTER**\n\n\nIn other arenas, such as immigration, working effectively with Congress and managing the\n\nexecutive branch, there has been little change over the past several months of Trump’s presidency."
    },
    "7": {
      "summary": "5\n\nPEP RESEARCH CENTER\n\nRepublicans increasingly see eye-to-eye with Trump on important issues\n\nEight-in-ten Republicans and Republican-leaners (80%) now say they agree with Trump on many or all issues, up 11 percentage points from last August. Nearly four-in-ten (38%) say they agree on “all or nearly all” policy areas, while 42% say they agree on many, but not all issues.\n\nThough an overwhelming majority of Democrats and Democratic leaners (88%) continue to say they have few or no areas of agreement with Trump, the share saying there are “no or almost no” areas of agreement has dropped from 77% in August to 58% today.\n\nFewer than half of Republicans ‘like’ Trump’s conduct as president\n\nRoughly four-in-ten Republicans and Republican leaners (38%) say they like the way Trump conducts himself as president, while 45% say they “have mixed feelings about” his conduct and 16% do not like it.\n\nConservative Republicans are significantly more likely than their moderate or liberal counterparts to say they like Trump’s conduct (44% to 25%, respectively). And roughly a third of moderate or liberal Republicans say they do not like his conduct in office (32%).\n\nDemocrats continue to overwhelmingly say they do not like the way Trump conducts himself (85%). Just 10% say they have mixed feelings and 5% say they like his behavior. These views are little changed since August.\n\nMore Republicans agree with Trump on many or all issues than did so last year\n\n% who say they agree with Donald Trump on ___ issues facing the country today\n\n- No or almost no - A few - Many, not all - All or nearly all\n\nAmong Rep/Lean Rep...\n\n| May 2018 | 19 | 514 | 42 | 38 | 80 |\n|---|---|---|---|---|---|\n| Aug 2017 | 30 | 8 | 22 | 38 | 31 | 69 |\n\nAmong Dem/Lean Dem...\n\n| May 2018 | 88 | 58 | 29 | 7 | 5 | 12 |\n|---|---|---|---|---|---|---|\n| Aug 2017 | 93 | 77 | 17 | 3 | 6 |    |\n\nNote: Don’t know responses not shown.\nSource: Survey of U.S. adults conducted April 25-May 1, 2018.\n\nPEW RESEARCH CENTER\n\nMany in G"
    },
    "8": {
      "summary": "6\n\nPEP RESEARCH CENTER\n\nMajority rates ethical standards of Trump administration officials negatively\n\nAbout four-in-ten Americans rate the ethical standards of Trump administration officials as excellent (9%) or good (30%), while 58% say they are not good (21%) or poor (36%).\n\nCurrent ratings for the Trump administration’s ethical standards are lower than for those at various points in other administrations dating back to when the question was first asked by ABC News and The Washington Post of Ronald Reagan’s administration in 1983.\n\nThis question has often been asked when previous administrations have faced specific ethical controversies.\n\nRatings for Trump officials’ ethical standards trail past administrations\n\n% who rate the ethical standards of top administration officials as excellent or good\n\n| Trump | May 2018 | 39 |\n|---|---|---|\n| Obama | June 2013 | 49 |\n\nG.W. Bush | June 2006 | 44\n\nOct 2005 | 50\n\nJuly 2005 | 55\n\nJuly 2002 | 74\n\nClinton | Sep 1996* | 45\n\nMar 1994 | 58\n\nBush | May 1989 | 59\n\nReagan | Oct 1984* | 67\n\nSep 1984* | 64\n\nAug 1983 | 64\n\nNotes: Don’t know responses not shown.\n*1984 and 1996 surveys based on registered voters.\nSource: Survey of U.S. adults conducted April 25-May 1, 2018.\nTrend sources: Gallup, CNN, Gallup/CNN/USA TODAY, Washington Post, ABC News-Washington Post.\n\nPEP RESEARCH CENTER"
    },
    "9": {
      "summary": "75% rate the ethical standards of key administration members as good or excellent, while 86% of Democrats say they are not good or poor – including 61% who rate them as poor.\n\nAmong Republicans and Republican leaners, these views significantly by ideology.\n\nWhile just 15% of conservative Republicans express negative views of the ethical standards of Trump administration officials, about a third (36%) of moderate and liberal Republicans say they are not good or poor.\n\nAmong Democrats, there are also modest differences along ideological lines, with 80% of conservative or moderate Democrats and 93% of liberal Democrats giving low marks for the ethical standards of the Trump administration.\n\nThe overall balance of opinion among independents is far more negative than positive: Two-thirds (65%) say the administration’s ethical standards are “not good” or “poor,” while 31% say they are “excellent” or “good.” Among independents who lean toward the GOP, 67% say the administration’s ethical standards are excellent or good, while nearly nine-in-ten independents who lean toward the Democratic Party (88%) rate the standards as not good or poor.\n\nOn ethics, most rate top administration officials as ‘poor’ or ‘not good’\n\n% who say that overall, they would rate the ethical standards of top Trump administration officials as ...\n\n|                      | Poor | Not good | Good | Excellent |\n|----------------------|------|----------|------|-----------|\n| Rep/Lean Rep        | 22   | 7        | 19   | 75        |\n| Conserv               | 15   | 5        | 22   | 8         |\n| Mod/Lib              | 36   | 12       | 12   | 61        |\n| Dem/Lean Dem        | 86   | 61       | 2    | 12        |\n| Cons/Mod             | 80   | 52       | 3    | 19        |\n| Liberal             | 93   | 73       | 5    |           |\n\nAmong independents*\n\n|                      | All  | 65     | 38   | 7      | 31      |\n|----------------------|------|--------|------|---------|---------|\n| Lean Dem     "
    },
    "10": {
      "summary": "8\n\nPEP RESEARCH CENTER\n\nEvaluations of Trump’s job performance\n\nThe public’s evaluation of the way Donald Trump is handling his job as president is little changed in recent months – and is roughly on par with ratings at the outset of his presidency.\n\nToday, 39% of adults approve of the way Trump is handling his job, while 54% disapprove.\n\nRoughly a quarter of Americans approve very strongly (27%), while 11% say they approve not so strongly.\n\nEvaluations are more intense among disapprovers; 42% of the public disapproves of the way Trump is handling his job very strongly, while 12% say they disapprove not so strongly.\n\nThere is an 18-point gender gap in approval ratings of the president: 48% of men approve of Trump’s performance, while just 30% of women say the same.\n\nAnd there continue to be significant differences in views of Trump by race, age and education: Younger adults, those with higher levels of education and non-whites are more likely to disapprove of the job Trump is doing.\n\nWide gender gap in approval of Trump\n\n% who ___ of the way Donald Trump is handling his job as president\n\n| Disapprove | Approve |\n|-----------|---------|\n| Strongly   | Not strongly | Not strongly | Strongly |\n\n| Total | 54 | 42 | 27 | 39 |\n|-------|----|----|----|----|\n\n| Men | 45 | 33 | 34 | 48 |\n| Women | 64 | 51 | 20 | 30 |\n\n| White | 44 | 36 | 37 | 49 |\n| Black | 83 | 65 | 7 | 13 |\n| Hispanic | 69 | 49 | 9 | 23 |\n\n| Ages 18-29 | 65 | 46 | 14 | 27 |\n| 30-49 | 54 | 41 | 26 | 38 |\n| 50-64 | 50 | 42 | 34 | 45 |\n| 65+ | 49 | 39 | 34 | 47 |\n\n| Postgrad | 68 | 59 | 16 | 23 |\n| College grad | 62 | 51 | 23 | 35 |\n| Some college | 53 | 40 | 29 | 41 |\n| HS or less | 49 | 36 | 30 | 43 |\n\n| Rep/Lean Rep | 14 | 8 | 60 | 81 |\n| Conserv | 7 | 4 | 72 | 89 |\n| Mod/Lib | 28 | 16 | 37 | 64 |\n\n| Dem/Lean Dem | 88 | 71 | 3 | 8 |\n| Cons/Mod | 84 | 63 | 5 | 12 |\n| Liberal | 93 | 83 | 1 | 4 |\n\n| White evangelist | 20 | 13 | 56 | 72 |\n| White mainline Prot | 41 | 34 | 40 | 55 |\n| Black Prot | 83 | 69 | 8 |"
    },
    "11": {
      "summary": "9\n\nPEP RESEARCH CENTER\n\n**Similar views of both parties on ethics, policy ideas**\n\nThe public has similar views of the Republican and Democratic parties in assessments of their policy ideas and ethical standards. However, somewhat more Americans view the Republican Party than the Democratic Party as “too extreme.”\n\nOverall, half the public says the Republican Party has good policy ideas, while 42% say it does not; opinions about the Democratic Party are identical (50% say it has good ideas, 42% say it does not).\n\nOpinions about whether the GOP has good policy ideas are little changed from about a year ago, but the share saying the Democratic Party has good ideas has declined, from 58% last April to 50% today.\n\nAbout four-in-ten say each party has high ethical standards (42% say that about the Democratic Party, 41% about the GOP). These views are about the same as they were in April 2017.\n\nMore continue to view the Republican Party as “too extreme” (48%) than say this about the Democratic Party (42%). While the GOP performs worse on this trait than the Democratic Party, the share of Americans who view the Republican Party as too extreme has declined since last June (from 54%); views of the Democratic Party are little changed (45% then, 42% now).\n\nOpinions about the traits of the two parties continue to be deeply divided along partisan lines. For example, overwhelming shares (more than 80%) of both Republicans and Republican-leaning independents and Democrats and Democratic leaners say their own party has good policy ideas, while less than a quarter say this describes the opposing party. Similarly, while only about two-in-ten Republicans or Democrats think their own party is “too extreme,” about three-quarters in each party think the other party can be described this way.\n\n**More view GOP as ‘too extreme’ than say this about Democratic Party**\n\n% who say each describes Republican/Democratic parties\n\n- Republican Party\n- Democratic Party\n\nHas good policy ideas\n- 50\n- 5"
    },
    "12": {
      "summary": "10\n\nPEW RESEARCH CENTER\n\nHowever, partisans are somewhat less positive about their own party in views on whether it has high ethical standards, though majorities of Republicans (66%) and Democrats (64%) describe their party this way.\n\nCombining views of both political parties on ethics, a quarter of the public says “high ethical standards” describes neither the Republican Party nor the Democratic Party; 47% say it describes one party but not the other; and 17% say the description applies to both.\n\nAmong those with at least a college degree, 31% say “high ethical standards” does not describe the GOP or the Democratic Party; 43% say it describes one and not the other, and 17% think it describes both.\n\nNearly a third of college graduates say neither party has ‘high ethical standards’\n\n% who say ‘high ethical standards’ ...\n\n|                     | Describes both parties | Describes one party, not the other | Describes neither party |\n|-------------------|-------------------------|----------------------------------|------------------------|\n| College grad+     | 17                       | 43                             | 31                    |\n| Some coll HS or less | 15                      | 49                             | 26                    |\n| Republican        | 14                       | 59                             | 19                    |\n| Democrat         | 18                       | 55                             | 18                    |\n| Independent      | 18                       | 34                             | 34                    |\n| Lean Rep         | 18                       | 41                             | 33                    |\n| Lean Dem         | 17                       | 37                             | 33                    |\n\nNote: Independents include all those who do not identify as Republican or Democrat.\nSource: Survey of U.S. adults conducted April 25-May 1, 2018.\n\nPEW RESEARCH CENTER\n\nBy comparison, fewer of those with som"
    },
    "13": {
      "summary": "2018 midterms: Interest and voter preferences\n\nNearly six months before the congressional midterm elections in November, just 19% of Americans say they are following news about the candidates and campaign in their state or district very closely, while 32% say they are following them fairly closely. About half of Americans (49%) say they are following election news not too closely or not at all closely.\n\nThere are differences in attentiveness by race, education and ideology. Blacks are significantly more likely than either whites or Hispanics to say they have been following campaign news very closely (30% of blacks compared with 18% of whites and 13% of Hispanics).\n\nOnly about a third of those younger than 30 (32%) are tracking news about the congressional elections even fairly closely, with just 6% following this news very closely. Nearly half of those ages 30 to 49 (47%) are following news about the midterms very or fairly closely, as are a majority of those 50 and older (61%).\n\nIdentical shares of Republicans and Republican leaners and Democrats and Democratic leaners (52% each) say they have been following news about the upcoming elections very or fairly closely. And liberal Democrats (62%) are about as likely as conservative Republicans (60%) to say they have followed news about the elections at least fairly closely.\n\nYoung people far less likely than older adults to follow news about midterms\n\n% who say they have followed news about congressional elections in their state or district ...\n\n| Age Group | Yes (%) | No (%) |\n|-----------|---------|--------|\n| White     | 18      | 53     |\n| Black    | 30      | 60     |\n| Hispanic | 13      | 35     |\n| Ages 18-29 | 6       | 32     |\n| 30-49     | 17      | 47     |\n| 50-64     | 25      | 61     |\n| 65+       | 24      | 61     |\n| Rep/Lean Rep | 18     | 52     |\n| Conserv | 22      | 60     |\n| Mod/Lib   | 11      | 36     |\n| Dem/Lean Dem | 21     | 52     |\n| Cons/Mod  | 18      | 47     |\n| Liberal   | 24   "
    },
    "14": {
      "summary": "48% of registered voters say they would vote for the Democratic Party’s candidate for Congress in their district, compared with 43% who say they would vote for or lean toward the Republican Party’s candidate.\n\nA majority of adults under 30 (58%) favor the Democrat in their district. In contrast, those in older age groups are more divided.\n\nThere are sizable educational differences in early midterm vote preferences: Those with a postgraduate degree favor the Democratic candidate over the Republican by roughly two-to-one (62% to 30%) and those with a four-year college degree favor the Democrat, 53% to 40%. Preferences are more divided among voters who do not have a college degree.\n\n### Divisions in congressional vote preferences by gender, race, education\n\n% of registered voters who say they support or lean toward the __ candidate for Congress in their district\n\n| Demographic | Republican |\n|-------------|------------|\n| All registered voters | 48 | 43 |\n| Men          | 41 | 50 |\n| Women        | 55 | 37 |\n| White       | 39 | 53 |\n| Black      | 85 | 7 |\n| Hispanic    | 59 | 33 |\n| 18-29       | 58 | 31 |\n| 30-49       | 47 | 43 |\n| 50-64       | 47 | 48 |\n| 65+         | 45 | 47 |\n| Postgrad     | 62 | 30 |\n| College grad | 53 | 40 |\n| Some coll   | 49 | 44 |\n| HS or less   | 42 | 47 |\n| Rep/Lean Rep | 5 | 90 |\n| Dem/Lean Dem | 92 | 4 |\n\nAmong whites\n\nCollege grad + No college degree | 49 | 44 |\n| College grad + No college degree | 34 | 58 |\n\nNotes: Based on registered voters. Whites and blacks include only those who are not Hispanic; Hispanics are of any race. Other/Don’t know responses not shown.\nSource: Survey of U.S. adults conducted April 25-May 1, 2018.\n\n**PEW RESEARCH CENTER**\n\nwww.pewresearch.org"
    },
    "15": {
      "summary": "13\n\nPEP RESEARCH CENTER\n\nAcknowledgements\n\nThis report is a collaborative effort based on the input and analysis of the following individuals:\n\nResearch team\n\nCarroll Doherty, Director, Political Research\nJocelyn Kiley, Associate Director, Political Research\nAlec Tyson, Senior Researcher\nBradley Jones, Research Associate\nBaxter Oliphant, Research Associate\nHannah Fingerhut, Research Analyst\nHannah Hartig, Research Analyst\n\nCommunications and editorial\nBridget Johnson, Communications Associate\n\nGraphic design and web publishing\nPeter Bell, Design Director\nAlissa Scheller, Information Graphics Designer"
    },
    "16": {
      "summary": "14\n\nPEW RESEARCH CENTER\n\n\nMethodology\n\nThe analysis in this report is based on telephone interviews conducted April 25-May 1, 2018\n\namong a national sample of 1,503 adults, 18 years of age or older, living in all 50 U.S. states and\n\nthe District of Columbia (376 respondents were interviewed on a landline telephone, and 1,127\n\nwere interviewed on a cell phone, including 740 who had no landline telephone). The survey was\n\nconducted by interviewers under the direction of Abt Associates. A combination of landline and\n\ncell phone random digit dial samples were used; both samples were provided by Survey Sampling\n\nInternational. Interviews were conducted in English and Spanish. Respondents in the landline\n\nsample were selected by randomly asking for the youngest adult male or female who is now at\n\nhome. Interviews in the cell sample were conducted with the person who answered the phone, if\n\nthat person was an adult 18 years of age or older. For detailed information about our survey\n\nmethodology, see http://www.pewresearch.org/methodology/u-s-survey-research/\n\nThe combined landline and cell phone sample are weighted using an iterative technique that\n\nmatches gender, age, education, race, Hispanic origin and nativity and region to parameters from\n\nthe 2016 Census Bureau's American Community Survey one-year estimates and population\n\ndensity to parameters from the Decennial Census. The sample also is weighted to match current\n\npatterns of telephone status (landline only, cell phone only, or both landline and cell phone), based\n\non extrapolations from the 2016 National Health Interview Survey. The weighting procedure also\n\naccounts for the fact that respondents with both landline and cell phones have a greater\n\nprobability of being included in the combined sample and adjusts for household size among\n\nrespondents with a landline phone. The margins of error reported and statistical tests of\n\nsignificance are adjusted to account for the survey’s design effect, a measure of how muc"
    },
    "17": {
      "summary": "15\n\nPEW RESEARCH CENTER\n\nThe following table shows the unweighted sample sizes and the error attributable to sampling that would be expected at the 95% level of confidence for different groups in the survey:\n\n| Group       | Unweighted sample size | Plus or minus ... |\n|-------------|-------------------------|-------------------|\n| Total sample | 1,503                   | 2.9 percentage points |\n| Rep/Lean Rep | 644                     | 4.5 percentage points |\n| Dem/Lean Dem | 710                     | 4.3 percentage points |\n\nSample sizes and sampling errors for other subgroups are available upon request.\n\nIn addition to sampling error, one should bear in mind that question wording and practical difficulties in conducting surveys can introduce error or bias into the findings of opinion polls.\n\nPew Research Center undertakes all polling activity, including calls to mobile telephone numbers, in compliance with the Telephone Consumer Protection Act and other applicable laws.\n\nPew Research Center is a nonprofit, tax-exempt 501(c)(3) organization and a subsidiary of The Pew Charitable Trusts, its primary funder.\n\n© Pew Research Center, 2018"
    }
  }
}
