{
  "doc_id": "0b85477387a9d0cc33fca0f4becaa0e5.pdf",
  "pages": {
    "1": {
      "summary": "2012\n\n**In this issue...**\n\nCO’s Messages 2\nBuilding Afghan Medical Capacity 3\nUSNS Mercy Pacific Partnership 4\nDoD Bone Marrow Donor Program 5\nID Joint Planning Group 6\nCapacity Building in Liberia 7\nKazakh Scientists Train at NMRC 8\nPatient Condition Occurrence Tool 9\nCombat Casualty Research Team 10\nAccelerating Technology Transfer 11\nNMRC Hosts Dining Out 12\nVillasante Speaks at Notre Dame 13\nKeane-Myers Speaks at Hopkins 14\nCub Scouts Learn Flag Etiquette 14\nNMRC High School Outreach 15\nNMRC Officers Teach Science 15\n2012 Combined Federal Campaign 16\nOmbudsman’s Note 16\n\n**NMR&D News is an authorized publication of the Naval Medical Research Center, 503 Robert Grant Avenue, Silver Spring, MD 20910. NMR&D News is published monthly by the NMRC Public Affairs Office, 301-319-9378 or svc.pao.nmrc@med.navy.mil.**\n\nCommending Officer\nCapt. John W. Sanders\n\nExecutive Officer\nCapt. Elizabeth Montcalm-Smith\n\nDirector for Administration\nLt. Cmdr. Nathaniel Smith\n\nPublic Affairs Officer\nDoris Ryan\n\nEditors\nJan Helman\nMakeda Knott\n\nhttp://www.facebook.com/navalmedicalresearchercenter\n\nUse your smartphone to access our website!\n\n\n**NMRC Hosts Visit from U.S. Global Malaria Coordinator, President’s Malaria Initiative**\n\nSILVER SPRING, Md. - Rear Adm. (Ret.) Tim Ziemer, the U.S. Global Malaria Coordinator, President’s Malaria Initiative, visited the Naval Medical Research Center (NMRC), November 29, for a brief on the current malaria vaccine research efforts and to tour the facility. He was interested in learning more about the malaria program at the laboratory.\n\nCapt. John Sanders, NMRC commanding officer, provided a general overview of the NMRC enterprise with emphasis on the infectious diseases research efforts, specifically in the area of malaria.\n\n“The NMRC malaria research program is at the forefront of malaria research worldwide,” Sanders pointed out and added, “Researchers here have been investigating methods to control and conquer malaria for more than two decades an"
    },
    "2": {
      "summary": "2012 draws to a close, I want to extend my best wishes to all the members of the NMRC enterprise and their families for a joyous holiday season. One of the joys this holiday season is the opportunity to say thank you for all you do. Your work does not come without sacrifices, and I am grateful and thank you for your service to Navy Medicine research and development. I want to thank you all for your professionalism and dedication and your positive attitude during these turbulent times. Your collective efforts have ensured that we are meeting our mission, contributing to the success of Navy Medicine, and supporting our sailors, Marines, soldiers and airmen who are working everyday to preserve the precious freedoms we enjoy.\n\nLet's remember those who are currently standing the watch so we can enjoy this time with our families and friends, especially Cmdr. Cindy Tamminga of NMRC and Lt. Cmdr. John Melton of NSMRL, who are deployed.\n\nWhile you enjoy the holidays this season, I ask everybody to keep a proper focus on safety at the workplace, at home, and while traveling. Getting where you are going and returning safely are the best gifts you can give your family, friends and coworkers. For those traveling the highways and byways, plan your trip to include adequate rest before starting, rest stops along the way, and ensure all the safety devices in your vehicle are working properly. Also, be prepared for severe weather and hazardous driving conditions. Stay mindful of the potential hazards and dangers that can bring unwanted tragedy to our lives.\n\nBest wishes for a happy new year filled with health, happiness and spectacular success!\n\nNMRC Commanding Officer sends, John W. Sanders III, CAPT, MC, USN\n\n---\n\n## NSMRL Commanding Officer’s Message\n\nThe Naval Submarine Medical Research Laboratory (NSMRL) is an operational medicine laboratory with focus on the submarine force and human factors within. This past August the Navy Surgeon General entered an agreement with the Command"
    },
    "3": {
      "summary": "0\n\n**NMRU-3 Partners to Build Medical Capacity in Afghanistan**\n\nFrom **NAMRU-3 Public Affairs**\n\nCAIRO - As part of U.S. Naval Medical Research Unit No. 3’s (NAMRU-3) ongoing efforts to build medical capacity with Ministry of Health laboratories in several countries, NAMRU-3 is partnering with the Defense Threat Reduction Agency (DTRA) Cooperative Biological Engagement Program (CBEP) in Afghanistan. This collaboration enhances the efficiency and synergy in the U.S. government’s biodefense and disease surveillance efforts.\n\nAccording to NAMRU-3 Commanding Officer, Capt. Buhari Oyofo, “NAMURU-3 has developed training materials tailored to the Afghan health specialists in the Central Laboratory for the development of medical capabilities.”\n\nNAMURU-3 has been involved in developing Afghanistan’s public health capacity since 2006.\n\nNAMURU-3’s initial engagement was focused on the Ministry of Public Health (MoPH) and the Afghan Public Health Institute. NAMRU-3 assessed the capacity and capability of laboratory, staff and laboratory support facilities. First focusing on the Central Public Health Laboratory (CPHL) in Kabul, the program later included additional facilities in Kabul with plans for other regions of Afghanistan.\n\nOther efforts have been focused on assessing diagnostic capabilities; determining critical needs for supplies or equipment such as refrigerators, autoclaves or serology kits; evaluating existing training and licensing programs; and determining the need and MoPH interest in developing a training plan was developed for 2012 based on needs and gaps identified by NAMRU-3 laboratory systems, NAMRU-3 researchers developed nine modules on parasitology, bacteriology, bioscience facility management, clinical epidemiology, biomedical equipment repair, laboratory quality management system, serology, molecular biology and virology.\n\nNAMURU-3 established five hospital laboratories as well as virology, bacteriology and serology laboratories within the CPHL. They ha"
    },
    "4": {
      "summary": "0.5cm\n\n**NMRC Researcher Supports USNS Mercy Pacific Partnership 2012**\n\nSILVER SPRING, Md. – Cmdr. Char-magne Beckett, a Naval Medical Re-search Center (NMRC) physician re-searcher, volunteered to deploy on the hospital ship USNS Mercy (T-AH 19), now in its seventh year of conducting humanitarian missions. USNS Mercy Pacific Partnership missions began in 2004 as a humanitarian response to the catastrophic tsunami that devast-ated parts of Southeast Asia. Sponsored by the U.S. Pacific Fleet, it is now the largest annual humanitarian civic action deployment designed to strengthen bilateral relations with other nations, considered crucial to regional security and stability.\n\nFrom its home port in San Diego, the USNS Mercy set sail in early May 2012 with clinical staff mostly from Na-val Medical Center San Diego and many individual augmentees from nearby regional commands. Beckett was a late addition to the mission, ful-filling the role of Internist and Infectious Diseases Officer and was the sole In-fection Diseases subspecialist for the entire mission. She embarked on the ship in Guam, joining nearly 1,300 crew members including civil mariners, U.S. Navy, Army, Air Force and non-governmental organization (NGO) per-sonnel as well as members of 13 part-ner nation militaries.\n\nCmdr. Charmagne Beckett on the flight deck of USNS Mercy (T-AH 19) during the first port call off the coast of Manado, North Sulawesi, Indonesia. Photo taken May 25, 2012.\n\nPacific Partnership 2012 Internal Medicine Department staff physicians, from left: Dr. Earl Wellington, General IM, Capt (ret); Dr. Lynn Bemiller, Hematology/Oncology; Capt. Toro Endo, General IM; Lt. Cmdr. Jessica Lee, Nephrology; Lt. Cmdr. Valeria Tokarz, Dermatology; Cmdr. Charmagne Beckett, Infectious Diseases; Lt. Cmdr. Wade Shields, Gastroenterolog; Cmdr. Brian Bloom, Pulmonary/Critical Care; Lt Cmdr. Gregory Price, Cardiology; and Cmdr. Steven Romero, Cardiology. (Not pictured: Cmdr. Gregory Matwiyoff, Pulmonary/Critical"
    },
    "5": {
      "summary": "0\n\nBy Kristen Wong, DVDS\n\nMARINE CORPS BASE HAWAII, Kaneohe Bay - The smell of barbeque wafted in the air just behind Pollock Field as Marines and sailors from 1st Battalion, 3rd Marine Regiment relaxed and enjoyed their Friday afternoon, Oct. 26. But along with games, food and general chit-chat, many service members were rubbing the inside of their cheek with a cotton swab. Marine Corps Base (MCB) Hawaii was participating in a statewide drive to register service members with the C.W. Bill Young Department of Defense Marrow Donor Program.\n\nBecause 1st Battalion, 3rd Marines is scheduled to deploy, a drive was held during their family day. Service members were encouraged to fill out an application and provide four samples of cheek cells taken with a cotton swab. According to the program website, the information will be entered into the National Marrow Donor Program registry. If there is a match between someone in the registry and a patient who needs marrow, that person will, with their consent, undergo additional blood and health testing to further confirm a definite match and then determine whether that person is able to donate.\n\nIn the past two years, two Marines from MCB Hawaii were confirmed as matches for patients. Lance Cpl. Brantley Smith, a communications technician with 3rd Battalion, 3rd Marine Regiment, and Lance Cpl. Joshua D. Epps, a machine gunner with 3rd Battalion, 3rd Marine Regiment, both underwent surgery and donated their marrow.\n\n\"Our mission is to get as much DoD [participants who] can help out (Continued on page 6)\n\n---\n\n# NMRC—Bridge Between Marrow Drive and National Registry\n\nSILVER SPRING, Md. – In 2012 over 42,000 service members, family members, and DoD employees registered with the C.W. Bill Young DoD Marrow Donor Program, joining more than 730,000 DoD volunteers who are potential marrow donors. Of these, over 5,200 have donated marrow for patients needing transplants to treat one of over 80 potentially fatal diseases.\n\nFollowing DoD dono"
    },
    "6": {
      "summary": "0\n\n**Policy and Strategy with an Influenza/Infectious Disease Twist**\n\nBy NAMRU-2 Public Affairs\n\nPEARL HARBOR, Hawaii - For the last year, Lt. Cmdr. Dustin Harrison, U.S. Naval Medical Research Unit No. 2 (NAMNU-2)\n\nPacific, has been immersing himself in the often strange and unfamiliar world of policy and strategy as a member of U.S. Pacific Command’s (USPACOM) Pandemic Influenza and Infectious Disease (PI&D) Contingency Plan (CONPLAN) 5003-12 Joint Planning Group (JPG).\n\nHarrison is currently assigned to NAMRU-2 Pacific as a microbiologist, but at the encouragement of NAMRU-2 Pacific’s leadership he has been attending a year-long series of working group sessions at US-PACOM Headquarters, Camp Smith, Hawaii.\n\n“At first it was very intimidating being in the room with people who do policy for a living. I’m much more comfortable with the operational side of things,” said Harrison. “It was very interesting to see the dynamics and work that goes into plans and policy development. It was very educational for a JO [junior officer] like me to be a part of.”\n\nThe JPG was chaired by US-PACOM’s Functional Plans Branch Chief Lt. Col. Andrew Hocking, Australian Defense Force, and consisted of members from multiple codes at USPACOM and all over the island of Oahu, including Air Force Pacific, U.S. Army Pacific, Joint Task-Force Homeland Defense, Marine Forces Pacific, Department of State, the State of Hawaii, the U.S. Centers for Disease Control and Prevention, and Navy and Environmental and Preventive Medicine Unit 6, among others.\n\nThe purpose of the working group was to update and formulate the CONPLAN to prepare for, respond to, and mitigate a pandemic outbreak of influenza or other infectious disease of operational significance and, when required, respond to Defense Support of Civilian Authorities and Foreign Humanitarian Assistance requests. Over the past year, the JPG met to conduct a series of Mission Analysis and Course of Action development meetings culminating in a t"
    },
    "7": {
      "summary": "0.5cm\n\n**NAMURU-3 Supports Medical Research Capacity Building in Liberia**\n\nFrom NAMRU-3 Public Affairs\n\nCAIRO - U.S. Naval Medical Research Unit No. 3 (NAMURU-3) is playing an important role in medical research capacity building in Liberia, which is recovering from a brutal 14-year civil war that devastated the country’s infrastructure.\n\nSince 2010, Navy biomedical researchers have been collaborating with the Liberian Institute of Biomedical Research (LIBR) on two research projects funded by the Armed Forces Health Surveillance Center/Global Emerging Infections System (AFHSC-GEIS). These projects focus on disease vector surveillance, detection of vector-borne viral pathogens such as malaria, and vector control. The projects are enabling the country to independently expand vector-borne disease surveillance and detection capabilities in Liberia to benefit the Liberian Armed Forces as well as the entire population of Liberia.\n\n“Our projects in Liberia directly support our warfighters,” said Capt. Buhari Oyofo, NAMRU-3 commanding officer. “We also need to leave the knowledge and tools behind so they can continue to support themselves once we’re done.”\n\nThe NAMRU-3 team visited Monrovia, Liberia in November to meet with key collaborators, including Dr. Walter Gwenigale, the Minister of Health and Social Welfare; Dr. Fatorma Bolay, the Director of LIBR; and U.S. Marine Col. Vernon Graham, the officer in charge of Operation Onward Liberty (OOL).\n\nThe Minister of Health and Social Welfare gave high praise for NAMRU-3’s capacity building engagements in Liberia. He expressed specific thanks for the collaboration at LIBR, where he also serves as the chairman of the Board of Governors, and he expressed the hope that the current col-\n\nFrom left: Lt. Cmdr. Jennifer Curry, Capt. Buhari Oyofo, Dr. Walter T. Gwenigale, Lt. Joseph Diclaro, and Dr. Fatorma Bolay. Capt. Oyofo, the NAMRU-3 commanding officer, meets with Dr. Gweningale, the Liberian Minister of Health, to discuss collab"
    },
    "8": {
      "summary": "0\n\n**Kazakh Scientists Visit NMRC, Train on MLST Molecular Assays**\n\nSILVER SPRING, Md. - Four scientists from Kazakhstan visited the Rickettsial Diseases Research Program laboratories at the Naval Medical Research Center (NMRC) in Silver Spring, Md., October 29-November 9 for training on molecular assays, specifically multi-locus sequencing typing (MLST), from Dr. Allen Richards and his staff. The training was part of a collaboration with the Cooperative Biological Engagement Program (CBEP) of the Defense Threat Reduction Agency (DTRA).\n\nAs part of their mission to assess the risk of rickettsial diseases to military and civilian personnel worldwide, the Rickettsial Diseases Research Program trains individuals involved in regions that are endemic to rickettsial diseases.\n\nThe trainees came from four different institutes in the Republic of Kazakhstan. Alexey Andryuchshenko came from the Uralsk Anti-Plague Station (UAPS), Uralsk; Talgat Nurmakhanov from the Kazakh Scientific Center for Quarantine and Zoonotic Disease (KSCQZD), Almaty; and Gulnar Omasheva from the Scientific Practical Center for Sanitary Epidemiological Expertise and Monitoring (SEEM), Ministry of Health Committee on State Sanitary and Epidemiological Supervision, Almaty. Lyazzat Musralina, a Kazakh scientist from AECOM, Almaty, accompanied the trainees from Kazakhstan.\n\nTop row, from left: Gulnar Omasheva, Alexey Andryuchshenko, Sarah Pisarcik, Heidi St. John, Dr. Kenneth Yeh, Dr. Allen Richards, and Talgat Nurmakhanov. Bottom row, from left: Dr. Ekaterine Adeishvili, Lyazzat Musralina, and Dr. Ju Jiang.\n\n(PC R) and sequencing five different rickettsial genes (both conserved and variable genes), sequencing data\n\nTaylor provided training in the use of one of the genus-specific tick assays she developed to identify ticks common in Kazakhstan. They learned methods necessary to perform quantitative real-time PCR, perform standard and nested PCR to produce amplicons from target genes for use in sequencing,"
    },
    "9": {
      "summary": "0.5cm\n\n**Accreditation of Patient Condition Occurrence Verification Tool**\n\nBy Ralph Nix and Vern Wing, NHRC\n\nSAN DIEGO - The Expeditionary Medicine Modeling, Simulation, and Analysis group at the Naval Health Research Center (NHRC) completed development of the Patient Condition Occurrence Frequency (PCOF) tool. In October, the tool was presented to the Force Health Protection and Readiness, Strategic Analysis Working Group Office of the Assistant Secretary of Defense, Health Affairs as part of the verification, validation, and accreditation (VV&A) plan for service acceptance. The working group forwarded their recommendation for accreditation to the Force Health Protection Integration Council. Once accredited, NHRC’s PCOF tool will be approved as the Joint patient occurrence generating application.\n\nThe PCOF tool generates tables that show the occurrence probabilities of disease and injury types typically sustained in a contingency by a population at risk. PCOF tables exist within casualty categories of wounded in action, nonbattle injuries, disease and outpatient visits for a given combat or noncombat scenario throughout the range of military operations (ROMO). ROMO is defined for this effort to include humanitarian assistance, disaster relief, defense support of civil authorities and various combat operations. The military medical planning community, until now, lacked a functional and accurate means of estimating PCOFs, which are necessary to develop the patient streams used in health care simulations.\n\nUsing an accredited PCOF tool, planners can employ baselined, mission-centric PCOF data and tailor it to more precisely fit the anticipated mission. This will help inform decision makers on the types of patient conditions to expect during a contingency. The PCOF tool will enable planners to move beyond anecdotal, rule-of-thumb planning estimates into a repeatable, organized and robust estimating method with the potential to dramatically enhance medical mission plan"
    },
    "10": {
      "summary": "0.5cm, 0.5cm\n\n**NMRC Researcher Part of Joint Combat Casualty Research Team**\n\nBy Cmdr. Cindy Tamminga, NMRC researcher deployed to JC2RT\n\nAFGHANISTAN - The Joint Combat Casualty Research Team (JC2RT) is a U.S. Central Command (USCENTCOM) directed, forward deployed unit of military research scientists and clinicians tasked with overseeing, coordinating, facilitating and conducting combat-relevant research in a deployed environment.\n\nThe first team was deployed during combat operations in Iraq as the Deployed Combat Casualty Research Team (DC2RT) in mid-2005. Since then, thirteen teams have deployed, with each team tour spanning six months. Over time, the composition of the team expanded to involve all three services, and in 2010, as the operations tempo decreased in Iraq, the team transitioned to Afghanistan. Members of the JC2RT are embedded with medical assets throughout Afghanistan.\n\nThe conduct of research in a combat environment must meet the same human subjects protection regulatory requirements as research conducted within the continental United States. The first Department of Defense Assurance of Compliance and Human Research Protection Plan involving a combatant command was approved and established in 2005. In 2010, this was expanded and updated to include research conducted in Iraq, Afghanistan and Kuwait. All in-theater research protocols undergo an ap-\n\nBack row, from left: Cmdr. Cindy Tamminga, Naval Medical Research Center; Lt. Kristina Carter, Naval Environmental and Preventive Medicine Unit 5; Lt. Cmdr. Octavian Adam, Naval Medical Center Portsmouth; Maj. Brandon Tourtilott, Uniformed Services University of the Health Sciences; Lt. Col. Susan Dukes, U.S. Air Force School of Aerospace Medicine. Front row, from left: Lt. Col. Bradford Whitcomb, Tipler Army Medical Center; Maj. Devin Bryant, Walter Reed Army Institute of Research; Sgt. Shanelle McNair, U.S. Army Institute of Surgical Research; Lt. Col. Teresa Brininger, Schofield Barracks Health Clinic."
    },
    "11": {
      "summary": "0.5cm\n\n**Presidential Memorandum - Accelerating Technology Transfer**\n\nBy Todd Ponzio, NMRC Technology Transfer Office\n\nSILVER SPRING, Md. - The “Presidential Memorandum - Accelerating Technology Transfer and Commercialization of Federal Research in Support of High-Growth Businesses” was released toward the end of last year. This memorandum’s objectives directed Federal agencies to “[1] establish goals and measure performance, [2] streamline administrative processes, and [3] facilitate local and regional partnerships in order to accelerate technology transfer and support private sector commercialization.”\n\n“Technology transfer and commercialization” is a phrase used by the business side of research and development that manages the wide range of discoveries, inventions and other intellectual property within the Naval Medical Research Center (NMRC) enterprise. The goal is bringing these discoveries to market for the benefit of the warfighter.\n\nThe NMRC enterprise excels in facilitating local and regional partnerships due to the inventiveness and creativity of our research scientists and physicians. Most valuable biomedical developments begin in a laboratory, but the value to the warfighter requires moving that discovery through all the business steps, ultimately to manufacturing and distribution. This requires the establishment of appropriate technology transfer agreements. NMRC’s technology transfer collaborations leverage research capabilities found in the public and private sectors to stretch research dollars and accomplish the mission of supporting the health and readiness of the military’s men and women in uniform.\n\nFor example, instead of a company having to reinvent something that is already available in a Navy laboratory, or vice versa, a partnership can capitalize on each collaborator’s expertise toward achieving a shared goal. Every time an invention from one of our laboratories is commercialized into an accessible product, the U.S. taxpayer sees a tangible "
    },
    "12": {
      "summary": "0\n\n**NMRC Hosts a Dining Out at U.S. Naval Academy October 17**\n\nSILVER SPRING, Md. – The Naval Medical Research Center (NMRC) reinstituted its Annual Mess Night, also referred to as a Dining Out, for officers and guests at the U.S. Naval Academy, Annapolis, October 17.\n\nThe President of the Mess, NMRC Commanding Officer Capt. John Sanders, led the guest of honor, Rear Adm. Bruce A. Doll, head of Bureau of Medicine and Surgery research and development, and the other Dining Out participants into the dining hall while the Navy Hymn played. When everyone was assembled, Sanders began the evening by saying, “Ladies and gentlemen, mess night for the Naval Medical Research Center is now open. Welcome and thank you for joining us this evening, please remain standing for the playing of our National Anthem.”\n\nThe rest of the evening followed strict Naval protocol, an established tradition that reaches back to the Vikings and the British Navy, but with some special references to the remarkable history of Naval Medical research. The protocol included an invocation, a call to parade the beef for the President of the Mess to sample and approve, followed by the announcement that the beef was fit for human consumption and an invitation for everyone to enjoy their dinner. Capt. Stephen Savarino served as the Vice President of the Mess and took the opportunity to require \"poems and odes\" to the research accomplishments of our Naval forbears from the junior officers (who demonstrated both a grasp of our history and a flair for poetry).\n\nThe traditional mixing of the grog, a Naval beverage with a glorious history of its own, followed the second course and began the formal toasting. The first toast was to the Commander-in-Chief of the United States followed by an array of toasts recognizing the U.S. Navy, U.S. Marine Corps and all other sister services capped by a salute to all sweethearts and spouses.\n\nThe President of the Mess introduced Doll, who spoke about the history of Navy Medic"
    },
    "13": {
      "summary": "0\n\n**NMRC’s Villasante Returns “Home” to Speak at Notre Dame**\n\nUniversity of Notre Dame Public Affairs\n\nNOTRE DAME, Ind. - Capt. Eileen Franke Villasante, Ph.D., who currently serves as Head of the Malaria Department at the Naval Medical Research Center (NMRC) in Silver Spring, Md., gave the Eck Institute for Global Health Colloquium lecture at the University of Notre Dame October 24 in the very same auditorium where she sat as a student.\n\nThe once Notre Dame student had not been back to campus in “too many years to count,” according to Villasante. She studied in the laboratory of parasitologist Paul Weinstein, Ph.D., earning her Doctor of Philosophy degree in biology from the University of Notre Dame in 1982. A native of Long Island, New York, Villasante earned her Bachelor of Science degree from the State University of New York at Albany in 1978.\n\nUpon receiving her Ph.D. from the University of Notre Dame, she began a quest to see the world while doing research. She never imagined one day she would conduct laboratory and field-based research on malaria, leishmaniasis and filariasis in places like Indonesia, Peru, and Egypt. This international career was in parallel to her distinguished rise in the ranks of the Navy, holding a variety of leadership positions over the years.\n\nVillasante went to the National Research Council as a postdoctoral fellow in the Leishmaniasis Laboratory as part of the Division of Experimental Therapeutics at the Walter Reed Army Institute of Research. She discovered the U.S. Navy, where they advertised, “It’s not just a Job, it’s an Adventure.” She was at Walter Reed for two years prior to being commissioned as an officer in the United States Navy in 1984. Not knowing that adventure would be the career of a lifetime, she signed up and has traveled to the deepest pockets of the world researching infectious diseases.\n\nOver her career, Villasante has held several leadership positions in the Navy including Scientific Director at the Navy’s me"
    },
    "14": {
      "summary": "3W19C-H\n\n**NMRC Hosts Visit from the U.S. Global Malaria Coordinator**\n\n*Continued from page 1)*\n\nvaccine clinical trials. The visit ended with a short overview on malaria research in the Navy labs outside the continental United States.\n\nZiemer said he was very impressed with the work being done at the lab, adding that he did not realize there was so much going on. He hopes to come back and visit again soon.\n\n“It was a great opportunity to have Rear Adm. Ziemer here to see the progress we have made in malaria vaccine development,” said Capt. Eileen Villasante, head of the Malaria Department. “Through his visit we were able to raise the awareness of the Navy’s malaria vaccine development efforts and hope that someday in the very near future a malaria vaccine can be added to the President’s Malaria Initiative armamentarium to combat this deadly disease.”\n\nZiemer, who was appointed in 2006 to lead the President’s Malaria Initiative, heads a group with a strategy to achieve Africa-wide impact by halving the burden of malaria in 70 percent of at-risk populations in sub-Saharan Africa,\n\n\n*3W19C-H*\n\n\n\n\n**NMRC Researcher Speaks at Johns Hopkins Alumni Week**\n\nSILVER SPRING, Md. - Dr. Andrea Keane-Myers of the Naval Medical Research Center’s Biological Defense Research Directorate provided an hour-long presentation November 6 during Alumni Week at John Hopkins University’s Bloomberg School of Public Health.\n\nKeane-Myers’ presentation “From spirochetes to select agents: thoughts on an ongoing science career,” was well received by all who attended – graduate students, post-doctoral fellows, faculty and the associate dean. After the presentation, she spent another hour answering questions. Keane-Myers received her Ph.D. in Molecular Microbiology from the school in 1995.\n\napproximately 450 million people. The President’s Malaria Initiative is a collaborative U.S. effort led by the U.S. Agency for International devel-\n\nopment in conjunction with the Department of Health and Human"
    },
    "15": {
      "summary": "0\n\n**NMRC Officers Discuss Navy Careers at Elizabeth Seton High School**\n\nNovember 17, Cmdr. Charmagne Beckett and Lt. Cmdr. Janine Danko represented the Navy at a career fair held at the all-girl Elizabeth Seton High School in Bladensburg, Md. Danko and Beckett were able to interact and share their experiences as Naval officers with the young women.\n\nPhotos: Cmdr. Charmagne Beckett (left photo) and Lt. Cmdr. Janine Danko (right photo) talking with Elizabeth Seton High School students about a career in the Navy.\n\n---\n\n**NMRC Hosts a Dining Out at U.S. Naval Academy**\n\n(Continued from page 12)\n\nsearch, to look to the senior officers as mentors and examples of how exceptional research is done in the military.\n\nA somber moment during the Dining Out occurred when Hospital Corpsman 1st Class Brian Knetsch of NMRC’s Biological Defense Research Directorate requested permission of the President of the Mess to present and explain the Prisoner of War/Missing in Action table in honor of their memory. This heartfelt tribute to all fallen or lost comrades, past and present, was an awakening moment to all service members and guests in attendance.\n\nLater, informal toasts were offered around the tables.\n\nThe evening ended with the President of the Mess offering a final toast to the United States Navy while Anchors Aweigh played.\n\nSpecial thanks to Lt. Ryan Sheppard (NMRC Mess Caterer) and the entire NMRC Dining Committee for making this time-honored occasion a special one to be remembered always!\n\n---\n\n**NMRC Officers Teach Science at Rolling Terrace Elementary School**\n\nSILVER SPRING, Md. - Naval officers from the Naval Medical Research Center (NMRC) volunteered at Rolling Terrace Elementary school in Takoma, Md. They had the opportunity to teach science to students and act as mentors.\n\nThis November, Lt. Cmdr. William Barnett and Lt. Danett Bishop focused on “phases of matter.” During their lectures, the officers asked students to generate hypotheses as to how matter changes phas"
    },
    "16": {
      "summary": "0\n\n**2012 Combined Federal Campaign Concludes December 15**\n\n\n**SILVER**\nSPRING, Md. -\nThe Naval\nMedical Research Center\n(NMRC)\nCombined\nFederal Campaign (CFC)\n\nlead, Lt. Christina Farris, is pushing for another successful year. NMRC officially kicked off their support of the CFC in the fall. With the campaign already underway, Farris says she is looking forward to the same outstanding level of participation seen in years past.\n\nSeven other team members are assisting Farris in moving forward the mission of the CFC – to promote and support philanthropy through a program that is employee focused, cost-efficient and effective in providing all federal employees the opportunity to improve the quality of life for all. Contributions support eligible non-profits organizations that provide health and human services benefits throughout the world.\n\nThe 2012 CFC will run through December 15. CFC is the world’s largest and most successful annual workplace charity campaign, with more than 200 CFC campaigns throughout the country and internationally to help to raise millions of dollars each year. Here at NMRC, all military and civilian personnel have been encouraged to participate.\n\n---\n\n**Happy Holidays from the NMRC Ombudsman!**\n\nGood, if you are reading this, it means you made it through Thanksgiving with the family AND black Friday. Here in the Washington, D.C. area, the weather has turned noticeably colder. The colder weather, combined with the crowded shopping malls, is a clear sign that the holiday season is upon us. As promised, because we are in the midst of the holiday season, this month I’m presenting additional holiday budgeting tips. Not to be a Scrooge, but many people blow their holiday budgets because they get carried away by the excitement of the season. It's important to remember that you can still have a joyous holiday season without busting your budget. Here are some more ways to save money during the holidays.\n\n**Set expectations with friends and family.** If "
    }
  }
}
