{
  "doc_id": "11-21-16-Updated-Post-Election-Release.pdf",
  "pages": {
    "1": {
      "summary": "2016\n\n# Low Marks for Major Players in 2016 Election – Including the Winner\n\nHalf of voters are happy Trump won; Democrats take a hard line\n\nFOR MEDIA OR OTHER INQUIRIES:\n\nCarroll Doherty, Director of Political Research\nJocelyn Kiley, Associate Director, Research\nBridget Johnson, Communications Associate\n\n202.419.4372\nwww.pewresearch.org"
    },
    "2": {
      "summary": "0\n\nPew Research Center is a nonpartisan fact tank that informs the public about the issues, attitudes and trends shaping America and the world. It does not take policy positions. It conducts public opinion polling, demographic research, content analysis and other data-driven social science research. The Center studies U.S. politics and policy; journalism and media; internet, science and technology; religion and public life; Hispanic trends; global attitudes and trends; and U.S. social and demographic trends. All of the Center’s reports are available at www.pewresearch.org. Pew Research Center is a subsidiary of The Pew Charitable Trusts, its primary funder.\n\n© Pew Research Center 2017"
    },
    "3": {
      "summary": "2016 presidential campaign was one to forget. Post-election evaluations of the way that the winning candidate, the parties, the press and the pollsters conducted themselves during the campaign are all far more negative than after any election dating back to 1988.\n\nThe quadrennial post-election survey by Pew Research Center, conducted November 10-14 among 1,254 voters who were originally interviewed before the election, finds that half are happy that Trump won the election, while nearly as many (48%) are unhappy. That is little different from initial reactions to the election result four years ago, when 52% were happy that Barack Obama won.\n\nBut voters’ “grades” for the way Trump conducted himself during the campaign are the lowest for any victorious candidate in 28 years. Just 30% of voters give Trump an A or B, 19% grade him at C, 15% D, while about a third (35%) give Trump a failing grade. Four years ago, most voters (57%) gave Obama an A or B, and after his 2008 election, 75% gave him an A or B.\n\nVoters give Trump worse grades than they have for any winning candidate in recent decades\n\n% of voters who give each candidate a grade of “A” or “B” for the way they conducted themselves over the course of the campaign\n\nNotes: Percent of “A” or “B” grades on an A, B, C, D, F scale.\n*In 2000, Bush is labeled as winning candidate, Gore as losing candidate, though at the time of the survey the results of the election had not been declared.\nSource: Voter callback survey conducted Nov. 10-14, 2016.\n\nPEW RESEARCH CENTER"
    },
    "4": {
      "summary": "2\n\nPEP RESEARCH CENTER\n\nFor the first time in Pew Research Center post-election surveys, voters give the losing candidate higher grades than the winner. About four-in-ten (43%) give Clinton an A or B, which is comparable to the share giving Mitt Romney top letter grades in 2012 (44%) and 13 percentage points higher than Trump’s (30%).\n\nAfter a bitter and contentious campaign, voters are deeply polarized in their reactions to Trump’s victory and expectations for his presidency. Among all voters, 56% expect Trump to have a successful first term, which is lower than the share saying that about Obama’s first term eight years ago (67%), but on par with expectations for Obama’s second term in November 2012 (also 56%).\n\nVirtually all of Trump’s supporters (97%) say they expect Trump’s first term to be successful; a smaller, but still overwhelming majority of Clinton supporters (76%) say Trump will be unsuccessful.\n\nTrump voters have a high degree of confidence in – and high expectations for – the president-elect. Fully 88% say they are confident in the kind of president Trump will be, while 90% or more express at least a fair amount of confidence in his ability to deal with key issues such as the economy, illegal immigration and health care.\n\nBy contrast, Clinton voters express little or no confidence in Trump to deal with major issues. And while a majority of Clinton voters (58%) say they are “willing to give Trump a chance and see how he governs as president,” nearly four-in-ten (39%) say they can’t see themselves giving Trump a chance “because of the kind of person he has shown himself to be.”\n\nLarge share of Trump voters are confident in kind of president he’ll be\n\n% of Trump voters who say ...\n\nHave serious concerns Confident about the about what kind of kind of president president Trump will be Trump will be\n\n10 88\n\nNote: Don’t know/other responses not shown. Q7b.\nSource: Voter callback survey conducted Nov. 10-14, 2016.\n\nPEP RESEARCH CENTER\n\nHow Clinton voters feel "
    },
    "5": {
      "summary": "3\n\nPEP RESEARCH CENTER\n\nEqually important, most Democrats would like to see their party’s leaders stand up to Trump rather than work with him. In fact, Democratic support for cooperation with the president-elect today is substantially less than GOP support for working with Obama eight years ago.\n\nNearly two-thirds of Democratic and Democratic-leaning voters (65%) say “Democratic leaders should stand up to Donald Trump on issues that are important to Democratic supporters, even if means less gets done in Washington.” Just 32% want the party’s leaders to work with Trump if it means disappointing Democrats.\n\nIn November 2008 – a time when voters generally felt much better about the election and its outcome – Republicans and Republican leaners were more favorably disposed to their party’s leaders working with Obama. Nearly six-in-ten (59%) said GOP leaders should work with Obama, while 36% wanted them to “stand up” to the new president.\n\nAnd Democratic voters are now far more supportive of the party moving in a more liberal direction than they were after either the 2012 or 2008 elections. About half of all Democratic and Democratic-leaning voters (49%) say Democratic leaders in Washington should move in a more liberal direction, while nearly as many (47%) favor a more moderate approach. Following Obama’s victories, majorities favored the party’s leaders moving in a more moderate direction (57% in both 2012 and 2008).\n\nMost Clinton voters want Democratic leaders to stand up to Trump\n\n% of voters saying Democratic leaders should ...\n\nNovember 2016\n\nWork with Trump to Stand up to Trump on get things done, even issues important to if it disappoints Dem, even if less gets supporters done in Washington\n\nAll voters 59 39\n\nRep/Lean Rep 84 14\n\nDem/Lean Dem 32 65\n\nNovember 2008\n\n% of voters saying Republican leaders should ...\n\nWork with Obama to Stand up to Obama on get things done, even issues important to Reps, if it disappoints even if less gets done in supporters Washington\n"
    },
    "6": {
      "summary": "53% say Trump should work with Democratic leaders in Congress, who are in the minority in both the House and Senate, while 39% say he should stand up to Democratic leaders.\n\nHowever, few Trump voters have a positive view of Trump reaching across partisan lines for appointments to his administration.\n\nOnly about a quarter (26%) of Trump voters say the president-elect should appoint Democrats to serve in his administration. Twice as many (52%) say it does not matter, while 21% say Trump should not name Democrats to his cabinet.\n\nIn 2008, after Obama’s first victory, 52% of voters who supported him said he should appoint Republicans to his cabinet, double the share of Trump backers who favor Democrats in his cabinet today.\n\n### Relatively few Trump backers want him to appoint Democrats to key positions\n\n*% of voters saying Donald Trump _____ appoint Democrats to serve in important positions in his administration.*\n\n- Should\n- Should not\n- Doesn't matter\n\n**November 2016**\n\n- All voters: 55\n- Trump voters: 26\n- Clinton voters: 84\n- Don't know: 1\n\n**November 2008**\n\n*% of voters who said Barack Obama _____ appoint Republicans to serve in important positions in his administration.*\n\n- All voters: 60\n- Obama voters: 52\n- McCain voters: 69\n- Don't know: 2\n\n**November 2008**\n\nNote: Don't know responses not shown. Q68.\nSource: Voter callback survey conducted Nov. 10-14, 2016.\n\n**PEW RESEARCH CENTER**"
    },
    "7": {
      "summary": "5\n\nPEP RESEARCH CENTER\n\nGrading the 2016 election\n\nDonald Trump receives low grades for how he conducted himself over the course of the campaign, but voters grade other campaign actors just as harshly and in some cases even more harshly. Only about a quarter give an A or B to the Republican Party (22%) and the Democratic Party (26%). About three-in-ten give the parties an F (30% for Republican Party, 28% Democratic Party), by far the highest share giving the parties failing grades since this series of surveys began in 1988.\n\nVoters also give abysmal grades to the press and pollsters, whose pre-election surveys were widely criticized. Just 22% give the press a grade of an A or B, while 38% give it a failing grade. Similarly, fewer voters award pollsters grades of A or B (21%) than a grade of F (30%).\n\nAnd voters do not spare themselves from criticism. Just 40% give “the voters” a grade of A or B – the lowest percentage after any election since 1996.\n\nAs our surveys found throughout the campaign, voters view the 2016 contest as extraordinarily negative. Fully 92% say there was more “mudslinging” or negative campaigning than in past elections – which is 20 percentage points higher than the previous high (72% after the 2004 election).\n\nAnd while a large majority of voters (81%) feel they learned enough about the candidates to make an informed choice, a record 73% say that there was less discussion of issues compared with past presidential campaigns.\n\nElection report card:\nBarely passing grades\n\n| % who give each A or B | Average grade |\n|------------------------|--------------|\n| Trump                   | 30           |\n| Clinton                | 43           |\n| Rep Party              | 22           |\n| Dem Party              | 26           |\n| The press              | 22           |\n| The pollsters            | 21           |\n| The voters              | 40           |\n\nNote: Based on voters. Q24.\nSource: Voter callback survey conducted Nov. 10-14, 2016.\n\nPEP RESEARCH "
    },
    "8": {
      "summary": "6\n\nPEP RESEARCH CENTER\n\n**Election reactions: Nearly all Trump supporters feel ‘hopeful’**\n\nTrump’s upset victory came as a surprise to most voters. Nearly three-quarters (73%) of all voters – including 87% of Clinton supporters and 60% of Trump backers – say they were surprised by Trump’s victory.\n\nAbout half of voters (53%) say his election makes them feel “uneasy,” while nearly as many (51%) say it makes them feel “hopeful.” Smaller shares say his election triumph makes them feel “scared,” “sad” (41% each), “proud” (36%) or “angry” (31%).\n\nAmong Trump voters, 96% say his election made them feel hopeful, while 74% said they feel proud. Substantial majorities of Clinton voters say they feel uneasy (90%), sad (77%) and scared (76%) about Trump’s victory. Very few Clinton voters say they feel hopeful (7%) or proud (only 1%).\n\n**Top reactions to Trump’s victory – ‘uneasy,’ ‘hopeful’**\n\n% of voters who say the election of Donald Trump makes them feel …\n\n| Hopeful | Proud | Uneasy | Sad | Scared | Angry |\n|---|---|---|---|---|---|\n| 51    | 36   | 41    | 41  | 31    | 31   |\n\nNote: Q45.\nSource: Voter callback survey conducted Nov. 10-14, 2016.\n\n**PEP RESEARCH CENTER**"
    },
    "9": {
      "summary": "7\n\nPEP RESEARCH CENTER\n\nWhen voters are asked to summarize their feelings about Trump’s victory in a word, the unexpected nature of the result is reflected. Among Trump supporters, “happy” is mentioned most often, while many point to their surprise or shock at the election.\n\nFor Clinton voters, “shocked” is the most frequent response, followed by “disappointed” and “disgusted.” Other Clinton voters noted their surprise or disbelief about Trump’s victory.\n\nTrump’s victory in a word\n\nWhat one word best describes your reaction to Donald Trump winning the presidential election this year? (Number mentioning each word; not percentages)\n\n| Trump voters | Clinton voters |\n|--------------|---------------|\n| 67          | Happy         |\n| 60          | Surprised     |\n| 46          | Relieved      |\n| 29          | Shocked       |\n| 26          | Hopeful       |\n| 26          | Elated        |\n| 25          | Great         |\n| 18          | Ecstatic      |\n| 16          | Excited       |\n| 15          | Glad          |\n| 12          | Awesome       |\n| 12          | Good          |\n| 11          | Pleased       |\n| 10          | Change        |\n| 9           | Thankful      |\n\nN=533\n\nN=587\n\nNotes: Based on voters. Figures show actual number of respondents who offered each response; these numbers are not percentages. Responses shown for seven or more mentions. Q7. Source: Voter callback survey conducted Nov. 10-14, 2016.\n\nPEW RESEARCH CENTER"
    },
    "10": {
      "summary": "46% say Trump’s election will lead to worse race relations, while only about half as many (25%) expect race relations to improve; 26% say his election won’t make a difference. Among Clinton voters, 84% expect race relations to worsen under Trump. Among Trump supporters, half expect improvement, while 38% say his election won’t make a difference.\n\nPost-victory, most Trump backers confident in an accurate vote count. In August, just 38% of registered voters who supported Trump were very confident that their vote would be counted accurately. But in the aftermath of Trump’s victory, 75% expressed confidence that their votes were counted accurately. The views of Clinton supporters showed no change: After the election 67% were confident that their votes were counted accurately.\n\nMost expect woman president, eventually. Following Clinton’s defeat, a sizable majority of voters (79%) still expect there will be a female president “in their lifetime.” There are no significant differences in these opinions among men and women, or Clinton supporters and Trump backers.\n\nVoters say press has too much influence. Voters grade the press very negatively, and most (57%) say it had too much influence on the outcome of the election. Just 27% say the press had the right amount of influence on the election, while 13% say it had too little influence. About six-in-ten Trump voters (62%) say the press had too much influence, as do 50% of Clinton voters.\n\n\n\n\n**Will the country elect a female president in your lifetime?**\n\n% of voters who say ...\n\n|                | No | Yes |\n|----------------|----|-----|\n| All voters     | 17 | 79  |\n| Men            | 16 | 81  |\n| Women         | 18 | 78  |\n| Trump voters   | 17 | 78  |\n| Clinton voters| 17 | 81  |\n\nNote: Don’t know responses not shown. Q46bb.\nSource: Voter callback survey conducted Nov. 10-14, 2016.\n\nPew Research Center\n\nwww.pewresearch.org"
    },
    "11": {
      "summary": "9\n\n# 1. Presidential election reactions and expectations\n\nHalf of voters say they are happy Donald Trump was elected president, while about as many (48%) say that they are unhappy. Reactions are similar to 2012 (when 52% said they were happy Obama was reelected), but they are less positive than after Obama’s first presidential campaign in 2008, when 58% said they were happy he was elected.\n\nNot surprisingly, 97% of Trump voters say they are happy he won, while 93% of Clinton voters say they are unhappy. While wide majorities of voters for the losing presidential candidate are always broadly dissatisfied with the election outcome, this phenomenon was less pronounced eight years ago; in 2008, 77% of McCain supporters said they were unhappy Obama won and 13% said they were happy.\n\nOne reaction to the election outcome that most Trump and Clinton supporters share is surprise. Overall, 73% of all voters say they are surprised that Trump won the election, including 87% of Clinton voters. A somewhat smaller 60%-majority of Trump voters express surprise at the outcome, though 40% say they are not surprised he won.\n\n---\n\n## Half say they are happy Trump was elected president\n\n% of voters who say they are happy that _____ was elected president ...\n\n| Clinton | Bush | Obama | Obama | Trump |\n|---|---|---|---|---|\n| 53    | 53   | 58    | 52    | 50    |\n\nNote: Q39.\nSource: Voter callback survey conducted Nov. 10-14, 2016.\n\n**PEW RESEARCH CENTER**\n\n---\n\n## Most voters say they are surprised that Trump won the presidential election\n\n% of voters who say they are _____ Donald Trump won the presidential election ...\n\n| Not surprised | Surprised |\n|---|---|\n| All voters   | 27     |\n| Trump voters | 40     |\n| Clinton voters | 12     |\n|    | 87     |\n\nNote: Don’t know responses not shown. Q14.\nSource: Voter callback survey conducted Nov. 10-14, 2016.\n\n**PEW RESEARCH CENTER**"
    },
    "12": {
      "summary": "10\n\nPEP RESEARCH CENTER\n\nEmotional reactions to Trump’s election\n\nVoters express a mix of emotional reactions to the election of Donald Trump. On the positive side, 51% say that Trump’s election makes them feel hopeful; somewhat fewer say it makes them feel proud (36%).\n\nOn the negative side, 53% say Trump’s election makes them feel uneasy. About four-in-ten say his election makes them feel sad (41%) or scared (41%), and 31% say the election of Trump makes them feel angry.\n\nEight years ago, voters’ emotional reactions to Obama’s election were somewhat more positive. In response to a slightly differently worded question that asked about how Obama made them feel – as opposed to how the election of Obama made them feel – fully 69% of voters said he made them feel hopeful, while just 35% said that he made them feel uneasy.\n\nMany voters say they feel ‘uneasy’ about the election of Trump\n\n% of voters who say the election of Donald Trump makes them feel …\n\n| Hopeful | Proud | Uneasy | Sad | Scared | Angry |\n|---|---|---|---|---|---|\n| 36    | 41    | 53    | 41   | 31    | 35   |\n\nNote: Q45.\nSource: Voter callback survey conducted Nov. 10-14, 2016.\n\nPEW RESEARCH CENTER"
    },
    "13": {
      "summary": "96% say that his election makes them feel hopeful. A somewhat smaller – but still wide – majority of Trump supporters say that his election makes them feel proud (74%).\n\nAmong Clinton supporters, the most widespread reaction to Trump’s victory is unease: 90% say the election of Trump makes them feel uneasy. About three-quarters say his election makes them feel sad (77%) or scared (76%). While less widespread than other negative reactions, most Clinton supporters (62%) also say Trump’s election makes them feel angry.\n\nThough majorities of Clinton supporters across demographic groups express unease, sadness, fear and anger about the election of Trump, Clinton voters with college degrees are more likely than those with less education to express anger and sadness. About seven-in-ten Clinton voters with a bachelor’s degree or higher (69%) say Trump’s election makes them feel angry; a narrower 56% majority of Clinton voters with less education say this. And while 70% of Clinton voters who have not graduated from college say Trump’s election makes them feel sad, fully 85% who have college degrees say that it does.\n\n### Trump voters overwhelmingly feel ‘hopeful’ about his election\n\n*% of Trump/Clinton voters who say the election of Trump makes them feel ...*\n\n- Trump voters\n- Clinton voters\n\n| Hopeful | 7 | 1 |\n|---|---|---|\n| Proud  | 13 | 4 |\n| Uneasy | 5 | 77 |\n| Scared | 1 | 76 |\n| Angry  | 62 | 1 |\n\nNote: Q45.\nSource: Voter callback survey conducted Nov. 10-14, 2016.\n\n**PEW RESEARCH CENTER**\n\nwww.pewresearch.org"
    },
    "14": {
      "summary": "56% say it’s more likely that Trump will have a successful first term, while 39% say it’s more likely that he’ll have an unsuccessful first term. Overall views on this question are about the same as they were four years ago, after Barack Obama’s reelection, but are less positive than in 2008. Following Obama’s victory over John McCain eight years ago, 67% of voters expected Obama would have a successful first term.\n\nAn overwhelming 97% of Trump voters expect him to have a successful first term; this is comparable to the 92% of Obama voters who said this about their candidate in 2008.\n\nViews of Trump’s first term among Clinton voters are broadly negative and they are more negative than expectations were for Obama’s first term among John McCain’s supporters in 2008. Overall, just 15% of Clinton supporters think Trump’s first term will be successful, while 76% think it will be unsuccessful. In 2008, nearly four-in-ten McCain supporters (39%) thought Obama would have a successful first term.\n\nMore expect Trump’s first term to be successful than unsuccessful\n\n% of voters who say ___ will have a successful first term ...\n\n| Unsuccessful | Trump 2016 | Obama 2008 |\n|---|---|---|\n| 22    | 39    | 67    |\n\nNote: Don’t know responses not shown. Q40. Source: Voter callback survey conducted Nov. 10-14, 2016.\n\nPEW RESEARCH CENTER\n\nLess optimism for first term among losing candidates’ voters in ’16 than ’08\n\n% of voters who say Trump/Obama will have a successful first term ...\n\n| Among winning candidate's voters | Trump | Obama |\n|---|---|---|\n| 2016    | 15    | 39    |\n| 2008    | 39    | 92    |\n\nAmong losing candidate's voters\n\n| Among losing candidate's voters | Trump | Obama |\n|---|---|---|\n| 2016    | 15    | 39    |\n| 2008    | 39    | 92    |\n\nNote: Q40. Source: Voter callback survey conducted Nov. 10-14, 2016.\n\nPEW RESEARCH CENTER"
    },
    "15": {
      "summary": "13\n\nPEP RESEARCH CENTER\n\n**Can Clinton voters give Trump a chance?**\n\nWhile expectations for Trump’s administration among Clinton voters are low, 58% say they’re “willing to give Trump a chance and see how he governs.” But nearly four-in-ten Clinton voters (39%) say “I can’t see myself giving Trump a chance because of the kind of person he has shown himself to be.” Clinton supporters expressed highly negative evaluations of Trump throughout the campaign. For example, in October registered voters who supported Clinton said Trump lacked respect for a wide range of groups, including women, blacks, Hispanics, immigrants and Muslims.\n\nClinton voters under the ages of 18-49 are somewhat less likely to say they are willing to give Trump a chance (52%) than are Clinton supporters age 50 and older (64%). There are only modest differences across other demographic groups among Clinton supporters.\n\nIn the wake of Trump’s election, there is little sign of concern among his voters about the type of president he will be. Overall, 88% of Trump voters say they are confident about the kind of president he will be, while just 10% say they have serious concerns about the kind of president he will be.\n\n---\n\n**Most Clinton supporters willing to give Trump a chance – but many are not**\n\n% of Clinton voters who say ...\n\nCan't see myself giving Trump a chance because of kind of person he has shown himself to be\n\nWilling to give Trump a chance to see how he governs\n\n39 58\n\nNote: Don’t know responses not shown. Q7a.\nSource: Voter callback survey conducted Nov. 10-14, 2016.\n\nPEP RESEARCH CENTER\n\n---\n\n**Trump voters confident in the type of president he will be**\n\n% of Trump voters who say ...\n\nHave serious concerns about what kind of president Trump will be\n\nConfident about the kind of president Trump will be\n\n10 88\n\nNote: Don’t know responses not shown. Q7b.\nSource: Voter callback survey conducted Nov. 10-14, 2016.\n\nPEP RESEARCH CENTER"
    },
    "16": {
      "summary": "14\n\nPEP RESEARCH CENTER\n\nVoters split on whether Trump will favor the needs of his supporters\n\nAfter a heated general election campaign, voters are divided over whether they think Trump will put the needs of those who supported him in the election ahead of the needs of other Americans. Overall, 51% say that Trump will give equal priority to all Americans, including those who did not support him; 46% say Trump will give greater priority to the needs of those who supported him in the election.\n\nHowever, these views largely divide along lines of support: Trump voters overwhelmingly say that he will give equal priority to the needs of all Americans (84%). By contrast, 75% of Clinton voters think he will give greater priority to the needs of his supporters.\n\nWill Donald Trump prioritize needs of all Americans or those of his supporters?\n\n% of voters who say that as president, Trump will...\n\n| All voters | Give greater priority to the needs of his supporters |\n|-----------|-----------------------------------------------|\n| Trump voters | 46 | 51 |\n| Clinton voters | 75 | 20 |\n\nNote: Don’t know responses not shown. Q70.\nSource: Voter callback survey conducted Nov. 10-14, 2016.\n\nPEW RESEARCH CENTER"
    },
    "17": {
      "summary": "48% say they think Trump will change the way things work in Washington for the better, while just 9% don’t think he’ll change things much either way and 1% say he’ll change things for the worse.\n\nClinton voters are split in their views: 48% think Trump will change the way things work in Washington for the worse, while 39% don’t expect him to change things much either way and just 9% think he will change Washington for the better.\n\nMore say Trump will change things in Washington for better than worse\n\n% of voters who say Donald Trump will change the way things work in Washington ...\n\n| For worse | Won't change much | For better |\n|-----------|------------------|----------|\n| All voters | 25              | 48       |\n| Trump voters | 9               | 89      |\n| Clinton voters | 48             | 39       |\n\nSource: Voter callback survey conducted Nov. 10-14, 2016.\n\nPew Research Center"
    },
    "18": {
      "summary": "16\n\nPEP RESEARCH CENTER\n\nMany voters not clear on Trump’s goals and vision for country\n\nWhile most voters say that Trump will change Washington – either for the better or for the worse – many say they do not have a good idea of Trump’s vision for the country. As many voters say they have a good idea of where Trump wants to lead the country (49%) as say his goals are not very clear (49%).\n\nBy 87%-12%, Trump voters say they have a good idea of where Trump wants to lead the country. Opinion is the reverse among Clinton voters. Fully 84% of her supporters say Trump’s goals are not very clear, while just 14% say they have a good idea of where he wants to take the country.\n\nMost Clinton voters do not have clear sense of Trump’s goals and vision\n\n% of voters who say …\n\n| All voters | His goals are not very clear | Good idea where he wants to lead country |\n|---|---|---|\n| Trump voters | 49    | 49    |\n| Clinton voters | 84    | 87    |\n\nNote: Don’t know responses not shown. Q41.\nSource: Voter callback survey conducted Nov. 10-14, 2016.\n\nPEW RESEARCH CENTER"
    },
    "19": {
      "summary": "17\n\nPEP RESEARCH CENTER\n\n**Health care tops list of priorities voters suggest Trump tackle first**\n\nVoters offer a mix of ideas for what Trump’s first priority should be as president. In an open-ended question, 20% of voters suggest health care as Trump’s first priority – the most of any other issue area voters named. Roughly one-in-ten name the economy (12%), immigration (10%), unifying the country (8%) and jobs and unemployment (8%) as the top priority issues Trump should address as president.\n\nAnother 6% of voters think Trump’s first priority should be to change his personal behavior and address divisions stoked during his campaign.\n\nFewer mention environmental issues and climate change, as well as foreign policy, as Trump’s first priority as president (3% each).\n\nNearly three-in-ten (29%) Trump voters name health care as Trump’s first priority as president, compared with fewer Clinton voters (12%) who say the same (note that while most voters who mentioned health care did not mention what they’d like to see done, among those who did mention what they’d like to see done, among those who did mention what they’d like to see done, among those who did mention what they’d like to see done, among those who did mention what they’d like to see done, among those who did mention what they’d like to see done, among those who did mention what they’d like to see done, among those who did mention what they’d like to see done, among those who did mention what they’d like to see done, among those who did mention what they’d like to see done, among those who did mention what they’d like to see done, among those who did mention what they’d like to see done, among those who did mention what they’d like to see done, among those who did mention what they’d like to see done, among those who did mention what they’d like to see done, among those who did mention what they’d like to see done, among those who did mention what they’d like to see done, among those who did mention what they’d"
    },
    "20": {
      "summary": "18\n\nPEP RESEARCH CENTER\n\nMixed views of confidence in Trump on major issues\n\nWhen asked how much confidence they have in Trump to “do the right thing” dealing with five major issues, Trump performs best when it comes to dealing with the economy: 62% of voters have a great deal or a fair amount of confidence in him in this area, including 36% who express a great deal of confidence in Trump, while 37% say they have little or no confidence in him. And 56% have at least a fair amount of confidence in Trump to do the right thing regarding the threat of terrorism, while 44% say they have little or no confidence in him on this issue.\n\nIn three other areas: dealing with health care, illegal immigration and foreign policy, voters’ views are more divided, with roughly half of voters expressing little or no confidence in Trump on these issues and about half expressing at least a fair amount of confidence.\n\nVoters most confident in Trump doing right thing on economy and terrorism\n\n% of voters who say they have confidence in Donald Trump to do the right thing when dealing with …\n\n| Economy | 36 | 27 | 17 | 20 |\n|---------|----|----|----|----|\n| Threat of terrorism | 32 | 23 | 18 | 26 |\n| Health care | 28 | 24 | 19 | 28 |\n| Illegal immigration | 27 | 25 | 15 | 32 |\n| Foreign policy | 23 | 25 | 20 | 32 |\n\nNote: Don’t know responses not shown. Q46.\nSource: Voter callback survey conducted Nov. 10-14, 2016.\n\nPEP RESEARCH CENTER"
    },
    "21": {
      "summary": "19\n\nPEP RESEARCH CENTER\n\nAt least nine-in-ten Trump voters say they have at least a fair amount of confidence in him on each of these five issues. However, the share expressing a great deal of confidence in Trump varies by issue. Seven-in-ten of his voters have a great deal of confidence that he will do the right thing on the economy (70%), and nearly as many (64%) say this about the threat of terrorism. Yet fewer express a great deal of confidence that he will do the right thing when it comes to health care (58%) or illegal immigration (55%), and only about half (47%) of Trump voters express a great deal of confidence in him on foreign policy.\n\nConversely, most Clinton voters say they have not too much or no confidence at all that Trump will do the right thing on all of these issues. On four of five issues, over 80% of Clinton supporters say they have not too much or no confidence. Nearly two-thirds of Clinton supporters say they have no confidence at all in Trump to do the right thing when it comes to illegal immigration (64%) or foreign policy (63%). However, just 40% say they have no confidence in Trump when it comes to dealing with the economy.\n\nDespite the vast gulf in confidence between Clinton and Trump voters, both sides tend to give Trump relatively better – or worse – ratings on the same issues. For example, both give Trump his best marks on the economy – where the largest share (27%) of Clinton supporters say they have at least a fair amount of confidence and 99% of Trump supporters say the same. Similarly, confidence in Trump is weaker on foreign policy among both his supporters and Clinton’s.\n\nTrump voters confident he will do right thing on issues; Clinton voters are not\n\n% of voters who say they have confidence in Donald Trump to do the right thing when dealing with ...\n\n| Economy | 70 | 29 | 1 |\n|---|---|---|---|\n| Threat of terrorism | 64 | 32 | 4 |\n| Health care | 58 | 38 | 3 |\n| Illegal immigration | 55 | 41 | 4 |\n| Foreign policy | 47 | 44 | 8 |"
    },
    "22": {
      "summary": "20\n\nPEP RESEARCH CENTER\n\nFew voters expect Trump’s election to lead to improved race relations\n\nVoters are skeptical that Trump’s election as president will lead to better race relations in the United States: Just a quarter (25%) think this is the case. By contrast, 46% of voters say race relations will get worse after Trump’s election, and 26% say his election will make no difference. Voters were much more optimistic that Obama would have a positive impact on race relations in the days following his 2008 election: 52% said his election would lead to improving race relations, while just 9% said they would worsen (36% expected little change).\n\nThere are stark differences by vote choice in opinion on progress for race relations after Trump’s election. Half of Trump voters (50%) expect race relations to get better, and 38% think his election will make no difference; just 9% think race relations will get worse.\n\nOn the other hand, an overwhelming majority of Clinton voters (84%) think Trump’s election will lead to worse race relations in the country. Few Clinton voters think his election will make no difference (13%) or lead to better race relations (2%). In 2008, Obama voters were more optimistic than McCain’s that race relations would improve (69% vs. 34%); still, just 17% of McCain’s voters expected relations would worsen (a 45% plurality said Obama’s election would not make a difference).\n\nMore voters expect race relations to worsen than say they will improve\n\n% of voters who say election of (Trump/Obama) will lead to _____ race relations\n\n| Better | No difference | Worse |\n|-------|-------------|-------|\n| Trump (2016) | 25 | 26 | 46 |\n| Obama (2008) | 52 | 36 | 9 |\n\nTrump (2016)\n\n| Trump voters | 50 | 38 | 9 |\n|--------------|----|----|----|\n| Clinton voters | 2 | 13 | 84 |\n\nNote: Don’t know responses not shown. Q46aa.\nSource: Voter callback survey conducted Nov. 10-14, 2016.\n\nPEP RESEARCH CENTER"
    },
    "23": {
      "summary": "79% of Americans said the country is more politically divided than in the past. In the wake of Trump’s election, few expect partisan relations in Washington to improve.\n\nToday, about a quarter of voters (27%) think that relations between the two parties will improve in the coming year, while as many (27%) say they will worsen; 45% expect they will stay about the same.\n\nTrump voters are much more optimistic in their feelings about the prospect of a better relationship. Nearly half of Trump voters (47%) feel that partisan relations will improve compared with only 9% who say they will get worse (43% expect little change).\n\nAmong Clinton voters, 46% say relations will be little changed in the next year, while 43% say they will worsen; just 10% say they will get better.\n\nThere was somewhat more optimism about improved partisan relations eight years ago, after Obama’s first victory. At that time, 37% expected relations between Republicans and Democrats to get better, while just 18% said they would get worse; 42% expected little change.\n\nTrump’s supporters are slightly less optimistic about improvements in partisan relations than Obama voters were eight years ago (47% of Trump voters expect improvements, 55% of Obama voters did in 2008). And Clinton voters are more likely than McCain voters were in 2008 to say relations will get worse (43% of her voters say this today, 31% of McCain’s said this in 2008).\n\n\n\n---\n\n### 2. Prospects for bipartisan cooperation, ideological direction of the parties\n\n#### In a major survey of opinions about government last year, 79% of Americans said the country is more politically divided than in the past. In the wake of Trump’s election, few expect partisan relations in Washington to improve.\n\n---\n\n#### Will relations between Republicans and Democrats improve?\n\n% of voters saying Republican and Democratic relations in Washington will ...\n\n- Get better  \n- Stay about the same  \n- Get worse  \n\n| 2016 | All voters | 27 | 45 | 27 |\n|---|---|---|---"
    },
    "24": {
      "summary": "73% of all voters – including 55% of his own supporters and fully 90% of Clinton’s – say that Donald Trump should try as best he can to work with Democratic leaders in Washington to accomplish things, even if it means disappointing some groups of Republican supporters.\n\nAbout four-in-ten Trump voters (37%) say that he should stand up to the Democrats – who are in the minority in both the House and Senate – on issues that are important to Republican supporters, even if it means less gets done in Washington.\n\nIn 2012, the pattern of opinion was very similar: 56% of Obama voters and 90% of Romney backers wanted to see Obama work with Republicans, who controlled the House at the time.\n\nBut the partisan divide between voters who supported the winning candidate and voters who supported the losing candidate is larger this year than in 2008 on a similar question asked about whether Democratic leaders should work with Republicans.\n\nIn 2008, as Barack Obama was first preparing to enter office, nearly eight-in-ten (78%) of Obama’s voters said that Democratic leaders in Washington should work with Republicans even at the risk of disappointing their supporters, and a similar proportion of McCain’s voters (76%) said the same.\n\nMost voters say Trump should try as best he can to work with Democrats\n\n% of voters who say Donald Trump should...\n\n| All voters | 73 | 22 |\n|---|---|---|\n| Trump voters | 55 | 37 |\n| Clinton voters | 90 | 9 |\n\nNote: Don’t know responses not shown. Q55.\nSource: Voter callback survey conducted Nov. 10-14, 2016.\n\nPEW RESEARCH CENTER\n\nwww.pewresearch.org"
    },
    "25": {
      "summary": "23\n\nPEP RESEARCH CENTER\n\nWhile a large majority wants Trump to work with Democrats, somewhat fewer say the reverse:\n\n59% of voters say Democratic leaders should try to work with Trump even if it means disappointing some Democrats. Nearly four-in-ten (39%) want Democrats to “stand up” to Trump, even if it means less is accomplished.\n\nMore than eight-in-ten Trump voters (83%) say Democratic leaders should work with Trump to get things done even if it means disappointing their supporters, but that view is held by just 35% of Clinton voters. Nearly two-thirds (63%) of Clinton voters say that Democrats should stand up to Trump on issues that are important to Democrats even if it means less gets done in Washington.\n\nThis contrasts with the feelings among those who voted for the losing candidate in 2008, when 58% of McCain voters said Republican leaders should try their best to work with Obama.\n\nAmong the majority of Clinton voters (58%) who say they are “willing to give Trump a chance and see how he governs,” about half (51%) still want Democratic leaders to stand up to Trump. Among the 39% of Clinton backers who say they can’t see themselves giving Trump a chance, 78% say the same.\n\nMany Clinton voters want Democrats to stand up to Trump on important issues\n\n% of voters who say Democratic leaders should...\n\nWork with Trump to get things done, even if it means disappointing supporters\n\nStand up to Trump on issues important to Democrats, even if it means less gets done\n\nAll voters\n\nTrump voters\n\nClinton voters\n\nAmong Clinton voters who say they...\n\nAre willing to give Trump a chance\n\nCan't give Trump a chance\n\nNote: Don't know responses not shown. Q54.\nSource: Voter callback survey conducted Nov. 10-14, 2016.\n\nPEP RESEARCH CENTER\n\nAmong the majority of Clinton voters (58%) who say they are “willing to give Trump a chance and see how he governs,” about half (51%) still want Democratic leaders to stand up to Trump. Among the 39% of Clinton backers who say they can’t see them"
    },
    "26": {
      "summary": "24\n\nPEP RESEARCH CENTER\n\nGrowing share of Democrats want to see the party move to the left\n\nBy a wide margin, Republican and Republican-leaning voters continue to want to see the GOP head in a more conservative, rather than moderate, direction. Today, 60% say they want to see the party move in a conservative direction, while 36% say they’d like to see more moderation. This is little changed from recent years.\n\nDemocrats are more divided over whether their party’s future should be more liberal (49%) or more moderate (47%). The share of Democratic voters who would like to see a more liberal stance is up significantly from recent years. Two years ago, in the week after the midterm election, just 38% wanted to see the party move to the left. And following both of Obama’s presidential victories, only a third of Democratic voters said this.\n\nMost Republicans continue to say GOP should be more conservative\n\n% of Republican/Rep-leaning voters who would like to see their party move in a ______ direction ...\n\nMore moderate | More conservative\n\nNov 2016 | 36 | 60\nNov 2014 | 35 | 60\nNov 2012 | 35 | 57\nNov 2010 | 36 | 59\nNov 2008 | 35 | 60\n\nAs the share of Democrats who want their party to be more liberal grows\n\n% of Democratic/Dem-leaning voters who would like to see their party move in a ______ direction ...\n\nMore moderate | More liberal\n\nNov 2016 | 47 | 49\nNov 2014 | 55 | 38\nNov 2012 | 57 | 33\nNov 2010 | 52 | 33\nNov 2008 | 57 | 33\n\nNotes: Data from 2008, 2012 and 2016 based on voters. Data from 2010 and 2014 based on registered voters. Don’t know responses not shown. Q78 & Q79. Source: Voter callback survey conducted Nov. 10-14, 2016.\n\nPEW RESEARCH CENTER"
    },
    "27": {
      "summary": "25\n\nPew Research Center\n\nDivided reaction to the GOP maintaining congressional control\n\nVoters have mixed reactions to the results of congressional elections. About half (52%) of voters say they are happy that the Republican Party maintained control of the U.S. Congress, while 45% say they are unhappy.\n\nThese feelings predictably align by support for the top of the ticket. Trump voters overwhelmingly say they are happy (94%) the GOP retained congressional control, while the vast majority of Clinton supporters (87%) are unhappy.\n\nVoters have mixed reactions to GOP retaining congressional majority\n\n% of voters who are ______ that the Republican Party maintained control of the U.S. Congress\n\n| Unhappy | Happy |\n|---------|-------|\n| All voters | 45    | 52   |\n\nTrump voters | 3 | 94\n\nClinton voters | 87 | 10\n\nNote: Don’t know responses not shown. Q44.\nSource: Voter callback survey conducted Nov. 10-14, 2016.\n\nPew Research Center"
    },
    "28": {
      "summary": "26\n\nPEW RESEARCH CENTER\n\n3. Voters’ evaluations of the campaign\n\nWhen voters are asked to grade the candidates, parties and press on how they conducted themselves during the presidential campaign, they award the lowest grades for nearly all involved since the quadrennial post-election surveys began in 1988.\n\nJust 30% of voters give Donald Trump a grade of A or B, 19% give him C, while half grade his conduct at either D (15%) or F (35%). Trump receives a C- grade on average.\n\nHillary Clinton’s grades are better than Trump’s, which marks the first time a losing candidate has received more positive grades than the winner. Clinton receives an A or B from 43% of voters; 20% award Clinton a C, while nearly four-in-ten give Clinton a D (16%) or F (21%). Clinton’s average grade is a C.\n\nFew voters give high ratings to the political parties. Only about a quarter overall give the Republican Party (22%) and Democratic Party (26%) an A or B; roughly three-in-ten give each of the parties an F (30% for the Republican Party, 28% for the Democratic Party). On average, the GOP receives a D+, while the Democratic Party gets a C-.\n\nThe press and pollsters also are viewed negatively for their performance during the campaign. Only 22% give the press an A or B grade; 38% give them a failing grade. For pollsters, just 21% give them an A or B, while three-in-ten (30%) give them an F.\n\nVoters grade the parties, press and pollsters quite negatively\n\n% of voters who give each a grade of ___ for the way they conducted themselves in the campaign\n\n|                        | A or B | C   | D   | F   |\n|------------------------|-------|-----|-----|-----|\n| Trump                  | 30    | 19  | 15  | 35  |\n| Clinton               | 43    | 20  | 16  | 21  |\n| Rep Party             | 22    | 25  | 22  | 30  |\n| Dem Party             | 26    | 26  | 20  | 28  |\n| Press                 | 22    | 19  | 21  | 38  |\n| Pollsters             | 21    | 24  | 21  | 30  |\n| Voters                | 40    | 29"
    },
    "29": {
      "summary": "40% say \"the voters\" deserve a grade of A or B, 29% give them C, 15% D and 13% F. Still, on average, voters give themselves C, which is higher than grades they give other campaign actors aside from Clinton.\n\nCampaign grades 1988-2016\n\nTrump receives historically low grades overall (30% A or B), in part because his own supporters are not all that positive about his campaign conduct. While a majority (58%) of Trump voters give Trump an A or B for his conduct during the campaign, just 17% give him an A.\n\nBarack Obama’s supporters were much more positive about his campaign conduct in 2008 and 2012. In 2008, virtually all Obama voters (97%) gave him a grade of A or B, with 71% giving him an A. In 2012, 91% of Obama voters gave Obama top grades, including 46% who gave him an A.\n\nTrump also gets the lowest grades from supporters of the losing candidate among election winners dating to 1988. Nearly two-thirds of Clinton voters (65%) give Trump a failing grade, by far the highest percentage among\n\nTrump campaign grades at historic low, Clinton’s grades comparable to losing candidates in the past\n\n% of voters who give each a grade of ___ for the way they conducted themselves in the campaign\n\nWinning presidential candidates\n\n| Grade | 11 | 7 | 5 | 9 | 11 | 5 | 18 |\n|---|---|---|---|---|---|---|---|\n| A    | 13 | 8 | 10| 10| 14| 35|\n| D    | 26| 22| 27| 22| 16| 15|\n| C    | 64| 57| 52| 55| 75| 19|\n| A or B| 49| 57| 52| 55| 57| 30|\n\nLosing presidential candidates\n\n| Grade | 7 | 13 | 16 | 12 | 10 | 14 | 10 | 17 | 21 |\n|---|---|---|---|---|---|---|---|---|---|\n| A    | 13| 20| 25| 13| 14| 15| 16|\n| D    | 40| 33| 34| 25| 35| 23| 20|\n| C    | 38| 30| 33| 53| 46| 40| 44| 43|\n\nNotes: *In 2000, Bush is labeled as winning candidate, Gore as losing candidate, though at the time of the survey the results of the election had not been declared.\nDon’t know responses not shown. Q24.\nSource: Voter callback survey conducted Nov. 10-14, 2016.\n\nPEW RESEARCH CENTER"
    },
    "30": {
      "summary": "28\n\nPEW RESEARCH CENTER\n\nthe losing candidate’s supporters over this period.\n\nLooking at Obama’s two campaigns, only 12% of McCain voters gave him a failing grade in 2008, while 37% of Romney voters gave Obama an F four years ago. And just 22% of John Kerry’s voters in 2004 gave George W. Bush a failing grade.\n\nClinton’s overall grades are comparable to Romney’s in 2012 and only slightly worse than McCain’s in 2008. Today, 38% of Trump voters give Clinton a failing grade, similar to the share of Obama supporters who “failed” Romney in 2012 (32%), though just 15% of Obama voters gave McCain an F in 2008.\n\nBoth political parties receive their lowest grades ever for their conduct during the campaign. In the past, the party that won the White House was graded more positively than the losing party, but that is not the case this year. (In 2000, the grades for the two parties immediately following the election were nearly identical in the post-election survey conducted several weeks before the outcome was certified.)\n\nOverall, just 26% grade the Democratic Party at A or B, while 22% give the same grade to the GOP; nearly identical shares also “fail” both parties (30% Republican, 28% Democratic).\n\nAlthough the Republican Party won the White House and retained control of the House and Senate, Trump voters are less positive about the performance of the GOP than Romney’s supporters were four years ago. Just 38% of Trump voters give the GOP an A or B for its campaign.\n\n\n\n\nThe Republican Party\n\nGrade\nF  10  13  9  12  14  15  30\nD  18  19  15  22\nC  31  34  39  38  25\nB  29  28  46  50  37  22\n\n1988  1992  1996  2000  2004  2008  2012  2016\n\nThe Democratic Party\n\nGrade\nF  7  6  9  8  9  7  15\nD  13  11  11  16  17  12  28\nC  45  29  30  37  18  20  26\nA  58  48  47  69  54  26\nB  33  37  26\n\n1988  1992  1996  2000  2004  2008  2012  2016\n\nNote: Don’t know responses not shown. Q24.\nSource: Voter callback survey conducted Nov. 10-14, 2016.\n\nPEW RESEARCH CENTER"
    },
    "31": {
      "summary": "2012, though about the same as the share of McCain voters who did so four years earlier (43%).\n\nAbout half of Clinton voters (46%) give the Democratic Party an A or B, which is much lower than the share of Obama voters who did so after his victories (81% in 2012, 90% in 2008).\n\nBoth parties receive higher failing grades than in past campaigns. This is largely because both Trump and Clinton voters grade the opposing party harshly: 49% of Clinton voters give a failing grade to the GOP, while 46% of Trump voters “fail” the Democratic Party. In 2012, just 32% of Romney voters gave the Democratic Party an F, while 23% of Obama supporters gave a failing grade to the Republican Party.\n\nNegative assessments of the way the press and pollsters conducted themselves in the campaign also are higher than in previous elections.\n\nOverall, 38% of voters give the press a failing grade – including 60% of Trump supporters. Voters who back Republican candidates have long been highly critical of the press, but this marks the first time a majority of any presidential candidate’s supporters has “failed” the press for its campaign conduct. In 2008, 44% of McCain voters gave the press a grade of F, as did 45% of Romney voters four years ago.\n\nClinton supporters grade the press much more positively. Nearly four-in-ten (38%) give the press an A or B, 26% grade it at C, 20% at D and just 15% give it a failing grade. Still, fewer Clinton\n\n---\n\n### Record low grades for the media and pollsters in 2016\n\n% of voters who give each a grade of ___ for the way they conducted themselves in the campaign\n\n#### The press\n\n- **Grade**\n  - A or B: 16\n  - C: 33\n  - D: 29\n  - F: 36\n  - 1988: 12\n  - 1992: 9\n  - 1996: 10\n  - 2000: 14\n  - 2004: 11\n  - 2008: 15\n  - 2012: 22\n\n- **The pollsters**\n\n- **Grade**\n  - A or B: 11\n  - C: 29\n  - D: 27\n  - F: 6\n  - 1988: 12\n  - 1992: 9\n  - 1996: 10\n  - 2000: 14\n  - 2004: 11\n  - 2008: 15\n  - 2012: 21\n\n- **Note:** Don’t know responses not shown. Q24.\n  Source: Voter callback s"
    },
    "32": {
      "summary": "30\n\nPEW RESEARCH CENTER\n\n\nsupporters give the press an A or B when compared with Obama supporters in 2008 (53% A or B) and 2012 (48%).\n\nAnd voters offer very negative evaluations of the pollsters. Only 21% of voters give the pollsters a grade of A or B, while 30% give the pollsters an F for their performance. That is the highest percentage giving the pollsters a failing grade in any election dating to 1988.\n\nThese low marks for pollsters are shared by Clinton and Trump voters. Only 17% of Trump supporters and 24% of Clinton supporters give pollsters an A or B grade, while about a third (36%) of Trump supporters offer an F, as do 26% of Clinton voters.\n\nAs is almost always the case, “the voters” receive lower grades from supporters of the losing candidate than from those who back the winning candidate. Just 27% of Clinton supporters give the voters a grade of A or B; by contrast, a majority of Trump backers (55%) give top grades to the voters.\n\nHowever, Trump supporters are not as positive about the performance of the voters as Obama supporters were in 2008 (83% A or B) or 2012 (70%). For their part, Clinton voters give the voters lower grades than McCain voters did in 2008 (43% A or B), and about the same grades as Romney supporters gave to the voters in 2012 (29%)."
    },
    "33": {
      "summary": "31\n\nPEP RESEARCH CENTER\n\nLow satisfaction with voting choices\n\nVoters’ satisfaction with the choice of presidential candidates is at its lowest point for any of the last eight presidential elections. And for the first time in this period, a majority of voters (55%) say that ultimately they were not satisfied with their choices for president. Just 44% expressed satisfaction with their options.\n\nIn each of the four elections going back to 2000, two-thirds or more of voters expressed satisfaction with the candidates. In 2012, 70% of voters said they were satisfied with their choices; just 28% were not very or not at all satisfied.\n\nThis perspective may have set in early with 2016 voters. In June, registered voters expressed comparably sour views on their choices. Just 40% said they were satisfied with the candidates in the race.\n\nAmong those who voted for Trump, 65% said they were satisfied with the field of candidates, which marks a low point for voters who backed the winning candidate in any recent election. Eight years ago, 95% of Obama supporters said they were satisfied with their vote choices, and 87% of Obama voters did so in 2012.\n\nSupporters of losing presidential contenders consistently express less positive views of the field after elections, but Clinton voters are particularly dissatisfied. Only 25% express satisfaction with their options for president this year. Not since Bob Dole lost to Bill Clinton in 1996 have the supporters of a losing candidate expressed so little satisfaction with their choices. Then, just 31% of Dole’s voters\n\nFor the first time in eight elections, most are dissatisfied with vote choices\n\n% of voters who say they were ___ with the choice of presidential candidates\n\nVery/Fairly satisfied\n\nNot very/Not at all satisfied\n\n1988 1992 1996 2000 2004 2008 2012 2016\n\n% of voters who say they were very/fairly satisfied with choice of presidential candidates\n\nAmong those who voted for winning candidate\n\nBush 63 35 87 37 52 45 37 25\n\nAmong tho"
    },
    "34": {
      "summary": "32\n\nPEW RESEARCH CENTER\n\nsaid they were ultimately satisfied with the candidates running.\n\nCampaign viewed as heavy on negative campaigning, light on issues\n\nVoters in 2016 found this presidential campaign to be far more negative than past elections and to include far less discussion of issues than usual.\n\nAlmost across the board, voters saw this campaign as more negative than past elections. About nine-in-ten (92%) say there was more mudslinging or negative campaigning compared with previous contests, up from 68% who said that in 2012, up 38 points from 2008 (54% more negative) and 20 points higher than the previous high of 72% in 2004.\n\nTrump voters and Clinton voters overwhelmingly agree it was a more negative campaign than previous elections (90% and 95%, respectively).\n\nOn issues, about three-quarters of voters (73%) say there was less discussion of issues than in past elections, while just 23% say there was more talk of issues. Not since the 1996 election have so many voters said there was less discussion than in typical campaigns.\n\nLarge majorities of both Trump and Clinton voters say there was less discussion of issues than usual, though Clinton voters are more likely to say this (81% vs. 65%).\n\nMore see ‘mud-slinging,’ less focus on issues\n\n% of voters who say they were ...\n\nMore mudslinging than usual\n\n68 72 68 47 52 46 36 34 27 14 19 16 92 96 00 04 08 12 16\n\nLess mudslinging than usual\n\n68 72 68 47 52 46 36 34 27 14 19 16 92 96 00 04 08 12 16\n\n% of voters who say discussion of issues was ...\n\nLess than usual\n\n59 65 57 46 47 51 42 36 34 38 25 23\n\nMore than usual\n\n92 96 00 04 08 12 16\n\nNote: Q25 & Q26.\nSource: Voter callback survey conducted Nov. 10-14, 2016.\n\nPEW RESEARCH CENTER"
    },
    "35": {
      "summary": "33\n\nPEW RESEARCH CENTER\n\nWhile most say there was far less discussion of issues, the vast majority of voters (81%) say that they learned enough about the candidates and issues to make an informed choice. The percentage who feels they learned enough to choose a candidate fell slightly from 2012 (87%) but is on par with other recent elections.\n\nAbout six-in-ten voters (63%) said the presidential debates were very or somewhat helpful in deciding which candidate to vote for. This is similar to voters’ assessments of the debates usefulness in recent elections.\n\nLearning about the candidates and issues\n\n% of voters who say they ___ to make an informed choice\n\n83 86 85 87 81\n\n59 Learned enough\n\n88 92 96 00 04 08 12 16\n\n% of voters who say they found the presidential debates ___ in deciding who to vote for\n\nVery/somewhat helpful\n\n70 62 67 66 63\n\n48 48\n\n49 41\n\n30 33 31 35\n\n24 Not too/Not at all helpful\n\n88 92 96 00 04 08 12 16\n\nNote: Q17F2 & Q18F2.\nSource: Voter callback survey conducted Nov. 10-14, 2016.\n\nPEW RESEARCH CENTER"
    },
    "36": {
      "summary": "34\n\nPEP RESEARCH CENTER\n\nMost voters feel news media had too much influence on election outcome\n\nA 57% majority of voters say news organizations had too much influence on the outcome of this year’s presidential election, while 13% say the press had too little influence and 27% say the press had the right amount of influence. The share saying news organizations had too much influence on the outcome of the presidential election is the highest it has been since 2000, while the share of those saying the press had about the right amount of influence is the lowest in Pew Research Center polling going back to 1992.\n\nAbout half of those who voted for Clinton (50%) say news organizations had too much influence on the outcome of the election. This is nearly twice the share of Obama voters who said that the press had too much influence on the outcome in 2012 (29%) or in 2008 (18%), and higher than the 41% of Kerry voters who said this in 2004.\n\nAbout six-in-ten Trump voters (62%) say news organizations had too much influence on the outcome of the election. Larger shares of Romney (69%) and McCain (77%) voters said the press had too much influence following their election losses. But in 2004, in the days after George W. Bush’s reelection, just 45% of Bush voters said news organizations had had too much influence.\n\nMore say press had ‘too much’ influence on outcome of the election\n\n% of voters saying news organizations had influence on the outcome of the presidential election\n\n| Year | Percentage |\n|------|------------|\n| 1992 | 49        |\n| 1996 | 46        |\n| 2000 | 47        |\n| 2004 | 53        |\n| 2008 | 43        |\n| 2012 | 48        |\n| 2016 | 57        |\n\nNotes: Don’t know responses not shown. Q32.\nSource: Voter callback survey conducted Nov. 10-14, 2016.\n\nPEP RESEARCH CENTER\n\nFewer Trump voters (20%) than Clinton voters (34%) say news organizations had about the right amount of influence on the outcome of the election, while similarly small shares of each candidate’s "
    },
    "37": {
      "summary": "35\n\nPew Research Center\n\nVoters are critical of how the press treated the candidates\n\nAbout four-in-ten voters (39%) say the press was too tough in the way it covered Trump’s campaign, while 32% say it was fair and 27% say it was too easy. Overall, voters were more likely to say the press was too easy on Clinton: 45% say this, while 21% say it was too tough on her and 33% say it was fair.\n\nThat the press is viewed by voters as having been easier on Clinton and harder on Trump is largely the result of higher levels of press criticism among Trump voters than Clinton voters: About three-quarters of Trump voters say both that the press was too tough on him (74%) and too easy on her (78%). By contrast, Clinton voters are roughly as likely to say the press treated Trump fairly as they are to say it was too easy on him (49% vs. 44%). And while 37% of Clinton voters say the press was too tough on their candidate, half (50%) say she was treated fairly.\n\nMost Trump voters say press was ‘too tough’ on Trump, ‘too easy’ on Clinton\n\n% of voters saying the press was in the way it covered each presidential candidate\n\n- Too easy - Fair - Too tough\n\nDonald Trump\n\nTotal 27 32 39\n\nTrump voters 4 20 74\n\nClinton voters 49 44 6\n\nHillary Clinton\n\nTotal 45 33 21\n\nTrump voters 12 50 37\n\nClinton voters 78 15 5\n\nNotes: Based on those who voted in the election.\nDon’t know responses not shown. Q33a&b.\nSource: Voter callback survey conducted Nov. 10-14, 2016.\n\nPew Research Center"
    },
    "38": {
      "summary": "36\n\nPEP RESEARCH CENTER\n\n4. The voting process\n\nA majority of voters say they are confident their own vote was accurately counted in the election, though fewer are confident in the accurate counting of votes across the country. This pattern is little changed from recent presidential elections.\n\nOverall, 90% of voters say they are at least somewhat confident their own vote was accurately counted, including fully 71% who are very confident. Few (9%) are not too or not at all confident their vote was counted.\n\nThere are no differences in confidence between voters who cast their ballot on Election Day and those who voted early.\n\nVoters are slightly less likely to be at least somewhat confident votes across the country were accurately counted (82%), and fewer than half of voters (45%) say they are very confident about this.\n\nThe share very confident in the counting of votes across the country is on par with 2004 and 2008, but is higher than it was four years ago, when confidence was lower than it had been in recent years: In 2012, only about three-in-ten (31%) voters were very confident that votes across the country were accurately counted.\n\nMost voters are confident own vote, national votes counted accurately\n\n% of voters who say they are ______ confident that ...\n\nTheir vote was accurately counted\n\n| Year | Somewhat | Not too | Not at all |\n|------|-----------|---------|------------|\n| 2016 | 71        | 19      | 22        |\n| 2008 | 73        | 22      | 22        |\n| 2004 | 68        | 24      | 22        |\n\nVotes across the country were accurately counted\n\n| Year | Somewhat | Not too | Not at all |\n|------|-----------|---------|------------|\n| 2016 | 45        | 37      | 44        |\n| 2012 | 31        | 44      | 41        |\n| 2008 | 43        | 41      | 37        |\n| 2004 | 48        | 37      |            |\n\nNote: Don’t know responses not shown. Q65 & Q66.\nSource: Voter callback survey conducted Nov. 10-14, 2016.\n\nPEW RESEARCH CENTER"
    },
    "39": {
      "summary": "37\n\nPEP RESEARCH CENTER\n\nThose who voted for Donald Trump and Hillary Clinton are about equally likely to say they are very confident that votes across the country were accurately counted (47% vs. 44%). This stands in stark contrast to recent cycles, when those who voted for the winning candidate expressed significantly more confidence in the national vote count than those who voted for the losing candidate.\n\nFour years ago, about twice as many Obama voters (42%) as Romney voters (21%) said they were very confident that votes across the country had been accurately counted. And in 2008, 56% of Obama voters were very confident that votes across the country were counted accurately, compared with just 29% of McCain voters.\n\nIn 2004, fully 72% of Bush voters were very confident in the national vote count; just 18% of Kerry voters said the same.\n\nSimilar shares of Trump, Clinton voters very confident in national vote count\n\nAmong those who ______, % who say they are very confident that votes across the country were accurately counted\n\n- Voted for Republican candidate\n- Voted for Democratic candidate\n\n| Year | Percentage |\n|------|------------|\n| 2004 | 72         |\n| 2008 | 29         |\n| 2012 | 21         |\n| 2016 | 47         |\n\nNote: Based on voters. Q66.\nSource: Voter callback survey conducted Nov. 10-14, 2016.\n\nPEW RESEARCH CENTER"
    },
    "40": {
      "summary": "38\n\nPEW RESEARCH CENTER\n\nVoters express more confidence about the vote count now than they did earlier in the campaign cycle. In August, about six-in-ten registered voters were very (28%) or somewhat (34%) confident that votes across the country would be accurately counted; 82% of those who voted say this now.\n\nThis difference is attributable to Trump voters’ increased confidence in the count’s accuracy. Fully 51% of registered voters who supported Trump in August were not too or not at all confident in an accurate national vote count, while 37% were somewhat confident and just 11% were very confident. Today, just 11% of Trump voters say they are not too or not at all confident votes were accurately counted.\n\nThe views of Clinton voters on this question are little different than they were in the summer: In August, 79% of Clinton supporters were very or somewhat confident votes across the country would be counted accurately, including about half (49%) who were very confident.\n\nToday, 76% of Clinton voters are at least somewhat confident votes across the country accurately counted, including 44% who are very confident.\n\nIn August, Trump supporters voiced low confidence in accurate count; far more Trump voters confident now\n\n% who say they are ______ confident that ...\n\n| All voters | Trump voters | Clinton voters |\n|------------|-------------|---------------|\n| 15         | 6           | 2             |\n| 21         | 11          | 10            |\n| 37         | 21          | 19            |\n| 34         | 37          | 31            |\n| 28         | 45          | 47            |\n| Aug 2016  | Nov 2016    | Aug 2016     |\n| 11         | 12          | 12            |\n| 31         | 30          | 32            |\n| 11         | 47          | 49            |\n\nTheir vote will be/was accurately counted\n\n| All voters | Trump voters | Clinton voters |\n|------------|-------------|---------------|\n| 10         | 5           | 2             |\n| 12         | 13          | 20     "
    },
    "41": {
      "summary": "75% of Trump voters now say they are “very” confident their own vote was counted accurately, double the share of Trump supporters who said in August that they were very confident their vote would be counted accurately in the November election. By comparison, the 67% of Clinton voters who now say they are very confident their vote was counted accurately is identical to the share of Clinton supporters who expected that their votes would be counted accurately in August."
    },
    "42": {
      "summary": "40\n\nPEW RESEARCH CENTER\n\nVoters experience at the polls\n\nAbout six-in-ten voters say they cast their ballot on Election Day (59%), while 41% say they voted early. The share of voters casting a ballot before Election Day has risen steadily in recent years. In 2004, just 20% of those who voted said they did so before Election Day. In the current survey, Trump and Clinton voters are about equally likely to say they voted early (39% and 42%, respectively).\n\nAmong all in-person voters, 39% reported having to wait in line to vote, while a majority (61%) did not have to wait. Nearly a quarter of all voters (23%) waited less than 30 minutes, while 15% waited longer.\n\nOverall, those who cast a ballot early were more likely to experience wait time than those who voted on Election Day. This was also the case in 2012 and 2008. Overall, 48% of in-person voters who cast a ballot before Election Day had to wait in line, and roughly half of those voters had to wait longer than 30 minutes (22% of all early in-person voters). By contrast, just about a third (35%) of those who voted on Election Day had to wait, including just 13% who waited longer than 30 minutes.\n\nAbout half of early in-person voters say they had to wait in line to vote\n\n% of in-person voters who ...\n\n|                      | Did not wait | Waited <30 min | Waited 30+ min |\n|----------------------|--------------|---------------|----------------|\n| All in-person voters | 61           | 23            | 15             |\n| Voted early         | 52           | 26            | 22             |\n| Voted Election Day | 65           | 22            | 13             |\n\nNote: Based on those who voted in the election in person before or on Election Day. Don’t know responses not shown. Q49 & Q50.\nSource: Voter callback survey conducted Nov. 10-14, 2016.\n\nPEW RESEARCH CENTER"
    },
    "43": {
      "summary": "41\n\nPEP RESEARCH CENTER\n\nMost voters knew who they were voting for before the debates\n\nVoters’ reports of when they made their decision between the candidates vary little between Trump and Clinton voters and are similar to past elections without an incumbent president.\n\nOverall, 20% of voters say they made up their minds about who they were voting for before 2016. About half of voters say they decided early in the year (22%), or during and just after the party conventions (32%); 15% say they definitely decided to vote for their candidate during or just after the debates and 7% decided within a week of Election Day.\n\nMost voters decided their vote choice by the end of the summer\n\n% of voters who say they definitely decided to vote for their candidate …\n\n|                        | All voters | Trump voters | Clinton voters |\n|------------------------|------------|--------------|---------------|\n|                        | %          | %            | %             |\n| Within a week of Election Day | 7          | 9            | 4             |\n| During/Just after debates | 15         | 14           | 14            |\n| During/After conventions | 32         | 33           | 34            |\n| Earlier this year       | 22         | 21           | 23            |\n| Before 2016              | 20         | 20           | 22            |\n| Don’t remember/Don’t know | 3          | 4            | 3             |\n|                        | 100        | 100          | 100           |\n\nNote: Figures may not add to 100% because of rounding. Q10F1.\nSource: Voter callback survey conducted Nov. 10-14, 2016.\n\nPEW RESEARCH CENTER"
    },
    "44": {
      "summary": "42\n\nPEW RESEARCH CENTER\n\nMethodology\n\nThe analysis in this report is based on telephone interviews conducted November 10-14, 2016 among a national sample of 1,254 voters (“Voters” are those who said they voted in the 2016 election). The interviews were conducted among registered voters, 18 years of age or older previously interviewed in one of two Pew Research survey conducted of 1,567 registered voters in August 9-16, 2016 and 2,120 registered voters in October 20-25, 2016 (for more on the methodologies of the original surveys, see here and here). The survey was conducted by interviewers at Princeton Data Source under the direction of Princeton Survey Research Associates International. Interviews were conducted on both landline telephones and cell phones (312 respondents for this survey were interviewed on a landline telephone, and 942 were interviewed on a cell phone). Interviews were conducted in English and Spanish. Interviewers asked to speak with the respondent from the previous interview by first name, if it was available, or by age and gender. For detailed information about our survey methodology, see http://www.pewresearch.org/methodology/u-s-survey-research/\n\nWeighting was performed in two stages. The weight from the original sample datasets was used as a first-stage weight for this project. This first-stage weight corrects for different probabilities of selection and differential non-response associated with the original interview. The sample of all registered voters contacted for this survey was then raked - by form - to match parameters for sex by age, sex by education, age by education, region, race/ethnicity, population density, phone use. The non-Hispanic, white subgroup was also raked to age, education and region. These parameters came from the weighted demographics of registered voters interviewed from the original surveys from which sample was drawn. In addition, a parameter was added to the weighting so that the vote results reported in the surve"
    },
    "45": {
      "summary": "43\n\nPEW RESEARCH CENTER\n\nThe following table shows the unweighted sample sizes and the error attributable to sampling that would be expected at the 95% level of confidence for different groups in the survey:\n\n| Group                  | Weighted proportion of voting public | Unweighted sample size | Plus or minus ... |\n|------------------------|----------------------------------------|-----------------------|--------------------|\n| Total sample           | 100%                                   | 1,254                | 3.4 percentage points |\n| Trump voters            | 47%                                    | 533                 | 5.1 percentage points |\n| Trump voters half form   | –                                      | 248 (min)            | 7.5 percentage points |\n| Clinton voters         | 48%                                    | 587                 | 4.9 percentage points |\n| Clinton voters half form | –                                      | 275 (min)            | 7.2 percentage points |\n| Republican/Lean Rep    | 47%                                    | 580                 | 4.9 percentage points |\n| Republican/Lean Rep half form | –                                      | 274 (min)            | 7.2 percentage points |\n| Democrat/Lean Dem       | 48%                                    | 609                 | 4.8 percentage points |\n| Democrat/Lean Dem half form | –                                      | 288 (min)            | 7.0 percentage points |\n\nSample sizes and sampling errors for other subgroups are available upon request.\n\nIn addition to sampling error, one should bear in mind that question wording and practical difficulties in conducting surveys can introduce error or bias into the findings of opinion polls.\n\nPew Research Center undertakes all polling activity, including calls to mobile telephone numbers, in compliance with the Telephone Consumer Protection Act and other applicable laws.\n\nPew Research Center is a nonprofit, tax-exempt 501(c)(3) orga"
    }
  }
}
