{
  "doc_id": "12-15-15-ISIS-and-terrorism-release-final.pdf",
  "pages": {
    "1": {
      "summary": "2015, 15\n\n# Views of Government’s Handling of Terrorism Fall to Post-9/11 Low\n\n_Little change in views of relationship between Islam and violence_\n\n**FOR MEDIA OR OTHER INQUIRIES:**\n\nCarroll Doherty, Director of Political Research\nBridget Jameson, Communications Associate\n\n202.419.4372\nwww.pewresearch.org"
    },
    "2": {
      "summary": "1\n\nPEP RESEARCH CENTER\n\nViews of Government’s Handling of Terrorism Fall to Post-9/11 Low\n\nLittle change in views of relationship between Islam and violence\n\nFollowing the terrorist attacks in Paris and San Bernardino, Calif., the public’s concerns about terrorism have surged and positive ratings of the government’s handling of terrorism have plummeted. But other attitudes relating to terrorism and security, as well as perceptions of whether Islam is more likely than other religions to encourage violence, have shown far less change.\n\nThe latest national survey by Pew Research Center, conducted Dec. 8-13 among 1,500 adults, finds that since the start of this year, the share of Americans who say the government is doing well in reducing the threat of terrorism has fallen by 26 percentage points – from 72% to 46% – and now stands at its lowest point in the post-9/11 era.\n\nApproval of the way Barack Obama is handling the threat of terrorism also has declined, even as his overall job rating (currently 46%) – and his ratings on immigration, the economy and other issues – is little changed. Just 37% approve of the way Obama is handling of terrorism while 57% disapprove, the lowest rating of his presidency for this issue.\n\nTerrorism has reshaped the public’s agenda, both at home and abroad. Currently, 29% cite terrorism (18%), national security (8%) or ISIS (7%) as the most important problem facing the country today. One year ago, just 4% of the public cited any of these issues. And while ISIS already ranked high among leading international dangers, 83% now regard ISIS as a major threat to the well-being of the U.S., up from 67% in August 2014.\n\nFor first time since 9/11, government’s job rating on terrorism turns negative\n\nHow well is govt doing reducing threat of terrorism? (%)\n\n| Very/Fairly well | Not too/Not at all well |\n|------------------|---------------------|\n| 88               | 74                 |\n| 69               | 54                 |\n| 44               | 27"
    },
    "3": {
      "summary": "2\n\nPEW RESEARCH CENTER\n\nPublic concerns that anti-terrorism policies have gone too far in restricting civil liberties have fallen to their lowest level in five years (28%); twice as many (56%) now say their greater concern is that these policies have not gone far enough to adequately protect the country.\n\nHowever, Americans are not much more likely today to support the use of U.S. ground forces against ISIS than they were before the recent terror attacks. Currently, 47% favor the use of U.S. ground forces against ISIS, little changed from July (44%). And overall concerns about the rise of Islamic extremism at home and abroad, while high, are no higher than they were in September 2014.\n\nGrowing partisan gap in views of whether Islam encourages violence\n\n% who say the Islamic religion is more likely than others to encourage violence among its believers ...\n\n\\[\\begin{array}{c|c}\n\\text{Republican} & \\text{68\\%} \\\\\n\\hline\n\\text{Independent} & \\text{45\\%} \\\\\n\\hline\n\\text{Democrat} & \\text{30\\%} \\\\\n\\end{array}\\]\n\nSource: Survey conducted Dec. 8-13, 2015.\n\nPEW RESEARCH CENTER\n\nPercentages may not add up to 100%\n\nPercentages may not add up to 100%\n\nPercentages may not add up to 100%\n\nPercentages may not add up to 100%\n\nPercentages may not add up to 100%\n\nPercentages may not add up to 100%\n\nPercentages may not add up to 100%\n\nPercentages may not add up to 100%\n\nPercentages may not add up to 100%\n\nPercentages may not add up to 100%\n\nPercentages may not add up to 100%\n\nPercentages may not add up to 100%\n\nPercentages may not add up to 100%\n\nPercentages may not add up to 100%\n\nPercentages may not add up to 100%\n\nPercentages may not add up to 100%\n\nPercentages may not add up to 100%\n\nPercentages may not add up to 100%\n\nPercentages may not add up to 100%\n\nPercentages may not add up to 100%\n\nPercentages may not add up to 100%\n\nPercentages may not add up to 100%\n\nPercentages may not add up to 100%\n\nPercentages may not add up to 100%\n\nPercentages may not add up to 100%\n\nPercentages ma"
    },
    "4": {
      "summary": "3\n\nPEP RESEARCH CENTER\n\nshould be subject to more scrutiny than people in other religious groups.\n\nConservative Republicans are the only major ideological, demographic or religious group in which a majority (57%) says Muslims in this country should be subject to greater scrutiny than those in other religious groups. Majorities of moderate and liberal Republicans (59%), independents (62%), conservative and moderate Democrats (67%), and liberal Democrats (87%) say Muslims should not receive greater scrutiny solely because of their religion.\n\nThe survey finds that, as has been the case since 2002, the Republican Party has a sizable advantage over the Democrats on terrorism: 46% of the public says the Republican Party can do better in dealing with the terrorist threat at home, compared with 34% who favor the Democrats.\n\nRepublicans hold a narrower, six-point edge (43% to 37%) as the party better able to reflect people’s views about gun control. The GOP had an even wider lead on this issue in July (48% to 36%).\n\nNeither party has a significant advantage on the economy or immigration, while the Democratic Party holds wide leads over the GOP on both climate change (46% to 32%) and the environment (53% to 30%).\n\nGOP favored on terrorism, gun control; Democrats lead on climate change\n\nWhich party could do a better job ... (%)\n\n| Democratic Party | Republican Party |\n|-----------------|-----------------|\n| Terrorist threat | 34%            | 46%           | R+12 |\n| Gun control      | 37              | 43             | R+6 |\n| Economy         | 37              | 42             | R+5 |\n| Immigration     | 40              | 42             | R+2 |\n| Climate change   | 46              | 32             | D+14 |\n| Environment    | 53              | 30             | D+23 |\n\nSource: Survey conducted Dec. 8-13, 2015.\n\nPEP RESEARCH CENTER"
    },
    "5": {
      "summary": "4\n\nPEP RESEARCH CENTER\n\n**Perceptions of Islam and violence**\n\nAmericans are divided about whether they see Islam as more likely than other religions to encourage violence among its believers: 46% say it is more likely, while 45% say it is not more likely. The share of the public saying that Islam is more likely than other religions to encourage violence has dropped four percentage points since a historical high of 50% in September 2014. For much of the past decade, public views on this measure have been closely divided.\n\nThe partisan divide over whether Islam encourages violence is now as wide as it has ever been. Fully 68% of Republicans say Islam encourages violence more than other religions, a historical high but little changed since last fall. By contrast, just 30% of Democrats say Islam is more likely to encourage violence than other religions, down from 42% in September 2014, but on par with Democratic opinion at other points in recent years.\n\nIndependents remain split over this question: 45% say Islam is more likely to encourage violence than other religions, while the same proportion (45%) say it is not.\n\nIdeological divides are even starker, and growing: About three-quarters (77%) of conservative Republicans say that Islam is more likely to encourage violence than other religions (just 16% say it does not). Liberal Democratic opinion is nearly the inverse: 73% of liberal Democrats say Islam is no more likely than other religions to encourage violence, while 21% believe that it does.\n\n**Does the Islamic religion encourage violence more than other religions?**\n\n% who say the Islamic religion is ...\n\nNo more likely to encourage violence than other religions than other religions\n\nMore likely than others to encourage violence among its believers\n\n02 04 06 08 10 12 14 15\n\nSource: Survey conducted Dec. 8-13, 2015. Don’t know responses not shown.\n\nPEP RESEARCH CENTER\n\n**Wide partisan divide over whether Islam is more likely to encourage violence**\n\n% who say the I"
    },
    "6": {
      "summary": "5\n\nPEW RESEARCH CENTER\n\nDemographic divides in views of Islam and violence\n\nThe share of liberals saying Islam is more likely to encourage violence is down 14-points since the fall of 2014.\n\nJust 32% of those ages 18 to 29 say Islam encourages violence to a greater degree than other faiths, compared with roughly half of those in other age groups. But the age gap in these views is narrower than it was last fall. Today, 51% of Americans 65 and older say Islam is more likely than other religions to encourage violence; last September, 64% said this.\n\nThe view that Islam is more violent than other religions is more likely to be held by less educated Americans: 51% of those who have not attended college say this, compared with 40% of those with college degrees and just 35% of those with postgraduate degrees.\n\nRacial divides over these views persist. While only 30% of blacks and 40% of Hispanics say Islam is more likely than other religions to encourage violence, half of whites (50%) say this.\n\nSeven-in-ten white evangelical Protestants say Islam encourages violence more than other religions, the highest percentage of any religious group and little changed from 2014. By comparison, about half of Catholics (49%) and white mainline Protestants (51%) say this. And among the religiously unaffiliated, just 35% say Islam is more likely to encourage violence among its believers.\n\n|                      | July 2014 | Sept 2014 | Dec 2015 | Sept-Dec diff |\n|----------------------|-----------|-----------|----------|--------------|\n| Total                | 43        | 50        | 46       | -4           |\n| Men                 | 46        | 53        | 51       | -2           |\n| Women               | 40        | 48        | 41       | -7           |\n| White               | 47        | 53        | 50       | -3           |\n| Black               | 41        | 38        | 30       | -8           |\n| Hispanic            | 36        | 49        | 40       | -9           |\n| 18-29        "
    },
    "7": {
      "summary": "6\n\nPEP RESEARCH CENTER\n\nLittle call for greater scrutiny of Muslims on religious grounds\n\nAbout six-in-ten (61%) Americans say that there should not be additional scrutiny of Muslims living in the U.S. solely based on their religion as a part of the federal government’s efforts to prevent terrorism. About a third (32%) say Muslims should be subject to greater scrutiny than people in other religious groups.\n\nThere are wide partisan and ideological divisions on this question. Republicans are roughly evenly divided (49% greater scrutiny, 44% no additional scrutiny), while clear majorities of independents (62%) and Democrats (76%) say U.S. Muslims should not be subject to greater scrutiny because of their religion.\n\nConservative Republicans, in particular, stand apart from other groups as the sole partisan or ideological group in which a majority supports greater scrutiny of Muslims because of their religion: 57% say this, while just 35% say Muslims should not be subject to more attention. In contrast, 59% of moderate and liberal Republicans say they do not think Muslims should be subject to additional scrutiny; about a third (35%) say they should.\n\nSource: Survey conducted Dec. 8-13, 2015. Don’t know responses not shown.\n\nPEW RESEARCH CENTER\n\nLiberal Democrats are particularly likely to reject the idea of subjecting Muslims living in the U.S. to closer examination than people of other faiths: 87% say Muslims should not be subject to greater scrutiny than those in other groups, while just 12% say they should. And by greater than two-to-one (67% to 27%), more conservative and moderate Democrats say Muslims should not be scrutinized more than others than say they should.\n\n\n\n\n**Not be subject to additional scrutiny solely because of religion**\n\nTotal\n\nRepublican\n\nIndependent\n\nDemocrat\n\nConserv Rep\n\nMod/Lib Rep\n\nCons/Mod Dem\n\nLiberal Dem\n\nBe subject to more scrutiny than people in other religious groups\n\nTotal\n\nRepublican\n\nIndependent\n\nDemocrat\n\nConserv Rep\n\nMod/Lib Rep\n\nCo"
    },
    "8": {
      "summary": "80\n\nTotal\n\nWhite\n\nBlack\n\nHispanic\n\n18-29\n\n30-49\n\n50-64\n\n65+\n\nPostgrad\n\nCollege grad\n\nSome coll\n\nHS or less\n\nRepublican\n\nIndependent\n\nDemocrat\n\nWhite evangel Prot\n\nWhite mainline Prot\n\nBlack Prot\n\nCatholic\n\nUnaffiliated\n\nWhite Evangel Prot\n\nWhite mainline Prot\n\nBlack Prot\n\nCatholic\n\nUnaffiliated\n\nWhite Evangel Prot\n\nWhite mainline Prot\n\nBlack Prot\n\nCatholic\n\nUnaffiliated\n\nWhite Evangel Prot\n\nWhite mainline Prot\n\nBlack Prot\n\nCatholic\n\nUnaffiliated\n\nWhite Evangel Prot\n\nWhite mainline Prot\n\nBlack Prot\n\nCatholic\n\nUnaffiliated\n\nWhite Evangel Prot\n\nWhite mainline Prot\n\nBlack Prot\n\nCatholic\n\nUnaffiliated\n\nWhite Evangel Prot\n\nWhite mainline Prot\n\nBlack Prot\n\nCatholic\n\nUnaffiliated\n\nWhite Evangel Prot\n\nWhite mainline Prot\n\nBlack Prot\n\nCatholic\n\nUnaffiliated\n\nWhite Evangel Prot\n\nWhite mainline Prot\n\nBlack Prot\n\nCatholic\n\nUnaffiliated\n\nWhite Evangel Prot\n\nWhite mainline Prot\n\nBlack Prot\n\nCatholic\n\nUnaffiliated\n\nWhite Evangel Prot\n\nWhite mainline Prot\n\nBlack Prot\n\nCatholic\n\nUnaffiliated\n\nWhite Evangel Prot\n\nWhite mainline Prot\n\nBlack Prot\n\nCatholic\n\nUnaffiliated\n\nWhite Evangel Prot\n\nWhite mainline Prot\n\nBlack Prot\n\nCatholic\n\nUnaffiliated\n\nWhite Evangel Prot\n\nWhite mainline Prot\n\nBlack Prot\n\nCatholic\n\nUnaffiliated\n\nWhite Evangel Prot\n\nWhite mainline Prot\n\nBlack Prot\n\nCatholic\n\nUnaffiliated\n\nWhite Evangel Prot\n\nWhite mainline Prot\n\nBlack Prot\n\nCatholic\n\nUnaffiliated\n\nWhite Evangel Prot\n\nWhite mainline Prot\n\nBlack Prot\n\nCatholic\n\nUnaffiliated\n\nWhite Evangel Prot\n\nWhite mainline Prot\n\nBlack Prot\n\nCatholic\n\nUnaffiliated\n\nWhite Evangel Prot\n\nWhite mainline Prot\n\nBlack Prot\n\nCatholic\n\nUnaffiliated\n\nWhite Evangel Prot\n\nWhite mainline Prot\n\nBlack Prot\n\nCatholic\n\nUnaffiliated\n\nWhite Evangel Prot\n\nWhite mainline Prot\n\nBlack Prot\n\nCatholic\n\nUnaffiliated\n\nWhite Evangel Prot\n\nWhite mainline Prot\n\nBlack Prot\n\nCatholic\n\nUnaffiliated\n\nWhite Evangel Prot\n\nWhite mainline Prot\n\nBlack Prot\n\nCatholic\n\nUnaffiliated\n\nWhite Evangel Prot\n\nWhite mainline Prot\n\nBlack Prot\n\nCatholic\n\nUnaffiliated\n\nWhite Eva"
    },
    "9": {
      "summary": "8\n\nPEW RESEARCH CENTER\n\nMajorities of those in most religious groups say Muslims should not face any more scrutiny as a result of their religion. White evangelicals are an exception, and are divided: 50% say Muslims living in the U.S. should be subject to more scrutiny, 43% say they should not.\n\n‘Terrorism’ now most important problem facing the nation\n\nNearly three-in-ten (29%) Americans cite terrorism (18%), national security (8%) or ISIS (7%) as the most important problem facing the country today. One year ago, just 4% of the public cited any of these issues. The share citing terrorism is the highest it has been since February 2003.\n\nThe share of the public now mentioning economic issues is lower than at any point in the last eight years: 23% today name an economic issue such as the economy (9%) or unemployment (7%) as the most important problem facing the nation. In December 2014, 34% named an economic issue; nearly half (48%) did so two years ago.\n\nIn the wake of multiple high-profile mass shootings around the country, 5% of Americans now mention gun control (4%) or mass shootings (2%) as the most important problem today. A year ago, 1% mentioned this as the most important problem.\n\nGrowing share cite terrorism as the most important problem facing the U.S.\n\nMost important problem facing nation ...\n\n| Dec 2014 | Dec 2015 | Change |\n|---|---|---|\n| %    | %    |    |\n| Terrorism | 1    | 18    | +17   |\n| Economy (general) | 14 | 9 | -5 |\n| Defense/National security | 2 | 8 | +6 |\n| Immigration | 12 | 7 | -5 |\n| Unemployment | 10 | 7 | -3 |\n| ISIS/War in Iraq/War in Syria | 2 | 7 | +5 |\n| Dissatisfaction with government, Obama | 10 | 6 | -4 |\n| Gun control/Too many guns/Mass shootings | 1 | 5 | +4 |\n| Political gridlock/division | 8 | 5 | -3 |\n\nNET: Foreign/International | 9 | 32 | +23 |\nNET: Terrorism/ISIS/National security | 4 | 29 | +25 |\n\nNET: Economic issues | 34 | 23 | -11 |\n\nSource: Survey conducted Dec. 8-13, 2015.\nNote: see topline for all mentions and fu"
    },
    "10": {
      "summary": "9\n\nPEP RESEARCH CENTER\n\nThere are wide partisan divides on the most important problem facing the nation. Four-in-ten (41%) Republicans mention terrorism, defense issues and national security or ISIS, while fewer independents (28%) and Democrats (23%) cite these issues.\n\nAdditionally, Republicans more commonly mention immigration as the most important problem (14%) than do independents (7%) or Democrats (3%). Democrats are more likely than Republicans to cite partisan gridlock and division in the country (8% of Democrats vs. 2% of Republicans).\n\nMore Republicans than Democrats cite immigration, terrorism as top problems\n\nMost important problem facing nation ...\n\n|                        | Rep % | Dem % | Ind % | R-D diff |\n|------------------------|-------|-------|-------|----------|\n| Defense/National security | 16    | 5     | 6     | R+11     |\n| Immigration               | 14    | 3     | 7     | R+11     |\n| Terrorism                | 24    | 16    | 18    | R+8      |\n| ISIS/War in Iraq/War in Syria | 8    | 4     | 8     | R+4      |\n| Economy (general)        | 7     | 6     | 12    | R+1      |\n| Dissatisfaction with government, Obama | 4    | 5     | 6     | D+1      |\n| Gun control/Too many guns/Mass shootings | 4    | 5     | 6     | D+1      |\n| Unemployment             | 4     | 7     | 8     | D+3      |\n| Political gridlock/Division | 2    | 8     | 4     | D+6      |\n\nNET: Foreign/International  \nNET: Terrorism/ISIS/National security  \nNET: Economic issues  \n\n| NET: Foreign/International | 42   | 24   | 32   | R+18   |\n| NET: Terrorism/ISIS/National security | 41   | 23   | 28   | R+18   |\n| NET: Economic issues         | 21   | 20   | 25   | D-1    |\n\nUnweighted N | 198 | 207 | 290\n\nSource: Survey conducted Dec. 8-13, 2015. Differences in bold are statistically significant.\n\nPEP RESEARCH CENTER"
    },
    "11": {
      "summary": "10\n\nPEW RESEARCH CENTER\n\nViews of how the government is handling the terrorist threat\n\nAmericans’ ratings of the government’s efforts to reduce the threat of terrorism are now lower than at any point since the September 2001 terrorist attacks. For the first time, more now say the government is doing not too well or not at all well in reducing the threat of terrorism (52%) than say the government is doing either very or fairly well (46%). Positive ratings have fallen 26 points since January (when 72% said very/fairly well).\n\nCompared to early 2015, assessments of government efforts to combat terrorism are more negative across the political spectrum.\n\nDemocrats are now the only partisan group in which a majority (64%) say the government is doing at least fairly well (down from 85% in January). Independents’ positive ratings have dropped 25 points, from 69% to 44%. And just 27% of Republicans now say the government is doing very or fairly well reducing the terrorist threat, down from 63% at the beginning of the year.\n\nThe views of conservative Republicans, in particular, have turned sharply critical: In January, 59% said the government was doing very well or fairly well; today, only 18% say this.\n\nAcross-the-board drop in ratings of govt efforts to reduce terrorist threat\n\n% saying govt is doing very/fairly well in reducing the threat of terrorism\n\nIndependent Republican Democrat\n\nBush Obama\n\n01 03 05 07 09 11 13 15\n\nSource: Survey conducted Dec. 8-13, 2015.\n\nPEW RESEARCH CENTER"
    },
    "12": {
      "summary": "11\n\nPEP RESEARCH CENTER\n\nOlder and less educated Americans are somewhat more likely than younger and more highly educated Americans to give the government low marks for the job it is doing reducing the threat of terrorism.\n\nAmong those 50 and older, a majority (57%) say the government is not doing well reducing the terrorist threat (42% say that it is). In contrast, 46% of younger adults (those 18-29 years old) give the government’s performance a negative rating, while 53% say it is doing very or fairly well.\n\nEvaluations of the government’s job reducing the threat of terrorism are more positive among and those with a postgraduate degree than among other educational groups: 58% say the government is doing very or fairly well, while 40% say it is doing not too or not at all well. By comparison, 48% of those with a bachelor’s degree, and 44% of those with less education, rate the government’s performance positively.\n\n|                      | Very/Fairly well | Not too/Not at all well | DK |\n|----------------------|------------------|------------------------|----|\n| Total               | 46                | 52                     | 2=100|\n| 18-29              | 53                | 46                     | 2=100|\n| 30-49              | 47                | 51                     | 2=100|\n| 50-64              | 43                | 56                     | 1=100|\n| 65+               | 40                | 58                     | 2=100|\n| Postgrad            | 58                | 40                     | 2=100|\n| College degree     | 48                | 51                     | 1=100|\n| Some college       | 44                | 54                     | 2=100|\n| HS or less         | 43                | 55                     | 2=100|\n| Republican          | 27                | 72                     | 1=100|\n| Conservative        | 18                | 81                     | *=100|\n| Mod/Liberal        | 46                | 54                     | 0=100|\n| Independent      "
    },
    "13": {
      "summary": "12\n\nPEP RESEARCH CENTER\n\nBy two-to-one, Americans now say that they are more concerned that the government’s anti-terror policies have not gone far enough to protect the country (56%), rather than that these policies have gone too far in restricting the average person’s civil liberties (28%). Since the start of the year, there has been a seven percentage-point rise in the share expressing concern that these policies have not gone far enough.\n\nConcern over government restrictions on civil liberties has fallen dramatically since July 2013, following Edward Snowden’s leaked details about NSA surveillance programs. At that time, more expressed concern that government policies had gone too far restricting civil liberties (47%) than that they did not go far enough to protect the country (35%).\n\nThe share expressing greater concern that policies do not go far enough to protect the country is now roughly the same as the historical high seen in early 2010, shortly after the failed Christmas-Day terrorist attack on an airliner en route to Detroit (when 58% said policies did not go far enough).\n\nMore concern with country’s protection than civil liberties\n\nBigger concern about govt anti-terrorism policies? (%)\n\n- Not gone far enough to protect country\n- Gone too far restricting civil liberties\n\nSource: Survey conducted Dec. 8-13, 2015.\nDon’t know responses not shown.\n\nPEP RESEARCH CENTER"
    },
    "14": {
      "summary": "2013. But the shift has been more pronounced among Republicans. Slightly more than seven-in-ten Republicans (71%) now say their greater concern is that anti-terrorism policies do not go far enough, up 14 points since January (57%) and 33 points since July 2013 (38%).\n\nA narrower majority of Democrats (54%) now say their greater concern is that government policies do not go far enough, up somewhat since January and 16 points since 2013.\n\nToday, similar proportions of conservative Republicans (71%), moderate and liberal Republicans (74%) and conservative and moderate Democrats (67%) say their greater concern is that anti-terrorism policies have not gone far enough. By contrast, equal shares of liberal Democrats say their greater concern is that policies have gone too far in restricting average people’s civil liberties as they worry more that these policies have not gone far enough to protect the country (41% each).\n\nAdults under 30 are split between concerns that U.S. policies place too many restrictions on civil liberties (43%) and that they do not go far enough to protect the country (44%). Majorities in every other age group are more concerned about security than civil liberties, though this concern is more pronounced among those 65 and older (71% say this) than those 30-49 (52%) or 50-64 (60%).\n\n\n\n---\n\n### Most Republicans say govt anti-terror policies have not gone ‘far enough’\n\n*% saying govt anti-terrorism policies have not gone far enough to protect country ...*\n\n---\n\n#### Chart\n\n- **Legend:**\n  - Republican\n  - Democrat\n  - Independent\n\n- **X-axis:** \n  04 05 06 07 08 09 10 11 12 13 14 15\n\n- **Y-axis:** \n  47 46 45 44 43 42 41 40 39 38 37 36 35 34 33 32 31 30 29 28 27 26 25 24 23 22 21 20 19 18 17 16 15 14 13 12 11 10 9 8 7 6 5 4 3 2 1 0\n\n---\n\n#### Pie Chart Labels:\n\n- **Top Segment:**\n  - **Republican**\n\n- **Bottom Segment:**\n  - **Democrat**\n\n---\n\n### Young adults more concerned about civil liberties than older people\n\n*Bigger concern about govt anti-terror"
    },
    "15": {
      "summary": "14\n\nPEW RESEARCH CENTER\n\nISIS ranks high as the top global threat to U.S.\n\nThe Islamic militant group known as ISIS has risen higher atop the public’s list of global threats to the U.S. Overall, 83% say ISIS is a major threat to the well-being of the United States, while 13% say it is a minor threat and just 3% say it is not a threat. Since August 2014, the public has become 16 points more likely to view ISIS as a major threat to the U.S.\n\nFor the public, no other international concern comes close to posing the same level of threat as ISIS. Ranking second on the global threats list is Iran’s nuclear program: 62% say this is a major threat to the well-being of the U.S. – 21 points fewer than say the same about ISIS.\n\nAnd while major concern over ISIS is up 16 points from August 2014, no other concern has seen a significant rise in the share viewing it as a major threat to the U.S. since the summer of 2014.\n\nISIS rises higher atop public’s threat list\n\n% saying each is a major threat to well-being of the United States …\n\n|                      | December 2015 | August 2014 | Change |\n|---------------------|--------------|-------------|---------|\n| The Islamic militant group in Iraq and Syria, known as ISIS | 67          | 83          | +16    |\n| Iran's nuclear program   | 59          | 62          | +3     |\n| North Korea's nuclear program | 57          | 59          | +2     |\n| China's emergence as a world power | 48          | 49          | +1     |\n| Global climate change   | 48          | 49          | +1     |\n| Israeli-Palestinian conflict | 48          | 43          | -5     |\n| Growing authoritarianism in Russia* | 53          | 42          | -11    |\n\nSource: Survey conducted Dec. 8-13, 2015.\n* August 2014 survey asked about ‘growing tension between Russian and its neighbors.’\n\nPew Research Center\n\nThe survey, which was in the field during the UN climate change conference in Paris, finds 49% say global climate change is a major threat to the U.S., little di"
    },
    "16": {
      "summary": "53% viewed growing tension between Russia and its neighbors as a major threat to the U.S. In the current survey, fewer (42%) say growing authoritarianism in Russia is a major threat.\n\nThere continue to be wide partisan differences in views of the top international concerns for the U.S. Overall, Republicans are more likely than Democrats to see each of these issues as a major threat to the well-being of the U.S.—with the notable exception of climate change.\n\nFully 93% of Republicans view ISIS as a major threat compared with 79% of Democrats and independents. Since August 2014, concern over ISIS has risen about equally across the political spectrum and the partisan gap is no larger today than it was then.\n\nRepublicans are also more likely than Democrats and independents to view Iran’s nuclear program, the conflict between the Israelis and the Palestinians, China’s emergence as a world power, North Korea’s nuclear program and growing authoritarianism in Russia as major threats to the U.S.\n\nBy contrast, on the issue of global climate change, far more Democrats (73%) than independents (49%) or Republicans (22%) view this as a major threat to the U.S. The 51-point gap in the share of Democrats and Republicans who view global climate change as a major threat is as large a gap measured since Pew Research began asking the question in the fall of 2009.\n\nSource: Survey conducted Dec. 8-13, 2015.\n\nPew Research Center\n\nPew Research Center\n\nPew Research Center\n\nPew Research Center\n\nPew Research Center\n\nPew Research Center\n\nPew Research Center\n\nPew Research Center\n\nPew Research Center\n\nPew Research Center\n\nPew Research Center\n\nPew Research Center\n\nPew Research Center\n\nPew Research Center\n\nPew Research Center\n\nPew Research Center\n\nPew Research Center\n\nPew Research Center\n\nPew Research Center\n\nPew Research Center\n\nPew Research Center\n\nPew Research Center\n\nPew Research Center\n\nPew Research Center\n\nPew Research Center\n\nPew Research Center\n\nPew Research Center\n\nPew Research Center\n\nPew"
    },
    "17": {
      "summary": "16\n\nPEP RESEARCH CENTER\n\nViews of the U.S. campaign against ISIS\n\nThe recent attacks in Paris, France and San Bernardino, Calif. have not led to a fundamental shift in how the public views the U.S. military campaign against Islamic militants in Iraq and Syria.\n\nOverall, a 64%-majority continues to say they approve of the U.S. military campaign against Islamic militants in Iraq and Syria, while just 28% say they disapprove. Support for the U.S. military effort has been steady over the course of 2015.\n\nDemocrats (67%) and Republicans (69%) continue to be about equally likely to approve of the military campaign. Slightly fewer (60%) independents express approval.\n\nMost continue to support U.S. military campaign against ISIS\n\n% who ______ of the U.S. military campaign against Islamic militants in Iraq and Syria\n\n|    | Approve |\n|---|---|\n| Aug 2014 | 57    |\n| Oct 2014 | 33    |\n| Feb 2015 | 30    |\n| July 2015 | 26    |\n| Dec 2015 | 28    |\n\nSource: Survey conducted Dec. 8-13, 2015.\nDon’t know responses not shown.\n* September 2014 survey asked about Barack Obama’s plan for a military campaign against militants in Iraq and Syria. August 2014 survey asked about U.S. airstrikes against militants in Iraq only.\n\nPEW RESEARCH CENTER"
    },
    "18": {
      "summary": "17\n\nPEP RESEARCH CENTER\n\nCurrent assessments of U.S. military campaign, prospects for success\n\nCurrent ratings of how well the U.S. military effort against ISIS is going remain negative, but there has been an uptick in the view that the U.S. and its allies will ultimately be successful.\n\nAbout six-in-ten (58%) say the U.S. effort against Islamic militants in Iraq and Syria is going either not too well (39%) or not at all well (19%); 35% say the campaign is going either very (7%) or fairly (28%) well. Views have changed little on this question over the course of the past year, with majorities consistently offering negative assessments of the current state of the campaign.\n\nViews are more positive when it comes to whether the U.S. and its allies will succeed or fail in their military campaign against ISIS.\n\nTwo-thirds (66%) now say they think the U.S. and its allies will either definitely or probably succeed in their campaign against Islamic militants in Iraq and Syria, while just 27% say they will definitely or probably fail. The share who say the U.S. and its allies will succeed is up 11 points from July (from 55%).\n\nThere are wide partisan divides in current assessments of the campaign against ISIS, but more modest ones in predictions of its ultimate success: 45% of Democrats, compared with 33% of independents and just 26% of Republicans say the campaign is going at least fairly well. Six-in-ten or more Republicans (65%), Democrats (72%) and independents (62%) say it will ultimately be successful.\n\nFew say current military effort in Iraq and Syria is going well\n\n% who say U.S. military campaign against Islamic militants in Iraq and Syria is going ...\n\n| Dec 2015 | Not too/at all well | Very/Fairly well |\n|----------|-------------------|---------------|\n| 58       | 35               | 3             |\n| 62       | 30               |               |\n| 58       | 36               |               |\n| 58       | 34               |               |\n\nSource: Survey conducte"
    },
    "19": {
      "summary": "18\n\nPew Research Center\n\nPartisans differ over greater concern about engagement, ground troops\n\nSlightly more now say their greater concern about U.S. military action in Iraq and Syria is that the U.S. will not go far enough in stopping the militants (50%) than go too far getting involved in the situation (42%). However, these views have shown little change from July, when 48% were more concerned about not going far enough and 43% were more concerned about getting too involved in the situation.\n\nThree-quarters of Republicans (75%) say their greater concern about military action in Iraq and Syria is that the U.S. will not go far enough in stopping the Islamic militants, while just 18% say their greater concern is that the U.S. will become too involved.\n\nBy contrast, Democrats (61%) say they are more concerned that the U.S. will go too far getting involved in Iraq and Syria than that the U.S. will not go far enough in stopping the militants there (33%).\n\nConservative Republicans, in particular, express more concern that the U.S. will not go far enough to stop ISIS: 81% say this; only 12% say their greater concern is the U.S. will become too involved. Conversely, two-thirds (67%) of liberal Democrats express more concern that the U.S. will become too involved, while only about a quarter (27%) say their greater concern is that it won’t go far enough. These partisan and ideological divides are slightly more pronounced than they were in July.\n\nBigger concern: Will U.S. go too far or not far enough in Iraq and Syria?\n\n% who say their bigger concern about military action in Iraq and Syria is that the U.S. ...\n\nWill go too far getting involved in situation\n\nWill not go far enough to stop militants\n\nBoth/Neither/DK\n\nTotal 42 50 8\n\n18-29 55 37 8\n\n30-49 38 54 8\n\n50-64 40 52 8\n\n65+ 35 55 11\n\nRepublican 18 75 7\n\nDemocrat 61 33 6\n\nIndependent 41 49 9\n\nConserv Rep 12 81 6\n\nMod/Lib Rep 31 64 5\n\nCons/Mod Dem 56 39 6\n\nLiberal Dem 67 27 6\n\nSource: Survey conducted Dec. 8-13, 2015. Figu"
    },
    "20": {
      "summary": "2015\n\nnot going far enough to stop the Islamic militants (37%). All older age groups say they are more concerned about the U.S. not doing enough to stop Islamic militants in Iraq and Syria than getting too involved in the situation.\n\nThe public is divided over the question of sending U.S. ground troops to fight Islamic militants in Iraq and Syria: 47% are in favor while an identical percentage is opposed. Views are little different than in July, when 49% were opposed and 44% were in favor of sending U.S. ground troops to Iraq and Syria.\n\nWide partisan divides exist over whether the U.S. should send ground troops. Two-thirds of Republicans (66%) – including 72% of conservative Republicans – say they would favor sending U.S. ground troops to Iraq and Syria, while just 28% are opposed. Among Democrats, views are the reverse: 64% oppose sending ground troops to Iraq and Syria, 33% are in favor. Among independents, about as many favor (48%) as oppose (47%) the use of U.S. ground forces to fight Islamic militants in Iraq and Syria. Views among partisan groups are little different than they were in July 2015.\n\nPublic split over use of ground troops\n\n% who say they would ___ the U.S. sending ground troops to fight Islamic militants in Iraq and Syria\n\n| Oct 2014 | Feb 2015 | July 2015 | Dec 2015 |\n|---|---|---|---|\n| 49    | 49    | 47    | 47    |\n\nSource: Survey conducted Dec. 8-13, 2015. Don’t know responses not shown.\n\nPEW RESEARCH CENTER\n\nTwo-thirds of Republicans favor sending U.S. ground troops to Iraq and Syria\n\n% who say they would ___ the U.S. sending ground troops to fight Islamic militants in Iraq and Syria\n\n| Total | Favor | Oppose | DK |\n|---|---|---|---|\n| 47    | 47    | 47    | 6   |\n\nSource: Survey conducted Dec. 8-13, 2015. Figures may not add to 100% because of rounding.\n\nPEW RESEARCH CENTER"
    },
    "21": {
      "summary": "2014, more said relying too much on force creates hatred (57%), compared with 37% who say overwhelming military force was the best way to defeat terrorism. Views were similar to those in 2014 when the question was previously asked in 2011 and 2004.\n\nThere are wide partisan differences on the question of force and global terrorism. Democrats are far more likely to say relying too much on force creates hatred that leads to more terrorism than to say using overwhelming military force is the best way to defeat terrorism around the world (66%-27%). By contrast, Republicans are more likely to see overwhelming force as the best way to defeat terrorism by a 72%-18% margin. Independents are more divided: 49% say relying too much on force creates hatred, while 43% say overwhelming military force is the best way to defeat terrorism around the world.\n\nBoth Republicans’ and independents’ support for overwhelming military force as the best way to defeat terrorism rose sharply in February of this year, compared with surveys over the last decade. Since February 2015, however, partisan views have shown little change.\n\nViews of military force and terrorism\n\n% who say ...\n\nRelying too much on force creates hatred, more terrorism\n\nUsing military force is the best way to defeat terrorism\n\nSource: Survey conducted Dec. 8-13, 2015. Don’t know responses not shown.\n\nPEW RESEARCH CENTER\n\nMost Republicans see overwhelming military force as best to defeat terrorism\n\n% who say ...\n\nRelying too much on force creates hatred, more terrorism\n\nUsing military force is the best way to defeat terrorism\n\nTotal\n\nRepublican\n\nDemocrat\n\nIndependent\n\nSource: Survey conducted Dec. 8-13, 2015. Don’t know responses not shown.\n\nPEW RESEARCH CENTER\n\nBoth Republicans’ and independents’ support for overwhelming military force as the best way to defeat terrorism rose sharply in February of this year, compared with surveys over the last decade. Since February 2015, however, partisan views have shown little change."
    },
    "22": {
      "summary": "21\n\nPEW RESEARCH CENTER\n\nWhile the public is divided on the wisdom of using overwhelming force to defeat terrorism, most see the U.S. as doing more good than harm when it comes to confronting world problems more generally.\n\nOverall, 55% say that problems in the world would be even worse without U.S. involvement, compared with fewer (38%) who say U.S. efforts to solve problems around the world usually end up making things worse. Views on this question are unchanged from March of last year, the first time it was asked by the Pew Research Center.\n\nComparable majorities of both Republicans (62%) and Democrats (56%) say world problems would be worse without U.S. involvement.\n\nBut there is an ideological divide on this question within the Democratic Party. By two to one (62%-31%) more conservative and moderate Democrats say problems in the world would be worse without U.S. efforts. Among liberal Democrats, about as many say U.S. efforts to solve problems usually end up making things worse (45%) as say problems in the world would be even worse without U.S. involvement (50%).\n\nMost say U.S. efforts to solve global problems do more good than harm\n\n% who say ...\n\nU.S. efforts to solve problems usually make things worse\n\nProblems in the world would be worse without U.S.\n\nTotal\n\n38\n\n55\n\nRepublican\n\n31\n\n62\n\nDemocrat\n\n37\n\n56\n\nIndependent\n\n43\n\n50\n\nSource: Survey conducted Dec. 8-13, 2015.\nDon’t know responses not shown.\n\nPEW RESEARCH CENTER\n\nwww.pewresearch.org"
    },
    "23": {
      "summary": "22\n\nPew Research Center\n\nConcern over Islamic extremism at home and abroad\n\nOverall, the public continues to worry about Islamic extremism around the world and in the U.S. About six-in-ten (62%) say they are very concerned about the rise of Islamic extremism around the world, and just about half (49%) say the same about the possible rise of Islamic extremism in the U.S.\n\nComparable percentages said they were very concerned about the rise of Islamic extremism in September of last year. These are among the highest levels of concerns measured in the questions’ trend dating to 2007.\n\nRepublicans remain more likely than Democrats to say they are very concerned with Islamic extremism around the world (83% vs. 53%) and at home (65% vs. 38%).\n\nSource: Survey conducted Dec. 8-13, 2015. Don’t know responses not shown.\n\nPew Research Center"
    },
    "24": {
      "summary": "23\n\nPEW RESEARCH CENTER\n\nObama’s rating on dealing with terrorist threat slides\n\nThe public continues to have divided views of Barack Obama’s job performance: 46% approve and 49% disapprove of the way he is handling his job as president. His overall rating is little changed over the course of 2015.\n\nObama’s ratings for handling the economy (43% approve) and immigration policy (37% approve) are more negative than positive. He receives mixed ratings for his handling of global climate change (45% approve, 40% disapprove) and race relations (44% approve, 47% disapprove).\n\nAnd for the first time in his presidency, more Americans say they disapprove of the way Obama is handling the threat of terrorism (57%) than approve (37%).\n\nOver the course of his first term, the public generally gave Obama positive marks for his handling of the threat of terrorism, peaking at 69% approval in May 2011 following the killing of Osama bin Laden. But his ratings were divided earlier this year (46% approval in May) and now are in negative territory.\n\nObama’s performance on key issues\n\nDo you approve or disapprove of the way Barack Obama is handling ... (%)\nDisapprove Approve\nOverall 49 46\nGlobal climate change 40 45\nRace relations 47 44\nEconomy 51 43\nThreat of terrorism 57 37\nImmigration policy 56 37\n\nSource: Survey conducted Dec. 8-13, 2015.\nDon’t know responses not shown.\n\nPEW RESEARCH CENTER\n\nMajority of Americans now disapprove of Obama’s handling of terrorism\n\nDo you approve or disapprove of the way Barack Obama is handling the threat of terrorism (%)\nApprove\n21 20\nDisapprove\n50 47\n51 46\n44 39\n53 38\nSource: Survey conducted Dec. 8-13, 2015.\nDon’t know responses not shown.\n\nPEW RESEARCH CENTER"
    },
    "25": {
      "summary": "24\n\nPEW RESEARCH CENTER\n\nViews of Obama’s handling of the threat of terrorism have always been strongly associated with partisanship. And his ratings have dropped across all partisan groups.\n\nToday, Democrats continue to largely approve of Obama’s handling of the terrorist threat, though to a lesser extent than earlier in his presidency. Nearly two-thirds (64%) of Democrats now say they approve, while 29% disapprove. In May, 72% of Democrats approved of his handling of the terrorist threat.\n\nOnly 11% of Republicans approve of Obama’s handling of the threat posed by terrorism while nearly nine-in-ten (87%) disapprove.\n\nApproval on this issue among independents has also reached a historical low. Only a third of independents (33%) now approve of the way Obama is handling the threat of terrorism; roughly six-in-ten (61%) offer a negative appraisal.\n\nObama’s rating on handling of terrorist threat drops across the board\n\n% who approve of the way Barack Obama is handling the threat of terrorism ...\n\nDemocrat\n\nRepublican\n\nIndependent\n\n09 10 11 12 13 14 15\n\nSource: Survey conducted Dec. 8-13, 2015. Don’t know responses not shown.\n\nPEW RESEARCH CENTER"
    },
    "26": {
      "summary": "25\n\nPEW RESEARCH CENTER\n\nMore say Obama ‘not tough enough’ on foreign policy\n\nThe public has long been more likely to say Barack Obama is “not tough enough” on foreign policy and national security (58% currently) than say his approach is “about right” (34%) or “too tough” (just 2%). The share now saying Obama is not tough enough is up five percentage points from July (53%), though little different from views at the beginning of the year (55%).\n\nFull 84% of Republicans say Obama’s approach to foreign policy is not tough enough. A 61% majority of independents say the same (30% say it is about right).\n\nMost Democrats (58%) view Obama’s approach as about right, while 35% say it is not tough enough (just 2% say it is too tough). Among conservative and moderate Democrats, 45% say Obama is not tough enough, compared with just 26% of liberal Democrats.\n\nMajority says Obama is ‘not tough enough’ on foreign policy\n\n% saying when it comes to foreign policy and national security, Obama is ...\n\n|                      | June 2009 | April 2010 | Sept 2010 | Nov 2013 | Aug 2014 | Jan 2015 | July 2015 | Dec 2015 |\n|---------------------|-----------|------------|------------|----------|----------|----------|----------|---------|\n| Too tough           | 2         | 2          | 2          | 5        | 3        | 5        | 4        | 2       |\n| Not tough enough    | 38        | 47         | 41        | 51       | 54       | 55       | 53       | 58      |\n| About right         | 51        | 41         | 42        | 37       | 36       | 37       | 37       | 34      |\n| Don’t know         | 8         | 10         | 15        | 6        | 7        | 3        | 3        | 6       |\n|                      | 100       | 100        | 100       | 100      | 100      | 100      | 100      | 100     |\n\nSource: Survey conducted Dec. 8-13, 2015.\nFigures may not add to 100% because of rounding.\n\nPEW RESEARCH CENTER\n\nPartisan views on Obama’s approach to foreign policy\n\n% saying Barack Obama is "
    },
    "27": {
      "summary": "8-13, 2015 among a national sample of 1,500 adults, 18 years of age or older, living in all 50 U.S. states and the District of Columbia (525 respondents were interviewed on a landline telephone, and 975 were interviewed on a cell phone, including 582 who had no landline telephone). The survey was conducted by interviewers at Princeton Data Source under the direction of Princeton Survey Research Associates International. A combination of landline and cell phone random digit dial samples were used; both samples were provided by Survey Sampling International. Interviews were conducted in English and Spanish. Respondents in the landline sample were selected by randomly asking for the youngest adult male or female who is now at home. Interviews in the cell sample were conducted with the person who answered the phone, if that person was an adult 18 years of age or older. For detailed information about our survey methodology, see http://www.pewresearch.org/methodology/u-s-survey-research/\n\nThe combined landline and cell phone sample are weighted using an iterative technique that matches gender, age, education, race, Hispanic origin and nativity and region to parameters from the 2013 Census Bureau's American Community Survey and population density to parameters from the Decennial Census. The sample also is weighted to match current patterns of telephone status (landline only, cell phone only, or both landline and cell phone), based on extrapolations from the 2014 National Health Interview Survey. The weighting procedure also accounts for the fact that respondents with both landline and cell phones have a greater probability of being included in the combined sample and adjusts for household size among respondents with a landline phone. The margins of error reported and statistical tests of significance are adjusted to account for the survey’s design effect, a measure of how much efficiency is lost from the weighting procedures."
    },
    "28": {
      "summary": "27\n\nPEW RESEARCH CENTER\n\nThe following table shows the unweighted sample sizes and the error attributable to sampling that would be expected at the 95% level of confidence for different groups in the survey:\n\n| Group       | Unweighted sample size | Plus or minus ... |\n|-------------|-------------------------|-------------------|\n| Total sample | 1,500                  | 2.9 percentage points |\n| Republican   | 416                    | 5.5 percentage points |\n| Conservative Republican | 291 | 6.6 percentage points |\n| Moderate/Liberal Republican | 121 | 10.2 percentage points |\n| Independent | 557                   | 4.8 percentage points |\n| Democrat     | 446                   | 5.3 percentage points |\n| Conserv/Moderate Democrat | 217 | 7.6 percentage points |\n| Liberal Democrat | 222                 | 7.5 percentage points |\n\nForm 1 | 731 | 4.2 percentage points |\nForm 2 | 769 | 4.1 percentage points |\n\nSample sizes and sampling errors for other subgroups are available upon request.\n\nIn addition to sampling error, one should bear in mind that question wording and practical difficulties in conducting surveys can introduce error or bias into the findings of opinion polls.\n\nPew Research Center is a nonprofit, tax-exempt 501(c)(3) organization and a subsidiary of The Pew Charitable Trusts, its primary funder.\n\n© Pew Research Center, 2015"
    }
  }
}
