{
  "doc_id": "2023.acl-long.386.pdf",
  "pages": {
    "1": {
      "summary": "0.0001\n\n**Fact-Checking Complex Claims with Program-Guided Reasoning**\n\n**Liangming Pan¹,² Xiaobao Wu³ Xinyuan Lu⁴ Anh Tuan Luu³ William Yang Wang¹ Min-Yen Kan⁴ Preslav Nakov²**\n\n¹ University of California, Santa Barbara ² MBZUAI\n\n³ Nanyang Technological University ⁴ National University of Singapore\n\nliangmingpan@ucsb.edu xiaobao002@e.ntu.edu.sg luxinyuan@u.nus.edu anhtuan.luu@ntu.edu.sg william@cs.ucsb.edu kanmy@comp.nus.edu.sg preslav.nakov@mbzuai.ac.ae\n\n**Abstract**\n\nFact-checking real-world claims often requires collecting multiple pieces of evidence and applying complex multi-step reasoning. In this paper, we present *Program-Guided Fact-Checking* (PROGRAMFC), a novel fact-checking model that decomposes complex claims into simpler sub-tasks that can be solved using a shared library of specialized functions. We first leverage the in-context learning ability of large language models to generate reasoning programs to guide the verification process. Afterward, we execute the program by delegating each sub-task to the corresponding sub-task handler. This process makes our model both explanatory and data-efficient, providing clear explanations of its reasoning process and requiring minimal training data. We evaluate PROGRAMFC on two challenging fact-checking datasets and show that it outperforms seven fact-checking baselines across different settings of evidence availability, with explicit output programs that benefit human debugging.¹\n\n**1 Introduction**\n\nThe proliferation of disinformation, e.g., in social media, has made automated fact-checking a crucial application of natural language processing (NLP). Given a claim, the goal is to find evidence and then to make a verdict about the claim’s veracity based on that evidence (Thorne and Vlachos, 2018; Glockner et al., 2022; Guo et al., 2022).\n\nEvaluating the veracity of real-world claims often involves collecting multiple pieces of evidence and applying complex reasoning (Jiang et al., 2020; Nguyen et al., 2020; Aly "
    },
    "2": {
      "summary": "0.5cm\n\n**Claim:** Both James Cameron and the director of the film Interstellar were born in Canada.\n\n**Reasoning Program**\n\n**Language Models**\n\n**(Codex, GPT3, ...)**\n\n**Fact Checker**\n\n**Gold Evidence**\n\n**QA Model**\n\n**Open-book**\n\n**WIKIPEDIA**\n\n**Fact Checker**\n\n**Closed-book**\n\n**PREDICT_LABEL = X REFUTES**\n\n**Figure 1: Overview of our PROGRAMFC model, which consists of two modules: (i) Program Generation generates a reasoning program for the input claim using Codex with in-context learning, and then (ii) Program Execution sequentially interprets the program by delegating each step to the corresponding sub-task function.**\n\nThe generated reasoning program serves as a step-by-step guide for verifying the claim. We then **execute** the program by sequentially delegating each sub-task to the corresponding sub-task handler, as shown in the **functions** columns in Figure 1. These sub-tasks may include answering questions, verifying simple claims, or conducting logical reasoning.\n\nPROGRAMFC combines explainability with data efficiency. It uses reasoning programs to provide clear explanations of its reasoning process. For data efficiency, Large Language Models (LLMs) can solve various tasks given only a few examples as prompts, e.g., *in-context learning* (Brown et al., 2020). We leverage this ability of LLMs to generate reasoning programs for a given claim by showing the model just a few dozen of (claim, program) pairs as demonstrations. PROGRAMFC is also flexible as it allows for easy swapping of sub-task function implementations to work under different settings of fact-checking, without affecting the rest of the system. We can allow the functions to retrieve information from external sources (in an open-book setting) or we can ask them to generate answers based solely on the LLM’s internal parametric knowledge (in a closed-book setting).\n\nWe evaluate PROGRAMFC on two challenging datasets designed for fact-checking complex claims: HOVER (Jiang et al., 2020) and FE"
    },
    "3": {
      "summary": "2020; Zhang et al., 2020; Nguyen et al., 2020; Barnabò et al., 2022, 2023) are used to facilitate the reasoning over multiple pieces of evidence. Although such models achieve sizable performance gains, they lack explainability and the rely on large amounts of training data. To address the above problems, we propose an explainable, flexible, and data-efficient model that generates reasoning graphs as explanations and utilizes in-context learning to enable few-shot learning.\n\nExplanation Generation. Facing the complexities of real-world claims, simply giving a final veracity to a claim often fails to be persuasive (Guo et al., 2022). Previous research has proposed various approaches to provide post-hoc explanations for model predictions, such as using attention weights to highlight relevant parts of the evidence (Popat et al., 2017; Cui et al., 2019; Yang et al., 2019; Lu and Li, 2020), generating justifications with logic-based systems based on knowledge graphs (Gad-Elrab et al., 2019; Ahmadi et al., 2019), and generating a summary of the retrieved relevant evidence (Atanasova et al., 2020; Kotonya and Toni, 2020; Jolly et al., 2022). In contrast, we propose to use reasoning programs to provide explanations that consist of sub-tasks described in a program-like natural language. This offers several advantages: it allows for explanations that are not confined to the evidence, like attention weights, it is more flexible than logic-based explanations, and it is more concise than free-form summarization.\n\nChain-of-Thought Reasoning. Moreover, unlike previous work that generates post-hoc explanations, we also use reasoning programs as guidance for predicting the veracity of the claim. This is motivated by the recent success of chain-of-thought prompting (CoT) (Wei et al., 2022; Kojima et al., 2022; Wang et al., 2022), which generates step-by-step natural language reasoning steps to guide the model in answering complex questions. We adopt this idea to fact-checking complex "
    },
    "4": {
      "summary": "0.5em; line-height: 1.5; font-size: 15px; text-align: left; margin-bottom: 0.5em; margin-top: 0.5em;\">\n\nEach reasoning step \\( S_i \\in P \\) is an instruction in controlled natural language that directs \\( S_i \\) to a function in an auxiliary set of sub-task functions \\( F \\) available to the system. To be specific, we define \\( S_i = (f_i, A_i, V_i) \\), where \\( f_i \\) specifies the sub-task function \\( f_i \\in F \\), \\( A_i \\) is the argument passed to the function \\( f_i \\), and \\( V_i \\) is the variable that stores the returned result from the function call \\( f_i(A_i) \\). For a valid reasoning program, the return value of the last reasoning step must be a Boolean value indicating the veracity label of the claim \\( C \\), i.e., \\( V_n \\in \\{TRUE, FALSE\\} \\).\n\n**Program Execution.** In the execution stage, the reasoning program \\( P \\) is run by an interpreter to derive the veracity label of the claim \\( C \\). The interpreter sequentially parses the reasoning steps in \\( P \\). For each step \\( S_i = (f_i, A_i, V_i) \\), it calls the corresponding off-the-shelf sub-task function \\( f_i \\) and passes the argument \\( A_i \\) to it. The argument \\( A_i \\) is either a logical expression or a natural language sentence, e.g., a question or a simple claim. The result of the function call is then stored in the variable \\( V_i \\). As it is common for a subsequent step to depend on the results from previous steps, we allow the argument \\( A_i \\) to refer to variables \\( V_1, \\cdots, V_{i-1} \\) in previous steps. For example, in Figure 1, the argument in \\( S_3 \\) is “[ANSWER\\_1] was born in Canada.”, which refers to the return variable [ANSWER\\_1] from \\( S_2 \\). When executing \\( S_3 \\), the variable is replaced by its actual value, and the argument becomes “Christopher Nolan was born in Canada”. After executing the last step, the return value is the predicted veracity of the claim \\( C \\).\n\n**Aggregating Reasoning Paths.** Note that there might be multiple reasoning paths that"
    },
    "5": {
      "summary": "1. Question() to predict the veracity label.'''\n\ndef program():  fact_1 = Verify(\"James Cameron was born in Canada.\")  Answer_1 = Question(\"Who is the director of the film Interstellar?\")  fact_2 = Verify(\"Answer_1) was born in Canada.\")  label = Predict(fact_1 and fact_2)\n\n(... more in-context examples here ...)\n\n# The claim is that <input_claim>  def program():\n\nFigure 2: The Codex prompt template used to generate reasoning programs, consisting of a task instruction, in-context examples, and a prompt for the <input_claim>. The full templates are given in Appendix D.\n\nFor evaluation in the open-book setting, we use the corresponding Wikipedia corpus constructed for these two datasets as the knowledge sources. HOVER uses the October 2017 Wikipedia dump processed by Yang et al. (2018), consisting of the introductory sections of 5.2 million Wikipedia pages. FEVEROUS uses the December 2020 dump, including 5.4 million full Wikipedia articles.\n\nBaselines. We compare PROGRAMFC to seven baselines, categorized into three groups. (i) Pretrained models: BERT-FC (Soleimani et al., 2020) and List5 (Jiang et al., 2021) are two models that leverage BERT and T5 for fact verification, respectively. (ii) FC/NLI fine-tuned models: we choose three pretrained models that are fine-tuned on other fact-checking datasets or natural language inference (NLI) datasets. RoBERTa-NLI (Nie et al., 2020) uses fine-tuned RoBERTa-large on four NLI datasets; DeBERTaV3-NLI (He et al., 2021) fine-tunes the DeBERTaV3 model on 885,242 (claim, evidence, label) annotations from FEVER and four NLI datasets. MULTIVERS (Wadden et al., 2022b) is a LongFormer (Beltagy et al., 2020) model fine-tuned on FEVER. (iii) In-context learning models: one baseline is that we directly use the FLAN-T5 model in our VERIFY module for fact-checking. The other baseline uses the in-context learning of Codex for few-shot fact-checking. The implementation details are given in Appendix A.\n\nFew-Shot Learning. We study few-shot lear"
    },
    "6": {
      "summary": "0.00\n\n| Few-shot learning models | HOVER (2-hop) | HOVER (3-hop) | HOVER (4-hop) | FEVEROUS-S |\n|-----------------------------|--------------|---------------|---------------|------------|\n| I                           | Gold Open   | Gold Open    | Gold Open    | Gold Open  |\n| BERT-FC (Soleimani et al., 2020) | 53.40 50.68 | 50.90 49.86 | 50.86 48.57 | 74.71 51.67 |\n| LisT5 (Jiang et al., 2021)      | 56.15 52.56 | 53.76 51.89 | 51.67 50.46 | 77.88 54.15 |\n| RoBERTa-NLI (Nie et al., 2020)  | 74.62 63.62 | 62.23 53.99 | 57.98 52.40 | 88.28 57.80 |\n| DeBERTaV3-NLI (He et al., 2021) | 77.22 68.72 | 65.98 60.76 | 60.49 56.00 | 91.98 58.81 |\n| MULTIVERS (Wadden et al., 2022b) | 68.86 60.17 | 59.87 52.55 | 55.67 51.86 | 86.03 56.61 |\n| Codex (Chen et al., 2021)     | 70.63 65.07 | 66.46 56.63 | 63.49 57.27 | 89.77 62.58 |\n| FLAN-T5 (Chung et al., 2022)   | 73.69 69.02 | 65.66 60.23 | 58.08 55.42 | 90.81 63.73 |\n| ProgramFC (N=1)               | 74.10 69.36 | 66.13 60.63 | 65.69 59.16 | 91.77 67.80 |\n| ProgramFC (N=5)               | 75.65 70.30 | 68.48 63.43 | 66.75 57.74 | 92.69 68.06 |\n\nTable 1: Macro-F1 scores of ProgramFC (IV) and baselines (I-III) on the evaluation set of HOVER and FEVEROUS-S for few-shot fact-checking. Gold and Open represent the gold evidence setting and the open book setting, respectively. I: pretrained Transformers; II: FC/NLI fine-tuned models; III: in-context learning models.\n\nWe use these examples either for fine-tuning pre-trained models (BERT-FC and LisT5), for continuous fine-tuning the FC/NLI fine-tuned models, or as in-context examples for FLAN-T5 and Codex. For ProgramFC, we use them as in-context examples for reasoning program generation.\n\nWe evaluate both the gold evidence setting and the open-book setting. The baseline models are the same for both settings. However, during testing in the open-book setting, the models are given the retrieved evidence rather than the ground-truth evidence. We use BM25 (Robertson and Zaragoza, 2009) imp"
    },
    "7": {
      "summary": "0 for the one-step retrieval and the iterative retrieval in PROGRAMFC.\n\n### 4.2 How Does the Reasoning Program Help?\n\nTo further understand how reasoning programs facilitate fact-checking, we compare the performance of PROGRAMFC with FLAN-T5 using different language model sizes: small, base, large, XL, and XXL. The results are shown in Figure 4 and indicate that program-guided reasoning is particularly effective when the model size is small. As smaller models have less capacity for complex reasoning, the performance of the end-to-end FLAN-T5 model decreases significantly with decreasing model size. However, this trend is less notable for PROGRAMFC. The high-level reasoning plan offered by reasoning programs substantially alleviates the demands on the subsequent subtask solvers. Our results show that the program-guided model using FLAN-T5-small (80M parameters) as sub-task solvers can achieve comparable performance to the 137x larger FLAN-T5-XXL (11B) model with end-to-end reasoning for 4-hop claims.\n\nIn the open-domain setting, we find that reasoning programs can enhance the retrieval of relevant evidence from the knowledge source. Figure 5 compares the retrieval performance of the one-step BM25 retriever used in the baselines to the iterative step-by-step BM25 retriever in PROGRAMFC.\n\nWe measure the recall of the gold paragraphs for the top-10 retrieved paragraphs (recall@10). For PROGRAMFC, we combine the retrieved paragraphs of all steps and we consider the top-10 results. We can see in Figure 5 that PROGRAMFC outperforms one-step retrieval on all datasets, with the largest improvement of 37.1% on HOVER 4-hop. This is because some information may not be present in the original claim, but is only revealed during the reasoning process (e.g., “Christopher Nolan” in Figure 1). Thus, iterative retrieval guided by the reasoning program yields better results.\n\n### 4.3 Interpretability of Reasoning Programs\n\nAn advantage of PROGRAMFC is that it improves the interpretabil"
    },
    "8": {
      "summary": "0.5cm\n\n**Claim:**\n\n**Error Type**\n\n**Predicted Program:**\n\nanswer_1 = Question(\"Which state is Emery located in?\")\n\nanswer_2 = Question(\"Which state is Edison Local School District located in?\")\n\nfact_1 = Verify(\"{answer_1} and {answer_2} are the same state.\")\n\nfact_2 = Verify(\"Emery is a ghost town.\")\n\nanswer_3 = Question(\"Which city is near Emery?\")\n\nanswer_4 = Question(\"Which city lies close to the Ohio Turnpike, a 241.26 mi highway?\")\n\nfact_3 = Verify(\"{answer_3} is near {answer_4}.\") → fact_3 = Verify(\"Emery is near {answer_4}.\")\n\nlabel = Predict(fact_1 and fact_2 and fact_3)\n\n---\n\n**Figure 6:** An error case from the HOVER 4-hop dataset where the generated reasoning program has an incorrect program structure. The incorrect segment(s) are marked in **red**, and the correct revisions are marked in **green**.\n\n---\n\n| Error Type | Proportion (%) |\n|---|---|\n| Syntax error | 0%    |\n| Semantic error | 29%    |\n| Token    | 8%    |\n| Structure    | 19%    |\n| Subtask    | 2%    |\n| Incorrect execution | 71% |\n\n| 2-hop | 3-hop | 4-hop |\n|---|---|---|\n| 0%   | 0%   | 0%   |\n| 38%  | 20%  | 18%  |\n| 13%  | 5%   | 2%   |\n| 62%  | 23%  | 23%  |\n\n---\n\n**Table 2:** Reasoning program evaluation for incorrectly-predicted examples from each hop length in HOVER.\n\n---\n\n| Model | HOVER | FEVEROUS |\n|---|---|---|\n| InstructGPT | 56.51 | 51.75 | 49.68 | 60.13 |\n| - Direct | 50.30 | 52.30 | 51.58 | 54.78 |\n| - ZS-CoT | 57.20 | 53.66 | 51.83 | 61.05 |\n| - CoT | 51.54 | 51.47 | 52.45 | 56.82 |\n| - Self-Ask | 55.57 | 53.42 | 45.59 | 57.85 |\n| FLAN-T5 | 48.27 | 52.11 | 51.13 | 55.16 |\n\n| ProgramFC | 54.27 | 54.18 | 52.88 | 59.66 |\n\n---\n\nSecond, for 2-hop claims, we find that 71% of the programs are correct. The majority of the errors are the result of incorrect program execution, where the question answering or the fact-checking modules failed to return the correct answer.\n\nThird, as the complexity of the claims increases, the proportion of semantic errors in the programs also increase"
    },
    "9": {
      "summary": "3-hop and 4-hop.\n\nThis can be due to CoT generating free-form explanations, which can lead to unpredictable errors in long reasoning chains. In contrast, our program generation-and-execution strategy is more stable for longer reasoning chains.\n\n5 Conclusion and Future Work\n\nWe proposed PROGRAMFC, a few-shot neuro-symbolic model for fact-checking that learns to map input claims to a reasoning program consisting of a sequence of sub-task function calls for answering a question, for fact-checking a simple claim, and for computing a logical expression. Then fact-checking is performed by executing that program. PROGRAMFC combines the advantages of symbolic programs, such as explainability, with the flexibility of end-to-end neural models. Using Codex as the program generator, PROGRAMFC demonstrates promising performance on HOVER and FEVEROUS with only a small number of in-context demonstrations and no additional training. We also investigated the impact of model size and the benefits of programs for retrieval, and we analyzed the errors. The results indicated that PROGRAMFC effectively balances model capability, learning efficiency, and interpretability.\n\nIn future work, we want to adapt PROGRAMFC to more real-world fact-checking scenarios, such as fake news detection and multi-modal fact-checking, with advanced reasoning program design and sub-task functionalities.\n\nLimitations\n\nWe identify two main limitations of PROGRAMFC. First, despite being complex in their surface form, the claims in the HOVER and FEVEROUS datasets mostly require only explicit multi-step reasoning, i.e., the decomposition can be derived from the claim’s syntactic structure or how the claim is framed. This lowers the difficulty of generating reasoning programs. However, for many real-world complex claims, the reasoning is often implicit. For example, for the claim “Aristotle couldn’t have used a laptop”, the reasoning program is:\n\nanswer_1 = Question(“When did Aristotle live?”);\n\nanswer_2 = Questio"
    },
    "10": {
      "summary": "2022. Generative large-scale multimodal language models trained on code. ArXiv preprint, abs/2107.03374.\n\n* Wenhu Chen et al. (2022) Wenhu Chen, Xueguang Ma, Xinyi Wang, and William W. Cohen. 2022b. Program of thoughts prompting: Disentangling computation from reasoning for numerical reasoning tasks. CoRR, abs/2211.12588.\n\n* Zhoujun Cheng et al. (2022) Zhoujun Cheng, Tianbao Xie, Peng Shi, Chengzu Li, Rahul Nadkarni, Yushi Hu, Caiming Xiong, Dragomir Radev, Mari Ostendorf, Luke Zettlemoyer, Noah A. Smith, and Tao Yu. 2022. Binding language models in symbolic languages. CoRR, abs/2210.02875.\n\n* Hyung Won Chung et al. (2022) Hyung Won Chung, Le Hou, Shayne Longpre, Barret Zoph, Yi Tay, William Fedus, Eric Li, Xuezhi Wang, Mostafa Dehghani, Siddhartha Brahma, Albert Webson, Shixiang Shane Gu, Zhuyun Dai, Mirac Suzgun, Xinyun Chen, Aakanksha Chowdhery, Sharan Narang, Gaurav Mishra, Adams Yu, Vincent Y. Zhao,"
    },
    "11": {
      "summary": "2022. Scaling instruction-finetuned language models. CoRR, abs/2210.11416.\n\nLimeng Cui, Kai Shu, Suhang Wang, Dongwon Lee, and Huan Liu. 2019. dEFEND: A system for explainable fake news detection. In Proceedings of the 28th ACM International Conference on Information and Knowledge Management (CIKM), pages 2961–2964, Beijing, China.\n\nJacob Devlin, Ming-Wei Chang, Kenton Lee, and Kristina Toutanova. 2019. BERT: Pre-training of deep bidirectional transformers for language understanding. In Proceedings of the 2019 Conference of the North American Chapter of the Association for Computational Linguistics: Human Language Technologies (NAACL-HLT), pages 4171–4186, Minneapolis, Minnesota, USA.\n\nMohamed H. Gad-Elrab, Daria Stepanova, Jacopo Urbani, and Gerhard Weikum. 2019. Exfakt: A framework for explaining facts over knowledge graphs and text. In Proceedings of the Twelfth ACM International Conference on Web Search and Data Mining (WSDM), pages 87–95, Melbourne, Australia.\n\nLuyu Gao, Aman Madaan, Shuyan Zhou, Uri Alon, Pengfei Liu, Yiming Yang, Jamie Callan, and Graham Neubig. 2022. PAL: program-aided language models. CoRR, abs/2211.10435.\n\nMax Glockner, Yufang Hou, and Iryna Gurevych. 2022. Missing counter-evidence renders NLP fact-checking unrealistic for misinformation. In Proceedings of the 2022 Conference on Empirical Methods in Natural Language Processing (EMNLP), pages 5916–5936, Abu Dhabi, United Arab Emirates.\n\nZhijiang Guo, Michael Schlichtkrull, and Andreas Vlachos. 2022. A survey on automated fact-checking. Transactions of the Association for Computational Linguistics, 10:178–206.\n\nAshim Gupta and Vivek Srikumar. 2021. X-Fact: A new benchmark dataset for multilingual fact checking. In Proceedings of the 59th Annual Meeting of the Association for Computational Linguistics and the 11th International Joint Conference on Natural Language Processing (ACL-IJCNLP), pages 675–682, Online.\n\nPengcheng He, Jianfeng Gao, and Weizhu Chen. 2021. DeBERTaV3: Improving DeBERTa u"
    },
    "12": {
      "summary": "58th Annual Meeting of the Association for Computational Linguistics (ACL), pages 7342–7351, Online.\n\nYi-Ju Lu and Cheng-Te Li. 2020. GCAN: Graph-aware co-attention networks for explainable fake news detection on social media. In Proceedings of the 58th Annual Meeting of the Association for Computational Linguistics (ACL), pages 505–514, Online.\n\nGrégoire Mialon, Roberto Dessi, Maria Lomeli, Christoforos Nalmpantis, Ramakanth Pasunuru, Roberta Raileanu, Baptiste Rozière, Timo Schick, Jane Dwivedi-Yu, Asli Celikyilmaz, Edouard Grave, Yann LeCun, and Thomas Scialom. 2023. Augmented language models: a survey. CoRR, abs/2302.07842.\n\nPreslav Nakov, Alberto Barrón-Cedeño, Giovanni Da San Martino, Firoj Alam, Julia Maria Strub, Thomas Mandl, Rubén Míguez, Tommaso Caselli, Mucahid Kutlu, Wajdi Zaghouani, Chengkai Li, Shaden Shaar, Gautam Kishore Shahi, Hamdy Mubarak, Alex Nikolov, Nikolay Babulkov, Yavuz Selim Kartal, and Javier Beltrán. 2022. The CLEF-2022 CheckThat! lab on fighting the COVID-19 infodemic and fake news detection. In Proceedings of the 44th European Conference on IR Research: Advances in Information Retrieval (ECIR), pages 416–428, Berlin, Heidelberg.\n\nPreslav Nakov, David Corney, Maram Hasanain, Firoj Alam, Tamer Elsayed, Alberto Barrón-Cedeño, Paolo Papotti, Shaden Shaar, and Giovanni Da San Martino. 2021a. Automated fact-checking for assisting human fact-checkers. In Proceedings of the Joint Conference on Artificial Intelligence (IJCAI), pages 4551–4558, Online.\n\nPreslav Nakov, Giovanni Da San Martino, Tamer Elsayed, Alberto Barrón-Cedeño, Rubén Míguez, Shaden Shaar, Firoj Alam, Fatima Haouari, Maram Hasanain, Nikolay Babulkov, Alex Nikolov, Gautam Kishore Shahi, Julia Maria Strub, and Thomas Mandl. 2021b. The CLEF-2021 CheckThat! lab on detecting check-worthy claims, previously fact-checked claims, and fake news. In Proceedings of the 43rd European Conference on Information Retrieval (ECIR), pages 639–649, Lucca, Italy.\n\nVan-Hoang Nguyen, Kazunari Sugiy"
    },
    "13": {
      "summary": "0.0"
    },
    "14": {
      "summary": "0.0001\n\n**A Implementation Details about the Baselines**\n\nIn this section, we give the implementation details for the seven baselines we used in our work. Typical ways to perform few-shot fact-checking using large language models are fine-tuning and in-context learning. Thus, we categorize the baselines into three categories.\n\n**A.1 Pre-trained Models**\n\nPre-trained models use pretrained Transformers (Vaswani et al., 2017) such as BERT (Devlin et al., 2019) and T5 (Raffel et al., 2020) for fact-checking. For few-shot learning, we fine-tune them using 20 randomly sampled training examples from HOVER or FEVEROUS. We ran the training 10 times with different random seeds and report the average performance on the validation set. We chose two models:\n\n- **BERT-FC (Soleimani et al., 2020):** It uses BERT for claim verification. The claim and the evidence are concatenated ([CLS] claim [SEP] evidence) and used as input for a binary classification task to predict the veracity label of the claim. We use the bert-large-uncased (345M parameters) model provided in HuggingFace.²\n\n- **List5 (Jiang et al., 2021):** This is a fact-checking framework built with a pretrained sequence-to-sequence transformer, namely T5 (Raffel et al., 2020), as its backbone. We adopt the “listwise concatenation” proposed in the paper for label prediction, which concatenates all candidate evidence sentences into a single input and we train the t5-large model to directly classify the claim as Supported or Refuted. We use the original implementation of this model.³\n\n**A.2 FC/NLI Fine-Tuned Models**\n\nThese models are pretrained Transformer models that have been specifically fine-tuned on single-hop fact-checking datasets (e.g., FEVER) or natural language inference (NLI) datasets. This additional training allows these models to excel at fact-checking simple claims, and thus they can generalize better to complex claims that require multi-hop reasoning during further few-shot fine-tuning.\n\nIn this category, we"
    },
    "15": {
      "summary": "2022) is an improved version of T5, which is fine-tuned on 1.8K tasks phrased as instructions, with and without exemplars, i.e., zero-shot and few-shot. The model has shown strong performance in various in-context few-shot learning NLP tasks, such as reasoning, and question-answering. We prompt the model with the same format as we used in Section 3.4: “<Evidence> Q: <Claim> Is it true that <Claim>? True or False? The answer is:”, prefixing with the same 20 in-context examples. We also use the same model size (FLAN-T5-XXL 3B) with our model for fair comparison.\n\n### B Examples of Generated Reasoning Programs\n\nFigure 7 shows six examples of generated reasoning programs by PROGRAMFC that cover diverse reasoning chains.\n\n### C Error Analysis for Reasoning Programs\n\nFigure 8 shows five examples of erroneous cases where the generated reasoning programs are incorrect. We provide explanations for each of the error cases below:\n\n**Example 1** It generates a wrong logical reasoning operator for the final step. The correct logic should be “not (fact_1 and fact_2)” instead of “fact_1 and fact_2”.\n\n**Example 2** It fails to perform co-reference resolution for the arguments in the third and the fourth reasoning steps. “This album” should be replaced with “The bluegrass” to make the sub-task context-independent. “This musical” should be replaced with the variable “answer_1” from the first step.\n\n**Example 3** It fails to create a meaningful problem decomposition for the claim. It generates a trivial program that simply repeats the original claim.\n\n**Example 4** It fails to generate a fine-grained reasoning structure for the input claim. It also generates a trivial program that simply separates the claim into sentences.\n\n**Example 5** It generates a redundant reasoning step “Question(”When was the musician born?”)”, which does not add any new information to the reasoning chain.\n\n### D Program Generation Prompts\n\nOur manually written prompts for the HOVER and the FEVEROUS-S datasets"
    },
    "16": {
      "summary": "0\n\nThe country that Fujairah College is located in had a 2013 population of 9.2 million until it was hit by the plague in 1483 when the population was halved.\n\n**Predicted Program:**\n\nanswer_1 = Question(\"Which country is Fujairah College located in?\")\n\nfact_1 = Verify(\"{answer_1} had a 2013 population of 9.2 million.\")\n\nfact_2 = Verify(\"{answer_1} was hit by the plague in 1483.\")\n\nfact_3 = Verify(\"{The population of {answer_1} was halved in 1483.\"})\n\nlabel = Predict(fact_1 and fact_2 and fact_3)\n\n**Claim:**\n\nThe first female board member for the Liberal Party, she was born in Vestfold county in Norway.\n\n**Predicted Program:**\n\nanswer_1 = Question(\"Who was the first female board member for the Liberal Party?\")\n\nfact_1 = Verify(\"{answer_1} was born in Vestfold county in Norway.\")\n\nlabel = Predict(fact_1)\n\n**Claim:**\n\nThe solicitor who won the show Back to Reality ahead of Maureen Rees and Craig Phillips is English. The solicitor that was a chair of Global Witness is also English.\n\n**Predicted Program:**\n\nanswer_1 = Question(\"Which solicitor won the show Back to Reality ahead of Maureen Rees and Craig Phillips?\")\n\nanswer_2 = Question(\"Which solicitor was a chair of Global Witness?\")\n\nfact_1 = Verify(\"{answer_1} is English.\")\n\nfact_2 = Verify(\"{answer_2} is English.\")\n\nlabel = Predict(fact_1 and fact_2)\n\n**Claim:**\n\nAnthony Burgess addressed the novelist and essayist, the author of Grimus, in a lengthy love letter. The author is of the same nationality as Raj Koothrappali.\n\n**Predicted Program:**\n\nanswer_1 = Question(\"Which novelist and essayist did Anthony Burgess address in a lengthy love letter?\")\n\nfact_1 = Verify(\"{answer_1} is the author of Grimus.\")\n\nanswer_2 = Question(\"What is the nationality of Raj Koothrappali?\")\n\nfact_2 = Verify(\"{answer_1} is of the same nationality as {answer_2}.\")\n\nlabel = Predict(fact_1 and fact_2)\n\n**Claim:**\n\nThe critically acclaimed film, that Buddy Baker scored in 1975, is a Walt Disney film. It was produced first before the film tha"
    },
    "17": {
      "summary": " Token: incorrect or missing arguments/variables\n\n**Example 1:**\nBitter Jester and The Future of Food are not both documentaries about food.\n\n**Predicted Program:**\nfact_1 = Verify(\"Bitter Jester is a documentary about food.\")\nfact_2 = Verify(\"The Future of Food is a documentary about food.\")\nlabel = Predict(fact_1 and fact_2) label = Predict(not (fact_1 and fact_2))\n\n**Example 2:**\nThe record producer that produced the bluegrass album was born on 22 June, 1944. This album inspired a Tony award winning musical. This musical had a character that was originated by Carmen Cusack.\n\n**Predicted Program:**\nanswer_1 = Question(\"Which record producer produced the bluegrass album?\")\nfact_1 = Verify({\"answer_1\"} was born on 22 June, 1944.\")\nfact_2 = Verify(\"This album inspired a Tony award winning musical.\")\nfact_3 = Verify(\"This musical had a character that was originated by Carmen Cusack.\")\nlabel = Predict(fact_1 and fact_2 and fact_3)\n\n**Semantic Error – Structure: incorrect program structure**\n\n**Example 3:**\nRichard Strauss, German composer of Die Nacht, composed another well-established opera called Der Rosenkavalier.\n\n**Predicted Program:**\nfact_1 = Verify(\"Richard Strauss, German composer of Die Nacht, composed another well-established opera called Der Rosenkavalier.\")\nlabel = Predict(fact_1)\n\n**Example 4:**\nThe film Deanna Oliver produced in 1999 grossed $36.8 million domestically. The musical film based on coach Herman Boone, did not.\n\n**Predicted Program:**\nfact_1 = Verify(\"The film Deanna Oliver produced in 1999 grossed $36.8 million domestically.\")\nfact_2 = Verify(\"The musical film based on coach Herman Boone, did not.\")\nlabel = Predict(fact_1 and fact_2)\n\n**Example 5:**\nThe musician, who founded Morningwood with Max Green, is older than Max Green.\n\n**Predicted Program:**\nanswer_1 = Question(\"Who founded Morningwood with Max Green?\")\nanswer_2 = Question(\"When was Max Green born?\")\nanswer_3 = Question(\"When was the musician born?\")\nfact_1 = Verify({\"answer_1\"} is "
    },
    "18": {
      "summary": "1\n\n:\n\n:\n\n:\n\n:\n\n:\n\n:\n\n:\n\n:\n\n:\n\n:\n\n:\n\n:\n\n:\n\n:\n\n:\n\n:\n\n:\n\n:\n\n:\n\n:\n\n:\n\n:\n\n:\n\n:\n\n:\n\n:\n\n:\n\n:\n\n:\n\n:\n\n:\n\n:\n\n:\n\n:\n\n:\n\n:\n\n:\n\n:\n\n:\n\n:\n\n:\n\n:\n\n:\n\n:\n\n:\n\n:\n\n:\n\n:\n\n:\n\n:\n\n:\n\n:\n\n:\n\n:\n\n:\n\n:\n\n:\n\n:\n\n:\n\n:\n\n:\n\n:\n\n:\n\n:\n\n:\n\n:\n\n:\n\n:\n\n:\n\n:\n\n:\n\n:\n\n:\n\n:\n\n:\n\n:\n\n:\n\n:\n\n:\n\n:\n\n:\n\n:\n\n:\n\n:\n\n:\n\n:\n\n:\n\n:\n\n:\n\n:\n\n:\n\n:\n\n:\n\n:\n\n:\n\n:\n\n:\n\n:\n\n:\n\n:\n\n:\n\n:\n\n:\n\n:\n\n:\n\n:\n\n:\n\n:\n\n:\n\n:\n\n:\n\n:\n\n:\n\n:\n\n:\n\n:\n\n:\n\n:\n\n:\n\n:\n\n:\n\n:\n\n:\n\n:\n\n:\n\n:\n\n:\n\n:\n\n:\n\n:\n\n:\n\n:\n\n:\n\n:\n\n:\n\n:\n\n:\n\n:\n\n:\n\n:\n\n:\n\n:\n\n:\n\n:\n\n:\n\n:\n\n:\n\n:\n\n:\n\n:\n\n:\n\n:\n\n:\n\n:\n\n:\n\n:\n\n:\n\n:\n\n:\n\n:\n\n:\n\n:\n\n:\n\n:\n\n:\n\n:\n\n:\n\n:\n\n:\n\n:\n\n:\n\n:\n\n:\n\n:\n\n:\n\n:\n\n:\n\n:\n\n:\n\n:\n\n:\n\n:\n\n:\n\n:\n\n:\n\n:\n\n:\n\n:\n\n:\n\n:\n\n:\n\n:\n\n:\n\n:\n\n:\n\n:\n\n:\n\n:\n\n:\n\n:\n\n:\n\n:\n\n:\n\n:\n\n:\n\n:\n\n:\n\n:\n\n:\n\n:\n\n:\n\n:\n\n:\n\n:\n\n:\n\n:\n\n:\n\n:\n\n:\n\n:\n\n:\n\n:\n\n:\n\n:\n\n:\n\n:\n\n:\n\n:\n\n:\n\n:\n\n:\n\n:\n\n:\n\n:\n\n:\n\n:\n\n:\n\n:\n\n:\n\n:\n\n:\n\n:\n\n:\n\n:\n\n:\n\n:\n\n:\n\n:\n\n:\n\n:\n\n:\n\n:\n\n:\n\n:\n\n:\n\n:\n\n:\n\n:\n\n:\n\n:\n\n:\n\n:\n\n:\n\n:\n\n:\n\n:\n\n:\n\n:\n\n:\n\n:\n\n:\n\n:\n\n:\n\n:\n\n:\n\n:\n\n:\n\n:\n\n:\n\n:\n\n:\n\n:\n\n:\n\n:\n\n:\n\n:\n\n:\n\n:\n\n:\n\n:\n\n:\n\n:\n\n:\n\n:\n\n:\n\n:\n\n:\n\n:\n\n:\n\n:\n\n:\n\n:\n\n:\n\n:\n\n:\n\n:\n\n:\n\n:\n\n:\n\n:\n\n:\n\n:\n\n:\n\n:\n\n:\n\n:\n\n:\n\n:\n\n:\n\n:\n\n:\n\n:\n\n:\n\n:\n\n:\n\n:\n\n:\n\n:\n\n:\n\n:\n\n:\n\n:\n\n:\n\n:\n\n:\n\n:\n\n:\n\n:\n\n:\n\n:\n\n:\n\n:\n\n:\n\n:\n\n:\n\n:\n\n:\n\n:\n\n:\n\n:\n\n:\n\n:\n\n:\n\n:\n\n:\n\n:\n\n:\n\n:\n\n:\n\n:\n\n:\n\n:\n\n:\n\n:\n\n:\n\n:\n\n:\n\n:\n\n:\n\n:\n\n:\n\n:\n\n:\n\n:\n\n:\n\n:\n\n:\n\n:\n\n:\n\n:\n\n:\n\n:\n\n:\n\n:\n\n:\n\n:\n\n:\n\n:\n\n:\n\n:\n\n:\n\n:\n\n:\n\n:\n\n:\n\n:\n\n:\n\n:\n\n:\n\n:\n\n:\n\n:\n\n:\n\n:\n\n:\n\n:\n\n:\n\n:\n\n:\n\n:\n\n:\n\n:\n\n:\n\n:\n\n:\n\n:\n\n:\n\n:\n\n:\n\n:\n\n:\n\n:\n\n:\n\n:\n\n:\n\n:\n\n:\n\n:\n\n:\n\n:\n\n:\n\n:\n\n:\n\n:\n\n:\n\n:\n\n:\n\n:\n\n:\n\n:\n\n:\n\n:\n\n:\n\n:\n\n:\n\n:\n\n:\n\n:\n\n:\n\n:\n\n:\n\n:\n\n:\n\n:\n\n:\n\n:\n\n:\n\n:\n\n:\n\n:\n\n:\n\n:\n\n:\n\n:\n\n:\n\n:\n\n:\n\n:\n\n:\n\n:\n\n:\n\n:\n\n:\n\n:\n\n:\n\n:\n\n:\n\n:\n\n:\n\n:\n\n:\n\n:\n\n:\n\n:\n\n:\n\n:\n\n:\n\n:\n\n:\n\n:\n\n:\n\n:\n\n:\n\n:\n\n:\n\n:\n\n:\n\n:\n\n:\n\n:\n\n:\n\n:\n\n:\n\n:\n\n:\n\n:\n\n:\n\n:\n\n:\n\n:\n\n:\n\n:\n\n:\n\n:\n\n:\n\n:\n\n:\n\n:\n\n:\n\n:\n\n:\n\n:\n\n:\n\n:\n\n:\n\n:\n\n:\n\n:\n\n:\n\n:\n\n:\n\n:\n\n:\n\n:\n\n:\n\n:\n\n:\n\n:\n\n:\n\n:\n\n:\n\n:\n\n:\n\n:\n\n:\n\n:\n\n:\n\n:\n\n:\n\n:\n\n:\n\n:\n\n:\n\n:\n\n:\n\n:\n\n:\n\n:\n\n:\n\n:\n\n:\n\n:\n\n:\n\n:\n\n:\n\n:\n\n:\n\n:\n\n:\n\n:\n\n:\n\n:\n\n:\n\n:\n\n:\n\n:\n\n:\n\n:\n\n:\n\n:\n\n:\n\n:\n\n:\n\n:\n\n:\n\n:\n\n:\n\n:\n\n:\n\n:\n\n:\n\n:\n\n:\n\n:\n\n:\n\n:\n\n:\n\n:\n\n:\n\n:\n\n:\n\n:\n\n:\n\n:\n\n:\n\n:\n\n:\n\n:\n\n:\n\n:\n\n:\n\n:\n\n:\n\n:\n\n:\n\n:\n\n:\n\n:\n\n:\n\n:\n\n:\n\n:\n\n:\n\n:\n\n:\n\n:\n\n:\n\n:\n\n:\n\n:\n\n:\n\n:\n\n:\n\n:\n\n:\n\n:\n\n:\n\n:\n\n:\n\n:\n\n:\n\n:\n\n:\n\n:\n\n:\n\n:\n\n:\n\n:\n\n:\n\n:\n\n:\n\n:\n\n:\n\n:\n\n:\n\n:\n\n:\n\n:\n\n:\n\n:\n\n:\n\n:\n\n:\n\n:\n\n:\n\n:\n"
    },
    "19": {
      "summary": "1 = Verify(\"Kurt Russell played the USA coach in the film {answer_1}.\") label = Predict(fact_1)\n\n# The claim is that Along with the New York Islanders and the New York Rangers, the New Jersey Devils NFL franchise is popular in the New York metropolitan area. def program(): fact_1 = Verify(\"The New York Islanders and the New York Rangers are popular in the New York metropolitan area.\") fact_2 = Verify(\"The New Jersey Devils NFL franchise is popular in the New York metropolitan area.\") label = Predict(fact_1 and fact_2)\n\n# The claim is that Jack McFarland is the best known role of the host of the 64th Annual Tony Awards. def program(): answer_1 = Question(\"Who is the host of the 64th Annual Tony Awards?\") fact_1 = Verify(f\"Jack McFarland is the best known role of {answer_1}.\") label = Predict(fact_1)\n\n# The claim is that The song recorded by Fergie that was produced by Polow da Don and was followed by Life Goes On was M.I.L.F.$ def program(): fact_1 = Verify(\"M.I.L.F.$ was recorded by Fergie that was produced by Polow da Don.\") fact_2 = Verify(\"M.I.L.F.$ was was followed by Life Goes On.\") label = Predict(fact_1 and fact_2)\n\n# The claim is that Eatza Pizza and Your Pie were not founded in the same state. def program(): answer_1 = Question(\"Which state was Eatza Pizza founded in?\") answer_2 = Question(\"Which state was Your Pie founded in?\") fact_1 = Verify(f\"{answer_1} and {answer_2} are not the same state.\") label = Predict(fact_1)\n\n# The claim is that Gregg Rolie and Rob Tyner, are not a keyboardist. def program(): fact_1 = Verify(\"Gregg Rolie is not a keyboardist.\") fact_2 = Verify(\"Rob Tyner is not a keyboardist.\") label = Predict(fact_1 and fact_2)\n\n# The claim is that Maria Esther Andion Bueno, not Jimmy Connors, is the player that is from Brazil. def program(): fact_1 = Verify(\"Maria Esther Andion Bueno is from Brazil.\") fact_2 = Verify(\"Jimmy Connors is not from Brazil.\") label = Predict(fact_1 and fact_2)\n\n# The claim is that Vladimir Igorevich Arnold died aft"
    },
    "20": {
      "summary": " The claim is that Thomas Loren Friedman has won more Pulitzer Prizes than Colson Whitehead.\ndef program():\n    answer_1 = Question(\"How many Pulitzer Prizes has Thomas Loren Friedman won?\")\n    answer_2 = Question(\"How many Pulitzer Prizes has Colson Whitehead won?\")\n    fact_1 = Verify(f\"({answer_1}) is more than {answer_2}.\")\n    label = Predict(fact_1)\n\n# The claim is that the model of car Trevor Bayne drives was introduced for model year 2006. The Rookie of The Year in the 1997 CART season drives it in the NASCAR Sprint Cup.\ndef program():\n    answer_1 = Question(\"Which model of car is drived by Trevor Bayne?\")\n    fact_1 = Verify(f\"({answer_1}) was introduced for model year 2006.\")\n    answer_2 = Question(\"Who is the Rookie of The Year in the 1997 CART season?\")\n    fact_2 = Verify(f\"({answer_2}) drives the model of car Trevor Bayne drives in the NASCAR Sprint Cup.\")\n    label = predict(fact_1 and fact_2)\n\n# The claim is that <input_claim>\ndef program():\n\nListing 1: The prompt used for Program Generation for HOVER."
    },
    "21": {
      "summary": "1\n\n:\n\n:\n\n:\n\n:\n\n:\n\n:\n\n:\n\n:\n\n:\n\n:\n\n:\n\n:\n\n:\n\n:\n\n:\n\n:\n\n:\n\n:\n\n:\n\n:\n\n:\n\n:\n\n:\n\n:\n\n:\n\n:\n\n:\n\n:\n\n:\n\n:\n\n:\n\n:\n\n:\n\n:\n\n:\n\n:\n\n:\n\n:\n\n:\n\n:\n\n:\n\n:\n\n:\n\n:\n\n:\n\n:\n\n:\n\n:\n\n:\n\n:\n\n:\n\n:\n\n:\n\n:\n\n:\n\n:\n\n:\n\n:\n\n:\n\n:\n\n:\n\n:\n\n:\n\n:\n\n:\n\n:\n\n:\n\n:\n\n:\n\n:\n\n:\n\n:\n\n:\n\n:\n\n:\n\n:\n\n:\n\n:\n\n:\n\n:\n\n:\n\n:\n\n:\n\n:\n\n:\n\n:\n\n:\n\n:\n\n:\n\n:\n\n:\n\n:\n\n:\n\n:\n\n:\n\n:\n\n:\n\n:\n\n:\n\n:\n\n:\n\n:\n\n:\n\n:\n\n:\n\n:\n\n:\n\n:\n\n:\n\n:\n\n:\n\n:\n\n:\n\n:\n\n:\n\n:\n\n:\n\n:\n\n:\n\n:\n\n:\n\n:\n\n:\n\n:\n\n:\n\n:\n\n:\n\n:\n\n:\n\n:\n\n:\n\n:\n\n:\n\n:\n\n:\n\n:\n\n:\n\n:\n\n:\n\n:\n\n:\n\n:\n\n:\n\n:\n\n:\n\n:\n\n:\n\n:\n\n:\n\n:\n\n:\n\n:\n\n:\n\n:\n\n:\n\n:\n\n:\n\n:\n\n:\n\n:\n\n:\n\n:\n\n:\n\n:\n\n:\n\n:\n\n:\n\n:\n\n:\n\n:\n\n:\n\n:\n\n:\n\n:\n\n:\n\n:\n\n:\n\n:\n\n:\n\n:\n\n:\n\n:\n\n:\n\n:\n\n:\n\n:\n\n:\n\n:\n\n:\n\n:\n\n:\n\n:\n\n:\n\n:\n\n:\n\n:\n\n:\n\n:\n\n:\n\n:\n\n:\n\n:\n\n:\n\n:\n\n:\n\n:\n\n:\n\n:\n\n:\n\n:\n\n:\n\n:\n\n:\n\n:\n\n:\n\n:\n\n:\n\n:\n\n:\n\n:\n\n:\n\n:\n\n:\n\n:\n\n:\n\n:\n\n:\n\n:\n\n:\n\n:\n\n:\n\n:\n\n:\n\n:\n\n:\n\n:\n\n:\n\n:\n\n:\n\n:\n\n:\n\n:\n\n:\n\n:\n\n:\n\n:\n\n:\n\n:\n\n:\n\n:\n\n:\n\n:\n\n:\n\n:\n\n:\n\n:\n\n:\n\n:\n\n:\n\n:\n\n:\n\n:\n\n:\n\n:\n\n:\n\n:\n\n:\n\n:\n\n:\n\n:\n\n:\n\n:\n\n:\n\n:\n\n:\n\n:\n\n:\n\n:\n\n:\n\n:\n\n:\n\n:\n\n:\n\n:\n\n:\n\n:\n\n:\n\n:\n\n:\n\n:\n\n:\n\n:\n\n:\n\n:\n\n:\n\n:\n\n:\n\n:\n\n:\n\n:\n\n:\n\n:\n\n:\n\n:\n\n:\n\n:\n\n:\n\n:\n\n:\n\n:\n\n:\n\n:\n\n:\n\n:\n\n:\n\n:\n\n:\n\n:\n\n:\n\n:\n\n:\n\n:\n\n:\n\n:\n\n:\n\n:\n\n:\n\n:\n\n:\n\n:\n\n:\n\n:\n\n:\n\n:\n\n:\n\n:\n\n:\n\n:\n\n:\n\n:\n\n:\n\n:\n\n:\n\n:\n\n:\n\n:\n\n:\n\n:\n\n:\n\n:\n\n:\n\n:\n\n:\n\n:\n\n:\n\n:\n\n:\n\n:\n\n:\n\n:\n\n:\n\n:\n\n:\n\n:\n\n:\n\n:\n\n:\n\n:\n\n:\n\n:\n\n:\n\n:\n\n:\n\n:\n\n:\n\n:\n\n:\n\n:\n\n:\n\n:\n\n:\n\n:\n\n:\n\n:\n\n:\n\n:\n\n:\n\n:\n\n:\n\n:\n\n:\n\n:\n\n:\n\n:\n\n:\n\n:\n\n:\n\n:\n\n:\n\n:\n\n:\n\n:\n\n:\n\n:\n\n:\n\n:\n\n:\n\n:\n\n:\n\n:\n\n:\n\n:\n\n:\n\n:\n\n:\n\n:\n\n:\n\n:\n\n:\n\n:\n\n:\n\n:\n\n:\n\n:\n\n:\n\n:\n\n:\n\n:\n\n:\n\n:\n\n:\n\n:\n\n:\n\n:\n\n:\n\n:\n\n:\n\n:\n\n:\n\n:\n\n:\n\n:\n\n:\n\n:\n\n:\n\n:\n\n:\n\n:\n\n:\n\n:\n\n:\n\n:\n\n:\n\n:\n\n:\n\n:\n\n:\n\n:\n\n:\n\n:\n\n:\n\n:\n\n:\n\n:\n\n:\n\n:\n\n:\n\n:\n\n:\n\n:\n\n:\n\n:\n\n:\n\n:\n\n:\n\n:\n\n:\n\n:\n\n:\n\n:\n\n:\n\n:\n\n:\n\n:\n\n:\n\n:\n\n:\n\n:\n\n:\n\n:\n\n:\n\n:\n\n:\n\n:\n\n:\n\n:\n\n:\n\n:\n\n:\n\n:\n\n:\n\n:\n\n:\n\n:\n\n:\n\n:\n\n:\n\n:\n\n:\n\n:\n\n:\n\n:\n\n:\n\n:\n\n:\n\n:\n\n:\n\n:\n\n:\n\n:\n\n:\n\n:\n\n:\n\n:\n\n:\n\n:\n\n:\n\n:\n\n:\n\n:\n\n:\n\n:\n\n:\n\n:\n\n:\n\n:\n\n:\n\n:\n\n:\n\n:\n\n:\n\n:\n\n:\n\n:\n\n:\n\n:\n\n:\n\n:\n\n:\n\n:\n\n:\n\n:\n\n:\n\n:\n\n:\n\n:\n\n:\n\n:\n\n:\n\n:\n\n:\n\n:\n\n:\n\n:\n\n:\n\n:\n\n:\n\n:\n\n:\n\n:\n\n:\n\n:\n\n:\n\n:\n\n:\n\n:\n\n:\n\n:\n\n:\n\n:\n\n:\n\n:\n\n:\n\n:\n\n:\n\n:\n\n:\n\n:\n\n:\n\n:\n\n:\n\n:\n\n:\n\n:\n\n:\n\n:\n\n:\n\n:\n\n:\n\n:\n\n:\n\n:\n\n:\n\n:\n\n:\n\n:\n\n:\n\n:\n\n:\n\n:\n\n:\n\n:\n\n:\n\n:\n\n:\n\n:\n\n:\n\n:\n\n:\n\n:\n\n:\n\n:\n\n:\n\n:\n\n:\n\n:\n\n:\n\n:\n\n:\n\n:\n\n:\n\n:\n\n:\n\n:\n\n:\n\n:\n\n:\n\n:\n\n:\n\n:\n\n:\n\n:\n\n:\n\n:\n\n:\n\n:\n\n:\n\n:\n\n:\n\n:\n\n:\n\n:\n\n:\n\n:\n\n:\n\n:\n\n:\n\n:\n\n:\n\n:\n\n:\n\n:\n\n:\n\n:\n\n:\n\n:\n"
    },
    "22": {
      "summary": " United States, and the world amateur welterweight title in Mexico City.\n\ndef program():\n    fact_1 = Verify(\"Alfredo Cornejo Cuevas is a former Chilean boxer.\")\n    fact_2 = Verify(\"Alfredo Cornejo won the gold medal in the welterweight division at the Pan American Games.\")\n    fact_3 = Verify(\"The Pan American Games was held in Chicago, United States, from August 27 to September 7.\")\n    fact_4 = Verify(\"Alfredo Cornejo won the world amateur welterweight title in Mexico City.\")\n    label = Predict(fact_1 and fact_2 and fact_3 and fact_4)\n\n# The claim is that Adductor hiatus is associated with nine structures, seven of which enter and leave through hiatus.\n\ndef program():\n    fact_1 = Verify(\"Adductor hiatus is associated with nine structures.\")\n    fact_2 = Verify(\"Seven of the nine structures associated with Adductor hiatus enter and leave through hiatus.\")\n    label = Predict(fact_1 and fact_2)\n\n# The claim is that Ifor Bowen Lloyd was educated at Winchester (an independent boarding school for boys in the British public school tradition) and Exeter College, Oxford where he was a member of the Library Committee of the Oxford Union Society, as well as, received a BA in Modern History in 1924.\n\ndef program():\n    fact_1 = Verify(\"Ifor Bowen Lloyd was educated at Winchester and Exeter College, Oxford.\")\n    fact_2 = Verify(\"Winchester is an independent boarding school for boys in the British public school tradition.\")\n    fact_3 = Verify(\"While at Oxford, Ifor Bowen Lloyd was a member of the Library Committee of the Oxford Union Society.\")\n    fact_4 = Verify(\"Ifor Bowen Lloyd received a BA in Modern History in 1924 at Oxford.\")\n    label = Predict(fact_1 and fact_2 and fact_3 and fact_4)\n\n# The claim is that In the 2001 Stanley Cup playoffs Eastern Conference Semifinals Devils' Elias scored and Maple Leafs' left Devils player Scott Neidermayer hurt.\n\ndef program():\n    fact_1 = Verify(\"In the 2001 Stanley Cup playoffs Eastern Conference Semifinals Devils' Elias sco"
    },
    "23": {
      "summary": "0.5cm, 0.5cm\n\n**ACL 2023 Responsible NLP Checklist**\n\n**A For every submission:**\n\n- A1. Did you describe the limitations of your work?\n  *Line 587 - 620*\n\n- A2. Did you discuss any potential risks of your work?\n  *Line 626 - 630*\n\n- A3. Do the abstract and introduction summarize the paper’s main claims?\n  *Line 67 - 86*\n\n- A4. Have you used AI writing assistants when working on this paper?\n  *Left blank.*\n\n**B Did you use or create scientific artifacts?**\n\n*Line 327 - 352*\n\n- B1. Did you cite the creators of artifacts you used?\n  *Line 328 - 329*\n\n- B2. Did you discuss the license or terms for use and / or distribution of any artifacts?\n  *Not applicable. The datasets used in this paper are publicly available datasets from existing works.*\n\n- B3. Did you discuss if your use of existing artifact(s) was consistent with their intended use, provided that it was specified? For the artifacts you create, do you specify intended use and whether that is compatible with the original access conditions (in particular, derivatives of data accessed for research purposes should not be used outside of research contexts)?\n  *Line 327 - 344*\n\n- B4. Did you discuss the steps taken to check whether the data that was collected / used contains any information that names or uniquely identifies individual people or offensive content, and the steps taken to protect / anonymize it?\n  *Not applicable. Left blank.*\n\n- B5. Did you provide documentation of the artifacts, e.g., coverage of domains, languages, and linguistic phenomena, demographic groups represented, etc.?\n  *Not applicable. Left blank.*\n\n- B6. Did you report relevant statistics like the number of examples, details of train / test / dev splits, etc. for the data that you used / created? Even for commonly-used benchmark datasets, include the number of examples in train / validation / test splits, as these provide necessary context for a reader to understand experimental results. For example, small differences in accuracy on large "
    },
    "24": {
      "summary": " C2. Did you discuss the experimental setup, including hyperparameter search and best-found hyperparameter values?  \nAppendix A\n\n:  C3. Did you report descriptive statistics about your results (e.g., error bars around results, summary statistics from sets of experiments), and is it transparent whether you are reporting the max, mean, etc. or just a single run?  \nAppendix A\n\n:  C4. If you used existing packages (e.g., for preprocessing, for normalization, or for evaluation), did you report the implementation, model, and parameter settings used (e.g., NLTK, Spacy, ROUGE, etc.)?  \nNot applicable. Left blank.\n\nD  Did you use human annotators (e.g., crowdworkers) or research with human participants?  \nLeft blank.\n\n:  D1. Did you report the full text of instructions given to participants, including e.g., screenshots, disclaimers of any risks to participants or annotators, etc.?  \nNot applicable. Left blank.\n\n:  D2. Did you report information about how you recruited (e.g., crowdsourcing platform, students) and paid participants, and discuss if such payment is adequate given the participants’ demographic (e.g., country of residence)?  \nNot applicable. Left blank.\n\n:  D3. Did you discuss whether and how consent was obtained from people whose data you’re using/curating? For example, if you collected data via crowdsourcing, did your instructions to crowdworkers explain how the data would be used?  \nNot applicable. Left blank.\n\n:  D4. Was the data collection protocol approved (or determined exempt) by an ethics review board?  \nNot applicable. Left blank.\n\n:  D5. Did you report the basic demographic and geographic characteristics of the annotator population that is the source of the data?  \nNot applicable. Left blank."
    }
  }
}
