{
  "doc_id": "2024.ug.eprospectus.pdf",
  "pages": {
    "1": {
      "summary": "2023\n\n**NANYANG**\n**TECHNOLOGICAL**\n**UNIVERSITY**\n**SINGAPORE**\n\n\n# Undergraduate\n Prospectus"
    },
    "2": {
      "summary": "2\n\n**TOP 10 REASONS WHY NTU SMART CAMPUS IS FOR YOU**\n\n**BE AMONG THE TOP RANKED**\n\n**NURTURING TALENT FOR THE GOOD**\n\n**A TRANSFORMATIVE LEARNING JOURNEY**\n\n**PREMIER SCHOLARS PROGRAMMES**\n\nRenaisance Engineering Programme (REP)\n\nNTU-University Scholars Programme (NTU-USP)\n\nCN Yang Scholars Programme (CNYSP)\n\nNTU-NIE Teaching Scholars Programme (TSP)\n\n**OTHER PROGRAMMES**\n\nUndergraduate Research Experience On Campus (URECA)\n\nMinor Programmes\n\n**COLLEGE OF ENGINEERING**\n\nSchool of Computer Science and Engineering\n\nSchool of Electrical and Electronic Engineering\n\nSchool of Civil and Environmental Engineering\n\nSchool of Mechanical and Aerospace Engineering\n\nSchool of Chemistry, Chemical Engineering and Biotechnology\n\nSchool of Materials Science and Engineering\n\n**COLLEGES OF HUMANITIES, ARTS AND SOCIAL SCIENCES**\n\nSchool of Art, Design and Media\n\nSchool of Humanities\n\nSchool of Social Sciences\n\nWee Kinn Wee School of Communication and Information\n\n**COLLEGES OF SCIENCE**\n\nAsian School of the Environment\n\nSchool of Biological Sciences\n\nSchool of Chemistry, Chemical Engineering and Biotechnology\n\nSchool of Physical and Mathematical Sciences\n\n**LEE KONG CHIAN SCHOOL OF MEDICINE**\n\n**NANYANG BUSINESS SCHOOL**\n\nNATIONAL INSTITUTE OF EDUCATION\n\n**COLLEGES OF SCIENCE**\n\nAsian School of the Environment\n\nSchool of Biological Sciences\n\nSchool of Chemistry, Chemical Engineering and Biotechnology\n\nSchool of Physical and Mathematical Sciences\n\n**LEE KONG CHIAN SCHOOL OF MEDICINE**\n\n**NANYANG BUSINESS SCHOOL**\n\nNATIONAL INSTITUTE OF EDUCATION"
    },
    "3": {
      "summary": "10\n\nREASONS WHY\nNTU SMART\nCAMPUS\nIS FOR YOU\n\n3\n\nIndustry-ready\nTake advantage of work-study programmes\nthat integrate classroom learning with on-the-\njob training.\n\n4\n\nInternship in Research\nRealise your passion for research with over 200 industry\ncollaborators including those with labs on campus such\nas Delta Electronics, Saab and Rolls-Royce.\n\n5\n\nInterdisciplinary Learning\nLearn across disciplines, acquire multiple skills\nand develop versatility for new career demands.\n\n6\n\nGlobal Exposure\nSpread your wings and go places through\noverseas exchange, internships, field trips,\ncompetitions and more.\n\n7\n\nBe Among the Top Ranked\nDiscover your strengths at a university placed\namong the best in the world.\n\n8\n\nPrestigious Scholarships and\nComprehensive Financial Aid\nMaximise your potential with various\nscholarship and financial aid options.\n\n9\n\nMost Beautiful Campus\nThe University’s main campus is frequently\nlisted among the Top 15 most beautiful\nuniversity campuses in the world.\n\n10\n\nVibrant Campus Life\nChoose from a variety of\naccommodation options,\ndiscover new passions and\ninterests, pick from over 200\nstudent organisations, and\nenjoy numerous sports and\nrecreational facilities."
    },
    "4": {
      "summary": "26th\n\nQS WORLD UNIVERSITY RANKINGS\n\n1st\n\nTIMES HIGHER EDUCATION YOUNG UNIVERSITY RANKINGS\n\nBUSINESS & MANAGEMENT STUDIES\n\nCHEMISTRY\n\nENGLISH\n\nCOMPUTER SCIENCE\n\nU.S. NEWS WORLD & ASIA 1st\n\nQS WORLD UNIVERSITY RANKINGS BY SUBJECT\n\nASIA 2nd\n\nACCOUNTING & FINANCE\n\nQS WORLD UNIVERSITY RANKINGS BY SUBJECT\n\nASIA 3rd\n\nPOLITICS\n\nQS WORLD UNIVERSITY RANKINGS BY SUBJECT\n\nASIA 2nd\n\nSTATISTIC & OPERATIONAL RESEARCH\n\nQS WORLD UNIVERSITY RANKINGS BY SUBJECT\n\nASIA 3rd\n\nAUTOMATION & CONTROL\n\nSHANGHAIRANKING\n\nASIA 2nd\n\nBUSINESS & MANAGEMENT STUDIES\n\nQS WORLD UNIVERSITY RANKINGS BY SUBJECT\n\nASIA 2nd\n\nENGINEERING & TECHNOLOGY\n\nU.S. NEWS WORLD & ASIA 2nd\n\nCHEMICAL ENGINEERING\n\nQS WORLD UNIVERSITY RANKINGS BY SUBJECT\n\nASIA 3rd\n\nCIVIL & STRUCTURAL\n\nQS WORLD UNIVERSITY RANKINGS BY SUBJECT\n\nASIA 3rd\n\nENVIRONMENTAL SCIENCE\n\nQS WORLD UNIVERSITY RANKINGS BY SUBJECT\n\nASIA 3rd\n\nLIBRARY & INFORMATION MANAGEMENT\n\nQS WORLD UNIVERSITY RANKINGS BY SUBJECT\n\nASIA 1st\n\nCOMMUNICATION\n\nQS WORLD UNIVERSITY RANKINGS BY SUBJECT\n\nASIA 1st\n\nMECHANICAL, AERONAUTICAL & MANUFACTURING\n\nQS WORLD UNIVERSITY RANKINGS BY SUBJECT\n\nASIA 2nd\n\nEDUCATION\n\nQS WORLD UNIVERSITY RANKINGS BY SUBJECT\n\nASIA 2nd\n\nSTATISTIC & OPERATIONAL RESEARCH\n\nQS WORLD UNIVERSITY RANKINGS BY SUBJECT\n\nASIA 3rd"
    },
    "5": {
      "summary": " NURTURING TALENT FOR THE GOOD\n\nNTU fosters an environment that promotes learning and empowers you to nurture your skills in the service of making the world a better place. As part of your holistic education, you will learn to:\n\n→ STAND OUT and be self-possessed individuals who seek excellence in every endeavour\n\n→ have a strong sense of purpose and utilise your talents to STAND UP for worthy causes\n\n→ develop a positive attitude and a STANDPOINT that seeks to build, unite and heal\n\nTo support students who display a strong set of skills in the arts, sports and community-building, NTU offers these programmes:\n\n**NTU TALENT SCHOLARSHIP (TS)**\n\n- Designed to aid you in developing your non-academic strengths\n- Expands the definition of success beyond grades\n- Provides opportunities to realise your potential\n\n**BENEFITS**\n\n- Full coverage of subsidised tuition fees\n- Living allowance of $56,500 per academic year\n- Accommodation allowance of up to $52,000 per academic year (on-campus)\n- One-off computer allowance of $51,750\n- $55,000 grant to participate in competitions or to create social initiatives for the community\n\n**NTU STUDENT TALENT DEVELOPMENT PROGRAMME (STDP)**\n\n- Empowers you to hone your skills to make a difference\n- Offers curated programmes to develop competencies relevant to your advocacies\n- Familiarises you with industries/institutions related to the paths you wish to pursue\n\n**TECH DISRUPTOR**\n\nLearn how disruptive technologies and innovations such as artificial intelligence (AI), data analytics, FinTech and cloud computing can digitally transform industries, improve organisations, and enhance the quality of life in communities.\n\n**INNOVATION ENTREPRENEUR**\n\nTurn research innovations into great business ideas or your very own start-up, and uncover opportunities that can solve pressing challenges that organisations, societies and countries face today.\n\n**ECO CHAMPION**\n\nLeverage your education to combat climate change, poverty, and inequality, and advocat"
    },
    "6": {
      "summary": " A TRANSFORMATIVE LEARNING JOURNEY\n\nYOUR 4 YEARS AT NTU\n\nAt NTU, the possibilities are endless when it comes to your pursuit of becoming the best version of yourself. Being in one of the world’s highly-recognised, research-intensive, diversity-embracing universities, you will:\n\n→ BE INSPIRED TO BE A TRAILBLAZER\n→ DISCOVER THE LEADER IN YOU\n→ GAIN A GLOBAL PERSPECTIVE\n→ MASTER FUTURE-READY SKILLS\n→ BUILD LIFELONG FRIENDSHIPS\n→ CULTIVATE A DIVERSE NETWORK\n\nNTU offers plenty of opportunities to enrich your learning journey as a student, as a professional, and as a person. Here’s an overview of how you can make the most of your 4 years of holistic education:\n\n**YEAR 1**\n\n- Start your NTU learning journey with the Transition and Orientation Programme\n- Complement your studies with different CCAs and Volunteer Programmes\n- Gain interdisciplinary knowledge and skills with NTU Interdisciplinary Collaborative Core Courses\n- Hone your leadership skills through the Student Leadership Development Programme - Foundational Leadership\n- Meet your career coach Identify your career goals, personal strengths and skills\n- Attend company visits and job shadowing programmes Understand more about the industry\n- Discover your future with GEM Discoverer short-term summer or winter programmes\n\n**YEAR 2**\n\n- Attend career & employability skills workshop Equipped yourself with career-savvy skills\n- Learn beyond your classroom with GEM Explorer – Semester Global Exchange\n- Develop research capabilities with university-wide Undergraduate Research Experience on Campus (URECA) Programme\n- Participate in hackathons and industry projects Develop industry skills and networks\n- Discover your future with GEM Discoverer short-term summer or winter programmes\n\n**YEAR 3**\n\n- Embark on credit bearing/global internship\n- Participate in mentorship programmes Be mentored by alumni and industry professionals\n\n**YEAR 4**\n\n- Kickstart your job application\n- Attend recruitment events and career fairs Network wit"
    },
    "7": {
      "summary": "①\n\nABOUT\n\nThe Renaissance Engineering Programme (REP) grooms enterprising engineering leaders who are ready to make an impact on the world stage. Our integrated and fully residential programme covers a broad spectrum of multidisciplinary subjects bridging engineering, business and humanities.\n\nAs a REP scholar, you can spend one year overseas at a renowned partner university, including a mandatory Professional Attachment in the United States, Europe or Singapore. This four-and-a-half-year dual-degree programme comprises Bachelor of Engineering Science (with specialisation in a chosen engineering discipline) awarded by the College of Engineering, and Master of Science in Technology Management, awarded by the Nanyang Business School.\n\nPROGRAMME FEATURES\n\n- Team-based learning pedagogy\n- Leadership and Entrepreneurship development\n- Taught by top faculty (REP Fellows)\n- Residential experience and student life\n\nGLADYS PHUA MIN\nCommunication Studies, Year 2\n\nNTU-UNIVERSITY SCHOLARS PROGRAMME (NTU-USP)\n\nABOUT\n\nThe NTU-University Scholars Programme (NTU-USP) aims to develop future independent thinkers and empathetic leaders with a global mindset.\n\nAs an NTU-USP scholar, you will form part of a truly interdisciplinary, strongly intellectual, highly supportive community designed to prepare you for a wide array of personal and professional endeavours. You will benefit from a special curriculum that exposes you to international perspectives, enhances your creative thinking, and encourages critical reflection. You will learn from small discussion-based seminars with top faculty, thought-provoking modules, a lively student club and overseas travel opportunities.\n\nPROGRAMME FEATURES\n\n- Semester-long Study Abroad programme\n- Overseas student symposium\n- Week-long overseas research under Fieldwork and Documentation module\n- Elective with travel component"
    },
    "8": {
      "summary": "①\n\n**ABOUT**\n\nThe CN Yang Scholars Programme\n(CNYSP) nurtures future leaders at the\ninterface of science and engineering,\nwith a focus on technological innovation\nand scientific communication.\n\nThrough CNYSP, you will acquire\nskills that will make you a better\ninnovator such as research, making-\nand-tinkering, academic writing and\ncommunication, among many others.\nYou will also get to learn beyond the\nclassroom, through conferences and\ninternship opportunities.\n\n**PROGRAMME**\n**FEATURES**\n\n- **Research attachment opportunities**\nfrom Year 1\n\n- **Financial support to undertake**\noverseas research projects in the\nfinal year\n\n- **Option to pursue postgraduate**\nstudy (PhD) with scholarship in\nNTU or Joint PhD overseas\n\n**ABOUT**\n\nThe NTU-NIE Teaching Scholars\nProgramme (TSP) augments the four-\nyear Double Major Programme that\naims to nurture a new generation of\nwell-rounded, passionate, inspiring\neducators.\n\nFocusing on content mastery,\npedagogical knowledge, and\ntheory-practice nexus, TSP’s multi-\ndisciplinary curriculum will give you\nthe opportunity to develop intellectual\nrigour, leadership skills and a global\nperspective.\n\n**PROGRAMME**\n**FEATURES**\n\n- Academic and educational research\n\n- Dedicated academic advisors\n\n- Opportunities to take Masters\nlevel courses\n\n- Minor in second academic subject\n\n\nELIJAH ADAM BIN ABDUL HAADY ALDRIN\nChemistry & Biological Chemistry, Year 1\n\nCN YANG\nSCHOLARS\nPROGRAMME (CNYSP)\n\n12\n\n\nNTU-NIE\nTEACHING\nSCHOLARS\nPROGRAMME (TSP)\n\nf"
    },
    "9": {
      "summary": "2023\n\n**Discover**\n**URECA**\n\n\n**MINOR**\n**PROGRAMMES**\n\nWith more than 45 minors to choose from, you will be able to broaden your\nknowledge and acquire a diverse set of skills beyond your disciplines.\n\n**LIST OF MINORS**\n\n- Applied Physics\n\n- Archaeology\n\n- Art History\n\n- Artificial Intelligence\n\n- Business\n\n- Chemistry and Biological Chemistry\n\n- Chinese\n\n- Chinese Creative Writing\n\n- Communication Studies\n\n- Computing and Data Analysis\n\n- Creative Writing\n\n- Design and Systems Thinking\n\n- Digitalisation and Data Analytics\n\n- Drama and Performance\n\n- Early Childhood Education\n\n- Economics\n\n- Education Studies\n\n- English Language\n\n- English\n\n- Entrepreneurship\n\n- Environmental Humanities\n\n- Environmental Management\n\n- Film\n\n- Finance\n\n- Gender and Diversity Studies\n\n- Geography and Urban Studies\n\n\n\n- Global Asia\n\n- Health and Society\n\n- History\n\n- International Trading\n\n- Life Sciences\n\n- Linguistics and Multilingual Studies\n\n- Mathematics\n\n- Modern Languages\n\n- Music\n\n- Philosophy\n\n- Physics\n\n- Photography\n\n- Psychology\n\n- Public Policy and Global Affairs\n\n- Risk Analytics\n\n- Science of Learning\n\n- Science, Technology and Society\n\n- Sociology\n\n- Special Needs Education\n\n- Sport Science\n\n- STEM Education\n\n- Strategic Communication\n\n- Sustainable Urban Planning\n\n- Sustainability\n\n- Systems Management\n\n- Translation\n\n- Youth Work and Guidance"
    },
    "10": {
      "summary": "2nd in the World\n\nRanked in the World Report Rankings 2023 for Engineering\n\nRanked in Asia 14th in the World\n\nQS World University Rankings 2023 for Engineering & Technology\n\n**Choose from**\n\n- 11 single degree Bachelor of Engineering programmes\n- 3 single degree Bachelor of Science programmes\n- Read a double degree, second major, or minor with choices from over 40 disciplines\n\n**WHY CHOOSE US?**\n\n**Real-World Experience**\n\nTogether with industry partners, we offer internship opportunities for you to gain practical, industry-relevant work experience.\n\n**Holistic Education**\n\nIn addition to technical competencies, we equip you with key transferable skills such as communication, analytical and entrepreneurial capabilities.\n\n**Going Places**\n\nOur Global Immersion programmes will expand your perspective, extend your networks and expose you to future opportunities.\n\n**Industry Exposure**\n\nOur Work-Study Degree Programmes integrate institutional-based learning with structured on-the-job training so you can gain deeper industry knowledge.\n\n**ABOUT**\n\nUnlock your full potential by joining one of the world’s most prestigious Engineering colleges. The College of Engineering in NTU offers a topnotch curriculum, a host of internship opportunities and a Global Immersion programme crafted to broaden your perspective and equip you for a successful career.\n\n**OUR SCHOOLS**\n\n- School of Chemistry, Chemical Engineering and Biotechnology*\n- School of Civil and Environmental Engineering\n- School of Computer Science and Engineering\n- School of Electrical and Electronic Engineering\n- School of Materials Science and Engineering\n- School of Mechanical and Aerospace Engineering\n\n*Jointly managed by College of Engineering and College of Science\n\nNote: All Bachelor of Engineering programmes are accredited by the Institution of Engineers Singapore, the Singapore signatory of the Washington Accord, through its Engineering Accreditation Board. The Washington Accord is an international agreement f"
    },
    "11": {
      "summary": "0\n\nSCHOOL OF MECHANICAL AND AEROSPACE ENGINEERING (MAE) 0\n\n**OUR ADVANTAGES**\n\n\n**ABOUT**\n\n\nConsistently ranked among the top in\ncomputer science and engineering,\nSCSE is the place for you to pursue\ninnovative interdisciplinary programmes\nsuch as the double degree in Business\n& Computing and the Data Science and\nArtificial Intelligence (DSAI) degree, or\nseveral new programmes that combine\ncomputing and data science with fields\nlike FinTech, Economics and Social\nSciences.\n\n**SCHOOL OF ELECTRICAL AND**\n**ELECTRONIC ENGINEERING (EEE)**\n\n\n**OUR ADVANTAGES**\n\n\nRanked No. 6 for Computer\nScience in the latest U.S. News\nBest Global Universities 2023\n\nSCSE graduates are top earners\namongst Singapore's fresh\ngraduates (MOE Graduate\nEmployment Survey 2022)\n\nListed on Forbes '10 Best AI and\nData Science Undergraduate\nCourses for 2021'\n\n\n\n\n**ABOUT**\n\n\nRanked 5th in the world by subject\n(QS World Subject ranking 2021)\n\nDiverse faculty renowned for\ntheir research and contributions\nto the field\n\nAlliances with industry leaders\nkeep our curriculum and projects\non the cutting edge\n\nFirst and only full-fledged\naerospace engineering degree in\nSingapore\n\nHome to innovative projects\nsuch as the world's first flexible\nendoscope with small robotic\nfingers, solar cars, 3D-printed\nparts, and unmanned, GPSenabled aerial vehicles\n\n**SCHOOL OF CHEMISTRY, CHEMICAL**\n**ENGINEERING AND BIOTECHNOLOGY (CCEB)**\n\n\n**OUR ADVANTAGES**\n\n\n**ABOUT**\n\n\nTake the first step into becoming\none of tomorrow's top innovators at\nEEE. With over 3,000 undergraduate\nstudents and more than 1,000 graduate\nstudents, our robust curriculum, global\nreputation for excellence, far-reaching\noverseas exchange programme and\nvibrant research environment are\ndesigned to empower you to be a true\ngame-changer.\n\n**SCHOOL OF CIVIL AND**\n**ENVIRONMENTAL ENGINEERING (CCEE)**\n\n\n**OUR ADVANTAGES**\n\n\n**ABOUT**\n\n\nAt the world's largest institution\nfor Materials Engineering, you will\nbenefit from an integrated science-\ndriven and application"
    },
    "12": {
      "summary": "4\n\n**WKWSCI is a hub**\n**where creativity**\n**merges with**\n**culture, fostering**\n**inspiration and a**\n**supportive peer**\n**network.**\n\nSETH LOW\nCommunication Studies,\nYear 4\n\n\n**COLLEGE OF**\n**HUMANITIES,**\n**ARTS AND SOCIAL**\n**SCIENCES**\n\n\n**ABOUT**\nCultivate your skills, expand your\nworldview and flourish as a person\nat CoHASS. Home to some 6,000\nundergraduate and graduate\nstudents, we offer well-balanced\nprogrammes that foster a culture of\nexcellence, intellectual rigour, global\ninsight and creativity.\n\nAt CoHASS, you can choose from\na wide range of Majors, Integrated\nSecond Majors, Second Majors,\nMinors, and an expansive list of\nmodern languages.\n\n**OUR**\n**SCHOOLS**\n\n- School of Art, Design and\nMedia\n\n- School of Humanities\n\n- School of Social Sciences\n\n- Wee Kim Wee School\nof Communication and\nInformation\n\n- Nanyang Centre for Public\nAdministration\n\n- NTU Centre for\nContemporary Art\nSingapore\n\n- Centre for Liberal Arts and\nSocial Sciences\n\n**New Programme**\n\n- Bachelor of Social Science\nin Philosophy, Politics and\nEconomics\n\n\n**WHY CHOOSE US?**\n\n**Globally-Recognised**\n\n7 CoHASS Majors are ranked\nin the world’s top 50 by the QS\nWorld University Rankings by\nSubject 2023\n\n**Multidisciplinary Excellence**\n\nOur Double Major programmes\nare designed to give you the\nopportunity to study multiple\nsubjects at an advanced level\n\n**Top-Notch Faculty**\n\nOur world-class faculty of arts,\nhumanities and social science\nscholars encourage critical\nthinking and guide you to realise\nyour potential\n\n\n**Global Perspectives**\n\nOur programmes promoting\ninternationalisation and\ncross-cultural understanding\nwill enable you to grow as a\nthoughtful citizen of the world\n\n**Communication-Focused**\n\nWe place strong emphasis on\nanalytic and communicative\ncompetence as a desired\nlearning outcome\n\n\n**COLLEGE OF**\n**HUMANITIES,**\n**ARTS AND SOCIAL**\n**SCIENCES**\n\n\n**Global Perspectives**\n\nOur programmes promoting\ninternationalisation and\ncross-cultural understanding\nwill enable you to gro"
    },
    "13": {
      "summary": "0\n\n**SCHOOL OF**\n**ART, DESIGN AND MEDIA (ADM)**\n\n**ABOUT**\n\nADM is one of Asia’s leading centres for the study and production of visual arts and creative content, where you can embark on an exciting journey across creative disciplines while specialising in your chosen field. Under the guidance of an award-winning and international faculty of artists, designers, media creators and researchers, you will be inspired in your pursuit of artistic excellence.\n\nA 15-year proven track record for nurturing creatives and producing excellent graduate\n\nDynamic, rigorous programmes designed to hone technical skills, sharpen concept development and inspire critical thinking\n\nAn iconic, award-winning school building that is home to state-of-the-art facilities and equipment\n\nInterdisciplinary educational approach that gives you flexibility in choosing modules that suit your interests and learning objectives\n\nAs an SSS@NTU undergraduate, you will gain insights from examining individuals, communities and societies, and focusing on their behaviours and interactions with one another. You can opt for a 4-year Direct Honours degree in Economics, Psychology, Public Policy & Global Affairs, and Sociology, or choose a Bachelor of Science (Honours) in Economics and Data Science programme, a collaboration between SSS@NTU and two schools in NTU’s College of Engineering & College of Science.\n\nRanked 11th in the 2022 QS World University Rankings by Subject for Social Science Management\n\nEstablishing strong connections and research collaborations with international universities\n\nUnparalleled opportunities for collaboration, skill development, improved employability, and readiness for a global workforce\n\nGreater breadth of exposure and study via Double Degree, Second Majors, Double Majors, and Minors\n\n**SCHOOL OF**\n**HUMANITIES (SOH)**\n\n**ABOUT**\n\nDelve deep into what it means to be human and the ideas and cultures that shape the human experience at SOH. We offer undergraduate degrees in Chinese, "
    },
    "14": {
      "summary": "14\n\nYears from now, I’m sure that I’ll look back on my time with SBS with great fondness.\n\nBALAJI SRINIVASAN\nBiological Sciences and Psychology, Year 4\n\nCOLLEGE OF SCIENCE\n\nABOUT\nIgnite your passion for science!\nAt NTU’s College of Science, you will develop a strong spirit of inquiry, sharpen your critical thinking skills, engage in evidence-based reasoning and hone your problem-solving skills. Learn from a seamless blend of theory, experiments, and practical applications, and build a sound foundation for your future career.\n\nOUR SCHOOLS\n• Asian School of the Environment\n• School of Biological Sciences\n• School of Chemistry, Chemical Engineering and Biotechnology\n• School of Physical and Mathematical Sciences\n\nNew Programme\n• Bachelor of Chinese Medicine\n\nBeyond-the-Classroom Learning\nIndustrial internships, overseas studies and on-the-job training in research labs to enrich students’ understanding\n\nJOIN US\nJoin the School of Biological Sciences has truly been a life-changing experience for me. Not only did the school introduce me to exceptional peers and mentors, it also offered me an avenue for self-discovery!\n\nAlthough school life can be challenging at times, I was constantly surrounded by people who motivated me with their generosity, enthusiasm and encouragement. Years from now, I’m sure that I’ll look back on my time with SBS with great fondness.\n\n— BALAJI SRINIVASAN\nBiological Sciences and Psychology, Year 4"
    },
    "15": {
      "summary": "0\n\n**OUR ADVANTAGES**\n\n\n**ABOUT**\n\nDeepen your knowledge about the most important and pressing issue of our times at ASE, an interdisciplinary school aiming to lead the world in environmental research. With a particular focus on Asian environmental challenges, the school integrates earth and environmental life science, ecology, engineering and technology, human ecology, humanities, and the social sciences to understand problems and seek sustainable solutions.\n\nOffers a single major programme in Environmental Earth Systems Science, a double major programme in Environmental Earth Systems Science and Public Policy and Global Affairs, and second major programme in Data Analytics, Sustainability and Entrepreneurship\n\nSCHOOL OF CHEMISTRY, CHEMICAL ENGINEERING AND BIOTECHNOLOGY (CCEB)\n\n**ABOUT**\n\nCCEB hosts world-class education and research in chemical engineering, inorganic chemistry, organic chemistry, biomedical engineering, biotechnology, and other fields. Be one of our future-ready graduates and thrive in exciting careers in growth industries including chemicals, healthcare, energy, sustainability, food and agriculture, and data analytics.\n\nInternationally-renowned faculty members who are leading experts in their fields\n\nWorld-class learning environment with well-designed classrooms and state-of-the-art laboratories\n\nWide-ranging professional internships, extensive global immersion programmes, and opportunities to participate in competitions and projects\n\nSCHOOL OF BIOLOGICAL SCIENCES (SBS)\n\n**ABOUT**\n\nSince 2002, SBS has been championing world-class education in the biomedical and life sciences. At SBS, you will learn from a stimulating curriculum designed to augment your capabilities and prepare you for the demands of a flourishing career in the biomedical and healthcare industries. Take advantage of the school's topnotch research capabilities, cutting-edge facilities and strategic ties with partner institutions.\n\nEstablish joint programmes: Biomaterials, Psycholog"
    },
    "16": {
      "summary": "1\n\nABOUT\nThe Lee Kong Chian School of Medicine (LKCMedicine) offers a five-year Bachelor of Medicine and Bachelor of Surgery (MBBS) programme designed to prepare you to become future-ready medical professionals who are discerning and confident users of technology while delivering compassionate, patient-centred care.\n\nLKCMedicine’s 5-YEAR PROGRAMME\n\nYEAR 1 – Integrated science in a medical context 1\nYEAR 2 – Integrated science in a medical context 2\nYEAR 3 – Core clinical medicine in practice\nYEAR 4 – Medicine for all stages of life & in diverse settings\nYEAR 5 – Preparing for practice as a doctor\n\nLKCMedicine has been a conducive environment for my personal and professional growth. The school has a culture of collaboration that’s a perfect fit with my learning style, and a dynamic curriculum that integrates clinical application of concepts. I also find the close-knit community and senior-junior support system very helpful, making school life more meaningful and enjoyable.\n\n— MUHAMED SHAMIR JAFFAR HUSSEIN MBBS, Year 4\n\nOUR ADVANTAGES\n\nRanked 89th in the Times Higher Education World University Rankings 2023 by Subject: Clinical and Health\n\nEnhanced patient-centred curriculum features a strong emphasis on team-based learning and clinical communication skills\n\nFirm foundation and hands-on exposure on medical data science, data analytics, artificial intelligence (AI) and digital health\n\nGlobal exposure through a 6-week overseas elective supported by LKCMedicine Travel Grant\n\nRecipient of the prestigious ASPIRE Award for Curriculum Excellence in 2021\n\nAward-winning and sustainable campuses with state-of-the-art facilities\n\nOpportunities to participate in research through the 6-week Scholarly Project, 8-week Student-Researcher Immersion Programme (SRIP) and other extra-curricular research projects under the guidance of world-class and experienced faculty and clinician researchers\n\nLKCMedicine has been a conducive environment for my personal and professional growth. The sch"
    },
    "17": {
      "summary": "4\n\nDespite the pandemic, I was incredibly fortunate to have lived a fruitful and memorable university life with NBS.\n\nWANG SHI LIN NICOLE  \nBusiness, Year 3\n\nNANYANG BUSINESS SCHOOL\n\nABOUT  \nAt Nanyang Business School (NBS), you will be immersed in an environment designed to let you grow as a business leader with an eye for innovation, a passion for sustainability and a drive for excellence.\n\nAs a premier business school within a leading technological university, NBS is one of the most established business and management educational institutions in the Asia-Pacific region. We offer a holistic education enriched by cutting-edge research and emphasis on leadership, enabling students to think out of the box and deal with the opportunities and challenges of today’s changing business landscape, from digital transformation to sustainability to technopreneurship.\n\nPROGRAMMES OFFERED  \n• Accountancy for Future Leaders NEW  \n• Bachelor of Accountancy  \n• Bachelor of Business  \n• Bachelor of Applied Computing in Finance NEW  \n• Bachelor of Accountancy with a Second Major in Entrepreneurship  \n• Bachelor of Business with a Second Major in Entrepreneurship  \n• Double Degree in Accountancy & Business  \n• Double Degree in Accountancy & Data Science and Artificial Intelligence  \n• Double Degree in Accountancy & Business with a Second Major in Entrepreneurship  \n• Double Degree in Accountancy & Business with a Minor in International Trading  \n• Double Degree in Business (with specialisation in Business Analytics) and Computer Engineering/ Computer Science  \n\nRECOGNISED FOR EXCELLENCE  \n• Accredited by the European Quality Improvement System (EQUS)  \n• Accredited by the Association to Advance Collegiate Schools of Business (AACSB)  \n• Master of Business Administration (MBA) programme ranked as one of the best in Asia  \n• Ranked 1st in Asia and 2nd globally (Times Higher Education Young University Rankings 2022)  \n• NTU was ranked 4th position in the 14th QS Asian University Rankings"
    },
    "18": {
      "summary": "4\n\nThe combination of excellent facilities and a supportive community at NIE has significantly enriched my academic journey.\n\nRUTH KOH  \nSport Science & Management, Year 3\n\nNATIONAL INSTITUTE OF EDUCATION (NIE)  \nDOUBLE MAJOR PROGRAMME  \nNIE equips students with the skills, knowledge and values needed to grow into inspiring educators. Our emphasis on cutting-edge research and provision of global immersion opportunities will prepare you to better adapt to an ever-evolving educational landscape.\n\nOUR ADVANTAGES\n\n- Ranked 11th in QS World University Rankings 2023 in the field of Education\n\n- Over 70 years of providing initial teacher preparation and continual teacher professional development\n\nOFFERS\n\n- Offers deep content knowledge and strong inquiry skills to prepare students for the Education profession\n\nMultiple pathways for professional advancement to cater to the diversity of applicants’ educational backgrounds\n\nSPORT SCIENCE & MANAGEMENT (SSM)\n\nSSM is the only full-time undergraduate programme offered by a local tertiary institute that prepares students for sport-related careers. Under this multifaceted four-year programme, you will learn exercise physiology, sport biomechanics, motor skill acquisition, sport psychology, sport management and coaching, on top of other valuable skills.\n\nOUR ADVANTAGES\n\n- Hands-on practical experiences, guest lectures and soft skills development\n\n- Opportunity for overseas study and living experience for up to six months\n\n- Ranked 5th in Asia in the QS World University Rankings 2023 in Sport-related subjects\n\nState-of-the-art sport science laboratories and teaching facilities, and highly-qualified academic staff\n\nInternship opportunities with major sport-related employers in Singapore and the Asia-Pacific region\n\nCAREER PROSPECTS  \nGraduates of NIE’s Double Major Programmes are passionate young people who have a calling to be professional leaders in education.\n\nSSM graduates can pursue careers ranging from sport administrators, even"
    },
    "19": {
      "summary": "0\n\nChart your future and unlock your potential with the Career and Attachment Office (CAO). Be empowered by our services such as personalised career coaching, industry-specific consultations, employability skills workshops, career experiential programmes, and more.\n\nWith excellent connections to global and local employers across industries, CAO facilitates meaningful internships, networking events and employment opportunities to propel you towards professional success and help you make your mark in your chosen field!\n\n**BE CAREER-SAVVY**\n\n**GUIDE**\n\n- **Career and Employability Skills Workshops**\n- **Career Experiential Education**\n- **ICC Career & Innovative Enterprise Module by MLCPs***\n- **Career Resources**\n- **Career Coaching and Exploration**\n- **Career Consultation and Industry Events**\n- **Global Experiences**\n- **Work-Integrated Education (e.g. Internships, Work-Study Programme)**\n- **Mass Recruitment Events**\n\n*The Margaret Lien Centre for Professional Success (MLCPS) aims to instill lifelong skills so that you can excel in your careers*\n\n---\n\n**ALUMNI MENTORSHIP COMMUNITY**\n\nConnect with over 700 mentors to network and be guided on industries, job roles, skills and career experiences\n\n**CAREER COACHING & INDUSTRY CONSULTATION**\n\nSpeak with a Career Coach to explore career goals and a Career Consultant to acquire industry insights and employers’ expectations\n\n**RECRUITMENT & EMPLOYMENT OPPORTUNITIES**\n\nAttend over 300 employer networking and recruitment events offering 40,000 job opportunities to secure your future employment\n\n---\n\n**AUTHENTIC LEARNING**\n\nParticipate in over 100 industry-led Workshops, Hackathons, Job Shadow and Company Visits to build industry-relevant skills\n\n**CAREER RESOURCES & COMMUNICATIONS**\n\nCareertracks, a guide to prepare NTU students for the world of work\n\n**WORK INTEGRATED EXPERIENCES**\n\nBuild relevant work experiences through local and overseas internships and work integrated programmes"
    },
    "20": {
      "summary": "350 PARTNER INSTITUTIONS • 40 COUNTRIES\n\nWIDEN YOUR WORLDVIEW\n\nThrough NTU’s OGEM, you will get opportunities to further enrich your education by living, exploring and learning overseas. Experience a different learning environment, immerse yourself in diverse cultures, gain a more global perspective, and develop invaluable life skills.\n\nWith the various overseas programmes ranging from Short-Term Studies to Research Attachments in more than 350 partner institutions in 40 countries, you can venture beyond Singapore and discover the world from Year One.\n\nSEMESTER EXCHANGE\nAT UNIVERSITY OF BRUNEI DARUSSALAM\n\nEXPERIENCING WINTER\nIN GERMANY"
    },
    "21": {
      "summary": "0\n\n**FEATURES OF NTU SMART CAMPUS**\n\nListed among the most beautiful university campuses around the world, NTU Smart Campus utilises tomorrow’s technologies to create a vibrant, convenient and sustainable environment for learning and living.\n\n**GREEN & SUSTAINABLE**\nEnjoy being in one of the most resource-efficient, eco-friendly campuses in the world.\n\n**IMMERSIVE LEARNING**\nEnhance your learning through flipped classrooms, digital study tools and other innovative learning methods.\n\n**ALL-IN-ONE CONVENIENCE**\nUse your Smart Pass as a matriculation card, cash-free payment and digital key for your campus residence.\n\n**FEEL AT HOME AT NTU**\n\n**HOUSING**\n\nNTU provides student accommodation across our 25 Halls of Residence. More than just living spaces, our Halls provide ideal spaces for character building, fruitful interactions and cultural exchange.\n\n**GET THE MOST OUT OF HALL LIVING!**\n• Build camaraderie and develop a sense of belonging\n• Expand your worldview in a multicultural and diverse environment\n• Utilise the gym, music room and other facilities\n• Participate in exciting year-round Hall activities\n\nAccommodation options include single rooms with attached bathrooms, plus-sized single rooms, standard single rooms and twin-sharing rooms. Air-conditioned and non-air-conditioned room options are also available.\n\n**RESIDENTIAL EDUCATION (RE)**\n\nResidential Education@NTU offers you opportunities to develop generic competencies through its enriching experiential programmes. All hosted and organised by the 25 Halls of Residence, these programmes and workshops are made available for all hall residents.\n\nHave a passion in drone-making, fine culinary skills, or develop collaborative skills? RE@NTU’s wealth of interaction and knowledge exchange opportunities with students from around the world is sure to make your residential life both educational and enjoyable!\n\n\n\n**LIVE, LEARN, LEAD!**\nLIFE @ NTU SMART CAMPUS\n\nWelcome to NTU, a vibrant mini city where you’ll expand your "
    },
    "22": {
      "summary": "0\n\n**FOOD AND RETAIL SERVICES**\n\nNTU boasts a vibrant F&B and retail scene that caters to the diverse tastes and needs of our community.\n\nPlenty of dining options are available at the North Spine Plaza and various residence halls around the campus, from daily staples to cozy cafes, from fast food to international cuisine, from convenience stores to vending machines—there’s really something for everyone!\n\n**GETTING AROUND**\n\nGoing somewhere? While at the North Spine Plaza, check out the latest updates on the campus shuttle services at the Smart Mobility Experience Centre, a first in NTU and in Singapore!\n\n→ **NTU Campus Map**\n\n**CLUB & COMMUNITIES**\n\nPlay hard at NTU! With about 230 main and sub-student organisations to choose from, you’ll have numerous avenues to cultivate your interests, make new friends, and develop holistically in club governance, sports, the arts and volunteering.\n\n**COMMUNITY ENGAGEMENT**\n\nCreate meaningful social impact onto others.\n\n- Volunteer through artistic, educational, environmental, and sports-related activities for the community\n- Build communities through sustainable projects in the ASEAN region and beyond\n- Be inspired by #THEFORGOODSESSIONS – discipline-based programmes with social impact\n- Start your social enterprise through the Social Innovation & Entrepreneurship (SIE) Programme\n\n**TRANSITION AND ORIENTATION PROGRAMME (TOP)**\n\nGet a head start in your first year NTU experience with TOP! From academic mentoring, career preparation, connecting with faculty, and meeting like-minded peers, you will be well supported as you navigate your university life.\n\n**LEADERSHIP DEVELOPMENT PROGRAMME**\n\nRealise your leadership potential through three progressive levels of Foundational, Emergent, and Impactful Leadership modules.\n\n- Gain insight into your personal leadership values and style\n- Develop your leadership competencies\n- Make a positive impact in your sphere of influence\n\n**SPORTS @ NTU**\n\nEngage in competitive or recreational sporti"
    },
    "23": {
      "summary": "0\n\n**STUDENT SUPPORT**\n\n**NTU LIBRARY**\n\nNTU Library’s seven libraries at the Yunnan Garden campus provide access to a variety of resources, facilities and services for your study, research and wellbeing needs.\n\n1. Art, Design & Media Library\n2. Business Library\n3. Chinese Library\n4. Communication & Information Library\n5. Humanities & Social Sciences Library\n6. Lee Wee Nam Library\n7. Library Outpost\n\nAt our libraries, you can find:\n- Assigned class reading and e-textbooks\n- Information resources for your essays, projects and research\n- PC stations with single and multiscreen monitor options for your work\n- Study spaces for individual study or collaborative workspaces for group discussions\n- Resources to expand your interests\n- Silent and wellbeing zones for contemplation and relaxation\n- Exhibition spaces to share and showcase your work\n\nLibrary Resources & Services Highlights\n- Instant online access to digital resources such as e-books and journal articles\n- Advisory and consultation services from librarians\n- Instructional services to help evaluate and use information\n- Events, exhibitions and project showcases\n\n**IT SERVICES**\n\nNTU’s advanced suite of IT services are available to help you stay connected, learn more effectively and live more comfortably.\n\n- NTU Learn Ecosystem’s Virtual Adaptive Distributed Learning environment lets you experience the highest education standards with meaningful immersive and impactful engagements\n- Mega Learning Studios, ICC CoILAB, for NTU’s interdisciplinary courses, fitted with the latest audio-visual technologies to make learning more engaging and interactive\n- NTU e-mail account and Wi-Fi services throughout the campus to help you stay connected\n- Comprehensive cloud services for communication, collaboration and online storage\n- Student Intranet for convenient access to online resources and administrative services\n- Virtual assistant for chatbot to help address freshmen queries\n- Digital wayfinding service, NTU Maps, for real"
    },
    "24": {
      "summary": "1\n\n**FULL-TERM**\n**SCHOLARSHIPS**\n\n-  Renaissance Engineering\nProgramme (REP) Scholarship\n\n-  NTU-University Scholars\nProgramme (NTU-USP)\nScholarship\n\n-  CN Yang Scholars Programme\nScholarship\n\n-  Nanyang Scholarship\n\n-  NTU Talent Scholarship\n\n-  College Scholarship\n\n-  School Scholarship\n\n-  ASEAN Undergraduate\nScholarship\n\n-  E. W. Barker Scholarship\n\n-  Humanities, Arts and Social\nSciences Scholarship\n\n-  Irene Tan Liang Kheng\nScholarship\n\n-  LKMedicine Scholarship\n\n-  LKY-STEP Award\n\n-  Nanyang Business School\nScholarship\n\n-  NTU Science Scholarship\n\n-  NTU Science and Engineering\nUndergraduate Scholarship\n\n-  Sim Yang Chong Medical\nScholarship\n\n-  Temasek Foundation\nScholarships\n\n-  Toh Kian Chui Scholarship\n\n-  University Engineering\nScholarship\n\n-  Wee Cho Yaw Future Leaders\nAward\n\n-  Wee Kim Wee Legacy Fund\nUndergraduate Scholarship\n\n**SCHOLARSHIP**\n**APPLICATION**\n\nScholarships are applied through\nthe same application portal for\nadmission. The same application\ndeadlines apply for both admissions\nand scholarship applications. You\nmay refer to the table on page 46-47\nfor more information.\n\n**GUIDE**\n\n➔ **How to apply**\n\n\n# BE AN NTU SCHOLAR!\n\nMaximise your potential\nand make the most of\nyour university education\nby applying for any of the\nvarious NTU scholarships.\n\nAs an NTU Scholar, you\nwill gain an edge as you\nnavigate student life,\npursue your passions and\ngrow to be a game-changer\nin school, at work and in\nthe community.\n\nThe Renaissance Engineering\nProgramme (REP) Scholarship,\nNTU-University Scholars Programme\n(NTU-USP) Scholarship and the CN\nYang Scholars Programme (CNYSP)\nScholarship are three of the most\nprestigious scholarships in NTU.\n\nThese scholarships provide\ngenerous financial coverage and\nexclusive non-financial benefits\nsuch as multidisciplinary learning\nopportunities, guaranteed\naccommodation at NTU and\nplacements in overseas programmes\nduring your undergraduate years."
    },
    "25": {
      "summary": "0\n\n**APPLICATION DETAILS**\n\nAt NTU, we prioritise more than mere academic scores. Our Aptitude-Based Admissions (ABA) emphasise your passions, talents, and accomplishments that extend beyond academics. If you possess outstanding abilities or achievements, we’re eager to learn about your learning journey.\n\n**REQUIREMENTS**\n\n- Minimum academic competence required\n- Share your educational journey in a 500-word essay and provide a maximum of 3 achievements\n- Submit 1-2 online appraisals\n- Showcase your talents in an interview\n\nUnlock your unique potential and let your aptitude pave the way to your success.\n\n**ADULT LEARNERS SCHEME**\n\nThe Adult Learners Scheme (ALS) is an alternative pathway for working adults to apply for admission into NTU’s full-time undergraduate programme.\n\nAs Adult learners, you can bring wisdom and experience to the classroom, and further enhance the diversity in our learning environment. This scheme considers your work experience and professional achievements alongside your academic qualifications in the selection process.\n\n**REQUIREMENTS**\n\n- Singaporean Citizen (SC) or Singapore Permanent Resident (SPR) throughout the duration of study\n- At least 25 years old in the year of matriculation; or possess at least 4 years of working experience (individuals who have fully discharged their full-time NS liability will have 2 years counted towards their full-time work experience)\n\nShortlisted applicants may be invited for an interview.\n\n---\n\n### APPLICATION DETAILS\n\nStudents, regardless of nationality, should apply under one of the following application groups that corresponds to their qualifications.\n\n#### APPLICATION PERIOD AND FEE\n\n| Description                                                                 | Application Period | Application Fee |\n|--------------------------------------------------------------------------|-------------------|----------------|\n| **Singapore-Cambridge GCE ‘A’ Level**<br>Applicants, regardless of nationality, presenting"
    },
    "26": {
      "summary": "0.00\n\n**FINANCING YOUR STUDY**\n\n**TUITION AND COMPULSORY MISCELLANEOUS FEES**\nNTU's tuition fees are heavily subsidised by the Ministry of Education (MOE). The Tuition Grant, which is offered to all eligible full-time undergraduate students, help to manage the costs of tertiary education in Singapore.\n\nFor Medicine Students, you are required to sign the Medical Tuition Grant Agreement with the Government of Singapore, administered by MOH Holdings (MOHH).\n\n**SINGAPORE CITIZENS**\n\n- Automatically awarded a Tuition Grant\n- Bond-free for Singaporean except Medicine Students\n\n**PERMANENT RESIDENTS & INTERNATIONAL STUDENTS**\n\n- Must apply for Tuition Grant in their online university application\n- Required to sign an agreement and commit to working in a Singapore entity upon graduation\n\n**FOR PAYING TUITION FEES**\n\n- Tuition Fee Loan* (Interest Free)\n- Central Provident Fund (CPF) Education Loan Scheme\n- Study Loan* (Interest Free)\n- Bursaries*\n- Mendaki Tertiary Tuition Fee Subsidy (TTFS)\n- Post Secondary Education Account (PSEA) and SkillsFuture Credit\n\n**FOR DEFRAYING LIVING EXPENSES**\n\n- Study Loan* (Interest Free)\n- Bursaries*\n- Mendaki Tertiary Tuition Fee Subsidy (TTFS)\n- Post Secondary Education Account (PSEA) and SkillsFuture Credit\n\n**FOR MISCELLANEOUS EXPENSES**\n\n- Overseas Student Programme (OSP) Loan* (Interest Free)\n- Travel Award*\n- Student Loan (Laptop)* (Interest Free)\n- Emergency Grant and Urgent Needs\n\n* Applicable to all nationalities who are paying subsidised tuition fees.\n**Interest Free** The loans are interest-free during years of study in NTU. Repayment and interest will begin after graduation.\n\n| Financial Aid Schemes for AY2024 |\n|--------------------------------|\n| Bursary AY2024                        | 1 June to 15 August 2024 |\n| Tuition Fee Loan                       | Apply before 15 August 2024 |\n| Study Loan                           | 1 June to 31 July 2024 |\n| CPF Education Loan Scheme            | 1 June to 31 July 2024 |\n| Mendaki Ter"
    },
    "27": {
      "summary": " https://www.ntu.edu.sg/admissions/undergraduate\n\nNTUAdmissions       \n\n\n**OFFICE OF ADMISSIONS**\n**STUDENT AND ACADEMIC SERVICES DEPARTMENT**\n**NANYANG TECHNOLOGICAL UNIVERSITY, SINGAPORE**\nStudent Services Centre, #03-01\n42 Nanyang Avenue\nSingapore 639815\n\nFor enquiries, please submit here.\n\nReg. No. 200604393R\nInformation is correct as at January 2024"
    }
  }
}
