{
  "doc_id": "2210.02442v1.pdf",
  "pages": {
    "1": {
      "summary": "0.5cm\n\n**Making Your First Choice: To Address Cold Start Problem in Vision Active Learning**\n\n**Liangyu Chen1 Yutong Bai2 Siyu Huang3 Yongyi Lu2 Bihan Wen1 Alan L. Yuille2 Zongwei Zhou2,* Nanyang Technological University 2Johns Hopkins University 3Harvard University**\n\n**Abstract**\n\nActive learning promises to improve annotation efficiency by iteratively selecting the most important data to be annotated first. However, we uncover a striking contradiction to this promise: active learning fails to select data as efficiently as random selection at the first few choices. We identify this as the cold start problem in vision active learning, caused by a biased and outlier initial query. This paper seeks to address the cold start problem by exploiting the three advantages of contrastive learning: (1) no annotation is required; (2) label diversity is ensured by pseudo-labels to mitigate bias; (3) typical data is determined by contrastive features to reduce outliers. Experiments are conducted on CIFAR-10-LT and three medical imaging datasets (i.e. Colon Pathology, Abdominal CT, and Blood Cell Microscope). Our initial query not only significantly outperforms existing active querying strategies but also surpasses random selection by a large margin. We foresee our solution to the cold start problem as a simple yet strong baseline to choose the initial query for vision active learning.\n\nCode is available: https://github.com/c-liangyu/CSVAL\n\n**1 Introduction**\n\n“The secret of getting ahead is getting started.”\n\n— Mark Twain\n\nThe cold start problem was initially found in recommender systems [56, 39, 9, 23] when algorithms had not gathered sufficient information about users with no purchase history. It also occurred in many other fields, such as natural language processing [55, 33] and computer vision [5, 11, 38] during the active learning procedure\\(^1\\). Active learning promises to improve annotation efficiency by iteratively selecting the most important data to annotate. However"
    },
    "2": {
      "summary": "0.5\n\n(a) PathMNIST\n\n(b) OrganAMNIST\n\n(c) BloodMNIST\n\n(d) CIFAR-10\n\nFigure 1: Cold start problem in vision active learning. Most existing active querying strategies (e.g. BALD, Consistency, etc.) are outperformed by random selection in selecting initial queries, since random selection is i.i.d. to the entire dataset. However, some classes are not selected by active querying strategies due to selection bias, so their results are not presented in the low budget regime.\n\nRandom selection is generally considered a baseline to start the active learning because the randomly sampled query is independent and identically distributed (i.i.d.) to the entire data distribution. As is known, maintaining a similar distribution between training and test data is beneficial, particularly when using limited training data [25]. Therefore, a large body of existing work selects the initial query randomly [10, 61, 55, 62, 18, 17, 42, 24, 22, 60], highlighting that active querying compromises accuracy and diversity compared to random sampling at the beginning of active learning [36, 63, 44, 11, 20, 59]. Why? We attribute the causes of the cold start problem to the following two aspects:\n\n(i) Biased query: Active learning tends to select data that is biased to specific classes. Empirically, Figure 2 reveals that the class distribution in the selected query is highly unbalanced. These active querying strategies (e.g. Entropy, Margin, VAAL, etc.) can barely outperform random sampling at the beginning because some classes are simply not selected for training. It is because data of the minority classes occurs much less frequently than those of the majority classes. Moreover, datasets in practice are often highly unbalanced, particularly in medical images [32, 58]. This can escalate the biased sampling. We hypothesize that the label diversity of a query is an important criterion to determine the importance of the annotation. To evaluate this hypothesis theoretically, we explore the upper bound pe"
    },
    "3": {
      "summary": "0.5em; line-height: 1.5; font-size: 15px; text-indent: -0.5em; text-align: left; margin-top: 0.5em; margin-bottom: 0.5em;\">\n\nSystematic ablation experiments and qualitative visualizations in §3 confirm that (i) the level of label diversity and (ii) the inclusion of typical data are two explicit criteria for determining the annotation importance. Naturally, contrastive learning is expected to approximate these two criteria: pseudo-labels in clustering implicitly enforce label diversity in the query; instance discrimination determines typical data. Extensive results show that our initial query not only significantly outperforms existing active querying strategies, but also surpasses random selection by a large margin on three medical imaging datasets (i.e. Colon Pathology, Abdominal CT, and Blood Cell Microscope) and two natural imaging datasets (i.e. CIFAR-10 and CIFAR-10-LT). Our active querying strategy eliminates the need for manual annotation to ensure the label diversity within initial queries, and more importantly, starts the active learning procedure with the typical data.\n\nTo the best of our knowledge, we are among the first to indicate and address the cold start problem in the field of medical image analysis (and perhaps, computer vision), making three contributions: (1) illustrating the cold start problem in vision active learning, (2) investigating the underlying causes with rigorous empirical analysis and visualization, and (3) determining effective initial queries for the active learning procedure. Our solution to the cold start problem can be used as a strong yet simple baseline to select the initial query for image classification and other vision tasks.\n\n**Related work.** When the cold start problem was first observed in recommender systems, there were several solutions to remedy the insufficient information due to the lack of user history [63, 23]. In natural language processing (NLP), Yuan et al. [55] were among the first to address the cold start pr"
    },
    "4": {
      "summary": "0.5em: 0.5em\n\nRandom Consistency VAAL Margin Entropy Coreset BALD Ours\n\nadipose background debris lymphocytes mucus muscle mucosa stroma epithelium\n\nEntropy 3.154 3.116 2.800 2.858 2.852 3.006 3.094 3.122\n\nFigure 2: Label diversity of querying criteria. Random, the leftmost strategy, denotes the class distribution of randomly queried samples, which can also reflect the approximate class distribution of the entire dataset. As seen, even with a relatively larger initial query budget (40,498 images, 45% of the dataset), most active querying strategies are biased towards certain classes in the PathMNIST dataset. For example, VAAL prefers selecting data in the muscle class, but largely ignores data in the mucus and mucosa classes. On the contrary, our querying strategy selects more data from minority classes (e.g., mucus and mucosa) while retaining the class distribution of major classes. Similar observations in OrganAMNIST and BloodMNIST are shown in Appendix Figure 7. The higher the entropy is, the more balanced the class distribution is.\n\nmore suitable than generative methods (e.g. colorization, reconstruction) because the contrastive feature matrix can be naturally regarded as cluster representations. Therefore, we use MoCo v2 [15]—a popular self-supervised contrastive method—to extract image features.\n\nK-means and MoCo v2 are certainly not the only choices for clustering and feature extraction. We employ these two well-received methods for simplicity and efficacy in addressing the cold start problem. Figure 2 shows our querying strategy can yield better label diversity than other six dominant active querying strategies; similar observations are made in OrganAMNIST and BloodMNIST (Figure 7) as well as CIFAR-10 and CIFAR-10-LT (Figure 10).\n\n### 2.2 Intra-class Criterion: Querying Hard-to-Contrast Data to Avoid Outliers\n\nDataset map. Given \\( K \\) clusters generated from Criterion #1, we now determine which data points ought to be selected from each cluster. Intuitivel"
    },
    "5": {
      "summary": "0.8\n\n(a) Overall distribution (b) Data Map by ground truth (c) Data Map by pseudo-labels\n\nFigure 3: **Active querying based on Dataset Maps.** (a) Dataset overview. (b) Easy- and hard-to-learn data can be selected from the maps based on ground truths [26]. This querying strategy has two limitations: it requires manual annotations and the data are stratified by classes in the 2D space, leading to a poor label diversity in the selected queries. (c) Easy- and hard-to-contrast data can be selected from the maps based on pseudo-labels. This querying strategy is label-free and the selected hard-to-contrast data represent the most common patterns in the entire dataset, as presented in (a). These data are more suitable for training, and thus alleviate the cold start problem.\n\nfunction evaluating to 1 iff \\(n \\neq i\\) and \\(\\tau\\) denotes a temperature parameter. \\(\\theta^{(e)}\\) denotes the parameters at the end of the \\(e^{\\text{th}}\\) epoch. We define confidence (\\(\\hat{\\mu}_m\\)) across \\(E\\) epochs as:\n\n\\[\\hat{\\mu}_m = \\frac{1}{E} \\sum_{e=1}^{E} p_{\\theta^{(e)}}(y_m^*|x_m).\\]  \n\nThe confidence (\\(\\hat{\\mu}_m\\)) is the Y-axis of the Dataset Maps (see Figure 3b-c).\n\n**Hard-to-contrast data.** We consider the data with a low confidence value (Equation 3) as “hard-to-contrast” because they are seldom predicted correctly in the instance discrimination task. Apparently, if the model cannot distinguish a data point with others, this data point is expected to carry typical characteristics that are shared across the dataset [40]. Visually, hard-to-contrast data gather in the bottom region of the Dataset Maps and “easy-to-contrast” data gather in the top region. As expected, hard-to-learn data are more typical, possessing the most common visual patterns as the entire dataset; whereas easy-to-learn data appear like outliers [54, 26], which may not follow the majority data distribution (examples in Figure 3a and Figure 3c). Additionally, we also plot the original Dataset Map [12, 48"
    },
    "6": {
      "summary": "0.5% 1% 0.5% 1% 10% 20% 0.5% 1% 10% 20%\n\nUnif. (499) (899) (172) (345) (59) (119) (1420) (2841)\n\nRandom ✓ 96.8±0.6 97.6±0.6 91.1±0.9 93.3±0.4 94.7±0.7 96.5±0.4 91.6±1.1 93.1±0.6\n\nX 96.4±1.3 97.6±0.9 90.7±1.1 93.1±0.7 93.2±1.5 95.8±0.7 62.0±6.1 - \n\nConsistency ✓ 96.4±0.1 97.9±0.1 92.3±0.5 92.8±1.0 92.9±0.9 95.9±0.5 91.4±1.1 93.4±0.2\n\nX 96.2±0.0 97.6±0.0 91.0±0.3 94.0±0.6 87.9±0.2 95.5±0.5 67.1±17.1 88.6±0.3\n\nVAAL ✓ 92.7±0.5 93.0±0.6 70.6±1.9 84.6±0.5 89.8±1.3 93.4±0.9 92.6±0.2 93.7±0.4\n\nX -  -  -  -  -  -  -  - \n\nMargin ✓ 97.9±0.2 96.0±0.4 81.8±1.2 85.8±1.4 89.7±1.9 94.7±0.7 91.7±0.9 93.2±0.2\n\nX 91.0±2.3 96.0±0.3 -  85.9±0.7 -  -  81.9±0.8 86.3±0.3\n\nEntropy ✓ 93.2±1.6 95.2±0.2 79.1±2.3 86.7±0.8 85.9±0.5 91.8±1.0 92.0±1.2 91.9±1.3\n\nX -  87.5±0.1 -  -  -  -  65.6±15.6 86.4±0.2\n\nCoreset ✓ 95.0±2.2 94.8±2.5 85.6±0.4 89.9±0.5 88.5±0.6 94.1±1.1 91.5±0.4 93.6±0.2\n\nX 95.6±0.7 97.5±0.2 83.8±0.6 88.5±0.4 87.3±1.6 94.0±1.2 65.9±15.9 86.9±0.1\n\nBALD ✓ 95.8±0.2 97.0±0.1 87.2±0.3 89.2±0.3 89.9±0.8 92.7±0.7 92.8±0.1 90.8±2.4\n\nX 92.0±2.3 95.3±1.0 -  -  83.3±2.2 93.5±1.3 64.9±14.9 84.7±0.6\n\n\nTable 2: **Class coverage of selected data.** Compared with random selection (i.i.d. to entire data distribution), most active querying strategies contain selection bias to specific classes, so the class coverage in their selections might be poor, particularly using low budgets. As seen, using 0.002% or even smaller proportion of MedMNIST datasets, the class coverage of active querying strategies is much lower than random selection. By integrating \\( K \\)-means clustering with contrastive features, our querying strategy is capable of covering 100% classes in most scenarios using low budgets (\\(\\leq\\)0.002% of MedMNIST). We also found that our querying strategy covers the most of the classes in the CIFAR-10-LT dataset, which is designatedly more imbalanced.\n\n|PathMNIST 0.0015% (13) 0.00030% (26) 0.001% (34) 0.002% (69) 0.001% (11) 0.002% (23) 0.2% (24) 0.3% (37)|Col2|Col3|Col4|Col5|Col6|Col7|Col8|\n"
    },
    "7": {
      "summary": "0.1% 0.2% 0.1% 0.2% 0.1% 0.2% 0.1% 0.2% 0.1% 0.2% 0.1% 0.2% 0.1% 0.2% 0.1% 0.2% 0.1% 0.2% 0.1% 0.2% 0.1% 0.2% 0.1% 0.2% 0.1% 0.2% 0.1% 0.2% 0.1% 0.2% 0.1% 0.2% 0.1% 0.2% 0.1% 0.2% 0.1% 0.2% 0.1% 0.2% 0.1% 0.2% 0.1% 0.2% 0.1% 0.2% 0.1% 0.2% 0.1% 0.2% 0.1% 0.2% 0.1% 0.2% 0.1% 0.2% 0.1% 0.2% 0.1% 0.2% 0.1% 0.2% 0.1% 0.2% 0.1% 0.2% 0.1% 0.2% 0.1% 0.2% 0.1% 0.2% 0.1% 0.2% 0.1% 0.2% 0.1% 0.2% 0.1% 0.2% 0.1% 0.2% 0.1% 0.2% 0.1% 0.2% 0.1% 0.2% 0.1% 0.2% 0.1% 0.2% 0.1% 0.2% 0.1% 0.2% 0.1% 0.2%"
    },
    "8": {
      "summary": "5: On the importance of selecting a superior initial query. Hard-to-contrast data (red lines) outperform other initial queries in every cycle of active learning on OrganaMNIST. We find that the performance of the initial cycle (20 images) and the last cycle (50 images) are strongly correlated.\n\nselected by 5 different strategies. AUC\\(_n\\) denotes the AUC score achieved by the model that is trained by \\(n\\) labeled images. The Pearson correlation coefficient between AUC\\(_{20}\\) (starting) and AUC\\(_{50}\\) (ending) shows strong positive correlation (\\(r = 0.79, 0.80, 0.91, 0.67, 0.92\\) for random selection, Entropy, Margin, BALD, and Coreset, respectively). This result is statistically significant (\\(p < 0.05\\)). Hard-to-contrast data (our proposal) consistently outperforms the others on OrganA MNIST (Figure 5), BloodMNIST (Figure 13), and PathMNIST (Figure 14), and steadily improves the model performances within the next active learning cycles.\n\nThe initial query is consequential regardless of model initialization. A pre-trained model can improve the performance of each active learning cycle for both random and active selection [55], but the cold start problem remains (evidenced in Figure 14b). This suggests that the model instability and data scarcity are two independent issues to be addressed for the cold start problem. Our “hard-to-contrast” data selection criterion only exploits contrastive learning (an improved model), but also determines the typical data to be annotated first (a better query). As a result, when fine-tuning from MoCo v2, the Pearson correlation coefficient between AUC\\(_{20}\\) and AUC\\(_{50}\\) remains high (\\(r = 0.92, 0.81, 0.70, 0.82, 0.85\\) for random selection, Entropy, Margin, BALD, and Coreset, respectively) and statistically significant (\\(p < 0.05\\)).\n\n4 Conclusion\n\nThis paper systematically examines the causes of the cold start problem in vision active learning and offers a practical and effective solution to address this problem. Ana"
    },
    "9": {
      "summary": "0.5cm\n\n**Potential societal impacts.** Real-world data often exhibit long-tailed distributions, rather than the ideal uniform distributions over each class. We improve active learning by enforcing label diversity and hard-to-contrast data. However, we only extensively test our strategies on academic datasets. In many other real-world domains such as robotics and autonomous driving, the data may impose additional constraints on annotation accessibility or learning dynamics, e.g., being fair or private. We focus on standard accuracy and AUC as our evaluation metrics while ignoring other ethical issues in imbalanced data, especially in underrepresented minority classes.\n\n**Acknowledgements**\n\nThis work was supported by the Lustgarten Foundation for Pancreatic Cancer Research. The authors want to thank Mingfei Gao for the discussion of initial query quantity and suggestions on the implementation of consistency-based active learning framework. The authors also want to thank Guy Hacohen, Yuanhan Zhang, Akshay L. Chandra, Jingkang Yang, Hao Cheng, Rongkai Zhang, and Junfei Xiao, for their feedback and constructive suggestions at several stages of the project. Computational resources were provided by Machine Learning and Data Analytics Laboratory, Nanyang Technological University. The authors thank the administrator Sung Kheng Yeo for his technical support.\n\n**References**\n\n[1] Andrea Acevedo, Anna Merino, Santiago Alférez, Ángel Molina, Laura Boldú, and José Rodellar. A dataset of microscopic peripheral blood cell images for development of automatic recognition systems. *Data in Brief*, 30, 2020.\n\n[2] Sharat Agarwal, Himanshu Arora, Saket Anand, and Chetan Arora. Contextual diversity for active learning. *ArXiv*, abs/2008.05723, 2020.\n\n[3] Shekoofeh Azizi, Basil Mustafa, Fiona Ryan, Zachary Beaver, Jan Freyberg, Jonathan Deaton, Aaron Loh, Alan Karthikesalingam, Simon Kornblith, Ting Chen, et al. Big self-supervised models advance medical image classification. *arXiv prepr"
    },
    "10": {
      "summary": "0.5cm\n\n[15] Xinlei Chen, Haoqi Fan, Ross Girshick, and Kaiming He. Improved baselines with momentum contrastive learning. *arXiv preprint arXiv:2003.04297*, 2020.\n\n[16] Reza Zanjirani Farahani and Masoud Hekmatfar. *Facility location: concepts, models, algorithms and case studies*. Springer Science & Business Media, 2009.\n\n[17] Yarin Gal, Riashat Islam, and Zoubin Ghahramani. Deep bayesian active learning with image data. In *International Conference on Machine Learning*, pages 1183–1192. PMLR, 2017.\n\n[18] Mingfei Gao, Zizhao Zhang, Guo Yu, Sercan Ö Ark, Larry S Davis, and Tomas Pfister. Consistency-based semi-supervised active learning: Towards minimizing labeling cost. In *European Conference on Computer Vision*, pages 510–526. Springer, 2020.\n\n[19] Priya Goyal, Dhruv Mahajan, Abhinav Gupta, and Ishan Misra. Scaling and benchmarking self-supervised visual representation learning. In *Proceedings of the IEEE International Conference on Computer Vision*, pages 6391–6400, 2019.\n\n[20] Guy Hacohen, Avihu Dekel, and Daphna Weinshall. Active learning on a budget: Opposite strategies suit high and low budgets. *ArXiv*, abs/2202.02794, 2022.\n\n[21] Elad Hoffer, Tal Ben-Nun, Itay Hubara, Niv Giladi, Torsten Hoefler, and Daniel Soudry. Augment your batch: Improving generalization through instance repetition. *2020 IEEE/CVF Conference on Computer Vision and Pattern Recognition (CVPR)*, pages 8126–8135, 2020.\n\n[22] Alex Holub, Pietro Perona, and Michael C Burl. Entropy-based active learning for object recognition. In *2008 IEEE Computer Society Conference on Computer Vision and Pattern Recognition Workshops*, pages 1–8. IEEE, 2008.\n\n[23] Neil Houlsby, José Miguel Hernández-Lobato, and Zoubin Ghahramani. Cold-start active learning with robust ordinal matrix factorization. In *International conference on machine learning*, pages 766–774. PMLR, 2014.\n\n[24] Siyu Huang, Tianyang Wang, Haoyi Xiong, Jun Huan, and Dejing Dou. Semi-supervised active learning with temporal output discrep"
    },
    "11": {
      "summary": "0.5cm\n\n[37] Vishwesh Nath, Dong Yang, Holger R Roth, and Daguang Xu. Warm start active learning with proxy labels and selection via semi-supervised fine-tuning. In *International Conference on Medical Image Computing and Computer-Assisted Intervention*, pages 297–308. Springer, 2022.\n\n[38] Kossar Pourahmadi, Parsa Nooralinejad, and Hamed Pirsiavash. A simple baseline for low-budget active learning. *arXiv preprint arXiv:2110.12033*, 2021.\n\n[39] Tian Qiu, Guang Chen, Zi-Ke Zhang, and Tao Zhou. An item-oriented recommendation algorithm on cold-start problem. *EPL (Europhysics Letters)*, 95(5):58003, 2011.\n\n[40] Joshua Robinson, Ching-Yao Chuang, Suvrit Sra, and Stefanie Jegelka. Contrastive learning with hard negative samples. *arXiv preprint arXiv:2010.04592*, 2020.\n\n[41] Ozan Sener and Silvio Savarese. Active learning for convolutional neural networks: A core-set approach. *arXiv preprint arXiv:1708.00489*, 2017.\n\n[42] Burr Settles. Active learning literature survey. 2009.\n\n[43] Changjian Shui, Fan Zhou, Christian Gagné, and Boyu Wang. Deep active learning: Unified and principled method for query and training. In *International Conference on Artificial Intelligence and Statistics*, pages 1308–1318. PMLR, 2020.\n\n[44] Oriane Siméon, Mateusz Budnik, Yannis Avrithis, and Guillaume Gravier. Rethinking deep active learning: Using unlabeled data at model training. In *2020 25th International Conference on Pattern Recognition (ICPR)*, pages 1220–1227. IEEE, 2021.\n\n[45] Samarth Sinha, Sayna Ebrahimi, and Trevor Darrell. Variational adversarial active learning. In *Proceedings of the IEEE/CVF International Conference on Computer Vision*, pages 5972–5981, 2019.\n\n[46] Ben Sorscher, Robert Geirhos, Shashank Shekhar, Surya Ganguli, and Ari S Morcos. Beyond neural scaling laws: beating power law scaling via data pruning. *arXiv preprint arXiv:2206.14486*, 2022.\n\n[47] Jamshid Sourati, Ali Gholipour, Jennifer G Dy, Xavier Tomas-Fernandez, Sila Kurugol, and Simon K Warfield. Intellig"
    },
    "12": {
      "summary": " [61] Zongwei Zhou, Jae Shin, Lei Zhang, Suryakanth Gurudu, Michael Gotway, and Jianming Liang. Fine-tuning convolutional neural networks for biomedical image analysis: actively and incrementally. In Proceedings of the IEEE Conference on Computer Vision and Pattern Recognition, pages 7340–7349, 2017.\n\n[62] Zongwei Zhou, Jae Y Shin, Suryakanth R Gurudu, Michael B Gotway, and Jianming Liang. Active, continual fine tuning of convolutional neural networks for reducing annotation efforts. Medical Image Analysis, page 101997, 2021.\n\n[63] Yu Zhu, Jinghao Lin, Shibi He, Beidou Wang, Ziyu Guan, Haifeng Liu, and Deng Cai. Addressing the item cold-start problem by attribute-driven active learning. IEEE Transactions on Knowledge and Data Engineering, 32(4):631–644, 2019."
    },
    "13": {
      "summary": "0.5\n\nA Implementation Configurations\n\nA.1 Data Split\n\nPathMNIST with nine categories has 107,180 colorectal cancer tissue histopathological images extracted from Kather et al. [27], with 89,996/10,004/7,180 images for training/validation/testing. BloodMNIST contains 17,092 microscopic peripheral blood cell images extracted from Acevedo et al. [1] with eight categories, where 11,959/1,712/3,421 images for training/validation/testing. OrganAMNIST consists of the axial view abdominal CT images based on Bilic et al. [8], with 34,581/6,491/17,778 images of 11 categories for training/validation/testing. CIFAR-10-LT (ρ=100) consists of a subset of CIFAR-10 [29], with 12,406/10,000 images for training/testing.\n\nA.2 Training Recipe for Contrastive Learning\n\nPseudocode for Our Proposed Strategy. The algorithm 1 provides the pseudocode for our proposed hard-to-contrast initial query strategy, as elaborated in §2.\n\nAlgorithm 1: Active querying hard-to-contrast data\n\ninput:\n\\(D = \\{x_m\\}_{m=1}^M\\) (unlabeled dataset \\(D\\) contains \\(M\\) images)\nannotation budget \\(B\\); the number of clusters \\(K\\); batch size \\(N\\); the number of epochs \\(E\\)\nconstant \\(\\tau\\); structure of encoder \\(f\\), projection head \\(g\\); augmentation \\(\\mathcal{T}\\)\n\\(\\theta^{(e)}, e \\in [1, E]\\) (model parameters at epoch \\(e\\) during contrastive learning)\n\noutput:\nselected query \\(Q\\)\n\\(Q = \\emptyset\\)\n\nfor epoch \\(e \\in \\{1, \\ldots, E\\}\\) do\n    for sampled minibatch \\(\\{x_n\\}_{n=1}^N\\) do\n        for all \\(n \\in \\{1, \\ldots, N\\}\\) do\n            draw two augmentation functions \\(t \\sim \\mathcal{T}, t' \\sim \\mathcal{T}\\)\n            # the first augmentation\n            \\(\\tilde{x}_{2n-1} = t(x_n)\\)\n            \\(h_{2n-1} = f(\\tilde{x}_{2n-1})\\) # representation\n            \\(z_{2n-1} = g(h_{2n-1})\\) # projection\n            # the second augmentation\n            \\(\\tilde{x}_{2n} = t'(x_n)\\)\n            \\(h_{2n} = f(\\tilde{x}_{2n})\\) # representation\n            \\(z_{2n} = g(h_{2n})\\) # projection\n      "
    },
    "14": {
      "summary": "0.03 cosine decay\n\nwarmup epochs 5\n\nepochs 200\n\nrepeated sampling [21] see Table 4\n\naugmentation batch size 4096\n\nqueue length [15] 65536\n\n\\(\\tau\\) (equation 1) 0.05\n\n\\(\\tau\\) (equation 1) 0.05\n\n\\(\\tau\\) (equation 1) 0.05\n\n\\(\\tau\\) (equation 1) 0.05\n\n\\(\\tau\\) (equation 1) 0.05\n\n\\(\\tau\\) (equation 1) 0.05\n\n\\(\\tau\\) (equation 1) 0.05\n\n\\(\\tau\\) (equation 1) 0.05\n\n\\(\\tau\\) (equation 1) 0.05\n\n\\(\\tau\\) (equation 1) 0.05\n\n\\(\\tau\\) (equation 1) 0.05\n\n\\(\\tau\\) (equation 1) 0.05\n\n\\(\\tau\\) (equation 1) 0.05\n\n\\(\\tau\\) (equation 1) 0.05\n\n\\(\\tau\\) (equation 1) 0.05\n\n\\(\\tau\\) (equation 1) 0.05\n\n\\(\\tau\\) (equation 1) 0.05\n\n\\(\\tau\\) (equation 1) 0.05\n\n\\(\\tau\\) (equation 1) 0.05\n\n\\(\\tau\\) (equation 1) 0.05\n\n\\(\\tau\\) (equation 1) 0.05\n\n\\(\\tau\\) (equation 1) 0.05\n\n\\(\\tau\\) (equation 1) 0.05\n\n\\(\\tau\\) (equation 1) 0.05\n\n\\(\\tau\\) (equation 1) 0.05\n\n\\(\\tau\\) (equation 1) 0.05\n\n\\(\\tau\\) (equation 1) 0.05\n\n\\(\\tau\\) (equation 1) 0.05\n\n\\(\\tau\\) (equation 1) 0.05\n\n\\(\\tau\\) (equation 1) 0.05\n\n\\(\\tau\\) (equation 1) 0.05\n\n\\(\\tau\\) (equation 1) 0.05\n\n\\(\\tau\\) (equation 1) 0.05\n\n\\(\\tau\\) (equation 1) 0.05\n\n\\(\\tau\\) (equation 1) 0.05\n\n\\(\\tau\\) (equation 1) 0.05\n\n\\(\\tau\\) (equation 1) 0.05\n\n\\(\\tau\\) (equation 1) 0.05\n\n\\(\\tau\\) (equation 1) 0.05\n\n\\(\\tau\\) (equation 1) 0.05\n\n\\(\\tau\\) (equation 1) 0.05\n\n\\(\\tau\\) (equation 1) 0.05\n\n\\(\\tau\\) (equation 1) 0.05\n\n\\(\\tau\\) (equation 1) 0.05\n\n\\(\\tau\\) (equation 1) 0.05\n\n\\(\\tau\\) (equation 1) 0.05\n\n\\(\\tau\\) (equation 1) 0.05\n\n\\(\\tau\\) (equation 1) 0.05\n\n\\(\\tau\\) (equation 1) 0.05\n\n\\(\\tau\\) (equation 1) 0.05\n\n\\(\\tau\\) (equation 1) 0.05\n\n\\(\\tau\\) (equation 1) 0.05\n\n\\(\\tau\\) (equation 1) 0.05\n\n\\(\\tau\\) (equation 1) 0.05\n\n\\(\\tau\\) (equation 1) 0.05\n\n\\(\\tau\\) (equation 1) 0.05\n\n\\(\\tau\\) (equation 1) 0.05\n\n\\(\\tau\\) (equation 1) 0.05\n\n\\(\\tau\\) (equation 1) 0.05\n\n\\(\\tau\\) (equation 1) 0.05\n\n\\(\\tau\\) (equation 1) 0.05\n\n\\(\\tau\\) (equation 1) 0.05\n\n\\(\\tau\\) (equation 1) 0.05\n\n\\(\\tau\\) (equation 1) 0.05\n\n\\(\\tau\\) (equation 1) 0.05\n\n\\(\\tau\\) (equation 1) 0.05\n\n\\(\\tau\\) (equ"
    },
    "15": {
      "summary": "0.1\n\n: 0.5, 270 degrees\n\n: p=0.1\n\n: 128\n\n\n\n\n| config | value |\n|---|---|\n| backbone optimizer | Inception-ResNet-v2 SGD |\n| learning rate | 0.1 |\n| learning rate schedule | reduce learning rate on plateau, factor=0.5, patience=8 |\n| early stopping patience | 50 |\n| max epochs | 10000 |\n| augmentation | flip, p=0.5 |\n| batch size | rotation, p=0.5, in 90, 180, or 270 degrees |\n| | reverse color, p=0.1 |\n| | fade color, p=0.1, 80% random noises + 20% original image |"
    },
    "16": {
      "summary": "0.9\n\n: 0.8\n\n: 0.7\n\n: 0.6\n\n: 0.5\n\n: 0.4\n\n: 0.3\n\n: 0.2\n\n: 0.1\n\n: 0.0\n\n: 0.0\n\n: 0.0\n\n: 0.0\n\n: 0.0\n\n: 0.0\n\n: 0.0\n\n: 0.0\n\n: 0.0\n\n: 0.0\n\n: 0.0\n\n: 0.0\n\n: 0.0\n\n: 0.0\n\n: 0.0\n\n: 0.0\n\n: 0.0\n\n: 0.0\n\n: 0.0\n\n: 0.0\n\n: 0.0\n\n: 0.0\n\n: 0.0\n\n: 0.0\n\n: 0.0\n\n: 0.0\n\n: 0.0\n\"
    },
    "17": {
      "summary": "0.5cm\n\n**B.2 Contrastive Features Enable Label Diversity to Mitigate Bias**\n\nOur proposed active querying strategy is capable of covering the majority of classes in most low budget scenarios by integrating K-means clustering and contrastive features, including the tail classes (e.g. femur-left, basophil). Compared to the existing active querying criteria, we achieve the best class coverage of selected query among at all budgets presented in Table 2.\n\n| Random | Consistency | VAAL | Margin | Entropy | Coreset | BALD | Ours |\n|--------|-------------|-----|--------|---------|--------|------|-----|\n| bladder |             |     |        |         |        |      |     |\n| femur-left |             |     |        |         |        |      |     |\n| femur-right |             |     |        |         |        |      |     |\n| heart   |             |     |        |         |        |      |     |\n| kidney-left |            |     |        |         |        |      |     |\n| kidney-right |           |     |        |         |        |      |     |\n| liver   |             |     |        |         |        |      |     |\n| lung-left |             |     |        |         |        |      |     |\n| lung-right |             |     |        |         |        |      |     |\n| pancreas |             |     |        |         |        |      |     |\n| spleen  |             |     |        |         |        |      |     |\n\n(a) OrganAMNIST\n\n| Random | Consistency | VAAL | Margin | Entropy | Coreset | BALD | Ours |\n|--------|-------------|-----|--------|---------|--------|------|-----|\n| basophil |             |     |        |         |        |      |     |\n| eosinophil |            |     |        |         |        |      |     |\n| erythroblast |          |     |        |         |        |      |     |\n| ig    |             |     |        |         |        |      |     |\n| lymphocyte |            |     |        |         |        |      |     |\n| monocyte |            |     |        | "
    },
    "18": {
      "summary": "0.00\n\n(a) PathMNIST (b) OrganMNIST (c) BloodMNIST\n\nFigure 8: **Visualization of \\( K \\)-means clustering and our active selection.** UMAP [35] is used to visualize the feature clustering. Colors indicate the ground truth. Contrastive features clustered by the \\( K \\)-means algorithm present a fairly clear separation in the 2D space, which helps enforce the label diversity without the need of ground truth. The crosses denote the selected easy- (top) and hard-to-contrast (bottom) data. Overall, hard-to-contrast data have a greater spread within each cluster than easy-to-contrast ones. In addition, we find that easy-to-contrast tends to select outlier classes that do not belong to the majority class in a cluster (see red arrows). This behavior will invalidate the purpose of clustering and inevitably jeopardize the label diversity.\n\n**Selected Query Visualization.** To ease the analysis, we project the image features (extracted by a trained MoCo v2 encoder) onto a 2D space by UMAP [35]. The assigned pseudo labels have large overlap with ground truths, suggesting that the features from MoCo v2 are quite discriminative for each class. Overall, Figure 8 shows that hard-to-contrast queries have a greater spread within each cluster than easy-to-contrast ones. Both strategies can cover 100% classes. Nevertheless, we notice that easy-to-contrast selects local outliers in clusters: samples that do not belong to the majority class in a cluster. Such behavior will invalidate the purpose of clustering, which is to query uniformly by separating classes. Additionally, it possibly exposes the risk of introducing out-of-distribution data to the query, which undermines active learning [26]."
    },
    "19": {
      "summary": "0.5cm\n\n**C.1** **Label Diversity is a Significant Add-on to Most Querying Strategies**\n\nAs illustrated in Table 7 and Figure 9, label diversity is an important underlying criterion in designing active querying criteria on CIFAR-10-LT, an extremely imbalanced dataset. We compare the results of CIFAR-10-LT with MedMNIST datasets Figure 6. CIFAR-10-LT is more imbalanced than MedMNIST, and the performance gain and robustness improvement of label diversity CIFAR-10-LT is significantly larger than MedMNIST. Most of the active querying strategies fail to query all the classes even at relatively larger initial query budgets.\n\nTable 7: **Diversity is a significant add-on to most querying strategies.** AUC scores of different querying strategies are compared on CIFAR-10 and CIFAR-10-LT. In the low budget regime (e.g. 10% and 20% of the entire dataset), active querying strategies benefit from enforcing the label diversity of the selected data. The cells are highlighted in blue when adding diversity performs no worse than the original querying strategies. Some results are missing (marked as “-”) because the querying strategy fails to sample at least one data point for each class. Results of more sampling ratios are presented in Appendix Figure 9.\n\n| Unif. | 1% (142) | 5% (710) | CIFAR-10-LT |\n|-------|-----------|----------|-----------|\n|       |           |          |           |\n| Consistency | ✓ | 78.0±1.2 | 90.0±0.1 |\n| ✓ | - | - | 91.4±1.1 |\n| ✓ | - | 67.1±17.1 | 93.4±0.2 |\n| ✓ | - | 88.6±0.3 | 93.2±0.2 |\n| ✓ | - | 90.4±0.6 | 94.6±0.2 |\n| ✓ | - | 90.7±0.2 | 94.5±0.2 |\n| ✓ | - | 77.3±1.6 | 94.7±0.4 |\n| ✓ | - | 81.2±1.8 | 88.7±0.7 |\n| ✓ | - | 81.9±0.8 | 86.3±0.3 |\n| ✓ | - | 87.4±0.2 | 88.1±0.1 |\n| ✓ | - | 89.6±0.5 | 92.0±1.2 |\n| ✓ | - | 65.6±15.6 | 91.9±1.3 |\n| ✓ | - | 86.4±0.2 | 94.0±0.6 |\n| ✓ | - | 88.5±0.7 | 94.0±0.7 |\n| ✓ | - | 89.7±1.3 | 93.6±0.2 |\n| ✓ | - | 91.5±0.4 | 93.4±0.7 |\n| ✓ | - | 86.9±0.1 | 88.2±0.1 |\n| ✓ | - | 90.3±0.2 | 94.7±0.4 |\n| ✓ | - | 90.8±0.3 | 94.0±0"
    },
    "20": {
      "summary": "0.0001\n\n: 0.0001\n\n: 0.0001\n\n: 0.0001\n\n: 0.0001\n\n: 0.0001\n\n: 0.0001\n\n: 0.0001\n\n: 0.0001\n\n: 0.0001\n\n: 0.0001\n\n: 0.0001\n\n: 0.0001\n\n: 0.0001\n\n: 0.0001\n\n: 0.0001\n\n: 0.0001\n\n: 0.0001\n\n: 0.0001\n\n: 0.0001\n\n: 0.0001\n\n: 0.0001\n\n: 0.0001\n\n: 0.0001\n\n: 0.0001\n\n: 0.0001\n\n: 0.0001\n\n: 0.0001\n\n: 0.0001\n\n: 0.0001\n\n: 0.0001\n\n: 0.0001\n\n: 0.0001\n\n: 0.0001\n\n: 0.0001\n\n: 0.0001\n\n: 0.0001\n\n: 0.0001\n\n: 0.0001\n\n: 0.0001\n\n: 0.0001\n\n: 0.0001\n\n: 0.0001\n\n: 0.0001\n\n: 0.0001\n\n: 0.0001\n\n: 0.0001\n\n: 0.0001\n\n: 0.0001\n\n: 0.0001\n\n: 0.0001\n\n: 0.0001\n\n: 0.0001\n\n: 0.0001\n\n: 0.0001\n\n: 0.0001\n\n: 0.0001\n\n: 0.0001\n\n: 0.0001\n\n: 0.0001\n\n: 0.0001\n\n: 0.0001\n\n: 0.0001\"
    },
    "21": {
      "summary": "0.000\n\n(a) CIFAR-10\n\n(b) CIFAR-10-LT\n\nFigure 10: **Our querying strategy yields better label diversity.** Random on the leftmost denotes the class distribution of randomly queried samples, which can also reflect the approximate class distribution of the entire dataset. As seen, even with a relatively larger initial query budget (5,000 images, 10% of CIFAR-10, and 1420 images, 10% of CIFAR-10-LT), most active querying strategies are biased towards certain classes. Our querying strategy, on the contrary, is capable of selecting more data from the minority classes such as horse, ship, and truck."
    },
    "22": {
      "summary": "0.8\n\n(a) Overall distribution (b) Data Map by ground truth (c) Data Map by pseudo-labels\n\n(d) Overall distribution (e) Data Map by ground truth (f) Data Map by pseudo-labels\n\nFigure 11: **Active querying based on Dataset Maps.** (a,d) PathMNIST and OrganAMNIST dataset overview. (b,e) Easy- and hard-to-learn data can be selected from the maps based on ground truths [26]. This querying strategy has two limitations: (1) requiring manual annotations and (2) data are stratified by classes in the 2D space, leading to a poor label diversity in the selected queries. (c,f) Easy- and hard-to-contrast data can be selected from the maps based on pseudo labels. This querying strategy is label-free and the selected “hard-to-contrast” data represent the most common patterns in the entire dataset. These data are more suitable for training and thus alleviate the cold start problem."
    },
    "23": {
      "summary": "0.5cm\n\n(a) Overall distribution (b) Data Map by ground truth (c) Data Map by pseudo-labels\n\nFigure 12: **Active querying based on Dataset Maps.** (a) CIFAR-10-LT dataset overview. (b) Easy-and hard-to-learn data can be selected from the maps based on ground truths [26]. This querying strategy has two limitations: (1) requiring manual annotations and (2) data are stratified by classes in the 2D space, leading to a poor label diversity in the selected queries. (c) Easy- and hard-to-contrast data can be selected from the maps based on pseudo labels. This querying strategy is label-free and the selected “hard-to-contrast” data represent the most common patterns in the entire dataset. These data are more suitable for training and thus alleviate the cold start problem."
    },
    "24": {
      "summary": "0.00\n\n(a) Training from scratch\n\n(b) Fine-tuning from self-supervised pre-training\n\nFigure 13: Performance of each active learning querying strategies with different initial query strategies on BloodMNIST. Hard-to-contrast initial query strategy (red lines) outperforms other initial query strategies in every cycle of active learning. With each active learning querying strategy, the performance of the initial cycle (20 labeled images) and the last cycle (50 labeled images) are strongly correlated.\n\n\n\n\nRandom    Entropy    Margin    BALD    Coreset\n\n(a) Training from scratch\n\n(b) Fine-tuning from self-supervised pre-training\n\nFigure 14: Performance of each active learning querying strategies with different initial query strategies on PathMNIST. Hard-to-contrast initial query strategy (red lines) outperforms other initial query strategies in every cycle of active learning. With each active learning querying strategy, the performance of the initial cycle (20 labeled images) and the last cycle (50 labeled images) are strongly correlated."
    }
  }
}
