{
  "doc_id": "2303.05039v2.pdf",
  "pages": {
    "1": {
      "summary": "0.5cm\n\n**Improving Recommendation Systems with User Personality Inferred from Product Reviews**\n\nXinyuan Lu1,2 Min-Yen Kan2 Integrative Sciences and Engineering Programme (ISEP), NUS Graduate School, 2School of Computing, National University of Singapore, Singapore\n\nluxinyuan@u.nus.edu\n\nABSTRACT\n\nPersonality is a psychological factor that reflects people’s preferences, which in turn influences their decision-making. We hypothesize that accurate modeling of users’ personalities improves recommendation systems’ performance. However, acquiring such personality profiles is both sensitive and expensive. We address this problem by introducing a novel method to automatically extract personality profiles from public product review text. We then design and assess three context-aware recommendation architectures that leverage the profiles to test our hypothesis.\n\nExperiments on our two newly contributed personality datasets — Amazon-beauty and Amazon-music — validate our hypothesis, showing performance boosts of 3–28%. Our analysis uncovers that varying personality types contribute differently to recommendation performance: open and extroverted personalities are most helpful in music recommendation, while a conscientious personality is most helpful in beauty product recommendation.\n\nCCS CONCEPTS\n\n• Information systems → Recommender systems; • Applied computing → Psychology.\n\nKEYWORDS\n\nRecommendation Systems, Psychology, Personality, Review Texts\n\nACM Reference Format:\nXinyuan Lu1,2 Min-Yen Kan2, Integrative Sciences and Engineering Programme (ISEP), NUS Graduate School, 2School of Computing, National University of Singapore, Singapore, luxinyuan@u.nus.edu\n\nkanny@comp.nus.edu.sg, 2023. Improving Recommendation Systems with User Personality Inferred from Product Reviews. In Workshop on Interactive Recommender Systems of the 16th ACM International Conference on Web Search and Data Mining (IRIS@WSDM’23), February 27-March 3, 2023, Singapore. ACM, New York, NY, USA, 9 pages. https"
    },
    "2": {
      "summary": "27-March-3, 2023, Singapore their choice of words [17]. For example, when showing their dis- likes on the same shampoo, an agreeable person may comment “I bought this shampoo for my husband. The smell is not good.”, while a neurotic and aggressive person might comment “Arrived opened and leaking all over the box. Tried shampoo but didn’t help at all. Still so itchy!!!”. In addition, review text is easy to obtain and made publicly available by users in full disclosure on online commercial websites, which helps to solve both time and privacy issues.\n\nIn our experiments, we explore the possibility of automatically inferring users’ personality traits from their review texts and then use this information to help recommendations. We do this by leveraging an Application Programming Interface (API) to automatically analyze the user’s personality. There already exist deployed, production-level APIs for automatic personality detection, such as IBM Personality Insights2, Humanitic AI3, and Receptiviti4 that purport to yield personality profiles. In our work here, we use the Receptiviti API, because it is a widely-validated and widely-used psychology-based language analysis platform for understanding human emotion, personality, motivation, and psychology from language. Receptiviti’s API outputs scores for the commonly-used OCEAN personality model: five values, one for each of the five personality aspects of Openness, Conscientiousness, Extroversion, Agreeableness, and Neuroticism (each corresponding to one letter of “OCEAN”). Finally, this inferred personality is fed as input to a recommendation system, to test whether it can improve recommendation performance.\n\nTo conduct our study, we first construct two new datasets extending from an existing Amazon review dataset, in the beauty and music domains. We first extract the user reviews that are between 30 to 80 words. Afterward, we concatenate all the valid review texts of each user and input their concatenation to the Receptivit"
    },
    "3": {
      "summary": "0.5em; text-decoration: none; font-size: 1em; line-height: 1.5em; vertical-align: -0.25em;\">\n\nand strongly disagree). Such personality inventories differ with respect to the number and content of their questions. Common long questionnaires include the NEO Five-Factor Inventory (60 items) [2], NEO-Personality-Inventory Revised (240 items) [6], and the Big-Five Inventory (BFI, 44 items) [18]. Practitioners prefer using shorter instruments, such as the BFI-10 and Ten-Item Personality Inventory (TIPI) [7, 20], as they are time-saving and easier to fill out.\n\nHowever, using questionnaires for self-report has two major drawbacks. First, questions that assess personality are often quite subjective such as “Do you easily get nervous?”. Answers for such questions are easily affected by a self-bias [16] or reference-group effects [24]. For example, an introverted engineer might think he is an extrovert if he/she is working with a group of individuals that may be more introverted. Consequently, the results of questionnaires are often hard to reproduce. Second, assessing a personality by questionnaires can be inconvenient, as the subjects are necessary to participate in the studies.\n\n### 2.2.2 Automatic Personality Detection\n\nTo make personality detection more convenient and reproducible, practitioners prefer automated personality detection, which infers a personality type based on user data. Such methods are less accurate than personality questionnaires — as it relies on the input user data manifesting personality traits — but has the advantage of not requiring inputs to be answers to questionnaires. For example, social media posts that exhibit opinions and viewpoints are a prime source of text data useful for personality detection. Individuals have different language use behaviors that reveal personality traits [10]. Automatic, text-based personality detection infer users’ personalities by analyzing users’ word choice (lexical selection) and sentence structure (grammatical se"
    },
    "4": {
      "summary": "0.0000137194\n\n| reviewerID | A2SUAM1J3GNN38 |\n|---|---|\n| asin    | 0000013714 |\n| reviewerName | J.McDonald |\n| vote    | 5 |\n| style    | Format:Hardcover |\n| reviewText | I bought this for my husband who plays the piano. He is having a wonderful time playing these old hymns. The music is at times hard to read because we think the book was published for singing from more than playing form. Great purchase though! |\n| overall   | 5.0 |\n\nTable 1: An example of Receptiviti score for a specific, anonymized user.\n\n3.2 Dataset Construction\n\nSince we do not know the personality for each user in the Amazon dataset, we need to infer them. We first retrieve each user's review texts and then use the Receptiviti API, a computational language psychology platform for understanding human behavior, to infer a personality. The API can take a long piece of human-written text (more than 300 words), and output a faceted personality score with 35 factors, including OCEAN scores.\n\nFor each user that wrote reviews in either of the two domains, we collect all his/her review texts and concatenate them together into a single document. Afterward, we send the concatenated text to Receptiviti to infer a personality. We select the personality scores corresponding to the five-dimensional personality traits defined in the OCEAN model [12] (Table 2). Each personality score is normalized to a range from 1 to 100. The higher the score, the more overt the personality trait. Note that each of the five OCEAN scores is independent of the other.\n\n| User ID | AGR | CON | NEU | EXT | OPEN |\n|--------|-----|-----|-----|-----|------|\n| A2GBIFL43U1LKJ | 54.05 | 34.87 | 25.96 | 54.39 | 42.71 |\n\nTable 2: An example of Receptiviti score for a specific, anonymized user.\n\nTo improve the personality prediction process, we only analyze the personality traits for active users who bought many products and wrote a sufficient number of product reviews. To be specific, we select users that 1) wrote product reviews for at"
    },
    "5": {
      "summary": "0.5\n\n**Projections**\n\nThe figure illustrates the process of generating a probability distribution over the user's personality traits using a multi-layer perceptron (MLP) model. The MLP is trained on a dataset of 4-dimensional personality vectors, which are learned during training. The model takes as input the user's personality vector and generates a probability distribution over the user's personality traits.\n\nThe figure shows two examples of the generated probability distributions for two different users. In both cases, the probability distribution is a Gaussian distribution centered around the mean value of 0.3, with a standard deviation of 0.3. The mean value represents the average personality trait of the user, while the standard deviation represents the variability or spread of the personality trait.\n\nThe figure also shows the probability distribution for a third user, who has a different personality vector. In this case, the probability distribution is a mixture of two Gaussians, one centered around 0.3 and the other centered around 0.7. This indicates that the user has a moderate level of both openness and conscientiousness in their personality.\n\nOverall, the figure demonstrates how a multi-layer perceptron can be used to generate a probability distribution over the user's personality traits based on a dataset of personality vectors."
    },
    "6": {
      "summary": "23, February 27–March 3, 2023, Singapore\n\n| Personality label | Personality Score | Review Texts |\n|-----------------|------------------|--------------|\n| Openness        | 63.07            | Near perfect exfoliating gloves my only complaint is a matter of preference rather than product defect. I prefer the harder surface area to use on round areas of the body or potentially harder like the feet, elbows, etc. |\n| Openness        | 62.62            | Azur is always my favorite in the Thymes collection because of its clean, fresh scent. I like that my skin feels moisturized when using this product in the shower. |\n| Conscientiousness| 75.38            | I have had this shower gel once before, and it’s amazing. Hard to find, too. One of The Body Shop’s best scents, and it’s usually only available seasonally! wish they sold it in bigger bottles, but I was happy to find it. |\n| Conscientiousness| 71.02            | Don’t just take my word for it, you must try it. A dear friend got me this from Italy 12 years ago and has been using it since, very hard to find it in the US. This shower cream will transform your shower experience. |\n| Extroversion    | 75.06            | Love this shampoo! Recommended by a friend! The color really lasts!!! |\n| Extroversion    | 72.90            | Looked all over to find where to purchase this product and we are very happy to be able to finally find it. The PRELL Conditioner is by far the best you can buy. We love it!! |\n| Agreeableness    | 80.06            | Great product - my wife loves it |\n| Agreeableness    | 78.18            | Great deal and leaves my kids smelling awesome! I bought a box of them years ago and we still have some left!!! Great deal and leaves my kids smelling awesome! |\n| Neuroticism      | 67.81            | Too expensive for such poor quality. There was no improvement and I am starting to think my scalp is worse off than it was before I started using this product. I do agree with other reviews that it feels watered. "
    },
    "7": {
      "summary": "0.5in\n\n<table><td colspan=\"2\">Improving Recommendation Systems with User Personality Inferred from Product ReviewsIRS@WSDM '23, February 27-March 3, 2023, Singapore</table>\n\nWe also examine the difference in personality distributions between the two domains. In the Amazon-music dataset, the average scores of extroversion and openness are higher than those in the Amazon-beauty dataset. This indicates that the personality characteristics of extroverts and open people are more obvious in the music domain than in the beauty domain.\n\nFrom the above figures, we draw the following conclusions. First, the personality traits of users are not evenly distributed. There are more instances of people with certain personality traits (e.g., agreeableness) than others (e.g., neuroticism). A possible reason is that people with certain personalities are more willing to write product reviews. 2) The distributions for the two domains are generally the same, with higher agreeable scores and lower neurotic scores. However, there is a slight difference. For example, the scores of extroverts in music are generally higher than that in the beauty domain. This could be explained by the possibility that people who are passionate about music may be more emotional.\n\n### 5.3 Does incorporating personality improve recommendation performance? (RQ3)\n\nNext, we want to explore whether adding the induced user personality benefits the recommendation quality. To this end, we compare the personality-enhanced NCF with the following two baseline models that do not utilize personality information.\n\n1. **NCF with random personality (NCF + Random).** We randomly assign each user with a random personality label, regardless of his/her original, inferred personality scores.\n\n2. **NCF with same personality (NCF + Same).** We assign each user to a single personality trait. To be specific, we assume every user is “open” and assign the corresponding personality vector to NCF. Although the personality vector does not p"
    },
    "8": {
      "summary": "5: 1: 1: 1: 1: 1: 1: 1: 1: 1: 1: 1: 1: 1: 1: 1: 1: 1: 1: 1: 1: 1: 1: 1: 1: 1: 1: 1: 1: 1: 1: 1: 1: 1: 1: 1: 1: 1: 1: 1: 1: 1: 1: 1: 1: 1: 1: 1: 1: 1: 1: 1: 1: 1: 1: 1: 1: 1: 1: 1: 1: 1: 1: 1: 1: 1: 1: 1: 1: 1: 1: 1: 1: 1: 1: 1: 1: 1: 1: 1: 1: 1: 1: 1: 1: 1: 1: 1: 1: 1: 1: 1: 1: 1: 1: 1: 1: 1: 1: 1: 1: 1: 1: 1: 1: 1: 1: 1: 1: 1: 1: 1: 1: 1: 1: 1: 1: 1: 1: 1: 1: 1: 1: 1: 1: 1: 1: 1: 1: 1: 1: 1: 1: 1: 1: 1: 1: 1: 1: 1: 1: 1: 1: 1: 1: 1: 1: 1: 1: 1: 1: 1: 1: 1: 1: 1: 1: 1: 1: 1: 1: 1: 1: 1: 1: 1: 1: 1: 1: 1: 1: 1: 1: 1: 1: 1: 1: 1: 1: 1: 1: 1: 1: 1: 1: 1: 1: 1: 1: 1: 1: 1: 1: 1: 1: 1: 1: 1: 1: 1: 1: 1: 1: 1: 1: 1: 1: 1: 1: 1: 1: 1: 1: 1: 1: 1: 1: 1: 1: 1: 1: 1: 1: 1: 1: 1: 1: 1: 1: 1: 1: 1: 1: 1: 1: 1: 1: 1: 1: 1: 1: 1: 1: 1: 1: 1: 1: 1: 1: 1: 1: 1: 1: 1: 1: 1: 1: 1: 1: 1: 1: 1: 1: 1: 1: 1: 1: 1: 1: 1: 1: 1: 1: 1: 1: 1: 1: 1: 1: 1: 1: 1: 1: 1: 1: 1: 1: 1: 1: 1: 1: 1: 1: 1: 1: 1: 1: 1: 1: 1: 1: 1: 1: 1: 1: 1: 1: 1: 1: 1: 1: 1: 1: 1: 1: 1: 1: 1: 1: 1: 1: 1: 1: 1: 1: 1: 1: 1: 1: 1: 1: 1: 1: 1: 1: 1: 1: 1: 1: 1: 1: 1: 1: 1: 1: 1: 1: 1: 1: 1: 1: 1: 1: 1: 1: 1: 1: 1: 1: 1: 1: 1: 1: 1: 1: 1: 1: 1: 1: 1: 1: 1: 1: 1: 1: 1: 1: 1: 1: 1: 1: 1: 1: 1: 1: 1: 1: 1: 1: 1: 1: 1: 1: 1: 1: 1: 1: 1: 1: 1: 1: 1: 1: 1: 1: 1: 1: 1: 1: 1: 1: 1: 1: 1: 1: 1: 1: 1: 1: 1: 1: 1: 1: 1: 1: 1: 1: 1: 1: 1: 1: 1: 1: 1: 1: 1: 1: 1: 1: 1: 1: 1: 1: 1: 1: 1: 1: 1: 1: 1: 1: 1: 1: 1: 1: 1: 1: 1: 1: 1: 1: 1: 1: 1: 1: 1: 1: 1: 1: 1: 1: 1: 1: 1: 1: 1: 1: 1: 1: 1: 1: 1: 1: 1: 1: 1: 1: 1: 1: 1: 1: 1: 1: 1: 1: 1: 1: 1: 1: 1: 1: 1: 1: 1: 1: 1: 1: 1: 1: 1: 1: 1: 1: 1: 1: 1: 1: 1: 1: 1: 1: 1: 1: 1: 1: 1: 1: 1: 1: 1: 1: 1: 1: 1: 1: 1: 1: 1: 1: 1: 1: 1: 1: 1: 1: 1: 1: 1: 1: 1: 1: 1: 1: 1: 1: 1: 1: 1: 1: 1: 1: 1: 1: 1: 1: 1: 1: 1: 1: 1: 1: 1: 1: 1: 1: 1: 1: 1: 1: 1: 1: 1: 1: 1: 1: 1: 1: 1: 1: 1: 1: 1: 1: 1: 1: 1: 1: 1: 1: 1: 1: 1: 1: 1: 1: 1: 1: 1: 1: 1: 1: 1: 1: 1: 1: 1: 1: 1: 1: 1: 1: 1: 1: 1: 1: 1: 1: 1: 1: 1: 1: 1: 1: 1: 1: 1: 1: 1: 1: 1: 1: 1: 1: 1: 1: 1: 1: 1: 1: 1: 1: 1: 1: 1: 1: 1: 1: 1: 1: 1: 1: 1: 1: 1: 1: 1: 1:"
    },
    "9": {
      "summary": "173–182. https://doi.org/10.1145/3038912.3052569\n\n[9] Joanne Hinds, Emma J. Williams, and Adam N. Joinson. 2020. \"It wouldn't happen to me\": Privacy concerns and perspectives following the Cambridge Analytica scandal. *Int. J. Hum. Comput. Stud.* 143 (2020), 102498. https://doi.org/10.1016/j.ijhcs.2020.102498\n\n[10] Jacob B Hirsh and Jordan B Peterson. 2009. Personality and language use in self-narratives. *Journal of research in personality* 43, 3 (2009), 524–527.\n\n[11] Mahesh Babu Mariappan, Myunghoon Suk, and Balakrishnan Prabhakaran. 2012. FaceFetch: A User Emotion Driven Multimedia Content Recommendation System Based on Facial Expression Recognition. In *2012 IEEE International Symposium on Multimedia, ISM 2012, Irvine, CA, USA, December 10-12, 2012*. IEEE Computer Society, 84–87. https://doi.org/10.1109/ISM.2012.24\n\n[12] Robert R McCrae and Oliver P John. 1992. An introduction to the five-factor model and its applications. *Journal of personality* 60, 2 (1992), 175–215.\n\n[13] Alessandro B Melchiorre, Eva Zangerle, and Markus Schedl. 2020. Personality bias of music recommendation algorithms. In *Fourteenth ACM conference on recommender systems*. 533–538.\n\n[14] Tien T. Nguyen, F. Maxwell Harper, Loren Terveen, and Joseph A. Konstan. 2018. User Personality and User Satisfaction with Recommender Systems. *Inf. Syst.* Frontiers 20, 6 (2018), 1173–1189. https://doi.org/10.1007/s10796-017-9782-y\n\n[15] Jianmo Ni, Jiacheng Li, and Julian J. McAuley. 2019. Justifying Recommendations using Distantly-Labeled Reviews and Fine-Grained Aspects. In *Proceedings of the 2019 Conference on Empirical Methods in Natural Language Processing and the 9th International Joint Conference on Natural Language Processing, EMNLP-IJCNLP 2019, Hong Kong, China, November 3-7, 2019*, Kentaro Inui, Jing Jiang, Vincent Ng, and Xiaojun Wan (Eds.). Association for Computational Linguistics, 188–197. https://doi.org/10.18653/v1/D19-1018\n\n[16] Cynthia A. Pedregon, Roberta L. Farley, Allison Davis, Jam"
    }
  }
}
