{
  "doc_id": "2310.07609v1.pdf",
  "pages": {
    "1": {
      "summary": " A Demonstration System for Question-Guided Multi-Hop Fact-Checking\n\nLiangming Pan\\textsuperscript{1,2} Xinyuan Lu\\textsuperscript{3} Min-Yen Kan\\textsuperscript{3} Preslav Nakov\\textsuperscript{1}\n\n\\textsuperscript{1}MBZUAI \\textsuperscript{2}University of California, Santa Barbara \\textsuperscript{3}National University of Singapore\n\nliangmingpan@ucsb.edu luxinyuan@u.nus.edu\n\nkanny@comp.nus.edu.sg preslav.nakov@mbzuai.ac.ae\n\nAbstract\n\nFact-checking real-world claims often requires complex, multi-step reasoning due to the absence of direct evidence to support or refute them. However, existing fact-checking systems often lack transparency in their decision-making, making it challenging for users to comprehend their reasoning process. To address this, we propose the Question-guided Multi-hop Fact-Checking (QACHECK) system, which guides the model’s reasoning process by asking a series of questions critical for verifying a claim. QACHECK has five key modules: a claim verifier, a question generator, a question-answering module, a QA validator, and a reasoner. Users can input a claim into QACHECK, which then predicts its veracity and provides a comprehensive report detailing its reasoning process, guided by a sequence of (question, answer) pairs. QACHECK\\textsuperscript{1} also provides the source of evidence supporting each question, fostering a transparent, explainable, and user-friendly fact-checking process.\n\n1 Introduction\n\nIn our age characterized by large amounts of both true and false information, fact-checking is not only crucial for counteracting misinformation but also plays a vital role in fostering trust in AI systems. However, the process of validating real-world claims is rarely straightforward. Unlike the simplicity of supporting or refuting a claim with a single piece of direct evidence, real-world claims often resemble multi-layered puzzles that require complex and multi-step reasoning to solve (Jiang et al., 2020; Nguyen et al., 2020; Aly and Vlachos, 2"
    },
    "2": {
      "summary": "0.5em; line-height: 1.5; font-size: 15px; text-indent: -0.5em; text-align: left; margin-bottom: 0.5em; margin-top: 0.5em;\">\n\nsearching and visualizing the supporting evidence for a given claim. However, these systems primarily validate a claim from a single document, and do not provide a detailed, step-by-step visualization of the reasoning process as shown in Figure 1.\n\nWe introduce the Question-guided Multi-hop Fact-Checking (QACHECK) system, which addresses the aforementioned issues by generating multi-step explanations via question-guided reasoning. To facilitate an explainable reasoning process, QACHECK manages the reasoning process by guiding the model to self-generate a series of questions vital for claim verification. Our system, as depicted in Figure 2, is composed of five modules: 1) a claim verifier that assesses whether sufficient information has been gathered to verify the claim, 2) a question generator to generate the next relevant question, 3) a question-answering module to answer the raised question, 4) a QA validator to evaluate the usefulness of the generated (Q, A) pair, and 5) a reasoner to output the final veracity label based on all collected contexts.\n\nQACHECK offers enough adaptability, allowing users to customize the design of each module by integrating with different models. For example, we provide three alternative implementations for the QA component: the retriever-reader model, the FLAN-T5 model, and the GPT3-based reciter-reader model. Furthermore, we offer a user-friendly interface for users to fact-check any input claim and visualize its detailed question-guided reasoning process. The screenshot of our user interface is shown in Figure 4. We will discuss the implementation details of the system modules in Section 3 and some evaluation results in Section 4. Finally, we present the details of the user interface in Section 5. and conclude and discuss future work in Section 6.\n\n## 2 Related Work\n\n**Fact-Checking Systems.** The recent surg"
    },
    "3": {
      "summary": "0, Question Generator \\(\\mathcal{Q}\\), a Question-Answering Model \\(\\mathcal{A}\\), a Validator \\(\\mathcal{V}\\), and a Reasoner \\(\\mathcal{R}\\). We first initialize an empty context \\(\\mathcal{C} = \\emptyset\\). Upon the receipt of a new input claim \\(c\\), the system first utilizes the claim verifier to determine the sufficiency of the existing context to validate the claim, i.e., \\(\\mathcal{D}(c,\\mathcal{C})\\rightarrow\\{\\text{True},\\text{False}\\}\\). If the output is False, the question generator learns to generate the next question that is necessary for verifying the claim, i.e., \\(\\mathcal{Q}(c,\\mathcal{C})\\to q\\). The question-answering model is then applied to answer the question and provide the supported evidence, i.e., \\(\\mathcal{A}(q)\\to a\\), where \\(a\\) is the predicted answer, and \\(e\\) is the retrieved evidence that supports the answer. Afterward, the validator is used to validate the usefulness of the newly-generated (Q, A) pair based on the existing context and the claim, i.e., \\(\\mathcal{V}(c,\\{q,a\\},\\mathcal{C})\\rightarrow\\{\\text{True},\\text{False}\\}\\). If the output is True, the \\((q,a)\\) pair is added into the context \\(C\\). Otherwise, the question generator is asked to generate another question. We repeat this process of calling \\(\\mathcal{D}\\rightarrow\\mathcal{Q}\\rightarrow\\mathcal{A}\\rightarrow\\mathcal{V}\\) until the claim verifier returns a True indicating that the current context \\(C\\) contains sufficient information to verify the claim \\(c\\). In this case, the reasoner module is called to utilize the stored relevant context to justify the veracity of the claim and outputs the final label, i.e., \\(\\mathcal{R}(c,\\mathcal{C})\\rightarrow\\{\\text{Supported},\\text{Refuted}\\}\\). The subsequent sections provide a comprehensive description of the five key modules in QACHECK.\n\n### 3.1 Claim Verifier\n\nThe claim verifier is a central component of QACHECK, with the specific role of determining if the current context information is sufficient to verify the clai"
    },
    "4": {
      "summary": "2023), to function as robust knowledge repositories. The knowledge can be retrieved by properly prompting the model. Drawing from this insight, we introduce the GPT Reciter-Reader approach. Given a question, we prompt the InstructGPT to “recite” the knowledge stored within it, and InstructGPT responds with relevant evidence. The evidence is then fed into a reader model to produce the corresponding answer. While this method, like FLAN-T5, does not rely on a specific corpus, it stands out by using InstructGPT. This offers a more dependable parametric knowledge base than FLAN-T5.\n\nThe above three methods provide a flexible and robust QA module, allowing for switching between the methods as required, depending on the claim being verified and the available contextual information. In the following, we use GPT Reciter-Reader as the default implementation for our QA module.\n\n### 3.4 QA Validator\n\nThe validator module ensures the usefulness of the newly-generated QA pairs. For a QA pair to be valid, it must satisfy two criteria: 1) it brings additional information to the current context \\( C \\), and 2) it is useful for verifying the original claim. We again implement the validator by prompting InstructGPT with a suite of ten demonstrations shown in Appendix A.3. The instruction is as follows:\n\n\\[\\text{Claim} = \\boxed{\\text{CLAIM}}\\]\n\nWe already know the following:\n\n**CONTEXT**\n\nNow we further know:\n\n**NEW QA PAIR**\n\nDoes the QA pair have additional knowledge useful for verifying the claim?\n\nThe validator acts as a safeguard against the system producing redundant or irrelevant QA pairs. Upon validation of a QA pair, it is added to the current context \\( C \\). Subsequently, the system initiates another cycle of calling the claim verifier, question generator, question answering, and validation."
    },
    "5": {
      "summary": "1. Select or input a custom claim\n\n2. Submit to fact-check the input claim\n\n3. Visualize the question-answering guided reasoning process\n\n4. The final prediction result with rationale\n\n5. The final prediction result with rationale\n\n6. The final prediction result with rationale\n\n7. The final prediction result with rationale\n\n8. The final prediction result with rationale\n\n9. The final prediction result with rationale\n\n10. The final prediction result with rationale\n\n11. The final prediction result with rationale\n\n12. The final prediction result with rationale\n\n13. The final prediction result with rationale\n\n14. The final prediction result with rationale\n\n15. The final prediction result with rationale\n\n16. The final prediction result with rationale\n\n17. The final prediction result with rationale\n\n18. The final prediction result with rationale\n\n19. The final prediction result with rationale\n\n20. The final prediction result with rationale\n\n21. The final prediction result with rationale\n\n22. The final prediction result with rationale\n\n23. The final prediction result with rationale\n\n24. The final prediction result with rationale\n\n25. The final prediction result with rationale\n\n26. The final prediction result with rationale\n\n27. The final prediction result with rationale\n\n28. The final prediction result with rationale\n\n29. The final prediction result with rationale\n\n30. The final prediction result with rationale\n\n31. The final prediction result with rationale\n\n32. The final prediction result with rationale\n\n33. The final prediction result with rationale\n\n34. The final prediction result with rationale\n\n35. The final prediction result with rationale\n\n36. The final prediction result with rationale\n\n37. The final prediction result with rationale\n\n38. The final prediction result with rationale\n\n39. The final prediction result with rationale\n\n40. The final prediction result with rationale\n\n41. The final prediction result with rationale\n\n42. The final prediction result with rationa"
    },
    "6": {
      "summary": "1,126 two-hop claims, 1,835 three-hop claims, and 1,039 four-hop claims, while FEVEROUS has 2,962 multi-hop claims. We compare our method with the baselines of directly applying InstructGPT with two different prompting methods: (i) direct prompting with the claim, and (ii) CoT (Wei et al., 2022) or chain-of-thought prompting with few-shot demonstrations of reasoning explanations. We also compare with ProgramFC (Pan et al., 2023), FLAN-T5 (Chung et al., 2022), and Codex (Chen et al., 2021). We use the reported results for the baseline models from Pan et al. (2023).\n\nThe evaluation results are shown in Table 1. Our QACHECK system achieves a macro-F1 score of 55.67, 54.67, and 52.35 on HOVER two-hop, three-hop, and four-hop claims, respectively. It achieves a 59.47 F1 score on FEVEROUS. These scores are better than directly using InstructGPT, Codex, or FLAN-T5. They are also on par with the systems that apply claim decomposition strategies, i.e., CoT, and ProgramFC. The results demonstrate the effectiveness of our QACHECK system. Especially, the QACHECK has better improvement over the end-to-end models on claims with high reasoning depth. This indicates that decomposing a complex claim into simpler steps with question-guided reasoning can facilitate more accurate reasoning.\n\n## 5 User Interface\n\nWe create a demo system based on Flask6 for verifying open-domain claims with QACHECK, as shown in Figure 4. The QACHECK demo is designed to be intuitive and user-friendly, enabling users to input any claim or select from a list of pre-defined claims (top half of Figure 4).\n\nFootnote 6: https://flask.palletsprojects.com/en/2.3.x/\n\nUpon selecting or inputting a claim, the user can start the fact-checking process by clicking the \"Submit\" button. The bottom half of Figure 4 shows a snapshot of QACHECK's output for the input claim \"Lars Onsager won the Nobel prize when he was 30 years old\". The system visualizes the detailed question-guided reasoning process. For each reasoning ste"
    },
    "7": {
      "summary": "2022. Natural logic-guided autoregressive multi-hop document retrieval for fact verification. In Proceedings of the 2022 Conference on Empirical Methods in Natural Language Processing (EMNLP), pp. 6123–6135. Cited by: SS1.\n\n* M. Chakraborty, K. Pahwa, A. Rani, A. Mahor, A. Pakala, A. Sarkar, H. Dave, I. Paul, J. Rudy, P. Gurumurthy, R. G, S. Mukherjee, S. Chatterjee, K. Sesharma, D. Dalal, Suryavandan S, S. Mishra, P. Patwa, A. Chadha, A. P. Sheth, and A. Das (2023)FACTIFY3M: a benchmark for multimodal fact verification with explainability through 5w question-answering. CoRRabs/2306.05523. External Links: Link, 2306.05523 Cited by: SS1.\n\n* D. Chen, A. Fisch, J. Weston, and A. Bordes (2017)Reading wikipedia to answer open-domain questions. In Proceedings of the 55th Annual Meeting of the Association for Computational Linguistics (ACL), pp. 1870-1879. Cited by: SS1.\n\n* M. Chen, J. Tworek, H. Jun, Q. Yuan, H. Ponde de Oliveira Pinto, J. Kaplan, H. Edwards, Y. Burda, N. Joseph, G. Brockman, A. Ray, R. Puri, G. Krueger, M. Petrov, H. Khlaaf, G. Sastry, P. Mishkin, B. Chan, S. Gray, N. Ryder, M. Pavlov, A. Power, L. Kaiser, M. Bavarian, C. Winter, P. Tillet, F. Petroski Such, D. Cummings, M. Plappert, F. Chantzis, E. Barnes, A. Herbert-Voss, W. Hebgen Guss, A. Nichol, A. Paino, N. Tezak, J. Tang, I. Babuschkin, S. Balaji, S. Jain, W. Saunders, C. Hesse, A. N. Carr, J. Leike, J. Achiam, V. Misra, E. Morikawa, A. Radford, M. Knight, M. Brundage, M. Murati, K. Mayer, P. Welinder, B. McGrew, D. Amodei, S. McCandlish, I. Sutskever, and W. Zaremba (2021)Evaluating large language models trained on code. ArXiv preprintabs/2107.03374. Cited by: SS1.\n\n* W. Chen, H. Wang, J. Chen, Y. Zhang, H. Wang, S. Li, X. Zhou, and W. Yang (2020)Tabfact: a large-scale dataset for table-based fact verification. In Proceedings of 8th International Conference on Learning Representations (ICLR), Cited by: SS1.\n\n* A. Chernyavskiy, D. Ilvovsky, and P. Nakov (2021)Whatthewikifact: fact-checking claims "
    },
    "8": {
      "summary": "0.0"
    },
    "9": {
      "summary": "0.5\n\nStephen E. Robertson and Hugo Zaragoza. 2009. The probabilistic relevance framework: BM25 and beyond. *Journal of Foundations and Trends in Information Retrieval*, 3(4):333–389.\n\nChris Samarinas, Wynne Hsu, and Mong-Li Lee. 2021. Improving evidence retrieval for automated explainable fact-checking. In *Proceedings of the 2021 Conference of the North American Chapter of the Association for Computational Linguistics: Human Language Technologies: System Demonstrations, (NAACL-HLT)*, pages 84–91.\n\nAvi Sil, Jaydeep Sen, Bhavani Iyer, Martin Franz, Kshitij Fadnis, Mihaela Bornea, Sara Rosenthal, J. Scott McCarley, Rong Zhang, Vishwajeet Kumar, Yulong Li, Md. Arafat Sultan, Riyaz Bhat, Jürgen Broß, Radu Florian, and Salim Roukos. 2023. Primeqa: The prime repository for state-of-the-art multilingual question answering research and development. In *Proceedings of the 61st Annual Meeting of the Association for Computational Linguistics: System Demonstrations (ACL)*, pages 51–62.\n\nZhiqing Sun, Xuezhi Wang, Yi Tay, Yiming Yang, and Denny Zhou. 2023. Recitation-augmented language models. In *Proceedings of the 11th International Conference on Learning Representations (ICLR)*.\n\nHugo Touvron, Thibaut Lavril, Gautier Izacard, Xavier Martinet, Marie-Anne Lachaux, Timothée Lacroix, Baptiste Rozière, Naman Goyal, Eric Hambro, Faisal Azhar, Aurélien Rodriguez, Armand Joulin, Edouard Grave, and Guillaume Lample. 2023. Llama: Open and efficient foundation language models. *CoRR*, abs/2302.13971.\n\nJason Wei, Xuezhi Wang, Dale Schuurmans, Maarten Bosma, Ed H. Chi, Quoc Le, and Denny Zhou. 2022. Chain of thought prompting elicits reasoning in large language models. *CoRR*, abs/2201.11903.\n\nRui Xing, Shraey Bhatia, Timothy Baldwin, and Jey Han Lau. 2022. Automatic explanation generation for climate science claims. In *Proceedings of the 20th Annual Workshop of the Australasian Language Technology Association (ALTA)*, pages 122–129.\n\nWenhao Yu, Dan Iter, Shuohang Wang, Yichong Xu, Mingxu"
    },
    "10": {
      "summary": "1\n\n:\n\n:\n\n:\n\n:\n\n:\n\n:\n\n:\n\n:\n\n:\n\n:\n\n:\n\n:\n\n:\n\n:\n\n:\n\n:\n\n:\n\n:\n\n:\n\n:\n\n:\n\n:\n\n:\n\n:\n\n:\n\n:\n\n:\n\n:\n\n:\n\n:\n\n:\n\n:\n\n:\n\n:\n\n:\n\n:\n\n:\n\n:\n\n:\n\n:\n\n:\n\n:\n\n:\n\n:\n\n:\n\n:\n\n:\n\n:\n\n:\n\n:\n\n:\n\n:\n\n:\n\n:\n\n:\n\n:\n\n:\n\n:\n\n:\n\n:\n\n:\n\n:\n\n:\n\n:\n\n:\n\n:\n\n:\n\n:\n\n:\n\n:\n\n:\n\n:\n\n:\n\n:\n\n:\n\n:\n\n:\n\n:\n\n:\n\n:\n\n:\n\n:\n\n:\n\n:\n\n:\n\n:\n\n:\n\n:\n\n:\n\n:\n\n:\n\n:\n\n:\n\n:\n\n:\n\n:\n\n:\n\n:\n\n:\n\n:\n\n:\n\n:\n\n:\n\n:\n\n:\n\n:\n\n:\n\n:\n\n:\n\n:\n\n:\n\n:\n\n:\n\n:\n\n:\n\n:\n\n:\n\n:\n\n:\n\n:\n\n:\n\n:\n\n:\n\n:\n\n:\n\n:\n\n:\n\n:\n\n:\n\n:\n\n:\n\n:\n\n:\n\n:\n\n:\n\n:\n\n:\n\n:\n\n:\n\n:\n\n:\n\n:\n\n:\n\n:\n\n:\n\n:\n\n:\n\n:\n\n:\n\n:\n\n:\n\n:\n\n:\n\n:\n\n:\n\n:\n\n:\n\n:\n\n:\n\n:\n\n:\n\n:\n\n:\n\n:\n\n:\n\n:\n\n:\n\n:\n\n:\n\n:\n\n:\n\n:\n\n:\n\n:\n\n:\n\n:\n\n:\n\n:\n\n:\n\n:\n\n:\n\n:\n\n:\n\n:\n\n:\n\n:\n\n:\n\n:\n\n:\n\n:\n\n:\n\n:\n\n:\n\n:\n\n:\n\n:\n\n:\n\n:\n\n:\n\n:\n\n:\n\n:\n\n:\n\n:\n\n:\n\n:\n\n:\n\n:\n\n:\n\n:\n\n:\n\n:\n\n:\n\n:\n\n:\n\n:\n\n:\n\n:\n\n:\n\n:\n\n:\n\n:\n\n:\n\n:\n\n:\n\n:\n\n:\n\n:\n\n:\n\n:\n\n:\n\n:\n\n:\n\n:\n\n:\n\n:\n\n:\n\n:\n\n:\n\n:\n\n:\n\n:\n\n:\n\n:\n\n:\n\n:\n\n:\n\n:\n\n:\n\n:\n\n:\n\n:\n\n:\n\n:\n\n:\n\n:\n\n:\n\n:\n\n:\n\n:\n\n:\n\n:\n\n:\n\n:\n\n:\n\n:\n\n:\n\n:\n\n:\n\n:\n\n:\n\n:\n\n:\n\n:\n\n:\n\n:\n\n:\n\n:\n\n:\n\n:\n\n:\n\n:\n\n:\n\n:\n\n:\n\n:\n\n:\n\n:\n\n:\n\n:\n\n:\n\n:\n\n:\n\n:\n\n:\n\n:\n\n:\n\n:\n\n:\n\n:\n\n:\n\n:\n\n:\n\n:\n\n:\n\n:\n\n:\n\n:\n\n:\n\n:\n\n:\n\n:\n\n:\n\n:\n\n:\n\n:\n\n:\n\n:\n\n:\n\n:\n\n:\n\n:\n\n:\n\n:\n\n:\n\n:\n\n:\n\n:\n\n:\n\n:\n\n:\n\n:\n\n:\n\n:\n\n:\n\n:\n\n:\n\n:\n\n:\n\n:\n\n:\n\n:\n\n:\n\n:\n\n:\n\n:\n\n:\n\n:\n\n:\n\n:\n\n:\n\n:\n\n:\n\n:\n\n:\n\n:\n\n:\n\n:\n\n:\n\n:\n\n:\n\n:\n\n:\n\n:\n\n:\n\n:\n\n:\n\n:\n\n:\n\n:\n\n:\n\n:\n\n:\n\n:\n\n:\n\n:\n\n:\n\n:\n\n:\n\n:\n\n:\n\n:\n\n:\n\n:\n\n:\n\n:\n\n:\n\n:\n\n:\n\n:\n\n:\n\n:\n\n:\n\n:\n\n:\n\n:\n\n:\n\n:\n\n:\n\n:\n\n:\n\n:\n\n:\n\n:\n\n:\n\n:\n\n:\n\n:\n\n:\n\n:\n\n:\n\n:\n\n:\n\n:\n\n:\n\n:\n\n:\n\n:\n\n:\n\n:\n\n:\n\n:\n\n:\n\n:\n\n:\n\n:\n\n:\n\n:\n\n:\n\n:\n\n:\n\n:\n\n:\n\n:\n\n:\n\n:\n\n:\n\n:\n\n:\n\n:\n\n:\n\n:\n\n:\n\n:\n\n:\n\n:\n\n:\n\n:\n\n:\n\n:\n\n:\n\n:\n\n:\n\n:\n\n:\n\n:\n\n:\n\n:\n\n:\n\n:\n\n:\n\n:\n\n:\n\n:\n\n:\n\n:\n\n:\n\n:\n\n:\n\n:\n\n:\n\n:\n\n:\n\n:\n\n:\n\n:\n\n:\n\n:\n\n:\n\n:\n\n:\n\n:\n\n:\n\n:\n\n:\n\n:\n\n:\n\n:\n\n:\n\n:\n\n:\n\n:\n\n:\n\n:\n\n:\n\n:\n\n:\n\n:\n\n:\n\n:\n\n:\n\n:\n\n:\n\n:\n\n:\n\n:\n\n:\n\n:\n\n:\n\n:\n\n:\n\n:\n\n:\n\n:\n\n:\n\n:\n\n:\n\n:\n\n:\n\n:\n\n:\n\n:\n\n:\n\n:\n\n:\n\n:\n\n:\n\n:\n\n:\n\n:\n\n:\n\n:\n\n:\n\n:\n\n:\n\n:\n\n:\n\n:\n\n:\n\n:\n\n:\n\n:\n\n:\n\n:\n\n:\n\n:\n\n:\n\n:\n\n:\n\n:\n\n:\n\n:\n\n:\n\n:\n\n:\n\n:\n\n:\n\n:\n\n:\n\n:\n\n:\n\n:\n\n:\n\n:\n\n:\n\n:\n\n:\n\n:\n\n:\n\n:\n\n:\n\n:\n\n:\n\n:\n\n:\n\n:\n\n:\n\n:\n\n:\n\n:\n\n:\n\n:\n\n:\n\n:\n\n:\n\n:\n\n:\n\n:\n\n:\n\n:\n\n:\n\n:\n\n:\n\n:\n\n:\n\n:\n\n:\n\n:\n\n:\n\n:\n\n:\n\n:\n\n:\n\n:\n\n:\n\n:\n\n:\n\n:\n\n:\n\n:\n\n:\n\n:\n\n:\n\n:\n\n:\n\n:\n\n:\n\n:\n\n:\n\n:\n\n:\n\n:\n\n:\n\n:\n\n:\n\n:\n\n:\n\n:\n\n:\n\n:\n\n:\n\n:\n\n:\n\n:\n\n:\n\n:\n\n:\n\n:\n\n:\n\n:\n\n:\n\n:\n\n:\n\n:\n\n:\n\n:\n\n:\n\n:\n\n:\n\n:\n\n:\n\n:\n\n:\n\n:\n\n:\n\n:\n\n:\n\n:\n\n:\n\n:\n\n:\n\n:\n\n:\n\n:\n\n:\n\n:\n"
    }
  }
}
