{
  "doc_id": "3276a5b991c49cf5f9a4af0f7d6fce67.pdf",
  "pages": {
    "1": {
      "summary": "2:18-cv-12857-DML-RSW ECF No. 1 filed 09/13/18 PageID.1 Page 1 of 16\n\nUNITED STATES DISTRICT COURT EASTERN DISTRICT OF MICHIGAN SOUTHERN DIVISION\n\nUnited States of America,\n\nCivil Case No:\n\nPlaintiff,\n\nvs.\n\nHonorable\n\nOne (1) Mont Blanc Limited Edition America’s Signature for Freedom, Abraham Lincoln Themed Pen, Serial Number 11,\n\nDefendant in rem.\n\nComplaint For Forfeiture\n\nPlaintiff, the United States of America, by and through Matthew Schneider, United States Attorney, and Adriana Dydell, Assistant United States Attorney, state the following in support of this Complaint for Forfeiture:\n\n1. This is an in rem civil forfeiture action under Title 18, United States Code, Sections 981(a)(1)(A), 981(a)(1)(C).\n\n2. This Court has original jurisdiction over this forfeiture action under Title 28, United States Code, Section 1345 because this action is being commenced by the United States of America as Plaintiff.\n\n3. This Court has jurisdiction over this forfeiture action under Title 28, United States Code, Sections 1355(b)(1)(A) and (B), because the acts giving rise to"
    },
    "2": {
      "summary": "18-cv-12857-DML-RSW ECF No. 1 filed 09/13/18 PageID.2 Page 2 of 16\n\nforfeiture occurred in the Eastern District of Michigan and because the property\n\nwas found in the Eastern District of Michigan.\n\n4. Venue is proper before this Court under Title 28, United States Code,\n\nSection 1391(b)(2) because a substantial part of the events or omissions giving rise\n\nto Plaintiff's claims occurred in the Eastern District of Michigan.\n\n5. Venue is also proper before this Court under Title 28, United States\n\nCode, Section 1395(a) and (b) because the action accrued and/or because the\n\nDefendant in rem was found and seized in the Eastern District of Michigan.\n\n**Defendant In Rem**\n\n6. The Defendant in rem consists of the following: One (1) Mont Blanc\n\nLimited Edition America’s Signature for Freedom, Abraham Lincoln Themed Pen,\n\nSerial Number 11 (also described as, the “Defendant Property”).\n\n7. Agents of the Federal Bureau of Investigation (“FBI”) seized the\n\nDefendant Property on or around August 23, 2017, under a federal seizure warrant.\n\nFBI currently has custody of the Defendant Property.\n\n**Possible Companion Case**\n\n8. There is a possible companion criminal case pending in the Eastern\n\nDistrict of Michigan: United States v. Jerome Durden, et al. (Case No. 17-cr-\n\n20406, Hon. Paul D. Borman, presiding)."
    },
    "3": {
      "summary": "2:18-cv-12857-DML-RSW ECF No. 1 filed 09/13/18 PageID.3 Page 3 of 16\n\nViolation Statutes\n\n9. Title 18, United States Code, Section 1341 makes it a federal offense for anyone, having devised any scheme or artifice to defraud, to place in any post office or authorized depository for mail or cause to be delivered by mail in interstate or foreign commerce any matter for the purpose of executing such scheme or artifice.\n\n10. Title 18, United States Code, Section 1343 makes it a federal offense for anyone, having devised any scheme or artifice to defraud, to transmit or cause to be transmitted in interstate or foreign commerce a wire communication for the purpose of executing such scheme or artifice.\n\n11. Title 18, United States Code, Section 1956(a)(1)(B)(i) makes it a federal offense for anyone, knowing that property involved in a financial transaction represents the proceeds of some form of unlawful activity, to conduct or attempt to conduct such a financial transaction, which in fact involves the proceeds of specified unlawful activity, knowing that the transaction is designed in whole or in part to conceal or disguise the nature, the location, the source, the ownership, or the control of the proceeds of specified unlawful activity.\n\n12. Title 18, United States Code, Section 1957 makes it unlawful for any person to knowingly engage or attempt to engage in a monetary transaction in"
    },
    "4": {
      "summary": "2:18-cv-12857-DML-RSW ECF No. 1 filed 09/13/18 PageID.4 Page 4 of 16\n\ncriminally derived property of a value greater than $10,000 if the property is in fact\n\nderived from specified unlawful activity.\n\n**Statutory Basis for Civil Forfeiture**\n\n13. Title 18, United States Code, Section 981(a)(1)(A) provides for civil\n\nforfeiture of any property, real or personal, involved in a transaction or attempted\n\ntransaction in violation of 18 U.S.C. §§ 1956, 1957 or 1960, or any property\n\ntraceable to such property.\n\n14. Title 18, United States Code, Section 981(a)(1)(C) provides for civil\n\nforfeiture to the United States of, “[a]ny property, real or personal, which\n\nconstitutes or is derived from proceeds traceable to a violation of . . . any offense\n\nconstituting “specified unlawful activity” (as defined in section 1956(c)(7) of this\n\ntitle), or a conspiracy to commit such offense.”\n\n15. Title 18, United States Code, Section 1956(c)(7) defines “specified\n\nunlawful activity” to include any act or activity constituting an offense listed in\n\nTitle 18, United States Code, Section 1961(1) and other specified offenses. Title\n\n18, United States Code, Sections 1341, 1343, 1956, and 1957 are specified\n\nunlawful activities under Title 18, United States Code, Sections 1956(c)(7) and/or\n\n1961(1)(B)."
    },
    "5": {
      "summary": "2:18-cv-12857-DML-RSW ECF No. 1 filed 09/13/18 PageID.5 Page 5 of 16\n\nBackground of Related Criminal Investigation\n\n16. Special Agents of the FBI, the U.S. Department of Labor (“DOL”)\n\nand the Internal Revenue Service – Criminal Investigation division (“IRS-CI”)\n\nparticipated in an investigation into union corruption, commercial bribery,\n\nembezzlement, money laundering, and related criminal offenses.\n\nRelevant Organizations and Individuals\n\n17. Fiat Chrysler Automobiles US LLC was an automotive company\n\nbased in Auburn Hills, Michigan, and the successor to the automotive company\n\nformerly known as Chrysler Group LLC. Both are referred to here as “FCA.” FCA\n\nmanufactured and sold automobiles in the United States under brands such as\n\nChrysler, Jeep, Dodge, and Ram.\n\n18. Alphons Iacobelli (“Iacobelli”) was the FCA Vice President for\n\nEmployee Relations from 2008 until 2015. As the FCA Vice President for\n\nEmployee Relations, Iacobelli was FCA’s lead representative for labor relations\n\nand had lead responsibility for managing FCA’s relationship with the UAW.\n\nIacobelli was the senior FCA official responsible for negotiating with the UAW\n\nand for administering the collective bargaining agreements between FCA and the\n\nUAW.\n\n19. Jerome Durden (“Durden”) was an FCA Financial Analyst and a\n\nmember of the FCA Corporate Accounting Department."
    },
    "6": {
      "summary": "2:18-cv-12857-DML-RSW ECF No. 1 filed 09/13/18 PageID.6 Page 6 of 16\n\n20. The International Union, United Automobile, Aerospace, and Agricultural Implement Workers of America (\"UAW\") was a labor organization based in Detroit, Michigan. The UAW represented tens of thousands of non-managerial employees employed by FCA at numerous locations in Michigan and across the United States.\n\n21. From 2008 through 2014, UAW Vice President General Holiefield (\"Holiefield\") was the senior UAW officer responsible for negotiating with FCA and for administering the collective bargaining agreements between the UAW and FCA on behalf of tens of thousands of FCA employees represented by the UAW. Holiefield was the senior UAW official responsible for resolving disputes and grievances that arose under the collective bargaining agreements between the UAW and FCA. Monica Morgan was the girlfriend and, later, the spouse of UAW Vice President Holiefield.\n\n22. The UAW-Chrysler Skill Development & Training Program d/b/a the UAW-Chrysler National Training Center (\"NTC\") was a tax-exempt corporation based in Detroit, Michigan. The NTC purported to function as a labor management committee under the Labor Management Relations Act, 29 U.S.C. § 186(c)(9). The stated purpose of the NTC was to provide for the education, training, and retraining of workers."
    },
    "7": {
      "summary": "2:18-cv-12857-DML-RSW ECF No. 1 filed 09/13/18 PageID.7 Page 7 of 16\n\n23. The governing body of the NTC was known as the Joint Activities Board. The Vice President of Employee Relations of FCA and the Vice President for the Chrysler Department of the UAW served as the Chairmen of the NTC Joint Activities Board. The remainder of the Joint Activities Board was made up of senior officials from FCA and the UAW. Iacobelli and Holiefield were the Co-Chairmen of the NTC Joint Activities Board from in or before 2008 through 2014. Jerome Durden served as the controller of the NTC from in or about 2008 through 2015.\n\n**Collective Bargaining Agreements between FCA and the UAW**\n\n24. Approximately every four years FCA and the UAW engaged in national negotiations resulting in collective bargaining agreements that set wages, attendance policies, profit sharing, ratification bonuses, holidays, and other working conditions for FCA employees represented by the UAW.\n\n25. In 2011 and 2015, FCA and the UAW held national negotiation sessions that resulted in ratified collective bargaining agreements covering tens of thousands of FCA employees represented by the UAW.\n\n**The Labor Management Relations Act**\n\n26. The Labor Management Relations Act, commonly known as the Taft Hartley Act, prohibits employers and persons acting in the interest of employers from paying, lending, or delivering, or agreeing to pay, lend, or deliver, any money"
    },
    "8": {
      "summary": "2:18-cv-12857-DML-RSW ECF No. 1 filed 09/13/18 PagelD.8 Page 8 of 16\n\nor other thing of value to any officer or employee of a labor organization\n\nrepresenting its employees.\n\n27. The Labor Management Relations Act also prohibits any officer or\n\nemployee of a labor organization representing the employees of an employer from\n\nreceiving, accepting, or agreeing to receive or accept, any money or other thing of\n\nvalue from that employer or from any person acting in the interest of that\n\nemployer.\n\n28. One of the purposes of the Labor Management Relations Act was to\n\ncombat the corruption of the collective bargaining process that occurs when a\n\nunion employer gives something of value to a union representative.\n\nCriminal Investigation\n\n29. The investigation revealed that over several years, FCA Vice\n\nPresident Iacobelli, FCA Financial Analyst Jerome Durden, and other co-\n\nconspirators, unlawfully paid and delivered, money and things of value to officers\n\nand employees of the UAW, including UAW Vice President Holiefield.\n\n30. FCA Vice President Iacobelli, FCA Financial Analyst Durden, and\n\ntheir co-conspirators used NTC bank accounts and NTC credit card accounts to\n\nbenefit officers and employees of the UAW, knowing that those individuals were\n\nnot permitted to receive the money and other things of value. Over the course of\n\nthe conspiracy, Iacobelli, Durden, and others unlawfully paid and delivered more"
    },
    "9": {
      "summary": "2:18-cv-12857-DML-RSW ECF No. 1 filed 09/13/18 PageID.9 Page 9 of 16\n\nthan $1.5 million in prohibited payments and things of value directly and indirectly to UAW Vice President General Holiefield and other senior UAW officials. The prohibited payments and things of value included personal travel, designer clothing, furniture, jewelry, custom made items, and paying off the mortgage on the personal residence of Holiefield and Monica Morgan.\n\n31. Iacobelli, Durden, and others were charged in Eastern District of Michigan, criminal case number 17-20406. On or about August 8, 2017, Durden pled guilty to Conspiracy to Defraud the United States and Failure to File a Tax Return. On or about January 23, 2018, Iacobelli pled guilty to Conspiracy to Violate the Labor Management Relations Act and Subscribing a False Tax Return.\n\nEmbezzlement of NTC Funds by Alphons Iacobelli\n\n32. The Defendant Property constitutes property derived from the embezzlement of NTC funds and constitutes proceeds of Wire Fraud and/or Mail Fraud and/or property involved in money laundering. Evidence supporting this determination includes, but is not limited to, the following:\n\na. In addition to payments to Holiefield and other UAW officials, Iacobelli also utilized NTC funds for personal enrichment. Beginning in September 2012, Iacobelli embezzled over $1,300,000 of NTC funds for his own personal use. These included the purchase of an exotic sports car and the use of credit cards for hundreds of thousands of dollars in personal expenses, all paid from NTC funds."
    },
    "10": {
      "summary": "2:18-cv-12857-DML-RSW ECF No. 1 filed 09/13/18 PageID.10 Page 10 of 16\n\nAs is set forth in greater detail below, Iacobelli also utilized NTC money to pay for\n\ntwo Mont Blanc pens, including the Defendant Property, valued at approximately\n\n$35,700 each.\n\nb. NTC submitted a proof of loss to Traveler's Insurance Company dated\n\nOctober 21, 2016. The sworn proof of loss presented a claim by the NTC for $1.8\n\nmillion based on alleged employee dishonesty and theft. Included in the $1.8\n\nmillion loss amount was the claim that, between 2010 and 2015, Iacobelli had\n\ncaused the NTC to pay $1,055,881 for personal credit card expenses for himself\n\nand his family. The NTC proof of loss further stated that Durden “was aware of\n\nand participated in the thefts” involving credit card payments.\n\nc. Durden provided agents with information on Iacobelli’s misuse and\n\nembezzlement of hundreds of thousands of dollars in NTC funds. Durden\n\nconfirmed that, over a period of several years, he received numerous partial copies\n\nof credit card statements from Iacobelli on which Iacobelli’s home address was\n\nremoved or redacted. At Iacobelli’s direction, Durden issued numerous NTC\n\nchecks to pay for those credit card charges. Information developed in this\n\ninvestigation confirms that the NTC regularly made the subject payments to credit\n\ncard companies by U.S. mail and/or by private express mail.\n\nd. On April 17, 2015, NTC bank records revealed NTC check number\n\n00155602, dated May 14, 2014, payable to First Independence Bank, in the amount"
    },
    "11": {
      "summary": "2:18-cv-12857-DML-RSW ECF No. 1 filed 09/13/18 PageID.11 Page 11 of 16\n\nof two hundred thousand and four dollars ($200,004.00). The reverse side of the\n\ncheck showed that this check was used to purchase cashier's check, number 35918.\n\nCashier's check number 35918, dated May 14, 2014 was made payable to Naples\n\nMotorsports (NMS), in the amount of $200,000. First Independence Bank receipt\n\nidentified that a service fee of four dollars ($4.00) was charged to purchase the\n\ncashier's check. Further investigation revealed that Iacobelli purchased a red 2013\n\nFerrari 458 Spider convertible from NMS for three hundred thirty nine thousand,\n\nnine hundred and ninety five dollars ($339,995.00).\n\n**Mont Blanc Pens**\n\ne. Bank records obtained in this investigation show that in September\n\n2012, the NTC issued a check, number 150301, to a company known as Mont\n\nBlanc in the amount of $35,000.\n\nf. Subsequently, in February 2013, a second check, number 151545, in\n\nthe amount of $40,684 was issued by the NTC payable to Mont Blanc.\n\ng. The two NTC checks to Mont Blanc were each deposited into a Bank\n\nof America bank account. Based on training and experience, agents are informed\n\nand believe that Bank of America checks deposited in Michigan are processed in\n\nChicago, IL."
    },
    "12": {
      "summary": "2:18-cv-12857-DML-RSW ECF No. 1 filed 09/13/18 PageID.12 Page 12 of 16\n\nh. Records obtained from Mont Blanc's parent company, Richemont,\n\nrevealed that the two checks from the NTC were used to purchase two limited\n\nedition pens commemorating Abraham Lincoln and costing $35,700 each.\n\ni. As part of the investigation, FBI also reviewed two receipts from the\n\nMont Blanc store in Troy, Michigan. The first receipt, for $35,000, was issued on\n\nSeptember 11, 2012 at 8:05 p.m. The second receipt, for $40,684, was issued on\n\nFebruary 14, 2013 at 3:27 p.m. Agents are informed and believe that the first check\n\nwas a deposit for the two pens and that the second check paid the remaining\n\nbalance for the pens when they were picked up from the Troy store.\n\nj. Agents are aware that Mont Blanc is a high-end manufacturing/retail\n\nchain specializing in writing instruments, leather goods, and watches, etc. A\n\nJanuary 31, 2013 article on the website http://ww.d.com/fashion-news/fashion-\n\nscoops/presidential-pen-pal-6679141/, entitled: “MONTBLANC PAYS HOMAGE\n\nTO LINCOLN” reported “Coinciding with the French release of the film ‘Lincoln’\n\nand marking President’s Day, Montblanc will launch a limited-edition pen on Feb.\n\n18 that pays homage to the U.S.’ 16th president. The writing instrument features\n\nthe 36 state names that formed the confederation at the time of Abraham Lincoln’s\n\nassassination, plus his birth and death dates and signature. The pen’s clip shows\n\nLincoln’s portrait in gold and has a sapphire. On the nib is engraved ‘America’s\n\nSignature for Freedom.’ Fifty pens (to echo the number of states in the U.S.) are to"
    },
    "13": {
      "summary": "2:18-cv-12857-DML-RSW ECF No. 1 filed 09/13/18 PagelD.13 Page 13 of 16\n\nbe available in Montblanc stores for 27,850 euros, or $37,805 at current exchange,\n\neach.\"\n\nk. Based on their investigation of this matter, agents are informed and\n\nbelieve that all Mont Blanc pens are made in Hamburg, Germany. The\n\nGovernment is informed and believes that the pens reserved by Iacobelli in\n\nSeptember 2012 were manufactured in Germany and shipped to the Mont Blanc\n\nstore in Troy, Michigan for Iacobelli in February 2013.\n\n1. The Richemont records showed that both pens were purchased by\n\nIacobelli who provided his address to Mont Blanc. According to the Richemont\n\ndocuments, each pen was accompanied by a handmade, leather bound book about\n\nthe President who the pen commemorates, and was packed in a special box. Mont\n\nBlanc recorded the owners of the pens purchased by Iacobelli with NTC funds as\n\nhaving the last names of Iacobelli and\n\nm. On October 24, 2016, was interviewed by agents.\n\nwas a former co-worker During the interview,\n\ninformed agents that Iacobelli bragged to her about a Mont Blanc pen that\n\nhe carried in his shirt pocket costing $25,000. Iacobelli also informed that\n\nthe pen was a gift from his neighbor who was a podiatrist. Open source records\n\nreviewed by agents reveal that Iacobelli lived two houses from a podiatrist named"
    },
    "14": {
      "summary": "2:18-cv-12857-DML-RSW ECF No. 1 filed 09/13/18 PagelD.14 Page 14 of 16\n\nn. On July 31, 2017, agents contacted who stated that\n\nhe was in possession of the Lincoln commemorative Mont Blanc pen.\n\nadded that he ordered the pen, but that Iacobelli paid for both and\n\nIacobelli's pens.\n\nCLAIM FOR RELIEF\n\n33. Plaintiff re-alleges and incorporates by reference each and every\n\nallegation contained in Paragraphs 1 through 32 and the subparagraphs therein.\n\n34. The Defendant Property is forfeitable to the United States of America\n\npursuant to Title 18, United States Code, Sections 981(a)(1)(A), (a)(1)(C) as\n\nproceeds traceable to violations of Title 18, United States Code, Sections 1341\n\nand/or 1343 and/or as proceeds or property involved in Money Laundering, in\n\nviolation of Title 18, United States Code, Sections 1956 and/or 1957.\n\nCONCLUSION AND RELIEF\n\nPlaintiff respectfully requests that the Court issue a warrant for the arrest of\n\nthe Defendant in rem; that due notice be given to all interested parties to appear\n\nand show cause why forfeiture should not be decreed; that judgment be entered\n\ndeclaring the Defendant in rem to be condemned and forfeited to the United States\n\nfor disposition according to law; and that the United States be granted such other\n\nand further relief as this Court may deem just and proper together with costs and\n\ndisbursements of this action."
    },
    "15": {
      "summary": "2:18-cv-12857-DML-RSW ECF No. 1 filed 09/13/18 PagelD.15 Page 15 of 16\n\nRespectfully submitted,\n\nMATTHEW SCHNEIDER\nUnited States Attorney\n\nADRIANA DYDELL\nAssistant United States Attorney\n211 W. Fort Street, Suite 2001\nDetroit, Michigan 48226\n(313) 226-9125\nadriana.dydell@usdoj.gov\n(Dated: September 7, 2018) (CA. Bar No. 239516)"
    },
    "16": {
      "summary": "2:18-cv-12857-DML-RSW ECF No. 1 filed 09/13/18 PagelD.16 Page 16 of 16\n\nVERIFICATION\n\nI, Marc Silski, am a Special Agent of the Federal Bureau of Investigation\n\n(\"FBI\"). I have read the foregoing Complaint for Forfeiture, and declare under\n\npenalty of perjury of the laws of the United States of America that the facts\n\ncontained therein are true to the best of my knowledge and belief, based upon\n\nknowledge possessed by me and/or on information received from other law\n\nenforcement agents.\n\nSpecial Agent Marc Silski\n\nFederal Bureau of Investigation\n\nDated: September 6 , 2018"
    }
  }
}
