{
  "doc_id": "7c3f6204b3241f142f0f8eb8e1fefe7a.pdf",
  "pages": {
    "1": {
      "summary": "2013 09:42AMEST\n\nFiling ID 48897809\n\nCase Number 515,2012\n\nNot Reported in A.3d, 2012 WL 3860732 (Del.Super.)\n\nC\n\nOnly the Westlaw citation is currently available.\n\nUNPUBLISHED OPINION. CHECK COURT RULES BEFORE CITING.\n\nSuperior Court of Delaware.\nRe: Diane HANSON\nv.\nDELAWARE STATE PUBLIC INTEGRITY COMMISSION.\n\nC.A. No. 11A-06-001(ESB).\nAug. 30, 2012.\n\nCharles Slanina, Esq., David L. Finger, Esq. Finger, Slanina & Liebesman, LLC, Hockessin, DE.\n\nJanet A. Wright, Esq., Delaware State Public Integrity Commission, Dover, DE.\n\nE. SCOTT BRADLEY, Judge.\n*1 Dear Counsel:\n\nThis is my decision on Diane Hanson's appeal of the Delaware State Public Integrity Commission's (“PIC”) finding that she violated the State Employees,' Officers' and Officials' Code of Conduct (the “Code of Conduct”) when, as a town commissioner for Dewey Beach, she voted in favor of an ordinance purportedly clarifying the height limit applicable to structures in the Resort Business–1 (“RB–1”) zoning district in Dewey Beach. This case arises out of the efforts by Dewey Beach Enterprises (“DBE”) to develop a commercial development known as Ruddertown in Dewey Beach, litigation filed by DBE against Dewey Beach, Hanson and other Dewey Beach officials when its development efforts were unsuccessful, and Dewey Beach's efforts to deal with that litigation. Hanson was at all times relevant hereto a Dewey Beach town commissioner, a resident of Dewey Beach, and an owner of two oceanside rental properties in Dewey Beach. DBE submitted to the Dewey Beach town commissioners a Concept Plan to re-develop Ruddertown, which is located in the RB–1 zoning district. The Concept Plan proposed, among other things, a 120 room five-star hotel and condominium in a structure that was to be 68 feet tall. Hanson and other Dewey Beach officials in the United States District Court for the District of Delaware, alleging a host of constitutional and other violations (the “Federal Case”). DBE sued Hanson in both her official and individ"
    },
    "2": {
      "summary": "2012 WL 3860732 (Del.Super.) (Cite as: 2012 WL 3860732 (Del.Super.))\n\nallowing the Concept Plan to proceed and sent the ordinance to the Planing & Zoning Commission for review. The Planning & Zoning Commission voted to reject the ordinance on October 19, 2007. The town commissioners voted unanimously to reject the ordinance on November 10, 2007.\n\n*2 DBE then submitted an application for a building permit and a site plan for a three-story, mixed-use structure for an expansion of Ruddertowne in early November, 2007. The site plan would expand Ruddertowne by removing portions of the existing commercial building and adding a parking garage and 62 residential units in a structure that would only be 35 feet tall. Dewey Beach told DBE that its alternative plan did not comply with a provision of Dewey Beach's zoning code requiring a 3,600 square-foot lot for each residential unit. DBE appealed this decision to the Board of Adjustment on January 23, 2008. The Board of Adjustment denied DBE's appeal, reasoning that DBE's site plan did not meet the minimum lot requirement. DBE filed an appeal of this decision with the Superior Court, which affirmed the Board of Adjustment's decision. [FN1] DBE then filed an appeal of the Superior Court's decision with the Supreme Court, which reversed the Superior Court's decision and ruled in favor of DBE, concluding that the minimum lot requirement was ambiguous. [FN2]\n\nFN1. Dewey Beach Enterprises, Inc., v. Board of Adjustment of the Town of Dewey Beach, 2009 WL 2365676 (Del.Super. July 30, 2009).\n\nFN2. Dewey Beach Enterprises, Inc., v. Board of Adjustment of the Town of Dewey Beach, 1 A.3d 305 (Del.2010).\n\nWhile DBE's site plan was working its way through the zoning and appeal process, DBE submitted building permit applications to Dewey Beach for Phases II and III of its Concept Plan on April 4, 2008. DBE also repeatedly asked Dewey Beach to either process its building permit applications, or place them before the Board of Adjustment. Dewe"
    },
    "3": {
      "summary": "2012 WL 3860732 (Del.Super.) did not have a constitutionally protected property right and because there was no viable procedural due process claim for legislative acts; (6) no regulatory taking occurred because DBE had not sought a state remedy and viable uses of the property remained; (7) there were no actionable First Amendment claims because Dewey Beach did not engage in retaliation and would have reached the same determination irrespective of the party involved; (8) the state law estoppel claim failed because the alleged damages were not recoverable in an estoppel claim under Delaware law; and (9) DBE's § 1985 and § 1986 claims failed because the complaint did not allege a conspiracy and no underlying constitutional violation existed. The District Court granted Dewey Beach's motion to dismiss with respect to Count III (Equal Protection) and Counts VIII and IX (Equitable Estoppel), and denied its motion to dismiss in all other respects. FN3, 436 U.S. 658 (1978). FN4. Dewey Beach Enterprises, Inc., v. Town of Dewey Beach, 2010 WL 3023395 (D.Del. July 30, 2010).\n\nThe Individual Defendants' motion to dismiss set forth three grounds for dismissal of DBE's complaint. Specifically, they argued that the District Court should grant their motion because the Individual Defendants were: (1) immune from suit under the Noerr-Pennington doctrine (2) entitled to legislative immunity for all actions involving zoning ordinances; and (3) entitled to qualified immunity for all non-legislative actions. The District Court rejected the Individual Defendants' Noerr-Pennington doctrine argument and concluded that, given the state of the facts that at the time, the doctrines of legislative immunity and qualified immunity could not be applied.\n\nFN5. See Eastern R.R. Presidents Conf. v. Noerr Motor Freight, Inc., 365 U.S. 127 (1961); United Mine Workers of America v. Pennington, 381 U.S. 657 (1965).\n\nIII. The Clarifying Ordinance\n\nAlthough it was hardly mentioned in the District Court's de"
    },
    "4": {
      "summary": "2012 WL 3860732 (Del.Super.) (Cite as: 2012 WL 3860732 (Del.Super.))\n\nnance. Nelson alleged that Hanson violated the Code of Conduct when she voted in favor of the Clarifying Ordinance by (1) intentionally withholding information so that she could mislead the public regarding passage of the Clarifying Ordinance, (2) failing to reveal obvious conflicts of interest, and (3) taking actions in violation of the public trust that reflected unfavorably upon the State and its government. Attached to Nelson's complaint were a copy of the Clarifying Ordinance and a series of e-mails between a State Representative and the State Director of Planning about the Clarifying Ordinance.\n\nV. The Rules for PIC Proceedings\n\nPIC has adopted rules governing its proceedings. The Code of Conduct also sets forth rules governing how PIC is to proceed. The process generally starts with the filing of a sworn complaint with PIC by a person alleging a violation of the Code of Conduct. PIC then meets to review the complaint to determine if it is frivolous or states a violation. If PIC determines that the complaint sets forth a violation, then PIC sets the matter down for a hearing. PIC's legal counsel is the prosecutor at the hearing. The complaint must be served on the person charged with violating the Code of Conduct. The complaint must specifically identify each portion of the Code of Conduct that the person is alleged to have violated and the facts upon which each alleged violation is based. The burden of proving violations of the Code of Conduct is on the prosecutor and such violations must be proven by clear and convincing evidence. The clear and convincing evidentiary standard is an intermediate evidentiary standard, higher than mere preponderance, but lower than proof beyond a reasonable doubt. The hearing is to proceed as follows:\n\nFN6. Rules of the Delaware State Public Integrity Commission (“PIC Rule”).\n\nFN7. 29 Del. C. § 5810\n\nFN8. Id.; PIC Rule III.\n\nFN9. PIC Rule III(A).\n\nFN10. PIC R"
    },
    "5": {
      "summary": "2012 WL 3860732 (Del.Super.) (Cite as: 2012 WL 3860732 (Del.Super.))\n\nspondent has violated the Code of Conduct, and (c) what sanctions PIC is imposing if violations of the Code of Conduct are found. FN18 PIC members, if any, who disagree with PIC's decision may file dis- senting opinions. FN19\n\nFN17. PIC Rule IV(N); 29 Del. C. § 5808(d).\n\nFN18. PIC Rule IV(O).\n\nFN19. Id.\n\nVI. PIC's Proceedings Against Hanson\n\nNelson's complaint against Hanson was filed with PIC on October 1, 2010. The Code of Conduct and PIC's rules of procedures require complaints to be sworn. Nelson signed his complaint twice. Below his second signature, Wendy L. Compton, a notary public for the State of Delaware, signed her name and placed her notary seal below her signature. The requirements for a properly sworn and notarized statement are set forth in 29 Del. C. § 4327. Essentially, Nelson had to swear or affirm that the statements that he was making were true and correct. He did not do that. Nevertheless, PIC accepted his complaint and the allegations in it as true and correct.\n\nPIC met and voted to proceed against Hanson on October 15, 2010. PIC preliminarily found (the “Preliminary Decision”) that when Hanson voted in favor of the Clarifying Ordinance she violated (1) 29 Del. C. § 5805(a)(2)(a) and (b) because the Clarifying Ordinance would make it more difficult for DBE's bayside hotel and condominium to compete with her oceanside rental properties; (2) 29 Del. C. § 5805(b) because the Clarifying Ordinance would aid her defenses in the Federal Case; and (3) 29 Del. C. § 5806(a) because the public might suspect that she was using her public office to benefit her own interests. The Preliminary Decision was issued on November 22, 2010. Hanson filed a Motion to Stay on February 7, 2011. PIC denied it on February 28, 2011. Hanson filed a Motion to Dismiss and a Response to the Preliminary Complaint on March 8, 2011.\n\nPIC held a hearing on Hanson's Motion to Dismiss on March 15, 2011. Hanson's a"
    },
    "6": {
      "summary": "2012 WL 3860732 (Del.Super.) (Cite as: 2012 WL 3860732 (Del.Super.))\n\ncompete with each other for the same tenants. The Clarifying Ordinance would limit DBE's structure to 35 feet, making the hotel smaller or non-existent and a less fearsome competitor to Hanson. Thus, Hanson had an impermissible conflict of interest when she voted in favor of the Clarifying Ordinance.\n\n(b) Hanson's Quality of Life\n\nHanson was concerned about her quality of life. She believed that DBE's large structure would bring in more traffic and people and diminish her quality of life. The Clarifying Ordinance would reduce the size of DBE's structure, which would reduce the traffic and congestion associated with it, which would minimize the impact on Hanson's quality of life. Thus, Hanson had an impermissible conflict of interest when she voted in favor of the Clarifying Ordinance.\n\n(c) Hanson's Qualified Immunity Defense\n\nHanson was sued personally in the Federal Case, putting her at risk of having to pay both a judgment and attorney's fees. The Clarifying Ordinance would help her qualified immunity defense in the Federal Case. Hanson's attorney told her that the Clarifying Ordinance would help her qualified immunity defense in the Federal Case. Thus, Hanson had an impermissible conflict of interest when she voted in favor of the Clarifying Ordinance.\n\n(d) Hanson's Appearance of Impropriety\n\nLastly, according to PIC, if the public was aware of all of Hanson's conflicts of interests it would conclude that she was using her public office to advance her own interests.\n\nVII. The Standard of Review\n\n*7 The standard of review on appeal is whether PIC's decision is supported by substantial evidence on the record. Substantial evidence is that which \"a reasonable mind might accept as adequate to support a conclusion.\" It is more than a scintilla, but less than a preponderance of the evidence. It is a low standard to affirm and a high standard to overturn. If the record contains substantial evidence, th"
    },
    "7": {
      "summary": "2012 WL 3860732 (Del.Super.) (Cite as: 2012 WL 3860732 (Del.Super.)) will reflect unfavorably upon the State. FN25 The definition of State employee covers anyone who receives compensation as an employee of a State agency, anyone who serves as an appointed member, trustee, director or the like of any State agency and who receives more than $5,000 per year, and elected or appointed school board members. FN26 The definition of State agency excludes political subdivisions of the State and their agencies. FN27 However, the legislature changed the scope and application of the Code of Conduct when it added 29 Del. C. § 5802(4), which states:\n\nFN24. 29 Del. C. § 5805(a).\n\nFN25. 29 Del. C. § 5806(a).\n\nFN26. 29 Del. C. § 5804(12).\n\nFN27. 29 Del. C. § 5804(11).\n\n*8 It is the desire of the General Assembly that all counties, municipalities and towns adopt code of conduct legislation at least as stringent as this act to apply to their employees and elected and appointed officials. This subchapter shall apply to any county, municipality or town and the employees and elected and appointed officials thereof which has not enacted such legislation by January 23, 1993. No code of conduct legislation shall be deemed sufficient to exempt any county, municipality or town from the purview of this subchapter unless the code of conduct has been submitted to the State Ethics Commission and determined by a majority vote thereof to be at least as stringent as this subchapter. Any change to an approved code of conduct must similarly be approved by the State Ethics Commission to continue the exemption from this subchapter.\n\nWhen the legislature added § 5802(4) it did not amend the rest of the Code of Conduct, leaving conflicting language in the scope and definitional sections. Even though the legislature never amended the rest of the Code of Conduct to make it consistent with § 5802(4), both the plain language of § 5802(4) and intent of the legislature are clear. FN28 § 5802(4) states that “[t]h"
    },
    "8": {
      "summary": "2012 WL 3860732 (Del.Super.) (Cite as: 2012 WL 3860732 (Del.Super.))\n\n(1) Hanson's statement in a *Cape Gazette* interview dated September 12, 2007:\n\nWhat height and type of construction (a 68-foot hotel/condo hybrid or 48 townhouses) do you feel is best for Ruddertown?\n\nHanson: A 120-unit 5-star condo/hotel complex is not a town center. I would like to see a third option of a mixed-use complex that follows our current zoning laws at a height of 35 feet—one that is truly a town center. However, because Harvey, Hanna and Associates have refused to negotiate, we have only a choice between a massive hotel and townhouses at this time. If the hotel is allowed to breach our current height limit, buildings of 68 feet will quickly spread along the business zone from Van Dyke to Rodney avenues. *The hotel will also compete with property owners who rent their homes or for those selling their properties.* (Emphasis added.)\n\n*9 (3) Hanson's testimony at the hearing. Hanson acknowledged during the hearing that both she and DBE would be offering rentals in Dewey Beach, that renters could stay in her rentals or DBE's rentals, that people who had rented from her had also rented on the bay.\n\n(4) DBE's proposed hotel and condominium is close to Hanson's rental properties, being two blocks past Hanson's Sea Mist Villa and one block past Hanson's Sea Dune Villa.\n\nPIC reasoned that since both Hanson and DBE would both be renting rooms in Dewey Beach that they were in the same market and thus in competition with each other, stating \"It is this proximity and competition for essentially the same ocean space, and for the same market, that puts her in a different class than others.\" PIC supported its reasoning, stating \"[t]he very meaning of competition is the effort of two or more parties acting independently to secure the business of a third party by offering the most favorable terms.\"\n\nI have concluded that PIC's analysis of the rental market in Dewey Beach is overly simplistic and that i"
    },
    "9": {
      "summary": "2012 WL 3860732 (Del.Super.) (Cite as: 2012 WL 3860732 (Del.Super.))\n\ning price, style, intended uses, target clientele, and channels of distribution.” FN31 It is this critical step that PIC never took in its analysis of the Dewey Beach rental market.\n\nFN29. McKinnon v. CV Industries, Inc., 2012 WL 2107119 (N.C.Super. June 11, 2012).\n\nFN30. West v. Gold, Inc., 2012 WL 2913207 (N.D.Cal. July 16, 2012).\n\nFN31. Toni & Guy (USA) Ltd. v. Nature's Therapy, Inc., 2006 WL 1153354 (S.D.N.Y. May 1, 2006).\n\nPIC never examined or compared the price and nature of Hanson's oceanside rentals to the price and nature of DBE's hotel. Merely because Hanson and DBE would be renting rooms in the same town hardly means that they would be competing with each other, particularly given what is known about each property suggests just the opposite and what is unknown about each property is substantial and important.\n\nPIC assumed that Hanson's rental properties and DBE's hotel are similar enough in nature, location and price to appeal to the same group of potential renters. That assumption is not supported by the evidence. Hanson has two rental properties in a residential area. Sea Mist Villa is a three-story, four-bedroom, two bath, oceanfront house. Three of the bedrooms have adjoining decks with two of the decks overlooking the ocean. The living area has a large deck that overlooks the ocean. Sea Dune Villa is a six-bedroom, four and one-half bath second story condominium one house back from the ocean. It has a screened-in porch, several decks, a two-car garage and ocean views from nearly all of the rooms.\n\nDBE has proposed building a 120 room hotel in a commercial area on the bay. Virtually nothing is known about the rooms it plans to offer. What is known is that Hanson's rental properties are very large with multiple bedrooms and are oceanfront and one house back from the ocean. DBE's hotel will be on the bay. Hanson's rental properties and DBE's hotel are separated by Coastal Highway, a "
    },
    "10": {
      "summary": "2012 WL 3860732 (Del.Super.) (Cite as: 2012 WL 3860732 (Del.Super.))\n\nthat she violated these sections because she had a conflict of interest because of her quality of life concerns. It is well-settled law that once an agency adopts regulations governing how it handles its procedures, the agency must follow them. If the agency does not, then the action taken by the agency is invalid. FN32 Nelson did not raise the quality of life conflict in his complaint. PIC did not make a preliminary finding about it. PIC did not tell Hanson about it. The issue did not even come up until Hanson testified at the hearing on her Motion to Dismiss. PIC heard this quality of life testimony and concluded that Hanson had yet another conflict of interest and found yet another violation of the Code of Conduct. However, PIC never followed its own rules by first making a preliminary finding that Hanson had such a conflict, informing her of the conflict, and giving her an opportunity to rebut the finding before finally determining that she did have such a conflict of interest.\n\nFN32. Dugan v. Delaware Harness Racing Commission, 752 A.2d 529 (Del.2000).\n\n(d) Hanson's Qualified Immunity Defense\n\nHanson argues that PIC's finding that the Clarifying Ordinance would help her qualified immunity defense in the Federal Case is not supported by substantial evidence in the record. PIC's finding is based largely on the testimony of Mandalas and Walton and its own legal analysis of qualified immunity. PIC's findings of facts are reflected in the following statements:\n\n*12 This undisclosed purpose—not on the face of the ordinance—is at the heart of the allegation that she had a personal or private interest because she was personally sued by DBE.\n\nShe argues her judgment was not impaired by her personal interest because: “I've been consistently in favor of keeping the height limit at 35'.” The law does not require that it actually be impaired—only that it may “tend” to be impaired. It also does not say she"
    },
    "11": {
      "summary": "2012 WL 3860732 (Del.Super.) (Cite as: 2012 WL 3860732 (Del.Super.))\n\nhad an obligation to indemnify Hanson, from the general funds of the town's treasury, to the extent not otherwise covered by appropriate insurance, for any matter arising out of an action taken by her in connection with the performance of her official duties, against expenses (including attorney's fees), judgments, fines, amounts paid in settlement incurred by her in connection with such action. The Federal Case had been settled at the time of the hearing on Hanson's Motion to Dismiss. However, PIC, which had the burden of proof, never determined whether Hanson was paying her own attorneys' fees or whether they were being covered by Dewey Beach or its insurance carrier when she voted in favor of the Clarifying Ordinance.\n\nFN33. Dewey Beach C. § 22–1.\n\n2. Disclosure\n\n*13 The evidence in the record shows that the purpose of the Clarifying Ordinance was, in part, to help Dewey Beach, but not necessarily Hanson and the other individual defendants, in the Federal Case, and that this purpose was disclosed to the public by Mandalas. I assume that PIC concluded that the real purpose of the Clarifying Ordinance was undisclosed because the text of the Clarifying Ordinance only discussed clarifying the maximum height limit in the RB–1 zoning district. However, the fact that the purpose of the Clarifying Ordinance was, in part, to help Dewey Beach in the Federal Case was discussed publicly by Mandalas before Hanson and the other Dewey Beach commissioners voted on it. Mandalas was Dewey Beach's attorney. He prepared the initial draft of the Clarifying Ordinance. He testified at the hearing that the Clarifying Ordinance had “served a couple purposes.” One purpose was to clarify the meaning of the bulk standards to show that they did not relax the maximum 35 foot height limitation. The other purpose was to help Dewey Beach in the Federal Case. Mandalas believed that by clarifying the meaning of bulk standards it"
    },
    "12": {
      "summary": "2012 WL 3860732 (Del.Super.) (Cite as: 2012 WL 3860732 (Del.Super.))\n\nBased on this, PIC concluded that Hanson “not only knew the purpose was not on the face, but was advised of the personal benefit to her if it passed.” Walton's testimony simply does not support PIC's finding. Walton's advice could have ranged anywhere from “the Clarifying Ordinance is a complete defense to all of DBE's claims against you” to “the Clarifying Ordinance is no defense at all to DBE's claims against you because it cannot be given retroactive effect because to do so would violated DBE's constitutional and vested rights.” Notwithstanding this, PIC concluded, as a finding of fact, that Walton told Hanson that the Clarifying Ordinance would help her qualified immunity defense.\n\nPIC's findings in this regard are critical to its ultimate finding that Hanson had a conflict of interest. Mandalas openly advised the Dewey Beach Mayor, Hanson and the other Dewey Beach commissioners to pass the Clarifying Ordinance to help Dewey Beach in the Federal Case. Hanson, as a non-lawyer, certainly would not know the legal consequences of the Clarifying Ordinance on her qualified immunity defense unless her attorney told her what those consequences were. Thus, it was critical for PIC to determine if Walton had told Hanson that the Clarifying Order would help her qualified immunity defense. This is why PIC's counsel asked Walton whether he had discussed the effect of the Clarifying Ordinance on Hanson's qualified immunity defense. Walton testified that he did talk to Hanson about it, but he never told PIC what his advice was. Thus, there is no evidence in the record that he told Hanson that the Clarifying Ordinance would help her qualified immunity defense. Therefore, PIC's finding that he did is not supported by substantial evidence in the record. Even though the record does not support PIC's finding about what Walton told Hanson, which I view as fatal to its conflict of interest finding, I will briefly ad"
    },
    "13": {
      "summary": "2012 WL 3860732 (Del.Super.) (Cite as: 2012 WL 3860732 (Del.Super.))\n\nstandards applicable in the RB-1 zoning district had “vested” and could not be impaired by the Clarifying Ordinance. Thus, it seems highly unlikely that the Clarifying Ordinance would have ever of been of any help to Hanson in any event.\n\nFN42. In re: 244.5 Acres of Land, 808 A.2d 753 (Del.2002).\n\n5. The Qualified Immunity Defense\n\nThere is not substantial evidence in the record or legal analysis to support PIC's finding that the Clarifying Ordinance would have helped Hanson's qualified immunity defense. PIC never reviewed DBE's complaint against Dewey Beach, Hanson and the individual defendants or their respective motions to dismiss. It instead relied on the District Court's decision on the motions to dismiss in order to analyze the legal issues in the Federal Case.\n\nThe common-law doctrines that determine the tort liability of municipal employees are well established. Generally, a municipal employee is liable for the misperformance of ministerial acts, but has a qualified immunity in the performance of governmental acts. Governmental acts are performed wholly for the direct benefit of the public and are supervisory or discretionary in nature. The hallmark of a discretionary act is that it requires the exercise of judgment. In contrast, ministerial refers to a duty which is to be performed in a prescribed manner without the exercise of judgment or discretion.\n\nFN43. Bridgeport Harbor Place I, LLC v. Ganim, 2006 WL 493352, at *3 (Conn.Super.Feb.16, 2006).\n\nFN44. Id.\n\nFN45. Id.\n\nFN46. Id.\n\nFN47. Id.\n\nDefendants in a Section 1983 action are entitled to qualified immunity from damages for civil liability if their conduct does not violate clearly established statutory or constitutional rights of which a reasonable person would have known. Qualified immunity balances two important interests: the need to hold public officials accountable when they exercise power irresponsibly and the need to shield offi"
    },
    "14": {
      "summary": "2012 WL 3860732 (Del.Super.) (Cite as: 2012 WL 3860732 (Del.Super.))\n\nagainst the Concept Plan was merely a ministerial act. However, PIC never discussed the land use process for evaluating and voting on a “Concept Plan.” Thus, it cannot be determined whether Hanson's vote was a ministerial act or not.\n\nFN54. Wong v. Allison, 208 F.3d 224, 2000 WL 206572, FN3 (9th Cir.2000).\n\n(e) The Appearance of Impropriety\n\nHanson argues that PIC exceeded its statutory grant of authority when it found that she had acted in such a manner so as to create an appearance of impropriety. PIC found that when Hanson voted for the Clarifying Ordinance she engaged in a course of conduct that would raise suspicion among the public that she was engaging in acts that were in violation of the public trust and which did not reflect favorably upon Dewey Beach. This finding is based in turn on PIC's finding that Hanson should not have voted on the Clarifying Ordinance because she had conflicts of interest arising out of her rental properties, the desire to strengthen her qualified immunity defense in the Federal Case, and the desire to maintain her quality of life. Given these conflicts of interest, PIC concluded that the public would suspect that Hanson “used her public office for personal gain or benefit.” This is based on an appearance of impropriety test. The test is, according to PIC, if the conduct would create in reasonable minds, with knowledge of all relevant facts, a perception that an official's ability to carry out her duties with integrity, impartiality and competence is impaired.\n\nHaving concluded that there was not substantial evidence in the record to support PIC's conflict of interest findings regarding Hanson's rental properties and her qualified immunity defense in the Federal Case, and that the conflict of interest issue regarding Hanson's quality of life was not properly before PIC, I have concluded that PIC's finding regarding the appearance of impropriety must be reversed b"
    },
    "15": {
      "summary": "2012 WL 3860732 (Del.Super.) (Cite as: 2012 WL 3860732 (Del.Super.))\n\nthese public hearings occurred.\n\nSo those votes I think that you're referring to were votes to move forward with the process that's laid out in the mutual agreement and release, but not to actually settle the litigation. Not to actually adopt the mutual agreement and release. That happened—whatever the date that the meeting was. (Emphasis added.)\n\nI note this only because it is another example of how PIC reached a conclusion that was not supported by substantial evidence in the record. Hanson did vote against approving the settlement with DBE.\n\nIX. Conclusion\n\nThere are two views of the evidence in this case. One view is that Hanson voted for the Clarifying Ordinance in order to help her rental properties compete with DBE's hotel and to improve her legal defenses in the Federal Case. The other view is that Hanson voted for the Clarifying Ordinance because she was opposed to a project nearly twice as tall as virtually every other building in Dewey Beach. PIC chose the former instead of the latter. The issue is whether that choice is supported by substantial evidence in the record. I have concluded that it is not.\n\nThe decision of the Delaware State Public Integrity Commission is reversed.\n\nIT IS SO ORDERED.\n\nDel.Super.,2012.\nHanson v. Delaware State Public Integrity Com'n\nNot Reported in A.3d, 2012 WL 3860732 (Del.Super.)\n\nEND OF DOCUMENT"
    }
  }
}
