{
  "doc_id": "936c0e2c2e6c8e0c07c51bfaf7fd0a83.pdf",
  "pages": {
    "1": {
      "summary": "0: 0\n\nExhibit 300: Capital Asset Plan and Business Case Summary\n\nPart I: Summary Information And Justification (All Capital Assets)\n\nSection A: Overview (All Capital Assets)\n\n1. Date of Submission: 9/10/2007\n\n2. Agency: Department of State\n\n3. Bureau: Hr/Ex/Sdd\n\n4. Name of this Capital Asset: Exhibit 300 - Integrated Personnel Management System (IPMS) (IPMS)\n\n5. Unique Project (Investment) Identifier: (For IT 014-00-01-02-01-1177-00 investment only, see section 53. For all other, use agency ID system.)\n\n6. What kind of investment will this be in FY2009? (Please Mixed Life Cycle NOTE: Investments moving to O&M in FY2009, with Planning/Acquisition activities prior to FY2009 should not select O&M. These investments should indicate their current status.)\n\n7. Provide a brief summary and justification for this investment, including a brief description of how this closes in part or in whole an identified agency performance gap:\n\nThe Integrated Personnel Management System (IPMS) is a multi-year, mixed-lifecycle program initiative that provides the Department of State (DoS) with superior human capital management in support of its diplomatic mission. The program's objectives include the continued upgrade of HR's technical architecture to meet availability, scalability, and security requirements; unification of disparate hardware platforms; elimination of redundant processes and duplicate data entry; and enhancement of business applications to maintain compliance with amended regulations and legislation.\n\nIPMS incorporates input from the DoS/USAID Joint Management Council (JMC) and is aligned with the Joint Overseas HR Segment Architecture. IPMS supports the Secretary of State's Transformational Diplomacy and Diplomatic Readiness initiatives to improve the Department's institutional capacity to execute the President's foreign policy agenda, as well as four goals of the President's Management Agenda (PMA).\n\nIPMS is comprised of four main integrated business components: the Glob"
    },
    "2": {
      "summary": "0\n\n:\n\n**Exhibit 300: Exhibit 300 - Integrated Personnel Management System (IPMS) (Revision 6)**\n\ninitiatives?\n\nIf \"yes,\" check all that apply:\n\nHuman Capital\nBudget Performance Integration\nExpanded E-Government\nRight Sized Overseas Presence\n\n14. Does this investment support a program assessed using No\nthe Program Assessment Rating Tool (PART)? (For more\ninformation about the PART, visit\nwww.whitehouse.gov/omb/part.)\n\na. If \"yes,\" does this investment address a weakness No\nfound during a PART review?\n\nb. If \"yes,\" what is the name of the PARTed program?\n\nc. If \"yes,\" what rating did the PART receive?\n\n15. Is this investment for information technology? Yes\n\nIf the answer to Question 15 is \"Yes,\" complete questions 16-23 below. If the answer is \"No,\" do not answer questions 16-23.\n\nFor information technology investments only:\n\n16. What is the level of the IT Project? (per CIO Council PM Level 2\nGuidance)\n\n17. What project management qualifications does the (1) Project manager has been validated as qualified for this\nProject Manager have? (per CIO Council PM Guidance) investment\n\n18. Is this investment or any project(s) within this Yes\ninvestment identified as \"high risk\" on the Q4 - FY 2007\nagency high risk report (per OMB Memorandum M-05-23)\n\n19. Is this a financial management system? No\n\na. If \"yes,\" does this investment address a FFMIA No\ncompliance area?\n\n1. If \"yes,\" which compliance area: N/A\n\n2. If \"no,\" what does it address?\n\nb. If \"yes,\" please identify the system name(s) and system acronym(s) as reported in the most recent financial\nsystems inventory update required by Circular A-11 section 52\n\n21. If this project produces information dissemination N/A\nproducts for the public, are these products published to the\nInternet in conformance with OMB Memorandum 05-04 and\nincluded in your agency inventory, schedules and priorities?\n\n23. Are the records produced by this investment Yes\nappropriately scheduled with the National Archives and\nRecords Administration's app"
    },
    "3": {
      "summary": "0\n\n:\n\n:\n\n:\n\n:\n\n:\n\n:\n\n:\n\n:\n\n:\n\n:\n\n:\n\n:\n\n:\n\n:\n\n:\n\n:\n\n:\n\n:\n\n:\n\n:\n\n:\n\n:\n\n:\n\n:\n\n:\n\n:\n\n:\n\n:\n\n:\n\n:\n\n:\n\n:\n\n:\n\n:\n\n:\n\n:\n\n:\n\n:\n\n:\n\n:\n\n:\n\n:\n\n:\n\n:\n\n:\n\n:\n\n:\n\n:\n\n:\n\n:\n\n:\n\n:\n\n:\n\n:\n\n:\n\n:\n\n:\n\n:\n\n:\n\n:\n\n:\n\n:\n\n:\n\n:\n\n:\n\n:\n\n:\n\n:\n\n:\n\n:\n\n:\n\n:\n\n:\n\n:\n\n:\n\n:\n\n:\n\n:\n\n:\n\n:\n\n:\n\n:\n\n:\n\n:\n\n:\n\n:\n\n:\n\n:\n\n:\n\n:\n\n:\n\n:\n\n:\n\n:\n\n:\n\n:\n\n:\n\n:\n\n:\n\n:\n\n:\n\n:\n\n:\n\n:\n\n:\n\n:\n\n:\n\n:\n\n:\n\n:\n\n:\n\n:\n\n:\n\n:\n\n:\n\n:\n\n:\n\n:\n\n:\n\n:\n\n:\n\n:\n\n:\n\n:\n\n:\n\n:\n\n:\n\n:\n\n:\n\n:\n\n:\n\n:\n\n:\n\n:\n\n:\n\n:\n\n:\n\n:\n\n:\n\n:\n\n:\n\n:\n\n:\n\n:\n\n:\n\n:\n\n:\n\n:\n\n:\n\n:\n\n:\n\n:\n\n:\n\n:\n\n:\n\n:\n\n:\n\n:\n\n:\n\n:\n\n:\n\n:\n\n:\n\n:\n\n:\n\n:\n\n:\n\n:\n\n:\n\n:\n\n:\n\n:\n\n:\n\n:\n\n:\n\n:\n\n:\n\n:\n\n:\n\n:\n\n:\n\n:\n\n:\n\n:\n\n:\n\n:\n\n:\n\n:\n\n:\n\n:\n\n:\n\n:\n\n:\n\n:\n\n:\n\n:\n\n:\n\n:\n\n:\n\n:\n\n:\n\n:\n\n:\n\n:\n\n:\n\n:\n\n:\n\n:\n\n:\n\n:\n\n:\n\n:\n\n:\n\n:\n\n:\n\n:\n\n:\n\n:\n\n:\n\n:\n\n:\n\n:\n\n:\n\n:\n\n:\n\n:\n\n:\n\n:\n\n:\n\n:\n\n:\n\n:\n\n:\n\n:\n\n:\n\n:\n\n:\n\n:\n\n:\n\n:\n\n:\n\n:\n\n:\n\n:\n\n:\n\n:\n\n:\n\n:\n\n:\n\n:\n\n:\n\n:\n\n:\n\n:\n\n:\n\n:\n\n:\n\n:\n\n:\n\n:\n\n:\n\n:\n\n:\n\n:\n\n:\n\n:\n\n:\n\n:\n\n:\n\n:\n\n:\n\n:\n\n:\n\n:\n\n:\n\n:\n\n:\n\n:\n\n:\n\n:\n\n:\n\n:\n\n:\n\n:\n\n:\n\n:\n\n:\n\n:\n\n:\n\n:\n\n:\n\n:\n\n:\n\n:\n\n:\n\n:\n\n:\n\n:\n\n:\n\n:\n\n:\n\n:\n\n:\n\n:\n\n:\n\n:\n\n:\n\n:\n\n:\n\n:\n\n:\n\n:\n\n:\n\n:\n\n:\n\n:\n\n:\n\n:\n\n:\n\n:\n\n:\n\n:\n\n:\n\n:\n\n:\n\n:\n\n:\n\n:\n\n:\n\n:\n\n:\n\n:\n\n:\n\n:\n\n:\n\n:\n\n:\n\n:\n\n:\n\n:\n\n:\n\n:\n\n:\n\n:\n\n:\n\n:\n\n:\n\n:\n\n:\n\n:\n\n:\n\n:\n\n:\n\n:\n\n:\n\n:\n\n:\n\n:\n\n:\n\n:\n\n:\n\n:\n\n:\n\n:\n\n:\n\n:\n\n:\n\n:\n\n:\n\n:\n\n:\n\n:\n\n:\n\n:\n\n:\n\n:\n\n:\n\n:\n\n:\n\n:\n\n:\n\n:\n\n:\n\n:\n\n:\n\n:\n\n:\n\n:\n\n:\n\n:\n\n:\n\n:\n\n:\n\n:\n\n:\n\n:\n\n:\n\n:\n\n:\n\n:\n\n:\n\n:\n\n:\n\n:\n\n:\n\n:\n\n:\n\n:\n\n:\n\n:\n\n:\n\n:\n\n:\n\n:\n\n:\n\n:\n\n:\n\n:\n\n:\n\n:\n\n:\n\n:\n\n:\n\n:\n\n:\n\n:\n\n:\n\n:\n\n:\n\n:\n\n:\n\n:\n\n:\n\n:\n\n:\n\n:\n\n:\n\n:\n\n:\n\n:\n\n:\n\n:\n\n:\n\n:\n\n:\n\n:\n\n:\n\n:\n\n:\n\n:\n\n:\n\n:\n\n:\n\n:\n\n:\n\n:\n\n:\n\n:\n\n:\n\n:\n\n:\n\n:\n\n:\n\n:\n\n:\n\n:\n\n:\n\n:\n\n:\n\n:\n\n:\n\n:\n\n:\n\n:\n\n:\n\n:\n\n:\n\n:\n\n:\n\n:\n\n:\n\n:\n\n:\n\n:\n\n:\n\n:\n\n:\n\n:\n\n:\n\n:\n\n:\n\n:\n\n:\n\n:\n\n:\n\n:\n\n:\n\n:\n\n:\n\n:\n\n:\n\n:\n\n:\n\n:\n\n:\n\n:\n\n:\n\n:\n\n:\n\n:\n\n:\n\n:\n\n:\n\n:\n\n:\n\n:\n\n:\n\n:\n\n:\n\n:\n\n:\n\n:\n\n:\n\n:\n\n:\n\n:\n\n:\n\n:\n\n:\n\n:\n\n:\n\n:\n\n:\n\n:\n\n:\n\n:\n\n:\n\n:\n\n:\n\n:\n\n:\n\n:\n\n:\n\n:\n\n:\n\n:\n\n:\n\n:\n\n:\n\n:\n\n:\n\n:\n\n:\n\n:\n\n:\n\n:\n\n:\n\n:\n\n:\n\n:\n\n:\n\n:\n\n:\n\n:\n\n:\n\n:\n\n:\n\n:\n\n:\n\n:\n\n:\n\n:\n\n:\n\n:\n\n:\n\n:\n\n:\n\n:\n\n:\n\n:\n\n:\n\n:\n\n:\n\n:\n\n:\n\n:\n\n:\n\n:\n\n:\n\n:\n\n:\n\n:\n\n:\n\n:\n\n:\n\n:\n\n:\n\n:\n\n:\n\n:\n\n:\n\n:\n\n:\n\n:\n\n:\n\n:\n\n:\n\n:\n\n:\n\n:\n\n:\n\n:\n\n:\n\n:\n\n:\n\n:\n\n:\n\n:\n\n:\n\n:\n\n:\n\n:\n\n:\n\n:\n\n:\n\n:\n\n:\n\n:\n\n:\n\n:\n\n:\n\n:\n\n:\n\n:\n\n:\n\n:\n\n:\n\n:\n\n:\n\n:\n\n:\n\n:\n\n:\n\n:\n\n:\n\n:\n\n:\n\n:\n\n:\n\n:\n\n:\n\n:\n\n:\n\n:\n\n:\n\n:\n\n:\n\n:\n\n:\n\n:\n\n:\n\n:\n\n:\n\n:\n\n:\n\n:\n"
    },
    "4": {
      "summary": "0\n\n:\n\n:\n\n:\n\n:\n\n:\n\n:\n\n:\n\n:\n\n:\n\n:\n\n:\n\n:\n\n:\n\n:\n\n:\n\n:\n\n:\n\n:\n\n:\n\n:\n\n:\n\n:\n\n:\n\n:\n\n:\n\n:\n\n:\n\n:\n\n:\n\n:\n\n:\n\n:\n\n:\n\n:\n\n:\n\n:\n\n:\n\n:\n\n:\n\n:\n\n:\n\n:\n\n:\n\n:\n\n:\n\n:\n\n:\n\n:\n\n:\n\n:\n\n:\n\n:\n\n:\n\n:\n\n:\n\n:\n\n:\n\n:\n\n:\n\n:\n\n:\n\n:\n\n:\n\n:\n\n:\n\n:\n\n:\n\n:\n\n:\n\n:\n\n:\n\n:\n\n:\n\n:\n\n:\n\n:\n\n:\n\n:\n\n:\n\n:\n\n:\n\n:\n\n:\n\n:\n\n:\n\n:\n\n:\n\n:\n\n:\n\n:\n\n:\n\n:\n\n:\n\n:\n\n:\n\n:\n\n:\n\n:\n\n:\n\n:\n\n:\n\n:\n\n:\n\n:\n\n:\n\n:\n\n:\n\n:\n\n:\n\n:\n\n:\n\n:\n\n:\n\n:\n\n:\n\n:\n\n:\n\n:\n\n:\n\n:\n\n:\n\n:\n\n:\n\n:\n\n:\n\n:\n\n:\n\n:\n\n:\n\n:\n\n:\n\n:\n\n:\n\n:\n\n:\n\n:\n\n:\n\n:\n\n:\n\n:\n\n:\n\n:\n\n:\n\n:\n\n:\n\n:\n\n:\n\n:\n\n:\n\n:\n\n:\n\n:\n\n:\n\n:\n\n:\n\n:\n\n:\n\n:\n\n:\n\n:\n\n:\n\n:\n\n:\n\n:\n\n:\n\n:\n\n:\n\n:\n\n:\n\n:\n\n:\n\n:\n\n:\n\n:\n\n:\n\n:\n\n:\n\n:\n\n:\n\n:\n\n:\n\n:\n\n:\n\n:\n\n:\n\n:\n\n:\n\n:\n\n:\n\n:\n\n:\n\n:\n\n:\n\n:\n\n:\n\n:\n\n:\n\n:\n\n:\n\n:\n\n:\n\n:\n\n:\n\n:\n\n:\n\n:\n\n:\n\n:\n\n:\n\n:\n\n:\n\n:\n\n:\n\n:\n\n:\n\n:\n\n:\n\n:\n\n:\n\n:\n\n:\n\n:\n\n:\n\n:\n\n:\n\n:\n\n:\n\n:\n\n:\n\n:\n\n:\n\n:\n\n:\n\n:\n\n:\n\n:\n\n:\n\n:\n\n:\n\n:\n\n:\n\n:\n\n:\n\n:\n\n:\n\n:\n\n:\n\n:\n\n:\n\n:\n\n:\n\n:\n\n:\n\n:\n\n:\n\n:\n\n:\n\n:\n\n:\n\n:\n\n:\n\n:\n\n:\n\n:\n\n:\n\n:\n\n:\n\n:\n\n:\n\n:\n\n:\n\n:\n\n:\n\n:\n\n:\n\n:\n\n:\n\n:\n\n:\n\n:\n\n:\n\n:\n\n:\n\n:\n\n:\n\n:\n\n:\n\n:\n\n:\n\n:\n\n:\n\n:\n\n:\n\n:\n\n:\n\n:\n\n:\n\n:\n\n:\n\n:\n\n:\n\n:\n\n:\n\n:\n\n:\n\n:\n\n:\n\n:\n\n:\n\n:\n\n:\n\n:\n\n:\n\n:\n\n:\n\n:\n\n:\n\n:\n\n:\n\n:\n\n:\n\n:\n\n:\n\n:\n\n:\n\n:\n\n:\n\n:\n\n:\n\n:\n\n:\n\n:\n\n:\n\n:\n\n:\n\n:\n\n:\n\n:\n\n:\n\n:\n\n:\n\n:\n\n:\n\n:\n\n:\n\n:\n\n:\n\n:\n\n:\n\n:\n\n:\n\n:\n\n:\n\n:\n\n:\n\n:\n\n:\n\n:\n\n:\n\n:\n\n:\n\n:\n\n:\n\n:\n\n:\n\n:\n\n:\n\n:\n\n:\n\n:\n\n:\n\n:\n\n:\n\n:\n\n:\n\n:\n\n:\n\n:\n\n:\n\n:\n\n:\n\n:\n\n:\n\n:\n\n:\n\n:\n\n:\n\n:\n\n:\n\n:\n\n:\n\n:\n\n:\n\n:\n\n:\n\n:\n\n:\n\n:\n\n:\n\n:\n\n:\n\n:\n\n:\n\n:\n\n:\n\n:\n\n:\n\n:\n\n:\n\n:\n\n:\n\n:\n\n:\n\n:\n\n:\n\n:\n\n:\n\n:\n\n:\n\n:\n\n:\n\n:\n\n:\n\n:\n\n:\n\n:\n\n:\n\n:\n\n:\n\n:\n\n:\n\n:\n\n:\n\n:\n\n:\n\n:\n\n:\n\n:\n\n:\n\n:\n\n:\n\n:\n\n:\n\n:\n\n:\n\n:\n\n:\n\n:\n\n:\n\n:\n\n:\n\n:\n\n:\n\n:\n\n:\n\n:\n\n:\n\n:\n\n:\n\n:\n\n:\n\n:\n\n:\n\n:\n\n:\n\n:\n\n:\n\n:\n\n:\n\n:\n\n:\n\n:\n\n:\n\n:\n\n:\n\n:\n\n:\n\n:\n\n:\n\n:\n\n:\n\n:\n\n:\n\n:\n\n:\n\n:\n\n:\n\n:\n\n:\n\n:\n\n:\n\n:\n\n:\n\n:\n\n:\n\n:\n\n:\n\n:\n\n:\n\n:\n\n:\n\n:\n\n:\n\n:\n\n:\n\n:\n\n:\n\n:\n\n:\n\n:\n\n:\n\n:\n\n:\n\n:\n\n:\n\n:\n\n:\n\n:\n\n:\n\n:\n\n:\n\n:\n\n:\n\n:\n\n:\n\n:\n\n:\n\n:\n\n:\n\n:\n\n:\n\n:\n\n:\n\n:\n\n:\n\n:\n\n:\n\n:\n\n:\n\n:\n\n:\n\n:\n\n:\n\n:\n\n:\n\n:\n\n:\n\n:\n\n:\n\n:\n\n:\n\n:\n\n:\n\n:\n\n:\n\n:\n\n:\n\n:\n\n:\n\n:\n\n:\n\n:\n\n:\n\n:\n\n:\n\n:\n\n:\n\n:\n\n:\n\n:\n\n:\n\n:\n\n:\n\n:\n\n:\n\n:\n\n:\n\n:\n\n:\n\n:\n\n:\n\n:\n\n:\n\n:\n\n:\n\n:\n\n:\n\n:\n\n:\n\n:\n\n:\n\n:\n\n:\n\n:\n\n:\n\n:\n\n:\n\n:\n\n:\n\n:\n\n:\n\n:\n\n:\n\n:\n\n:\n\n:\n\n:\n\n:\n\n:\n\n:\n\n:\n\n:\n\n:\n\n:\n\n:\n\n:\n\n:\n\n:\n\n:\n\n:\n\n:\n\n:\n\n:\n\n:\n\n:\n\n:\n\n:\n\n:\n\n:\n\n:\n\n:\n\n:\n\n:\n\n:\n\n:\n\n:\n\n:\n\n:\n\n:\n\n:\n\n:\n\n:\n\n:\n\n:\n\n:\n\n:\n\n:\n\n:\n\n:\n\n:\n\n:\n\n:\n\n:\n\n:\n\n:\n\n:\n\n:\n\n:\n\n:\n\n:\n\n:\n\n:\n\n:\n\n:\n\n:\n\n:\n"
    },
    "5": {
      "summary": "0\n\n<table>Fiscal YearStrategic Goal(s) SupportedMeasurement AreaMeasurement CategoryMeasurement GroupingMeasurement IndicatorBaselineTargetActual Results2008Strengthening Consular and Management CapabilitiesTechnologyReliability and AvailabilityAvailabilitySOA services69 HRM servicesIncrease to 70fiscal year.Number of HRM services under the IPMS program.Results will be collected after the end of the fiscal year.</table>\n\n**Section E: Security and Privacy (IT Capital Assets only)**\n\n| (a) Name of System | (b) Is this a new system? (Y/N) | (c) Is there at least one Privacy Impact Assessment (PIA) which covers this system? (Y/N) | (d) Internet Link or Explanation | (e) Is a System of Records Notice (SORN) required for this system? (Y/N) | (f) Internet Link or Explanation |\n|---|---|---|---|---|---|\n| Gateway to State (GTS) - ITAB# 843 | No | Yes | http://foia.state.gov/piaOnline.asp | Yes | http://foia.state.gov/issuances/STATE-31.pdf |\n| HR NET - ITAB# 866 | No | No | http://foia.state.gov/piaOnline.asp | Yes | http://foia.state.gov/issuances/STATE-31.pdf |\n| IPMS - ITAB# 951 | No | Yes | http://foia.state.gov/piaOnline.asp | Yes | http://foia.state.gov/issuances/STATE-31.pdf |\n| Personnel Reporting and Statistics (PRAS) - ITAB# 730 | No | No | http://foia.state.gov/piaOnline.asp | Yes | http://foia.state.gov/issuances/STATE-31.pdf |\n\n**Details for Text Options:**\n\nColumn (d): If yes to (c), provide the link(s) to the publicly posted PIA(s) with which this system is associated. If no to (c), provide an explanation why the PIA has not been publicly posted or why the PIA has not been conducted.\n\nColumn (f): If yes to (e), provide the link(s) to where the current and up to date SORN(s) is published in the federal register. If no to (e), provide an explanation why the SORN has not been published or why there isn't a current and up to date SORN.\n\nNote: Working links must be provided to specific documents not general privacy websites. Non-working links will be considered as"
    },
    "6": {
      "summary": "0: 0\n\n<table>"
    },
    "7": {
      "summary": "4. Service Component Reference Model (SRM) Table:\n\nIdentify the service components funded by this major IT investment (e.g., knowledge management, content management, customer relationship management, etc.). Provide this information in the format of the following table. For detailed guidance regarding components, please refer to http://www.egov.gov.\n\n| Agency Component Name | Agency Component Description | FEA SRM Service Domain | FEA SRM Service Type | FEA SRM Component (a) | Service Component Reused Name (b) | Service Component Reused UPI (b) | Internal or External Reuse? (c) | BY Funding Percentage (d) |\n|---|---|---|---|---|---|---|---|---|\n| Instrumentation and Testing | systems into one system that uses a common set of data structures and rules. IPMS supports these capabilities using Microsoft BizTalk. | Back Office Services | Development and Integration | Instrumentation and Testing | | | No Reuse | 9 |\n| Software Development | Defines the set of capabilities that support the validation of application or system capabilities and requirements. IPMS accomplishes these capabilities using Mercury Interactive. | Back Office Services | Development and Integration | Software Development | | | No Reuse | 17 |\n| Resource Planning and Allocation | Defines the set of capabilities that support the creation of both graphical and process application or system software. IPMS accomplishes these capabilities using .NET, Java, Cold Fusion, and PeopleSoft 8.8. | Back Office Services | Human Capital / Workforce Management | Resource Planning and Allocation | | | No Reuse | 1 |\n| Skills Management | Supports the determination of strategic direction, the identification and establishment of programs and processes, and the allocation of resources (capital and labor) among those programs and processes. IPMS accomplishes these capabilities using the GEMS/PeopleSoft 8.8 for Domestic personnel and uses Post Personnel and FSBid for overseas Foreign Service personnel. | Back Office Service"
    },
    "8": {
      "summary": "0\n\n:\n\n:\n\n:\n\n:\n\n:\n\n:\n\n:\n\n:\n\n:\n\n:\n\n:\n\n:\n\n:\n\n:\n\n:\n\n:\n\n:\n\n:\n\n:\n\n:\n\n:\n\n:\n\n:\n\n:\n\n:\n\n:\n\n:\n\n:\n\n:\n\n:\n\n:\n\n:\n\n:\n\n:\n\n:\n\n:\n\n:\n\n:\n\n:\n\n:\n\n:\n\n:\n\n:\n\n:\n\n:\n\n:\n\n:\n\n:\n\n:\n\n:\n\n:\n\n:\n\n:\n\n:\n\n:\n\n:\n\n:\n\n:\n\n:\n\n:\n\n:\n\n:\n\n:\n\n:\n\n:\n\n:\n\n:\n\n:\n\n:\n\n:\n\n:\n\n:\n\n:\n\n:\n\n:\n\n:\n\n:\n\n:\n\n:\n\n:\n\n:\n\n:\n\n:\n\n:\n\n:\n\n:\n\n:\n\n:\n\n:\n\n:\n\n:\n\n:\n\n:\n\n:\n\n:\n\n:\n\n:\n\n:\n\n:\n\n:\n\n:\n\n:\n\n:\n\n:\n\n:\n\n:\n\n:\n\n:\n\n:\n\n:\n\n:\n\n:\n\n:\n\n:\n\n:\n\n:\n\n:\n\n:\n\n:\n\n:\n\n:\n\n:\n\n:\n\n:\n\n:\n\n:\n\n:\n\n:\n\n:\n\n:\n\n:\n\n:\n\n:\n\n:\n\n:\n\n:\n\n:\n\n:\n\n:\n\n:\n\n:\n\n:\n\n:\n\n:\n\n:\n\n:\n\n:\n\n:\n\n:\n\n:\n\n:\n\n:\n\n:\n\n:\n\n:\n\n:\n\n:\n\n:\n\n:\n\n:\n\n:\n\n:\n\n:\n\n:\n\n:\n\n:\n\n:\n\n:\n\n:\n\n:\n\n:\n\n:\n\n:\n\n:\n\n:\n\n:\n\n:\n\n:\n\n:\n\n:\n\n:\n\n:\n\n:\n\n:\n\n:\n\n:\n\n:\n\n:\n\n:\n\n:\n\n:\n\n:\n\n:\n\n:\n\n:\n\n:\n\n:\n\n:\n\n:\n\n:\n\n:\n\n:\n\n:\n\n:\n\n:\n\n:\n\n:\n\n:\n\n:\n\n:\n\n:\n\n:\n\n:\n\n:\n\n:\n\n:\n\n:\n\n:\n\n:\n\n:\n\n:\n\n:\n\n:\n\n:\n\n:\n\n:\n\n:\n\n:\n\n:\n\n:\n\n:\n\n:\n\n:\n\n:\n\n:\n\n:\n\n:\n\n:\n\n:\n\n:\n\n:\n\n:\n\n:\n\n:\n\n:\n\n:\n\n:\n\n:\n\n:\n\n:\n\n:\n\n:\n\n:\n\n:\n\n:\n\n:\n\n:\n\n:\n\n:\n\n:\n\n:\n\n:\n\n:\n\n:\n\n:\n\n:\n\n:\n\n:\n\n:\n\n:\n\n:\n\n:\n\n:\n\n:\n\n:\n\n:\n\n:\n\n:\n\n:\n\n:\n\n:\n\n:\n\n:\n\n:\n\n:\n\n:\n\n:\n\n:\n\n:\n\n:\n\n:\n\n:\n\n:\n\n:\n\n:\n\n:\n\n:\n\n:\n\n:\n\n:\n\n:\n\n:\n\n:\n\n:\n\n:\n\n:\n\n:\n\n:\n\n:\n\n:\n\n:\n\n:\n\n:\n\n:\n\n:\n\n:\n\n:\n\n:\n\n:\n\n:\n\n:\n\n:\n\n:\n\n:\n\n:\n\n:\n\n:\n\n:\n\n:\n\n:\n\n:\n\n:\n\n:\n\n:\n\n:\n\n:\n\n:\n\n:\n\n:\n\n:\n\n:\n\n:\n\n:\n\n:\n\n:\n\n:\n\n:\n\n:\n\n:\n\n:\n\n:\n\n:\n\n:\n\n:\n\n:\n\n:\n\n:\n\n:\n\n:\n\n:\n\n:\n\n:\n\n:\n\n:\n\n:\n\n:\n\n:\n\n:\n\n:\n\n:\n\n:\n\n:\n\n:\n\n:\n\n:\n\n:\n\n:\n\n:\n\n:\n\n:\n\n:\n\n:\n\n:\n\n:\n\n:\n\n:\n\n:\n\n:\n\n:\n\n:\n\n:\n\n:\n\n:\n\n:\n\n:\n\n:\n\n:\n\n:\n\n:\n\n:\n\n:\n\n:\n\n:\n\n:\n\n:\n\n:\n\n:\n\n:\n\n:\n\n:\n\n:\n\n:\n\n:\n\n:\n\n:\n\n:\n\n:\n\n:\n\n:\n\n:\n\n:\n\n:\n\n:\n\n:\n\n:\n\n:\n\n:\n\n:\n\n:\n\n:\n\n:\n\n:\n\n:\n\n:\n\n:\n\n:\n\n:\n\n:\n\n:\n\n:\n\n:\n\n:\n\n:\n\n:\n\n:\n\n:\n\n:\n\n:\n\n:\n\n:\n\n:\n\n:\n\n:\n\n:\n\n:\n\n:\n\n:\n\n:\n\n:\n\n:\n\n:\n\n:\n\n:\n\n:\n\n:\n\n:\n\n:\n\n:\n\n:\n\n:\n\n:\n\n:\n\n:\n\n:\n\n:\n\n:\n\n:\n\n:\n\n:\n\n:\n\n:\n\n:\n\n:\n\n:\n\n:\n\n:\n\n:\n\n:\n\n:\n\n:\n\n:\n\n:\n\n:\n\n:\n\n:\n\n:\n\n:\n\n:\n\n:\n\n:\n\n:\n\n:\n\n:\n\n:\n\n:\n\n:\n\n:\n\n:\n\n:\n\n:\n\n:\n\n:\n\n:\n\n:\n\n:\n\n:\n\n:\n\n:\n\n:\n\n:\n\n:\n\n:\n\n:\n\n:\n\n:\n\n:\n\n:\n\n:\n\n:\n\n:\n\n:\n\n:\n\n:\n\n:\n\n:\n\n:\n\n:\n\n:\n\n:\n\n:\n\n:\n\n:\n\n:\n\n:\n\n:\n\n:\n\n:\n\n:\n\n:\n\n:\n\n:\n\n:\n\n:\n\n:\n\n:\n\n:\n\n:\n\n:\n\n:\n\n:\n\n:\n\n:\n\n:\n\n:\n\n:\n\n:\n\n:\n\n:\n\n:\n\n:\n\n:\n\n:\n\n:\n\n:\n\n:\n\n:\n\n:\n\n:\n\n:\n\n:\n\n:\n\n:\n\n:\n\n:\n\n:\n\n:\n\n:\n\n:\n\n:\n\n:\n\n:\n\n:\n\n:\n\n:\n\n:\n\n:\n\n:\n\n:\n\n:\n\n:\n\n:\n\n:\n\n:\n\n:\n\n:\n\n:\n\n:\n\n:\n\n:\n\n:\n\n:\n\n:\n\n:\n\n:\n\n:\n\n:\n\n:\n\n:\n\n:\n\n:\n\n:\n\n:\n\n:\n\n:\n\n:\n\n:\n\n:\n\n:\n\n:\n\n:\n\n:\n\n:\n\n:\n\n:\n\n:\n\n:\n\n:\n\n:\n\n:\n\n:\n\n:\n\n:\n\n:\n\n:\n\n:\n\n:\n\n:\n\n:\n\n:\n\n:\n\n:\n\n:\n\n:\n\n:\n\n:\n\n:\n\n:\n\n:\n\n:\n\n:\n\n:\n\n:\n\n:\n\n:\n\n:\n\n:\n"
    },
    "9": {
      "summary": "0: 0\n\n| Agency Component Name | Agency Component Description | FEA SRM Service Domain | FEA SRM Service Type | FEA SRM Component (a) | Service Component Reused Name (b) | Service Component Reused UPI (b) | Internal or External Reuse? (c) | BY Funding Percentage (d) |\n|---|---|---|---|---|---|---|---|---|\n| GEMS/Peoplesoft 8.8 for Domestic personnel and uses Post Personnel for overseas Foreign Service personnel. | Defines the set of capabilities that support the monitoring of performance as well as the professional growth, advancement, and retention of an organization's employees. IPMS accomplishes these capabilities using the GEMS/Peoplesoft 8.8 for Domestic personnel and uses Post Personnel for overseas Foreign Service personnel. | Back Office Services | Human Resources | Career Development and Retention | | No Reuse | 2 |\n| Education/Training | Defines the set of capabilities that support the active building of employee competencies, to include the range of training from professional development to general awareness training. | Back Office Services | Human Resources | Education / Training | | No Reuse | 2 |\n| Health and Safety | Defines the set of capabilities that support the security and physical well-being of an organization's employees. | Back Office Services | Human Resources | Health and Safety | | No Reuse | 1 |\n| Personnel Administration | Defines the set of capabilities that support the matching between an organization's employees and potential opportunities as well as the modification, addition and general upkeep of an organization's employee-specific information. IPMS supports these capabilities using GEMS/PeopleSoft 8.8. | Back Office Services | Human Resources | Personnel Administration | | No Reuse | 2 |\n| Recruiting | Defines the set of capabilities that support the identification and hiring of | Back Office Services | Human Resources | Recruiting | | No Reuse | 3 |"
    },
    "10": {
      "summary": "0\n\n:\n\n:\n\n:\n\n:\n\n:\n\n:\n\n:\n\n:\n\n:\n\n:\n\n:\n\n:\n\n:\n\n:\n\n:\n\n:\n\n:\n\n:\n\n:\n\n:\n\n:\n\n:\n\n:\n\n:\n\n:\n\n:\n\n:\n\n:\n\n:\n\n:\n\n:\n\n:\n\n:\n\n:\n\n:\n\n:\n\n:\n\n:\n\n:\n\n:\n\n:\n\n:\n\n:\n\n:\n\n:\n\n:\n\n:\n\n:\n\n:\n\n:\n\n:\n\n:\n\n:\n\n:\n\n:\n\n:\n\n:\n\n:\n\n:\n\n:\n\n:\n\n:\n\n:\n\n:\n\n:\n\n:\n\n:\n\n:\n\n:\n\n:\n\n:\n\n:\n\n:\n\n:\n\n:\n\n:\n\n:\n\n:\n\n:\n\n:\n\n:\n\n:\n\n:\n\n:\n\n:\n\n:\n\n:\n\n:\n\n:\n\n:\n\n:\n\n:\n\n:\n\n:\n\n:\n\n:\n\n:\n\n:\n\n:\n\n:\n\n:\n\n:\n\n:\n\n:\n\n:\n\n:\n\n:\n\n:\n\n:\n\n:\n\n:\n\n:\n\n:\n\n:\n\n:\n\n:\n\n:\n\n:\n\n:\n\n:\n\n:\n\n:\n\n:\n\n:\n\n:\n\n:\n\n:\n\n:\n\n:\n\n:\n\n:\n\n:\n\n:\n\n:\n\n:\n\n:\n\n:\n\n:\n\n:\n\n:\n\n:\n\n:\n\n:\n\n:\n\n:\n\n:\n\n:\n\n:\n\n:\n\n:\n\n:\n\n:\n\n:\n\n:\n\n:\n\n:\n\n:\n\n:\n\n:\n\n:\n\n:\n\n:\n\n:\n\n:\n\n:\n\n:\n\n:\n\n:\n\n:\n\n:\n\n:\n\n:\n\n:\n\n:\n\n:\n\n:\n\n:\n\n:\n\n:\n\n:\n\n:\n\n:\n\n:\n\n:\n\n:\n\n:\n\n:\n\n:\n\n:\n\n:\n\n:\n\n:\n\n:\n\n:\n\n:\n\n:\n\n:\n\n:\n\n:\n\n:\n\n:\n\n:\n\n:\n\n:\n\n:\n\n:\n\n:\n\n:\n\n:\n\n:\n\n:\n\n:\n\n:\n\n:\n\n:\n\n:\n\n:\n\n:\n\n:\n\n:\n\n:\n\n:\n\n:\n\n:\n\n:\n\n:\n\n:\n\n:\n\n:\n\n:\n\n:\n\n:\n\n:\n\n:\n\n:\n\n:\n\n:\n\n:\n\n:\n\n:\n\n:\n\n:\n\n:\n\n:\n\n:\n\n:\n\n:\n\n:\n\n:\n\n:\n\n:\n\n:\n\n:\n\n:\n\n:\n\n:\n\n:\n\n:\n\n:\n\n:\n\n:\n\n:\n\n:\n\n:\n\n:\n\n:\n\n:\n\n:\n\n:\n\n:\n\n:\n\n:\n\n:\n\n:\n\n:\n\n:\n\n:\n\n:\n\n:\n\n:\n\n:\n\n:\n\n:\n\n:\n\n:\n\n:\n\n:\n\n:\n\n:\n\n:\n\n:\n\n:\n\n:\n\n:\n\n:\n\n:\n\n:\n\n:\n\n:\n\n:\n\n:\n\n:\n\n:\n\n:\n\n:\n\n:\n\n:\n\n:\n\n:\n\n:\n\n:\n\n:\n\n:\n\n:\n\n:\n\n:\n\n:\n\n:\n\n:\n\n:\n\n:\n\n:\n\n:\n\n:\n\n:\n\n:\n\n:\n\n:\n\n:\n\n:\n\n:\n\n:\n\n:\n\n:\n\n:\n\n:\n\n:\n\n:\n\n:\n\n:\n\n:\n\n:\n\n:\n\n:\n\n:\n\n:\n\n:\n\n:\n\n:\n\n:\n\n:\n\n:\n\n:\n\n:\n\n:\n\n:\n\n:\n\n:\n\n:\n\n:\n\n:\n\n:\n\n:\n\n:\n\n:\n\n:\n\n:\n\n:\n\n:\n\n:\n\n:\n\n:\n\n:\n\n:\n\n:\n\n:\n\n:\n\n:\n\n:\n\n:\n\n:\n\n:\n\n:\n\n:\n\n:\n\n:\n\n:\n\n:\n\n:\n\n:\n\n:\n\n:\n\n:\n\n:\n\n:\n\n:\n\n:\n\n:\n\n:\n\n:\n\n:\n\n:\n\n:\n\n:\n\n:\n\n:\n\n:\n\n:\n\n:\n\n:\n\n:\n\n:\n\n:\n\n:\n\n:\n\n:\n\n:\n\n:\n\n:\n\n:\n\n:\n\n:\n\n:\n\n:\n\n:\n\n:\n\n:\n\n:\n\n:\n\n:\n\n:\n\n:\n\n:\n\n:\n\n:\n\n:\n\n:\n\n:\n\n:\n\n:\n\n:\n\n:\n\n:\n\n:\n\n:\n\n:\n\n:\n\n:\n\n:\n\n:\n\n:\n\n:\n\n:\n\n:\n\n:\n\n:\n\n:\n\n:\n\n:\n\n:\n\n:\n\n:\n\n:\n\n:\n\n:\n\n:\n\n:\n\n:\n\n:\n\n:\n\n:\n\n:\n\n:\n\n:\n\n:\n\n:\n\n:\n\n:\n\n:\n\n:\n\n:\n\n:\n\n:\n\n:\n\n:\n\n:\n\n:\n\n:\n\n:\n\n:\n\n:\n\n:\n\n:\n\n:\n\n:\n\n:\n\n:\n\n:\n\n:\n\n:\n\n:\n\n:\n\n:\n\n:\n\n:\n\n:\n\n:\n\n:\n\n:\n\n:\n\n:\n\n:\n\n:\n\n:\n\n:\n\n:\n\n:\n\n:\n\n:\n\n:\n\n:\n\n:\n\n:\n\n:\n\n:\n\n:\n\n:\n\n:\n\n:\n\n:\n\n:\n\n:\n\n:\n\n:\n\n:\n\n:\n\n:\n\n:\n\n:\n\n:\n\n:\n\n:\n\n:\n\n:\n\n:\n\n:\n\n:\n\n:\n\n:\n\n:\n\n:\n\n:\n\n:\n\n:\n\n:\n\n:\n\n:\n\n:\n\n:\n\n:\n\n:\n\n:\n\n:\n\n:\n\n:\n\n:\n\n:\n\n:\n\n:\n\n:\n\n:\n\n:\n\n:\n\n:\n\n:\n\n:\n\n:\n\n:\n\n:\n\n:\n\n:\n\n:\n\n:\n\n:\n\n:\n\n:\n\n:\n\n:\n\n:\n\n:\n\n:\n\n:\n\n:\n\n:\n\n:\n\n:\n\n:\n\n:\n\n:\n\n:\n\n:\n\n:\n\n:\n\n:\n\n:\n\n:\n\n:\n\n:\n\n:\n\n:\n\n:\n\n:\n\n:\n\n:\n\n:\n\n:\n\n:\n\n:\n\n:\n\n:\n\n:\n\n:\n\n:\n\n:\n\n:\n\n:\n\n:\n\n:\n\n:\n\n:\n\n:\n\n:\n\n:\n\n:\n\n:\n\n:\n\n:\n\n:\n\n:\n\n:\n\n:\n\n:\n\n:\n\n:\n\n:\n\n:\n\n:\n\n:\n\n:\n\n:\n\n:\n\n:\n\n:\n\n:\n\n:\n\n:\n\n:\n\n:\n\n:\n\n:\n\n:\n\n:\n\n:\n\n:\n\n:\n\n:\n"
    },
    "11": {
      "summary": "4. Service Component Reference Model (SRM) Table:\n\nIdentify the service components funded by this major IT investment (e.g., knowledge management, content management, customer relationship management, etc.). Provide this information in the format of the following table. For detailed guidance regarding components, please refer to http://www.egov.gov.\n\n| Agency Component Name | Agency Component Description | FEA SRM Service Domain | FEA SRM Service Type | FEA SRM Component (a) | Service Component Reused Name (b) | Service Component Reused UPI (b) | Internal or External Reuse? (c) | BY Funding Percentage (d) |\n|---|---|---|---|---|---|---|---|---|\n| Management    | of capabilities that manage and control a particular effort of an organization. | Management Services | Processes    | Project Management    |    |    | No Reuse    | 1    |\n| Organizational Management | Defines the set of capabilities that support multiple users working on related tasks. | Business Management Services | Organizational Management | Workgroup / Groupware    |    |    | No Reuse    | 1    |\n| Assistance Request   | Support the solicitation of support from a customer    | Customer Services    | Customer Initiated Assistance | Assistance Request    |    |    | No Reuse    | 1    |\n| Information Mapping / Taxonomy | Defines the set of capabilities that support the creation and maintenance of relationships between data entities, naming standards and categorization. IPMS supports these capabilities using ERWIN. | Digital Asset Services | Knowledge Management | Information Mapping / Taxonomy    |    |    | No Reuse    | 2    |\n| Information Sharing   | Defines the set of capabilities that support the use of documents and data in a multi-user environment for use by an organization and its stakeholders. IPMS accomplishes these capabilities using the Knowledge Center/Business Objects for Domestic personnel. | Digital Asset Services | Knowledge Management | Information Sharing    |    |    | No Reuse   "
    },
    "12": {
      "summary": "300: Exhibit 300 - Integrated Personnel Management System (IPMS) (Revision 6)\n\n4. Service Component Reference Model (SRM) Table:\n\nIdentify the service components funded by this major IT investment (e.g., knowledge management, content management, customer relationship management, etc.). Provide this information in the format of the following table. For detailed guidance regarding components, please refer to http://www.egov.gov.\n\n| Agency Component Name | Agency Component Description | FEA SRM Service Domain | FEA SRM Service Type | FEA SRM Component (a) | Service Component Reused Name (b) | Service Component Reused UPI (b) | Internal or External Reuse? (c) | BY Funding Percentage (d) |\n|------------------------|---------------------------------|-----------------------|----------------------|--------------------------|-------------------------------|-----------------------------------|-------------------------------------|--------------------------------|\n| System Resource Monitoring | Defines the set of capabilities that support the balance and allocation of memory, usage, disk space and performance on computers and their applications. DoS supports these capabilities using Big IP and Oracle RAC (Real Application Clusters). | Support Services | Systems Management | System Resource Monitoring |                               |                                   | No Reuse                           | 4                                  |\n\na. Use existing SRM Components or identify as \"NEW\". A \"NEW\" component is one not already identified as a service component in the FEA SRM.\n\nb. A reused component is one being funded by another investment, but being used by this investment. Rather than answer yes or no, identify the reused service component funded by the other investment and identify the other investment using the Unique Project Identifier (UPI) code from the OMB Ex 300 or Ex 53 submission.\n\nc. 'Internal' reuse is within an agency. For example, one agency within a departm"
    },
    "13": {
      "summary": "0: Exhibit 300: Exhibit 300 - Integrated Personnel Management System (IPMS) (Revision 6)\n\nTo demonstrate how this major IT investment aligns with the FEA Technical Reference Model (TRM), please list the Service Areas, Categories, Standards, and Service Specifications supporting this IT investment.\n\n| FEA SRM Component (a) | FEA TRM Service Area | FEA TRM Service Category | FEA TRM Service Standard | Service Specification (b) (i.e., vendor and product name) |\n|---|---|---|---|---|\n| Information Sharing    | Service Access and Delivery | Service Requirements    | Hosting    | Internal (within Agency)    |\n| Identification and Authentication | Service Access and Delivery | Service Requirements    | Legislative / Compliance    | Privacy: Liberty Alliance    |\n| Identification and Authentication | Service Access and Delivery | Service Requirements    | Legislative / Compliance    | Section 508    |\n| Identification and Authentication | Service Access and Delivery | Service Requirements    | Legislative / Compliance    | Security    |\n| Identification and Authentication | Service Access and Delivery | Service Requirements    | Legislative / Compliance    | Web Content Accessibility    |\n| Information Sharing    | Service Access and Delivery | Service Transport    | Service Transport    | Electronic Mail (E-mail)    |\n| Information Sharing    | Service Access and Delivery | Service Transport    | Service Transport    | Microsoft Exchange Server    |\n| Information Sharing    | Service Access and Delivery | Service Transport    | Service Transport    | Internet Protocol (IP)    |\n| Information Sharing    | Service Interface and Integration | Integration    | Enterprise Application Integration | Transport Control Protocol (TCP)    |\n| Instrumentation and Testing | Service Interface and Integration | Integration    | Enterprise Application Integration | BizTalk Application Connectivity    |\n| Instrumentation and Testing | Service Interface and Integration | Integration    | En"
    },
    "14": {
      "summary": "300: Integrated Personnel Management System (IPMS) (Revision 6)\n\nTo demonstrate how this major IT investment aligns with the FEA Technical Reference Model (TRM), please list the Service Areas, Categories, Standards, and Service Specifications supporting this IT investment.\n\n| FEA SRM Component (a) | FEA TRM Service Area | FEA TRM Service Category | FEA TRM Service Standard | Service Specification (b) (i.e., vendor and product name) |\n|-------------------------|----------------------|--------------------------|---------------------------|-------------------------------------------------------|\n|                         | Infrastructure      |                          |                           |                                                       |\n| System Resource Monitoring | Service Platform and Infrastructure | Hardware / Infrastructure | Video Conferencing | Hopman Communications Receiver |\n| Software Development     | Service Platform and Infrastructure | Software Engineering | Integrated Development Environment | Microsoft Visual Studio |\n| Software Development     | Service Platform and Infrastructure | Software Engineering | Modeling | Unified Modeling Language (UML) |\n| Software Development     | Service Platform and Infrastructure | Software Engineering | Software Configuration Management | Defect Tracking |\n| Software Development     | Service Platform and Infrastructure | Software Engineering | Software Configuration Management | Deployment Management |\n| System Resource Monitoring | Service Platform and Infrastructure | Software Engineering | Software Configuration Management | Microsoft Project Professional/Project Web Access Task Management |\n| System Resource Monitoring | Service Platform and Infrastructure | Software Engineering | Software Configuration Management | MKS Change Management |\n| System Resource Monitoring | Service Platform and Infrastructure | Software Engineering | Software Configuration Management | MKS Requirements Management an"
    },
    "15": {
      "summary": "0: Exhibit 300 - Integrated Personnel Management System (IPMS) (Revision 6)\n\nThe Life cycle cost estimate is risk adjusted to account for currently identified program risks and also takes into account the likelihood that additional risks will materialize throughout the project life cycle. The project schedule is based on a conservative estimate of the time required to maintain and implement new applications within IPMS. A detailed analysis of the program's subprojects (\"bottoms-up\" analysis), taking into account lessons learned, is conducted by management and subject matter experts to assess the current and future level of effort required to meet the investment's objectives. This more conservative approach uses realistic expectations, rather than best case scenarios to develop the investment's budget and schedule.\n\nTuesday, September 11, 2007 - 12:16 AM\n\nPage 15 of 15"
    }
  }
}
