{
  "doc_id": "avalaunchpresentationsthatkickasteriskv3copy-150318114804-conversion-gate01_95.pdf",
  "pages": {
    "1": {
      "summary": ":\n\n\n: :\n\n\n: :\n\n\n: :\n\n\n: :\n\n\n: :\n\n\n: :\n\n\n: :\n\n\n: :\n\n\n: :\n\n\n: :\n\n\n: :\n\n\n: :\n\n\n: :\n\n\n: :\n\n\n: :\n\n\n: :\n\n\n: :\n\n\n: :\n\n\n: :\n\n\n: :\n\n\n: :\n\n\n: :\n\n\n: :\n\n\n: :\n\n\n: :\n\n\n: :\n\n\n: :\n\n\n: :\n\n\n: :\n\n\n: :\n\n\n: :\n\n\n: :\n\n\n: :\n\n\n: :\n\n\n: :\n\n\n: :\n\n\n: :\n\n\n: :\n\n\n: :\n\n\n: :\n\n\n: :\n\n\n: :\n\n\n: :\n\n\n: :\n\n\n: :\n\n\n: :\n\n\n: :\n\n\n: :\n\n\n: :\n\n\n: :\n\n\n: :\n\n\n: :\n\n\n: :\n\n\n: :\n\n\n: :\n\n\n: :\n\n\n: :\n\n\n: :\n\n\n: :\n\n\n: :\n\n\n: :\n\n\n: :\n\n\n: :\n\n\n: :\n\n\n: :\n\n\n: :\n\n\n: :\n\n\n: :\n\n\n: :\n\n\n: :\n\n\n: :\n\n\n: :\n\n\n: :\n\n\n: :\n\n\n: :\n\n\n: :\n\n\n: :\n\n\n: :\n\n\n: :\n\n\n: :\n\n\n: :\n\n\n: :\n\n\n: :\n\n\n: :\n\n\n: :\n\n\n: :\n\n\n: :\n\n\n: :\n\n\n: :\n\n\n: :\n\n\n: :\n\n\n: :\n\n\n: :\n\n\n: :\n\n\n: :\n\n\n: :\n\n\n: :\n\n\n: :\n\n\n: :\n\n\n: :\n\n\n: :\n\n\n: :\n\n\n: :\n\n\n: :\n\n\n: :\n\n\n: :\n\n\n: :\n\n\n: :\n\n\n: :\n\n\n: :\n\n\n: :\n\n\n: :\n\n\n: :\n\n\n: :\n\n\n: :\n\n\n: :\n\n\n: :\n\n\n: :\n\n\n: :\n\n\n: :\n\n\n: :\n\n\n: :\n\n\n: :\n\n\n: :\n\n\n: :\n\n\n: :\n\n\n: :\n\n\n: :\n\n\n: :\n\n\n: :\n\n\n: :\n\n\n: :\n\n\n: :\n\n\n: :\n\n\n: :\n\n\n: :\n\n\n: :\n\n\n: :\n\n\n: :\n\n\n: :\n\n\n: :\n\n\n: :\n\n\n: :\n\n\n: :\n\n\n: :\n\n\n: :\n\n\n: :\n\n\n: :\n\n\n: :\n\n\n: :\n\n\n: :\n\n\n: :\n\n\n: :\n\n\n: :\n\n\n: :\n\n\n: :\n\n\n: :\n\n\n: :\n\n\n: :\n\n\n: :\n\n\n: :\n\n\n: :\n\n\n: :\n\n\n: :\n\n\n: :\n\n\n: :\n\n\n: :\n\n\n: :\n\n\n: :\n\n\n: :\n\n\n: :\n\n\n: :\n\n\n: :\n\n\n: :\n\n\n: :\n\n\n: :\n\n\n: :\n\n\n: :\n\n\n: :\n\n\n: :\n\n\n: :\n\n\n: :\n\n\n: :\n\n\n: :\n\n\n: :\n\n\n: :\n\n\n: :\n\n\n: :\n\n\n: :\n\n\n: :\n\n\n: :\n\n\n: :\n\n\n: :\n\n\n: :\n\n\n: :\n\n\n: :\n\n\n: :\n\n\n: :\n\n\n: :\n\n\n: :\n\n\n: :\n\n\n: :\n\n\n: :\n\n\n: :\n\n\n: :\n\n\n: :\n\n\n: :\n\n\n: :\n\n\n: :\n\n\n: :\n\n\n: :\n\n\n: :\n\n\n: :\n\n\n: :\n\n\n: :\n\n\n: :\n\n\n: :\n\n\n: :\n\n\n: :\n\n\n: :\n\n\n: :\n\n\n: :\n\n\n: :\n\n\n: :\n\n\n: :\n\n\n: :\n\n\n: :\n\n\n: :\n\n\n: :\n\n\n: :\n\n\n: :\n\n\n: :\n\n\n: :\n\n\n: :\n\n\n: :\n\n\n: :\n\n\n: :\n\n\n: :\n\n\n: :\n\n\n: :\n\n\n: :\n\n\n: :\n\n\n: :\n\n\n: :\n\n\n: :\n\n\n: :\n\n\n: :\n\n\n: :\n\n\n: :\n\n\n: :\n\n\n: :\n\n\n: :\n\n\n: :\n\n\n: :\n\n\n: :\n\n\n: :\n\n\n: :\n\n\n: :\n\n\n: :\n\n\n: :\n\n\n: :\n\n\n: :\n\n\n: :\n\n\n: :\n\n\n: :\n\n\n: :\n\n\n: :\n\n\n: :\n\n\n: :\n\n\n: :\n\n\n: :\n\n\n: :\n\n\n: :\n\n\n: :\n\n\n: :\n\n\n: :\n\n\n: :\n\n\n: :\n\n\n: :\n\n\n: :\n\n\n: :\n\n\n: :\n\n\n: :\n\n\n: :\n\n\n: :\n\n\n: :\n\n\n: :\n\n\n: :\n\n\n: :\n\n\n: :\n\n\n: :\n\n\n: :\n\n\n: :\n\n\n: :\n\n\n: :\n\n\n: :\n\n\n: :\n\n\n: :\n\n\n: :\n\n\n: :\n\n\n: :\n\n\n: :\n\n\n: :\n\n\n: :\n\n\n: :\n\n\n: :\n\n\n: :\n\n\n: :\n\n\n: :\n\n\n: :\n\n\n: :\n\n\n: :\n\n\n: :\n\n\n: :\n\n\n: :\n\n\n: :\n\n\n: :\n\n\n: :\n\n\n: :\n\n\n: :\n\n\n: :\n\n\n: :\n\n\n: :\n\n\n: :\n\n\n: :\n\n\n: :\n\n\n: :\n\n\n: :\n\n\n: :\n\n\n: :\n\n\n: :\n\n\n: :\n\n\n: :\n"
    },
    "2": {
      "summary": "4 REASONS YOUR PRESENTATIONS NEED IT'S\n\nASTERISKS KICKED"
    },
    "3": {
      "summary": "1\n\nYOU DIDN'T\n\nTELL A STORY"
    },
    "4": {
      "summary": "2\n\nTURRIBLE VISUALS"
    },
    "5": {
      "summary": "3\n\nTOO MUCH EVERYTHING\n\n\nIDEA\n\nTEAM\n\nMALETTING\n\nSuccess\n\nInnovation\n\nStrategy\n\nCreativity\n\nIDEA\n\nAnalysis\n\nROI\n\nIDEA\n\nSuccess\n\nInnovation\n\nStrategy\n\nCreativity"
    },
    "6": {
      "summary": "4\n\nSLOPPY DRESS\n\nBAD SPACING"
    },
    "7": {
      "summary": "0\n\nHOW\n\nTO CREATE A DECK THAT WILL BE...\n\nREMEMBERED\n\nFOR THE AGES"
    },
    "8": {
      "summary": ":\n\n\nMIDDLE\n\nBEGINNING\n\nEND\n\nSTRAIFY YOUR PRESENTATION"
    },
    "9": {
      "summary": " PUT A\n\nBILLET IN YOUR\n\nBILLET POINTS"
    },
    "10": {
      "summary": " YOUR BRAIN ON\n\nBULLETS\n\nONLY ACTIVATES A PORTION\n\nOF YOUR BRAIN"
    },
    "11": {
      "summary": " YOUR BRAIN ON\n\nSTORIES\n\nACTIVATES YOUR ENTIRE BRAIN"
    },
    "12": {
      "summary": "65%\nOF PEOPLE ARE\nVISUAL LEARNERS\n\nCONTENT WITH\nVISUALS GETS\n94%\nMORE VIEWS\n\nTHE AVERAGE\nPERSON READS ONLY\n20%\nOF TEXT ON\nA WEBPAGE\n\nPEOPLE RETAIN 80% OF WHAT\nTHEY SEE, 20% OF WHAT THEY\nREAD, 10% OF WHAT THEY HEAR"
    },
    "13": {
      "summary": "6.5X MORE LIKELY TO BE REMEMBERED IF PRESENTED AS A VISUAL"
    },
    "14": {
      "summary": " USE EMOTIVE VISUALS"
    },
    "15": {
      "summary": " ONE POINT PER SLIDE"
    },
    "16": {
      "summary": "20 MINUTE INCREMENTS\n\nPEOPLE LEARN BEST IN\n\nTED TALKS ARE ALMOST ALL\n\n20 MINUTES LONG\n\nPAID TIP\n\nA"
    },
    "17": {
      "summary": " i  :  i  :  i  :  i  :  i  :  i  :  i  :  i  :  i  :  i  :  i  :  i  :  i  :  i  :  i  :  i  :  i  :  i  :  i  :  i  :  i  :  i  :  i  :  i  :  i  :  i  :  i  :  i  :  i  :  i  :  i  :  i  :  i  :  i  :  i  :  i  :  i  :  i  :  i  :  i  :  i  :  i  :  i  :  i  :  i  :  i  :  i  :  i  :  i  :  i  :  i  :  i  :  i  :  i  :  i  :  i  :  i  :  i  :  i  :  i  :  i  :  i  :  i  :  i  :  i  :  i  :  i  :  i  :  i  :  i  :  i  :  i  :  i  :  i  :  i  :  i  :  i  :  i  :  i  :  i  :  i  :  i  :  i  :  i  :  i  :  i  :  i  :  i  :  i  :  i  :  i  :  i  :  i  :  i  :  i  :  i  :  i  :  i  :  i  :  i  :  i  :  i  :  i  :  i  :  i  :  i  :  i  :  i  :  i  :  i  :  i  :  i  :  i  :  i  :  i  :  i  :  i  :  i  :  i  :  i  :  i  :  i  :  i  :  i  :  i  :  i  :  i  :  i  :  i  :  i  :  i  :  i  :  i  :  i  :  i  :  i  :  i  :  i  :  i  :  i  :  i  :  i  :  i  :  i  :  i  :  i  :  i  :  i  :  i  :  i  :  i  :  i  :  i  :  i  :  i  :  i  :  i  :  i  :  i  :  i  :  i  :  i  :  i  :  i  :  i  :  i  :  i  :  i  :  i  :  i  :  i  :  i  :  i  :  i  :  i  :  i  :  i  :  i  :  i  :  i  :  i  :  i  :  i  :  i  :  i  :  i  :  i  :  i  :  i  :  i  :  i  :  i  :  i  :  i  :  i  :  i  :  i  :  i  :  i  :  i  :  i  :  i  :  i  :  i  :  i  :  i  :  i  :  i  :  i  :  i  :  i  :  i  :  i  :  i  :  i  :  i  :  i  :  i  :  i  :  i  :  i  :  i  :  i  :  i  :  i  :  i  :  i  :  i  :  i  :  i  :  i  :  i  :  i  :  i  :  i  :  i  :  i  :  i  :  i  :  i  :  i  :  i  :  i  :  i  :  i  :  i  :  i  :  i  :  i  :  i  :  i  :  i  :  i  :  i  :  i  :  i  :  i  :  i  :  i  :  i  :  i  :  i  :  i  :  i  :  i  :  i  :  i  :  i  :  i  :  i  :  i  :  i  :  i  :  i  :  i  :  i  :  i  :  i  :  i  :  i  :  i  :  i  :  i  :  i  :  i  :  i  :  i  :  i  :  i  :  i  :  i  :  i  :  i  :  i  :  i  :  i  :  i  :  i  :  i  :  i  :  i  :  i  :  i  :  i  :  i  :  i  :  i  :  i  :  i  :  i  :  i  :  i  :  i  :  i  :  i  :  i  :  i  :  i  :  i  :  i  :  i  :  i  :  i  :  i  :  i  :  i  :  i  :  i  :  i  :  i  :  i  :  i  :  i  :  i"
    },
    "18": {
      "summary": "5\n\nPEOPLE CAN\n\nONLY REMEMBER\n\n10%\n\n65%\n\nOF WHAT THEY\n\nOF WHAT THEY\n\nHEAR\n\nSEE\n\nTHREE DAYS LATER\n\nTHREE DAYS LATER"
    },
    "19": {
      "summary": "40\n\nLEARN TO DRESS\n\nYOUR PRESENTATION"
    },
    "20": {
      "summary": " GET CREATIVE WITH BULLET POINTS\n\n\n:  USE ICONOGRAPHY\n\n:  TO VISUALIZE POINTS"
    },
    "21": {
      "summary": " MIX\n\nAND\n\nMatch\n\n\nFONT CHOICE"
    },
    "22": {
      "summary": " LET YOUR SLIDE BREATHE\n\nPROPER SPACING"
    },
    "23": {
      "summary": ":\n\n\n\nCHOOSE A\n\nMATCHING\n\nCOLOR SCHEME"
    },
    "24": {
      "summary": " STICK TO A THEME"
    },
    "25": {
      "summary": ":\n\n\n: :\n\n\n: :\n\n\n: :\n\n\n: :\n\n\n: :\n\n\n: :\n\n\n: :\n\n\n: :\n\n\n: :\n\n\n: :\n\n\n: :\n\n\n: :\n\n\n: :\n\n\n: :\n\n\n: :\n\n\n: :\n\n\n: :\n\n\n: :\n\n\n: :\n\n\n: :\n\n\n: :\n\n\n: :\n\n\n: :\n\n\n: :\n\n\n: :\n\n\n: :\n\n\n: :\n\n\n: :\n\n\n: :\n\n\n: :\n\n\n: :\n\n\n: :\n\n\n: :\n\n\n: :\n\n\n: :\n\n\n: :\n\n\n: :\n\n\n: :\n\n\n: :\n\n\n: :\n\n\n: :\n\n\n: :\n\n\n: :\n\n\n: :\n\n\n: :\n\n\n: :\n\n\n: :\n\n\n: :\n\n\n: :\n\n\n: :\n\n\n: :\n\n\n: :\n\n\n: :\n\n\n: :\n\n\n: :\n\n\n: :\n\n\n: :\n\n\n: :\n\n\n: :\n\n\n: :\n\n\n: :\n\n\n: :\n\n\n: :\n\n\n: :\n\n\n: :\n\n\n: :\n\n\n: :\n\n\n: :\n\n\n: :\n\n\n: :\n\n\n: :\n\n\n: :\n\n\n: :\n\n\n: :\n\n\n: :\n\n\n: :\n\n\n: :\n\n\n: :\n\n\n: :\n\n\n: :\n\n\n: :\n\n\n: :\n\n\n: :\n\n\n: :\n\n\n: :\n\n\n: :\n\n\n: :\n\n\n: :\n\n\n: :\n\n\n: :\n\n\n: :\n\n\n: :\n\n\n: :\n\n\n: :\n\n\n: :\n\n\n: :\n\n\n: :\n\n\n: :\n\n\n: :\n\n\n: :\n\n\n: :\n\n\n: :\n\n\n: :\n\n\n: :\n\n\n: :\n\n\n: :\n\n\n: :\n\n\n: :\n\n\n: :\n\n\n: :\n\n\n: :\n\n\n: :\n\n\n: :\n\n\n: :\n\n\n: :\n\n\n: :\n\n\n: :\n\n\n: :\n\n\n: :\n\n\n: :\n\n\n: :\n\n\n: :\n\n\n: :\n\n\n: :\n\n\n: :\n\n\n: :\n\n\n: :\n\n\n: :\n\n\n: :\n\n\n: :\n\n\n: :\n\n\n: :\n\n\n: :\n\n\n: :\n\n\n: :\n\n\n: :\n\n\n: :\n\n\n: :\n\n\n: :\n\n\n: :\n\n\n: :\n\n\n: :\n\n\n: :\n\n\n: :\n\n\n: :\n\n\n: :\n\n\n: :\n\n\n: :\n\n\n: :\n\n\n: :\n\n\n: :\n\n\n: :\n\n\n: :\n\n\n: :\n\n\n: :\n\n\n: :\n\n\n: :\n\n\n: :\n\n\n: :\n\n\n: :\n\n\n: :\n\n\n: :\n\n\n: :\n\n\n: :\n\n\n: :\n\n\n: :\n\n\n: :\n\n\n: :\n\n\n: :\n\n\n: :\n\n\n: :\n\n\n: :\n\n\n: :\n\n\n: :\n\n\n: :\n\n\n: :\n\n\n: :\n\n\n: :\n\n\n: :\n\n\n: :\n\n\n: :\n\n\n: :\n\n\n: :\n\n\n: :\n\n\n: :\n\n\n: :\n\n\n: :\n\n\n: :\n\n\n: :\n\n\n: :\n\n\n: :\n\n\n: :\n\n\n: :\n\n\n: :\n\n\n: :\n\n\n: :\n\n\n: :\n\n\n: :\n\n\n: :\n\n\n: :\n\n\n: :\n\n\n: :\n\n\n: :\n\n\n: :\n\n\n: :\n\n\n: :\n\n\n: :\n\n\n: :\n\n\n: :\n\n\n: :\n\n\n: :\n\n\n: :\n\n\n: :\n\n\n: :\n\n\n: :\n\n\n: :\n\n\n: :\n\n\n: :\n\n\n: :\n\n\n: :\n\n\n: :\n\n\n: :\n\n\n: :\n\n\n: :\n\n\n: :\n\n\n: :\n\n\n: :\n\n\n: :\n\n\n: :\n\n\n: :\n\n\n: :\n\n\n: :\n\n\n: :\n\n\n: :\n\n\n: :\n\n\n: :\n\n\n: :\n\n\n: :\n\n\n: :\n\n\n: :\n\n\n: :\n\n\n: :\n\n\n: :\n\n\n: :\n\n\n: :\n\n\n: :\n\n\n: :\n\n\n: :\n\n\n: :\n\n\n: :\n\n\n: :\n\n\n: :\n\n\n: :\n\n\n: :\n\n\n: :\n\n\n: :\n\n\n: :\n\n\n: :\n\n\n: :\n\n\n: :\n\n\n: :\n\n\n: :\n\n\n: :\n\n\n: :\n\n\n: :\n\n\n: :\n\n\n: :\n\n\n: :\n\n\n: :\n\n\n: :\n\n\n: :\n\n\n: :\n\n\n: :\n\n\n: :\n\n\n: :\n\n\n: :\n\n\n: :\n\n\n: :\n\n\n: :\n\n\n: :\n\n\n: :\n\n\n: :\n\n\n: :\n\n\n: :\n\n\n: :\n\n\n: :\n\n\n: :\n\n\n: :\n\n\n: :\n\n\n: :\n\n\n: :\n\n\n: :\n\n\n: :\n\n\n: :\n\n\n: :\n\n\n: :\n\n\n: :\n\n\n: :\n\n\n: :\n\n\n: :\n\n\n: :\n\n\n: :\n\n\n: :\n\n\n: :\n\n\n: :\n\n\n: :\n\n\n: :\n\n\n: :\n\n\n: :\n\n\n: :\n\n\n: :\n\n\n: :\n\n\n: :\n\n\n: :\n\n\n: :\n\n\n: :\n\n\n: :\n\n\n: :\n\n\n: :\n\n\n: :\n\n\n: :\n\n\n: :\n\n\n: :\n\n\n: :\n\n\n: :\n\n\n: :\n\n\n: :\n\n\n: :\n\n\n: :\n\n\n: :\n\n\n: :\n\n\n: :\n\n\n: :\n"
    },
    "26": {
      "summary": ":\n\n\n: :\n\n\n: :\n\n\n: :\n\n\n: :\n\n\n: :\n\n\n: :\n\n\n: :\n\n\n: :\n\n\n: :\n\n\n: :\n\n\n: :\n\n\n: :\n\n\n: :\n\n\n: :\n\n\n: :\n\n\n: :\n\n\n: :\n\n\n: :\n\n\n: :\n\n\n: :\n\n\n: :\n\n\n: :\n\n\n: :\n\n\n: :\n\n\n: :\n\n\n: :\n\n\n: :\n\n\n: :\n\n\n: :\n\n\n: :\n\n\n: :\n\n\n: :\n\n\n: :\n\n\n: :\n\n\n: :\n\n\n: :\n\n\n: :\n\n\n: :\n\n\n: :\n\n\n: :\n\n\n: :\n\n\n: :\n\n\n: :\n\n\n: :\n\n\n: :\n\n\n: :\n\n\n: :\n\n\n: :\n\n\n: :\n\n\n: :\n\n\n: :\n\n\n: :\n\n\n: :\n\n\n: :\n\n\n: :\n\n\n: :\n\n\n: :\n\n\n: :\n\n\n: :\n\n\n: :\n\n\n: :\n\n\n: :\n\n\n: :\n\n\n: :\n\n\n: :\n\n\n: :\n\n\n: :\n\n\n: :\n\n\n: :\n\n\n: :\n\n\n: :\n\n\n: :\n\n\n: :\n\n\n: :\n\n\n: :\n\n\n: :\n\n\n: :\n\n\n: :\n\n\n: :\n\n\n: :\n\n\n: :\n\n\n: :\n\n\n: :\n\n\n: :\n\n\n: :\n\n\n: :\n\n\n: :\n\n\n: :\n\n\n: :\n\n\n: :\n\n\n: :\n\n\n: :\n\n\n: :\n\n\n: :\n\n\n: :\n\n\n: :\n\n\n: :\n\n\n: :\n\n\n: :\n\n\n: :\n\n\n: :\n\n\n: :\n\n\n: :\n\n\n: :\n\n\n: :\n\n\n: :\n\n\n: :\n\n\n: :\n\n\n: :\n\n\n: :\n\n\n: :\n\n\n: :\n\n\n: :\n\n\n: :\n\n\n: :\n\n\n: :\n\n\n: :\n\n\n: :\n\n\n: :\n\n\n: :\n\n\n: :\n\n\n: :\n\n\n: :\n\n\n: :\n\n\n: :\n\n\n: :\n\n\n: :\n\n\n: :\n\n\n: :\n\n\n: :\n\n\n: :\n\n\n: :\n\n\n: :\n\n\n: :\n\n\n: :\n\n\n: :\n\n\n: :\n\n\n: :\n\n\n: :\n\n\n: :\n\n\n: :\n\n\n: :\n\n\n: :\n\n\n: :\n\n\n: :\n\n\n: :\n\n\n: :\n\n\n: :\n\n\n: :\n\n\n: :\n\n\n: :\n\n\n: :\n\n\n: :\n\n\n: :\n\n\n: :\n\n\n: :\n\n\n: :\n\n\n: :\n\n\n: :\n\n\n: :\n\n\n: :\n\n\n: :\n\n\n: :\n\n\n: :\n\n\n: :\n\n\n: :\n\n\n: :\n\n\n: :\n\n\n: :\n\n\n: :\n\n\n: :\n\n\n: :\n\n\n: :\n\n\n: :\n\n\n: :\n\n\n: :\n\n\n: :\n\n\n: :\n\n\n: :\n\n\n: :\n\n\n: :\n\n\n: :\n\n\n: :\n\n\n: :\n\n\n: :\n\n\n: :\n\n\n: :\n\n\n: :\n\n\n: :\n\n\n: :\n\n\n: :\n\n\n: :\n\n\n: :\n\n\n: :\n\n\n: :\n\n\n: :\n\n\n: :\n\n\n: :\n\n\n: :\n\n\n: :\n\n\n: :\n\n\n: :\n\n\n: :\n\n\n: :\n\n\n: :\n\n\n: :\n\n\n: :\n\n\n: :\n\n\n: :\n\n\n: :\n\n\n: :\n\n\n: :\n\n\n: :\n\n\n: :\n\n\n: :\n\n\n: :\n\n\n: :\n\n\n: :\n\n\n: :\n\n\n: :\n\n\n: :\n\n\n: :\n\n\n: :\n\n\n: :\n\n\n: :\n\n\n: :\n\n\n: :\n\n\n: :\n\n\n: :\n\n\n: :\n\n\n: :\n\n\n: :\n\n\n: :\n\n\n: :\n\n\n: :\n\n\n: :\n\n\n: :\n\n\n: :\n\n\n: :\n\n\n: :\n\n\n: :\n\n\n: :\n\n\n: :\n\n\n: :\n\n\n: :\n\n\n: :\n\n\n: :\n\n\n: :\n\n\n: :\n\n\n: :\n\n\n: :\n\n\n: :\n\n\n: :\n\n\n: :\n\n\n: :\n\n\n: :\n\n\n: :\n\n\n: :\n\n\n: :\n\n\n: :\n\n\n: :\n\n\n: :\n\n\n: :\n\n\n: :\n\n\n: :\n\n\n: :\n\n\n: :\n\n\n: :\n\n\n: :\n\n\n: :\n\n\n: :\n\n\n: :\n\n\n: :\n\n\n: :\n\n\n: :\n\n\n: :\n\n\n: :\n\n\n: :\n\n\n: :\n\n\n: :\n\n\n: :\n\n\n: :\n\n\n: :\n\n\n: :\n\n\n: :\n\n\n: :\n\n\n: :\n\n\n: :\n\n\n: :\n\n\n: :\n\n\n: :\n\n\n: :\n\n\n: :\n\n\n: :\n\n\n: :\n\n\n: :\n\n\n: :\n\n\n: :\n\n\n: :\n\n\n: :\n\n\n: :\n\n\n: :\n\n\n: :\n\n\n: :\n\n\n: :\n\n\n: :\n\n\n: :\n\n\n: :\n\n\n: :\n\n\n: :\n\n\n: :\n\n\n: :\n\n\n: :\n\n\n: :\n\n\n: :\n\n\n: :\n\n\n: :\n\n\n: :\n\n\n: :\n\n\n: :\n\n\n: :\n\n\n: :\n\n\n: :\n\n\n: :\n\n\n: :\n\n\n: :\n\n\n: :\n\n\n: :\n\n\n: :\n\n\n: :\n\n\n: :\n\n\n: :\n\n\n: :\n"
    },
    "27": {
      "summary": ":\n\n\n: :\n\n\n: :\n\n\n: :\n\n\n: :\n\n\n: :\n\n\n: :\n\n\n: :\n\n\n: :\n\n\n: :\n\n\n: :\n\n\n: :\n\n\n: :\n\n\n: :\n\n\n: :\n\n\n: :\n\n\n: :\n\n\n: :\n\n\n: :\n\n\n: :\n\n\n: :\n\n\n: :\n\n\n: :\n\n\n: :\n\n\n: :\n\n\n: :\n\n\n: :\n\n\n: :\n\n\n: :\n\n\n: :\n\n\n: :\n\n\n: :\n\n\n: :\n\n\n: :\n\n\n: :\n\n\n: :\n\n\n: :\n\n\n: :\n\n\n: :\n\n\n: :\n\n\n: :\n\n\n: :\n\n\n: :\n\n\n: :\n\n\n: :\n\n\n: :\n\n\n: :\n\n\n: :\n\n\n: :\n\n\n: :\n\n\n: :\n\n\n: :\n\n\n: :\n\n\n: :\n\n\n: :\n\n\n: :\n\n\n: :\n\n\n: :\n\n\n: :\n\n\n: :\n\n\n: :\n\n\n: :\n\n\n: :\n\n\n: :\n\n\n: :\n\n\n: :\n\n\n: :\n\n\n: :\n\n\n: :\n\n\n: :\n\n\n: :\n\n\n: :\n\n\n: :\n\n\n: :\n\n\n: :\n\n\n: :\n\n\n: :\n\n\n: :\n\n\n: :\n\n\n: :\n\n\n: :\n\n\n: :\n\n\n: :\n\n\n: :\n\n\n: :\n\n\n: :\n\n\n: :\n\n\n: :\n\n\n: :\n\n\n: :\n\n\n: :\n\n\n: :\n\n\n: :\n\n\n: :\n\n\n: :\n\n\n: :\n\n\n: :\n\n\n: :\n\n\n: :\n\n\n: :\n\n\n: :\n\n\n: :\n\n\n: :\n\n\n: :\n\n\n: :\n\n\n: :\n\n\n: :\n\n\n: :\n\n\n: :\n\n\n: :\n\n\n: :\n\n\n: :\n\n\n: :\n\n\n: :\n\n\n: :\n\n\n: :\n\n\n: :\n\n\n: :\n\n\n: :\n\n\n: :\n\n\n: :\n\n\n: :\n\n\n: :\n\n\n: :\n\n\n: :\n\n\n: :\n\n\n: :\n\n\n: :\n\n\n: :\n\n\n: :\n\n\n: :\n\n\n: :\n\n\n: :\n\n\n: :\n\n\n: :\n\n\n: :\n\n\n: :\n\n\n: :\n\n\n: :\n\n\n: :\n\n\n: :\n\n\n: :\n\n\n: :\n\n\n: :\n\n\n: :\n\n\n: :\n\n\n: :\n\n\n: :\n\n\n: :\n\n\n: :\n\n\n: :\n\n\n: :\n\n\n: :\n\n\n: :\n\n\n: :\n\n\n: :\n\n\n: :\n\n\n: :\n\n\n: :\n\n\n: :\n\n\n: :\n\n\n: :\n\n\n: :\n\n\n: :\n\n\n: :\n\n\n: :\n\n\n: :\n\n\n: :\n\n\n: :\n\n\n: :\n\n\n: :\n\n\n: :\n\n\n: :\n\n\n: :\n\n\n: :\n\n\n: :\n\n\n: :\n\n\n: :\n\n\n: :\n\n\n: :\n\n\n: :\n\n\n: :\n\n\n: :\n\n\n: :\n\n\n: :\n\n\n: :\n\n\n: :\n\n\n: :\n\n\n: :\n\n\n: :\n\n\n: :\n\n\n: :\n\n\n: :\n\n\n: :\n\n\n: :\n\n\n: :\n\n\n: :\n\n\n: :\n\n\n: :\n\n\n: :\n\n\n: :\n\n\n: :\n\n\n: :\n\n\n: :\n\n\n: :\n\n\n: :\n\n\n: :\n\n\n: :\n\n\n: :\n\n\n: :\n\n\n: :\n\n\n: :\n\n\n: :\n\n\n: :\n\n\n: :\n\n\n: :\n\n\n: :\n\n\n: :\n\n\n: :\n\n\n: :\n\n\n: :\n\n\n: :\n\n\n: :\n\n\n: :\n\n\n: :\n\n\n: :\n\n\n: :\n\n\n: :\n\n\n: :\n\n\n: :\n\n\n: :\n\n\n: :\n\n\n: :\n\n\n: :\n\n\n: :\n\n\n: :\n\n\n: :\n\n\n: :\n\n\n: :\n\n\n: :\n\n\n: :\n\n\n: :\n\n\n: :\n\n\n: :\n\n\n: :\n\n\n: :\n\n\n: :\n\n\n: :\n\n\n: :\n\n\n: :\n\n\n: :\n\n\n: :\n\n\n: :\n\n\n: :\n\n\n: :\n\n\n: :\n\n\n: :\n\n\n: :\n\n\n: :\n\n\n: :\n\n\n: :\n\n\n: :\n\n\n: :\n\n\n: :\n\n\n: :\n\n\n: :\n\n\n: :\n\n\n: :\n\n\n: :\n\n\n: :\n\n\n: :\n\n\n: :\n\n\n: :\n\n\n: :\n\n\n: :\n\n\n: :\n\n\n: :\n\n\n: :\n\n\n: :\n\n\n: :\n\n\n: :\n\n\n: :\n\n\n: :\n\n\n: :\n\n\n: :\n\n\n: :\n\n\n: :\n\n\n: :\n\n\n: :\n\n\n: :\n\n\n: :\n\n\n: :\n\n\n: :\n\n\n: :\n\n\n: :\n\n\n: :\n\n\n: :\n\n\n: :\n\n\n: :\n\n\n: :\n\n\n: :\n\n\n: :\n\n\n: :\n\n\n: :\n\n\n: :\n\n\n: :\n\n\n: :\n\n\n: :\n\n\n: :\n\n\n: :\n\n\n: :\n\n\n: :\n\n\n: :\n\n\n: :\n\n\n: :\n\n\n: :\n\n\n: :\n\n\n: :\n\n\n: :\n\n\n: :\n\n\n: :\n\n\n: :\n\n\n: :\n\n\n: :\n\n\n: :\n\n\n: :\n\n\n: :\n\n\n: :\n\n\n: :\n\n\n: :\n\n\n: :\n\n\n: :\n\n\n: :\n\n\n: :\n"
    }
  }
}
