{
  "doc_id": "b3m5kaeqm2w8n4bwcesw-140602121350-phpapp02_95.pdf",
  "pages": {
    "1": {
      "summary": " Physics\n\nHalimah Tasnim"
    },
    "2": {
      "summary": " Module 1:\n\nEnergy for the Home"
    },
    "3": {
      "summary": "0C' or Kelvin 'K'\n\n**Thermal Energy is measured Joules 'J'**\n\n**Things are cold because the average energy is low**\n\n**Things are hot because the average energy is high**\n\n**Temperature: the average of thermal energy per particle**\n\n**Thermal Energy: the total amount of energy altogether**\n\n**Temperature is an arbitrary scale.**\n\n\n**HEAT TRANSFER**\n\n\n\n**WARMER OBJECT**\n\n**COOLER OBJECT**\n\n\n\n**P1a:**\n\n**Temperature and Energy**\n\n**Arbitrary: comparing things to each other**\n\n\n\n**Heat travels:**\n\n**Hot to Cold**\n\n**-Thermal energy is lost by hot objects**\n\n**-Keep losing heat until equilibrium is reached**\n\n**-Thermal energy is lost quicker by hot objects than cold objects**"
    },
    "4": {
      "summary": " The Formula:\n\nEnergy = SHC x Mass x Temperature\n\nChange\n\n(J) (J/Kg°C) (Kg) (°C)\n\nManipulate the formula to the questions need\n\nP1a:\n\nSpecific Heat Capacity\n\n*Change the mass to KG if needed\n\nDouble the amount- Double the energy\n\nDouble the time- Double the energy\n\nThe amount of the substance matters as it changes the amount of energy needed.\n\nThe substance also matters as different substances need different amount of energy\n\nSHC is about how much energy is needed to warm a material up- to increase the temperature up by an amount . It is different for every substance!\n\n\n\n<table><th colspan=\"1\" rowspan=\"2\"><td colspan=\"1\"></table>"
    },
    "5": {
      "summary": "200\n\n100\n\n0\n\n50\n\n0\n\n75\n\nTime (min)\n\nHeating time\n\nHeating rate\n\nHeating liquid water\n\nMelting ice\n\nHeating liquid\n\nHeating gas\n\nHeating solid\n\nHeating liquid\n\nHeating gas\n\nHeating solid\n\nHeating liquid\n\nHeating gas\n\nHeating solid\n\nHeating liquid\n\nHeating gas\n\nHeating solid\n\nHeating liquid\n\nHeating gas\n\nHeating solid\n\nHeating liquid\n\nHeating gas\n\nHeating solid\n\nHeating liquid\n\nHeating gas\n\nHeating solid\n\nHeating liquid\n\nHeating gas\n\nHeating solid\n\nHeating liquid\n\nHeating gas\n\nHeating solid\n\nHeating liquid\n\nHeating gas\n\nHeating solid\n\nHeating liquid\n\nHeating gas\n\nHeating solid\n\nHeating liquid\n\nHeating gas\n\nHeating solid\n\nHeating liquid\n\nHeating gas\n\nHeating solid\n\nHeating liquid\n\nHeating gas\n\nHeating solid\n\nHeating liquid\n\nHeating gas\n\nHeating solid\n\nHeating liquid\n\nHeating gas\n\nHeating solid\n\nHeating liquid\n\nHeating gas\n\nHeating solid\n\nHeating liquid\n\nHeating gas\n\nHeating solid\n\nHeating liquid\n\nHeating gas\n\nHeating solid\n\nHeating liquid\n\nHeating gas\n\nHeating solid\n\nHeating liquid\n\nHeating gas\n\nHeating solid\n\nHeating liquid\n\nHeating gas\n\nHeating solid\n\nHeating liquid\n\nHeating gas\n\nHeating solid\n\nHeating"
    },
    "6": {
      "summary": " There are several ways to \nlose heat; they are:\nConvection, Conduction and \nRadiation\n\nConvection: is the transfer of \nthermal energy as it is carried \nby a particle. Warm particles \nare less dense and rise \nwhereas cold particles are \nmore dense and fall. This is \ncalled a current- and occurs in \nfluids (LIQUIDS and GASES)\n\nRadiation: is the transfer of \nthermal energy from hot \nobjects; it is energy passed \non a WAVE and doesn’t need \nany particles to pass on \nthermal energy. Travels in \nall directions.\n\nConduction: is the \ntransfer of thermal \nenergy as it is passed on \nparticle to particle.\nONLY occurs in SOLIDS\n\nP1b: \nHow to Lose Heat\n\nThrough the roof: \nfit loft insulation\n\nThrough windows: \nfit double glazing \nand curtains\n\nThrough gaps \naround doors: \nfit draught excluders\n\nWarm air rising\n\nHot radiator\n\nCool air falling\n\nHeat losses from \na house and how \nto reduce them\n\nThrough the walls: \nfit cavity wall \ninsulation\n\nThrough the floor: \nfit carpet"
    },
    "7": {
      "summary": " Efficiencys is the amount of energy that is turned into useful energy\n\nE.g.\nA traditional coal fire is not the most efficient way to heat a room because for every 100J of energy stored in the coal only 25J of energy is used to heat the room. The remaining 75J to surroundings; meaning it is 25% efficient\n\nP1b:\nEfficiency and Payback Time\n\nPayback time is when how long it takes for you to get that value of money- the typical cost in time\n\nE.g.\nWall Cavities:\nCost: £400\nSave: £80 (yearly)\n\n\\[ \\frac{400}{80} = 5 \\]\n\n5 years to get money back\n\nThe Formula:\n\nEfficiency = Useful Energy output / Total Energy Input\n\nManipulate the formula to the questions need (x100 for percentage)\n\nThe Formula:\n\nPayback Time = Cost / Savings\n\nManipulate the formula to the questions need"
    },
    "8": {
      "summary": " A wave moves energy but no matter i.e. if you place a cork in the middle of a tank and put your hand in and out of it you get a wave however the cork doesn’t move only the energy produced\n\nThere are two types of wave:\n-Transverse\n-Longitudinal\n\nTransverse:\nThey are like a mexican wave because it ripples around a stadium by the people as they stand up and sit down.\nWater particles move up and down as the wave spreads out from where a pebble is dropped in the water.\nThey travel in right-angles to the wave vibration.\n\nThe Formula:\n\nWave Speed = Frequency x Wavelength (m/s)    Hertz (Hz)    (m)\n\nManipulate the formula to the questions need\n\nP1c: Waves\n\nLight is an example of a transverse wave.\n\nThey can be:\n-reflected: bounce back towards you\n-refracted: bend as they enter/ leave a material\n-diffracted: spread out when doing through a gap or hit a barrier"
    },
    "9": {
      "summary": "1\n\nBends the wave when entering/leaving a substance to another\n\nREFLECTION:\nBounces the wave back towards where it came from\n\nReflection surface, e.g. shiny object or mirror\n\nP1c: Reflection, Refraction, Diffraction\n\nAll wave can be reflected and refracted\n\nLaw of Reflection:\nAngle of incidence = Angle of Reflection\n\nThey slow down because the substance would be a different density to another substance.\n\nMaximum diffraction occurs when: the gap is equal to the wave.\n\nMinimum diffraction occurs when: the gap is smaller or larger than the wave."
    },
    "10": {
      "summary": "1\n\nProperties of electromagnetic waves:\n-they transfer energy from one place to another\n-they can be reflected, refracted and diffracted\n-they can travel through a vacuum (space)\n-the shorter the wavelength the more dangerous they are\n\nTypes of electromagnetic waves:\nRadioscopes\nMicrowaves\nInfrared\nVisible light\nUltraviolet\nX-ray\nGamma\n\nRabbits\nMate\nIn\nVery\nUnusual\neXpensive\nGardens\n\nP1c:\nElectromagnetic Waves\n\nThe Formula:\n\nWave Speed = Frequency x Wavelength\n\nManipulate the formula to the questions need\n\ngamma ray\nultraviolet\ninfrared\nradio\nX-ray\nvisible\nmicrowave\nshorter wavelength\nhigher frequency\nlonger wavelength\nlower frequency\nlower energy\nhigher energy"
    },
    "11": {
      "summary": " TIR stands for total internal reflection\n\nTIR occurs when the angle of light is larger than the critical angle\n\nThe critical angle is the angle at which the wave is neither reflected or refracted\n\nIf the angle:\n-is bigger than the critical angle the light is reflected\n-is smaller than the critical angle the light is refracted\n\nIf all the ave is reflected then it is called Total Internal Reflection\n\nFibre Optics:\n\nfibre optics are solid cables that are made of the a substance that is denser than the air around.\n\nThe cables must be thin because the thinner the wire the more likely it will reflects\n\n*this is opposite for thicker cables\n\nP1d:\n\nTIR and Fibre Optics\n\nUses of TIR:\n-Endoscopes to look into peoples bodies and look for any defects\n-Communications\n-TV\n\nlight source"
    },
    "12": {
      "summary": " Light has been used for sending messages. This allowed messages to be sent quickly.\n\nHowever the disadvantage of this was that a code as needed.\n\nLasers are another way of using light.\n\nLasers are:\n\n-in phase; in sync- all crests and trough match up\n\n-Monochromatic; one colour usually red but also green, blue and purple\n\n-Coherent; in phase\n\n-Low Divergence; doesn’t spread out, narrow beam of light even over long distances\n\nLasers are used in CDs and DVDs\n\nP1d:\n\nUsing Light\n\nCDs and DVDs have microscopic pits which act like the absence of light in morse code.\n\nThe laser reflects s when it hits a shiny surface and doesn’t reflect when it hits a pit. This then sends a message to computer chips which then send a visual or audio track to the player.\n\nWhite light spreads out when travelling long distances.\n\nLasers are used in CDs and DVDs"
    },
    "13": {
      "summary": "1e:\n\nCooking with Infrared and Microwaves\n\n| Radiation: | Heat travels in a wave; it is the transfer of kinetic energy; doesn’t use particles; you can feel its effects (warmth) | Infrared Radiation | Microwaves |\n| --- | --- | --- | --- |\n| Frequency: | The higher the frequency the more energy is has and the more dangerous it is | Shiny surfaces at the bottom; reflects infrared rays back towards food | Kinetic energy is given to water or fat molecules |\n| Wavelength: | must be short | Helps heat surfaces of the food | energy is transferred by conduction or convection |\n| | | Energy is transferred by conduction (solid) and convection (fluids) | Shiny surfaces reflect any waves back to food |\n| | | Travels to the centre of the food | Sent 1 cm into the food |"
    },
    "14": {
      "summary": "3x10^8 m/s\n\nThe waves are transmitted and received. If the are not 'in line of sight' the signal may be lost.\n\nAll types of phones receive waves\n\nWhen you talk into your phone; it converts the sound into a microwave signal and is sent to the nearest phone mast.\n\nMicrowave signals are affected by:\n-Poor weather conditions\n-large surfaces of water\n\nWeather conditions can scatter the signal\nRadiowaves spread out (diffract) signals when passing through a gap i.e. between buildings\n\nMobile phones can damage your brain by heating; but there is not answer that is set in stone that they can radically damage your brain"
    },
    "15": {
      "summary": ":\n\n\n\nAnalog Signals: are signals that continuously changes in values i.e. analogue clocks.; It can be anything from the lowest value to the highest value.\n\nDigital Signals: have signals that are of set values i.e. on/off Morse code is a digital signal\n\nMultiplexing: is when joining multiple digital signals together in one transmission\n\nTDM Multiplexed signal\n\nTime Division Multiplex\n\nSingle-mode Fiber\n\nAnalog Signal\n\nAnalog signal\n\nAnalog signal\n\nAnalog signal\n\nAnalog signal\n\nAnalog signal\n\nAnalog signal\n\nAnalog signal\n\nAnalog signal\n\nAnalog signal\n\nAnalog signal\n\nAnalog signal\n\nAnalog signal\n\nAnalog signal\n\nAnalog signal\n\nAnalog signal\n\nAnalog signal\n\nAnalog signal\n\nAnalog signal\n\nAnalog signal\n\nAnalog signal\n\nAnalog signal\n\nAnalog signal\n\nAnalog signal\n\nAnalog signal\n\nAnalog signal\n\nAnalog signal\n\nAnalog signal\n\nAnalog signal\n\nAnalog signal\n\nAnalog signal\n\nAnalog signal\n\nAnalog signal\n\nAnalog signal\n\nAnalog signal\n\nAnalog signal\n\nAnalog signal\n\nAnalog signal\n\nAnalog signal\n\nAnalog signal\n\nAnalog signal\n\nAnalog signal\n\nAnalog signal\n\nAnalog signal\n\nAnalog signal\n\nAnalog signal\n\nAnalog signal\n\n"
    },
    "16": {
      "summary": "1g:\n\nWireless Communication\n\n| Radiowave | part of the electromagnetic spectrum; mainly used for communication |\n|-----------|-----------------------------------------------------------------------------|\n| Refraction | the change in direction of a wave when passing through one medium to another of different density |\n| Frequency | the number of waves passing through a point in a space of time i.e 300 m/s |\n| Microwaves | the shortest wavelength of radiowaves in the electromagnetic spectrum |\n| Aerial | a device for receiving and transmitting radio signals |\n| Ionosphere | a layer of the upper atmosphere |\n| Interference | poor radio reception caused by overlapping waves |\n| Electromagnetic Spectrum | the complete range of observed electromagnetic waves |\n| Wavelength | Distance occupied by one complete cycle of a wave |\n| Ghosting | the effect of two signals from the same source which have travelled distances to reach an aerial |"
    },
    "17": {
      "summary": "无线技术：无线技术：无线技术：无线技术：无线技术：无线技术：无线技术：无线技术：无线技术：无线技术：无线技术：无线技术：无线技术：无线技术：无线技术：无线技术：无线技术：无线技术：无线技术：无线技术：无线技术：无线技术：无线技术：无线技术：无线技术：无线技术：无线技术：无线技术：无线技术：无线技术：无线技术：无线技术：无线技术：无线技术：无线技术：无线技术：无线技术：无线技术：无线技术：无线技术：无线技术：无线技术：无线技术：无线技术：无线技术：无线技术：无线技术：无线技术：无线技术：无线技术：无线技术：无线技术：无线技术：无线技术：无线技术：无线技术：无线技术：无线技术：无线技术：无线技术：无线技术：无线技术：无线技术：无线技术：无线技术：无线技术：无线技术：无线技术：无线技术：无线技术：无线技术：无线技术：无线技术：无线技术：无线技术：无线技术：无线技术：无线技术：无线技术：无线技术：无线技术：无线技术：无线技术：无线技术：无线技术：无线技术：无线技术：无线技术：无线技术：无线技术：无线技术：无线技术：无线技术：无线技术：无线技术：无线技术：无线技术：无线技术：无线技术：无线技术：无线技术：无线技术：无线技术：无线技术：无线技术：无线技术：无线技术：无线技术：无线技术：无线技术：无线技术：无线技术：无线技术：无线技术：无线技术：无线技术：无线技术：无线技术：无线技术：无线技术：无线技术：无线技术：无线技术：无线技术：无线技术：无线技术：无线技术：无线技术：无线技术：无线技术：无线技术：无线技术：无线技术：无线技术：无线技术：无线技术：无线技术：无线技术：无线技术：无线技术：无线技术：无线技术"
    },
    "18": {
      "summary": "1\n\nLine of sight is a 'line' that is free from any obstructions i.e. tall building or trees\n\nWhen there are obstructions the signal can drop in quality; so to fix this the microwave transmitters are placed close together on high hills to avoid the obstructions. Line of sight is an assured way of sending signals but we are not always in sight of them\n\nWe use Bluetooth or Wi-Fi for short range communication. To send long distance communication we use different methods\n\nYou can't send a signal to a receiver if it far away because the Earth's curvature gets in the way like a large wall of water between the transmitter and aerial. Also only certain waves can be reflected in different parts of the atmosphere i.e. radiowaves are reflected off the ionosphere.\n\nP1g: Receiving Signals\n\nAn advantage of wired communication is that you can send rapid amount of data very quickly\n\nradio waves reflected from a charged layer of the upper atmosphere\n\nmicrowaves pass through the atmosphere\n\nsignal received even though transmitter and receiver are not in the line of sight"
    },
    "19": {
      "summary": " There are two major waves:\nP-Waves: they are the primary waves\nS-Waves: they are the secondary waves\n\nP-Waves are the 'invincible' waves as they travel through solids and liquids.\nS-Waves: these are the less 'invincible' waves as they can only go through solids\n\nThe other wave is an L-Wave: this travel the surface of the Earth. This help find the epicentre of the earthquake after looking at the P and S waves.\n\nP-Waves are longitudinal in longitudinal waves, the vibrations are along the same direction as the direction of travel.\n\nP1h: Earthquakes\n\nS-Waves are transverse in transverse waves, the vibrations are at right angles to the direction of travel.\n\nThey are recorded by seismometers. These are embedded into bedrock (rock that doesn't fall loose). The simplest version is: a pen in a box with a roll of paper; and when a wave hits the pen will record it by marking the paper when dangling side to side"
    },
    "20": {
      "summary": ":\n\nUV radiation can damage people in a variety of ways; it can affect us damaging our:\n-skin\n-eyes\nare just two ways\n\nSkin:\nUV radiation can damage cells in our skin; this damage can cause cancer so you have to be wary when out in the sun. It can also cause our skin to age quicker\n\nEyes:\nUV radiation can also affect your eyes; the damage by the radiation can cause cataracts\n\nThe sun gives off radiation\n\nSun cream and sunblock filter the radiation\n\nPeople with naturally dark skin already have inherently high levels of melanin, and so are able to spend a longer amount of time in the sun before burning, if they burn at all. Fair-skinned people don't have it quite so easy - burning can occur within a relatively short amount of time.\n\nSPF: this is what tells you how much more longer you can stay in the sun.\n\nP1h:\nUV Radiation on People\n\nMelanin is produced in your body; it is natural chemical that acts like sun cream\n\nYou get the burn time from the radiation; then multiply it by the SPF number on your sun cream (SPF: Skin Protection Factor)\n\nSunbeds use UV lights to give people a tan. It is an artificial sun that has increased in use; it is also the reason why skin cancer is increasing\n\nUV rays, for example, are necessary for our body to produce vitamin D, a substance that helps strengthen bones and safeguards against diseases"
    },
    "21": {
      "summary": " The ozone is a layer of gas in the atmosphere; majority of the ozone reside in the stratosphere.\n\nThe ozone is thinning though by CFCs\n\nCFCs are also known as Chlorofluorocarbons\n\nThe ozone filters the amount of radiation that goes into the Earth; however the radiation intake is increasing\n\nSatellites are used to survey the ozone layer; this also showed scientist that the ozone was thinning in colder places i.e. Antarctica.\n\nP1h:\n\nUV Radiation on Earth and Atmosphere\n\nTo stop the Ozone thinning fast an international agreement was made in 1980; to stop using CFCs This was signed by many countries\n\nThe colder the area the faster the chemical reaction involving CFCs, the quicker the Ozone thins. The cold is a catalyst for the reaction"
    }
  }
}
