{
  "doc_id": "bigdatatrends-120723191058-phpapp02_95.pdf",
  "pages": {
    "1": {
      "summary": "11/15/2012\n\nDavid Feinleib\n\n\nTHE BIG DATA GROUP THEBIGDATAGROUP.COM"
    },
    "2": {
      "summary": " WHAT IS BIG DATA?"
    },
    "3": {
      "summary": "0\n\n\n: 0"
    },
    "4": {
      "summary": "399.99\n\n<table>RoadAerialHybridD955D957Gorges du Verdon"
    },
    "5": {
      "summary": "54:42\n\nPrice: $399.99\n\n+\n\nGARMIN Connect.\n\nHome    Features    Get Started\n\nTotal Miles Logged by Connect Users\n\n2,509,889,029\n\nTHEBIGDATAGROUP.COM"
    },
    "6": {
      "summary": " Landscape - Number of Big Data Companies and Categories Is Growing\n\n2) Basic Stats - Consumer Scale Driving Big Data Transformation\n\n3) Transformation - Many Industries\n\n4) Top 8 Laws Of Big Data\n\n5) Big Data Whitespace"
    },
    "7": {
      "summary": " BASIC STATS - BIG DATA MARKET ROBUST, CONSUMER SCALE FUELING TECH ADOPTION\n\nTHEBIGDATAGROUP.COM"
    },
    "8": {
      "summary": "1\n\n**Apps**\n\n\n**Vertical**\n\n\n**Ad/Media**\n\n\n**Business**\n\n\n**Analytics and**\n\n\n**MYRRIX Placed. bloomreach**\n\n\n**ellucian. Atigeo PREDICTIVE POLICING**\n\n\n**METAMARKETS**\n\n\n**Collective 0**\n\n\n**Intelligence**\n\n\n**Visualization**\n\n\n**rocketfuel**\n\n\n**Recorded Future**\n\n\n**ORACLE | H vperion**\n\n\n**Operational Intelligence**\n\n\n**splunk**\n\n\n**sumologic**\n\n\n**Media**\n\n\n**TURN DataXU**\n\n\n**Microsoft Business Intelligence**\n\n\n**TERADATA.ASTER**\n\n\n**DataAs A Service**\n\n\n**factual.**\n\n\n**FICO**\n\n\n**kaggle**\n\n\n**knoema**\n\n\n**GNP DATASFI INRIX LexisNexis**\n\n\n**Chart.io**\n\n\n**GoodData**\n\n\n**infrastructure**\n\n\n**Analytics**\n\n\n**Hortonworks**\n\n\n**INFOBRIGHT**\n\n\n**PARACCEL**\n\n\n**EMC GREENPLUM.**\n\n\n**N NETEZZA**\n\n\n**kognitio**\n\n\n**DATASTAX**\n\n\n**DASOL**\n\n\n**Hadoop**\n\n\n**Technologies**\n\n\n**bigdatalandscape.com**\n\n\n**As A Service**\n\n\n**As A Service**\n\n\n**Structured DB**\n\n\n**ORACLE**\n\n\n**MySQL**\n\n\n**SQLServer**\n\n\n**DB2.**\n\n\n**SYBASE**\n\n\n**TERADATA.**\n\n\n**hadoop**\n\n\n**mepredicate**\n\n\n**Technologies**\n\n\n**hadoop**\n\n\n**mepredicate**\n\n\n**hadoop**\n\n\n**mepredicate**\n\n\n**hadoop**\n\n\n**mepredicate**\n\n\n**hadoop**\n\n\n**mepredicate**\n\n\n**hadoop**\n\n\n**mepredicate**\n\n\n**hadoop**\n\n\n**mepredicate**\n\n\n**hadoop**\n\n\n**mepredicate**\n\n\n**hadoop**\n\n\n**mepredicate**\n\n\n**hadoop**\n\n\n**mepredicate**\n\n\n**hadoop**\n\n\n**mepredicate**\n\n\n**hadoop**\n\n\n**mepredicate**\n\n\n**hadoop**\n\n\n**mepredicate**\n\n\n**hadoop**\n\n\n**mepredicate**\n\n\n**hadoop**\n\n\n**mepredicate**\n\n\n**hadoop**\n\n\n**mepredicate**\n\n\n**hadoop**\n\n\n**mepredicate**\n\n\n**hadoop**\n\n\n**mepredicate**\n\n\n**hadoop**\n\n\n**mepredicate**\n\n\n**hadoop**\n\n\n**mepredicate**\n\n\n**hadoop**\n\n\n**mepredicate**\n\n\n**hadoop**\n\n\n**mepredicate**\n\n\n**hadoop**\n\n\n**mepredicate**\n\n\n**hadoop**\n\n\n**mepredicate**\n\n\n**hadoop**\n\n\n**mepredicate**\n\n\n**hadoop**\n\n\n**mepredicate**\n\n\n**hadoop**\n\n\n**mepredicate**\n\n\n**hadoop**\n\n\n**mepredicate**\n\n\n**hadoop**\n\n\n**mepredicate**\n\n\n**hadoop**\n\n\n**mepredicate**\n\n\n**hadoop**\n\n\n**mepredicate**\n\n\n**hadoop**\n\n\n**mepredicate**\n\n\n**hadoop**\n\n\n**mepredicate**\n\n\n**hadoop**\n"
    },
    "9": {
      "summary": " MARKET GROWTH\n\nTHEBIGDATAGROUP.COM"
    },
    "10": {
      "summary": "5.1B in ’11\n\nVendors With Big Data Revenues Over $100M\n\nIBM\nIntel\nHP\nFujitsu\nAccenture\nCSC\nDell\nSeagate\nEMC\nTeradata\nAmazon\nSAS\nCapgemini\nHitachi\n\n0 250 500 750 1000\n\nSource:Wikibon"
    },
    "11": {
      "summary": "2011 Big Data Pure-Play Vendors, Yearly Big Data Revenue (in $US millions)\n\nTotal Big Data Pure-Play Revenue: $468 million\n\n$84\n$75\n$55\n$52\n$45\n$43\n$25\n$18\n$15\n$8\n$7\n$6\n$5\n$4.5\n$4\n$3\n$2.5\n$2.5\n$2\n$1.5\n\nVertica\nOpera Solutions\nMu Sigma\nAster Data\nSplunk\nGreenplum\n1010data\nCloudera\nCalpont\nThink Big Analytics\nMapR\nDigital Reasoning\nCouchbase\n10gen\nDatameer\nHortonworks\nDataStax\nRainStor\nHPCC Systems\nKarmasphere\nOther\n\nTHEBIGDATAGROUP.COM"
    },
    "12": {
      "summary": "2017\n\n$53.4\n\n$48.0\n\n$32.1\n\n$16.8\n\n$10.2\n\n$5.1\n\n2013\n\n2014\n\n2015\n\n2016\n\n2017\n\nSource:Wikibon"
    },
    "13": {
      "summary": " DATA GROWTH\n\nTHEBIGDATAGROUP.COM"
    },
    "14": {
      "summary": "1B Users in Oct ’12\n\n<table>Jan 09Feb 10Mar 10Apr 10May 10Jun 10Jul 10Aug 10Sep 10Oct 10Dec 0400000000Apr 070000000.50.5Jan 09000000-0.50.5Jul 09000000Feb 10000000>100>100Mar 10000000<100>100Jan 11000000~100>100Sep 11000000≥100>100Oct 12000000≤100>100</table>\nSource: Benphoster.com"
    },
    "15": {
      "summary": "400M Tweets Per Day in Jun ’12\n\n<table>Tweets Per Day In MillionsJan 070Jan 085Oct 0940Sep 1095Jun 11190Oct 11230Jun 12400</table>"
    },
    "16": {
      "summary": "56+ Billion metrics captured and reported daily across 25,000+ accounts\n\nMetrics Captured\n\n60,000,000,000\n\n45,000,000,000\n\n30,000,000,000\n\n15,000,000,000\n\n0\n\nJan-10 Feb-10 Mar-10 Apr-10 May-10 Jun-10 Jul-10 Aug-10 Sep-10 Oct-10 Nov-10 Dec-10 Jan-11 Feb-11 Mar-11 Apr-11 May-11 Jun-11 Jul-11 Aug-11 Sep-11 Oct-11 Nov-11 Dec-11 Jan-12 Feb-12 Mar-12 Apr-12 May-12 Jun-12 Jul-12 Aug-12 Sep-12 Oct-12 Nov-12 Dec-12 Jan-13 Feb-13 Mar-13 Apr-13 May-13 Jun-13 Jul-13 Aug-13 Sep-13 Oct-13 Nov-13 Dec-13 Jan-14 Feb-14 Mar-14 Apr-14 May-14 Jun-14 Jul-14 Aug-14 Sep-14 Oct-14 Nov-14 Dec-14 Jan-15 Feb-15 Mar-15 Apr-15 May-15 Jun-15 Jul-15 Aug-15 Sep-15 Oct-15 Nov-15 Dec-15 Jan-16 Feb-16 Mar-16 Apr-16 May-16 Jun-16 Jul-16 Aug-16 Sep-16 Oct-16 Nov-16 Dec-16 Jan-17 Feb-17 Mar-17 Apr-17 May-17 Jun-17 Jul-17 Aug-17 Sep-17 Oct-17 Nov-17 Dec-17 Jan-18 Feb-18 Mar-18 Apr-18 May-18 Jun-18 Jul-18 Aug-18 Sep-18 Oct-18 Nov-18 Dec-18 Jan-19 Feb-19 Mar-19 Apr-19 May-19 Jun-19 Jul-19 Aug-19 Sep-19 Oct-19 Nov-19 Dec-19 Jan-20 Feb-20 Mar-20 Apr-20 May-20 Jun-20 Jul-20 Aug-20 Sep-20 Oct-20 Nov-20 Dec-20 Jan-21 Feb-21 Mar-21 Apr-21 May-21 Jun-21 Jul-21 Aug-21 Sep-21 Oct-21 Nov-21 Dec-21 Jan-22 Feb-22 Mar-22 Apr-22 May-22 Jun-22 Jul-22 Aug-22 Sep-22 Oct-22 Nov-22 Dec-22 Jan-23 Feb-23 Mar-23 Apr-23 May-23 Jun-23 Jul-23 Aug-23 Sep-23 Oct-23 Nov-23 Dec-23 Jan-24 Feb-24 Mar-24 Apr-24 May-24 Jun-24 Jul-24 Aug-24 Sep-24 Oct-24 Nov-24 Dec-24 Jan-25 Feb-25 Mar-25 Apr-25 May-25 Jun-25 Jul-25 Aug-25 Sep-25 Oct-25 Nov-25 Dec-25 Jan-26 Feb-26 Mar-26 Apr-26 May-26 Jun-26 Jul-26 Aug-26 Sep-26 Oct-26 Nov-26 Dec-26 Jan-27 Feb-27 Mar-27 Apr-27 May-27 Jun-27 Jul-27 Aug-27 Sep-27 Oct-27 Nov-27 Dec-27 Jan-28 Feb-28 Mar-28 Apr-28 May-28 Jun-28 Jul-28 Aug-28 Sep-28 Oct-28 Nov-28 Dec-28 Jan-29 Feb-29 Mar-29 Apr-29 May-29 Jun-29 Jul-29 Aug-29 Sep-29 Oct-29 Nov-29 Dec-29 Jan-30 Feb-30 Mar-30 Apr-30 May-30 Jun-30 Jul-30 Aug-30 Sep-30 Oct-30 Nov-30 Dec-30 Jan-31 Feb-31 Mar-31 Apr-31 May-31 Jun-31 Jul-31 Aug-31 Sep-31 Oct-31 Nov-31 D"
    },
    "17": {
      "summary": "94% Corporate Data Growth Y/Y\n\n| Area | Growth Rate |\n|------|------------|\n| Database systems | 97% |\n| Overall corporate data | 94% |\n| Data of average organization | 50% |\n\nSource: Forrester"
    },
    "18": {
      "summary": " Big Data: By The Numbers\n\n• Walmart handles 1M transactions per hour\n\n• Google processes 24PB of data per day\n\n• AT&T transfers 30PB of data per day\n\n• 90 trillion emails are sent per year\n\n• World of Warcraft uses 1.3PB of storage"
    },
    "19": {
      "summary": "7.9EB / Yr in '15\n\n<table>Exabytes2005502010120020158000</table>\nSource:IDC,EMC.IEB=1BillionGB."
    },
    "20": {
      "summary": "1250 MB/s\n\nSame bandwidth as a computer network\n\n125 MB/s\n\nUSB Key\n\n125 MB/s\n\nHard Disk\n\n12.5 MB/s\n\nHearing Smell\n\nTaste\n\nTouch\n\nSight\n\nSource: Hans Norretranders"
    },
    "21": {
      "summary": "0.04 EB\n\n200,000X\n\n7,910 EB\n\nIEB = I Billion GB\n\nTHEBIGDATAGROUP.COM"
    },
    "22": {
      "summary": " THE BIG DATA CYCLE\n\nTHEBIGDATAGROUP.COM"
    },
    "23": {
      "summary": "800\n\n700\n\n600\n\n500\n\n400\n\n300\n\n200\n\n\n**A**\n\n**B**\n\n\nSource: Cloudyn"
    },
    "24": {
      "summary": " Consumer scale and speed requirements have introduced new technologies that have increased the efficiency of using Big Data\n\n2) This results in the generation and consumption of more data\n\n3) This results in the generation and consumption of more data\n\n2) This increased efficiency is leading to adoption of Big Data across a wide variety of industries"
    },
    "25": {
      "summary": "6 Insights From Facebook's Former Head Of Big Data\n\nAnalytics on 900M users  \n25PB of compressed data - 125PB uncompressed\n\n1) “What data to store” => “What can we do with more data”\n\n2) Simplify data analytics for end users\n\n3) More users means analytics systems have to be more robust\n\n4) Social networking works for Big Data\n\n5) No single infrastructure can solve all Big Data problems\n\n6) Building software is hard; running a service is even harder"
    },
    "26": {
      "summary": " BIG DATA TRANSFORMING BUSINESS\n\nTHEBIGDATAGROUP.COM"
    },
    "27": {
      "summary": " THEN...\n\nSales\n\nBIG DEALS\n\nBIG DEALS\n\nBIG DEALS\n\nBIG DEALS\n\nNOW...\n\nData driven pricing and recommendations\n\nToday's Recommendations For You\n\nHere's a daily sample of items recommended for you. Click here to see all recommended\n\nLOOK INSIDE!\n\nEven Faster Web Sites:\nPerform a (Paperback) by Steve Souder\n★★★★★ (7) $23.10\nFix this recommendation\n\nSIMPLY JAVASCRIPT\nLook Inside!\n★★★★★ (19) $26.37\nFix this recommendation\n\nThe Art & S (Paperback)\n★★★★★ (4) $26.37\nFix this recommendation\n\nTHEBIGDATAGROUP.COM"
    },
    "28": {
      "summary": " THEN...\n\nLeads\n\n| Company | First | Last | Oppty | Created |\n|---------|-------|------|-------|----------|\n| Acme    | Fred  | Langan | $250K | 6/08/12  |\n| BigCo   | Tom   | Jones | $100K | 6/17/12  |\n| DealCo  | Jan   | Sedor | $50K  | 7/01/12  |\n| Stor Works | Liza | Grear | $750K | 7/14/12  |\n| RF Group | Carl | Tomer | $47K  | 7/18/12  |\n\nNOW...\n\nMarketing and Sales Recommendations\n\nGoogle\n\nCampaign Recommendations\n\nfacebook"
    },
    "29": {
      "summary": "0\n\n: 0\n\n: 0\n\n: 0\n\n: 0\n\n: 0\n\n: 0\n\n: 0\n\n: 0\n\n: 0\n\n: 0\n\n: 0\n\n: 0\n\n: 0\n\n: 0\n\n: 0\n\n: 0\n\n: 0\n\n: 0\n\n: 0\n\n: 0\n\n: 0\n\n: 0\n\n: 0\n\n: 0\n\n: 0\n\n: 0\n\n: 0\n\n: 0\n\n: 0\n\n: 0\n\n: 0\n\n: 0\n\n: 0\n\n: 0\n\n: 0\n\n: 0\n\n: 0\n\n: 0\n\n: 0\n\n: 0\n\n: 0\n\n: 0\n\n: 0\n\n: 0\n\n: 0\n\n: 0\n\n: 0\n\n: 0\n\n: 0\n\n: 0\n\n: 0\n\n: 0\n\n: 0\n\n: 0\n\n: 0\n\n: 0\n\n: 0\n\n: 0\n\n: 0\n\n: 0\n\n: 0\n\n: 0\n\n: 0\n\n: 0\n\n: 0\n\n: 0\n\n: 0\n\n: 0\n\n: 0\n\n: 0\n\n: 0\n\n: 0\n\n: 0\n\n: 0\n\n: 0\n\n: 0\n\n: 0\n\n: 0\n\n: 0\n\n: 0\n\n: 0\n\n: 0\n\n: 0\n\n: 0\n\n: 0\n\n: 0\n\n: 0\n\n: 0\n\n: 0\n\n: 0\n\n: 0\n\n: 0\n\n: 0\n\n: 0\n\n: 0\n\n: 0\n\n: 0\n\n: 0\n\n: 0\n\n: 0\n\n: 0\n\n: 0\n\n: 0\n\n: 0\n\n: 0\n\n: 0\n\n: 0\n\n: 0\n\n: 0\n\n: 0\n\n: 0\n\n: 0\n\n: 0\n\n: 0\n\n: 0\n\n: 0\n\n: 0\n\n: 0\n\n: 0\n\n: 0\n\n: 0\n\n: 0\n\n: 0\n\n: 0\n\n: 0\n\n: 0\n\n: 0\n\n: 0\n\n: 0\n\n: 0\n\n: 0\n\n: 0\n\n: 0\n\n: 0\n\n: 0\n\n: 0\n\n: 0\n\n: 0\n\n: 0\n\n: 0\n\n: 0\n\n: 0\n\n: 0\n\n: 0\n\n: 0\n\n: 0\n\n: 0\n\n: 0\n\n: 0\n\n: 0\n\n: 0\n\n: 0\n\n: 0\n\n: 0\n\n: 0\n\n: 0\n\n: 0\n\n: 0\n\n: 0\n\n: 0\n\n: 0\n\n: 0\n\n: 0\n\n: 0\n\n: 0\n\n: 0\n\n: 0\n\n: 0\n\n: 0\n\n: 0\n\n: 0\n\n: 0\n\n: 0\n\n: 0\n\n: 0\n\n: 0\n\n: 0\n\n: 0\n\n: 0\n\n: 0\n\n: 0\n\n: 0\n\n: 0\n\n: 0\n\n: 0\n\n: 0\n\n: 0\n\n: 0\n\n: 0\n\n: 0\n\n: 0\n\n: 0\n\n: 0\n\n: 0\n\n: 0\n\n: 0\n\n: 0\n\n: 0\n\n: 0\n\n: 0\n\n: 0\n\n: 0\n\n: 0\n\n: 0\n\n: 0\n\n: 0\n\n: 0\n\n: 0\n\n: 0\n\n: 0\n\n: 0\n\n: 0\n\n: 0\n\n: 0\n\n: 0\n\n: 0\n\n: 0\n\n: 0\n\n: 0\n\n: 0\n\n: 0\n\n: 0\n\n: 0\n\n: 0\n\n: 0\n\n: 0\n\n: 0\n\n: 0\n\n: 0\n\n: 0\n\n: 0\n\n: 0\n\n: 0\n\n: 0\n\n: 0\n\n: 0\n\n: 0\n\n: 0\n\n: 0\n\n: 0\n\n: 0\n\n: 0\n\n: 0\n\n: 0\n\n: 0\n\n: 0\n\n: 0\n\n: 0\n\n: 0\n\n: 0\n\n: 0\n\n: 0\n\n: 0\n\n: 0\n\n: 0\n\n: 0\n\n: 0\n\n: 0\n\n: 0\n\n: 0\n\n: 0\n\n: 0\n\n: 0\n\n: 0\n\n: 0\n\n: 0\n\n: 0\n\n: 0\n\n: 0\n\n: 0\n\n: 0\n\n: 0\n\n: 0\n\n: 0\n\n: 0\n\n: 0\n\n: 0\n\n: 0\n\n: 0\n\n: 0\n\n: 0\n\n: 0\n\n: 0\n\n: 0\n\n: 0\n\n: 0\n\n: 0\n\n: 0\n\n: 0\n\n: 0\n\n: 0\n\n: 0\n\n: 0\n\n: 0\n\n: 0\n\n: 0\n\n: 0\n\n: 0\n\n: 0\n\n: 0\n\n: 0\n\n: 0\n\n: 0\n\n: 0\n\n: 0\n\n: 0\n\n: 0\n\n: 0\n\n: 0\n\n: 0\n\n: 0\n\n: 0\n\n: 0\n\n: 0\n\n: 0\n\n: 0\n\n: 0\n\n: 0\n\n: 0\n\n: 0\n\n: 0\n\n: 0\n\n: 0\n\n: 0\n\n: 0\n\n: 0\n\n: 0\n\n: 0\n\n: 0\n\n: 0\n\n: 0\n\n: 0\n\n: 0\n\n: 0\n\n: 0\n\n: 0\n\n: 0\n\n: 0\n\n: 0\n\n: 0\n\n: 0\n\n: 0\n\n: 0\n\n: 0\n\n: 0\n\n: 0\n\n: 0\n\n: 0\n\n: 0\n\n: 0\n\n: 0\n\n: 0\n\n: 0\n\n: 0\n\n: 0\n\n: 0\n\n: 0\n\n: 0\n\n: 0\n\n: 0\n\n: 0\n\n: 0\n\n: 0\n\n: 0\n\n: 0\n\n: 0\n\n: 0\n\n: 0\n\n: 0\n\n: 0\n\n: 0\n\n: 0\n\n: 0\n\n: 0\n\n: 0\n\n: 0\n\n: 0\n\n: 0\n\n: 0\n\n: 0\n\n: 0\n\n: 0\n\n: 0\n\n: 0\n\n: 0\n\n: 0\n\n: 0\n\n: 0\n\n: 0\n\n: 0\n\n: 0\n\n: 0\n\n: 0\n\n: 0\n\n: 0\n\n: 0\n\n: 0\n\n: 0\n\n: 0\n\n: "
    },
    "30": {
      "summary": " THEN...\n\nUnhappy customers\n\nCustomer insight\n\n\n\n\nNOW...\n\nCustomer insight\n\n9/2011 10/2011 11/2011 12/2011 1/2012 2/2012 3/2012 4/2012 5/2012\n\nMonth/Year (Created)\n\nSatisfaction First Reply Time\n\nTHEBIGDATAGROUP.COM Chart: Zendesk 30"
    },
    "31": {
      "summary": " THEN...\n\nManual coding\n\n:  NOW...\n\nIntelligent coding"
    },
    "32": {
      "summary": "0\n\n: 0\n\n: 0\n\n: 0\n\n: 0\n\n: 0\n\n: 0\n\n: 0\n\n: 0\n\n: 0\n\n: 0\n\n: 0\n\n: 0\n\n: 0\n\n: 0\n\n: 0\n\n: 0\n\n: 0\n\n: 0\n\n: 0\n\n: 0\n\n: 0\n\n: 0\n\n: 0\n\n: 0\n\n: 0\n\n: 0\n\n: 0\n\n: 0\n\n: 0\n\n: 0\n\n: 0\n\n: 0\n\n: 0\n\n: 0\n\n: 0\n\n: 0\n\n: 0\n\n: 0\n\n: 0\n\n: 0\n\n: 0\n\n: 0\n\n: 0\n\n: 0\n\n: 0\n\n: 0\n\n: 0\n\n: 0\n\n: 0\n\n: 0\n\n: 0\n\n: 0\n\n: 0\n\n: 0\n\n: 0\n\n: 0\n\n: 0\n\n: 0\n\n: 0\n\n: 0\n\n: 0\n\n: 0\n\n: 0\n\n: 0\n\n: 0\n\n: 0\n\n: 0\n\n: 0\n\n: 0\n\n: 0\n\n: 0\n\n: 0\n\n: 0\n\n: 0\n\n: 0\n\n: 0\n\n: 0\n\n: 0\n\n: 0\n\n: 0\n\n: 0\n\n: 0\n\n: 0\n\n: 0\n\n: 0\n\n: 0\n\n: 0\n\n: 0\n\n: 0\n\n: 0\n\n: 0\n\n: 0\n\n: 0\n\n: 0\n\n: 0\n\n: 0\n\n: 0\n\n: 0\n\n: 0\n\n: 0\n\n: 0\n\n: 0\n\n: 0\n\n: 0\n\n: 0\n\n: 0\n\n: 0\n\n: 0\n\n: 0\n\n: 0\n\n: 0\n\n: 0\n\n: 0\n\n: 0\n\n: 0\n\n: 0\n\n: 0\n\n: 0\n\n: 0\n\n: 0\n\n: 0\n\n: 0\n\n: 0\n\n: 0\n\n: 0\n\n: 0\n\n: 0\n\n: 0\n\n: 0\n\n: 0\n\n: 0\n\n: 0\n\n: 0\n\n: 0\n\n: 0\n\n: 0\n\n: 0\n\n: 0\n\n: 0\n\n: 0\n\n: 0\n\n: 0\n\n: 0\n\n: 0\n\n: 0\n\n: 0\n\n: 0\n\n: 0\n\n: 0\n\n: 0\n\n: 0\n\n: 0\n\n: 0\n\n: 0\n\n: 0\n\n: 0\n\n: 0\n\n: 0\n\n: 0\n\n: 0\n\n: 0\n\n: 0\n\n: 0\n\n: 0\n\n: 0\n\n: 0\n\n: 0\n\n: 0\n\n: 0\n\n: 0\n\n: 0\n\n: 0\n\n: 0\n\n: 0\n\n: 0\n\n: 0\n\n: 0\n\n: 0\n\n: 0\n\n: 0\n\n: 0\n\n: 0\n\n: 0\n\n: 0\n\n: 0\n\n: 0\n\n: 0\n\n: 0\n\n: 0\n\n: 0\n\n: 0\n\n: 0\n\n: 0\n\n: 0\n\n: 0\n\n: 0\n\n: 0\n\n: 0\n\n: 0\n\n: 0\n\n: 0\n\n: 0\n\n: 0\n\n: 0\n\n: 0\n\n: 0\n\n: 0\n\n: 0\n\n: 0\n\n: 0\n\n: 0\n\n: 0\n\n: 0\n\n: 0\n\n: 0\n\n: 0\n\n: 0\n\n: 0\n\n: 0\n\n: 0\n\n: 0\n\n: 0\n\n: 0\n\n: 0\n\n: 0\n\n: 0\n\n: 0\n\n: 0\n\n: 0\n\n: 0\n\n: 0\n\n: 0\n\n: 0\n\n: 0\n\n: 0\n\n: 0\n\n: 0\n\n: 0\n\n: 0\n\n: 0\n\n: 0\n\n: 0\n\n: 0\n\n: 0\n\n: 0\n\n: 0\n\n: 0\n\n: 0\n\n: 0\n\n: 0\n\n: 0\n\n: 0\n\n: 0\n\n: 0\n\n: 0\n\n: 0\n\n: 0\n\n: 0\n\n: 0\n\n: 0\n\n: 0\n\n: 0\n\n: 0\n\n: 0\n\n: 0\n\n: 0\n\n: 0\n\n: 0\n\n: 0\n\n: 0\n\n: 0\n\n: 0\n\n: 0\n\n: 0\n\n: 0\n\n: 0\n\n: 0\n\n: 0\n\n: 0\n\n: 0\n\n: 0\n\n: 0\n\n: 0\n\n: 0\n\n: 0\n\n: 0\n\n: 0\n\n: 0\n\n: 0\n\n: 0\n\n: 0\n\n: 0\n\n: 0\n\n: 0\n\n: 0\n\n: 0\n\n: 0\n\n: 0\n\n: 0\n\n: 0\n\n: 0\n\n: 0\n\n: 0\n\n: 0\n\n: 0\n\n: 0\n\n: 0\n\n: 0\n\n: 0\n\n: 0\n\n: 0\n\n: 0\n\n: 0\n\n: 0\n\n: 0\n\n: 0\n\n: 0\n\n: 0\n\n: 0\n\n: 0\n\n: 0\n\n: 0\n\n: 0\n\n: 0\n\n: 0\n\n: 0\n\n: 0\n\n: 0\n\n: 0\n\n: 0\n\n: 0\n\n: 0\n\n: 0\n\n: 0\n\n: 0\n\n: 0\n\n: 0\n\n: 0\n\n: 0\n\n: 0\n\n: 0\n\n: 0\n\n: 0\n\n: 0\n\n: 0\n\n: 0\n\n: 0\n\n: 0\n\n: 0\n\n: 0\n\n: 0\n\n: 0\n\n: 0\n\n: 0\n\n: 0\n\n: 0\n\n: 0\n\n: 0\n\n: 0\n\n: 0\n\n: 0\n\n: 0\n\n: 0\n\n: 0\n\n: 0\n\n: 0\n\n: 0\n\n: 0\n\n: 0\n\n: 0\n\n: 0\n\n: 0\n\n: 0\n\n: 0\n\n: 0\n\n: 0\n\n: 0\n\n: 0\n\n: 0\n\n: 0\n\n: 0\n\n: 0\n\n: 0\n\n: 0\n\n: 0\n\n: 0\n\n: 0\n\n: 0\n\n: 0\n\n: 0\n\n: 0\n\n: 0\n\n: 0\n\n: 0\n\n: 0\n\n: 0\n\n: 0\n\n: 0\n\n: 0\n\n: "
    },
    "33": {
      "summary": " THEN...\n\nOperations?\n\n\n\n:  NOW...\n\nAutomated operations"
    },
    "34": {
      "summary": "0\n\n**Gut instinct**\n\n\n**NOW...**\n\n**Crime hotspot**\n**prediction**"
    },
    "35": {
      "summary": "1 to 20 of 245953\n\nResults: 1 to 20 of 245953\n\nResults: 1 to 20 of 245953\n\nResults: 1 to 20 of 245953\n\nResults: 1 to 20 of 245953\n\nResults: 1 to 20 of 245953\n\nResults: 1 to 20 of 245953\n\nResults: 1 to 20 of 245953\n\nResults: 1 to 20 of 245953\n\nResults: 1 to 20 of 245953\n\nResults: 1 to 20 of 245953\n\nResults: 1 to 20 of 245953\n\nResults: 1 to 20 of 245953\n\nResults: 1 to 20 of 245953\n\nResults: 1 to 20 of 245953\n\nResults: 1 to 20 of 245953\n\nResults: 1 to 20 of 245953\n\nResults: 1 to 20 of 245953\n\nResults: 1 to 20 of 245953\n\nResults: 1 to 20 of 245953\n\nResults: 1 to 20 of 245953\n\nResults: 1 to 20 of 245953\n\nResults: 1 to 20 of 245953\n\nResults: 1 to 20 of 245953\n\nResults: 1 to 20 of 245953\n\nResults: 1 to 20 of 245953\n\nResults: 1 to 20 of 245953\n\nResults: 1 to 20 of 245953\n\nResults: 1 to 20 of 245953\n\nResults: 1 to 20 of 245953\n\nResults: 1 to 20 of 245953\n\nResults: 1 to 20 of 245953\n\nResults: 1 to 20 of 245953\n\nResults: 1 to 20 of 245953\n\nResults: 1 to 20 of 245953\n\nResults: 1 to 20 of 245953\n\nResults: 1 to 20 of 245953\n\nResults: 1 to 20 of 245953\n\nResults: 1 to 20 of 245953\n\nResults: 1 to 20 of 245953\n\nResults: 1 to 20 of 245953\n\nResults: 1 to 20 of 245953\n\nResults: 1 to 20 of 245953\n\nResults: 1 to 20 of 245953\n\nResults: 1 to 20 of 245953\n\nResults: 1 to 20 of 245953\n\nResults: 1 to 20 of 245953\n\nResults: 1 to 20 of 245953\n\nResults: 1 to 20 of 245953\n\nResults: 1 to 20 of 245953\n\nResults: 1 to 20 of 245953\n\nResults: 1 to 20 of 245953\n\nResults: 1 to 20 of 245953\n\nResults: 1 to 20 of 245953\n\nResults: 1 to 20 of 245953\n\nResults: 1 to 20 of 245953\n\nResults: 1 to 20 of 245953\n\nResults: 1 to 20 of 245953\n\nResults: 1 to 20 of 245953\n\nResults: 1 to 20 of 245953\n\nResults: 1 to 20 of 245953\n\nResults: 1 to 20 of 245953\n\nResults: 1 to 20 of 245953\n\nResults: 1 to 20 of 245953\n\nResults: 1 to 20 of 245953\n\nResults: 1 to 20 of 245953\n\nResults: 1 to 20 of 245953\n\nResults: 1 to 20 of 245953\n\nResults: 1 to 20 of 245953\n\nResults: 1 to 20 of 245953\n\nResults: 1 to 20 of 245953\n\nResults: 1 to 20 of 2"
    },
    "36": {
      "summary": "0\n\n: 0\n\n: 0\n\n: 0\n\n: 0\n\n: 0\n\n: 0\n\n: 0\n\n: 0\n\n: 0\n\n: 0\n\n: 0\n\n: 0\n\n: 0\n\n: 0\n\n: 0\n\n: 0\n\n: 0\n\n: 0\n\n: 0\n\n: 0\n\n: 0\n\n: 0\n\n: 0\n\n: 0\n\n: 0\n\n: 0\n\n: 0\n\n: 0\n\n: 0\n\n: 0\n\n: 0\n\n: 0\n\n: 0\n\n: 0\n\n: 0\n\n: 0\n\n: 0\n\n: 0\n\n: 0\n\n: 0\n\n: 0\n\n: 0\n\n: 0\n\n: 0\n\n: 0\n\n: 0\n\n: 0\n\n: 0\n\n: 0\n\n: 0\n\n: 0\n\n: 0\n\n: 0\n\n: 0\n\n: 0\n\n: 0\n\n: 0\n\n: 0\n\n: 0\n\n: 0\n\n: 0\n\n: 0\n\n: 0\n\n: 0\n\n: 0\n\n: 0\n\n: 0\n\n: 0\n\n: 0\n\n: 0\n\n: 0\n\n: 0\n\n: 0\n\n: 0\n\n: 0\n\n: 0\n\n: 0\n\n: 0\n\n: 0\n\n: 0\n\n: 0\n\n: 0\n\n: 0\n\n: 0\n\n: 0\n\n: 0\n\n: 0\n\n: 0\n\n: 0\n\n: 0\n\n: 0\n\n: 0\n\n: 0\n\n: 0\n\n: 0\n\n: 0\n\n: 0\n\n: 0\n\n: 0\n\n: 0\n\n: 0\n\n: 0\n\n: 0\n\n: 0\n\n: 0\n\n: 0\n\n: 0\n\n: 0\n\n: 0\n\n: 0\n\n: 0\n\n: 0\n\n: 0\n\n: 0\n\n: 0\n\n: 0\n\n: 0\n\n: 0\n\n: 0\n\n: 0\n\n: 0\n\n: 0\n\n: 0\n\n: 0\n\n: 0\n\n: 0\n\n: 0\n\n: 0\n\n: 0\n\n: 0\n\n: 0\n\n: 0\n\n: 0\n\n: 0\n\n: 0\n\n: 0\n\n: 0\n\n: 0\n\n: 0\n\n: 0\n\n: 0\n\n: 0\n\n: 0\n\n: 0\n\n: 0\n\n: 0\n\n: 0\n\n: 0\n\n: 0\n\n: 0\n\n: 0\n\n: 0\n\n: 0\n\n: 0\n\n: 0\n\n: 0\n\n: 0\n\n: 0\n\n: 0\n\n: 0\n\n: 0\n\n: 0\n\n: 0\n\n: 0\n\n: 0\n\n: 0\n\n: 0\n\n: 0\n\n: 0\n\n: 0\n\n: 0\n\n: 0\n\n: 0\n\n: 0\n\n: 0\n\n: 0\n\n: 0\n\n: 0\n\n: 0\n\n: 0\n\n: 0\n\n: 0\n\n: 0\n\n: 0\n\n: 0\n\n: 0\n\n: 0\n\n: 0\n\n: 0\n\n: 0\n\n: 0\n\n: 0\n\n: 0\n\n: 0\n\n: 0\n\n: 0\n\n: 0\n\n: 0\n\n: 0\n\n: 0\n\n: 0\n\n: 0\n\n: 0\n\n: 0\n\n: 0\n\n: 0\n\n: 0\n\n: 0\n\n: 0\n\n: 0\n\n: 0\n\n: 0\n\n: 0\n\n: 0\n\n: 0\n\n: 0\n\n: 0\n\n: 0\n\n: 0\n\n: 0\n\n: 0\n\n: 0\n\n: 0\n\n: 0\n\n: 0\n\n: 0\n\n: 0\n\n: 0\n\n: 0\n\n: 0\n\n: 0\n\n: 0\n\n: 0\n\n: 0\n\n: 0\n\n: 0\n\n: 0\n\n: 0\n\n: 0\n\n: 0\n\n: 0\n\n: 0\n\n: 0\n\n: 0\n\n: 0\n\n: 0\n\n: 0\n\n: 0\n\n: 0\n\n: 0\n\n: 0\n\n: 0\n\n: 0\n\n: 0\n\n: 0\n\n: 0\n\n: 0\n\n: 0\n\n: 0\n\n: 0\n\n: 0\n\n: 0\n\n: 0\n\n: 0\n\n: 0\n\n: 0\n\n: 0\n\n: 0\n\n: 0\n\n: 0\n\n: 0\n\n: 0\n\n: 0\n\n: 0\n\n: 0\n\n: 0\n\n: 0\n\n: 0\n\n: 0\n\n: 0\n\n: 0\n\n: 0\n\n: 0\n\n: 0\n\n: 0\n\n: 0\n\n: 0\n\n: 0\n\n: 0\n\n: 0\n\n: 0\n\n: 0\n\n: 0\n\n: 0\n\n: 0\n\n: 0\n\n: 0\n\n: 0\n\n: 0\n\n: 0\n\n: 0\n\n: 0\n\n: 0\n\n: 0\n\n: 0\n\n: 0\n\n: 0\n\n: 0\n\n: 0\n\n: 0\n\n: 0\n\n: 0\n\n: 0\n\n: 0\n\n: 0\n\n: 0\n\n: 0\n\n: 0\n\n: 0\n\n: 0\n\n: 0\n\n: 0\n\n: 0\n\n: 0\n\n: 0\n\n: 0\n\n: 0\n\n: 0\n\n: 0\n\n: 0\n\n: 0\n\n: 0\n\n: 0\n\n: 0\n\n: 0\n\n: 0\n\n: 0\n\n: 0\n\n: 0\n\n: 0\n\n: 0\n\n: 0\n\n: 0\n\n: 0\n\n: 0\n\n: 0\n\n: 0\n\n: 0\n\n: 0\n\n: 0\n\n: 0\n\n: 0\n\n: 0\n\n: 0\n\n: 0\n\n: 0\n\n: 0\n\n: 0\n\n: 0\n\n: 0\n\n: 0\n\n: 0\n\n: 0\n\n: 0\n\n: 0\n\n: 0\n\n: 0\n\n: 0\n\n: 0\n\n: 0\n\n: 0\n\n: 0\n\n: 0\n\n: 0\n\n: 0\n\n: 0\n\n: 0\n\n: 0\n\n: 0\n\n: 0\n\n: 0\n\n: 0\n\n: 0\n\n: 0\n\n: 0\n\n: 0\n\n: 0\n\n: 0\n\n: 0\n\n: 0\n\n: 0\n\n: 0\n\n: 0\n\n: 0\n\n: 0\n\n: 0\n\n: 0\n\n: 0\n\n: 0\n\n: "
    },
    "37": {
      "summary": "8 LAWS OF BIG DATA\n\nTHEBIGDATAGROUP.COM"
    },
    "38": {
      "summary": " The faster you analyze your data, the greater its predictive value.\n\nCompanies are moving away from batch processing to real-time to gain competitive advantage."
    },
    "39": {
      "summary": " Mainta\n\nMaintain one copy of your data, not dozens. The more you copy and move your data, the less reliable it becomes (example: banking crisis)."
    },
    "40": {
      "summary": "0000\n\n\n**Use more diverse data, not just**\n**more data. More diverse data leads to**\ngreater insights. Combining multiple data\nsources can lead to the most interesting\ninsights of all.\n\nTHEBIGDATAGROUP.COM"
    },
    "41": {
      "summary": "0\n\nData has value far beyond what you originally anticipate. Don’t throw it away.\n\nTHEBIGDATAGROUP.COM"
    },
    "42": {
      "summary": "0000\n\nPlan for exponential growth. The number of photos, emails, and IMs while large, is limited by the number of people. Networked “sensor” data from mobile phones, GPS, and other devices is much larger.\n\nTHEBIGDATAGROUP.COM"
    },
    "43": {
      "summary": "大\n\nBig Data as a stand-alone new, shiny, technology. Think about your core business problems and how to solve them by analyzing Big Data.\n\nSolve a real pain point. Don’t think of Big Data as a stand-alone new, shiny, technology. Think about your core business problems and how to solve them by analyzing Big Data.\n\nTHEBIGDATAGROUP.COM"
    },
    "44": {
      "summary": " Put data and humans together to get the most insight. More data alone isn’t sufficient. Look for ways to broaden the use of data across your organization.\n\nTHEBIGDATAGROUP.COM"
    },
    "45": {
      "summary": "大\n\n: 大\n\n: 大\n\n: 大\n\n: 大\n\n: 大\n\n: 大\n\n: 大\n\n: 大\n\n: 大\n\n: 大\n\n: 大\n\n: 大\n\n: 大\n\n: 大\n\n: 大\n\n: 大\n\n: 大\n\n: 大\n\n: 大\n\n: 大\n\n: 大\n\n: 大\n\n: 大\n\n: 大\n\n: 大\n\n: 大\n\n: 大\n\n: 大\n\n: 大\n\n: 大\n\n: 大\n\n: 大\n\n: 大\n\n: 大\n\n: 大\n\n: 大\n\n: 大\n\n: 大\n\n: 大\n\n: 大\n\n: 大\n\n: 大\n\n: 大\n\n: 大\n\n: 大\n\n: 大\n\n: 大\n\n: 大\n\n: 大\n\n: 大\n\n: 大\n\n: 大\n\n: 大\n\n: 大\n\n: 大\n\n: 大\n\n: 大\n\n: 大\n\n: 大\n\n: 大\n\n: 大\n\n: 大\n\n: 大\n\n: 大\n\n: 大\n\n: 大\n\n: 大\n\n: 大\n\n: 大\n\n: 大\n\n: 大\n\n: 大\n\n: 大\n\n: 大\n\n: 大\n\n: 大\n\n: 大\n\n: 大\n\n: 大\n\n: 大\n\n: 大\n\n: 大\n\n: 大\n\n: 大\n\n: 大\n\n: 大\n\n: 大\n\n: 大\n\n: 大\n\n: 大\n\n: 大\n\n: 大\n\n: 大\n\n: 大\n\n: 大\n\n: 大\n\n: 大\n\n: 大\n\n: 大\n\n: 大\n\n: 大\n\n: 大\n\n: 大\n\n: 大\n\n: 大\n\n: 大\n\n: 大\n\n: 大\n\n: 大\n\n: 大\n\n: 大\n\n: 大\n\n: 大\n\n: 大\n\n: 大\n\n: 大\n\n: 大\n\n: 大\n\n: 大\n\n: 大\n\n: 大\n\n: 大\n\n: 大\n\n: 大\n\n: 大\n\n: 大\n\n: 大\n\n: 大\n\n: 大\n\n: 大\n\n: 大\n\n: 大\n\n: 大\n\n: 大\n\n: 大\n\n: 大\n\n: 大\n\n: 大\n\n: 大\n\n: 大\n\n: 大\n\n: 大\n\n: 大\n\n: 大\n\n: 大\n\n: 大\n\n: 大\n\n: 大\n\n: 大\n\n: 大\n\n: 大\n\n: 大\n\n: 大\n\n: 大\n\n: 大\n\n: 大\n\n: 大\n\n: 大\n\n: 大\n\n: 大\n\n: 大\n\n: 大\n\n: 大\n\n: 大\n\n: 大\n\n: 大\n\n: 大\n\n: 大\n\n: 大\n\n: 大\n\n: 大\n\n: 大\n\n: 大\n\n: 大\n\n: 大\n\n: 大\n\n: 大\n\n: 大\n\n: 大\n\n: 大\n\n: 大\n\n: 大\n\n: 大\n\n: 大\n\n: 大\n\n: 大\n\n: 大\n\n: 大\n\n: 大\n\n: 大\n\n: 大\n\n: 大\n\n: 大\n\n: 大\n\n: 大\n\n: 大\n\n: 大\n\n: 大\n\n: 大\n\n: 大\n\n: 大\n\n: 大\n\n: 大\n\n: 大\n\n: 大\n\n: 大\n\n: 大\n\n: 大\n\n: 大\n\n: 大\n\n: 大\n\n: 大\n\n: 大\n\n: 大\n\n: 大\n\n: 大\n\n: 大\n\n: 大\n\n: 大\n\n: 大\n\n: 大\n\n: 大\n\n: 大\n\n: 大\n\n: 大\n\n: 大\n\n: 大\n\n: 大\n\n: 大\n\n: 大\n\n: 大\n\n: 大\n\n: 大\n\n: 大\n\n: 大\n\n: 大\n\n: 大\n\n: 大\n\n: 大\n\n: 大\n\n: 大\n\n: 大\n\n: 大\n\n: 大\n\n: 大\n\n: 大\n\n: 大\n\n: 大\n\n: 大\n\n: 大\n\n: 大\n\n: 大\n\n: 大\n\n: 大\n\n: 大\n\n: 大\n\n: 大\n\n: 大\n\n: 大\n\n: 大\n\n: 大\n\n: 大\n\n: 大\n\n: 大\n\n: 大\n\n: 大\n\n: 大\n\n: 大\n\n: 大\n\n: 大\n\n: 大\n\n: 大\n\n: 大\n\n: 大\n\n: 大\n\n: 大\n\n: 大\n\n: 大\n\n: 大\n\n: 大\n\n: 大\n\n: 大\n\n: 大\n\n: 大\n\n: 大\n\n: 大\n\n: 大\n\n: 大\n\n: 大\n\n: 大\n\n: 大\n\n: 大\n\n: 大\n\n: 大\n\n: 大\n\n: 大\n\n: 大\n\n: 大\n\n: 大\n\n: 大\n\n: 大\n\n: 大\n\n: 大\n\n: 大\n\n: 大\n\n: 大\n\n: 大\n\n: 大\n\n: 大\n\n: 大\n\n: 大\n\n: 大\n\n: 大\n\n: 大\n\n: 大\n\n: 大\n\n: 大\n\n: 大\n\n: 大\n\n: 大\n\n: 大\n\n: 大\n\n: 大\n\n: 大\n\n: 大\n\n: 大\n\n: 大\n\n: 大\n\n: 大\n\n: 大\n\n: 大\n\n: 大\n\n: 大\n\n: 大\n\n: 大\n\n: 大\n\n: 大\n\n: 大\n\n: 大\n\n: 大\n\n: 大\n\n: 大\n\n: 大\n\n: 大\n\n: 大\n\n: 大\n\n: 大\n\n: 大\n\n: 大\n\n: 大\n\n: 大\n\n: 大\n\n: 大\n\n: 大\n\n: 大\n\n: 大\n\n: 大\n\n: 大\n\n: 大\n\n: 大\n\n: 大\n\n: 大\n\n: 大\n\n: 大\n\n: 大\n\n: 大\n\n: 大\n\n: 大\n\n: 大\n\n: 大\n\n: 大\n\n: 大\n\n: 大\n\n: 大\n\n: 大\n\n: 大\n\n: 大\n\n: 大\n\n: 大\n\n: 大\n\n: 大\n\n: 大\n\n: 大\n\n: 大\n\n: 大\n\n: 大\n\n: 大\n\n: 大\n\n: 大\n\n: 大\n\n: 大\n\n: 大\n\n: 大\n\n: 大\n\n: 大\n\n: 大\n\n: 大\n\n: 大\n\n: 大\n\n: "
    },
    "46": {
      "summary": " DATA + DESIGN\n\nD2:\n\nTHEBIGDATAGROUP.COM\n\n\n46"
    },
    "47": {
      "summary": " The racing technology on the yachts competing for the America’s Cup will be the most advanced ever”\n\n- The Wall Street Journal MarketWatch\n\n“The racing technology on the yachts competing for the America’s Cup will be the most advanced ever”"
    },
    "48": {
      "summary": "1916-2011\n\nIncome\n\nCorporate\n\nCapital Gains\n\n“Visualization is a form of knowledge compression”\n\n- David McCandless"
    },
    "49": {
      "summary": "2023-01-01 00:00:00\n\nPeak Break-Up Times\n\nAccording to Facebook status updates\n\nDavid McCandless & Lee Byron\n\nInformationIsBeautiful.net / LeeBryon.com\n\nTHEBIGDATAGROUP.COM"
    },
    "50": {
      "summary": " SUMMARY\n\nTHEBIGDATAGROUP.COM"
    },
    "51": {
      "summary": "1) Visualisation - cloud, mobile, collaboration\n\n2) Big Data Apps - verticals\n\n3) Trend analysis across multiple data sources\n\n4) Consumer behavior\n\n5) Public data for scoring\n\n6) New information / data service businesses"
    },
    "52": {
      "summary": "1) Consumer company speed and scale requirements driving efficiencies in Big Data storage and analytics\n\n2) Quantity of machine data vastly increasing (examples: networked sensor data from mobile phones and GPS devices)\n\n3) Move away from batch to real-time\n\n4) Cloud services opening Big Data to all\n\n5) New and broader number of data sources being meshed together\n\n6) Big Data Apps (BDAs) means using Big Data is faster and easier"
    },
    "53": {
      "summary": "0\n\nDavid Feinleib\n\ndave@thebigdatagroup.com"
    }
  }
}
