{
  "doc_id": "c31e6580d0175ab3f9d99d1ff0bfa000.pdf",
  "pages": {
    "1": {
      "summary": "0.5cm 0.5cm   : 0.5cm 0.5cm\n\n# Medical Informatics and\n HIT Systems\n\n## David Lubliner"
    },
    "2": {
      "summary": " What is wrong with this picture?"
    },
    "3": {
      "summary": " What kinds of HIT systems are there?\n\n:  What major trends are emerging?\n\n:  What are the benefits to adoption?\n\n:  What are the barriers to adoption?\n\n:  What is the current state of adoption?\n\n:  How can you learn more?"
    },
    "4": {
      "summary": " Patient registration/ demographics\n\n:  Insurance validation\n\n:  Billing systems\n\n:  Appointment systems\n\n:  Computerized Physician Order Entry (CPOE)\n\n:  EMR/EHR/CPR\n\n:  Pharmacy systems\n\n:  Lab systems\n\n:  Imaging systems\n\n:  Telemedicine\n\n:  Patient education\n\n:  Decision Support\n\n:  Library resources\n\n:  Sensors"
    },
    "5": {
      "summary": " Medical errors account for more deaths than breast cancer, AIDS and motorcycle accidents.\n\n• US has highest HC costs per capita in world\n\n• US has worst outcomes of industrialized nations. (infant mortality, lifespan, etc.)\n\n• Healthcare is 10-15 yrs behind business in adoption of IT"
    },
    "6": {
      "summary": " Microsoft Office OneNote Windows Journal Microsoft Educational Pack for Tablet PC Microsoft Experience Pack for Tablet PC Sticky Notes Snipping Tool\n\nMicrosoft Office OneNote Windows Journal Microsoft Educational Pack for Tablet PC Microsoft Experience Pack for Tablet PC Sticky Notes Snipping Tool"
    },
    "7": {
      "summary": "10/05/2000 14:10\n\n**Family History**\nMaternal grandmother died with ovarian\ncancer.\nFather's health problems include myocardial\ninfarction at age 65.\nBrother's health problems include heart\ndisease, high cholesterol.\nSister's health problems include pacemaker in\n50s.\n\n**Tobacco**\nSmokes occasionally.\n\n**Alcohol**\nThere is a history of occasional alcohol\nconsumption.\n\n**Interventions**\n**07/22/1999:** MRI of the right facial region\nwithin normal limits\n06/15/1999 lipid panel with cholesterol 228H,\ntriglyceride 82, HDL 78, and LDL 133.\n**3/2000:** Physical due.\n**03/15/1999:** Tetanus, Physical. Chol=227, LDL=\n139.\n**12/96:** Complete exam.\n**3/98:** Mammogram.\n\nVisit us on the Internet at www.docs.com."
    },
    "8": {
      "summary": "17th Annual HIMSS Leadership Survey Sponsored by ACS HealthCare Solutions\n\nProjected IT Priorities\n\nReduce Medical Errors/Promote Patient Safety\n\nImplement an EMR\n\nConnecting IT at Hospital and Remote Locations\n\nProcess/Workflow Redesign\n\nImplement Wireless Systems\n\nReplace/Upgrade Inpatient Clinical Systems\n\nUpgrade Network Infrastructure\n\nDesign/Implement Strategic IT Plan\n\nIn Two Years Today\n\nFigure 9"
    },
    "9": {
      "summary": "2006 vs. 2005 Results)\n\nFigure 10\n\nPatient (Customer) Satisfaction\n\nMedicare Cutbacks\n\nReducing Medical Errors\n\nCost Pressures\n\nClinical Transformation\n\nIntegration and Interoperability\n\nImproving Quality of Care\n\nAdoption of New Technology\n\nImproving Operational Efficiency\n\nProviding IT to Ambulatory Facilities"
    },
    "10": {
      "summary": "2006 vs. 2005 Results)\n\nSource: 17th Annual HIMSS Leadership Survey Sponsored by ACS HealthCare Solutions\n\nFigure 11"
    },
    "11": {
      "summary": "2006 vs. 2005 Results)\n\nFigure 12\n\nElectronic Medical Record\n\nBar Coded Medication Management\n\nComputerized Practitioner Order Entry (CPOE)\n\nEnterprise-Wide Clinical Information Sharing\n\nClinical Data Repository\n\nPoint-of-Care Decision Support\n\nDigital Picture Archiving (PACS)\n\nAmbulatory Systems\n\nSource: 17th Annual HIMSS Leadership Survey Sponsored by ACS HealthCare Solutions"
    },
    "12": {
      "summary": "2006 vs. 2005 Results)\n\nFigure 14\n\nInternal Breach of Security\n\nInadequate Business Continuity/Disaster Recovery\n\nLimits of Existing Technology\n\nHIPAA Compliance\n\nConnecting IT at Hospital and Remote Facilities\n\nExternal Breach of Security\n\nUnauthorized Use of Data by Third Parties\n\nPatients' Lack of Confidence\n\nInadequate Systems in Place\n\nPhysician's Lack of Confidence\n\nNo Concerns"
    },
    "13": {
      "summary": "17th Annual HIMSS Leadership Survey Sponsored by ACS HealthCare Solutions\n\nSecurity Tools\n\n| Firewalls | 53% |\n| User Access Controls | 88% |\n| Audit Logs | 85% |\n| Multi-Level Passcodes | 75% |\n| Off-Site Storage | 74% |\n| Electronic Signature | 71% |\n| Data Encryption | 71% |\n| Disaster Recovery | 68% |\n\nIn Two Years Today"
    },
    "14": {
      "summary": "100\n\n: 75%\n\n: 50%\n\n: 25%"
    },
    "15": {
      "summary": "2005 Results\n\nFigure 17\n\nTechnology Adoption (Next Two Years)\n\nSingle Sign On/Identity Management\n\nBar Code Technology\n\nSpeech Recognition\n\nHandheld PDAs\n\nAutomated Alerts to Clinicians\n\nWireless Information Appliances\n\nVoIP\n\nComputer on Wheels\n\nN/A\n\nN/A"
    },
    "16": {
      "summary": "2006 vs. 2005 Results)\n\nFigure 19\n\nMarketing and Promotion\n\nEmployee Recruitment\n\nOnline Provider Directory\n\nConsumer Health Information\n\nRemote Employee Access\n\nN/A\n\nPhysician Portal Link\n\nN/A\n\nBusiness-to-Business Transactions\n\nN/A\n\nPatient Scheduling\n\nPatient Health Assessment Tools\n\nPatient Access to Medical Records\n\nN/A\n\nPatient Scheduling\n\nPatient Health Assessment Tools\n\nPatient Access to Medical Records\n\nSource: 17th Annual HIMSS Leadership Survey Sponsored by ACS HealthCare Solutions"
    },
    "17": {
      "summary": "17th Annual HIMSS Leadership Survey Sponsored by ACS HealthCare Solutions"
    },
    "18": {
      "summary": "27%\n\n24%\n\n24%\n\n22%\n\n19%\n\n16%\n\n15%\n\n15%\n\n15%\n\n\nNetwork Support\n\nClinical Informatics\n\nProcess/Workflow Design\n\nApplication Support\n\nClinical Transformation\n\nProgrammers\n\nSystems Integration\n\nPC/Server Support\n\nClinical Champions"
    },
    "19": {
      "summary": "Goals"
    },
    "20": {
      "summary": " “Wiring” Healthcare\n\nCurrent system fragments patient information and creates redundant, inefficient efforts\n\nFuture system will consolidate information and provide a foundation for unifying efforts\n\nHospital\nPublic health\nLaboratory\nPharmacy\nPayers\nAmbulatory center (e.g. imaging centers)\nPrimary care physician\nSpecialty physician\nOutpatient\nLabs\nData repository\nNetwork applications\nPhysician\nAmbulatory\nPayers"
    }
  }
}
