{
  "doc_id": "caltraincapacitymountainview1-150701205750-lva1-app6891_95.pdf",
  "pages": {
    "1": {
      "summary": ":\n\n\nKeeping up with\n\n\nCaltrain Ridership\n\n\nAdina Levin - Friends of Caltrain\n\n\nJune 2015"
    },
    "2": {
      "summary": " Underlying trends driving ridership growth\n\nHow Caltrain can keep up with growth\n\nGrade separations\n\nFunding and participation opportunities"
    },
    "3": {
      "summary": "2013\n\nRidership doubled in last decade\n\nCaltrain Average Weekday Ridership\n\n60,000\n\n50,000\n\n40,000\n\n30,000\n\n20,000\n\n10,000\n\n0\n\n1977\n\n1998\n\n1999\n\n2000\n\n2001\n\n2002\n\n2003\n\n2004\n\n2005\n\n2006\n\n2007\n\n2008\n\n2009\n\n2010\n\n2011\n\n2012\n\n2013\n\n2014\n\nDot.Com Crash\n\nGreat Recession\n\nBaby Bullet"
    },
    "4": {
      "summary": "1991\n\n1994\n\n1997\n\n2000\n\n2003\n\n2006\n\n2009\n\n2012"
    },
    "5": {
      "summary": " Average weekday ridership growth\n\n|                    | Rank | 2012   | 2013   | 2014   | Change |\n|--------------------|------|---------|---------|---------|--------|\n| Palo Alto University | 2    | 4,461   | 5,469   | 6,156   | 38%    |\n| Mountain View        | 3    | 3,670   | 3,876   | 4,274   | 16%    |"
    },
    "6": {
      "summary": " **Trains are crowded**\n\n| Train Number | Depart S.J | Max Load | Percent of Seated Capacity | High Season Max Load | High Season Capacity |\n|-------------|------------|-----------|-----------------------------|----------------------|---------------------|\n| 319          | 7:03 AM    | 878       | 135%                         | 1028                | 158%                |\n| 323          | 7:45 AM    | 834       | 128%                         | 976                 | 150%                |\n| 329          | 8:03 AM    | 828       | 127%                         | 969                 | 149%                |\n| 375          | 5:23 PM    | 794       | 122%                         | 929                 | 143%                |\n| 217          | 6:57 AM    | 791       | 122%                         | 925                 | 142%                |\n| 225          | 7:50 AM    | 761       | 117%                         | 890                 | 137%                |\n| 313          | 6:45 AM    | 703       | 108%                         | 822                 | 126%                |\n| 215          | 6:50 AM    | 691       | 106%                         | 809                 | 124%                |\n| 269          | 4:39 PM    | 690       | 106%                         | 807                 | 124%                |\n| 227          | 7:55 AM    | 671       | 103%                         | 785                 | 121%                |\n| 233          | 8:40 AM    | 660       | 102%                         | 772                 | 119%                |\n| 365          | 4:23 PM    | 626       | 96%                          | 733                 | 113%                |\n\n**Northbound**\n\n**High Season Capacity**\n\n**High Season Max Load**\n\n**High Season Capacity**\n\n**Northbound**\n\n**High Season Capacity**\n\n**High Season Max Load**\n\n**High Season Capacity**\n\n**Northbound**\n\n**High Season Capacity**\n\n**High Season Max Load**\n\n**High Season Capacity**\n\n**Northbound**\n\n**High Season Capacity**\n\n**High Season "
    },
    "7": {
      "summary": "4th & King\n\nPlatforms\n\n: 4th & King\n\nStanding room only"
    },
    "8": {
      "summary": " State policy to reduce greenhouse gas emissions, coordinate transportation & land use\n\nAccommodate 80% of housing, 60% of job growth in < 5% of land with transit access"
    },
    "9": {
      "summary": ":\n\n\n\nCaltrain corridor is original transit-oriented development\n\nCities grew around train\n\nRWC, PA, MV 1938"
    },
    "10": {
      "summary": " If Caltrain were shut down, it would take 4-5 extra lanes on Highway 101 to carry the extra rush hour traffic.\n\n1,500 cars/hour/lane  \n8,000 pax/peak hour trad peak  \n6,000 pax/peak hour rev. peak  \n\n---\n\n**Cars off the freeway**\n\n---\n\n**Diagram:**\n\n- **Top Left**: Caltrain\n- **Top Right**: Highway 101\n\n---\n\n**Image Description:**\n\nThe diagram illustrates a congested highway scene with multiple lanes of traffic. The left side shows a single lane of traffic moving at a speed of 1,500 cars per hour, while the right side depicts a more congested scenario with an additional 8,000 pax (passengers) per hour, indicating a peak hour traffic jam. The congestion is represented by a large number of vehicles in the right lane, suggesting heavy traffic flow. The diagram emphasizes the impact of Caltrain being shut down, which would result in longer travel times and reduced efficiency."
    },
    "11": {
      "summary": " City policies to reduce trips\n\nTransportation Demand Management\n\n● Accommodate more people with less cars, traffic, parking demand\n● Transit passes, shuttles, carpool, carshare, education/marketing\n● Transportation Management Association Nonprofit (typically)\n● Funded by employers, developments, parking\n● Data, reporting, accountability\n\nEstablished    Developing"
    },
    "12": {
      "summary": " Mountain View North Bayshore\n\n●  45% drivealone (55% today)\n\nDowntown Palo Alto\n\n●  30% reduction (55% today)"
    },
    "13": {
      "summary": " Changing transportation preferences\n\nYounger people driving less…\n\n- Average miles driven by 16 to 34 year-olds dropped by 23% between 2001 & 2009\n- 75% of millennials expect to live in a place where they do not need a car to get around\n- Caltrain rider average income $117,000 (could drive if they wanted to)\n- 55% are under 35…"
    },
    "14": {
      "summary": "250,000\n\n200,000\n\n150,000\n\n100,000\n\n50,000\n\n\nJobs, jobs, jobs at Transbay\n\nThere are more jobs within ¼ mile of Transbay than within ½ mile of all Caltrain stations combined !\n\n\nCentral Subway 2019\n\nDowntown extension to Transbay 202x\n\nSILICON VALLEY\n\nSan Mateo\n\nRedwood City\n\nPalo Alto\n\nMountain View\n\nSun Jose"
    },
    "15": {
      "summary": " Better access to jobs in San Francisco\n\nCentral Subway 2019\n\nConnects to Powell Street BART and Muni Metro"
    },
    "16": {
      "summary": "20,000+ jobs\n\n- 2600 housing units\n\n- ~20,000 avg daily BART\n\n- ~20,000 avg daily Caltrain\n\n- Up from ~4,000 Caltrain\n\n- 40% drivealone mode share"
    },
    "17": {
      "summary": " We need to double Caltrain ridership from 60,000 to 120,000 daily trips by the next decade”\n\nCarl Guardino, Silicon Valley Leadership Group"
    },
    "18": {
      "summary": " How many people can travel at peak hour\n\n# train cars\n\n# people per car (seated, standing, bikes)\n\n# trains per hour\n\nEven distribution (are some cars less full)"
    },
    "19": {
      "summary": "5 car trains, 5 trains per hour = 25\n\nCurrent peak - 5 car trains, 5 trains per hour = 25"
    },
    "20": {
      "summary": "6 cars x 5 trains per hour = 30\n\nSurplus cars from LA Metrolink"
    },
    "21": {
      "summary": "2) Electrification\n\n- Faster acceleration\nMore stops in same end to end time\n- Serve underserved stations -\nLawrence, Santa Clara\n- But fewer seats per car\n\n6 trains per hour x 6 car trains"
    },
    "22": {
      "summary": "3) Longer platforms, level boarding\n\n8-car trains\n\nLevel boarding\n\n● faster service\n● better for mobility-impaired, strollers, bikes\n● more reliable\n\n6 trains/hour x 8 cars = 48"
    },
    "23": {
      "summary": "4) Increase frequency\n\nBlended system: Caltrain & HSR share tracks\n\nUp to 2 HSR trains per hour without passing tracks\n\nUp to 4 HSR trains per hour with passing tracks\n\nDon’t need to wait for HSR\n\n8 trains per hour x 8 car trains = 64"
    },
    "24": {
      "summary": " Frequency and reliability\n\n• More frequent service leads to stress at intersections\n\n• 40 at-grade crossings remaining (½ separated)\n\n• San Mateo County has funding, Santa Clara County does not yet"
    },
    "25": {
      "summary": " How can Caltrain keep up?\n\n| Scenario | Peak service | Peak hour train cars |\n|---------|-------------|---------------------|\n| Today   | 5x5         | 25                 |\n| Metrolink used cars | 6x5 | 30 |\n| Electrification | 6x6 | 36 |\n| Longer platforms | 6x8 | 48 |\n| Increase frequency (w/HSR) | 8x8 | 64 |\n\nNapkin math - watch for peak hour capacity # from Caltrain"
    },
    "26": {
      "summary": " Mountain View\n\n- Rengstorff/Central - $120M\n- Castro - separate? close to cars?\n\nExhibit 2 – 2004 Study – Rengstorff Avenue\nLooking North at Central Expressway"
    },
    "27": {
      "summary": " Grade separation options and costs\n\nPalo Alto\n\n● Charleston, Meadow, Churchill\n● Trench - $500M to $1B\n● Development funds? Local tax?"
    },
    "28": {
      "summary": "0.00\n\n<table>ProgramFunding AvailableGapCalMod Phase 1$1,762$1,456*CalMod Phase 2$624$0Total$2,386$1,456</table>\n\n*Includes $145 million to be replaced with discretionary sources TBD"
    },
    "29": {
      "summary": "2018 - RM3 - renewed bridge tolls\n\nHigh Speed Rail\n\nState Cap and Trade funds"
    },
    "30": {
      "summary": "2016 - Envision Silicon Valley\n\n$3.5 Billion or $7 Billion\n\nBART to Diridon (and Santa Clara?)\n\nCaltrain\n\nExpressways/Freeways\n\nRoad paving"
    },
    "31": {
      "summary": "1) Santa Clara County VTA Call for Projects\n\n2) Transit Center / grade separation planning\n\n3) Planning with High Speed Rail"
    }
  }
}
