{
  "doc_id": "Campaign_038_Introducing_AC_Whitepaper_v5e.pdf",
  "pages": {
    "1": {
      "summary": "2018\n\nalibabacloud.com\n\n© Alibaba Cloud 2018\nAll rights reserved\n\n\n# INTRODUCING ALIBABA CLOUD\n\nMORE THAN JUST CLOUD"
    },
    "2": {
      "summary": "11\n\n: 15\n\n: 23\n\n\nMission and Background\n\nLeaders in Technology\n\nGetting Started with Alibaba Cloud\n\nSupporting Business Transformation\n\nProducts and Solutions\n\nSummary"
    },
    "3": {
      "summary": "1\n\nThis whitepaper will introduce you to Alibaba Cloud, the cloud computing division of Alibaba Group. We will take a look at the company’s background, explore how Alibaba Cloud has evolved as it has become increasingly established and see how it is facilitating digital transformation and opening up the Chinese market for many businesses.\n\nWe will cover how Alibaba Cloud supports business growth through partnerships and competitions, and discuss its unique range of tools and services. This whitepaper will introduce you to a number of Alibaba Cloud’s key products and take you through how to get started on the platform, where you can find additional support as well as gain certificates and accreditation.\n\nWe will also cover some of what makes Alibaba Cloud stand out in the marketplace, such as powering major shopping festivals, innovative payment methods and big data analysis. And we will look at how your business can benefit from the innovation that runs through the company, helping business from small and medium enterprises through to large multinational corporations to benefit from impressive tools and services including machine learning, elastic computing and a powerful and secure cloud platform."
    },
    "4": {
      "summary": "1\n\n# MISSION AND BACKGROUND\n\nAlibaba Cloud is one of a number of business units that form part of Alibaba Group, helping companies to transform the way that they market, sell and operate. Alibaba Group, headquartered in Hangzhou, China, is on a mission to make it easy to do business anywhere. It has ambitious growth goals, and aims to help to solve problems for billions of people as it expands.\n\nMISSION\n\nAlibaba provides vital technology infrastructure and marketing capabilities to help businesses to grow their products and services online. The group spans commerce, cloud computing, digital media and innovation. For example, AliExpress is our global consumer marketplace, Alipay is our mobile and online payment platform and Alibaba Cloud is the cloud computing arm and business unit of Alibaba Group. And perhaps you’ve heard of 11-11, our groundbreaking international shopping festival known as Singles Day, which processed over USD $25BN in sales last year in a single day.\n\nAlibaba announced in 2017 that it is investing $15BN in research and development up to 2020, including creating the DAMO Academy in 2017. The DAMO Academy has research labs in seven cities around the world, looking into topics including data intelligence, the Internet of Things, fintech, quantum computing and human-machine interaction. The Academy will help Alibaba to be “future-oriented to solve the problems of the future,” according to Alibaba’s founder and chairman Jack Ma. He challenged the Academy to help 100"
    },
    "5": {
      "summary": "2\n\nmillion companies create opportunities and help solve to problems for billions of people. By doing this, DAMO Academy has the target of growing to become equal in value to the world’s fifth-largest economy by 2036.¹\n\nBACKING BUSINESS TRANSFORMATION\n\nAlibaba enables businesses to transform the way they market, sell and operate, providing the fundamental technology to help merchants, brands and other businesses leverage the power of the Internet to engage with their users and customers.\n\nALIBABA CLOUD’S BACKGROUND\n\nAlibaba Cloud is the group’s cloud computing arm. It was established in September 2009 as Aliyun, developing cloud computing services that would provide the infrastructure to support Alibaba’s vision of making it easy to do business anywhere.\n\nNow, Alibaba Cloud’s highly scalable cloud computing and data management services is China’s largest public cloud service provider² and has the third largest share of the cloud computing market globally, according to Gartner.⁴ It offers cost-effective solutions that help businesses meet their networking and information needs, and provides them with an easy way to integrate with other Alibaba products and services.\n\nWe are China’s largest cloud provider, offering access to China’s most advanced cloud network.\n\nAlibaba Cloud has an international network of 18 data centers, including access to Mainland China. Security and reliability are paramount to Alibaba Cloud’s offering, and we will cover those aspects in more depth later in this whitepaper. Alibaba’s vast online and mobile commerce ecosystem – including the incredible amount of transactions that take place every year on 11-11 – is also powered by Alibaba Cloud."
    },
    "6": {
      "summary": "3\n\n**ALIBABA CLOUD HAS 18 DATA CENTERS**\n\nThis whitepaper will help you discover more about what makes Alibaba Cloud unique and introduce you to our key products and services. Keep reading to learn how Alibaba Cloud can support your business’ cloud computing goals, enable digital transformation and help your company to grow.\n\n**ALIBABA CLOUD ET BRAIN**\n\nThrough initiatives like this, Alibaba Cloud is helping our society to become more **sustainable, efficient, and interconnected**. From agriculture to manufacturing and city management, we are committed to making the world greener, safer, and more productive. For example, our ET Brain uses our ultra-intelligent technology to solve complex problems in business and society.\n\nThe ET Brain can create accurate simulations, come up with solutions in real time, and perpetually innovate, thanks to machine learning. For example, we have put some of this powerful technology to work supporting smart cities. Alibaba Cloud’s City Brain project in Malaysia is working in partnership with the Malaysia Digital Economy Corporation to help the government process data and make smarter decisions based on ET Brain’s insights.\n\nThe ET Brain can create accurate simulations, come up with solutions in real time, and perpetually innovate, thanks to machine learning."
    },
    "7": {
      "summary": "4\n\n三\n\n三\n\n三\n\n三\n\n三\n\n三\n\n三\n\n三\n\n三\n\n三\n\n三\n\n三\n\n三\n\n三\n\n三\n\n三\n\n三\n\n三\n\n三\n\n三\n\n三\n\n三\n\n三\n\n三\n\n三\n\n三\n\n三\n\n三\n\n三\n\n三\n\n三\n\n三\n\n三\n\n三\n\n三\n\n三\n\n三\n\n三\n\n三\n\n三\n\n三\n\n三\n\n三\n\n三\n\n三\n\n三\n\n三\n\n三\n\n三\n\n三\n\n三\n\n三\n\n三\n\n三\n\n三\n\n三\n\n三\n\n三\n\n三\n\n三\n\n三\n\n三\n\n三\n\n三\n\n三\n\n三\n\n三\n\n三\n\n三\n\n三\n\n三\n\n三\n\n三\n\n三\n\n三\n\n三\n\n三\n\n三\n\n三\n\n三\n\n三\n\n三\n\n三\n\n三\n\n三\n\n三\n\n三\n\n三\n\n三\n\n三\n\n三\n\n三\n\n三\n\n三\n\n三\n\n三\n\n三\n\n三\n\n三\n\n三\n\n三\n\n三\n\n三\n\n三\n\n三\n\n三\n\n三\n\n三\n\n三\n\n三\n\n三\n\n三\n\n三\n\n三\n\n三\n\n三\n\n三\n\n三\n\n三\n\n三\n\n三\n\n三\n\n三\n\n三\n\n三\n\n三\n\n三\n\n三\n\n三\n\n三\n\n三\n\n三\n\n三\n\n三\n\n三\n\n三\n\n三\n\n三\n\n三\n\n三\n\n三\n\n三\n\n三\n\n三\n\n三\n\n三\n\n三\n\n三\n\n三\n\n三\n\n三\n\n三\n\n三\n\n三\n\n三\n\n三\n\n三\n\n三\n\n三\n\n三\n\n三\n\n三\n\n三\n\n三\n\n三\n\n三\n\n三\n\n三\n\n三\n\n三\n\n三\n\n三\n\n三\n\n三\n\n三\n\n三\n\n三\n\n三\n\n三\n\n三\n\n三\n\n三\n\n三\n\n三\n\n三\n\n三\n\n三\n\n三\n\n三\n\n三\n\n三\n\n三\n\n三\n\n三\n\n三\n\n三\n\n三\n\n三\n\n三\n\n三\n\n三\n\n三\n\n三\n\n三\n\n三\n\n三\n\n三\n\n三\n\n三\n\n三\n\n三\n\n三\n\n三\n\n三\n\n三\n\n三\n\n三\n\n三\n\n三\n\n三\n\n三\n\n三\n\n三\n\n三\n\n三\n\n三\n\n三\n\n三\n\n三\n\n三\n\n三\n\n三\n\n三\n\n三\n\n三\n\n三\n\n三\n\n三\n\n三\n\n三\n\n三\n\n三\n\n三\n\n三\n\n三\n\n三\n\n三\n\n三\n\n三\n\n三\n\n三\n\n三\n\n三\n\n三\n\n三\n\n三\n\n三\n\n三\n\n三\n\n三\n\n三\n\n三\n\n三\n\n三\n\n三\n\n三\n\n三\n\n三\n\n三\n\n三\n\n三\n\n三\n\n三\n\n三\n\n三\n\n三\n\n三\n\n三\n\n三\n\n三\n\n三\n\n三\n\n三\n\n三\n\n三\n\n三\n\n三\n\n三\n\n三\n\n三\n\n三\n\n三\n\n三\n\n三\n\n三\n\n三\n\n三\n\n三\n\n三\n\n三\n\n三\n\n三\n\n三\n\n三\n\n三\n\n三\n\n三\n\n三\n\n三\n\n三\n\n三\n\n三\n\n三\n\n三\n\n三\n\n三\n\n三\n\n三\n\n三\n\n三\n\n三\n\n三\n\n三\n\n三\n\n三\n\n三\n\n三\n\n三\n\n三\n\n三\n\n三\n\n三\n\n三\n\n三\n\n三\n\n三\n\n三\n\n三\n\n三\n\n三\n\n三\n\n三\n\n三\n\n三\n\n三\n\n三\n\n三\n\n三\n\n三\n\n三\n\n三\n\n三\n\n三\n\n三\n\n三\n\n三\n\n三\n\n三\n\n三\n\n三\n\n三\n\n三\n\n三\n\n三\n\n三\n\n三\n\n三\n\n三\n\n三\n\n三\n\n三\n\n三\n\n三\n\n三\n\n三\n\n三\n\n三\n\n三\n\n三\n\n三\n\n三\n\n三\n\n三\n\n三\n\n三\n\n三\n\n三\n\n三\n\n三\n\n三\n\n三\n\n三\n\n三\n\n三\n\n三\n\n三\n\n三\n\n三\n\n三\n\n三\n\n三\n\n三\n\n三\n\n三\n\n三\n\n三\n\n三\n\n三\n\n三\n\n三\n\n三\n\n三\n\n三\n\n三\n\n三\n\n三\n\n三\n\n三\n\n三\n\n三\n\n三\n\n三\n\n三\n\n三\n\n三\n\n三\n\n三\n\n三\n\n三\n\n三\n\n三\n\n三\n\n三\n\n三\n\n三\n\n三\n\n三\n\n三\n\n三\n\n三\n\n三\n\n三\n\n三\n\n三\n\n三\n\n三\n\n三\n\n三\n\n三\n\n三\n\n三\n\n三\n\n三\n\n三\n\n三\n\n三\n\n三\n\n三\n\n三\n\n三\n\n三\n\n三\n\n三\n\n三\n\n三\n\n三\n\n三\n\n三\n\n三\n\n三\n\n三\n\n三\n\n三\n\n三\n\n三\n\n三\n\n三\n\n三\n\n三\n\n三\n\n三\n\n三\n\n三\n\n三\n\n三\n\n三\n\n三\n\n三\n\n三\n\n三\n\n三\n\n三\n\n三\n\n三\n\n三\n\n三\n\n三\n\n三\n\n三\n\n三\n\n三\n\n三\n\n三\n\n三\n\n三\n\n三\n\n三\n\n三\n\n三\n\n三\n\n三\n\n三\n\n三\n\n三\n\n三\n\n三\n\n三\n\n三\n\n三\n\n三\n\n三\n\n三\n\n三\n\n三\n\n三\n\n三\n\n三\n\n三\n\n三\n\n三\n\n三\n\n三\n\n三\n\n三\n\n三\n\n三\n\n三\n\n三\n\n三\n\n三\n\n三\n\n三\n\n三\n\n三\n\n三\n\n三\n\n三\n\n三\n\n三\n\n三\n\n三\n\n三\n\n三\n\n三\n\n三\n\n三\n\n三\n\n三\n\n三\n\n三\n\n三\n\n三\n\n三\n\n三\n\n三\n\n三\n\n三\n\n三\n\n三\n\n三\n\n三\n\n三\n\n三\n\n三\n\n三\n\n三\n\n三\n\n三\n\n三\n\n三\n\n三\n\n三\n\n三\n\n三\n\n三\n\n三\n\n三\n\n三\n\n三\n\n三\n\n三\n\n三\n\n三\n\n三\n\n三\n\n三\n\n三\n\n三\n\n三\n\n三\n\n三\n\n三\n\n三\n\n三\n\n三\n\n三\n\n三\n\n三\n\n三\n\n三\n\n三\n\n三\n\n三\n\n三\n\n三\n\n三\n\n三\n\n三\n\n三\n\n三\n\n三\n\n三\n\n三\n\n三\n\n三\n\n三\n\n三\n\n三\n\n三\n\n三\n\n三\n\n三\n\n三\n\n三\n\n三\n\n三\n\n三\n\n三\n\n三\n\n三\n\n三\n\n三\n\n三\n\n三\n\n三\n\n三\n\n三\n\n三\n\n三\n\n三\n\n三\n\n三\n\n三\n\n三\n\n三\n\n三\n\n三\n\n三\n\n三\n\n三\n\n三\n\n三\n\n三\n\n三\n\n三\n\n三\n"
    },
    "8": {
      "summary": "5\n\nSUPPORTING BUSINESS TRANSFORMATION\n\nTrue to our mission, Alibaba is an expert in digital transformation. Alibaba Cloud technology, including artificial intelligence, machine learning and big data analysis, is used to power innovations in retail, finance and manufacturing around the world.\n\nAnalyzing how we currently work allows business and society to solve complex problems. Bringing data together with smart tech, such as our AI Platform, can lead to actionable recommendations that will help businesses to become more efficient and cut waste from their production and operating processes.\n\nThis section of the whitepaper will cover how Alibaba Cloud facilitates international expansion, particularly entry into Mainland China, how it supports digital transformation and how it helps startups and SMEs to grow and globalize.\n\nGATEWAY TO CHINA\n\nExpanding internationally is a key part of becoming a global business, and establishing your company in China could be an important aspect of that. Consultancy McKinsey predicts that by 2020, there will be 400 million consumers with incomes of between $16,000 and $34,000* amongst the country’s population of 1.4 billion. This group will have disposable incomes that will enable them to afford family cars and small luxury items, setting consumption standards around the country.\n\nINFRASTRUCTURE IN CHINA AND CHINACONNECT\n\nAlibaba Cloud is the leading public cloud vendor in Mainland China, with the country’s most advanced cloud network, including seven data centers"
    },
    "9": {
      "summary": "1100 CDN nodes. It received China’s first IDC license in 2013 and now has a 40% share of the local market with a full ecosystem of products to support different aspects of business, providing access to China under one single global account.\n\nAlibaba Cloud’s channel, ChinaConnect, offers advice and support for international companies spanning a range of industries and across all business units and doing business in China. It covers everything from website hosting, online payments and offline logistics, as well as ICP registration.\n\nICP REGISTRATION\n\nAn Internet Content Provider (ICP) license is a state-issued registration number that allows you to host your website on a server inside Mainland China, a rule that is enforced at the hosting level and an essential element for any digital business. The application comes after selecting hosting and domain, but before a site can go live.\n\nAlibaba Cloud provides ICP support here:\n\nhttps://www.alibabacloud.com/icp\n\nAlibaba Cloud received China’s first IDC license in 2013 and now has a 40% share of the local market\n\nALIBABA’S ECOSYSTEM\n\nBusiness units throughout Alibaba Group work to make it easier to do business anywhere, whether that’s through logistics, payments or international trade, particularly helping companies to gain a foothold in Mainland China. Alibaba Cloud provides the vital technology infrastructure that powers the group’s products and services. We constantly develop these to help companies do more and discover new opportunities. Let’s look at some of the business units in our ecosystem, and see how they work together to power logistics, payments, e-commerce, supporting businesses in China and beyond."
    },
    "10": {
      "summary": "7\n\n**LOGISTICS**\n\nCainiao Network is our logistics data platform operator that provides real-time access to information for both buyers and sellers, helping them to **improve the efficiency of their delivery services**. Its fulfilment network has grown by 170% year-on-year, and it enables 24-hour domestic delivery and 72-hour international delivery.⁸\n\n**FINANCE**\n\nAlipay facilitates online, mobile and in-store payments and has over 520 million users. Users have a digital wallet and can make payments direct from their mobile phone, without the need for cash. Alipay is integrated into a range of financial services, from investments and insurance through to credit ratings and loans.\n\n**RETAIL**\n\nTaobao is an e-commerce and content app that is redefining the shopping experience through innovative content and smart, personalized recommendations. In the year ending March 31, 2018, the app had **552 million active annual consumers**⁹ and approximately 1.5 million content creators produced short-form videos and live-broadcast events, encouraging dwell time and brand engagement on the app.\n\nTmall is a business-to-consumer e-commerce platform, that allows merchants to reach new customers and gain data insights. It hosts 70,000 online brand stores, including H&M, Nike and Samsung, serving 400 million online customers.¹⁰\n\n**SINGLES DAY**\n\nThe most exciting day of the year for our company is 11-11 or Singles Day, a global shopping extravaganza that tests Alibaba's cloud computing processing, payment infrastructure and logistics networks to the limits and provides retailers with an annual opportunity to sell their products and stand out to consumers.\n\nAt the 2017 festival, Alibaba Cloud processed over 325,000 orders per second at peak, and 1.5 billion Alipay transactions in total, achieving over $25BN of gross merchandise volume (GMV) for retailers.¹¹"
    },
    "11": {
      "summary": "8\n\nDIGITAL TRANSFORMATION EXPERT\n\nAlibaba Cloud is supporting digitization in every industry, helping major businesses in the retail, finance and manufacturing sectors to evolve.\n\nSMART RETAIL AND PAYMENTS\n\nAlibaba Cloud’s technology helps business of all sizes benefit from advances in digital technology, even local convenience stores that might not traditionally be seen as connected. Alibaba Cloud uses big data and AI technology to integrate online and offline retail, providing customers with an improved shopping experience. For example, using Ling Shou Tong, our integrated system and mobile app, retailers can better track their inventory and receive recommendations about what products are proving most popular, so they can stock what is selling best at that time. Over 600,00012 outlets in Mainland China – about 10% of the country’s convenience stores – are now benefitting from the technology.\n\nThis mobile-first approach is also great for shoppers. For example, Alibaba operates a grocery prototype supermarket called Hema, and mobile is central to the experience there. Shoppers can use the Hema app to scan an item’s barcode and find out more information about the product, such as its price and origin, and even get recommendations about other items that could go well with their purchase. The Hema app is linked to shoppers’ Alipay accounts – Alibaba’s mobile payment platform – so when they’ve finished shopping, they can easily check out and pay for their shopping direct with their smartphone.\n\nAlibaba’s CEO, Daniel Zhang, describes Hema as “a showcase of the new business opportunities that emerges from online-offline integration”.13\n\nFINANCIAL SOLUTIONS\n\nSpeed and security are vital in financial services. For example, Imperium Financial Group is a leading financial services company based in Hong Kong. Its business provides one-stop financial investment services to customers, and focuses on precious metals, foreign exchange, brokerage and capital markets."
    },
    "12": {
      "summary": "9\n\nAlibaba Cloud helps financial institutions, such as Imperium, to build next generation architecture for a low cost and high availability, even providing customized solutions in risk modelling, data management, security and facial recognition, that can be applied across a range of scenarios, such as payments, insurance, securities and investing.\n\nAlibaba Cloud powers Imperium's customer interfaces, such as its eportal for personal account management, supporting up to 50,000 page views in a single day, so the site still functions smoothly even when there are many concurrent connections. Behind the scenes, it is maintaining incredibly high levels of security, reassuring Imperium's customers that their assets are safe from DDoS attacks and hacking.\n\nNEXT-LEVEL MANUFACTURING\n\nArtificial Intelligence, powered by Alibaba Cloud, can also be applied to help businesses improve their manufacturing capabilities, improving efficiencies and cutting waste.\n\nFor example, our client Trina Solar produces cell wafers that power the solar panels that the company makes. It uses extremely complex production techniques that are hard to analyze through traditional methods. Alibaba Cloud's ET Industrial Brain was able to collect and organize data from Trina's entire production process, and analyze it using smart algorithms. The optimization recommendations took real-time data into account leading to a 7% increase in production of grade-A products.14\n\nSUPPORTING GROWTH\n\nAlibaba Cloud has a key focus on helping small and medium-sized enterprises (SMEs) grow and globalize.\n\nGLOBAL E-COMMERCE\n\nFacilitating international trade is vital to supporting this growth, which is why Alibaba Cloud is establishing Electronic World Trade Platforms (eWTP). As trade has evolved from large volume, standardized transactions to increasingly fragmented, high-frequency and personalized purchases, it is important to have this kind of global e-commerce platform that will support businesses."
    },
    "13": {
      "summary": "10\n\nThe eWTP aims to promote dialogue on trade rules between the public and private sectors, enhance cross-border e-commerce infrastructure and help SMEs overcome challenges that they have faced in customs clearance and logistics. We envision international entrepreneurs needing nothing more than a smartphone to trade globally.\n\nFacilitating international trade is vital to supporting this growth, which is why Alibaba Cloud is establishing Electronic World Trade Platforms (eWTP).\n\nThe first e-hub outside China under the eWTP platform was created in Malaysia in partnership with the Malaysia Digital Economy Corporation in March 2017. This includes establishing an e-fulfilment hub near Kuala Lumpur International Airport, along with a one-stop online cross-border trading services platform, e-payment and financing and developing e-talent training as part of Malaysia’s roadmap to transform into a digital economy. This initiative should provide many opportunities for SMEs and young people in Malaysia to trade with the rest of the world more easily.\n\nPOWERFUL TECHNOLOGY\n\nAs well as international cooperation, SMEs need incredibly reliable tech to power their business that is able to scale up and grow as quickly as they are. This is why Alibaba Cloud offers high-performance elastic computing power in the cloud. Services, including data storage, relational databases, big-data processing, Anti-DDoS protection and content delivery networks can be scaled up or down depending on your demand, and are available on a pay-as-you-go basis.\n\nHaving 18 data centers around the world means that network latency is reduced, so your customers don’t have to wait for a page to load or order to process. For example, we opened a new data center in Mumbai, India, in early 2018, to meet the increasing demand from SMEs in that region."
    },
    "14": {
      "summary": "11\n\nLEADERS IN\nTECHNOLOGY\n\nALIBABA CLOUD TIMELINE\n\n2018\n> City Brain launches in Malaysia\n> Included in Gartner’s Magic Quadrant for Data Analytics\n> Apsara awarded the Chinese Institute of Electronics\n   Grand Prize\n> Alibaba Cloud Receives MySQL Corporate Contributor Award\n\n2017\n> Gang Wang, a leading researcher at Alibaba A.I. Labs,\n   and Hanqing Wu, chief security scientist of Alibaba Cloud,\n   recognized in the “MIT Technology Review’s 2017 Innovators\n   Under 35” List\n> Alibaba Cloud placed in the Visionaries quadrant of Gartner’s\n   Magic Quadrant for Cloud Infrastructure as a Service,\n   Worldwide\n> Alibaba announced as the as the Official Cloud Services and\n   Infrastructure Partner for the Olympic Games at the World\n   Economic Forum in Davos. It will contribute cloud computing\n   infrastructure and cloud services to help the games operate\n   more efficiently, effectively and securely\n\n2016\n> Alibaba Cloud partners with HTC Corporation to develop\n   virtual reality (VR) solutions\n> Global Marketplace and AliLaunch Program launch to support\n   technology partners entering the Chinese market\n\n2015\n> Alibaba Cloud helps Tmall and Alipay process orders totalling\n   $14.3BN, at a world record-breaking peak speed of 140,000\n   orders per second, without dropping a single transaction\n> Singapore announced as Alibaba Cloud’s overseas\n   headquarters\n\n2014\n> Data Centers open in Beijing, Shenzhen and Hong Kong\n\n2013\n> Alibaba Cloud is awarded the world’s first British Standards\n   Institute CSA-STAR Gold Medal Certification in Cloud Security\n> Alibaba Cloud’s receives China’s first IDC license"
    },
    "15": {
      "summary": "2012\n\n| 2010 | > Alibaba Cloud's first data center opens |\n|---|---|\n| 2009 | > Alibaba Cloud is founded |\n|    | > R&D centers are opened in Beijing, Hangzhou and Silicon Valley |\n\nThe cloud market is growing rapidly, as more companies start to unlock the benefits of flexible, secure and constant 24/7 services that can power and grow businesses. For example, Gartner predicts that the worldwide public cloud services market will grow to $186.4BN, up from $153.5BN in 2017.17\n\nAlibaba Cloud is fast becoming recognized as a leader in cloud computing. For example, we have broken competition records at Sort Benchmark in data sorting,18 and set records in mitigating DDoS attacks and the processing volume of e-commerce transactions.\n\nOur Hybrid Cloud Solutions provides customers with state-of-the-art connectivity solutions with enhanced security that brings together the benefits of both public and private cloud models for our customers.\n\nSimilarly, Alibaba’s Apsara Cloud operating system is receiving recognition for its advances. In May 2018 it was awarded the Grand Prize from the Chinese Institute of Electronics, the first time the prize has been awarded since it was established 15 years ago.19\n\nENVIRONMENTAL INNOVATION\n\nAlibaba Cloud’s commitment to innovation extends beyond our products and services, all the way to improving our buildings and infrastructure. Servers consume large amounts of energy, so we have invested heavily in creating eco-friendly data centers, such as Alibaba Cloud Qiandao Lake Data Center, that incorporates a unique mechanical cooling system that uses water from the lake. This means that the data center can be cooled for free over 90% of the time, without negatively impacting the environment.20 In fact, with solar energy and hydraulic power incorporated, and heat recovered from the servers used to warm the offices in the facility, the data center is one of the most energy-efficient in the world."
    },
    "16": {
      "summary": "13\n\n**GLOBAL RECOGNITION**\n\nAlibaba Cloud was the first cloud services provider to receive the CSA STAR Certification, for security, trust and assurance, and the first to be certified with the ISO27001 Information Security Management System Certification in China.\n\nThese kinds of accolades have helped Alibaba Cloud to be featured as a Visionary on Gartner’s Magic Quadrant for Cloud Infrastructure as a Service, Worldwide in 2017, and being included in 2018, despite the number of featured vendors decreasing from 14 in 2017 to just six in 2018. Alibaba Cloud also featured in Gartner’s Magic Quadrant for Cloud Infrastructure as a Service in 2018.²¹\n\nAlibaba Cloud was featured as a Visionary on Gartner’s Magic Quadrant for Cloud Infrastructure as a Service, Worldwide in 2017, and included in 2018.\n\nPARTNERSHIPS\n\nAlibaba Cloud has established a number of global partnerships.\n\nThe Winter Olympic Games at Pyeongchang, South Korea, in 2018 were the first to showcase our best-in-class cloud computing infrastructure that can help the Games to operate more efficiently, effectively and securely. This included demonstrations of AI, deep learning AI and deep learning technologies to processing massive amounts of data in an incredibly secure environment.\n\nIn July 2018, Alibaba Cloud launched its EMEA Ecosystem Partner Program to strengthen ties between its customers and partners in Europe, the Middle East and Africa, including Intel, Accenture and Micropole. The program focuses on four key issues: digital transformation, supporting talent development, advancing technology innovation and enhancing marketplaces.\n\nAlibaba Cloud has also partnered with the highly popular web hosting platform Plesk. This means that users can work in Plesk’s ready-to-code environment to develop sites and apps that can now run in the cloud."
    },
    "17": {
      "summary": "14\n\nOur partnership with Red Hat provides great performance, flexibility and security for our users, who can deploy Red Hat’s open source solutions across their cloud environment. And we are cooperating with NVIDIA GPU Cloud (NGC) so developers can run NGC containers and access NVIDIA’s deep learning software and visualization tools.\n\nLOOKING TO THE FUTURE\n\nAlibaba Cloud will continue to pursue opportunities to help businesses of all sizes grow. The company runs a series of competitions on our Tianchi platform, which currently hosts over 200,000 developers from 91 countries and regions.\n\nEmploying many of the best and brightest innovators helps the company to keep pushing its boundaries. Two of our scientists were recognized in MIT Technology Review List of “Innovators Under 35” in 2017.22\n\nHanqing Wu is chief security scientist of Alibaba Cloud who led the development of Alibaba Cloud Security, a service that has protected more than 37% of websites in China by the end of 2017. His innovations in Elastic Security Networks allows small to medium-sized companies to fend off massive and potentially incredibly damaging DDoS attacks with limited resources.\n\nGang Wang is a leading researcher at Alibaba A.I. Labs, exploring human-computer interactions, leading computer vision, natural language processing, speech recognition and machine learning. His contributions are being put to use in Alibaba’s products, such as Tmall Genie, a voice-controlled smart device developed by the Labs.\n\nAlibaba Group also launched Alibaba Innovative Research (AIR) to collaborate with global academics and researchers and encourage innovation in science and technology. The company is funding research programs that fit real world industry scenarios, that will power how the company can support SMEs and enable business growth in the future.\n\nOver the quarter up to March 2018, Alibaba Cloud launched 316 new products and features, over 60 of which were focused on artificial intelligence, data manageme"
    },
    "18": {
      "summary": "24/7, with high reliability and powered by a high-speed infrastructure, meaning your web-based products and services will be constantly available to customers and not subject to detrimental lag times or suffering security attacks.\n\nSOLUTIONS\n\nDATA MIGRATION\n\nData migration is a critical challenge for businesses, whether migrating data from a physical service to the cloud or switching to a new cloud provider or deployment region. Alibaba Cloud’s Data Migration service offers comprehensive services and resources that will ensure a smooth migration. Users can either follow our self-guided tutorials, or outsource the migration through Alibaba Cloud’s Migration Service, or to one of our partners.\n\nWe can help you to consider all the benefits and possible risks, devise a solution that will not only suit your current needs, but forecast your future resource usage through Capacity Evaluation Planning, and establish a distributed cloud architecture design that will ensure high service availability.\n\nWEB HOSTING\n\nAlibaba Cloud offers flexible, low cost web hosting, that is perfect for SMEs, and supports a range of popular content management systems such as WordPress and Joomla!"
    },
    "19": {
      "summary": "16\n\nAlibaba Cloud will support you at each stage of building and maintaining your website, from finding a domain name, selecting a configuration that will suit the required amount of web space, number of concurrent connections and monthly data transfer for your site. Then use our visual control panel to add domains, manage files and analyze traffic. Our web hosting is fast and secure, based on container technology that benefits from our Elastic Compute Service and protected by Alibaba Cloud’s Web Application Firewall with 99.999% data reliability.\n\nINTERNET OF THINGS\n\nThe power of the Internet of Things (IoT) is set to have a huge impact on how we live in the future, as more and more of the devices we use become connected. Ensure that your smart technology platforms are stable and cost efficient with the Internet of Things. This technology allows you to build automated solutions that will gather, process, analyze and act on data generated by connected devices, with no need to maintain a separate infrastructure.\n\nAlibaba Cloud’s IoT suite has high traffic endurance, handling access requests smoothly, its equipment certification means that each connected device is certified, plus it incorporates secured transmission, device rights management and a reliable message service.\n\nYou can learn more about Alibaba Clouds solutions across different industries and by different applications at www.alibabacloud.com/solutions"
    },
    "20": {
      "summary": "99.999999999% data reliability, and the latest Intel CPUs.\n\nFunction Compute is Alibaba Cloud's most popular serverless product, offering a fully hosted environment that eliminates the need to manage infrastructure such as servers, so developers can focus on writing and uploading code. It handles the resource management, auto scaling, and load balancing. Event sources from other Alibaba services can also be set up to automatically trigger your code to run. Users only pay for the resources that your code consumes, to the nearest 100 milliseconds."
    },
    "21": {
      "summary": "18\n\nSimple Application Server is a server-based service that allows you to build, monitor and maintain your website with just a few clicks. It makes private service building much easier, if all you need is a private virtual machine, and is the best way for beginners to get started with cloud computing.\n\nServer Load Balancer allows users to manage sudden spikes in traffic, minimize response times and – vitally – maintain 99.9% availability of web applications. The Server Load Balancer monitors the health of servers and automatically distributes application requests to servers with optimal performance in different zones, ensuring high availability.\n\nEvery year, Alibaba Cloud’s Server Load Balancer maximum performance capacity is put to the test by extremely high volumes of traffic during 11-11, Alibaba’s annual Global Shopping Festival, discussed earlier. Similarly, our clients, such as Tianhong, use the Server Load Balancer to ensure their system’s stability, reliability and user availability."
    },
    "22": {
      "summary": "19\n\n**STORAGE**\n\nAlibaba Cloud Object Storage Service (OSS) is an easy-to-use service that enables you to store, backup and archive large amounts of data in the cloud. OSS acts as an encrypted central repository, where files can be securely accessed from around the globe. OSS guarantees up to 99.9% availability and is a perfect fit for global teams and international project management.\n\nOSS is available at no upfront cost or long-term commitment. Users only pay for the actual storage space, network traffic and number of requests processed. OSS also comes with no limits to data storage.\n\nUsers, such as Worktitle, say, “Alibaba Cloud reduces investment costs in IT and simplifies maintenance allowing us more time to focus on the development of our application.”\n\n**NETWORKING**\n\nExpress Connect offers convenient and efficient network services that allow different network environments to communicate directly. This means that even when the connected sites are far away from each other, users benefit from low network latency and high bandwidth communication. This works particularly well for multimedia environments, where low latency is vital, as well as hybrid environments that require private connectivity across on-premise infrastructure, cloud technology and third-party cloud services providers.\n\nOur client, DeepICR, says, “Express Connect not only offered us a commendable solution to fix some of our existing networking problems but also helped us remove the jump server-ECS HPC Support to access public networks directly.”"
    },
    "23": {
      "summary": "20\n\n**Alibaba Cloud reduces investment costs in IT and simplifies maintenance allowing us more time to focus on the development of our application.**\n\n– Worktile\n\n**SECURITY**\n\nAlibaba Cloud is committed to the highest levels of compliance, including Germany’s C5 standard, PCI DSS for payments, HIPAA for healthcare, and the EU GDPR for data protection and privacy.\n\nTrustworthiness is a key asset for business – PWC’s Global Consumer Insights Survey found that trust plays an important role in how consumers evaluate online security risks, with more than one in three people surveyed stating that ‘trust in a brand’ was in the top three reasons that influence their decision to shop at a particularly retailer. This means that choosing a secure and reliable cloud provider, to enable transactions and reassure customers, is vital for businesses of all sizes.\n\nAlibaba Cloud’s cloud-based security service, Anti-DDoS Basic, integrates with ECS to safeguard your data and applications from DDoS attacks and is available to all Alibaba Cloud users free of charge.\n\nAlibaba Cloud also integrates Web Application Firewall (WAF), a cloud firewall service that protects against web-based attacks, including SQL injections, XSS, Malicious BOT, command execution vulnerabilities and other common web attacks, protecting users’ core website data and safeguarding the security and availability of your site.\n\n**ALIBABA CLOUD WAF PROTECTS SERVERS AND WEBSITES AGAINST DOZENS OF COMMON ATTACK TYPES**\n\n\n\n\nf\n\nin\n\ng\n\nG"
    },
    "24": {
      "summary": "21\n\nAlibaba Cloud's Elastic\nCompute Service (ECS)\nis an online computing\nservice that offers\nelastic and secure\nvirtual cloud servers to\ncater for all your cloud\nhosting needs.\n\nf\n\nin\n\nG+"
    },
    "25": {
      "summary": "22\n\nGETTING STARTED WITH ALIBABA CLOUD\n\nAlibaba Cloud has established an infrastructure of Free Trials, Tutorials and the Alibaba Cloud Academy to help people get started with our platform, explore different products and gain qualifications.\n\nFREE TRIAL\n\nNew users of Alibaba Cloud can access a free trial worth up to $300 for individuals or $1,200 for enterprises at www.alibabacloud.com/campaign/free-trial. You can use this tutorial as a guide on how to sign up to Alibaba Cloud and start exploring our products and services.\n\nTUTORIALS AND QUICK START VIDEOS\n\nOnce you’re set up with an Alibaba Cloud account, there are a host of tutorials and quick start videos that will guide you through setting up and running quickly with various Alibaba Cloud products.\n\nSimply head to www.alibabacloud.com/getting-started and you can access 3-Minute Product Videos that give you a quick run through of a range of our products.\n\nAPIS & SDKS\n\nAlibaba Cloud provides a range of developer resources, including Software Development Kits (SDKs) and APIs, allowing developers to get access to Alibaba Cloud services and manage applications. Alibaba Cloud’s API Gateway provides developers with a complete API hosting service to release your APIs on Alibaba Cloud products."
    },
    "26": {
      "summary": "23\n\nSUMMARY\n\nThank you for reading this whitepaper. You should now have a better understanding of who Alibaba Cloud is and how our unique offering supports businesses. This whitepaper should have provided you with an insight into how Alibaba Cloud can not only answer your business’ cloud hosting, security and storage needs, but how some of our tools can help your business to innovate and grow.\n\nIf you have any questions about how you can get started with Alibaba Cloud, or specific questions on our products and services, our team will be more than happy to help. You can contact them at www.alibabacloud.com/contact-sales"
    },
    "27": {
      "summary": "24\n\n| | |\n|---|---|\n| **REFERENCES** | |\n\n1. https://www.alizila.com/jack-ma-lays-hopes-vision-alibaba-damo-academy/\n\n2. http://www.alizila.com/alibaba-cloud-launches-ai-driven-city-brain-in-malaysia/\n\n3. https://tutorials.hostucan.com/China-public-cloud-market-share-in-2017-alibaba-leads-the-market-continuously\n\n4. https://www.techrepublic.com/article/amazon-crushing-iaas-cloud-competition-oracle-gaining-ground-in-saas-and-paas/\n\n5. https://www.theregister.co.uk/2017/06/19/gartner-confirms_what_we_all_know_aws_and_microsoft_are_the_cloud_leaders_by_a_fair_way/\n\n6. https://www.alibabacloud.com/press-room/alibabacloud-included-in-gartner-magic-quadrant-for-data-management\n\n7. https://www.mckinsey.com/global-themes/asia-pacific/meet-the-chinese-consumer-of-2020\n\n8. https://www.alibabacloud.com/customers/Cainiao\n\n9. https://www.alibabagroup.com/en/news/press_pdf/p180504.pdf\n\n10. https://www.globalgap.org/ja/news/Chinese-Retail-Platform-Tmall-Fresh-Alibaba-Group-Starts-Sourcing-Products-from-GLOBALG.A.P.-Certified-Producers/\n\n11. https://www.alibabagroup.com/en/news/article?news=p171112\n\n12. https://www.bloomberg.com/news/articles/2017-11-08/alibaba-prepares-a-grand-retail-experiment-for-singles-day\n\n13. http://www.alizila.com/hema-supermarket-offers-shoppers-new-retail-experience/\n\n14. https://www.alibabacloud.com/et/industrial#f9\n\n15. https://www.alibabagroup.com/en/news/article?news=p170322\n\n16. https://www.alibabacloud.com/about\n\n17. https://www.gartner.com/newsroom/id/3871416\n\n18. https://www.alibabacloud.com/forum/read-71\n\n19. https://www.alibabacloud.com/blog/alibaba-cloud-apsara-receives-grand-prize-from-the-chinese-institute-of-electronics_590156\n\n20. https://www.businesswire.com/news/home/20150908005493/en/AliCloud-Launches-New-Energy-Efficient-Qiandao-Lake-Data\n\n21. https://www.gartner.com/doc/3875999/magic-quadrant-cloud-infrastructure-service\n\n22. https://www.technologyreview.com/lists/innovators-under-35/2017/\n\n23. https://www.pwc.com/gx/en/industries/cons"
    },
    "28": {
      "summary": "2009, Alibaba Cloud is the cloud computing arm of Alibaba Group and develops highly scalable platforms for cloud computing and data management.\n\nIt provides a comprehensive suite of cloud computing services available from www.alibabacloud.com to support participants of Alibaba Group’s online and mobile commerce ecosystem, including sellers and other third-party customers and businesses.\n\nAlibaba Cloud is a business within Alibaba Group which is listed on the New York Stock Exchange (NYSE) under the symbol BABA.\n\nwww.alibabacloud.com/contact-sales"
    }
  }
}
