{
  "doc_id": "camry_ebrochure.pdf",
  "pages": {
    "1": {
      "summary": "2024 Camry"
    },
    "2": {
      "summary": "2024 CAMRY\n\nTeach your old commute new tricks.\n\nThe 2024 Toyota Camry keeps the convenience of a midsize sedan and delivers a drive that amplifies the fun. With you in mind, Camry comes in a wide range of models, so there’s a perfect match for you. Whether giving your adventures a confidence boost with available All-Wheel Drive (AWD) capability or taking your daily commutes as far as they can with hybrid efficiency, there’s a Camry fit for your lifestyle.\n\nSE Hybrid Nightshade shown in Reservoir Blue.\n\nSE Hybrid Nightshade shown in Reservoir Blue.\n\nWorks with Apple CarPlay\n\nAndroidauto\n\nSiri with ToyotaCare"
    },
    "3": {
      "summary": "0\n\nXSE Hybrid shown in Celestial Silver Metallic with Midnight Black Metallic roof (extra-cost color).\n\nMore than capable.\n\nBy taking advantage of the light and strong Toyota New Global Architecture (TNGA) platform, Camry is engineered for optimized handling and ride quality. And with a low, wide stance, Camry delivers a crisp and responsive feel. Indulge your sporty side and take the long way home.\n\nImpressive 4-cylinder and V6 engines\n\nCamry offers a compelling choice of gasoline engines: a proficient 2.5-liter Dynamic Force 4-cylinder and a robust 3.5-liter V6, each delivering a quality blend of performance and efficiency.\n\nHybrid performance\n\nGet the best of both worlds. Camry Hybrid’s Dynamic Force 4-cylinder engine, along with a proven electric motor and smooth-shifting transmission, produces ample torque and has a manufacturer-estimated rating of 46 mpg combined. And with available 19-in. wheels, Camry Hybrid proves it doesn’t sacrifice style.\n\nAll-Wheel Drive\n\nAvailable All-Wheel Drive (AWD) performance gives you peace of mind, no matter the forecast. When sensing slippage at the front wheels, Camry AWD can send up to 50% of the torque to the rear wheels for more grip in gravel, rain or snow.\n\nXSE Hybrid shown in Wind Chill Pearl and Midnight Black Metallic roof (extra-cost color) with available Driver Assist Package.\n\nXSE Hybrid shown in Celestial Silver Metallic with Midnight Black Metallic roof (extra-cost color)."
    },
    "4": {
      "summary": "19-in. alloy wheels with red-painted calipers\n\nMatte-black alloy wheels on TRD not only look good, but also reduce weight and enhance steering responsiveness. Large 12.9-in.-diameter front rotors and red-painted dual-piston front calipers are designed to give impressive stopping power on every twist and turn.\n\nTRD shown in Wind Chill Pearl with Midnight Black Metallic roof (extra-cost color).\n\nNot your average four-door.\n\nWe’ve turned our Toyota Racing Development (TRD) engineers loose on Camry, improving handling, performance and styling. Aerodynamic elements, from the front splitter and the side aero skirts to the rear diffuser and spoiler, boost Camry TRD’s bold impression and help enhance high-speed stability.\n\nTRD purposeful stance\n\nTRD-tuned shocks help enhance body control, handling agility and steering precision. Thicker underbody braces increase torsional rigidity, and unique coil springs not only drop the vehicle .60 inches for a lower center of gravity, but also enhance the aero kit’s downforce and aggressive look.\n\nTRD cat-back dual exhaust\n\nHit the gas and enjoy the sound of TRD’s standard 301-hp 3.5L V6. The cat-back dual exhaust releases a throatier sound with every press of the pedal. Polished stainless steel TRD exhaust tips punctuate its athletic look."
    },
    "5": {
      "summary": "2023\n\n# Leave a lasting impression.\n\nCamry’s powerful stance and available black front grille with sport mesh insert announce your arrival with authority. At night, you’ll immediately notice Camry XLE and XSE’s LED headlights and fully integrated LED Daytime Running Lights (DRL) that add an illuminating touch.\n\nLeft to right: XSE Hybrid shown in Celestial Silver Metallic and Midnight Black Metallic roof (extra-cost color) with available power tilt/glide moonroof; XLE shown in Wind Chill Pearl (extra-cost color) with available Driver Assist Package and panoramic glass roof with front power tilt/slide moonroof.\n\nCamry SE Nightshade\n\nShow off Camry’s dark side with Camry SE Nightshade. Available in both gas and hybrid powertrains, this Special Edition is designed to be evocative. From unique 19-in. TRD matte bronze-finished alloy wheels to its Midnight Black Metallic, Ice Cap or Reservoir Blue exterior colors, get ready to impress.\n\nSeat details\n\nA sedan that speaks to your sense of style. Such finely crafted details, like the herringbone seat pattern featured on XLE, ensure Camry will leave a lasting impression.\n\nFloating touchscreen display\n\nWith Camry’s perfectly placed steering wheel controls, everything you want is right at your fingertips. The floating display with an available 9-in. multimedia touchscreen offers Apple CarPlay®2 and Android Auto™3 compatibility with applicable smartphone devices.\n\nSee numbered footnotes in Disclosures section."
    },
    "6": {
      "summary": "4G network dependent.\n\nWi-Fi Connect\n\nTurn your Toyota into a hotspot with 4G connectivity.¹³\n\n✓ AT&T Hotspot\n\nDynamic Navigation\n\nAvailable Dynamic Navigation¹⁴ provides you with the most up-to-date map data, routes and points of interest (POIs) on your vehicle’s factory-installed navigation system, through real-time updates downloaded from the Cloud.\n\n✓ Dynamic Map\n\n✓ Dynamic Route\n\n✓ Dynamic POI\n\nDestination Assist\n\nAvailable Destination Assist¹⁵ provides drivers 24-hour access to a live agent who can provide directions through the vehicle’s factory-installed navigation system to an address or point of interest.\n\n✓ Remote Vehicle Checkout\n\nManage your vehicle through the Toyota app.⁵,⁸\n\n✓ Remote Vehicle Start (if equipped)\n\n✓ Unlock/Lock\n\n✓ Remote Notifications\n\n✓ Guest Driver\n\n✓ Smartwatch Compatibility\n\n*To view included trial details, please visit toyota.com/connected-services.\n\nServices and/or their feature availability may vary by model grade. See toyota.com/connected-services. See numbered footnotes in Disclosures section.\n\n---\n\n**Technology that keeps up with you.**\n\nTake advantage of smart and convenient technologies designed to simplify your everyday life. Trial periods are available on select models for the listed Connected Services.⁶,⁷ 4G network dependent.\n\nToyota app\n\nWith active applicable Connected Services¹ subscribers, the Toyota app² allows you to stay connected to your Camry wherever you go. Available for Apple®⁵ and Android™⁷ devices.\n\n✓ Remote Vehicle Start³ (if equipped) and Lock/Unlock Doors\n\n✓ Check Up on Your Toyota’s Health\n\n✓ Schedule a Service Appointment\n\n✓ Shop for Genuine Toyota Parts and Accessories\n\n✓ Make a Payment With Your TFS Account\n\nSafety Connect®\n\nRound-the-clock help when the unexpected happens.⁹\n\n✓ Emergency Assistance Button (SOS)\n\n✓ Enhanced Roadside Assistance¹⁰\n\n✓ Automatic Collision Notification\n\n✓ Stolen Vehicle Locator¹¹\n\nService Connect\n\nBeing proactive to help keep your vehicle in peak condition.¹²\n\n✓ Vehicle He"
    },
    "7": {
      "summary": "0\n\nApple CarPlay® Bring along a familiar face. With Camry’s Apple CarPlay® compatibility, you can use your compatible iPhone® with the multimedia system to get directions, make calls, send and receive messages and listen to music, all while staying focused behind the wheel.\n\nAndroid Auto™ Stay connected on the road. By connecting your compatible Android™ phone with the audio multimedia system, Android Auto™ lets you access your Google Assistant, get real-time traffic alerts, make and receive phone calls, listen to your favorite soundtrack and more.\n\n**(SiriuxXM®)** SiriusXM® Platinum Plan 3-month trial SiriusXM® has premium entertainment that you won’t hear anyplace else. With the SiriusXM® Platinum Plan 3-month trial, you get 425+ channels, including 165+ channels in your vehicle, to enjoy ad-free music, plus sports, news, talk, comedy and more. Experience even more on the SXM® App, featuring expertly curated podcasts, Xtra channels of music, personalized Pandora® stations, SiriusXM® video and more.\n\n**JBL® Premium Audio System** Immerse yourself in quality sound with Camry’s available JBL® Premium Audio system. A 9-speaker, 800-watt audio system, equipped with a subwoofer and amplifier, it provides phenomenal sound that amplifies every drive.\n\nFeature availability may vary by model grade. See numbered footnotes in Disclosures section."
    },
    "8": {
      "summary": "2.5+ (TSS 2.5+) Peace of mind comes standard.\n\nToyota Safety Sense™ 2.5+ (TSS 2.5+) is an advanced bundle of active safety features included on many new Toyota vehicles at no additional cost. These innovative features were designed to help protect you and your passengers from harm.\n\nPre-Collision System with Pedestrian Detection²³\n\nDynamic Radar Cruise Control²⁴\n\nLane Departure Alert with Steering Assist²⁵\n\nAutomatic High Beams²⁶\n\nLane Tracing Assist²⁷\n\nRoad Sign Assist²⁸"
    },
    "9": {
      "summary": "2.5L 4-Cylinder with 203 hp\n\n✓ 8-speed Electronically Controlled automatic Transmission with intelligence (ECT-i) with sequential shift mode\n\n✓ Normal, Eco and Sport drive modes\n\n✓ Available All-Wheel Drive (AWD)\n\n✓ 28 city/39 highway/32 combined est. mpg\n\n**Exterior Features**\n\n✓ Bi-LED combination headlights with auto on/off feature\n\n✓ LED combination taillights with black trim\n\n✓ Dark gray front grille\n\n✓ 17-in. alloy wheels\n\n✓ Roof-mounted shark-fin antenna\n\n✓ Single exhaust\n\n**Interior Features**\n\n✓ Seating for five\n\n✓ Dual zone automatic climate control\n\n✓ Fabric-trimmed seats\n\n- 8-way power-adjustable driver's seat\n\n- 60/40 split fold-down rear seat\n\n✓ 4.2-in. Multi-Information Display (MID)\n\n✓ Remote keyless entry system\n\n✓ Linear dark interior trim\n\n✓ Three USB ports\n\n✓ Tire Pressure Monitor System (TPMS)31\n\n**Audio Multimedia**\n\n✓ Audio includes:\n\n- 7-in. touchscreen and six speakers\n\n- Android AutoTM & Apple CarPlay® compatible\n\n- SiriusXM® with 3-month Platinum Plan trial subscription20\n\n✓ Connected Services® trials, including Safety Connect®\n\n1-year trial, Wi-Fi Connect up to 2GB within 3-month trial.14 G network dependent.\n\n**Safety Features**\n\n✓ Toyota Safety Sense™ 2.5+ (TSS 2.5+)\n\n✓ Dynamic Radar Cruise Control (DRCC)24\n\n✓ Star Safety System™\n\n✓ Ten airbags30\n\n**Packages/Options**\n\n✓ Convenience Package includes:\n\n- Smart Key System\n\n- HomeLink® universal transceiver\n\n- Auto-dimming rearview mirror\n\n✓ Audio Upgrade Package includes:\n\n- Audio Plus with 9-in. touchscreen\n\n- Service Connect up to 10-year trial12\n\nand Remote Connect 1-year trial\n\n- Qi-compatible wireless charging23\n\n- Rear-seat vents\n\n✓ Cold Weather Package includes:\n\n- Heated front seats\n\n- Heated power outside mirrors\n\n- Heated steering wheel\n\n✓ Blind Spot Monitor (BSM)34 with Rear Cross-Traffic Alert (RCTA)35\n\n✓ Power tilt/slide moonroof and dual sun visors with sliding extensions and illuminated vanity mirrors\n\n**LE**\n\nIncludes these key features\n\n**Mechanical/Performance**\n\n✓ 2.5L "
    },
    "10": {
      "summary": "2.5L-4-Cylinder with 206 hp\n\n✓ Available All-Wheel Drive (AWD)\n\n✓ Available All-Wheel Drive (AWD)\n\n✓ 28 city/39 highway/32 combined est. mpg\n\n✓ 27 city/38 highway/31 combined est. mpg\n\n✓ 28 city/39 highway/32 combined est. mpg\n\n✓ 27 city/38 highway/31 combined est. mpg\n\n✓ 28 city/39 highway/32 combined est. mpg\n\n✓ 27 city/38 highway/31 combined est. mpg\n\n✓ 28 city/39 highway/32 combined est. mpg\n\n✓ 27 city/38 highway/31 combined est. mpg\n\n✓ 28 city/39 highway/32 combined est. mpg\n\n✓ 27 city/38 highway/31 combined est. mpg\n\n✓ 28 city/39 highway/32 combined est. mpg\n\n✓ 27 city/38 highway/31 combined est. mpg\n\n✓ 28 city/39 highway/32 combined est. mpg\n\n✓ 27 city/38 highway/31 combined est. mpg\n\n✓ 28 city/39 highway/32 combined est. mpg\n\n✓ 27 city/38 highway/31 combined est. mpg\n\n✓ 28 city/39 highway/32 combined est. mpg\n\n✓ 27 city/38 highway/31 combined est. mpg\n\n✓ 28 city/39 highway/32 combined est. mpg\n\n✓ 27 city/38 highway/31 combined est. mpg\n\n✓ 28 city/39 highway/32 combined est. mpg\n\n✓ 27 city/38 highway/31 combined est. mpg\n\n✓ 28 city/39 highway/32 combined est. mpg\n\n✓ 27 city/38 highway/31 combined est. mpg\n\n✓ 28 city/39 highway/32 combined est. mpg\n\n✓ 27 city/38 highway/31 combined est. mpg\n\n✓ 28 city/39 highway/32 combined est. mpg\n\n✓ 27 city/38 highway/31 combined est. mpg\n\n✓ 28 city/39 highway/32 combined est. mpg\n\n✓ 27 city/38 highway/31 combined est. mpg\n\n✓ 28 city/39 highway/32 combined est. mpg\n\n✓ 27 city/38 highway/31 combined est. mpg\n\n✓ 28 city/39 highway/32 combined est. mpg\n\n✓ 27 city/38 highway/31 combined est. mpg\n\n✓ 28 city/39 highway/32 combined est. mpg\n\n✓ 27 city/38 highway/31 combined est. mpg\n\n✓ 28 city/39 highway/32 combined est. mpg\n\n✓ 27 city/38 highway/31 combined est. mpg\n\n✓ 28 city/39 highway/32 combined est. mpg\n\n✓ 27 city/38 highway/31 combined est. mpg\n\n✓ 28 city/39 highway/32 combined est. mpg\n\n✓ 27 city/38 highway/31 combined est. mpg\n\n✓ 28 city/39 highway/32 combined est. mpg\n\n✓ 27 city/38 highway/31 combined est. mpg\n\n✓ 28 city"
    },
    "11": {
      "summary": "3.5L V6 with 301 hp\n\n✓ 22 city/32 highway/26 combined est. mpg\n\nExterior Features\n\n✓ Panoramic glass roof with front power tilt/slide moonroof\n\nInterior Features\n\n✓ 10-in. color Head-Up Display (HUD)\n\n✓ Tire Pressure Monitor System (TPMS) with direct pressure readout\n\nAudio Multimedia\n\n✓ Audio Plus with JBL®21 includes:\n\n- 9-in touchscreen and nine JBL®21 speakers including subwoofer and amplifier\n\n- Android Auto™ & Apple CarPlay® compatible\n\n- SiriusXM® with 3-month Platinum Plan trial subscription\n\n✓ Connected Services’ trials, including Safety Connect® 1-year trial, Service Connect up to 10-year trial, Remote Connect 1-year trial, available Destination Assist 1-year trial, available Dynamic Navigation 3-year trial, Wi-Fi Connect up to 2GB within 3-month trial, 4G network dependent.\n\nSafety Features\n\n✓ Toyota Safety Sense™ 2.5+ (TSS 2.5+) ✓ Full-Speed Range Dynamic Radar Cruise Control (DRCC) ✓ Star Safety System™ ✓ Cold Weather Package includes:\n\n- Heated steering wheel\n\n✓ Two-tone exterior color (color-keyed body with black roof)\n\nTRD\n\nAdds to or replaces features offered on SE\n\nMechanical/Performance\n\n✓ 3.5L V6 with 301 hp\n\n✓ TRD track-tuned suspension\n\n✓ 12.9-in. front disc brakes with red-painted calipers\n\n✓ 22 city/31 highway/25 combined est. mpg\n\nExterior Features\n\n✓ Glass-black front grille with sport mesh insert\n\n✓ Black heated power outside mirrors with turn-signal indicators\n\n✓ Black window trim\n\n✓ 19-in. x 8.5-in. TRD matte-black alloy wheels\n\n✓ TRD gloss-black pedestal rear spoiler\n\n✓ TRD gloss-black front splitter, side aero skirts and rear diffuser\n\n✓ TRD cat-back dual exhaust with polished stainless steel tips\n\n✓ Red TRD badge\n\nInterior Features\n\n✓ TRD instrumentation with red-illuminated accents\n\n✓ Sport SoFlex™-trimmed air vents\n\n- Red seatbelts\n\n- TRD headrest logo\n\n- Fixed rear seat\n\n✓ Leather-trimmed steering wheel with red stitching and paddle shifters\n\n✓ Patterned metal interior trim\n\n✓ Smart Key System with Push Button Start\n\n✓ Aluminum spo"
    },
    "12": {
      "summary": "2.5 L-4-Cylinder with 208 net hp\n\n✓ Sport-tuned suspension\n\n✓ 44 city/47 highway/46 combined est. mpg\n\n**Exterior Features**\n\n✓ Bi-LED combination headlights with black trim and auto on/off feature\n\n✓ Black front grille with sport mesh lower insert\n\n✓ Color-keyed sport side rocker panels\n\n✓ 18-in. black machined-finish alloy wheels\n\n✓ Color-keyed rear spoiler\n\n✓ Color-keyed heated power outside mirrors with turn signal indicators\n\n✓ Single exhaust with dual chrome tips\n\n**Interior Features**\n\n✓ Dual zone automatic climate control\n\n✓ Sport SofTex®-trimmed® front seats\n\n✓ Leather-trimmed tilt/telescopic steering wheel with paddle shifters\n\n✓ Tire Pressure Monitor System (TPMS)™ with direct pressure readout\n\n**Audio Multimedia**\n\n✓ Audio includes:\n\n- 7-in. touchscreen and six speakers\n\n- Android Auto™3 & Apple CarPlay® compatible\n\n- SiriusXM®™ with 3-month Platinum Plan trial subscription™\n\n✓ Connected Services® trials, including Safety Connect®\n\n1-year trial,™ Wi-Fi Connect up to 2GB within 3-month trial.™ 4G network dependent.\n\n**Safety Features**\n\n✓ Toyota Safety Sense™ 2.5+ (TSS 2.5+)\n\n✓ Full-Speed Range Dynamic Radar Cruise Control (DRCC)™\n\n✓ Star Safety System™\n\n✓ Ten airbags™\n\n**Packages/Options**\n\n✓ Convenience Package includes:\n\n- HomeLink®32 universal transceiver\n\n- Auto-dimming rearview mirror\n\n✓ Audio Upgrade Package includes:\n\n- Audio Plus with 9-in. touchscreen\n\n- Service Connect up to 10-year trial\n\nand Remote Connect 1-year trial\n\n- Qi-compatible wireless charging™\n\n✓ Cold Weather Package includes:\n\n- Heated front seats\n\n- Heated power outside mirrors\n\n- Heated steering wheel\n\n✓ Blind Spot Monitor (BSM)™ with Rear Cross-Traffic Alert (RCTA)™\n\n✓ Power tilt/slide moonroof and dual sun visors with sliding extensions and illuminated vanity mirrors\n\n**XLE Hybrid**\n\nAdds to or replaces features offered on LE Hybrid\n\n**Mechanical/Performance**\n\n✓ Hybrid engine: 2.5L 4-Cylinder with 208 net hp\n\n✓ 44 city/47 highway/46 combined est. mpg\n\n**Exterior Features**\n\n✓"
    },
    "13": {
      "summary": "0\n\n: 0\n\n: 0\n\n: 0\n\n: 0\n\n: 0\n\n: 0\n\n: 0\n\n: 0\n\n: 0\n\n: 0\n\n: 0\n\n: 0\n\n: 0\n\n: 0\n\n: 0\n\n: 0\n\n: 0\n\n: 0\n\n: 0\n\n: 0\n\n: 0\n\n: 0\n\n: 0\n\n: 0\n\n: 0\n\n: 0\n\n: 0\n\n: 0\n\n: 0\n\n: 0\n\n: 0\n\n: 0\n\n: 0\n\n: 0\n\n: 0\n\n: 0\n\n: 0\n\n: 0\n\n: 0\n\n: 0\n\n: 0\n\n: 0\n\n: 0\n\n: 0\n\n: 0\n\n: 0\n\n: 0\n\n: 0\n\n: 0\n\n: 0\n\n: 0\n\n: 0\n\n: 0\n\n: 0\n\n: 0\n\n: 0\n\n: 0\n\n: 0\n\n: 0\n\n: 0\n\n: 0\n\n: 0\n\n: 0\n\n: 0\n\n: 0\n\n: 0\n\n: 0\n\n: 0\n\n: 0\n\n: 0\n\n: 0\n\n: 0\n\n: 0\n\n: 0\n\n: 0\n\n: 0\n\n: 0\n\n: 0\n\n: 0\n\n: 0\n\n: 0\n\n: 0\n\n: 0\n\n: 0\n\n: 0\n\n: 0\n\n: 0\n\n: 0\n\n: 0\n\n: 0\n\n: 0\n\n: 0\n\n: 0\n\n: 0\n\n: 0\n\n: 0\n\n: 0\n\n: 0\n\n: 0\n\n: 0\n\n: 0\n\n: 0\n\n: 0\n\n: 0\n\n: 0\n\n: 0\n\n: 0\n\n: 0\n\n: 0\n\n: 0\n\n: 0\n\n: 0\n\n: 0\n\n: 0\n\n: 0\n\n: 0\n\n: 0\n\n: 0\n\n: 0\n\n: 0\n\n: 0\n\n: 0\n\n: 0\n\n: 0\n\n: 0\n\n: 0\n\n: 0\n\n: 0\n\n: 0\n\n: 0\n\n: 0\n\n: 0\n\n: 0\n\n: 0\n\n: 0\n\n: 0\n\n: 0\n\n: 0\n\n: 0\n\n: 0\n\n: 0\n\n: 0\n\n: 0\n\n: 0\n\n: 0\n\n: 0\n\n: 0\n\n: 0\n\n: 0\n\n: 0\n\n: 0\n\n: 0\n\n: 0\n\n: 0\n\n: 0\n\n: 0\n\n: 0\n\n: 0\n\n: 0\n\n: 0\n\n: 0\n\n: 0\n\n: 0\n\n: 0\n\n: 0\n\n: 0\n\n: 0\n\n: 0\n\n: 0\n\n: 0\n\n: 0\n\n: 0\n\n: 0\n\n: 0\n\n: 0\n\n: 0\n\n: 0\n\n: 0\n\n: 0\n\n: 0\n\n: 0\n\n: 0\n\n: 0\n\n: 0\n\n: 0\n\n: 0\n\n: 0\n\n: 0\n\n: 0\n\n: 0\n\n: 0\n\n: 0\n\n: 0\n\n: 0\n\n: 0\n\n: 0\n\n: 0\n\n: 0\n\n: 0\n\n: 0\n\n: 0\n\n: 0\n\n: 0\n\n: 0\n\n: 0\n\n: 0\n\n: 0\n\n: 0\n\n: 0\n\n: 0\n\n: 0\n\n: 0\n\n: 0\n\n: 0\n\n: 0\n\n: 0\n\n: 0\n\n: 0\n\n: 0\n\n: 0\n\n: 0\n\n: 0\n\n: 0\n\n: 0\n\n: 0\n\n: 0\n\n: 0\n\n: 0\n\n: 0\n\n: 0\n\n: 0\n\n: 0\n\n: 0\n\n: 0\n\n: 0\n\n: 0\n\n: 0\n\n: 0\n\n: 0\n\n: 0\n\n: 0\n\n: 0\n\n: 0\n\n: 0\n\n: 0\n\n: 0\n\n: 0\n\n: 0\n\n: 0\n\n: 0\n\n: 0\n\n: 0\n\n: 0\n\n: 0\n\n: 0\n\n: 0\n\n: 0\n\n: 0\n\n: 0\n\n: 0\n\n: 0\n\n: 0\n\n: 0\n\n: 0\n\n: 0\n\n: 0\n\n: 0\n\n: 0\n\n: 0\n\n: 0\n\n: 0\n\n: 0\n\n: 0\n\n: 0\n\n: 0\n\n: 0\n\n: 0\n\n: 0\n\n: 0\n\n: 0\n\n: 0\n\n: 0\n\n: 0\n\n: 0\n\n: 0\n\n: 0\n\n: 0\n\n: 0\n\n: 0\n\n: 0\n\n: 0\n\n: 0\n\n: 0\n\n: 0\n\n: 0\n\n: 0\n\n: 0\n\n: 0\n\n: 0\n\n: 0\n\n: 0\n\n: 0\n\n: 0\n\n: 0\n\n: 0\n\n: 0\n\n: 0\n\n: 0\n\n: 0\n\n: 0\n\n: 0\n\n: 0\n\n: 0\n\n: 0\n\n: 0\n\n: 0\n\n: 0\n\n: 0\n\n: 0\n\n: 0\n\n: 0\n\n: 0\n\n: 0\n\n: 0\n\n: 0\n\n: 0\n\n: 0\n\n: 0\n\n: 0\n\n: 0\n\n: 0\n\n: 0\n\n: 0\n\n: 0\n\n: 0\n\n: 0\n\n: 0\n\n: 0\n\n: 0\n\n: 0\n\n: 0\n\n: 0\n\n: 0\n\n: 0\n\n: 0\n\n: 0\n\n: 0\n\n: 0\n\n: 0\n\n: 0\n\n: 0\n\n: 0\n\n: 0\n\n: 0\n\n: 0\n\n: 0\n\n: 0\n\n: 0\n\n: 0\n\n: 0\n\n: 0\n\n: 0\n\n: 0\n\n: 0\n\n: 0\n\n: 0\n\n: 0\n\n: 0\n\n: 0\n\n: 0\n\n: 0\n\n: 0\n\n: 0\n\n: 0\n\n: 0\n\n: 0\n\n: 0\n\n: 0\n\n: 0\n\n: 0\n\n: 0\n\n: 0\n\n: 0\n\n: 0\n\n: 0\n\n: 0\n\n: 0\n\n: 0\n\n: 0\n\n: 0\n\n: 0\n\n: 0\n\n: 0\n\n: 0\n\n: 0\n\n: 0\n\n: 0\n\n: 0\n\n: 0\n\n: "
    },
    "14": {
      "summary": "19-in. TRD matte-black alloy wheel\n\n: 19-in. TRD matte-black alloy wheel\n\n: 19-in. TRD matte-black alloy wheel\n\n: 19-in. TRD matte-black alloy wheel\n\n: 19-in. TRD matte-black alloy wheel\n\n: 19-in. TRD matte-black alloy wheel\n\n: 19-in. TRD matte-black alloy wheel\n\n: 19-in. TRD matte-black alloy wheel\n\n: 19-in. TRD matte-black alloy wheel\n\n: 19-in. TRD matte-black alloy wheel\n\n: 19-in. TRD matte-black alloy wheel\n\n: 19-in. TRD matte-black alloy wheel\n\n: 19-in. TRD matte-black alloy wheel\n\n: 19-in. TRD matte-black alloy wheel\n\n: 19-in. TRD matte-black alloy wheel\n\n: 19-in. TRD matte-black alloy wheel\n\n: 19-in. TRD matte-black alloy wheel\n\n: 19-in. TRD matte-black alloy wheel\n\n: 19-in. TRD matte-black alloy wheel\n\n: 19-in. TRD matte-black alloy wheel\n\n: 19-in. TRD matte-black alloy wheel\n\n: 19-in. TRD matte-black alloy wheel\n\n: 19-in. TRD matte-black alloy wheel\n\n: 19-in. TRD matte-black alloy wheel\n\n: 19-in. TRD matte-black alloy wheel\n\n: 19-in. TRD matte-black alloy wheel\n\n: 19-in. TRD matte-black alloy wheel\n\n: 19-in. TRD matte-black alloy wheel\n\n: 19-in. TRD matte-black alloy wheel\n\n: 19-in. TRD matte-black alloy wheel\n\n: 19-in. TRD matte-black alloy wheel\n\n: 19-in. TRD matte-black alloy wheel\n\n: 19-in. TRD matte-black alloy wheel\n\n: 19-in. TRD matte-black alloy wheel\n\n: 19-in. TRD matte-black alloy wheel\n\n: 19-in. TRD matte-black alloy wheel\n\n: 19-in. TRD matte-black alloy wheel\n\n: 19-in. TRD matte-black alloy wheel\n\n: 19-in. TRD matte-black alloy wheel\n\n: 19-in. TRD matte-black alloy wheel\n\n: 19-in. TRD matte-black alloy wheel\n\n: 19-in. TRD matte-black alloy wheel\n\n: 19-in. TRD matte-black alloy wheel\n\n: 19-in. TRD matte-black alloy wheel\n\n: 19-in. TRD matte-black alloy wheel\n\n: 19-in. TRD matte-black alloy wheel\n\n: 19-in. TRD matte-black alloy wheel\n\n: 19-in. TRD matte-black alloy wheel\n\n: 19-in. TRD matte-black alloy wheel\n\n: 19-in. TRD matte-black alloy wheel\n\n: 19-in. TRD matte-black alloy wheel\n\n: 19-in. TRD matte-black alloy wheel\n\n: 19-in. TRD matte-black a"
    },
    "15": {
      "summary": "0\n\nThis is a great way to add extra personality to your Camry. Not every accessory is available in your area, so for a complete list of accessories, go to toyota.com/camry/accessories.\n\nAll-weather floor liners41\n\nBlackout emblem overlays\n\nCargo tray42\n\nIlluminated doorsills\n\nRear bumper appliqué\n\n19-in. TRD matte-black alloy wheels\n\nTRD carpet floor mats41\n\nTRD carpet trunk mat\n\nTRD shift knob\n\nWARRANTIES\n\nEvery Toyota Car, Truck and SUV is built to exceptional standards. And that's not idle boasting. We back it up with these Limited Warranty Coverages:\n\nBasic: 36 months/36,000 miles (all components other than normal wear and maintenance items).\n\nHybrid-Related Component Coverage: Hybrid-related components, including the battery control module, hybrid control module and inverter with converter, are covered for 8 years/100,000 miles. Refer to applicable Warranty and Maintenance Guide for details.\n\nHybrid Battery: HV battery is covered for 10 years or 150,000 miles, whichever comes first. Warranty coverage is subject to terms and conditions. Refer to applicable Warranty and Maintenance Guide for details.\n\nPowertrain: 60 months/60,000 miles (engine, transmission/transaxle, drive system, seatbelts and airbags).\n\nRust-Through: 60 months/unlimited miles (corrosion perforation of sheet metal).\n\nEmissions: Coverages vary under Federal and California regulations. Refer to applicable Warranty and Maintenance Guide for details.\n\nAccessories: For Genuine Toyota Accessories purchased at the time of the new vehicle purchase, the Toyota Accessory Warranty coverage is in effect for 36 months/36,000 miles from the vehicle's in-service date, which is the same coverage as the Toyota New Vehicle Limited Warranty.\n\nFor Genuine Toyota Accessories purchased after the new vehicle purchase the coverage is 12 months, regardless of mileage, from the date the accessory was installed on the vehicle, or the remainder of any applicable new vehicle warranty, whichever provides greater coverage.\n\n"
    },
    "16": {
      "summary": "43\n\nExterior\n\nLE XLE XLE V6 SE Nightshade XSE XSE V6 TRD LE SE Hybrid XLE XSE Hybrid XSE Hybrid\n\nLED headlights with LED accent lights and auto on/off feature S S S S\n\nLED headlights with LED accents lights, black trim and\nauto on/off feature S S S S\n\nBi-LED combination headlights with auto on/off feature S S S S\n\nBi-LED combination headlights with black trim and\nauto on/off feature S S S S S S S S\n\nLED Daytime Running Lights (DRL) with on/off feature S S S S S S S S S\n\nLED combination taillights with black trim S S S S S S S S S\n\nLED taillights with black trim S S S S S S S S S\n\nLED headlights with LED accent lights, auto level control\nand auto on/off feature O O O\n\nDark gray front grille S S S S S S S\n\nBlack front grille with sport mesh lower insert S S S S S S S\n\nDark gray front grille with chrome accents S S S S S S S\n\nGloss-black front grille with sport mesh lower insert S S S S S S S\n\nColor-keyed sport side rocker panels S S S S S S S S\n\nTwo-tone exterior color (color-keyed body with black roof) O O O O O\n\nColor-keyed power outside mirrors S S S\n\nColor-keyed heated power outside mirrors with turn\nsignal indicators S S S\n\nBlack heated power outside mirrors with turn signal indicators S S S\n\nColor-keyed heated power outside mirrors with turn\nsignal and blind spot warning indicators34 P S S P S S P P P S S\n\nBlack heated power outside mirrors with turn signal\nand blind spot warning indicators34 P P P S P P P P\n\nBlack window trim S P P S P P\n\nColor-keyed outside door handles S S S\n\nColor-keyed outside door handles with touch-sensor\nlock/unlock feature P S S P P S S S S S S S S\n\nPower tilt/slide moonroof O O O O O O O O\n\nPanoramic glass roof with front power tilt/slide moonroof O S O S\n\n19-in. x 8.5-in. TRD matte-black alloy wheels S S S\n\n19-in. gloss-black alloy wheels S S S S\n\n19-in. TRD matte bronze-finished alloy wheels S S S S\n\n18-in. dark gray machined-finish alloy wheels S S S S\n\n18-in. black machined-finish alloy wheels S S S S\n\n17-in. alloy wheels S S\n\n16-i"
    },
    "17": {
      "summary": "43\n\n<table>LEXLEXLE V6SENightsheadXSEXSE V6TRDLE HybridSE HybridXSEXSE HybridHybridInteriorSingle-zone automatic climate control with air filterSDual zone automatic climate control with air filter and rear-seat ventsPSSPSSDual zone automatic climate control with air filter, electric compressor and humidity sensorDual zone automatic climate control with air filter, electric compressor, humidity sensor and rear-seat ventsQi-compatible wireless smartphone charging<sup>33</sup> with charge indicator lightPSSPSS4.2-in. TFT Multi-Information Display (MID) with odometer, outside temperature, fuel economy and trip information, current/average fuel economy, distance to empty, average speed, trip distance with timer and warning messagesS4.2-in. TFT Multi-Information Display (MID) with odometer, outside temperature, fuel economy and trip information, current/average fuel economy, distance to empty, average speed, trip distance with timer, TPMS<sup>31</sup> and warning messagesTRD instrumentation with red-illuminated accents4.2-in. TFT Multi-Information Display (MID) with odometer, outside temperature, fuel economy and trip information, current/average fuel economy, distance to empty, average speed, trip distance with timer, hybrid system information, energy monitor and warning messages4.2-in. TFT Multi-Information Display (MID) with odometer, outside temperature, fuel economy and trip information, current/average fuel economy, distance to empty, average speed, trip distance with timer, hybrid system information, energy monitor, TPMS<sup>31</sup> and warning messages7-in. TFT Multi-Information Display (MID) with customizable settings, odometer, outside temperature, fuel economy and trip information, current/average fuel economy, distance to empty, average speed, trip distance with timer, TPMS<sup>31</sup> scheduled maintenance and warning messagesOSSOOSS7-in. TFT Multi-Information Display (MID) with customizable settings, odometer, outside temperature, fuel economy and trip inf"
    },
    "18": {
      "summary": "0 = Optional  P = Available as part of a package\n\n| Interior (continued) | LE | XLE | XLE V6 | SE | Nightshade | XSE | XSE V6 | TRD | LE | SE Hybrid | SE Hybrid | XLE Hybrid | XSE Hybrid |\n|---------------------|----|-----|--------|----|-----------|-----|---------|----|-------|------------|------------|-------------|--------------|\n| 60/40 split fold-down rear seat with center armrest with cup holders | S | S | S | S | S | S | S | S | S | S | S | S | S |\n| Full-Speed Range Dynamic Radar Cruise Control (DRCC)24 | S | S | S | S | S | S | S | S | S | S | S | S | S |\n| Dynamic Radar Cruise Control (DRCC)24 | S | S | S | S | S | S | S | S | S | S | S | S | S |\n| Tilt/telescopic 3-spoke steering wheel with audio, Multi-Information Display (MID) and Bluetooth®44 hands-free phone, voice-command, Dynamic Radar Cruise Control (DRCC)24 conventional cruise control and Lane Departure Alert (LDA)25 controls | S | S | S | S | S | S | S | S | S | S | S | S | S |\n| Leather-trimmed tilt/telescopic 3-spoke steering wheel with audio, Multi-Information Display (MID), Bluetooth®44 hands-free phone, voice-command, Dynamic Radar Cruise Control (DRCC)24 and Lane Departure Alert (LDA)25 controls | S | S | S | S | S | S | S | S | S | S | S | S | S |\n| Leather-trimmed tilt/telescopic 3-spoke steering wheel with padddle shifters, audio, Multi-Information Display (MID), Bluetooth®44 hands-free phone, voice-command, Dynamic Radar Cruise Control (DRCC)24 and Lane Departure Alert (LDA)25 controls | S | S | S | S | S | S | S | S | S | S | S | S | S |\n| Leather-trimmed tilt/telescopic 3-spoke steering wheel with red stitching, paddle shifters, audio, Multi-Information Display (MID), Bluetooth®44 hands-free phone, voice-command, Dynamic Radar Cruise Control (DRCC)24 and Lane Departure Alert (LDA)25 controls | S | S | S | S | S | S | S | S | S | S | S | S | S |\n| Heated steering wheel | P | P | P | P | P | P | P | P | P | P | P | P | P |\n| 3-mode switch (Eco, Normal, Sport) | S | S | S | S | S | S | S "
    },
    "19": {
      "summary": "0 = Optional  P = Available as part of a package\n\n<table>Interior (continued)LEXLEXLE V6SE NightshadeXSEXSE V6TRDLE HybridSE HybridSE HybridXLE HybridXSE HybridOverhead console with magnifies and sunglasses storageSSOverhead console with magnifies, sunglasses storage and HomeLink<sup>432</sup> universal transceiverPSPPPPPPSSOverhead console with magnifies and HomeLink<sup>432</sup> universal transceiverPPSPSPPPPPCovered center console, armrest and storageSSSSSSSSSSSSLED-illuminated glove compartmentSSSSSSSSSSSSOne 12V auxiliary power outlet<sup>45</sup>SSSSSSSSSSSSOne USB and media port<sup>29</sup> (1.5A)SSSSSSSSSSSSOne USB-C charge port<sup>29</sup>SSSSSSSSSSSSDual sun visors with sliding extensionsSSSSSSSSSSSSDual sun visors with sliding extensions and illuminated vanity mirrorsOOOLED rear-seat reading lightsPSSPSSPPPPAmbient lightingSSSSSTwo front cup holders; two front door and two rear bottle holdersSTwo front and two rear cup holders; two front door and two rear bottle holdersSSSSSSSSSSSSElectric Parking Brake (EPB)<sup>46</sup> with Brake Hold<sup>47</sup> functionOSSOOSSSSSSSAudio MultimediaAudio — 7-in. touchscreen, six speakers, Android Auto™3 & Apple CarPlay<sup>42</sup> compatible, SiriusXM<sup>49</sup> with 3-month Platinum Plan trial subscription.<sup>20</sup>See toyota.com/audio-multimedia for details. (Dependent on 4G network.)Audio Plus — 9.0-in. touchscreen, six speakers, Android Auto™3 & Apple CarPlay<sup>42</sup> compatible, SiriusXM<sup>49</sup> with 3-month Platinum Plan trial subscription.<sup>20</sup>See toyota.com/audio-multimedia for details. (Dependent on 4G network.)Audio Plus with JBL<sup>82</sup> — 9.0-in.touchscreen, nine JBL<sup>81</sup> speakers including subwoofer and amplifier, Android Auto™3 & Apple CarPlay<sup>42</sup> compatible, SiriusXM<sup>49</sup> with 3-month Platinum Plan trial subscription.<sup>20</sup>See toyota.com/audio-multimedia for details. (Dependent on 4G network.)JBL<sup>82</sup> Premium Audio — 9.0-in. touchscr"
    },
    "20": {
      "summary": "0 = Optional  P = Available as part of a package\n\n| Safety and Convenience | LE | XLE | XLE V6 | SE | Nightshade | XSE | XSE V6 | TRD | LE Hybrid | SE Hybrid | SE Nightshade | SE Hybrid | XLE Hybrid | XSE Hybrid |\n|-----------------------|----|-----|---------|----|-----------|-----|--------|------|----------|------------|-------------|------------|------------|------------|\n| Star Safety System™ — includes Enhanced Vehicle Stability Control (VSC)® Traction Control (TRAC), 4-wheel Anti-lock Brake System (ABS), Electronic Brake-force Distribution (EBD), Brake Assist (BA) and Smart Stop Technology® (SST)® | S | S | S | S | S | S | S | S | S | S | S | S | S |\n| Ten airbags™ — includes driver and front passenger Advanced Airbag System, driver and front passenger seat-mounted side airbags, driver and front passenger knee airbags, rear seat-mounted side airbags, and front and rear side curtain airbags | S | S | S | S | S | S | S | S | S | S | S | S | S |\n| Driver and front passenger Whiplash-Injury-Lessening (WIL)® seats | S | S | S | S | S | S | S | S | S | S | S | S | S |\n| 3-point seatbelts for all seating positions; driver-side Emergency Locking Retractor (ELR) and Automatic/Emergency Locking Retractor (ALR/ELR) on all passenger seatbelts | S | S | S | S | S | S | S | S | S | S | S | S | S |\n| LATCH (Lower Anchors and Tethers for Children) includes lower anchors on outboard rear seats | S | S | S | S | S | S | S | S | S | S | S | S | S |\n| Child-protector rear door locks and power window lockout control | S | S | S | S | S | S | S | S | S | S | S | S | S |\n| Energy-absorbing collapsible steering column | S | S | S | S | S | S | S | S | S | S | S | S | S |\n| Front and rear energy-absorbing crumple zones | S | S | S | S | S | S | S | S | S | S | S | S | S |\n| Side-impact door beams | S | S | S | S | S | S | S | S | S | S | S | S | S |\n| Collision sensors: deactivate high-voltage battery | S | S | S | S | S | S | S | S | S | S | S | S | S |\n| Toyota Safety Sense™ 2.5+ (TS"
    },
    "21": {
      "summary": "43\n\n**Packages and Options**\n\n| Package | Price |\n|---------|-------|\n| Conve | $22 |\n| HomeLink | $22 |\n| rearview mirror | $22 |\n| Conve | $22 |\n| Audio Upgrade | $22 |\n| Audio Plus with 9-in. touchscreen | $22 |\n| Qi-compatible wireless smartphone charging | $22 |\n| Rear-seat vents | $22 |\n| Navigation Upgrade | $22 |\n| Dynamic Navigation, 9-in. touchscreen and nine JBL speakers | $22 |\n| TRD Premium Audio with nine JBL speakers | $22 |\n\n**Driver Assist Package**\n- 10-in. color Head-Up Display (HUD) | $22 |\n- Panoramic View Monitor | $22 |\n- Front and Rear Parking Assist with Automatic Braking (PA w/AB) | $22 |\n- Multi-stage ventilated front seats | $22 |\n- Cold Weather Package | $22 |\n- Heated steering wheel | $22 |\n- Heated front seats | $22 |\n- Heated power outside mirrors | $22 |\n- Power tilt/slide moonroof | $22 |\n- Power tilt/slide moonroof and dual sun visors with sliding extensions and illuminated vanity mirrors | $22 |\n- Panoramic glass roof with front power tilt/slide moonroof | $22 |\n- Blind Spot Monitor (BSM) with Rear Cross-Traffic Alert (RCTA) | $22 |\n- Two-tone exterior color (color-keyed body with black roof) | $22 |\n- Includes black window trim and sideview mirror caps | $22 |\n- Adaptive Headlights — LED headlights with level control and auto on/off feature | $22 |\n- All-season tires | $22 |\n- Summer tires | $22 |\n\n**S = Standard**\n- SE\n- Nightshade\n- XSE\n- XSE V6\n- LE\n- Hybrid\n- SE Hybrid\n- XLE\n- Hybrid\n- SE Hybrid\n- XSE Hybrid\n- LE Hybrid\n- XSE Hybrid\n\n**O = Optional**\n- P = Available as part of a package\n\n**P = Available as part of a package**\n\n**P = Available as part of a package**\n\n**P = Available as part of a package**\n\n**P = Available as part of a package**\n\n**P = Available as part of a package**\n\n**P = Available as part of a package**\n\n**P = Available as part of a package**\n\n**P = Available as part of a package**\n\n**P = Available as part of a package**\n\n**P = Available as part of a package**\n\n**P = Available as part of a package**\n\n**P = "
    },
    "22": {
      "summary": "0 = Optional\n\n| Mechanical/Performance | SE | LE | XLE V6 | SE | Nightshade | XSE | XSE V6 | TRD | LE Hybrid | SE Hybrid | SE Nightshade | SE Hybrid | XLE Hybrid | XSE Hybrid |\n|-----------------------|----|-----|---------|----|------------|-----|--------|------|-----------|-------------|-------------|-------------|-------------|\n| ENGINE               |    |     |         |    |            |     |        |      |           |             |             |             |             |\n| 2.5-Liter Dynamic Force 4-Cylinder DOHC D-45 Injection Dual Variable Valve Timing with intelligence (VVT-i) and Eco, Normal and Sport drive modes; 203 hp @ 6800 rpm; 184 lb.-ft. @ 5000 rpm | S | S | S | S | S | S | S | S | S | S | S | S |\n| 2.5-Liter Dynamic Force 4-Cylinder DOHC D-45 Injection Dual Variable Valve Timing with intelligence (VVT-i) and Eco, Normal and Sport drive modes; 206 hp @ 6800 rpm; 186 lb.-ft. @ 5000 rpm | S | S | S | S | S | S | S | S | S | S | S | S |\n| 3.5-Liter V6 DOHC D-45 Injection Dual Variable Valve Timing with intelligence (VVT-i) and Eco, Normal and Sport drive modes; 301 hp @ 6600 rpm; 267 lb.-ft. @ 4700 rpm | S | S | S | S | S | S | S | S | S | S | S | S |\n| 208 net system hp | S | S | S | S | S | S | S | S | S | S | S | S |\n| Hybrid engine: 2.5-Liter Dynamic Force 4-Cylinder DOHC D-45 Injection Dual Variable Valve Timing with intelligence (VVT-i) with Eco, Normal, Sport and EV® drive modes; 176 hp @ 5700 rpm; 163 lb.-ft. @ 5200 rpm | O | O | O | O | O | O | O | O | O | O | O | O |\n| 2.5-Liter Dynamic Force 4-Cylinder DOHC D-45 Injection Dual Variable Valve Timing with intelligence (VVT-i) and Eco, Normal and Sport drive modes; 202 hp @ 6600 rpm; 182 lb.-ft. @ 4400 rpm | O | O | O | O | O | O | O | O | O | O | O | O |\n| 2.5-Liter Dynamic Force 4-Cylinder DOHC D-45 Injection Dual Variable Valve Timing with intelligence (VVT-i) and Eco, Normal and Sport drive modes; 205 hp @ 6600 rpm; 185 lb.-ft. @ 4600 rpm | O | O | O | O | O | O | O | O | O | O | O | O |"
    },
    "23": {
      "summary": "5 = Standard  O = Optional\n\n| TRANSMISSION | LE | XLE | XLE V6 | SE | Nightshade | XSE | XSE V6 | TRD | LE Hybrid | SE Hybrid | SE Nightshade | XLE Hybrid | XSE Hybrid |\n|--------------|----|-----|--------|----|-----------|-----|---------|------|----------|------------|-------------|-------------|\n| Direct Shift-8AT 8-speed<br>Electronically Controlled automatic<br>Transmission with intelligence<br>(ECT-i) with sequential shift mode | S | S | S | S | S | S | S | S | S | S | S | S |\n| Electronically controlled<br>Continuously Variable Transmission<br>(ECVT) with sequential shift mode | S | S | S | S | S | S | S | S | S | S | S | S |\n| DRIVETRAIN | S | S | S | S | S | S | S | S | S | S | S | S |\n| Front-Wheel Drive (FWD) | S | S | S | S | S | S | S | S | S | S | S | S |\n| All-Wheel Drive (AWD) | O | O | O | O | O | O | O | O | O | O | O | O |\n| BODY CONSTRUCTION | S | S | S | S | S | S | S | S | S | S | S | S |\n| Unitized body with front and rear<br>anti-vibration sub-frames | S | S | S | S | S | S | S | S | S | S | S | S |\n| Increased-thickness underbody braces<br>and added rear-seat V-bracing | S | S | S | S | S | S | S | S | S | S | S | S |\n| SUSPENSION | S | S | S | S | S | S | S | S | S | S | S | S |\n| Independent MacPherson strut front<br>suspension with gas-filled shock<br>absorbers and stabilizer bar; multi-link<br>rear suspension with gas-filled shock<br>absorbers and stabilizer bar, and<br>front strut tower bracing | S | S | S | S | S | S | S | S | S | S | S | S |\n| Independent MacPherson strut front<br>suspension with gas-filled shock<br>absorbers and stabilizer bar;<br>multi-link rear suspension with<br>gas-filled shock absorbers and<br>stabilizer bar, sport-tuned shock<br>absorbers and springs, and front<br>strut tower bracing | S | S | S | S | S | S | S | S | S | S | S | S |\n| Independent MacPherson strut<br>front suspension; multi-link rear<br>suspension; front strut tower bracing;<br>TRD track-tuned front and rear<br>coil springs, shock absorbers and<b"
    },
    "24": {
      "summary": "0 = Optional\n\n| Dimensions | LE | XLE | XLE V6 | SE | Nightshade | SE | XSE V6 | TRD | LE Hybrid | SE Hybrid | SE Nightshade | SE Hybrid | XLE Hybrid | XSE Hybrid |\n|-----------|----|------|---------|----|------------|----|--------|-----|----------|-----------|-------------|-----------|------------|\n| EXTERIOR DIMENSIONS (in.) | | | | | | | | | | | | | | \n| Overall height/AWD-equipped | 56.9/57.1 | 56.9/57.1 | 56.9 | 56.9/57.1 | 56.9/57.1 | 56.9/57.1 | 56.9 | 56.3 | 56.9 | 56.9 | 56.9 | 56.9 | 56.9 |\n| Overall width | 72.4 | 72.4 | 72.4 | 72.4 | 72.4 | 72.4 | 72.4 | 73.1 | 72.4 | 72.4 | 72.4 | 72.4 | 72.4 |\n| Overall length | 192.1 | 192.1 | 192.1 | 192.7 | 192.7 | 192.7 | 192.7 | 194.6 | 192.1 | 192.7 | 192.7 | 192.7 | 192.7 |\n| Wheelbase | 111.2 | 111.2 | 111.2 | 111.2 | 111.2 | 111.2 | 111.2 | 111.2 | 111.2 | 111.2 | 111.2 | 111.2 | 111.2 |\n| Ground clearance | 5.7 | 5.7 | 5.7 | 5.7 | 5.7 | 5.7 | 5.7 | 5.7 | 5.7 | 5.7 | 5.7 | 5.7 | 5.7 |\n| Track (front/rear) | 62.6/62.8 | 62.2/62.6 | 62.2/62.6 | 62.2/62.6 | 62.2/62.6 | 62.2/62.6 | 62.2/62.6 | 63.0/63.2 | 62.2/62.6 | 62.2/62.6 | 62.2/62.6 | 62.2/62.6 | 62.2/62.6 |\n| Track (front/rear) (AWD-equipped) | 62.6/63.0 | 62.2/62.8 | 62.2/63.2 | 62.2/63.2 | 62.2/62.8 | 62.2/62.8 | 62.2/62.8 | 63.0/63.2 | 62.2/62.8 | 62.2/62.8 | 62.2/62.8 | 62.2/62.8 | 62.2/62.8 |\n\n| INTERIOR DIMENSIONS (in.) | | | | | | | | | | | | | | \n| Head room front/rear without moonroof (with moonroof) | 38.3/38.0 | 38.3/38.0 | 38.3/38.0 | 38.3/38.0 | 38.3/38.0 | 38.3/38.0 | 38.3/37.6 | 38.3/37.6 | 38.3/37.6 | 38.3/37.6 | 38.3/37.6 | 38.3/37.6 | 38.3/37.6 |\n| Head room front/rear without moonroof (without moonroof) | 38.3/37.6 | 38.3/37.6 | 38.3/37.6 | 38.3/37.6 | 38.3/37.6 | 38.3/37.6 | 38.3/37.6 | 38.3/37.6 | 38.3/37.6 | 38.3/37.6 | 38.3/37.6 | 38.3/37.6 | 38.3/37.6 |\n| Shoulder room | 57.7/55.7 | 57.7/55.7 | 57.7/55.7 | 57.7/55.7 | 57.7/55.7 | 57.7/55.7 | 57.7/55.7 | 57.7/55.7 | 57.7/55.7 | 57.7/55.7 | 57.7/55.7 | 57.7/55.7 | 57.7/55.7 |\n| Hip roo"
    },
    "25": {
      "summary": "2\n\n1. Projected EPA-estimated 28 city/39 hwy/32 combined mpg rating for 2024 Camry LE, SE and NEightshade Edition; 27 city/38 hwy/31 combined mpg rating for 2024 Camry XLE 4-Cylinder and XSE 4-Cylinder; 22 city/33 hwy/26 combined mpg rating for 2024 Camry XLE V6; 22 city/32 hwy/26 combined mpg rating for 2024 Camry XSE V6; 21 city/31 hwy/25 combined mpg rating for 2024 Camry TRD; 51 city/53 hwy/52 combined mpg rating for 2024 Camry LE Hybrid; and 44 city/47 hwy/46 combined mpg rating for 2024 Camry SE Hybrid, XLE Hybrid and XSE Hybrid as determined by manufacturer. EPA estimates not available at time of publishing. Use for comparison purposes only. Your mileage will vary for many reasons, including your vehicle's condition and how/where you drive. See www.fueleconomy.gov. 2. Requires compatible smartphone. Operability depends on network availability, a cellular connection and GPS signal. Services subject to change at any time without notice. Data charges may apply. To learn more, go to https://www.toyota.com/connected-services/. To learn more about Toyota's Connected Services data collection, use, sharing and retention practices, please visit https://www.toyota.com/support/privacy-notice. Apple CarPlay® is a registered trademark of Apple Inc. 3. Google, Android, Android Auto, YouTube Music and other marks are trademarks of Google LLC. Android Auto requires compatible smartphone. Operability depends on network availability, a cellular connection and GPS signal. Services subject to change at any time without notice. Data charges may apply. To learn more, go to https://www.toyota.com/connected-services/. 4. Toyota Connected Services depend on certain factors outside of Toyota's control in order to operate, including cellular network availability and GPS signal. Without either these things, operability may be limited or precluded. Service subject to change at any time without notice. 5. Toyota Connected Services depend on certain factors outside of Toyota's control in o"
    },
    "26": {
      "summary": "47. When the system is on and the vehicle is in Drive, Brake Hold may temporarily keep the brakes engaged after the driver brings the vehicle to a complete stop. See Owner’s Manual for limitations. 48. Vehicle Stability Control is an electronic system designed to help the driver maintain vehicle control under adverse conditions. It is not a substitute for safe and attentive driving practices. Factors including speed, road conditions, weather and driver steering input can all affect whether VSC will be effective in preventing a loss of control. See Owner’s Manual for limitations. 49. Smart Stop Technology® will reduce power to help the brakes bring vehicle to a stop during certain contemporaneous brake and accelerator pedal applications. See Owner’s Manual for limitations. 50. Whiplash-Injury-Lessening front seats can help reduce the severity of whiplash injury in certain rear-end collisions. 51. Hill Start Assist Control is designed to minimize backward rolling on steep ascents. Not a substitute for safe driving judgment and practices. Speed, grade, surface conditions, driver input, etc., can all affect HAC function. See Owner’s Manual. 52. ToyotaCare covers normal factory scheduled maintenance for two years or 25,000 miles, whichever comes first, and 24-hour Roadside Assistance is included for two years, unlimited mileage (note: bZ4X, Mirai, Prius & Prius Prime include enhanced ToyotaCare and/or Roadside Assistance). Roadside Assistance limits towing distances and locations and does not include parts and fluids, except emergency fuel delivery for certain vehicles. Excludes rental company fleet sale vehicles. See your Toyota dealer for additional restrictions and exclusions. Valid only in the continental U.S. 53. The Rear-Seat Reminder does not sense objects in the rear seat. The Rear-Seat Reminder is designed to recognize a unique rear-door opening pattern that may be consistent with an object being placed in the rear seating area. See Owner’s Manual for additional"
    }
  }
}
