{
  "doc_id": "catvsdogdlpycon15se-150512122612-lva1-app6891_95.pdf",
  "pages": {
    "1": {
      "summary": "0\n\n**12 May 2015**\n\n\n**Graph Technologies R&D**\n\n**roelof@graph-technologies.com**\n\n**slides online at:**\n\n\n**https://www.slideshare.net/roelofp/deep-learning-as-a-catdog-detector**"
    },
    "2": {
      "summary": " BUT FIRST... are you a...\n\nCAT PERSON?    DOG PERSON?\n\n\nCAT PERSON?    DOG PERSON?"
    },
    "3": {
      "summary": " in the next few minutes we’ll be making a\n\nCAT vs DOG\n\nDETECTOR"
    },
    "4": {
      "summary": "スクイックー学習 (machine learning)  \nhttp://scikit-learn.org  \n\n: カフェ (deep learning) – for training deep neural nets  \n(for today: loading a pre-trained one)  \nhttp://caffe.berkeleyvision.org  \n\n: テヘアノ (efficient gpu-powered math)  \nhttp://www.deeplearning.net/software/theano/  \n\n: イプソンノートブック  \nhttp://ipython.org/notebook.html"
    },
    "5": {
      "summary": "1\n\n**Home** **Installation** **Documentation** **Examples**\n\n\n**scikit-learn**\nMachine Learning in Python\n\n- Simple and efficient tools for data mining and data analysis\n\n- Accessible to everybody, and reusable in various contexts\n\n- Built on NumPy, SciPy, and matplotlib\n\n- Open source, commercially usable - BSD license\n\n\n**Classification** **Regression** **Clustering**\n\n\nIdentifying to which category an object\nbelongs to.\n\n**Applications: Spam detection, Image**\nrecognition.\n**Algorithms: SVM, nearest neighbors,**\nrandom forest, ...\n\n\nPredicting a continuous-valued attribute\nassociated with an object.\n\n**Applications: Drug response, Stock**\nprices.\n**Algorithms: SVR, ridge regression,**\nLasso, ... — Examples\n\n\nAutomatic grouping of similar objects\ninto sets.\n\n**Applications: Customer segmentation,**\nGrouping experiment outcomes\n**Algorithms: k-Means, spectral**\nclustering, mean-shift, ... — Examples\n\n\n**Dimensionality reduction** **Model selection** **Preprocessing**\n\n\nReducing the number of random\nvariables to consider.\n\n**Applications: Visualization, Increased**\nefficiency\n**Algorithms: PCA, feature selection,**\nnon-negative matrix factorization.\n\n\nComparing, validating and choosing\nparameters and models.\n\n**Goal: Improved accuracy via parameter**\ntuning\n**Modules: grid search, cross validation,**\nmetrics. — Examples\n\n\nFeature extraction and normalization.\n\n**Application: Transforming input data**\nsuch as text for use with machine\nlearning algorithms.\n**Modules: preprocessing, feature**\nextraction.\n\n\n— Examples"
    },
    "6": {
      "summary": "0\n\n:\n\n:\n\n:\n\n:\n\n:\n\n:\n\n:\n\n:\n\n:\n\n:\n\n:\n\n:\n\n:\n\n:\n\n:\n\n:\n\n:\n\n:\n\n:\n\n:\n\n:\n\n:\n\n:\n\n:\n\n:\n\n:\n\n:\n\n:\n\n:\n\n:\n\n:\n\n:\n\n:\n\n:\n\n:\n\n:\n\n:\n\n:\n\n:\n\n:\n\n:\n\n:\n\n:\n\n:\n\n:\n\n:\n\n:\n\n:\n\n:\n\n:\n\n:\n\n:\n\n:\n\n:\n\n:\n\n:\n\n:\n\n:\n\n:\n\n:\n\n:\n\n:\n\n:\n\n:\n\n:\n\n:\n\n:\n\n:\n\n:\n\n:\n\n:\n\n:\n\n:\n\n:\n\n:\n\n:\n\n:\n\n:\n\n:\n\n:\n\n:\n\n:\n\n:\n\n:\n\n:\n\n:\n\n:\n\n:\n\n:\n\n:\n\n:\n\n:\n\n:\n\n:\n\n:\n\n:\n\n:\n\n:\n\n:\n\n:\n\n:\n\n:\n\n:\n\n:\n\n:\n\n:\n\n:\n\n:\n\n:\n\n:\n\n:\n\n:\n\n:\n\n:\n\n:\n\n:\n\n:\n\n:\n\n:\n\n:\n\n:\n\n:\n\n:\n\n:\n\n:\n\n:\n\n:\n\n:\n\n:\n\n:\n\n:\n\n:\n\n:\n\n:\n\n:\n\n:\n\n:\n\n:\n\n:\n\n:\n\n:\n\n:\n\n:\n\n:\n\n:\n\n:\n\n:\n\n:\n\n:\n\n:\n\n:\n\n:\n\n:\n\n:\n\n:\n\n:\n\n:\n\n:\n\n:\n\n:\n\n:\n\n:\n\n:\n\n:\n\n:\n\n:\n\n:\n\n:\n\n:\n\n:\n\n:\n\n:\n\n:\n\n:\n\n:\n\n:\n\n:\n\n:\n\n:\n\n:\n\n:\n\n:\n\n:\n\n:\n\n:\n\n:\n\n:\n\n:\n\n:\n\n:\n\n:\n\n:\n\n:\n\n:\n\n:\n\n:\n\n:\n\n:\n\n:\n\n:\n\n:\n\n:\n\n:\n\n:\n\n:\n\n:\n\n:\n\n:\n\n:\n\n:\n\n:\n\n:\n\n:\n\n:\n\n:\n\n:\n\n:\n\n:\n\n:\n\n:\n\n:\n\n:\n\n:\n\n:\n\n:\n\n:\n\n:\n\n:\n\n:\n\n:\n\n:\n\n:\n\n:\n\n:\n\n:\n\n:\n\n:\n\n:\n\n:\n\n:\n\n:\n\n:\n\n:\n\n:\n\n:\n\n:\n\n:\n\n:\n\n:\n\n:\n\n:\n\n:\n\n:\n\n:\n\n:\n\n:\n\n:\n\n:\n\n:\n\n:\n\n:\n\n:\n\n:\n\n:\n\n:\n\n:\n\n:\n\n:\n\n:\n\n:\n\n:\n\n:\n\n:\n\n:\n\n:\n\n:\n\n:\n\n:\n\n:\n\n:\n\n:\n\n:\n\n:\n\n:\n\n:\n\n:\n\n:\n\n:\n\n:\n\n:\n\n:\n\n:\n\n:\n\n:\n\n:\n\n:\n\n:\n\n:\n\n:\n\n:\n\n:\n\n:\n\n:\n\n:\n\n:\n\n:\n\n:\n\n:\n\n:\n\n:\n\n:\n\n:\n\n:\n\n:\n\n:\n\n:\n\n:\n\n:\n\n:\n\n:\n\n:\n\n:\n\n:\n\n:\n\n:\n\n:\n\n:\n\n:\n\n:\n\n:\n\n:\n\n:\n\n:\n\n:\n\n:\n\n:\n\n:\n\n:\n\n:\n\n:\n\n:\n\n:\n\n:\n\n:\n\n:\n\n:\n\n:\n\n:\n\n:\n\n:\n\n:\n\n:\n\n:\n\n:\n\n:\n\n:\n\n:\n\n:\n\n:\n\n:\n\n:\n\n:\n\n:\n\n:\n\n:\n\n:\n\n:\n\n:\n\n:\n\n:\n\n:\n\n:\n\n:\n\n:\n\n:\n\n:\n\n:\n\n:\n\n:\n\n:\n\n:\n\n:\n\n:\n\n:\n\n:\n\n:\n\n:\n\n:\n\n:\n\n:\n\n:\n\n:\n\n:\n\n:\n\n:\n\n:\n\n:\n\n:\n\n:\n\n:\n\n:\n\n:\n\n:\n\n:\n\n:\n\n:\n\n:\n\n:\n\n:\n\n:\n\n:\n\n:\n\n:\n\n:\n\n:\n\n:\n\n:\n\n:\n\n:\n\n:\n\n:\n\n:\n\n:\n\n:\n\n:\n\n:\n\n:\n\n:\n\n:\n\n:\n\n:\n\n:\n\n:\n\n:\n\n:\n\n:\n\n:\n\n:\n\n:\n\n:\n\n:\n\n:\n\n:\n\n:\n\n:\n\n:\n\n:\n\n:\n\n:\n\n:\n\n:\n\n:\n\n:\n\n:\n\n:\n\n:\n\n:\n\n:\n\n:\n\n:\n\n:\n\n:\n\n:\n\n:\n\n:\n\n:\n\n:\n\n:\n\n:\n\n:\n\n:\n\n:\n\n:\n\n:\n\n:\n\n:\n\n:\n\n:\n\n:\n\n:\n\n:\n\n:\n\n:\n\n:\n\n:\n\n:\n\n:\n\n:\n\n:\n\n:\n\n:\n\n:\n\n:\n\n:\n\n:\n\n:\n\n:\n\n:\n\n:\n\n:\n\n:\n\n:\n\n:\n\n:\n\n:\n\n:\n\n:\n\n:\n\n:\n\n:\n\n:\n\n:\n\n:\n\n:\n\n:\n\n:\n\n:\n\n:\n\n:\n\n:\n\n:\n\n:\n\n:\n\n:\n\n:\n\n:\n\n:\n\n:\n\n:\n\n:\n\n:\n\n:\n\n:\n\n:\n\n:\n\n:\n\n:\n\n:\n\n:\n\n:\n\n:\n\n:\n\n:\n\n:\n\n:\n\n:\n\n:\n\n:\n\n:\n\n:\n\n:\n\n:\n\n:\n\n:\n\n:\n\n:\n\n:\n\n:\n\n:\n\n:\n\n:\n\n:\n\n:\n\n:\n\n:\n\n:\n\n:\n\n:\n\n:\n\n:\n\n:\n\n:\n\n:\n\n:\n\n:\n\n:\n\n:\n\n:\n\n:\n\n:\n\n:\n\n:\n\n:\n\n:\n\n:\n\n:\n\n:\n\n:\n\n:\n\n:\n\n:\n\n:\n\n:\n\n:\n\n:\n\n:\n\n:\n\n:\n\n:\n\n:\n\n:\n\n:\n\n:\n\n:\n\n:\n\n:\n\n:\n\n:\n\n:\n\n:\n\n:\n\n:\n\n:\n\n:\n\n:\n\n:\n\n:\n\n:\n\n:\n\n:\n\n:\n\n:\n\n:\n\n:\n\n:\n\n:\n\n:\n\n:\n\n:\n\n:\n\n:\n\n:\n\n:\n\n:\n\n:\n\n:\n\n:\n\n:\n\n:\n\n:\n\n:\n\n:\n\n:\n\n:\n\n:\n\n:\n\n:\n\n:\n\n:\n\n:\n\n:\n\n:\n\n:\n\n:\n\n:\n\n:\n\n:\n\n:\n\n:\n\n:\n\n:\n\n:\n\n:\n\n:\n\n:\n\n:\n"
    },
    "7": {
      "summary": "0.7 documentation »\n\n# Theano\n\nTheano is a Python library that allows you to define, optimize, and evaluate mathematical expressions involving multi-dimensional arrays efficiently. Theano features:\n\n- **tight integration with NumPy** – Use `numpy.ndarray` in Theano-compiled functions.\n- **transparent use of a GPU** – Perform data-intensive calculations up to 140x faster than with CPU.(float32 only)\n- **efficient symbolic differentiation** – Theano does your derivatives for function with one or many inputs.\n- **speed and stability optimizations** – Get the right answer for `log(1+x)` even when x is really tiny.\n- **dynamic C code generation** – Evaluate expressions faster.\n- **extensive unit-testing and self-verification** – Detect and diagnose many types of mistake.\n\nTheano has been powering large-scale computationally intensive scientific investigations since 2007. But it is also approachable enough to be used in the classroom (IFT6266 at the University of Montreal).\n\n---\n\n## News\n\n- We support [cuDNN](https://cuDNN.github.io/) if it is installed by the user.\n- Open Machine Learning Workshop 2014 [presentation](https://www.youtube.com/watch?v=8wj9v3X5qkA).\n- Colin Raffel [tutorial on Theano](https://youtu.be/2QhYVKJzWbU).\n- Ian Goodfellow did a [12h class with exercises on Theano](https://www.youtube.com/watch?v=uZgLmFfGpNc)."
    },
    "8": {
      "summary": " Python Interactive Computing\n\nInstall · Docs · Videos · News · Cite · Sponsors · Donate\n\nThe IPython Notebook is an interactive computational environment, in which you can combine code execution, rich text, mathematics, plots and rich media, as shown in this example session:\n\nSimple spectral analysis\n\nAn illustration of the Discrete Fourier Transform.\n\n\\[ X_k = \\frac{1}{N} \\sum_{n=0}^{N-1} x[n] e^{-j\\frac{2\\pi}{N}kn}, \\quad k = 0, \\ldots, N-1 \\]\n\nUsing windowing, to reveal the frequency content of a sound signal.\n\nWe begin by loading a data file using SciPy's audio file support.\n\n\\[ \\text{ax, wavfile.read(\"test.wav\")} \\]\n\nAnd we can easily view its spectral structure using matplotlib's built-in spectrogram module.\n\n\\[ \\text{ax.plot(x, ax.plot(x, ax.plot(x, ax.plot(x, ax.plot(x, ax.plot(x, ax.plot(x, ax.plot(x, ax.plot(x, ax.plot(x, ax.plot(x, ax.plot(x, ax.plot(x, ax.plot(x, ax.plot(x, ax.plot(x, ax.plot(x, ax.plot(x, ax.plot(x, ax.plot(x, ax.plot(x, ax.plot(x, ax.plot(x, ax.plot(x, ax.plot(x, ax.plot(x, ax.plot(x, ax.plot(x, ax.plot(x, ax.plot(x, ax.plot(x, ax.plot(x, ax.plot(x, ax.plot(x, ax.plot(x, ax.plot(x, ax.plot(x, ax.plot(x, ax.plot(x, ax.plot(x, ax.plot(x, ax.plot(x, ax.plot(x, ax.plot(x, ax.plot(x, ax.plot(x, ax.plot(x, ax.plot(x, ax.plot(x, ax.plot(x, ax.plot(x, ax.plot(x, ax.plot(x, ax.plot(x, ax.plot(x, ax.plot(x, ax.plot(x, ax.plot(x, ax.plot(x, ax.plot(x, ax.plot(x, ax.plot(x, ax.plot(x, ax.plot(x, ax.plot(x, ax.plot(x, ax.plot(x, ax.plot(x, ax.plot(x, ax.plot(x, ax.plot(x, ax.plot(x, ax.plot(x, ax.plot(x, ax.plot(x, ax.plot(x, ax.plot(x, ax.plot(x, ax.plot(x, ax.plot(x, ax.plot(x, ax.plot(x, ax.plot(x, ax.plot(x, ax.plot(x, ax.plot(x, ax.plot(x, ax.plot(x, ax.plot(x, ax.plot(x, ax.plot(x, ax.plot(x, ax.plot(x, ax.plot(x, ax.plot(x, ax.plot(x, ax.plot(x, ax.plot(x, ax.plot(x, ax.plot(x, ax.plot(x, ax.plot(x, ax.plot(x, ax.plot(x, ax.plot(x, ax.plot(x, ax.plot(x, ax.plot(x, ax.plot(x, ax.plot(x, ax.plot(x, ax.plot(x, ax.plot(x, ax.plot(x, ax.plot(x, "
    },
    "9": {
      "summary": " Code is ahead, soon... I promise :)\n\nBEAR WITH ME"
    },
    "10": {
      "summary": " Data Science ?\n\n“Data science is clearly a blend of the hackers' art, statistics and machine learning…”\n\n—Hilary Mason & Chris Wiggins, 2010"
    },
    "11": {
      "summary": "0\n\nHacking Skills\n\nMachine Learning\n\nData Science\n\nTraditional Research\n\nDanger Zone!\n\nSubstantive Expertise\n\n(Drew Connoway 2010)"
    },
    "12": {
      "summary": "1\n\nI feature"
    },
    "13": {
      "summary": "1 feature\n\nFeature 1\n\n2 features"
    },
    "14": {
      "summary": "1 feature\n\nFeature 1\n\n2 features\n\ntoo few features/dimensions = overfitting"
    },
    "15": {
      "summary": "1 feature\n\nFeature 1\n\nFeature 2\n\nFeature 3\n\nFeature 1\n\nFeature 2\n\nFeature 3\n\nFeature 1\n\nFeature 2\n\nFeature 3\n\nFeature 1\n\nFeature 2\n\nFeature 3\n\nFeature 1\n\nFeature 2\n\nFeature 3\n\nFeature 1\n\nFeature 2\n\nFeature 3\n\nFeature 1\n\nFeature 2\n\nFeature 3\n\nFeature 1\n\nFeature 2\n\nFeature 3\n\nFeature 1\n\nFeature 2\n\nFeature 3\n\nFeature 1\n\nFeature 2\n\nFeature 3\n\nFeature 1\n\nFeature 2\n\nFeature 3\n\nFeature 1\n\nFeature 2\n\nFeature 3\n\nFeature 1\n\nFeature 2\n\nFeature 3\n\nFeature 1\n\nFeature 2\n\nFeature 3\n\nFeature 1\n\nFeature 2\n\nFeature 3\n\nFeature 1\n\nFeature 2\n\nFeature 3\n\nFeature 1\n\nFeature 2\n\nFeature 3\n\nFeature 1\n\nFeature 2\n\nFeature 3\n\nFeature 1\n\nFeature 2\n\nFeature 3\n\nFeature 1\n\nFeature 2\n\nFeature 3\n\nFeature 1\n\nFeature 2\n\nFeature 3\n\nFeature 1\n\nFeature 2\n\nFeature 3\n\nFeature 1\n\nFeature 2\n\nFeature 3\n\nFeature 1\n\nFeature 2\n\nFeature 3\n\nFeature 1\n\nFeature 2\n\nFeature 3\n\nFeature 1\n\nFeature 2\n\nFeature 3\n\nFeature 1\n\nFeature 2\n\nFeature 3\n\nFeature 1\n\nFeature 2\n\nFeature 3\n\nFeature 1\n\nFeature 2\n\nFeature 3\n\nFeature 1\n\nFeature 2\n\nFeature 3\n\nFeature 1\n\nFeature 2\n\nFeature 3\n\nFeature 1\n\nFeature 2\n\nFeature 3\n\nFeature 1\n\nFeature 2\n\nFeature 3\n\nFeature 1\n\nFeature 2\n\nFeature 3\n\nFeature 1\n\nFeature 2\n\nFeature 3\n\nFeature 1\n\nFeature 2\n\nFeature 3\n\nFeature 1\n\nFeature 2\n\nFeature 3\n\nFeature 1\n\nFeature 2\n\nFeature 3\n\nFeature 1\n\nFeature 2\n\nFeature 3\n\nFeature 1\n\nFeature 2\n\nFeature 3\n\nFeature 1\n\nFeature 2\n\nFeature 3\n\nFeature 1\n\nFeature 2\n\nFeature 3\n\nFeature 1\n\nFeature 2\n\nFeature 3\n\nFeature 1\n\nFeature 2\n\nFeature 3\n\nFeature 1\n\nFeature 2\n\nFeature 3\n\nFeature 1\n\nFeature 2\n\nFeature 3\n\nFeature 1\n\nFeature 2\n\nFeature 3\n\nFeature 1\n\nFeature 2\n\nFeature 3\n\nFeature 1\n\nFeature 2\n\nFeature 3\n\nFeature 1\n\nFeature 2\n\nFeature 3\n\nFeature 1\n\nFeature 2\n\nFeature 3\n\nFeature 1\n\nFeature 2\n\nFeature 3\n\nFeature 1\n\nFeature 2\n\nFeature 3\n\nFeature 1\n\nFeature 2\n\nFeature 3\n\nFeature 1\n\nFeature 2\n\nFeature 3\n\nFeature 1\n\nFeature 2\n\nFeature 3\n\nFeature 1\n\nFeature 2\n\nFeature 3\n\nFeature 1\n\nFeature 2\n\nFeature 3\n\nFeature 1\n\nFeature 2\n\nFeature 3\n\nFeature 1\n\nFeature 2\n\nFeature 3\n\nFeature 1"
    },
    "16": {
      "summary": "1 feature\n\nFeature 1\n\nFeature 2\n\nFeature 3\n\nFeature 1\n\nFeature 2\n\nFeature 3\n\nFeature 1\n\nFeature 2\n\nFeature 3\n\nFeature 1\n\nFeature 2\n\nFeature 3\n\nFeature 1\n\nFeature 2\n\nFeature 3\n\nFeature 1\n\nFeature 2\n\nFeature 3\n\nFeature 1\n\nFeature 2\n\nFeature 3\n\nFeature 1\n\nFeature 2\n\nFeature 3\n\nFeature 1\n\nFeature 2\n\nFeature 3\n\nFeature 1\n\nFeature 2\n\nFeature 3\n\nFeature 1\n\nFeature 2\n\nFeature 3\n\nFeature 1\n\nFeature 2\n\nFeature 3\n\nFeature 1\n\nFeature 2\n\nFeature 3\n\nFeature 1\n\nFeature 2\n\nFeature 3\n\nFeature 1\n\nFeature 2\n\nFeature 3\n\nFeature 1\n\nFeature 2\n\nFeature 3\n\nFeature 1\n\nFeature 2\n\nFeature 3\n\nFeature 1\n\nFeature 2\n\nFeature 3\n\nFeature 1\n\nFeature 2\n\nFeature 3\n\nFeature 1\n\nFeature 2\n\nFeature 3\n\nFeature 1\n\nFeature 2\n\nFeature 3\n\nFeature 1\n\nFeature 2\n\nFeature 3\n\nFeature 1\n\nFeature 2\n\nFeature 3\n\nFeature 1\n\nFeature 2\n\nFeature 3\n\nFeature 1\n\nFeature 2\n\nFeature 3\n\nFeature 1\n\nFeature 2\n\nFeature 3\n\nFeature 1\n\nFeature 2\n\nFeature 3\n\nFeature 1\n\nFeature 2\n\nFeature 3\n\nFeature 1\n\nFeature 2\n\nFeature 3\n\nFeature 1\n\nFeature 2\n\nFeature 3\n\nFeature 1\n\nFeature 2\n\nFeature 3\n\nFeature 1\n\nFeature 2\n\nFeature 3\n\nFeature 1\n\nFeature 2\n\nFeature 3\n\nFeature 1\n\nFeature 2\n\nFeature 3\n\nFeature 1\n\nFeature 2\n\nFeature 3\n\nFeature 1\n\nFeature 2\n\nFeature 3\n\nFeature 1\n\nFeature 2\n\nFeature 3\n\nFeature 1\n\nFeature 2\n\nFeature 3\n\nFeature 1\n\nFeature 2\n\nFeature 3\n\nFeature 1\n\nFeature 2\n\nFeature 3\n\nFeature 1\n\nFeature 2\n\nFeature 3\n\nFeature 1\n\nFeature 2\n\nFeature 3\n\nFeature 1\n\nFeature 2\n\nFeature 3\n\nFeature 1\n\nFeature 2\n\nFeature 3\n\nFeature 1\n\nFeature 2\n\nFeature 3\n\nFeature 1\n\nFeature 2\n\nFeature 3\n\nFeature 1\n\nFeature 2\n\nFeature 3\n\nFeature 1\n\nFeature 2\n\nFeature 3\n\nFeature 1\n\nFeature 2\n\nFeature 3\n\nFeature 1\n\nFeature 2\n\nFeature 3\n\nFeature 1\n\nFeature 2\n\nFeature 3\n\nFeature 1\n\nFeature 2\n\nFeature 3\n\nFeature 1\n\nFeature 2\n\nFeature 3\n\nFeature 1\n\nFeature 2\n\nFeature 3\n\nFeature 1\n\nFeature 2\n\nFeature 3\n\nFeature 1\n\nFeature 2\n\nFeature 3\n\nFeature 1\n\nFeature 2\n\nFeature 3\n\nFeature 1\n\nFeature 2\n\nFeature 3\n\nFeature 1\n\nFeature 2\n\nFeature 3\n\nFeature 1\n\nFeature 2\n\nFeature 3\n\nFeature 1"
    },
    "17": {
      "summary": " Data Needs also grow!\n\n0.58\n\n0.45\n\n\n0.45\n\n\n0.45\n\n\n0.2\n\n\n0.45\n\n\n0.58"
    },
    "18": {
      "summary": "1\n\nSIMPLE CLASSIFIER\n\nCATS DOGS\n\nDOG\n\n(picture by Dato)"
    },
    "19": {
      "summary": "图片中有一个红色的禁止标志，里面有一个白色的狗和一个白色的猫。"
    },
    "20": {
      "summary": " A host of statistical machine learning techniques\n\n: Enables the automatic learning of feature hierarchies\n\n: Generally based on artificial neural networks"
    },
    "21": {
      "summary": "14\n\n\n(picture by Dato)"
    },
    "22": {
      "summary": " Manually designed features are often over-specified, incomplete and take a long time to design and validate\n\n:  Learned Features are easy to adapt, fast to learn\n\n: Deep learning provides a very flexible, (almost?) universal, learnable framework for representing world, visual and linguistic information.\n\n: Deep learning can learn unsupervised (from raw text/audio/images/whatever content) and supervised (with specific labels like positive/negative)\n\n(as summarised by Richard Socher 2014)"
    },
    "23": {
      "summary": "2006+ : The Deep Learning Conspirators\n\nStacked Autoencoders\nUniversité de Montréal\nBengio\nHinton\nGoogle\nNew York University\nFacebook\nSparse Representations\nLeCun\nRestricted Boltzmann Machine\nPennsylvania\nLewisburg\nButler\nIndiana\nPittsburgh\nJohnstown\nHarrisburg\nLancaster\nAllentown\nReading\nNortheast Philadelphia\nScranton\nWilkes-Barre\nScranton\nScranton\nScranton\nScranton\nScranton\nScranton\nScranton\nScranton\nScranton\nScranton\nScranton\nScranton\nScranton\nScranton\nScranton\nScranton\nScranton\nScranton\nScranton\nScranton\nScranton\nScranton\nScranton\nScranton\nScranton\nScranton\nScranton\nScranton\nScranton\nScranton\nScranton\nScranton\nScranton\nScranton\nScranton\nScranton\nScranton\nScranton\nScranton\nScranton\nScranton\nScranton\nScranton\nScranton\nScranton\nScranton\nScranton\nScranton\nScranton\nScranton\nScranton\nScranton\nScranton\nScranton\nScranton\nScranton\nScranton\nScranton\nScranton\nScranton\nScranton\nScranton\nScranton\nScranton\nScranton\nScranton\nScranton\nScranton\nScranton\nScranton\nScranton\nScranton\nScranton\nScranton\nScranton\nScranton\nScranton\nScranton\nScranton\nScranton\nScranton\nScranton\nScranton\nScranton\nScranton\nScranton\nScranton\nScranton\nScranton\nScranton\nScranton\nScranton\nScranton\nScranton\nScranton\nScranton\nScranton\nScranton\nScranton\nScranton\nScranton\nScranton\nScranton\nScranton\nScranton\nScranton\nScranton\nScranton\nScranton\nScranton\nScranton\nScranton\nScranton\nScranton\nScranton\nScranton\nScranton\nScranton\nScranton\nScranton\nScranton\nScranton\nScranton\nScranton\nScranton\nScranton\nScranton\nScranton\nScranton\nScranton\nScranton\nScranton\nScranton\nScranton\nScranton\nScranton\nScranton\nScranton\nScranton\nScranton\nScranton\nScranton\nScranton\nScranton\nScranton\nScranton\nScranton\nScranton\nScranton\nScranton\nScranton\nScranton\nScranton\nScranton\nScranton\nScranton\nScranton\nScranton\nScranton\nScranton\nScranton\nScranton\nScranton\nScranton\nScranton\nScranton\nScranton\nScranton\nScranton\nScranton\nScranton\nScranton\nScranton\nScranton\nScranton\nScranton\nScranton\nScranton\nScranton\nScranton\nScranton\nScranton\nScranton\nScranton\nScranton\n"
    },
    "24": {
      "summary": "1998\n\n2000\n\n2002\n\n2004\n\n2006\n\n2008\n\n2010\n\n2012\n\n2014\n\n(chart by Clarifai)"
    },
    "25": {
      "summary": "2010\n\nImage Recognition\n\nTraditional CV\n\nDeep Learning\n\nError Rate\n\n2011\n\n2012\n\n2013\n\n2014\n\n(chart by Clarifai)"
    },
    "26": {
      "summary": " Natural Language Processing"
    },
    "27": {
      "summary": "自然語言處理\n\nNatural Language Processing\n\ncloudy days don't last forever.\n\nchibird"
    },
    "28": {
      "summary": " DL? How ?\n\nalmost at the code..."
    },
    "29": {
      "summary": "输入层\n\noutput layer"
    },
    "30": {
      "summary": " Deep neural networks learn hierarchical feature representations\n\ninput layer\nhidden layer 1\nhidden layer 2\nhidden layer 3\noutput layer"
    },
    "31": {
      "summary": "0.00\n\n: 0.00\n\n: 0.00\n\n: 0.00\n\n: 0.00\n\n: 0.00\n\n: 0.00\n\n: 0.00\n\n: 0.00\n\n: 0.00\n\n: 0.00\n\n: 0.00\n\n: 0.00\n\n: 0.00\n\n: 0.00\n\n: 0.00\n\n: 0.00\n\n: 0.00\n\n: 0.00\n\n: 0.00\n\n: 0.00\n\n: 0.00\n\n: 0.00\n\n: 0.00\n\n: 0.00\n\n: 0.00\n\n: 0.00\n\n: 0.00\n\n: 0.00\n\n: 0.00\n\n: 0.00\n\n: 0.00\n\n: 0.00\n\n: 0.00\n\n: 0.00\n\n: 0.00\n\n: 0.00\n\n: 0.00\n\n: 0.00\n\n: 0.00\n\n: 0.00\n\n: 0.00\n\n: 0.00\n\n: 0.00\n\n: 0.00\n\n: 0.00\n\n: 0.00\n\n: 0.00\n\n: 0.00\n\n: 0.00\n\n: 0.00\n\n: 0.00\n\n: 0.00\n\n: 0.00\n\n: 0.00\n\n: 0.00\n\n: 0.00\n\n: 0.00\n\n: 0.00\n\n: 0.00\n\n: 0.00\n\n: 0.00\n\n: 0.00\n\n: 0.00\n\n: 0.00\n\n: 0.00\n\n: 0.00\n\n: 0.00\n\n: 0.00\n\n: 0.00\n\n: 0.00\n\n: 0.00\n\n: 0.00\n\n: 0.00\n\n: 0.00\n\n: 0.00\n\n: 0.00\n\n: 0.00\n\n: 0.00\n\n: 0.00\n\n: 0.00\n\n: 0.00\n\n: 0.00\n\n: 0.00\n\n: 0.00\n\n: 0.00\n\n: 0.00\n\n: 0.00\n\n: 0.00\n\n: 0.00\n\n: 0.00\n\n: 0.00\n\n: 0.00\n\n: 0.00\n\n: 0.00\n\n: 0.00\n\n: 0.00\n\n: 0.00\n\n: 0.00\n\n: 0.00\n\n: 0.00\n\n: 0.00\n\n: 0.00\n\n: 0.00\n\n: 0.00\n\n: 0.00\n\n: 0.00\n\n: 0.00\n\n: 0.00\n\n: 0.00\n\n: 0.00\n\n: 0.00\n\n: 0.00\n\n: 0.00\n\n: 0.00\n\n: 0.00\n\n: 0.00\n\n: 0.00\n\n: 0.00\n\n: 0.00\n\n: 0.00\n\n: 0.00\n\n: 0.00\n\n: 0.00\n\n: 0.00\n\n: 0.00\n\n: 0.00\n\n: 0.00\n\n: 0.00\n\n: 0.00\n\n: 0.00\n\n: 0.00\n\n: 0.00\n\n: 0.00\n\n: 0.00\n\n: 0.00\n\n: 0.00\n\n: 0.00\n\n: 0.00\n\n: 0.00\n\n: 0.00\n\n: 0.00\n\n: 0.00\n\n: 0.00\n\n: 0.00\n\n: 0.00\n\n: 0.00\n\n: 0.00\n\n: 0.00\n\n: 0.00\n\n: 0.00\n\n: 0.00\n\n: 0.00\n\n: 0.00\n\n: 0.00\n\n: 0.00\n\n: 0.00\n\n: 0.00\n\n: 0.00\n\n: 0.00\n\n: 0.00\n\n: 0.00\n\n: 0.00\n\n: 0.00\n\n: 0.00\n\n: 0.00\n\n: 0.00\n\n: 0.00\n\n: 0.00\n\n: 0.00\n\n: 0.00\n\n: 0.00\n\n: 0.00\n\n: 0.00\n\n: 0.00\n\n: 0.00\n\n: 0.00\n\n: 0.00\n\n: 0.00\n\n: 0.00\n\n: 0.00\n\n: 0.00\n\n: 0.00\n\n: 0.00\n\n: 0.00\n\n: 0.00\n\n: 0.00\n\n: 0.00\n\n: 0.00\n\n: 0.00\n\n: 0.00\n\n: 0.00\n\n: 0.00\n\n: 0.00\n\n: 0.00\n\n: 0.00\n\n: 0.00\n\n: 0.00\n\n: 0.00\n\n: 0.00\n\n: 0.00\n\n: 0.00\n\n: 0.00\n\n: 0.00\n\n: 0.00\n\n: 0.00\n\n: 0.00\n\n: 0.00\n\n: 0.00\n\n: 0.00\n\n: 0.00\n\n: 0.00\n\n: 0.00\n\n: 0.00\n\n: 0.00\n\n: 0.00\n\n: 0.00\n\n: 0.00\n\n: 0.00\n\n: 0.00\n\n: 0.00\n\n: 0.00\n\n: 0.00\n\n: 0.00\n\n: 0.00\n\n: 0.00\n\n: 0.00\n\n: 0.00\n\n: 0.00\n\n: 0.00\n\n: 0.00\n\n: 0.00\n\n: 0.00\n\n: 0.00\n\n: 0.00\n\n: 0.00\n\n: 0.00\n\n: 0.00\n\n: 0.00\n\n: 0.00\n\n: 0.00\n\n: 0.00\n\n: 0.00\n\n: 0.00\n\n: 0.00\n\n: 0.00\n\n: 0.00\n\n: 0.00\n\n: 0.00\n\n: 0.00\n\n: "
    },
    "32": {
      "summary": "0.0"
    },
    "33": {
      "summary": "7\n\nDEEP LEARNING CLASSIFIER\n\nANIMAL PLANT FOOD TOOLS INSECTS\n\nSIMPLE CLASSIFIER\n\nCATS\n\nDOGS\n\nour ingredients...\n\n(picture by Dato)"
    },
    "34": {
      "summary": "25k dog/cat pictures\n\nKaggle's Cat vs Dog dataset (25k dog/cat pictures)\n\nDEEP LEARNING CLASSIFIER\n\nANIMAL PLANT TOOLS INSECTS\n\nSIMPLE CLASSIFIER\n\nCATS\n\nDOGS\n\nDOG"
    },
    "35": {
      "summary": "215 teams\n\nDogs vs. Cats\n\nWed 25 Sep 2013 – Sat 1 Feb 2014 (15 months ago)\n\nDashboard\n\nHome\nData\nMake a submission\n\nInformation\nDescription\nEvaluation\nRules\nPrizes\nWinners\n\nForum\n\nLeaderboard\nPublic\nPrivate\n\nVisualization\n\nMy Team\nGitHub\n\nMy Submissions\n\nLeaderboard\n\n1. Pierre Sermanet\n2. orchid\n3. Owen\n4. Paul Covington\n\nCompetition Details > Get the Data > Make a submission\n\nCreate an algorithm to distinguish dogs from cats\n\nIn this competition, you'll write an algorithm to classify whether images contain either a dog or a cat. This is easy for humans, dogs, and cats. Your computer will find it a bit more difficult.\n\nData Files\n\nFile Name    Available Formats\nsampleSubmission    .csv (86.82 kb)\ntest1    .zip (271.15 mb)\ntrain    .zip (543.16 mb)"
    },
    "36": {
      "summary": "0\n\n: 0\n\n: 0\n\n: 0\n\n: 0\n\n: 0\n\n: 0\n\n: 0\n\n: 0\n\n: 0\n\n: 0\n\n: 0\n\n: 0\n\n: 0\n\n: 0\n\n: 0\n\n: 0\n\n: 0\n\n: 0\n\n: 0\n\n: 0\n\n: 0\n\n: 0\n\n: 0\n\n: 0\n\n: 0\n\n: 0\n\n: 0\n\n: 0\n\n: 0\n\n: 0\n\n: 0\n\n: 0\n\n: 0\n\n: 0\n\n: 0\n\n: 0\n\n: 0\n\n: 0\n\n: 0\n\n: 0\n\n: 0\n\n: 0\n\n: 0\n\n: 0\n\n: 0\n\n: 0\n\n: 0\n\n: 0\n\n: 0\n\n: 0\n\n: 0\n\n: 0\n\n: 0\n\n: 0\n\n: 0\n\n: 0\n\n: 0\n\n: 0\n\n: 0\n\n: 0\n\n: 0\n\n: 0\n\n: 0\n\n: 0\n\n: 0\n\n: 0\n\n: 0\n\n: 0\n\n: 0\n\n: 0\n\n: 0\n\n: 0\n\n: 0\n\n: 0\n\n: 0\n\n: 0\n\n: 0\n\n: 0\n\n: 0\n\n: 0\n\n: 0\n\n: 0\n\n: 0\n\n: 0\n\n: 0\n\n: 0\n\n: 0\n\n: 0\n\n: 0\n\n: 0\n\n: 0\n\n: 0\n\n: 0\n\n: 0\n\n: 0\n\n: 0\n\n: 0\n\n: 0\n\n: 0\n\n: 0\n\n: 0\n\n: 0\n\n: 0\n\n: 0\n\n: 0\n\n: 0\n\n: 0\n\n: 0\n\n: 0\n\n: 0\n\n: 0\n\n: 0\n\n: 0\n\n: 0\n\n: 0\n\n: 0\n\n: 0\n\n: 0\n\n: 0\n\n: 0\n\n: 0\n\n: 0\n\n: 0\n\n: 0\n\n: 0\n\n: 0\n\n: 0\n\n: 0\n\n: 0\n\n: 0\n\n: 0\n\n: 0\n\n: 0\n\n: 0\n\n: 0\n\n: 0\n\n: 0\n\n: 0\n\n: 0\n\n: 0\n\n: 0\n\n: 0\n\n: 0\n\n: 0\n\n: 0\n\n: 0\n\n: 0\n\n: 0\n\n: 0\n\n: 0\n\n: 0\n\n: 0\n\n: 0\n\n: 0\n\n: 0\n\n: 0\n\n: 0\n\n: 0\n\n: 0\n\n: 0\n\n: 0\n\n: 0\n\n: 0\n\n: 0\n\n: 0\n\n: 0\n\n: 0\n\n: 0\n\n: 0\n\n: 0\n\n: 0\n\n: 0\n\n: 0\n\n: 0\n\n: 0\n\n: 0\n\n: 0\n\n: 0\n\n: 0\n\n: 0\n\n: 0\n\n: 0\n\n: 0\n\n: 0\n\n: 0\n\n: 0\n\n: 0\n\n: 0\n\n: 0\n\n: 0\n\n: 0\n\n: 0\n\n: 0\n\n: 0\n\n: 0\n\n: 0\n\n: 0\n\n: 0\n\n: 0\n\n: 0\n\n: 0\n\n: 0\n\n: 0\n\n: 0\n\n: 0\n\n: 0\n\n: 0\n\n: 0\n\n: 0\n\n: 0\n\n: 0\n\n: 0\n\n: 0\n\n: 0\n\n: 0\n\n: 0\n\n: 0\n\n: 0\n\n: 0\n\n: 0\n\n: 0\n\n: 0\n\n: 0\n\n: 0\n\n: 0\n\n: 0\n\n: 0\n\n: 0\n\n: 0\n\n: 0\n\n: 0\n\n: 0\n\n: 0\n\n: 0\n\n: 0\n\n: 0\n\n: 0\n\n: 0\n\n: 0\n\n: 0\n\n: 0\n\n: 0\n\n: 0\n\n: 0\n\n: 0\n\n: 0\n\n: 0\n\n: 0\n\n: 0\n\n: 0\n\n: 0\n\n: 0\n\n: 0\n\n: 0\n\n: 0\n\n: 0\n\n: 0\n\n: 0\n\n: 0\n\n: 0\n\n: 0\n\n: 0\n\n: 0\n\n: 0\n\n: 0\n\n: 0\n\n: 0\n\n: 0\n\n: 0\n\n: 0\n\n: 0\n\n: 0\n\n: 0\n\n: 0\n\n: 0\n\n: 0\n\n: 0\n\n: 0\n\n: 0\n\n: 0\n\n: 0\n\n: 0\n\n: 0\n\n: 0\n\n: 0\n\n: 0\n\n: 0\n\n: 0\n\n: 0\n\n: 0\n\n: 0\n\n: 0\n\n: 0\n\n: 0\n\n: 0\n\n: 0\n\n: 0\n\n: 0\n\n: 0\n\n: 0\n\n: 0\n\n: 0\n\n: 0\n\n: 0\n\n: 0\n\n: 0\n\n: 0\n\n: 0\n\n: 0\n\n: 0\n\n: 0\n\n: 0\n\n: 0\n\n: 0\n\n: 0\n\n: 0\n\n: 0\n\n: 0\n\n: 0\n\n: 0\n\n: 0\n\n: 0\n\n: 0\n\n: 0\n\n: 0\n\n: 0\n\n: 0\n\n: 0\n\n: 0\n\n: 0\n\n: 0\n\n: 0\n\n: 0\n\n: 0\n\n: 0\n\n: 0\n\n: 0\n\n: 0\n\n: 0\n\n: 0\n\n: 0\n\n: 0\n\n: 0\n\n: 0\n\n: 0\n\n: 0\n\n: 0\n\n: 0\n\n: 0\n\n: 0\n\n: 0\n\n: 0\n\n: 0\n\n: 0\n\n: 0\n\n: 0\n\n: 0\n\n: 0\n\n: 0\n\n: 0\n\n: 0\n\n: 0\n\n: 0\n\n: 0\n\n: 0\n\n: 0\n\n: 0\n\n: 0\n\n: 0\n\n: 0\n\n: 0\n\n: 0\n\n: 0\n\n: 0\n\n: 0\n\n: 0\n\n: 0\n\n: 0\n\n: 0\n\n: 0\n\n: 0\n\n: 0\n\n: 0\n\n: 0\n\n: 0\n\n: 0\n\n: 0\n\n: 0\n\n: 0\n\n: 0\n\n: 0\n\n: 0\n\n: 0\n\n: 0\n\n: 0\n\n: 0\n\n: 0\n\n: 0\n\n: 0\n\n: "
    },
    "37": {
      "summary": "97% accuracy in < 1h\n\nMultiLayer Perceptron\n\n\n(picture by Dato)"
    },
    "38": {
      "summary": "1 Load Pretrained Net\n\nconv1 conv2 conv3 conv4 conv5 fc6 fc7 fc8\n\nConvolution 11x11 with stride 4 96 256 384 384 256 Dense Connection\n\n55 55 27 13 13 13 13 13\n\nMax-Pooling Response Normalization Max-Pooling Response Normalization Max-Pooling Response Normalization\n\n1000 neurons\n\n2 Extract features for all training images\n\n4096 neurons neurons\n\nfeatures\n\n3. train MLP on those features\n\nimage a11 a12 a13\n\na21 a22 a23\n\nimage a31 a32 a33"
    },
    "39": {
      "summary": "1 Load Pretrained Net\n\nconv1 conv2 conv3 conv4 conv5 fc6 fc7 fc8\n\nConvolution 11x11 with stride 4 Convolution 55 256 27 13 384 13 13 13 13 13 13 13 13 13 13 13 13 13 13 13 13 13 13 13 13 13 13 13 13 13 13 13 13 13 13 13 13 13 13 13 13 13 13 13 13 13 13 13 13 13 13 13 13 13 13 13 13 13 13 13 13 13 13 13 13 13 13 13 13 13 13 13 13 13 13 13 13 13 13 13 13 13 13 13 13 13 13 13 13 13 13 13 13 13 13 13 13 13 13 13 13 13 13 13 13 13 13 13 13 13 13 13 13 13 13 13 13 13 13 13 13 13 13 13 13 13 13 13 13 13 13 13 13 13 13 13 13 13 13 13 13 13 13 13 13 13 13 13 13 13 13 13 13 13 13 13 13 13 13 13 13 13 13 13 13 13 13 13 13 13 13 13 13 13 13 13 13 13 13 13 13 13 13 13 13 13 13 13 13 13 13 13 13 13 13 13 13 13 13 13 13 13 13 13 13 13 13 13 13 13 13 13 13 13 13 13 13 13 13 13 13 13 13 13 13 13 13 13 13 13 13 13 13 13 13 13 13 13 13 13 13 13 13 13 13 13 13 13 13 13 13 13 13 13 13 13 13 13 13 13 13 13 13 13 13 13 13 13 13 13 13 13 13 13 13 13 13 13 13 13 13 13 13 13 13 13 13 13 13 13 13 13 13 13 13 13 13 13 13 13 13 13 13 13 13 13 13 13 13 13 13 13 13 13 13 13 13 13 13 13 13 13 13 13 13 13 13 13 13 13 13 13 13 13 13 13 13 13 13 13 13 13 13 13 13 13 13 13 13 13 13 13 13 13 13 13 13 13 13 13 13 13 13 13 13 13 13 13 13 13 13 13 13 13 13 13 13 13 13 13 13 13 13 13 13 13 13 13 13 13 13 13 13 13 13 13 13 13 13 13 13 13 13 13 13 13 13 13 13 13 13 13 13 13 13 13 13 13 13 13 13 13 13 13 13 13 13 13 13 13 13 13 13 13 13 13 13 13 13 13 13 13 13 13 13 13 13 13 13 13 13 13 13 13 13 13 13 13 13 13 13 13 13 13 13 13 13 13 13 13 13 13 13 13 13 13 13 13 13 13 13 13 13 13 13 13 13 13 13 13 13 13 13 13 13 13 13 13 13 13 13 13 13 13 13 13 13 13 13 13 13 13 13 13 13 13 13 13 13 13 13 13 13 13 13 13 13 13 13 13 13 13 13 13 13 13 13 13 13 13 13 13 13 13 13 13 13 13 13 13 13 13 13 13 13 13 13 13 13 13 13 13 13 13 13 13 13 13 13 13 13 13 13 13 13 13 13 13 13 13 13 13 13 13 13 13 13 13 13 13 13 13 13 13 13 13 13 13 13 13 13 13 13 13 13 13 13 13 13 13 13 13 13 13 13 13 13 13 13 13 13 13 13 13 13 13 13 13 13 1"
    },
    "40": {
      "summary": "18 revisions\n\nTrained models are posted here as links to Github Gists. Check out the model zoo documentation for details.\n\nTo acquire a model:\n\n1. download the model gist by ./scripts/download_model_from_gist.sh <gist_id> <dirname> to load the model metadata, architecture, solver configuration, and so on. (<dirname> is optional and defaults to caffe/models).\n\n2. download the model weights by ./scripts/download_model_binary.py <model_dir> where <model_dir> is the gist directory from the first step.\n\nBerkeley-trained models\n\n- Finetuning on Flickr Style: same as provided in models/, but listed here as a Gist for an example.\n- BVLC GoogleNet\n\nNetwork in Network model"
    },
    "41": {
      "summary": "3\n\nTo import a notebook, drag the file onto the listing below or click\n\ncaffe / models / bvlc_reference_caffenet\n\nbvlc_reference_caffenet.caffenetmodel\n\ndeploy.prototxt\n\nreadme.md\n\nsolver.prototxt\n\ncurrent mode\n\nnet:\n\"models/bvlc_reference_caffenet/train_val.prototxt\"\ntest_iter: 1000\ntest_interval: 1000\nbase_lr: 0.01\nlr_policy: \"step\"\ngamma: 0.1\nstepsize: 100000\ndisplay: 20\nmax_iter: 450000\nmomentum: 0.9\nweight_decay: 0.0005\nsnapshot: 10000\nsnapshot_prefix:\n\"models/bvlc_reference_caffenet/caffenet_train\"\nsolver_mode: GPU"
    },
    "42": {
      "summary": "1\n%matplotlib inline\nimport logging\nfrom glob import glob\nfrom random import shuffle\nimport pickle\n\n# Make sure that caffe is on the python path:\ncaffe_root = '../'\nimport sys\nsys.path.insert(0, caffe_root + 'python')\nimport caffe\n\nimport numpy as np\nimport matplotlib.pyplot as plt\nimport matplotlib.image as mpimg"
    },
    "43": {
      "summary": "../../models/bvlc_reference_caffenet/deploy.prototxt'\n: ../../models/bvlc_reference_caffenet/bvlc_reference_caffenet.caffemodel'\n\npng_to_np(basedir, fetch_target=False):\n    logging.getLogger().setLevel(logging.INFO)\n    caffe.set_mode_gpu()\n    net = caffeClassifier(MODEL_FILE, PRETRAINED,\n    mean=np.load(caffe_root + 'python/caffe/imagenet/\n    ilsvrc_2012_mean.npy').mean(1).mean(1),\n    channel_swap=(2,1,0),\n    raw_scale=255,\n    image_dims=(256, 256))\n\nconvnet from Krizhevsky et al.'s NIPS 2012 ImageNet classification paper)"
    },
    "44": {
      "summary": "1 Load Pretrained Net\n\nconv1 conv2 conv3 conv4 conv5 fc6 fc7 fc8\n\nConvolution 11x11 with stride 4 96 256 384 384 256 Dense Connection\n\n55 55 27 13 13 13 13\n\nMax-Pooling Max-Pooling Max-Pooling Max-Pooling\n\nResponse Normalization Response Normalization Response Normalization Response Normalization\n\n1000 neurons\n\n**2 Extract features for all training images**\n\n4096 neurons neurons\n\n\nfeatures\n\nimage\n\na11 a12 a13\n\na21 a22 a23\n\na31 a32 a33"
    },
    "45": {
      "summary": "1\n\ndef activate(net, im):\ninput_image = caffe.io.load_image(im)\n# Resize the image to the standard (256, 256) and oversample net input\nsized crops.\ninput_oversampled = caffe.io.oversample([caffe.io.resize_image(input_image\n, net.image_dims)], net.crop_dims)\n# 'data' is the input blob name in the model definition, so we preprocess\nfor that input.\ncaffe_input = np.asarray([net.transformer.preprocess('data', in_) for in_\nin input_oversampled])\n# forward() takes keyword args for the input blobs with preprocessed input\narrays.\npredicted = net.forward(data=caffe_input)\n# Activation of all convolutional layers and first fully connected\nfeat = net.blobs['fc6'].data[0]\nreturn feat"
    },
    "46": {
      "summary": "15 feature_info = activate(net, files[0]) feature_count = feature_info.shape[0] feature_dtype = feature_info.dtype data = np.zeros((len(files), feature_count), dtype=feature_dtype) for n, im in enumerate(files):    data[n, :] = activate(net, im)    if n % 1000 == 0:        print 'Reading in image', n return data, target, files"
    },
    "47": {
      "summary": " x, y, filenames = png_to_np(\n    '/mnt/pet/train/', fetch_target=True)\npickle.dump(x, open('saved_x_v2.pkl', 'wb'))\npickle.dump(y, open('saved_y_v2.pkl', 'wb'))\npickle.dump(filenames, open('saved_filenames_v2.pkl', 'wb'))\n\nReading in image 0\nReading in image 1000\nReading in image 2000\nReading in image 3000\nReading in image 4000\nReading in image 5000\nReading in image 6000\nReading in image 7000\nReading in image 8000\n\n(...)"
    },
    "48": {
      "summary": "1 Load Pretrained Net\n\nconv1 conv2 conv3 conv4 conv5 fc6 fc7 fc8\n\nconv1x11 with stride 4 conv1x11 96 256 384 conv1x11 384 256 Dense Connection\n\nconv1x11 55 55 27 13 13 13 13 13\n\nMax-Pooling Max-Pooling Max-Pooling Max-Pooling\n\nResponse Normalization Response Normalization Response Normalization Response Normalization\n\n1000 neurons\n\n2 Extract features for all training images\n\n4096 neurons neurons\n\nfeatures\n\n3. train MLP on those features\n\nimage a11 a12 a13\n\na21 a22 a23\n\nimage a31 a32 a33"
    },
    "49": {
      "summary": "2: 2: 2: 2: 2: 2: 2: 2: 2: 2: 2: 2: 2: 2: 2: 2: 2: 2: 2: 2: 2: 2: 2: 2: 2: 2: 2: 2: 2: 2: 2: 2: 2: 2: 2: 2: 2: 2: 2: 2: 2: 2: 2: 2: 2: 2: 2: 2: 2: 2: 2: 2: 2: 2: 2: 2: 2: 2: 2: 2: 2: 2: 2: 2: 2: 2: 2: 2: 2: 2: 2: 2: 2: 2: 2: 2: 2: 2: 2: 2: 2: 2: 2: 2: 2: 2: 2: 2: 2: 2: 2: 2: 2: 2: 2: 2: 2: 2: 2: 2: 2: 2: 2: 2: 2: 2: 2: 2: 2: 2: 2: 2: 2: 2: 2: 2: 2: 2: 2: 2: 2: 2: 2: 2: 2: 2: 2: 2: 2: 2: 2: 2: 2: 2: 2: 2: 2: 2: 2: 2: 2: 2: 2: 2: 2: 2: 2: 2: 2: 2: 2: 2: 2: 2: 2: 2: 2: 2: 2: 2: 2: 2: 2: 2: 2: 2: 2: 2: 2: 2: 2: 2: 2: 2: 2: 2: 2: 2: 2: 2: 2: 2: 2: 2: 2: 2: 2: 2: 2: 2: 2: 2: 2: 2: 2: 2: 2: 2: 2: 2: 2: 2: 2: 2: 2: 2: 2: 2: 2: 2: 2: 2: 2: 2: 2: 2: 2: 2: 2: 2: 2: 2: 2: 2: 2: 2: 2: 2: 2: 2: 2: 2: 2: 2: 2: 2: 2: 2: 2: 2: 2: 2: 2: 2: 2: 2: 2: 2: 2: 2: 2: 2: 2: 2: 2: 2: 2: 2: 2: 2: 2: 2: 2: 2: 2: 2: 2: 2: 2: 2: 2: 2: 2: 2: 2: 2: 2: 2: 2: 2: 2: 2: 2: 2: 2: 2: 2: 2: 2: 2: 2: 2: 2: 2: 2: 2: 2: 2: 2: 2: 2: 2: 2: 2: 2: 2: 2: 2: 2: 2: 2: 2: 2: 2: 2: 2: 2: 2: 2: 2: 2: 2: 2: 2: 2: 2: 2: 2: 2: 2: 2: 2: 2: 2: 2: 2: 2: 2: 2: 2: 2: 2: 2: 2: 2: 2: 2: 2: 2: 2: 2: 2: 2: 2: 2: 2: 2: 2: 2: 2: 2: 2: 2: 2: 2: 2: 2: 2: 2: 2: 2: 2: 2: 2: 2: 2: 2: 2: 2: 2: 2: 2: 2: 2: 2: 2: 2: 2: 2: 2: 2: 2: 2: 2: 2: 2: 2: 2: 2: 2: 2: 2: 2: 2: 2: 2: 2: 2: 2: 2: 2: 2: 2: 2: 2: 2: 2: 2: 2: 2: 2: 2: 2: 2: 2: 2: 2: 2: 2: 2: 2: 2: 2: 2: 2: 2: 2: 2: 2: 2: 2: 2: 2: 2: 2: 2: 2: 2: 2: 2: 2: 2: 2: 2: 2: 2: 2: 2: 2: 2: 2: 2: 2: 2: 2: 2: 2: 2: 2: 2: 2: 2: 2: 2: 2: 2: 2: 2: 2: 2: 2: 2: 2: 2: 2: 2: 2: 2: 2: 2: 2: 2: 2: 2: 2: 2: 2: 2: 2: 2: 2: 2: 2: 2: 2: 2: 2: 2: 2: 2: 2: 2: 2: 2: 2: 2: 2: 2: 2: 2: 2: 2: 2: 2: 2: 2: 2: 2: 2: 2: 2: 2: 2: 2: 2: 2: 2: 2: 2: 2: 2: 2: 2: 2: 2: 2: 2: 2: 2: 2: 2: 2: 2: 2: 2: 2: 2: 2: 2: 2: 2: 2: 2: 2: 2: 2: 2: 2: 2: 2: 2: 2: 2: 2: 2: 2: 2: 2: 2: 2: 2: 2: 2: 2: 2: 2: 2: 2: 2: 2: 2: 2: 2: 2: 2: 2: 2: 2: 2: 2: 2: 2: 2: 2: 2: 2: 2: 2: 2: 2: 2: 2: 2: 2: 2: 2: 2: 2: 2: 2: 2: 2: 2: 2: 2: 2: 2: 2: 2: 2: 2: 2: 2: 2: 2: 2: 2: 2: 2: 2: 2: 2: 2: 2: 2: 2: 2: 2: 2: 2: 2: 2: 2: 2: 2: 2: 2: 2: 2: 2: 2: 2: 2: 2: 2: 2: 2:"
    },
    "50": {
      "summary": "1\nx = pickle.load(open('saved_x_v2.pkl', 'rb'))\ny = pickle.load(open('saved_y_v2.pkl', 'rb'))\nfilenames = pickle.load(open('saved_filenames_v2.pkl', 'rb'))\ny = to_one_hot(y)\nin_space = VectorSpace(dim=x.shape[1])\nfull = DenseDesignMatrix(X=x, y=y)"
    },
    "51": {
      "summary": "1 = mlp.RectifiedLinear(layer_name='l1', sparse_init=12, dim=5000, max_col_norm=1.)\n: 2 = mlp.RectifiedLinear(layer_name='l2', sparse_init=12, dim=5000, max_col_norm=1.)\n: 3 = mlp.RectifiedLinear(layer_name='l3', sparse_init=12, dim=5000, max_col_norm=1.)\n: output = mlp.Softmax(layer_name='y', n_classes=2, irange=.005)\n: layers = [l1, l2, l3, output]\n: mdl = mlp.MLP(layers, input_space=in_space)\n: lr = .0001\n: epochs = 100\n: trainer = sgd.SGD(learning_rate=lr, batch_size=128, learning_rule=learning_rule.Momentum(.5), cost=Dropout(input_include_probs={'l1': .8}, input_scales={'l1': 1.}), termination_criterion=EpochCounter(epochs), monitoring_dataset={'train': full})\ndemo"
    },
    "52": {
      "summary": "1\n# no sklearn.cross_validation > train_test_split\n# own test/train split so we can also link filenames\nsplitter = round(len(x)*0.8)\nX_train, X_test = x[:splitter],x[splitter:]\ny_train, y_test = y[:splitter],y[splitter:]\nfilenames_train, filenames_test = filenames[:splitter],filenames[splitter:]\npickle.dump(X_train, open('saved_feat_x_train_v2.pkl', 'wb'))\npickle.dump(X_test, open('saved_feat_x_test_v2.pkl', 'wb'))\npickle.dump(y_train, open('saved_feat_y_train_v2.pkl', 'wb'))\npickle.dump(y_test, open('saved_feat_y_test_v2.pkl', 'wb'))\npickle.dump(filenames_train, open('saved_feat_filenames_train_v2.pkl', 'wb'))\npickle.dump(filenames_test, open('saved_feat_filenames_test_v2.pkl', 'wb'))"
    },
    "53": {
      "summary": "1 #liftoff!\n2 trn = DenseDesignMatrix(X=X_train, y=y_train)\n3 tst = DenseDesignMatrix(X=X_test, y=y_test)\n4 trainer.monitoring_dataset={'valid':tst,\n5 'train':trn}\n6 experiment.main_loop()\n\nIn [ * ]: trn = DenseDesignMatrix(X=X_train, y=y_train)\ntst = DenseDesignMatrix(X=X_test, y=y_test)\ntrainer.monitoring_dataset={'valid':tst,\n'train':trn}\nexperiment.main_loop()\n\nParameter and initial learning rate summary:\n11_W: 9.99999974738e-05\n11_b: 9.99999974738e-05\n12_W: 9.99999974738e-05\n12_b: 9.99999974738e-05\n13_W: 9.99999974738e-05\n13_b: 9.99999974738e-05\nsoftmax_b: 9.99999974738e-05\nsoftmax_W: 9.99999974738e-05\n\nCompiling sgd_update...\nCompiling sgd_update done. Time elapsed: 1.686666 seconds\ncompiling begin_record_entry...\ncompiling begin_record_entry done. Time elapsed: 0.548132 seconds\nMonitored channels:\nlearning_rate\nmomentum\ntotal_seconds_last_epoch\n\n(...)\n\nalready after 5 min: valid_y_misclass: 0.061999998989867"
    },
    "54": {
      "summary": "319 : 1 plot.plot(score_train[2:]) plot.plot(score_test[2:])\n\n: 319 : [<matplotlib.lines.Line2D at 0x7f517c694450>] accuracy\n\n<table>50%90%00.050.05100.040.04200.030.03300.0250.025400.020.02500.0180.018600.0150.015700.0120.012800.010.01900.0090.0091000.0080.008</table>"
    },
    "55": {
      "summary": "319 :  plt.plot(score_train[2:]) \nplt.plot(score_test[2:])\n\n: 319 :  [<matplotlib.lines.Line2D at 0x7f517c694450>] \n\naccuracy\n\n94%  97%\n\nstart at iteration #2    1 hour"
    },
    "56": {
      "summary": "380: input_image = caffe.io.load_image('google-glasses-cat-2.jpg') plt.imshow(input_image)\n\n: 380: <matplotlib.image.AxesImage at 0x7f51a017d410>\n\n\n\n\nIn [381]: feat = getfeat_single_image('google-glasses-cat-2.jpg')  #run image through cnn x = feat y = f([x])  #run feature through DBN > out: prediction if y:    print \"WOOF!\" else:    print \"MEOW!\"\n\nMEOW!"
    },
    "57": {
      "summary": " So are YOU more like a Dog or Cat?\n\nCAT vs DOG\n\nDETECTOR"
    },
    "58": {
      "summary": " C pycon:8005/index.html\n\nCAT or DOG, that's the question...\n\nI might put it up as a Flask site online, if people are interested?)\n\n\n\n\nWhat about me?\n\n\n\n<table>NoneNoneNoneNoneNoneNoneNone<td rowspan=\"2\"><td colspan=\"2\" rowspan=\"1\"><td rowspan=\"_<td rowspan=\"2\"><td rowspan=\"2\"><td rowspan=\"2\"><td rowspan=\"3\"><td rowspan=\"3\"><td rowspan=\"3\"><td rowspan=\"\" rowspan=\"3\"><td rowspan=\"3\"><td rowspan=\"3\"><td rowspan=\"3\">None</table>\n\n\n\n<table>NoneNoneNoneNoneNoneNone<td colspan=\"2\" rowspan=\"1\"><td rowspan=\"2\"><td rowspan=\"2\"><td rowspan=\"2\"><td rowspan=\"2\"><td rowspan=\"3\"><td rowspan=\"3\"><td rowspan=\"3\"><td rowspan=\"\" rowspan=\"3\"><td rowspan=\"3\"><td rowspan=\"3\"><td rowspan=\"3\">NoneNoneNone</table>\n\n\n\n<table>NoneNoneNoneNoneNoneNone<td colspan=\"2\" rowspan=\"1\"><td rowspan=\"2\"><td colspan=\"2\" rowspan=\"1\">"
    },
    "59": {
      "summary": "0 views · 2 seconds ago · 0 views · stats"
    },
    "60": {
      "summary": "2015-05-12 12:12:00-- http://i.imgur.com/oMJyDO0.jpg\n\nResolving i.imgur.com (i.imgur.com)... 199.27.76.193\n\nConnecting to i.imgur.com (i.imgur.com)|199.27.76.193|:80... connected.\n\nHTTP request sent, awaiting response... 200 OK\n\nLength: 58456 (57K) [image/jpeg]\n\nSaving to: 'oMJyDO0.jpg'\n\n100%[======================================>] 58,456 --K/s in 0.02s\n\n2015-05-12 12:12:00 (2.97 MB/s) - 'oMJyDO0.jpg' saved [58456/58456]\n\nIn [393]: input_image = caffe.io.load_image('oMJyDO0.jpg')\nplt.imshow(input_image)\n\nOut[393]: <matplotlib.image.AxesImage at 0x7f51aefe5e50>\n\n\n\n\n<table>01002003004005006000000000010000000002000000000</table>"
    },
    "61": {
      "summary": "395:\n\nIn [395]:\n\nfeat = getfeat_single_image('rQ4bKra.jpg')  #run image t\nx = feat\ny = f([x])  #run feature through DBN > out: prediction\nif y:\n    print \"WOOF I'm a Dog!\"\nelse:\n    print \"MEOW I'm a Cat!\"\n\nWOOF I'm a Dog!"
    },
    "62": {
      "summary": "395:\n\nIn [395]:\n\nfeat = getfeat_single_image('rQ4bKra.jpg')  #run image t\nx = feat\ny = f([x])  #run feature through DBN > out: prediction\nif y:\n    print \"WOOF I'm a Dog!\"\nelse:\n    print \"MEOW I'm a Cat!\"\n\nWOOF I'm a Dog!\n\nCAT vs DOG"
    },
    "63": {
      "summary": ":\n\n\nEASY PIEZY...\n\nblink.net"
    },
    "64": {
      "summary": "在 Touch!\n\nAcademic/Research\n\nas PhD candidate KTH/CSC:\n“Always interested in discussing Machine Learning, Deep Architectures, Graphs, and Language Technology”\n\nGve Systems\nGraph Technologies\n\nKTH\nVETENSKAP\nOCH KONST\n\nROYAL INSTITUTE\nOF TECHNOLOGY\n\nMACHINE\nLEARNING\nPOWER TO THE DATA\n\nroelof@kth.se\nwww.csc.kth.se/~roelof/\n\nroelof@graph-systems.com\nwww.graph-technologies.com"
    },
    "65": {
      "summary": "1\n\nHome Members Sponsors Photos Pages Discussions More Group tools My profile\n\nStockholm, Sweden\n\nFounded Feb 21, 2015\n\nAbout us...\n\nDatamaniacs 295\n\nGroup reviews 6\n\nPast Meetups 2\n\nOur calendar\n\nOrganizer:\nRoelof\nPieters\n\nWe're about:\nBig Data Analytics · Artificial Intelligence · Open Source · Software Development · New Technology · Big Data · Natural Language Processing · Machine Learning · Data\n\nWelcome!\nSCHEDULE A NEW MEETUP\n\nUpcoming Past Calendar\n\nApril 20 - 6:00 PM\nDeep Learning for Bioinformatics\n\n103 Datamaniacs | 40 Photos\n\nAgenda: • 18:00 - 18:15 Grab a coffee/beer and get ready to rumble... • 18:15 - 18:30 Welcome • 18:30 - 19:00 Roelof Pieters: Deep Learning, a birds eye view • 19:00 - ... LEARN MORE\n\nMarch 10 - 6:00 PM\nKickoff! Deep Learning: Revolution or Hype in DataScience?\n\n144 Datamaniacs | 35 Photos\n\nDeep Learning is kicking off everywhere (see this front page article in the New York Times for example)! There is good reason to be excited about deep learning, as it's... LEARN MORE\n\nMORE\nNEW MEMBER Stefan Avesand joined 4 days ago\n\nNEW MEMBER Måns Magnusson joined"
    },
    "66": {
      "summary": " CPU/GPU symbolic expression compiler in python (from LISA lab at University of Montreal). http://deeplearning.net/software/theano/\n\n: library designed to make machine learning research easy. http://deeplearning.net/software/pylearn2/\n\n: Matlab-like environment for state-of-the-art machine learning algorithms in lua (from Ronan Collobert, Clement Farabet and Koray Kavukcuoglu) http://torch.ch/\n\n: more info: http://deeplearning.net/software links/"
    },
    "67": {
      "summary": " RNNLM (Mikolov)\nhttp://rnnlm.org\n\n: NB-SVM\nhttps://github.com/mesnilgr/nbsvm\n\n: Word2Vec (skipgrams/cbow)\nhttps://code.google.com/p/word2vec/ (original)\nhttp://radimrehurek.com/gensim/models/word2vec.html (python)\n\n: GloVe\nhttp://nlp.stanford.edu/projects/glove/ (original)\nhttps://github.com/maciejkula/glove-python (python)\n\n: Socher et al / Stanford RNN Sentiment code:\nhttp://nlp.stanford.edu/sentiment/code.html\n\n: Deep Learning without Magic Tutorial:\nhttp://nlp.stanford.edu/courses/NAACL2013/"
    },
    "68": {
      "summary": " cuda-convnet2 (Alex Krizhevsky, Toronto) (c++/ CUDA, optimized for GTX 580) https://code.google.com/p/cuda-convnet2/\n\n• Caffe (Berkeley) (Cuda/OpenCL, Theano, Python) http://caffe.berkeleyvision.org/\n\n• OverFeat (NYU) http://cilvr.nyu.edu/doku.php?id=code:start"
    }
  }
}
