{
  "doc_id": "competitiveoutcomes-091006065143-phpapp01_95.pdf",
  "pages": {
    "1": {
      "summary": " The power of competitive focus\n\nDr. Russell James III  \nTexas Tech University"
    },
    "2": {
      "summary": " A special case: Competitive focus\n\nDecisions dominated by the short-term, impulsive self tend to reduce future happiness\n\n1. Excessive future discounting\n2. Finding negative addictions\n3. Avoiding positive addictions\n\nBut, for some, decision training is also important because of the potential for competitive mastery resulting from focus."
    },
    "3": {
      "summary": " The rider can understand the cumulative benefits of focus over many years.\n\nThe elephant gets bored with repetition and wants to move on to the next new experience.\n\nThe rider can understand the cumulative benefits of focus over many years.\n\nThe elephant gets bored with repetition and wants to move on to the next new experience.\n\nThe rider can understand the cumulative benefits of focus over many years.\n\nThe elephant gets bored with repetition and wants to move on to the next new experience.\n\nThe rider can understand the cumulative benefits of focus over many years.\n\nThe elephant gets bored with repetition and wants to move on to the next new experience.\n\nThe rider can understand the cumulative benefits of focus over many years.\n\nThe elephant gets bored with repetition and wants to move on to the next new experience.\n\nThe rider can understand the cumulative benefits of focus over many years.\n\nThe elephant gets bored with repetition and wants to move on to the next new experience.\n\nThe rider can understand the cumulative benefits of focus over many years.\n\nThe elephant gets bored with repetition and wants to move on to the next new experience.\n\nThe rider can understand the cumulative benefits of focus over many years.\n\nThe elephant gets bored with repetition and wants to move on to the next new experience.\n\nThe rider can understand the cumulative benefits of focus over many years.\n\nThe elephant gets bored with repetition and wants to move on to the next new experience.\n\nThe rider can understand the cumulative benefits of focus over many years.\n\nThe elephant gets bored with repetition and wants to move on to the next new experience.\n\nThe rider can understand the cumulative benefits of focus over many years.\n\nThe elephant gets bored with repetition and wants to move on to the next new experience.\n\nThe rider can understand the cumulative benefits of focus over many years.\n\nThe elephant gets bored with repetition and wants to move on to the next new experience.\n\nThe rid"
    },
    "4": {
      "summary": " In standard consumption economics, focusing is often bad\n\nVariety is important because diminishing marginal utility changes preferences. When enjoyment drops, we should switch to another choice.\n\n| Hot Dogs Consumed | Utility from Each Hot Dog |\n|-------------------|-------------------------|\n| 1                | +10                     |\n| 2                | +4                      |\n| 3                | 0                       |\n| 4                | -1                      |\n| 5                | -4                      |\n| 6                | -10                     |"
    },
    "5": {
      "summary": " In competition, the cumulative effect of focus may be good...\n\n| Diminishing marginal utility | Differential outcome |\n|--------------------------------|----------------------|\n| **Hot Dogs Consumed**         |                      |\n| 1                            | 0                    |\n| 2                            | -1                   |\n| 3                            | -2                   |\n| ...                          | ...                 |\n| 64                           | -40                  |\n| 65                           | -45                  |\n| 66                           | -50                  |\n| **Utility from Each Hot Dog**   |                      |\n| 1                            | 0                    |\n| 2                            | -1                   |\n| 3                            | -2                   |\n| ...                          | ...                 |\n| 63                           | -50                  |\n| 64                           | +5000                |\n| 65                           | +10000               |\n| 66                           | +1                   |\n\nPoint where Joey Chestnut ties Kobayashi for the 2007 championship\n\n| Diminishing marginal utility | Differential outcome |\n|--------------------------------|----------------------|\n| **Hot Dogs Consumed**         |                      |\n| 1                            | 0                    |\n| 2                            | -1                   |\n| 3                            | -2                   |\n| ...                          | ...                 |\n| 64                           | -40                  |\n| 65                           | -45                  |\n| 66                           | -50                  |\n| **Utility from Each Hot Dog**   |                      |\n| 1                            | 0                    |\n| 2                            | -1                   |\n| 3                            | -2                   |\n| ...     "
    },
    "6": {
      "summary": "0\n\n**Practice makes the game more fun to play because I know what I am doing.**\n\nPractice makes it more likely that I will win and I like winning.\n\nFocused practice may result in increased utility due to\n\n1. Improved activity experience due to accumulated skill (consumption capital)\n\n2. Improved activity outcome due to cumulative experience (human production capital)"
    },
    "7": {
      "summary": " How important is focus when trying to achieve mastery in some area?"
    },
    "8": {
      "summary": " Does musical talent exist?\n\nDoes athletic talent exist?\n\nObviously, Yes, Right?"
    },
    "9": {
      "summary": "0000\n\n\nA series of findings suggest that, assuming basic dexterity or height, talent is simply the result of accumulated hours of focused practice with appropriate feedback.\n\nSo, seriously...\n\nDoes musical talent exist?\n\nDoes athletic talent exist?"
    },
    "10": {
      "summary": "1. Professional performers\n\n2. Performance track university violin students judged “best” by professors\n\n3. Performance track university violin students judged “good” by professors\n\n4. Teacher track violin students"
    },
    "11": {
      "summary": "0\n\n**Best/Good:**\n\n**University violin**\n\n**students judged**\n\n**the best talent or**\n\n**good talent**\n\n**Teachers:**\n\n**Teacher-track**\n\n**violin students**\n\n**(not performers)**\n\n**Professionals:**\n\n**Professional**\n\n**violinists**\n\n\n**Can you find the talented violinists with fewer hours of practice?**\n\n\n**Note early**\n\n**divergence**\n\n\nEricsson (U. Colorado), Krampe, Tesche-Romer (Max Plank Institute - Berlin), 1993, The role of deliberate\n\n\npractice in the acquisition of expert performance, Psychological Review, 100, p. 379"
    },
    "12": {
      "summary": "5-20+ years of experience\n\nExpert Level Ability\n\nV.\n\nAmateur Level Ability"
    },
    "13": {
      "summary": "11000\n\n10000\n\n9000\n\n8000\n\n7000\n\n6000\n\n5000\n\n4000\n\n3000\n\n2000\n\n1000\n\n0\n\n4 6 8 10 12 14 16 18 20\n\nAge of the Pianists (Years)\n\nEstima\n\ned Accumu\n\nlated (Hours)\n\nNote early\n\ndivergence\n\n\nA retrospective study of expert-level and amateur-level adult piano players with 5-20+ years of practice.\n\nDoes “talent” seem to be related to hours of practice?\n\nEricsson (U. Colorado), Krampe, Tesche-Romer (Max Plank Institute - Berlin), 1993, The role of deliberate practice in the acquisition of expert performance, *Psychological Review*, 100, p. 385"
    },
    "14": {
      "summary": " There were no differences in general cognitive-motor skills.\n\n• But, there were differences in specific abilities including single-hand movements, mirror-image movements in both hands, and different movements in opposite hands."
    },
    "15": {
      "summary": "0\n\nInnate differences of piano experts?\n\nWere these specific hand skills\n\na) An example of innate talent?\n\nb) Simply a reflection of accumulated hours of practice?"
    },
    "16": {
      "summary": "2.4\n\n2.3\n\n2.2\n\n2.1\n\n2.0\n\n1.9\n\n2.0 2.5 3.0 3.5 4.0 4.5 5.0\n\nLog-Accumulated Practice (Hours)\n\nSingle Hands\n\nMirror Image Movements\n\n2.4\n\n2.3\n\n2.2\n\n2.1\n\n2.0\n\n1.9\n\n2.0 2.5 3.0 3.5 4.0 4.5 5.0\n\nLog-Accumulated Practice (Hours)\n\n2.8\n\n2.7\n\n2.6\n\n2.5\n\n2.4\n\n2.3\n\n2.2\n\n2.1\n\n2.0\n\n1.9\n\n2.0 2.5 3.0 3.5 4.0 4.5 5.0\n\nLog-Accumulated Practice (Hours)\n\n2.8\n\n2.7\n\n2.6\n\n2.5\n\n2.4\n\n2.3\n\n2.2\n\n2.1\n\n2.0\n\n1.9\n\n2.0 2.5 3.0 3.5 4.0 4.5 5.0\n\nLog-Accumulated Practice (Hours)\n\nDifferent Movements\n\n\n**Core physical ability differences reflect**\n\n**accumulated practice**\n\n\n**Experts are dark circles. Amateurs are empty circles.**\n\nEricsson (U. Colorado), Krampe, Tesche-Romer (Max Plank Institute - Berlin), 1993, The role of deliberate\n\npractice in the acquisition of expert performance, Psychological Review, 100, p. 385"
    },
    "17": {
      "summary": "16\n\nStudy of Belgian soccer players.\n\nAll about 25 years old.\n\nAll playing since they were about 5.\n\nNow some play in\n\nlocal competitions (“provincial”),\n\nsome in national competitions,\n\nsome in international competitions.\n\nAny difference?"
    },
    "18": {
      "summary": "3 groups, all playing in Belgian soccer leagues. All about 25 years old. All started playing at about age 5\n\n| INTERNATIONAL | NATIONAL | PROVINCIAL |\n|---|---|---|\n| 0    | 0    | 0    |\n| 1    | 1000   | 1000    |\n| 2    | 2000   | 2000    |\n| 3    | 3000   | 3000    |\n| 4    | 4000   | 4000    |\n| 5    | 5000   | 5000    |\n| 6    | 6000   | 6000    |\n| 7    | 7000   | 7000    |\n| 8    | 8000   | 8000    |\n| 9    | 9000   | 9000    |\n| 10    | 10000  | 10000   |\n| 11    | 11000  | 11000   |\n| 12    | 12000  | 12000   |\n| 13    | 13000  | 13000   |\n| 14    | 14000  | 14000   |\n| 15    | 15000  | 15000   |\n| 16    | 16000  | 16000   |\n| 17    | 17000  | 17000   |\n| 18    | 18000  | 18000   |\n\nHelsen, et al. (2000), The roles of talent, physical precocity, and practice in the development of soccer expertise, *Journal of Sports Sciences*\n\n\n**YEAR IN TIME CAREER**\n\n| YEARS INTO CAREER |\n|---|\n| 0    | 0    |\n| 1    | 1000   |\n| 2    | 2000   |\n| 3    | 3000   |\n| 4    | 4000   |\n| 5    | 5000   |\n| 6    | 6000   |\n| 7    | 7000   |\n| 8    | 8000   |\n| 9    | 9000   |\n| 10    | 10000  |\n| 11    | 11000  |\n| 12    | 12000  |\n| 13    | 13000  |\n| 14    | 14000  |\n| 15    | 15000  |\n| 16    | 16000  |\n| 17    | 17000  |\n| 18    | 18000  |\n| 19    | 19000  |\n| 20    | 20000  |\n| 21    | 21000  |\n| 22    | 22000  |\n| 23    | 23000  |"
    },
    "19": {
      "summary": " A study of soccer players in the UK age 9-18.\n\n: Differences between national-level players and local-level players in playing OTHER SPORTS."
    },
    "20": {
      "summary": " A study of soccer players in the UK age 9-18.\n\nAs compared with local-level youth players, did national-level youth players\n\nA) Accumulate more hours in other sports  \nB) Accumulate fewer hours in other sports  \nC) Accumulate the same number of hours in other sports"
    },
    "21": {
      "summary": "0\n\nAccumulated hours playing other sports\n\n<table>U-9U-10U-11U-12U-13U-14U-15U-17U-18Practice100250350450550650750850950Playful activities50100150200250300350400450Match-play50100150200250</table>\n\n\n\n\n<table>Age groupPracticePlayful activitiesMatch-playU-9100100100U-10125125125U-11150150150U-12175175175U-13200200200U-14225225225U-15250250250U-17300300300U-18350350350</table>\n\nA study of soccer players in the UK age 9-18.\n\nWard, et al (2007) The road to excellence: deliberate practice and the development of expertise. *High Ability Studies*, *18*, 119-153."
    },
    "22": {
      "summary": "0\n\n\nAccumulated hours of playing or practicing soccer matters.\n\nDoes the type of playing or practicing matter?\n\n\n: 0"
    },
    "23": {
      "summary": "3 soccer activities: Individual practice, team practice, playful activities\n\nDid national-level youth players\n\na) Get more hours in all three activities\n\nb) Get more hours in practice but fewer hours in playful activities\n\nc) Get more hours only in playful activities\n\nd) Get more hours in team practice and playful activities, but not in individual practice\n\ne) Get more hours in individual practice and playful activities, but not in team practice"
    },
    "24": {
      "summary": "0\n\na\n\n4000\n\n3500\n\n3000\n\n2500\n\n2000\n\n1500\n\n1000\n\n500\n\n0\n\nU-9 U-10 U-11 U-12 U-13 U-14 U-15 U-17 U-18\n\nAge group\n\nb\n\n4000\n\n3500\n\n3000\n\n2500\n\n2000\n\n1500\n\n1000\n\n500\n\n0\n\nU-9 U-10 U-11 U-12 U-13 U-14 U-15 U-17 U-18\n\nAge group\n\nA study of soccer players in the UK age 9-18.\n\nWard, et al (2007) The road to excellence: deliberate practice and the development of expertise. High Ability Studies, 18, 119-153."
    },
    "25": {
      "summary": "0\n\nThe rider can understand the cumulative benefits of deliberate focused practice over many years.\n\nThe elephant likes variety, but must be forced into focused repetition. The elephant likes to play around, but is not fond of deliberate practice.\n\nLong-term Patient Planner Impartial spectator Deliberative Cold state\n\nShort-term Impulsive Doer Passions Affective/Visceral Hot state"
    },
    "26": {
      "summary": " In the absence of adequate feedback, efficient learning is impossible and improvement only minimal even for highly motivated subjects. Hence mere repetition of an activity will not automatically lead to improvement...\"\n\n\nPractice ≠ Perfect\n\nPerfect Practice = Perfect\n\n\nReady for the Tour de France yet?\n\nEricsson (U. Colorado), Krampe, Tesche-Romer (Max Plank Institute - Berlin), 1993, The role of deliberate practice in the acquisition of expert performance, Psychological Review, 100, p. 367"
    },
    "27": {
      "summary": " The key challenge for aspiring expert performers is to avoid the arrested development associated with automaticity and .... to support continued learning and improvement, as shown in the upper arm of [the] Figure.\"\n\nEricsson, K. A. (Florida State U.), 2004, Deliberate practice and the acquisition and maintenance of expert performance in medicine and related disciplines. *Academic Medicine*, 79, S70-S81"
    },
    "28": {
      "summary": "0\n\nDoctors listened to recordings of heart sounds and murmurs of healthy and sick patients to diagnose the difference. Who was most accurate: new physicians completing residency (Residents), general practitioner physicians (GP), or cardiologists (Specialists)?\n\na) Specialists 1st, GPs 2nd, Residents 3rd  \nb) Specialists 1st, Residents 2nd, GPs 3rd  \nc) GPs 1st, Specialists 2nd, Residents 3rd  \nd) Residents 1st, Specialists 2nd, GPs 3rd  \ne) Residents 1st, GPs 2nd, Specialists 3rd.\n\nButterworth, J. (NYU), Reppert, E. (NYU), 1960, Auscultatory acumen in the general medical population. *Journal of the American Medical Association*, 174, 32–34. Graph from Ericsson, K. A. (Florida State U.), 2004, Deliberate practice and the acquisition and maintenance of expert performance in medicine and related disciplines. *Academic Medicine*, 79, S70-S81"
    },
    "29": {
      "summary": "2\n\n**Figure 4. Two trends for development of medical performance as a function of ex-**\n**perience and instruction.**\n\nButterworth, J. (NYU), Reppert, E. (NYU), 1960, Auscultatory acumen in the general medical population. Journal of the American Medical\n\n\n_Association, 174, 32–34. Graph from Ericsson, K. A. (Florida State U.), 2004, Deliberate practice and the acquisition and maintenance of expert_"
    },
    "30": {
      "summary": "108 college football players from 5 teams in the southeast.\n\nQuestion: What factors were different between starters and other team members?\n\n\n\n\nA study of 108 college football players from 5 teams in the southeast. Question: What factors were different between starters and other team members?"
    },
    "31": {
      "summary": "28 psychological questions grouped into seven subscales\n\nHeight in inches, weight in pounds, back squat maximum, bench press maximum, and forty yard dash.\n\nAge, small high school (3A or below), state of competition, mother’s education level, father’s education level, parental presence while living at home, high school GPA, and SAT total.\n\n*stepwise discriminant analysis (compares otherwise similar players)"
    },
    "32": {
      "summary": "3 factors were significant: age, one psychological subscale, and...\n\n1. Height in inches\n2. weight in pounds\n3. back squat maximum\n4. bench press maximum\n5. forty yard dash\n6. small high school (3A or below)\n7. state of competition\n8. mother’s education level\n9. father’s education level\n10. parental presence while living at home\n11. high school GPA\n12. SAT total\n\n*stepwise discriminant analysis (compares otherwise similar players)"
    },
    "33": {
      "summary": " A study of college football players\n\nSignificant differences in starters: age, one psychological subscale and...\n\nnot being from a small high school (3A or below).\n\n“While smaller schools may be playing both sides of the ball, or “Ironman Football,” larger school athletes may be able to hone their abilities at one position... A large school athlete may spend more time with coaches... This increases the number of focused, directed practice hours an individual obtains in a given season.”\n\nSpieler, Czech, Joyner, Munkasy, Gentner & Long, 2007, Predicting Athletic Success: Factors Contributing to the Success of NCAA Division I AA Collegiate Football Players. Athletic insight: The online journal of sport psychology, 9(2)"
    },
    "34": {
      "summary": " Does “elephant” control predict college football starting status?\n\nThe significant psychological subscale was:\n\n1. I maintain emotional control no matter how things are going for me.\n\n2. When things are going badly, I tell myself to keep calm, and this works for me.\n\n3. When I feel myself getting too tense, I can quickly relax my body and calm myself.\n\n4. I remain positive and enthusiastic during competition, no matter how badly things are going.\n\nLong-term Patient Planner Impartial spectator Deliberative Cold state\n\nShort-term Impulsive Doer Passions Affective/Visceral Hot state"
    },
    "35": {
      "summary": " Who said that after he became a professional football player, “The first 10 years, my wife and I didn’t take a vacation”?"
    },
    "36": {
      "summary": "0\n\nJerry Rice\n\nCareer Records\n\n- All-purpose yards (23,546)\n- Touchdowns (208)\n- Receptions (1,549)\n\nPlayoff Records\n\n- Yards receiving (2,245)\n- Touchdowns (22)\n- Receptions (151)\n\nSuperBowl Records\n\n- All-purpose yards (604)\n- Touchdowns (8)\n- Yards receiving in a single game (215)"
    },
    "37": {
      "summary": "示例： 示例： 示例： 示例：\n\n\n\n- Sinclair Lewis – First American to receive the Nobel Prize in Literature\n\n- Booked to give a lecture at Columbia University on writing. He started by asking, “How many of you here are really serious about being writers?”\n\n- Most of the audience raised their hands, then...\n\n\n\n\n• Sinclair Lewis – First American to receive the Nobel Prize in Literature\n\n• Booked to give a lecture at Columbia University on writing. He started by asking, “How many of you here are really serious about being writers?”\n\n• Most of the audience raised their hands, then..."
    },
    "38": {
      "summary": "0\n\n**Examples of hours accumulation**\n\nLewis said, “Well, why\n**the hell aren’t you all**\n**home writing?”**\n\nAnd he sat down.\n\n|Col1|Col2|\n|---|---|\n|||\n|||\n"
    },
    "39": {
      "summary": "10,000 hours\n\nResearch suggests that mastery requires about 10 years or 10,000 hours of practice with appropriate feedback in music, mathematics, chess, composing, tennis, swimming, running, soccer, and for writers, poets, scientists, etc.\n\nEricsson (U. Colorado), Krampe, Tesche-Romer (Max Plank Institute, Berlin), 1993, The role of deliberate practice in the acquisition of expert performance, Psychological Review, 100, p. 363-406"
    },
    "40": {
      "summary": " What about young phenoms and child prodigies?\n\nBobby Fischer: International Chess Grand Master at 15\n\nThe Beatles\n\nMozart: Child prodigy\n\nBryce Harper:\n• 16 yr. old baseball phenom\n• Longest distance home run ever hit at Tropicana Field\n• 570 ft home run during a high school game at age 15\n\nBASEBALL'S CHOSEN ONE\nBRYCE HARPER IS THE MOST EXCITING PRODIGY SINCE LEBRON BY TOM VERDUCCI\n\n57C HOMERUNS\n96 FASTBALLS\n16 YEARS OLD"
    },
    "41": {
      "summary": "15.\n\nInternational chess grand master at\n\nStarted playing at age 6\n\nAt 7, began weekly tutoring by president of Brooklyn chess club\n\nAt 12, joined one of the strongest chess clubs in the world and met several times a week with chess master Jack Collins with access to his library of chess books.\n\nResult: Mastery in 9 years instead of 10 (probably resulting from intensity and hours of training)."
    },
    "42": {
      "summary": "16 yr. old baseball phenom\n\n: 570 ft home run during a high school game at age 15\n\n: Longest distance home run ever hit at Tropicana Field\n\nhttp://sports.espn.go.com/espn/e60/news/story?id=4388790\n\nStart-3:16\n\nBryce Harper 1.wmv\n\n\nBryce Harper\n\nSTANLEY CUP THE WINGS CLOSE IN BY MICHAEL FARRER P.52\n\nNBA FINALS EXTRAORDINARY MAGIC BY IAN THOMPSEN P.42\n\nBASEBALL'S CHOSEN ONE BRYCE HARPER IS THE MOST EXCITING PRODIGY SINCE LEBRON BY TOM VERDUCCI\n\nYEARS OLD\n\n<HOMERUNS> 96 FASTBALLS 16\n\n<FASTBALLS> 16 YEARS OLD"
    },
    "43": {
      "summary": "0\n\n**Bryce Harper and hours accumulation**\n\n“Bryce Harper was playing T-ball at age three against six-year-olds,… He has played between 80 and 130 baseball games a year each year for the past seven years…\n\nBryce Harper is the product of a travel baseball industry that mushroomed, just as he himself was growing up, into big business. There seems no end to the tournaments, all-star games, showcases, wood-bat leagues, USA Baseball youth teams, \"scout teams\" sponsored by major league clubs.”\n\n-Quote from issue pictured at right\n\nhttp://sports.espn.go.com/espn/e60/news/story?id=43887903:16-4:29\n\nBryce Harper 2.wmv"
    },
    "44": {
      "summary": " \"By the standards of mature composers, Mozart's early works were not that outstanding.... Of those concertos that only contain music original to Mozart, the earliest that is now regarded as a masterwork (No. 9, K 271) was not composed until he was 21. By that time Mozart had already been composing concertos for ten years.\"\n\nMichael Howe\n\nGenius Explained"
    },
    "45": {
      "summary": "1960 went to Hamburg, Germany to play in strip clubs 8 hours a night, 7 days a week.\n\n• The Hamburg trips yielded 270 nights of performing at 8 hours/night in only 1.5 years.\n\n• By 1964 when the Beatles came to the US, they had played at least 1,200 gigs (~8,400 hours).\n\n“They were no good onstage when they went there and they were very good when they came back… It was the making of them.” From Shout! The Beatles in Their Generation (1981) by P. Norman."
    },
    "46": {
      "summary": " Magic?\n\nEven in mythic tales of seemingly overwhelming, undeniable talent, the 10-year or 10,000 hour guidelines still seems to apply."
    },
    "47": {
      "summary": " The power of intentional focus v. the dissipation of variety\n\n• The power to avoid negative addictions\n• The power to pursue positive addictions\n• The power to become the best"
    },
    "48": {
      "summary": " Slides by:\nRussell James III, J.D., Ph.D., CFP®\nAssociate Professor\nDivision of Personal Financial Planning\nTexas Tech University\nrussell.james@ttu.edu\n\nPlease use these slides!\nIf you think you might use anything here in a classroom,\nCLICK HERE to let me know.\nplease\nThanks!\n\nThe outline for this behavioral economics series is at\nhttp://www.slideshare.net/rnja8c/outline-for-behavioral-economics-course-component"
    }
  }
}
