{
  "doc_id": "DSA-278777.pdf",
  "pages": {
    "1": {
      "summary": "51\n\n8-BIT CONTROL-ORIENTED MICROCONTROLLERS\n\nCommercial/Express\n\n8031AH/8051AH/8051AHP\n\n8032AH/8052AH\n\n8751H/8751H-8\n\n8751BH/8752BH\n\n■ High Performance HMOS Process ■ Boolean Processor\n\n■ Internal Timers/Event Counters ■ Bit-Addressable RAM\n\n■ 2-Level Interrupt Priority Structure ■ Programmable Full Duplex Serial\n\nChannel\n\n■ 32 I/O Lines (Four 8-Bit Ports)\n\n■ 64K External Program Memory Space ■ 111 Instructions (64 Single-Cycle)\n\n■ Security Feature Protects EPROM Parts ■ 64K External Data Memory Space\n\nAgainst Software Piracy ■ Extended Temperature Range\n\n( -40°C to +85°C)\n\nThe MCS® 51 controllers are optimized for control applications. Byte-processing and numerical operations on\n\nsmall data structures are facilitated by a variety of fast addressing modes for accessing the internal RAM. The\n\ninstruction set provides a convenient menu of 8-bit arithmetic instructions, including multiply and divide instruc-\n\ntions. Extensive on-chip support is provided for one-bit variables as a separate data type, allowing direct bit\n\nmanipulation and testing in control and logic systems that require Boolean processing.\n\nThe 8751H is an EPROM version of the 8051AH. It has 4 Kbytes of electrically programmable ROM which can\n\nbe erased with ultraviolet light. It is fully compatible with the 8051AH but incorporates one additional feature: a\n\nProgram Memory Security bit that can be used to protect the EPROM against unauthorized readout. The\n\n8751H-8 is identical to the 8751H but only operates up to 8 MHz.\n\nThe 8051AHP is identical to the 8051AH with the exception of the Protection Feature. To incorporate this\n\nProtection Feature, program verification has been disabled and external memory accesses have been limited\n\nto 4K.\n\nThe 8052AH is an enhanced version of the 8051AH. It is backwards compatible with the 8051AH and is\n\nfabricated with HMOS II technology. The 8052AH enhancements are listed in the table below. Also refer to this\n\ntable for the ROM, ROMless and EPROM versions of each prod"
    },
    "2": {
      "summary": "51 CONTROLLER\n\nFigure 1. MCS® 51 Controller Block Diagram\n\nPROCESS INFORMATION\n\nThe 8031AH/8051AH and 8032AH/8052AH devices are manufactured on P414.1, an HMOS II process. The 8751H/8751H-8 devices are manufactured on P421.X, an HMOS-E process. The 8751BH and 8752BH devices are manufactured on P422. Additional process and reliability information is available in Intel's Components Quality and Reliability Handbook, Order No. 210997.\n\n\n\n\n272318–1"
    },
    "3": {
      "summary": "51 CONTROLLER\n\nPACKAGES\n\n| Part | Prefix | Package Type | θja | θjc |\n|------|--------|-------------|-----|-----|\n| 8051AH | P      | 40-Pin Plastic DIP | 45°C/W | 16°C/W |\n| 8031AH | D      | 40-Pin CERDIP | 45°C/W | 15°C/W |\n| 8052AH | N      | 44-Pin PLCC | 46°C/W | 16°C/W |\n| 8032AH |       |             |     |     |\n| 8752BH* |        |             |     |     |\n| 8751H  | D      | 40-Pin CERDIP | 45°C/W | 15°C/W |\n| 8751H-8 |        |             |     |     |\n| 8051AHP | P      | 40-Pin Plastic DIP | 45°C/W | 16°C/W |\n|          | D      | 40-Pin CERDIP | 45°C/W | 15°C/W |\n| 8751BH | P      | 40-Pin Plastic DIP | 36°C/W | 12°C/W |\n|          | N      | 44-Pin PLCC | 47°C/W | 16°C/W |\n\nNOTE:\n*8752BH is 36°/10° for D, and 38°/22° for N.\n\nAll thermal impedance data is approximate for static air conditions at 1W of power dissipation. Values will change depending on operating conditions and application. See the Intel Packaging Handbook (Order Number 240800) for a description of Intel's thermal impedance test methodology.\n\nFigure 2. MCS® 51 Controller Connections"
    },
    "4": {
      "summary": "51 CONTROLER\n\nPIN DESCRIPTIONS\n\nVCC: Supply voltage.\n\nVSS: Circuit ground.\n\nPort 0: Port 0 is an 8-bit open drain bidirectional I/O port. As an output port each pin can sink 8 LS TTL inputs.\n\nPort 0 pins that have 1's written to them float, and in that state can be used as high-impedance inputs.\n\nPort 0 is also the multiplexed low-order address and data bus during accesses to external Program and Data Memory. In this application it uses strong internal pullups when emitting 1's and can source and sink 8 LS TTL inputs.\n\nPort 0 also receives the code bytes during programming of the EPROM parts, and outputs the code bytes during program verification of the ROM and EPROM parts. External pullups are required during program verification.\n\nPort 1: Port 1 is an 8-bit bidirectional I/O port with internal pullups. The Port 1 output buffers can sink/source 4 LS TTL inputs. Port 1 pins that have 1's written to them are pulled high by the internal pullups, and in that state can be used as inputs. As inputs, Port 1 pins that are externally pulled low will source current (I\\(_{IL}\\) on the data sheet) because of the internal pullups.\n\nPort 1 also receives the low-order address bytes during programming of the EPROM parts and during program verification of the ROM and EPROM parts.\n\nIn the 8032AH, 8052AH and 8752BH, Port 1 pins P1.0 and P1.1 also serve the T2 and T2EX functions, respectively.\n\n| Port Pin | Alternative Function |\n|---------|-------------------|\n| P1.0     | T2 (Timer/Counter 2 External Input) |\n| P1.1     | T2EX (Timer/Counter 2 Capture/Reload Trigger) |\n\nPort 2: Port 2 is an 8-bit bidirectional I/O port with internal pullups. The Port 2 output buffers can sink/source 4 LS TTL inputs. Port 2 pins that have 1's written to them are pulled high by the internal pullups, and in that state can be used as inputs. As inputs, Port 2 pins that are externally pulled low will source current (I\\(_{IL}\\) on the data sheet) because of the internal pullups.\n\nPort 2 emits the high-ord"
    },
    "5": {
      "summary": "51 CONTROLLER\n\nPSEN: Program Store Enable is the read strobe to external Program Memory.\n\nWhen the device is executing code from external Program Memory, PSEN is activated twice each machine cycle, except that two PSEN activations are skipped during each access to external Data Memory.\n\nEA/Vpp: External Access enable EA must be strapped to VSS in order to enable any MCS 51 device to fetch code from external Program memory locations starting at 0000H up to FFFFFH. EA must be strapped to VCC for internal program execution.\n\nNote, however, that if the Security Bit in the EPROM devices is programmed, the device will not fetch code from any location in external Program Memory.\n\nThis pin also receives the programming supply voltage (VPP) during programming of the EPROM parts.\n\n\\[\\begin{array}{c}\n\\text{C2} \\\\\n\\text{XTAL1} \\\\\n\\text{C1} \\\\\n\\text{VSS} \\\\\n272318-3 \\\\\n\\end{array}\\]\n\nC1, C2 = 30 pF ± 10 pF for Crystals For Ceramic Resonators contact resonator manufacturer.\n\nFigure 3. Oscillator Connections\n\nXTAL1: Input to the inverting oscillator amplifier.\n\nXTAL2: Output from the inverting oscillator amplifier.\n\nEXTERNAL OSCILLATOR SIGNAL\n\nEXTERNAL OSCILLATOR SIGNAL\n\nXTAL2\n\nVSS\n\n272318-4\n\nFigure 4. External Drive Configuration\n\nEXPRESS Version\n\nThe Intel EXPRESS system offers enhancements to the operational specifications of the MCS 51 family of microcontrollers. These EXPRESS products are designed to meet the needs of those applications whose operating requirements exceed commercial standards.\n\nThe EXPRESS program includes the commercial standard temperature range with burn-in, and an extended temperature range with or without burn-in.\n\nWith the commercial standard temperature range, operational characteristics are guaranteed over the temperature range of 0°C to +70°C. With the extended temperature range option, operational characteristics are guaranteed over a range of -40°C to +85°C.\n\nThe optional burn-in is dynamic, for a minimum time of 160 hours at 125°C with \\( V_{CC} ="
    },
    "6": {
      "summary": "51 CONTROLLER\n\nTable 1. EXPRESS Prefix Identification\n\n| Prefix | Package Type    | Temperature Range | Burn-In |\n|-------|------------------|--------------------|---------|\n| P     | Plastic          | Commercial         | No      |\n| D     | Cerdp            | Commercial         | No      |\n| N     | PLCC             | Commercial         | No      |\n| TD    | Cerdp            | Extended           | No      |\n| TP    | Plastic          | Extended           | No      |\n| TN    | PLCC             | Extended           | No      |\n| LD    | Cerdp            | Extended           | Yes     |\n| LP    | Plastic          | Extended           | Yes     |\n\nNOTE:\nContact distributor or local sales office to match EXPRESS prefix with proper device.\n\nDESIGN CONSIDERATIONS\n- If an 8751BH or 8752BH is replacing an 8751H in a future design, the user should carefully compare both data sheets for DC or AC Characteristic differences. Note that the \\( V_{IH} \\) and \\( I_{IH} \\) specifications for the EA pin differ significantly between the devices.\n- Exposure to light when the EPROM device is in operation may cause logic errors. For this reason, it is suggested that an opaque label be placed over the window when the die is exposed to ambient light.\n\n- The 8051AHP cannot access external Program or Data memory above 4K. This means that the following instructions that use the Data Pointer only read/write data at address locations below 0FFFFH:\n\n  MOVX A,@DPTR\n  MOVX @DPTR, A\n\nWhen the Data Pointer contains an address above the 4K limit, those locations will not be accessed.\n\nTo access Data Memory above 4K, the MOVX @Ri,A or MOVX A,@Ri instructions must be used."
    },
    "7": {
      "summary": "51 CONTROLLER\n\n**ABSOLUTE MAXIMUM RATINGS***\n\nAmbient Temperature Under Bias . -40°C to +85°C  \nStorage Temperature . . . . . . . . . . . . . . . . . . . . . . . . . . . . . . . . . . . . . . . . . . . . . . . . . . . . . . . . . . . . . . . . . . . . . . . . . . . . . . . . . . . . . . . . . . . . . . . . . . . . . . . . . . . . . . . . . . . . . . . . . . . . . . . . . . . . . . . . . . . . . . . . . . . . . . . . . . . . . . . . . . . . . . . . . . . . . . . . . . . . . . . . . . . . . . . . . . . . . . . . . . . . . . . . . . . . . . . . . . . . . . . . . . . . . . . . . . . . . . . . . . . . . . . . . . . . . . . . . . . . . . . . . . . . . . . . . . . . . . . . . . . . . . . . . . . . . . . . . . . . . . . . . . . . . . . . . . . . . . . . . . . . . . . . . . . . . . . . . . . . . . . . . . . . . . . . . . . . . . . . . . . . . . . . . . . . . . . . . . . . . . . . . . . . . . . . . . . . . . . . . . . . . . . . . . . . . . . . . . . . . . . . . . . . . . . . . . . . . . . . . . . . . . . . . . . . . . . . . . . . . . . . . . . . . . . . . . . . . . . . . . . . . . . . . . . . . . . . . . . . . . . . . . . . . . . . . . . . . . . . . . . . . . . . . . . . . . . . . . . . . . . . . . . . . . . . . . . . . . . . . . . . . . . . . . . . . . . . . . . . . . . . . . . . . . . . . . . . . . . . . . . . . . . . . . . . . . . . . . . . . . . . . . . . . . . . . . . . . . . . . . . . . . . . . . . . . . . . . . . . . . . . . . . . . . . . . . . . . . . . . . . . . . . . . . . . . . . . . . . . . . . . . . . . . . . . . . . . . . . . . . . . . . . . . . . . . . . . . . . . . . . . . . . . . . . . . . . . . . . . . . . . . . . . . . . . . . . . . . . . . . . . . . . . . . . . . . . . . . . . . . . . . . . . . . . . . . . . . . . . . . . . . . . . . . . . . . . . . . . . . . . . . . . . . . . . . . . . . . . . . . . . . . . . . . . . . . . . . . . . . . . . . . . . . . . . . . . . . . . . . . . . . . . . . . . . . . . . . . . . . . . . . . . . . . . . . . . . . . . . . . "
    },
    "8": {
      "summary": "51 CONTROLLER\n\nDC CHARACTERISTICS (Over Operating Conditions)\n\nAll parameter values apply to all devices unless otherwise indicated (Continued)\n\n| Symbol | Parameter    | Min | Max | Units | Test Conditions |\n|---|---|---|---|---|---|\n| \\( I_{IL2} \\) | Logical 0 Input Current (XTAL2)    | -3.2 | mA  | V\\(_{IN}\\) = 0.45V |\n| \\( I_{LI} \\) | Input Leakage Current (Port 0)    | ±100 | µA  | 0.45 ≤ \\( V_{IN} \\) ≤ \\( V_{CC} \\) |\n|    | 8751H and 8751H-8    | ±10 | µA  | 0.45 ≤ \\( V_{IN} \\) ≤ \\( V_{CC} \\) |\n| \\( I_{IH} \\) | Logical 1 Input Current (EA)    | 500 | µA  | \\( V_{IN} = 2.4V \\) |\n|    | 8751H and 8751H-8    | 1   | mA  | 4.5V < \\( V_{IN} \\) < 5.5V |\n| \\( I_{IH1} \\) | Input Current to RST to Activate Reset    | 500 | µA  | \\( V_{IN} < (V_{CC} - 1.5V) \\) |\n| \\( I_{CC} \\) | Power Supply Current:    | 125 | mA  | All Outputs |\n|    | 8031AH/8051AH/8051AHP    | 175 | mA  | Disconnected; |\n|    | 8032AH/8052AH/8751BH/8752BH    | 250 | mA  | EA = \\( V_{CC} \\) |\n| \\( C_{IO} \\) | Pin Capacitance    | 10  | pF  | Test freq = 1 MHz |\n\nNOTES:\n1. Capacitive loading on Ports 0 and 2 may cause spurious noise pulses to be superimposed on the \\( V_{OL} \\)s of ALE/PROG and Ports 1 and 3. The noise is due to external bus capacitance discharging into the Port 0 and Port 2 pins when these pins make 1-to-0 transitions during bus operations. In the worst cases (capacitive loading > 100 pF), the noise pulse on the ALE/PROG pin may exceed 0.8V. In such cases it may be desirable to qualify ALE with a Schmitt Trigger, or use an address latch with a Schmitt Trigger STROBE input.\n2. ALE/PROG refers to a pin on the 8751BH. ALE refers to a timing signal that is output on the ALE/PROG pin.\n3. Under steady state (non-transient) conditions, \\( I_{OL} \\) must be externally limited as follows:\n\nMaximum \\( I_{OL} \\) per port pin: 10 mA\nMaximum \\( I_{OL} \\) per 8-bit port -\n\n| Port 0: | 26 mA |\n| Ports 1, 2, and 3: | 15 mA |\n\nMaximum total \\( I_{OL} \\) for all output pins: 71 mA\n\nIf \\( I_{OL} \\) exc"
    },
    "9": {
      "summary": "51 CONTROLLER\n\nEXPLANATION OF THE AC SYMBOLS\n\nEach timing symbol has 5 characters. The first character is always a 'T' (stands for time). The other characters, depending on their positions, stand for the name of a signal or the logical status of that signal. The following is a list of all the characters and what they stand for.\n\nA: Address\nC: Clock\nD: Input Data\nH: Logic level HIGH\nI: Instruction (program memory contents)\n\nL: Logic level LOW, or ALE\nP: PSEN\nQ: Output data\nR: RD signal\nT: Time\nV: Valid\nW: WR signal\nX: No longer a valid logic level\nZ: Float\n\nFor example,\n\nTAVLL = Time from Address Valid to ALE Low.\nTLLPL = Time from ALE Low to PSEN Low.\n\nAC CHARACTERISTICS (Under Operating Conditions; Load Capacitance for Port 0, ALE/PROG, and PSEN = 100 pF; Load Capacitance for All Other Outputs = 80 pF)\n\nEXTERNAL PROGRAM MEMORY CHARACTERISTICS\n\n| Symbol | Parameter    | 12 MHz Oscillator | Variable Oscillator | Units |\n|-------|-------------|-------------------|---------------------|--------|\n|       | Min        | Max              | Min               | Max    |\n| 1/TCLCL | Oscillator Frequency | 127             | 3.5                | MHz   |\n| TLHLL  | ALE Pulse Width | 127             | 2TCLCL - 40         | ns    |\n| TAVLL  | Address Valid to ALE Low | 43            | TCLCL - 40          | ns    |\n| TLLAX  | Address Hold after ALE Low | 48           | TCLCL - 35          | ns    |\n| TLLIV  | ALE Low to Valid Instr In | 8751H            | 183               | ns    |\n|       | All Others    | 233               | 4TCLCL - 150        | ns    |\n| TLLPL  | ALE Low to PSEN Low | 58             | TCLCL - 25          | ns    |\n| TPLPH  | PSEN Pulse Width | 8751H            | 190               | ns    |\n|       | All Others    | 215               | 3TCLCL - 60         | ns    |\n| TPLIV  | PSEN Low to Valid Instr In | 8751H            | 100               | ns    |\n|       | All Others    | 125               | 3TCLCL - 125        | ns    |\n| TPXIX  | Input Instr Hold after P"
    },
    "10": {
      "summary": "51 CONTROLLER\n\nEXTERNAL PROGRAM MEMORY CHARACTERISTICS (Continued)\n\n| Symbol | Parameter    | 12 MHz Oscillator | Variable Oscillator |\n|---|---|---|---|\n|    |    | Min    | Max    | Min    | Max    | Units |\n| TLLWL   | ALE Low to RD or WR Low    | 200    | 300    | 3TCLCL - 50    | 3TCLCL + 50 | ns   |\n| TAWVL   | Address to RD or WR Low    | 203    |    | 4TCLCL - 130    |    | ns   |\n| TQVWX   | Data Valid to WR Transition    | 13    |    | TCLCL - 70    |    | ns   |\n|    | All Others    | 23    |    | TCLCL - 60    |    | ns   |\n| TQVWH   | Data Valid to WR High    | 433    |    | 7TCLCL - 150    |    | ns   |\n| TWQHX   | Data Hold after WR    | 33    |    | TCLCL - 50    |    | ns   |\n| TRLAZ   | RD Low to Address Float    |    | 20    |    | 20    | ns   |\n| TWHLH   | RD or WR High to ALE High    | 33    | 133    | TCLCL - 50    | TCLCL + 50 | ns   |\n|    | All Others    | 43    | 123    | TCLCL - 40    | TCLCL + 40 | ns   |\n\nNOTE:\n*The 8751H-8 is identical to the 8751H but only operates up to 8 MHz. When calculating the AC Characteristics for the 8751H-8, use the 8751H formula for variable oscillators."
    },
    "11": {
      "summary": "51 CONTROLLER\n\nEXTERNAL PROGRAM MEMORY READ CYCLE\n\n| PSEN | PORT 0 | PORT 2 |\n|---|---|---|\n| ALE |    |    |\n| TLLHLL |    |    |\n| TLLPL |    |    |\n| TAVLL |    |    |\n| TLLV |    |    |\n| TPLPH |    |    |\n| TPLIV |    |    |\n| TPLAZ |    |    |\n| TPXIX |    |    |\n| TPXIV |    |    |\n| TPXAV |    |    |\n| TPXIZ |    |    |\n| INSTR IN |    |    |\n| A0-A7 |    |    |\n| TAVID |    |    |\n| A8-A15 |    |    |\n\n272318-5\n\nEXTERNAL DATA MEMORY READ CYCLE\n\n| PSEN | PORT 0 | PORT 2 |\n|---|---|---|\n| ALE |    |    |\n| TLLHLL |    |    |\n| TLLDV |    |    |\n| TLLWL |    |    |\n| TRLRH |    |    |\n| TRHDZ |    |    |\n| TRLDV |    |    |\n| TRLAZ |    |    |\n| TRHX |    |    |\n| TRDX |    |    |\n| DATA IN |    |    |\n| A0-A7 FROM PCL |    |    |\n| INSTR. IN |    |    |\n| TAWVL |    |    |\n| TAVDV |    |    |\n| P2.0-P2.7 OR A8-A15 FROM DPH |    |    |\n| A8-A15 FROM PCH |    |    |\n\n272318-6\n\nEXTERNAL DATA MEMORY WRITE CYCLE\n\n| PSEN | PORT 0 | PORT 2 |\n|---|---|---|\n| ALE |    |    |\n| TLLHLL |    |    |\n| TLLPL |    |    |\n| TAVLL |    |    |\n| TLLW |    |    |\n| TWLWH |    |    |\n| TQLWX |    |    |\n| TQWVW |    |    |\n| TQWVH |    |    |\n| A0-A7 FROM RI OR DPL |    |    |\n| DATA OUT |    |    |\n| A0-A7 FROM PCL |    |    |\n| INSTR. IN |    |    |\n| TAWVL |    |    |\n| P2.0-P2.7 OR A8-A15 FROM DPH |    |    |\n| A8-A15 FROM PCH |    |    |\n\n272318-7"
    },
    "12": {
      "summary": "51 CONTROLLER\n\nSERIAL PORT TIMING—SHIFT REGISTER MODE\n\nTest Conditions: Over Operating Conditions; Load Capacitance = 80 pF\n\n\n\n\n| Symbol | Parameter | 12 MHz Oscillator | Variable Oscillator | Units |\n|-------|-----------|------------------|--------------------|--------|\n|       |           | Min | Max | Min | Max |\n| TXLXL  | Serial Port Clock Cycle Time | 1.0 |  | 12TCLCL | µs |\n| TQVXH  | Output Data Setup to Clock Rising Edge | 700 |  | 10TCLCL – 133 | ns |\n| TXHQX  | Output Data Hold after Clock Rising Edge | 50 |  | 2TCLCL – 117 | ns |\n| TXHDX  | Input Data Hold after Clock Rising Edge | 0 |  | 0 | ns |\n| TXHDV  | Clock Rising Edge to Input Data Valid |  | 700 |  | 10TCLCL – 133 | ns |\n\nSHIFT REGISTER MODE TIMING WAVEFORMS\n\n\n\n\n| INSTRUCTION | 0 | 1 | 2 | 3 | 4 | 5 | 6 | 7 | 8 |\n|------------|----|----|----|----|----|----|----|----|----|\n| ALE        |    |    |    |    |    |    |    |    |    |\n| CLOCK      |    |    |    |    |    |    |    |    |    |\n| TQVXH      |    |    |    |    |    |    |    |    |    |\n| TQHX      |    |    |    |    |    |    |    |    |    |\n| OUTPUT DATA |    |    |    |    |    |    |    |    |    |\n| WRITE TO SBUF |    |    |    |    |    |    |    |    |    |\n| INPUT DATA |    |    |    |    |    |    |    |    |    |\n| CLEAR RI   |    |    |    |    |    |    |    |    |    |\n|            |    |    |    |    |    |    |    |    |    |\n|            |    |    |    |    |    |    |    |    |    |\n|            |    |    |    |    |    |    |    |    |    |\n|            |    |    |    |    |    |    |    |    |    |\n|            |    |    |    |    |    |    |    |    |    |\n|            |    |    |    |    |    |    |    |    |    |\n|            |    |    |    |    |    |    |    |    |    |\n|            |    |    |    |    |    |    |    |    |    |\n|            |    |    |    |    |    |    |    |    |    |\n|            |    |    |    |    |    |    |    |    |    |\n|            |    |    |    |    |    |    |    |    |    |\n| "
    },
    "13": {
      "summary": "51 CONTROLLER\n\nEXTERNAL CLOCK DRIVE\n\n| Symbol | Parameter    | Min | Max | Units |\n|-------|-------------|-----|-----|-------|\n| 1/TCLCL | Oscillator Frequency (except 8751H-8) | 3.5 | 12 | MHz  |\n|       | 8751H-8    | 3.5 | 8  | MHz  |\n| TCHCX  | High Time    | 20  |     | ns   |\n| TCLCX  | Low Time    | 20  |     | ns   |\n| TCLCH  | Rise Time    |     | 20 | ns   |\n| TCHCL  | Fall Time    |     | 20 | ns   |\n\nEXTERNAL CLOCK DRIVE WAVEFORM\n\nAC TESTING INPUT, OUTPUT WAVEFORM\n\nAC Testing: Inputs are driven at 2.4V for a Logic “1” and 0.45V for a Logic “0”. Timing measurements are made at 2.0V for a Logic “1” and 0.8V for a Logic “0”.\n\n272318-10\n\n272318-9"
    },
    "14": {
      "summary": "51 CONTROLLER\n\nEPROM CHARACTERISTICS\n\nTable 3. EPROM Programming Modes\n\n| Mode | RST | PSEN | ALE | EA | P2.7 | P2.6 | P2.5 | P2.4 |\n|---|---|---|---|---|---|---|---|\n| Program | 1   | 0   | 0*  | VPP | 1    | 0    | X    | X    |\n| Verify | 1   | 0   | 1   | 1   | 0    | 0    | X    | X    |\n| Security Set | 1 | 0   | 0*  | VPP | 1    | 1    | X    | X    |\n\nNOTE:\n“1” = logic high for that pin\n“0” = logic low for that pin\n“X” = “don’t care”\n\nPROGRAMMING THE 8751H\n\nTo be programmed, the part must be running with a 4 to 6 MHz oscillator. (The reason the oscillator needs to be running is that the internal bus is being used to transfer address and program data to appropriate internal registers.) The address of an EPROM location to be programmed is applied to Port 1 and pins P2.0–P2.3 of Port 2, while the code byte to be programmed into that location is applied to Port 0. The other Port 2 pins, and RST, PSEN, and EA/Vpp should be held at the “Program” levels indicated in Table 3. ALE/PROG is pulsed low for 50 ms to program the code byte into the addressed EPROM location. The setup is shown in Figure 5.\n\nNormally EA/Vpp is held at a logic high until just before ALE/PROG is to be pulsed. Then EA/Vpp is raised to +21V, ALE/PROG is pulsed, and then EA/Vpp is returned to a logic high. Waveforms and detailed timing specifications are shown in later sections of this data sheet.\n\nFigure 5. Programming Configuration\n\nNote that the EA/VPP pin must not be allowed to go above the maximum specified VPP level of 21.5V for any amount of time. Even a narrow glitch above that voltage level can cause permanent damage to the device. The VPP source should be well regulated and free of glitches.\n\nProgram Verification\n\nIf the Security Bit has not been programmed, the on-chip Program Memory can be read out for verification purposes, if desired, either during or after the programming operation. The address of the Program Memory location to be read is applied to Port 1 and pins P2.0–P2.3. The o"
    },
    "15": {
      "summary": "51 CONTROLLER\n\nEPROM Security\n\nThe security feature consists of a “locking” bit which when programmed denies electrical access by any external means to the on-chip Program Memory. The bit is programmed as shown in Figure 7. The setup and procedure are the same as for normal EPROM programming, except that P2.6 is held at a logic high. Port 0, Port 1 and pins P2.0–P2.3 may be in any state. The other pins should be held at the “Security” levels indicated in Table 3.\n\nOnce the Security Bit has been programmed, it can be cleared only by full erasure of the Program Memory. While it is programmed, the internal Program Memory can not be read out, the device can not be further programmed, and it can not execute out of external program memory. Erasing the EPROM, thus clearing the Security Bit, restores the device’s full functionality. It can then be reprogrammed.\n\nErasure Characteristics\n\nErasure of the EPROM begins to occur when the device is exposed to light with wavelengths shorter than approximately 4,000 Angstroms. Since sunlight and fluorescent lighting have wavelengths in this range, exposure to these light sources over an extended time (about 1 week in sunlight, or 3 years in room-level fluorescent lighting) could cause inadvertent erasure. If an application subjects the device to this type of exposure, it is suggested that an opaque label be placed over the window.\n\nEPROM PROGRAMMING AND VERIFICATION CHARACTERISTICS\n\n\\[ T_A = 21^\\circ C \\text{ to } 27^\\circ C; \\quad VCC = 5V \\pm 10\\%; \\quad VSS = 0V \\]\n\n| Symbol | Parameter    | Min   | Max   | Units |\n|--------|-------------|-------|-------|-------|\n| VPP    | Programming Supply Voltage | 20.5  | 21.5  | V     |\n| IPP    | Programming Supply Current |       | 30    | mA    |\n| 1/TCLCL | Oscillator Frequency    | 4     | 6     | MHz   |\n| TAVGL  | Address Setup to PROG Low | 48TCLCL|       |       |\n| TGHAX  | Address Hold after PROG    | 48TCLCL|       |       |\n| TDVGL  | Data Setup to PROG Low    | 48TCLCL|       "
    },
    "16": {
      "summary": "51 CONTROLLER\n\nEPROM PROGRAMMING AND VERIFICATION WAVEFORMS\n\nPROGRAMMING\n\nVERIFICATION\n\nP1.0-P1.7\n\nADDRESS\n\nADDRESS\n\nP2.0-P2.3\n\nTAVQV\n\nPORT 0\n\nDATA IN\n\nDATA OUT\n\nTDVGL\n\nTGHDX\n\nTAVGL\n\nTGAX\n\nLLE/PROG\n\nTSHGL\n\nTGLGH\n\n21V ± 5V\n\nTTHL HIGH\n\nTTL HIGH\n\nTTL HIGH\n\nTELQV\n\nTEHQZ\n\nP2.7\n\n(ENABLE)\n\n272318-14\n\nFor programming conditions see Figure 5.\n\nFor verification conditions see Figure 6."
    },
    "17": {
      "summary": "51 CONTROLLER\n\nNormally E/A/Vpp is held at a logic high until just before ALE/PROG is to be pulsed. Then E/A/Vpp is raised to Vpp, ALE/PROG is pulsed low, and then E/A/Vpp is returned to a valid high voltage. The voltage on the E/A/Vpp pin must be at the valid E/A/Vpp high level before a verify is attempted. Waveforms and detailed timing specifications are shown in later sections of this data sheet.\n\nNote that the E/A/Vpp pin must not be allowed to go above the maximum specified Vpp level for any amount of time. Even a narrow glitch above that voltage level can cause permanent damage to the device. The Vpp source should be well regulated and free of glitches.\n\nFigure 8. Programming the EPROM\n\nTable 4. EPROM Programming Modes for 875XBH\n\n| MODE | RST | PSEN | ALE/ PROG | EA/Vpp | P2.7 | P2.6 | P3.6 | P3.7 |\n|------|-----|------|-----------|--------|------|------|------|------|\n| Program Code Data | 1   | 0    | 0*       | Vpp    | 1    | 0    | 1    | 1    |\n| Verify Code Data | 1   | 0    | 1        | 1      | 0    | 0    | 1    | 1    |\n| Program Encryption Table Use Addresses 0-1FH | 1   | 0    | 0*       | Vpp    | 1    | 0    | 0    | 1    |\n| Program Lock x=1 Bits (LBx) x=2 | 1   | 0    | 0*       | Vpp    | 1    | 1    | 1    | 1    |\n| Read Signature | 1   | 0    | 1        | 1      | 0    | 0    | 0    | 0    |\n\nNOTES:\n\"1\" = Valid high for that pin\n\"0\" = Valid low for that pin\n\"Vpp\" = +12.75V ±0.25V\n*ALE/PROG is pulsed low for 100 uS for programming. (Quick-Pulse Programming)"
    },
    "18": {
      "summary": "51 CONTROLLER\n\nQUICK-PULSE PROGRAMMING ALGORITHM\n\nThe 875XBH can be programmed using the Quick-Pulse Programming Algorithm for microcontrollers. The features of the new programming method are a lower Vpp (12.75 volts as compared to 21 volts) and a shorter programming pulse. For example, it is possible to program the entire 8 Kbytes of 875XBH EPROM memory in less than 25 seconds with this algorithm!\n\nTo program the part using the new algorithm, Vpp must be 12.75 ± 0.25 Volts. ALE/PROG is pulsed low for 100 µseconds, 25 times as shown in Figure 9. Then, the byte just programmed may be verified. After programming, the entire array should be verified. The Program Lock features are programmed using the same method, but with the setup as shown in Table 4. The only difference in programming Lock features is that the Lock features cannot be directly verified. Instead, verification of programming is by observing that their features are enabled.\n\nPROGRAM VERIFICATION\n\nIf the Lock Bits have not been programmed, the on-chip Program Memory can be read out for verification purposes, if desired, either during or after the programming operation. The address of the Program Memory location to be read is applied to Port 1 and pins P2.0 - P2.4. The other pins should be held at the “Verify” levels indicated in Table 1. The contents of the addressed location will come out on Port 0. External pulps are required on Port 0 for this operation. (If the Encryption Array in the EPROM has been programmed, the data present at Port 0 will be Code Data XNOR Encryption Data. The user must know the Encryption Array contents to manually “unencrypt” the data during verify.)\n\nThe setup, which is shown in Figure 10, is the same as for programming the EPROM except that pin P2.7 is held at a logic low, or may be used as an active low read strobe.\n\nFigure 9. PROG Waveforms\n\nFigure 10. Verifying the EPROM"
    },
    "19": {
      "summary": "51 CONTROLLER\n\nPROGRAM MEMORY LOCK\n\nThe two-level Program Lock system consists of 2 Lock bits and a 32-byte Encryption Array which are used to protect the program memory against software piracy.\n\nENCRYPTION ARRAY\n\nWithin the EPROM array are 32 bytes of Encryption Array that are initially unprogrammed (all 1s). Every time that a byte is addressed during a verify, 5 address lines are used to select a byte of the Encryption Array. This byte is then exclusive-NORed (XNOR) with the code byte, creating an Encrypted Verify byte. The algorithm, with the array in the unprogrammed state (all 1s), will return the code in its original, unmodified form.\n\nIt is recommended that whenever the Encryption Array is used, at least one of the Lock Bits be programmed as well.\n\nLOCK BITS\n\nAlso included in the EPROM Program Lock scheme are two Lock Bits which function as shown in Table 5.\n\nErasing the EPROM also erases the Encryption Array and the Lock Bits, returning the part to full unlocked functionality.\n\nTo ensure proper functionality of the chip, the internally latched value of the EA pin must agree with its external state.\n\nTable 5. Lock Bits and their Features\n\n| Lock Bits | Logic Enabled |\n|-----------|--------------|\n| LB1       | LB2          |\n| U         | Minimum Program Lock features enabled. (Code Verify will still be encrypted by the Encryption Array) |\n| P         | MOVC instructions executed from external program memory are disabled from fetching code bytes from internal memory, EA is sampled and latched on reset, and further programming of the EPROM is disabled |\n| P         | Same as above, but Verify is also disabled |\n| U         | Reserved for Future Definition |\n\nP = Programmed  \nU = Unprogrammed\n\nREADING THE SIGNATURE BYTES\n\nThe signature bytes are read by the same procedure as a normal verification of locations 030H and 031H, except that P3.6 and P3.7 need to be pulled to a logic low. The values returned are:\n\n(030H) = 89H indicates manufactured by Intel  \n(031H)"
    },
    "20": {
      "summary": "51\n\nERASURE CHARACTERISTICS\n\nErasure of the EPROM begins to occur when the 8752BH is exposed to light with wavelengths shorter than approximately 4,000 Angstroms. Since sunlight and fluorescent lighting have wavelengths in this range, exposure to these light sources over an extended time (about 1 week in sunlight, or 3 years in room-level fluorescent lighting) could cause inadvertent erasure. If an application subjects the device to this type of exposure, it is suggested that an opaque label be placed over the window.\n\nThe recommended erasure procedure is exposure to ultraviolet light (at 2537 Angstroms) to an integrated dose of at lease 15 W-sec/cm. Exposing the EPROM to an ultraviolet lamp of 12,000 \\(\\mu\\)W/cm rating for 30 minutes, at a distance of about 1 inch, should be sufficient.\n\nErasure leaves the array in an all 1s state.\n\nEPROM PROGRAMMING AND VERIFICATION CHARACTERISTICS\n\n(T\\(_A\\) = 21°C to 27°C, \\(V_{CC}\\) = 5.0V ± 10%, \\(V_{SS}\\) = 0V)\n\n| Symbol | Parameter                  | Min | Max | Units |\n|--------|----------------------------|-----|-----|-------|\n| Vpp    | Programming Supply Voltage | 12.5| 13.0| V     |\n| Ipp    | Programming Supply Current | 50  | mA |       |\n| 1/TCLCL | Oscillator Frequency      | 4   | 6  | MHz  |\n| TAVGL  | Address Setup to PROG Low | 48TCLCL|   |       |\n| TGHX  | Address Hold After PROG    | 48TCLCL|   |       |\n| TDVGL  | Data Setup to PROG Low    | 48TCLCL|   |       |\n| TGDX  | Data Hold After PROG        | 48TCLCL|   |       |\n| TEHSH  | P2.7 (ENABLE) High to Vpp  | 48TCLCL|   |       |\n| TSHGL  | Vpp Setup to PROG Low      | 10  |    | \\(\\mu\\)S |\n| TGHSL  | Vpp Hold After PROG         | 10  |    | \\(\\mu\\)S |\n| TGLGH  | PROG Width                 | 90  | 110| \\(\\mu\\)S |\n| TAVQV  | Address to Data Valid       |    | 48TCLCL|       |\n| TELQV  | ENABLE Low to Data Valid    |    | 48TCLCL|       |\n| TEHQZ  | Data Float After ENABLE     | 0   | 48TCLCL|       |\n| TGHGL  | PROG High to PROG Low      | 10  |    | \\(\\mu\\)"
    },
    "21": {
      "summary": "51 CONTROLLER\n\nDATA SHEET REVISION HISTORY\n\nDatasheets are changed as new device information becomes available. Verify with your local Intel sales office that you have the latest version before finalizing a design or ordering devices.\n\nThe following differences exist between this datasheet (272318-002) and the previous version (272318-001):\n1. Removed QP and QD (commercial with extended burn-in) from Table 1. EXPRESS Prefix Identification.\n\nThis datasheet (272318-001) replaces the following datasheets:\nMCS® 51 Controllers (270048-007)\n8051AHP (270279-004)\n8751BH (270248-005)\n8751BH EXPRESS (270708-001)\n8752BH (270429-004)\n8752BH EXPRESS (270650-002)"
    }
  }
}
