{
  "doc_id": "e639029d16094ea71d964e2fb953952b.pdf",
  "pages": {
    "1": {
      "summary": " THE QUALITY AND EFFICIENCY OF COMMODITY DISTRIBUTION TO FEDERAL CHILD NUTRITION PROGRAMS\n\nHEARING\n\nBEFORE THE\n\nCOMMITTEE ON EDUCATION AND THE WORKFORCE\n\nU.S. HOUSE OF REPRESENTATIVES\n\nONE HUNDRED EIGHTH CONGRESS\n\nFIRST SESSION\n\nOctober 7, 2003\n\nSerial No. 108-36\n\nPrinted for the use of the Committee on Education and the Workforce\n\nAvailable via the World Wide Web: http://www.access.gpo.gov/congress/house of Representatives: http://edworkforce.house.gov\n\nU.S. GOVERNMENT PRINTING OFFICE\n\n90-141 PDF WASHINGTON : 2004\n\nFor sale by the Superintendent of Documents, U.S. Government Printing Office\nInternet: bookstore.gpo.gov Phone: toll free (866) 512-1800; DC area (202) 512-1800\nFax: (202) 512-2250 Mail: Stop SSOP, Washington, DC 20402-0001"
    },
    "2": {
      "summary": "0.5cm\n\nCOMMITTEE ON EDUCATION AND THE WORKFORCE\n\nJOHN A. BOEHNER, Ohio, Chairman\n\nThomas E. Petri, Wisconsin, Vice Chairman George Miller, California\n\nCass Ballenger, North Carolina Dale E. Kildee, Michigan\n\nPeter Hoekstra, Michigan Major R. Owens, New York\n\nHoward P. “Buck” McKeon, California Donald M. Payne, New Jersey\n\nMichael N. Castle, Delaware Robert E. Andrews, New Jersey\n\nSam Johnson, Texas Lynn C. Woolsey, California\n\nJames C. Greenwood, Pennsylvania Rubén Hinojosa, Texas\n\nCharlie Norwood, Georgia Carolyn McCarthy, New York\n\nFred Upton, Michigan John F. Tierney, Massachusetts\n\nVernon J. Ehlers, Michigan Ron Kind, Wisconsin\n\nJim DeMint, South Carolina Dennis J. Kucinich, Ohio\n\nJohnny Isakson, Georgia David Wu, Oregon\n\nJudy Biggert, Illinois Rush D. Holt, New Jersey\n\nTodd Russell Platts, Pennsylvania Susan A. Davis, California\n\nPatrick J. Tiberi, Ohio Betty McCollum, Minnesota\n\nRic Keller, Florida Danny K. Davis, Illinois\n\nTom Osborne, Nebraska Ed Case, Hawaii\n\nJoe Wilson, South Carolina Raúl M. Grijalva, Arizona\n\nTom Cole, Oklahoma Denise L. Majette, Georgia\n\nJon C. Porter, Nevada Chris Van Hollen, Maryland\n\nJohn Kline, Minnesota Tim Ryan, Ohio\n\nJohn R. Carter, Texas Timothy H. Bishop, New York\n\nMarilyn N. Musgrave, Colorado\n\nMarsha Blackburn, Tennessee\n\nPhil Gingrey, Georgia\n\nMax Burns, Georgia\n\nPaula Nowakowski, Staff Director\n\nJohn Lawrence, Minority Staff Director"
    },
    "3": {
      "summary": "7, 2003 Page\n\nStatement of Members:\n\nBoehner, Hon. John A., a Representative in Congress from the State of Ohio ........................................................................................................................................... 1 Prepared statement of ............................................................................................................................. 1 Hastings, Hon. Doc, a Representative in Congress from the State of Washington, prepared statement of ............................................................................................ 69 Kildee, Hon. Dale E., a Representative in Congress from the State of Michigan ........................................................................................................................................ 4 Miller, Hon. George, a Representative in Congress from the State of California, prepared statement of ............................................................................................................... 68 Statement of Witnesses:\n\nBost, Hon. Eric M., Under Secretary for Food, Nutrition, and Consumer Services, U.S. Department of Agriculture .................................................................................................................. 6 Prepared statement of ............................................................................................................................. 8 Response to questions submitted for the record .................................................................................... 69 Cockwell, Paula, Manager of Nutrition Services, Adams County School District #14, and Food Service Director, Mapleton Public School District ........................................................................................................................................ 35 Prepared statement of ............................................................................................................................"
    },
    "4": {
      "summary": "0.0"
    },
    "5": {
      "summary": "7, 2003\n\nU.S. House of Representatives\n\nCommittee on Education and the Workforce\n\nWashington, DC\n\nThe Committee met, pursuant to call, at 2 p.m., in room 2175, Rayburn House Office Building, Hon. John A. Boehner (Chairman of the Committee) presiding.\n\nPresent: Representatives Boehner, Petri, McKeon, Norwood, Biggert, Tiberi, Keller, Osborne, Wilson, Kline, Carter, Kildee, Payne, Holt, McCollum, Grijalva, and Majette.\n\nStaff Present: Julian Baer, Legislative Assistant; Kevin Frank, Professional Staff Member; Parker Hamilton, Communications Coordinator; Kate Houston, Professional Staff Member; Sally Lovejoy, Director of Education and Human Resources Policy; Stephanie Milburn, Professional Staff Member; Deborah L. Samantar, Committee Clerk/Intern Coordinator; Denise Forte, Minority Legislative Associate/Education; Alex Nock, Minority Legislative Associate/Education; Joe Novotny, Minority Legislative Assistant/Education; and Lynda Theil, Minority Legislative Associate/Education.\n\nChairman BOEHNER. A quorum being present, the Committee on Education and the Workforce will come to order.\n\nWe are meeting today to hear testimony on Improving the Quality and Efficiency of Commodity Distribution to the Federal Child Nutrition Programs.\n\nUnder Committee rules, opening statements are limited to the Chairman and Ranking Minority Member of the Committee. Therefore, if other members have statements, they may be included in the hearing record. And with that, I ask unanimous consent for the hearing record to remain open for 14 days to allow members' statements and other extraneous material referenced during today's hearing to be submitted in the official hearing record. Without objection, so ordered.\n\nSTATEMENT OF HON. JOHN BOEHNER, CHAIRMAN, COMMITTEE ON EDUCATION AND THE WORKFORCE\n\nGood afternoon. Let me thank all of you for coming today, especially those of you who will serve on your panels today. This is an important hearing on Improving the Quality and Efficiency of the"
    },
    "6": {
      "summary": "2\n\nCommodity Distribution Program to the Federal Child Nutrition Programs. These programs are central to providing the Nation’s needy children with access to safe, affordable, and nutritious food.\n\nThis marks the first Full Committee hearing to help prepare members of this Committee for the upcoming reauthorization of the Child Nutrition Act and the Richard B. Russell National School Lunch Act. There is general agreement on the importance of good nutrition for everyone, especially growing children. And while parents obviously bear the first responsibility for ensuring their children eat well and exercise regularly, programs authorized under the Child Nutrition Act and the National School Lunch Act play a positive role as well, helping to provide disadvantaged children with access to nutritious meals and snacks.\n\nPrograms such as the National School Lunch and Breakfast Programs, WIC, the Summer Food Service Program, and the Child and Adult Care Food Program are helping many of these children achieve full physical development and success in school. The Federal child nutrition programs were conceived to offer wholesome meals and snacks to children in need and to support the health of lower-income pregnant women, breastfeeding mothers, and their young children.\n\nThese programs represent a huge national investment totaling more than $12 billion per year. And while these programs have been generally heralded as successful, this Committee is seeking new ways to improve access to safe, healthy, and affordable meals and to better serve all program participants.\n\nToday’s hearing will focus on a critical component of many Federally funded child nutrition programs: commodity distribution. The U.S. Department of Agriculture provides commodity support for the School Lunch Program, the Child and Adult Care Food Program, and the Summer Food Service Program as well.\n\nLast year, the United States Department of Agriculture provided commodities to these programs valued at more than $70"
    },
    "7": {
      "summary": "3\n\nthat made many valuable recommendations for improving USDA’s food distribution systems. Since that time the Department has created a number of pilot programs and other initiatives to improve upon the current system. However, additional efforts are needed and several recommendations have yet to be implemented.\n\nLast month I sent a letter to Agriculture Secretary Ann Veneman requesting information about the Department’s efforts to implement the recommendations of the Food Distribution 2000 panel. I look forward to working with the Secretary, Under Secretary for Food and Nutrition, Eric Bost, Ag Marketing Services Administrator, A. J. Yates, and our partners in the food industry and school food service providers to continue the good work that has been started to make meaningful reforms in the commodity distribution system.\n\nToday we will hear from experts who will help us shed light on the commodity distribution to child nutrition programs, what works well, what needs improvement. Several of today’s witnesses will tell us about progress made by the Department to act upon the recommendations of the Food Distribution 2000 report and how Congress can help.\n\nI am certain all of our witnesses today will offer unique perspectives on child nutrition and program operations that will be helpful to the Members of this Committee as we work to improve these programs, and we look forward to all of your comments.\n\nNow, I would yield to our Ranking Member today, my good friend from the State of Michigan, Mr. Kildee.\n\n[The prepared statement of Chairman Boehner follows:]\n\nStatement of the Honorable John A. Boehner, Chairman, Committee on Education and the Workforce\n\nGood Afternoon. Thank you for joining us today for this important hearing on improving the quality and efficiency of commodity distribution to federal child nutrition programs. These programs are central to providing the nation’s needy children with access to safe, affordable, and nutritious food. This marks the first F"
    },
    "8": {
      "summary": "4\n\nThe Department of Agriculture has two major objectives in its mission to provide food products to schools. One objective is to purchase products as part of the Department’s price-support and surplus-removal programs. The second is to provide schools with high quality, nutritious foods so that children have access to meals that are both healthful and appealing. These objectives are frequently at odds, which poses an ongoing challenge for the Department. Because the Department is charged with stabilizing agriculture markets, children’s preferences, food quality and nutrition must frequently compete with economic factors when the Department decides which commodities to purchase and supply.\n\nIn 1999, USDA undertook a broad evaluation of its commodity procurement and distribution systems to improve food distribution to schools and other beneficiaries. The Department’s ultimate goal was to better serve producers and consumers by improving both the efficiency of the distribution process and the quality of foods delivered. USDA convened a blue ribbon panel, Food Distribution 2000, which included representatives from industry, schools, and State commodity distribution agencies. The result was a report that made many valuable recommendations for improving USDA’s food distribution system.\n\nSince that time, the Department has created a number of pilot programs and other initiatives to improve upon the current system. However, additional efforts are needed and several recommendations have yet to be implemented. Last month, I sent a letter to Agriculture Secretary Ann Veneman requesting information about the Department’s efforts to implement the recommendations of the Food Distribution 2000 panel. I look forward to working with Secretary Veneman, Under Secretary for Food and Nutrition, Eric Bost, Agriculture Marketing Service Administrator, A.J. Yates, our partners in the food industry, and school food service providers to continue the good work that has been started in making"
    },
    "9": {
      "summary": "0\n\nThe Administrations have been aware of the fact that this is a very, very important program.\n\nOne of the programs I visited recently in my district—Congress established a vegetable pilot program in four different States and one Indian reservation. That was very important. One of the States happened to be Ohio, the other was Michigan. I am not sure how we got in there. But I visited the program in Linden, Michigan and was very, very much impressed.\n\nI know we always have to go through changes and new ideas. But this program is really one of the great programs, and I would hope that that pilot program would be expanded and that the Department look at that. When Secretary Veneman announced the award of that $6 million, and that Michigan was one of those, I was determined to go out and visit the programs. You have done a very, very good job in that program and I commend you for it.\n\nWhen I taught school, we had no such thing as a formal breakfast program for students. As a matter of fact, there was a great deal of controversy when the breakfast programs started, the idea that that might weaken the family. But the breakfast program has been very, very important.\n\nHaving taught school, I could recognize the students who arrived at school not having had breakfast and how that did affect their learning. I started the first breakfast program for one student, at—you have heard me tell that story many times—at Flint Central High School. I had noted that every day in my homeroom, someone's lunch was being stolen. Very often students packed their lunch and brought it to school. It was being stolen. And I was raised in a family where stealing was a very, very—\n\nChairman BOEHNER. Mr. Kildee, nobody attempted to ever steal my lunch.\n\nMr. KILDEE. Very good. Well, you probably kept a very watchful eye on it.\n\nChairman BOEHNER. I would have gladly given it to them.\n\nMr. KILDEE. It was the quality then, right?\n\nBut I finally caught the young man who was stealing the lunch. And steal"
    },
    "10": {
      "summary": "0\n\nChairman BOEHNER. Thank you, Mr. Kildee.\n\nI want to introduce our first panel of witnesses today. Our first witness will be the Honorable Eric M. Bost, who is the Department of Agriculture's Under Secretary for Food, Nutrition, and Consumer Services. As Under Secretary, he is responsible for the administration of the Department's 15 nutrition assistance programs, including the Food Stamp Program, the National School Lunch Program, the School Breakfast Programs, and WIC. Before his appointment, Mr. Bost served as Commissioner and Chief Executive Officer of the Texas Department of Human Services.\n\nOur next witness will be Mr. J. Yates, who is the current administrator of USDA's Agriculture Marketing Service. Mr. Yates oversees more than 50 programs designed to maintain a stable marketing environment for the benefit of America's farmers, ranchers and consumers. Prior to his appointment, he served as both the Deputy Secretary and the Under Secretary for the California Department of Food and Agriculture. He has been actively involved in providing leadership to a variety of organizations supporting agriculture and education.\n\nFor those of you that may not be aware, in addition to chairing this Committee, I am also the Vice Chairman of the House Committee on Agriculture. So I am glad to have both of these gentlemen here.\n\nMr. Bost, with that you may begin your testimony.\n\n**STATEMENT OF ERIC M. BOST, UNDER SECRETARY, FOOD, NUTRITION, AND CONSUMER SERVICES, U.S. DEPARTMENT OF AGRICULTURE**\n\nMr. Bost. Good afternoon, and thank you so very much, Mr. Chairman and members of the Committee. I am Eric Bost, the Under Secretary for Food, Nutrition, and Consumer Services at the United States Department of Agriculture. I appreciate this opportunity to review the Department's Commodity Nutrition Assistance Program and consider how this vital program can be enhanced as it relates to the National School Lunch Program.\n\nAs you know, the Child Nutrition reauthorization process gives t"
    },
    "11": {
      "summary": "7\n\nmore closely align the meals they serve with the dietary guidelines. We are working hard to improve the quality, variety, and nutritional content of commodities we provide the schools, including offering reduced-fat meat and cheese products, reducing the salt content of canned vegetables, and reducing the sugar added to canned fruit.\n\nWe have also strongly encouraged schools to offer more nutritious choices to students and provide food service workers with the training and technical assistance to help them prepare more nutritious and appealing meals. Today, over 80 percent of these National School Lunch Program schools, we believe, offer meals that are consistent with good health.\n\nWe have also asked our partners in industry and State and local agencies for their suggestions in order to identify how we can improve the delivery of the commodity programs to States and schools. Earlier the Chairman made reference to the Food Distribution 2000 report that we use as a blueprint for change.\n\nThere are a couple of things I would like to say about what we have done to address many of the recommendations, we believe, all of the recommendations that were noted in that report. We have implemented an Internet-based, commodity-based ordering system called the electronic commodity ordering system. This new system provides greater access and speed in food distribution processes at the Federal, State and recipient agency levels. States can now place, cancel, or modify food orders online that previously were handled through paper transactions. We plan to roll the system out in schools, at the State's option, beginning next year.\n\nWe have also done some things to align the commodity programs with commercial practices. To bring our commodity programs more in line with commercial practices, we have now allowed vendors to use commercial labels on USDA commodities in lieu of USDA labels; permitted recipient agencies to maintain single inventory records, instead of requiring separate a"
    },
    "12": {
      "summary": "0\n\nAs with other Distribution 2000 initiatives, this was a joint effort by us, the Food and Nutrition Service, the Agricultural Marketing Service, the Farm Service Agency, and the Food Safety Inspection Service. In keeping with the dietary guidelines, we have established helpful standards for canned fruit and vegetables offered in our nutrition programs. We have also worked to ensure that we increase and encourage the purchase and consumption of fresh fruits and vegetables for our School Lunch Program.\n\nWe have successfully teamed with the Department of Defense Supply Center of Philadelphia to deliver high-quality fresh produce to school children and Indian tribes. Under this program, participating schools nationwide order fresh produce directly from DOD prime vendors. In fiscal year 2003, USDA purchased $50 million worth of fresh fruit produce for schools, and the program has proven to be very popular and is currently in about 41 States.\n\nWith Food Distribution 2000, we have worked cooperatively, as I noted, with all four of the agencies, and I am very pleased to announce that today, later on this afternoon, we will go live with a USDA commodity food network Web site, which allows customers to go to a single portal for all USDA commodity program needs. It is an E-government resource designed to provide a wealth of information about the purchase and distribution of USDA's commodities. This portal combines the resources and information from all four agencies and other partners in the commodity distribution network into a one-stop shopping for our customers. It is no longer necessary to understand the roles of each of the agencies individually, but you are able to go to one place and receive information about how the commodity program works.\n\nIn conclusion, Mr. Chairman, USDA would be pleased to work with you and this Committee as we embark on reauthorizing the child nutrition programs to ensure the continued improvement and success of our nutrition programs for the N"
    },
    "13": {
      "summary": "0\n\nto American farms and ranches because they provide the Department with a means to stabilize agricultural markets.\n\nI would like to begin today by saying a few words about the nutritional aspects of our school meal programs. There has been considerable attention paid to the fat, sodium, and sugar content of these meals. I would like to assure the Committee of our continuing and abiding concern in this area. The Department has reviewed and modified the recipes, commodity specifications and other materials that support compliance with the Dietary Guidelines for Americans.\n\nUSDA has worked with schools to more closely align the meals they serve with the Dietary Guidelines. Today, over 80 percent of NSLP schools offer meals that are consistent with good health. We have worked hard to improve the quality, variety, and nutritional content of the commodities we provide to schools and will continue to make improvements in the future. At the same time, we are strongly encouraging schools to offer more nutritious choices to students and we are providing food service workers with the training and technical assistance to help them prepare more nutritious and appealing meals.\n\nAs many of you recall, back in the 1990's, the Department became aware of a growing gap between the way we were delivering our commodity support to schools and the way States, schools and industry could most efficiently and safely produce, deliver, store and serve a quality product. We asked our partners in industry, the State, and local agencies for their suggestions in order to identify how we could close this gap, and we incorporated these recommendations, along with our own, into a report entitled, \"Food Distribution 2000,\" and used it as a blueprint for change.\n\nRecognizing and Responding to a Challenge\n\nThe Food Distribution 2000 Report identified numerous ways in which USDA's commodity program for schools was overly cumbersome and burdened with red tape. Commodity ordering was handled by seven dif"
    },
    "14": {
      "summary": "0\n\nThe use of the Standard Yield Program, schools can now obtain seamless distribution of commodities and commercial purchases.\n\nWe have also initiated long-term contracts for certain commodities, including cheese, some fruits, frozen chicken and turkey products. This procurement method brings consistency and predictability to the commodity program. \"Best value\", as opposed to \"lowest cost\" contracts are also being tested to focus on overall product quality and service.\n\nImproving Food Safety Protocols\n\nTo ensure that the commodities we offer to schools are safe as well as nutritious, all meat and poultry product specifications are reviewed and/or amended in consultation with the Department's Food Safety Inspection Service (FSIS).\n\nGround beef suppliers must operate under new process control protocols similar to those required by large volume commercial buyers of ground beef.\n\nUSDA has also established and implemented written procedures and time frames to address commodity holds and/or recalls resulting from safety concerns. This initiative reduces the hold time on commodities, removes product quickly from schools and other outlets, and expedites product replacement/reimbursement. As with other Food Distribution 2000 initiatives, this was a joint effort by FNS, the Agricultural Marketing Service (AMS), the Farm Service Agency (FSA), and FSIS.\n\nPromoting Fresh Fruit and Vegetables\n\nAs many of us here today recall from our own school days, the National School Lunch Program of the 1950's and 60's served canned fruits and vegetables almost exclusively, and in keeping with the tastes and nutrition knowledge of the times, they were often flavored with plenty of salt and heavy syrup. Since those days, and in keeping with our Dietary Guidelines, we have established much more healthful standards for canned fruits and vegetables offered in our nutrition programs. The sodium specifications for the vegetables we offer to schools are the minimum amount possible that still assure"
    },
    "15": {
      "summary": "0.5cm\n\nMr. Chairman, this concludes my testimony. I would be happy to answer any questions.\n\nChairman Boehner. Mr. Yates, you may begin.\n\n**STATEMENT OF A. J. YATES, ADMINISTRATOR, AGRICULTURAL MARKETING SERVICE, U.S. DEPARTMENT OF AGRICULTURE**\n\nMr. Yates. Mr. Chairman, members of the Committee, thank you for the invitation to appear before you today to discuss the role of the Agricultural Marketing Service, AMS, in the National School Lunch Program.\n\nI am A. J. Yates, Administrator of AMS, and I am pleased to be here with Under Secretary Bost. While USDA’s Food and Nutrition Service administers the National School Lunch Program, AMS is responsible for purchasing many of the commodities for this and other domestic food assistance programs. We support the National School Lunch Program, providing nutritious, high-quality food to school children through our purchases of red meat, fish, poultry, eggs, fruit and vegetable products. USDA’s Farm Service Agency purchases flours, grains, peanut products, dairy products, oils and shortening. All of these purchases help to stabilize the agricultural market by balancing supply and demand, thus helping domestic farmers and ranchers.\n\nLet me briefly describe the purchase process and AMS’s role in it. The process begins long before AMS announces that it plans to purchase particular food items. AMS specialists knowledgeable in food processing work with potential vendors, Food Nutrition Service, and food safety officers in developing specifications for each item that will be purchased. Many of these items are similar to the popular commercial items.\n\nOther items are developed specifically to meet the special nutritional needs of our recipients. The specification provides details on product formulation, manufacturing, packaging, sampling and testing requirements and quality assurance provisions. By coordinating the development of specifications with specialists from all aspects of food processing, AMS ensures the purchase of high-qu"
    },
    "16": {
      "summary": "0\n\nActual purchasing begins with AMS and Farm Service Agency notifying specific industries, through press releases and other means, of their intent to purchase particular food products. These agencies invite bids under a formal advertised competitive bid program. These invitations give specific details on when bids are due for a particular purchase. All products must be US-produced and of domestic origin. Under Federal acquisition regulations, vendors must be deemed responsible prior to participating in the program. For instance, they must have a satisfactory performance record and adequate financial resources to demonstrate their ability to produce and deliver the product within designated timeframes.\n\nIt is essential that USDA-purchased food products arrive on time, as recipients depend on it. Bids are received from responsible vendors, analyzed, and contracts are awarded by AMS or Farm Service Agency. Contracts are then administered by the agencies to make sure that the terms and conditions are followed.\n\nAll products purchased by USDA are produced in compliance with applicable food safety—Federal food safety laws and regulations. Red meat, poultry, and egg products must be processed under USDA’s Food Safety and Inspection Service regulations. And all fruit, vegetable and fish products are subject to Food and Drug Administration regulations.\n\nFSIS and FDA ensure that such products are wholesome and that processing plants operate under sanitary conditions. In addition to FSIS inspection, AMS inspectors are present during production and shipping of all red meat and poultry items to ensure compliance with all specification requirements, including those for raw material processing, packaging, and testing.\n\nPlants supplying processed fruit and vegetable products undergo a survey by AMS inspectors to ensure compliance with FDA requirements, including that agency’s good manufacturing practices. Additionally, fish products are produced in facilities operating under the N"
    },
    "17": {
      "summary": "0.5cm\n\ners in the manufacture of fruit and vegetables products, and, on a more limited basis, poultry products; implemented formal commodity product hold and recall procedures for use by State and local authorities; and relaxed truckload delivery requirements allowing multiple stops within a State or city.\n\nMr. Chairman, AMS is proud of the role it plays in providing food products to this Nation’s school children. We are proud of the relationship we have built with other Federal agencies, State agencies, and the school food community to carry out this most important responsibility. We look forward to working with you in any way that we can as the Child Nutrition Act and Richard B. Russell National School Lunch Act reauthorization process continues.\n\nThis concludes my statement, Mr. Chairman, and I would be pleased to respond to any questions that you may have.\n\nChairman BOEHNER. Mr. Yates, thank you for your testimony.\n\n[The prepared statement of Mr. Yates follows:]\n\n**Statement of A. J. Yates, Administrator, Agricultural Marketing Service, U.S. Department of Agriculture**\n\nMr. Chairman and Members of the Committee, thank you for the invitation to appear before you today to discuss the role of the Agricultural Marketing Service (AMS) in the National School Lunch Program. I am A. J. Yates, Administrator of AMS, and I am pleased to be here with Under Secretary Bost.\n\nIn 1946, Congress passed the National School Lunch Act, providing a healthy lunch to millions of schoolchildren. Over 55 years later, the program continues to help improve the health of children, especially those at nutritional risk.\n\nWhile USDA’s Food and Nutrition Service (FNS) administers the National School Lunch Program (NSLP), AMS is responsible for purchasing many of the commodities for this and other domestic food assistance programs. We support the NSLP by providing nutritious, high quality food to schoolchildren through our purchases of red meat, fish, poultry, egg, fruit, and vegetable products"
    },
    "18": {
      "summary": "0.5cm\n\nUnder Federal Acquisition Regulations, vendors must be deemed “responsible” prior to participating in the program. For instance, they must have a satisfactory performance record and adequate financial resources to demonstrate their ability to produce and deliver the product within designated timeframes. It is essential that USDA purchased food products arrive on time as recipients depend on it.\n\nBids are received from responsible vendors, analyzed, and contracts are awarded by AMS and FSA. Contracts are then administered by the agencies to make sure that terms and conditions are followed.\n\nAll products purchased by USDA are produced in compliance with applicable Federal food safety laws and regulations. Red meat, poultry, and egg products must be processed under USDAs Food Safety and Inspection Service (FSIS) regulations, and all fruit, vegetable, and fish products are subject to Food and Drug Administration (FDA) regulation. FSIS and FDA assure that such products are wholesome and that processing plants operate under sanitary conditions.\n\nIn addition to FSIS inspection, AMS inspectors are present during production and shipping of all red meat and poultry items to ensure compliance with all specification requirements—including those for raw materials, processing, packaging, and testing. Plants supplying processed fruit and vegetable products undergo a survey by AMS inspectors to assure compliance with FDA requirements, including that Agency’s Good Manufacturing Practices. Additionally, fish products are produced in facilities operating under the National Marine Fisheries Service voluntary seafood inspection program. For certain types of products, such as ground beef, egg products, and fruit juices, additional product handling and testing protocols are required.\n\nAMS also works with FSIS to distribute educational materials for food service professionals about proper handling and cooking techniques. These materials, available in both Spanish and English, are de"
    },
    "19": {
      "summary": "0.5\n\nMr. Bost. Mr. Chairman, let me take a stab at it. I don't know if it is a question of which objective wins. I think what we have attempted to do in the Department is to ensure that there is a balance, and that essentially they balance one or the other out in terms of us making some decisions that are going to address both entities.\n\nOn the one side, of course, what the farmers and ranchers produce and they want us to buy; and on the other hand, a very important consideration that we have to give—we are interested in giving to ensure that we provide nutritious, healthy food to the 29 million children in our schools.\n\nAnd also the other issue of dealing with the bonus buys that are out there. So we try to bring all of those to the table and balance them out in terms of some decisions that we make.\n\nInterestingly enough, that is why there are essentially two components of the program. One, of course, is entitlements. There are 143–145 items on that list that schools are actually able to order from. The other is bonus buys. The bonus buys afford the Department a great deal of flexibility in terms of when and what they buy and how much.\n\nAnd so that tends to be somewhat of a lever, because it affords us an opportunity to attempt to balance all of those things out, a challenge. It is a major challenge for us. Because there is a great deal of pressure coming, of course, from one side on occasion, saying “Well, I want you to buy X.” It could be peaches, it could be tree nuts. It could be, “Well, I want you to buy more beef.”\n\nOn the other hand, it could be, we are interested in ensuring that the foods that we do buy, one, that we can afford to buy them; and, two, that they are going to meet the nutritional needs of school children. And, most importantly, that even when we do buy them, that the children are going to eat them. We have people who come to see us who are interested in, say, two of my favorites, asparagus and brussel sprouts. You know, there are not too many"
    },
    "20": {
      "summary": "0\n\n: 0\n\n: 0\n\n: 0\n\n: 0\n\n: 0\n\n: 0\n\n: 0\n\n: 0\n\n: 0\n\n: 0\n\n: 0\n\n: 0\n\n: 0\n\n: 0\n\n: 0\n\n: 0\n\n: 0\n\n: 0\n\n: 0\n\n: 0\n\n: 0\n\n: 0\n\n: 0\n\n: 0\n\n: 0\n\n: 0\n\n: 0\n\n: 0\n\n: 0\n\n: 0\n\n: 0\n\n: 0\n\n: 0\n\n: 0\n\n: 0\n\n: 0\n\n: 0\n\n: 0\n\n: 0\n\n: 0\n\n: 0\n\n: 0\n\n: 0\n\n: 0\n\n: 0\n\n: 0\n\n: 0\n\n: 0\n\n: 0\n\n: 0\n\n: 0\n\n: 0\n\n: 0\n\n: 0\n\n: 0\n\n: 0\n\n: 0\n\n: 0\n\n: 0\n\n: 0\n\n: 0\n\n: 0\n\n: 0\n\n: 0\n\n: 0\n\n: 0\n\n: 0\n\n: 0\n\n: 0\n\n: 0\n\n: 0\n\n: 0\n\n: 0\n\n: 0\n\n: 0\n\n: 0\n\n: 0\n\n: 0\n\n: 0\n\n: 0\n\n: 0\n\n: 0\n\n: 0\n\n: 0\n\n: 0\n\n: 0\n\n: 0\n\n: 0\n\n: 0\n\n: 0\n\n: 0\n\n: 0\n\n: 0\n\n: 0\n\n: 0\n\n: 0\n\n: 0\n\n:"
    }
  }
}
