{
  "doc_id": "earthlinkweb-150213112111-conversion-gate02_95.pdf",
  "pages": {
    "1": {
      "summary": "1\n\nImpact of Store Networks and WiFi on Customer Experience\n\nEarthLink® AirTight® NETWORKS #ConnectedStore"
    },
    "2": {
      "summary": " Welcome Webinar Attendees\n\nFile View Help\n\nAudio\n\nAudio Mode: Use Telephone\n    Use Mic & Speakers\n\nMUTED\n\nAudio Setup\n\nTalking: Beth Gilbert\n\nQuestions\n\nQuestions Log\n\nQ: Am I able to ask questions live or only through the text Q&A?\nA: You are able to ask question live. You can raise your hand and I will unmute your line.\n\nSend\n\nGoToWebinar™\n\n#ConnectedStore"
    },
    "3": {
      "summary": " Follow This Webinar On Twitter\n\n# #ConnectedStore\n\nRetail TouchPoints: @RTouchPoints  \nEarthlink: @Earthlink  \nAirTight Networks: @Airtight  \nIHL Group: @gregbuzek  \n\n#ConnectedStore"
    },
    "4": {
      "summary": " Launched in 2007\n\n:  Over 28,000 subscribers\n\n:  To provide executives with relevant,\n\ninsightful content across a variety of\n\ndigital medium\n\n\nFree subscription to our weekly newsletter:\n\n**WWW.RETAILTOUCHPOINTS.COM/SIGNUP**\n\n\n# ConnectedStore"
    },
    "5": {
      "summary": "2023-10-25T00:00:00.000Z\n\n<table>PanelistsGreg Buzek<br>Founder & President<br>IHL GroupKevin McCauley<br>Director of Retail Market Development<br>AirTight Networks</table>\n\n\n\n\nMODERATOR\n\nDebbie Haus\nEditor-in-Chief\nRetail TouchPoints\n\nGreg Griffiths\nVice President of Product Alliances\nEarthLink"
    },
    "6": {
      "summary": "1HL\n\nGROUP\n\nHARD DATA,SMART DECISIONS\n\nImpact of Store Networks and\n\nWiFi on Customer Experience\n\nGreg Buzek President"
    },
    "7": {
      "summary": " POS being driven by Distributed Order Management\n\n: One version of the truth\n\n: Enabling Associate and Consumers via WiFi and Mobile\n\n: Centralized Returns/Return Fraud\n\n: Ship from Store and other Omni-Channel trends\n\n: Beacons and Internet of Things"
    },
    "8": {
      "summary": " Infrastructure\nSurvey Results"
    },
    "9": {
      "summary": "0\n\nRespondents by segment\n\nHospitality, 23%\n\nFood, Drug, Conv, Mass, 14%\n\nGeneral Merchandise & Specialty, 63%\n\nOver $1 Billion, 51%\n\nUnder $500 Million, 30%\n\n$500M - $1 Billion, 19%\n\nIHL Group Store Infrastructure Survey 2015\n\nRespondents by revenue\n\n$500M - $1 Billion, 19%\n\nUnder $500 Million, 30%\n\nOver $1 Billion, 51%"
    },
    "10": {
      "summary": "0\n\n**Status of Infrastructure Update %**\n\n**Store Infrastructure Technology Update Timeframe**\n\nCurrently Ready Within 12 Months 12-24 Months\n\n24-36 Months No Plans\n\nBeacons 7 23 22 13 35\n\nLoyalty-Mobile App 26 40 15 4 16\n\nEMV Compliance 30 49 7 1 13\n\nWiFi-Store Level 40 36 11 1 12\n\nWAN Bandwidth/optimization 46 34 12 1 6\n\nWAN/LAN Network Security 54 34 6 1 5\n\nVOIP 54 12 3 4 27"
    },
    "11": {
      "summary": "75\n\nFood, Drug, Conv, Mass\n\nHospitality\n\nOverall\n\n\nSource: IHL Group Store Infrastructure Survey 2015"
    },
    "12": {
      "summary": "0\n\n**How do you use Wi-Fi ?**\n\n**%**\n\nBoth Company use and customer WiFi access\n\nJust for Company Use\n\nJust Customer Use\n\nOverall 54 42 3\n\nFood, Drug, Conv, Mass 22 78\n\nGeneral Merchandise & Specialty 51 46 3\n\nHospitality 85 8 8"
    },
    "13": {
      "summary": "17\n\nSales conversion by Wifi\n\nTimes of use\n\nSocial media conversions\n\nTime in store\n\nLoyalty/repeat visits to store\n\nHot spots in store\n\nWhat devices customers use\n\nGuest WiFi session duration\n\nTraffic counting"
    },
    "14": {
      "summary": "0\n\n**Are you doing promotions to customers over Wi-Fi? %**\n\nYes No\n\nOverall 24 76\n\nGeneral Merchandise & Specialty 31 69\n\nFood, Drug, Conv, Mass 11 89\n\nHospitality 15 85"
    },
    "15": {
      "summary": "1-5, 5 Critical)\n\n|Analytics and Social Media integration|2.9|\n|---|---|\n|Vendor reputation|3.4|\n|SLAs|3.7|\n|Costs|3.8|\n|Centralized Control of company devices|4.0|\n|PCI Compliance|4.7|\n|Security|4.7|\n\n\n\n**Top Criteria (1-5, 5 Critical)**\n\nAnalytics and Social Media integration 2.9\n\nVendor reputation 3.4\n\nSLAs 3.7\n\nCosts 3.8\n\nCentralized Control of company devices 4.0\n\nPCI Compliance 4.7\n\nSecurity 4.7"
    },
    "16": {
      "summary": "0\n\n**IT Spend on Data Security**\n\n| % of IT Budget is on Data Security | % Data Security taken up by PCI |\n|---|---|\n| Overall | 14.1% | 37.7% |\n| Tier 1 (Over 1B) | 13.8% | 32.6% |\n| Tier 2 (500m-1B) | 13.3% | 40.6% |\n| Tier 3 (<500m) | 15.1% | 42.3% |\n\nSource: IHL Group Store Infrastructure Survey 2015"
    },
    "17": {
      "summary": "0\n\n\nThe BIG Dilemma\n\nMore Security or More Guest Access?"
    },
    "18": {
      "summary": " Secure Guest Wi-Fi"
    },
    "19": {
      "summary": "0\n\nSecure Guest Wi-Fi\n\nWhat can you learn from your customers?"
    },
    "20": {
      "summary": "0\n\n: 0\n\n: 0\n\n: 0\n\n: 0\n\n: 0\n\n: 0\n\n: 0\n\n: 0\n\n: 0\n\n: 0\n\n: 0\n\n: 0\n\n: 0\n\n: 0\n\n: 0\n\n: 0\n\n: 0\n\n: 0\n\n: 0\n\n: 0\n\n: 0\n\n: 0\n\n: 0\n\n: 0\n\n: 0\n\n: 0\n\n: 0\n\n: 0\n\n: 0\n\n: 0\n\n: 0\n\n: 0\n\n: 0\n\n: 0\n\n: 0\n\n: 0\n\n: 0\n\n: 0\n\n: 0\n\n: 0\n\n: 0\n\n: 0\n\n: 0\n\n: 0\n\n: 0\n\n: 0\n\n: 0\n\n: 0\n\n: 0\n\n: 0\n\n: 0\n\n: 0\n\n: 0\n\n: 0\n\n: 0\n\n: 0\n\n: 0\n\n: 0\n\n: 0\n\n: 0\n\n: 0\n\n: 0\n\n: 0\n\n: 0\n\n: 0\n\n: 0\n\n: 0\n\n: 0\n\n: 0\n\n: 0\n\n: 0\n\n: 0\n\n: 0\n\n: 0\n\n: 0\n\n: 0\n\n: 0\n\n: 0\n\n: 0\n\n: 0\n\n: 0\n\n: 0\n\n: 0\n\n: 0\n\n: 0\n\n: 0\n\n: 0\n\n: 0\n\n: 0\n\n: 0\n\n: 0\n\n: 0\n\n: 0\n\n: 0\n\n: 0\n\n: 0\n\n: 0\n\n: 0\n\n: 0\n\n: 0\n\n: 0\n\n: 0\n\n: 0\n\n: 0\n\n: 0\n\n: 0\n\n: 0\n\n: 0\n\n: 0\n\n: 0\n\n: 0\n\n: 0\n\n: 0\n\n: 0\n\n: 0\n\n: 0\n\n: 0\n\n: 0\n\n: 0\n\n: 0\n\n: 0\n\n: 0\n\n: 0\n\n: 0\n\n: 0\n\n: 0\n\n: 0\n\n: 0\n\n: 0\n\n: 0\n\n: 0\n\n: 0\n\n: 0\n\n: 0\n\n: 0\n\n: 0\n\n: 0\n\n: 0\n\n: 0\n\n: 0\n\n: 0\n\n: 0\n\n: 0\n\n: 0\n\n: 0\n\n: 0\n\n: 0\n\n: 0\n\n: 0\n\n: 0\n\n: 0\n\n: 0\n\n: 0\n\n: 0\n\n: 0\n\n: 0\n\n: 0\n\n: 0\n\n: 0\n\n: 0\n\n: 0\n\n: 0\n\n: 0\n\n: 0\n\n: 0\n\n: 0\n\n: 0\n\n: 0\n\n: 0\n\n: 0\n\n: 0\n\n: 0\n\n: 0\n\n: 0\n\n: 0\n\n: 0\n\n: 0\n\n: 0\n\n: 0\n\n: 0\n\n: 0\n\n: 0\n\n: 0\n\n: 0\n\n: 0\n\n: 0\n\n: 0\n\n: 0\n\n: 0\n\n: 0\n\n: 0\n\n: 0\n\n: 0\n\n: 0\n\n: 0\n\n: 0\n\n: 0\n\n: 0\n\n: 0\n\n: 0\n\n: 0\n\n: 0\n\n: 0\n\n: 0\n\n: 0\n\n: 0\n\n: 0\n\n: 0\n\n: 0\n\n: 0\n\n: 0\n\n: 0\n\n: 0\n\n: 0\n\n: 0\n\n: 0\n\n: 0\n\n: 0\n\n: 0\n\n: 0\n\n: 0\n\n: 0\n\n: 0\n\n: 0\n\n: 0\n\n: 0\n\n: 0\n\n: 0\n\n: 0\n\n: 0\n\n: 0\n\n: 0\n\n: 0\n\n: 0\n\n: 0\n\n: 0\n\n: 0\n\n: 0\n\n: 0\n\n: 0\n\n: 0\n\n: 0\n\n: 0\n\n: 0\n\n: 0\n\n: 0\n\n: 0\n\n: 0\n\n: 0\n\n: 0\n\n: 0\n\n: 0\n\n: 0\n\n: 0\n\n: 0\n\n: 0\n\n: 0\n\n: 0\n\n: 0\n\n: 0\n\n: 0\n\n: 0\n\n: 0\n\n: 0\n\n: 0\n\n: 0\n\n: 0\n\n: 0\n\n: 0\n\n: 0\n\n: 0\n\n: 0\n\n: 0\n\n: 0\n\n: 0\n\n: 0\n\n: 0\n\n: 0\n\n: 0\n\n: 0\n\n: 0\n\n: 0\n\n: 0\n\n: 0\n\n: 0\n\n: 0\n\n: 0\n\n: 0\n\n: 0\n\n: 0\n\n: 0\n\n: 0\n\n: 0\n\n: 0\n\n: 0\n\n: 0\n\n: 0\n\n: 0\n\n: 0\n\n: 0\n\n: 0\n\n: 0\n\n: 0\n\n: 0\n\n: 0\n\n: 0\n\n: 0\n\n: 0\n\n: 0\n\n: 0\n\n: 0\n\n: 0\n\n: 0\n\n: 0\n\n: 0\n\n: 0\n\n: 0\n\n: 0\n\n: 0\n\n: 0\n\n: 0\n\n: 0\n\n: 0\n\n: 0\n\n: 0\n\n: 0\n\n: 0\n\n: 0\n\n: 0\n\n: 0\n\n: 0\n\n: 0\n\n: 0\n\n: 0\n\n: 0\n\n: 0\n\n: 0\n\n: 0\n\n: 0\n\n: 0\n\n: 0\n\n: 0\n\n: 0\n\n: 0\n\n: 0\n\n: 0\n\n: 0\n\n: 0\n\n: 0\n\n: 0\n\n: 0\n\n: 0\n\n: 0\n\n: 0\n\n: 0\n\n: 0\n\n: 0\n\n: 0\n\n: 0\n\n: 0\n\n: 0\n\n: 0\n\n: 0\n\n: 0\n\n: 0\n\n: 0\n\n: 0\n\n: 0\n\n: 0\n\n: 0\n\n: 0\n\n: 0\n\n: 0\n\n: 0\n\n: 0\n\n: 0\n\n: 0\n\n: 0\n\n: 0\n\n: 0\n\n: 0\n\n: 0\n\n: 0\n\n: 0\n\n: 0\n\n: 0\n\n: 0\n\n: 0\n\n: 0\n\n: 0\n\n: 0\n\n: 0\n\n: 0\n\n: 0\n\n: 0\n\n: 0\n\n: 0\n\n: 0\n\n: 0\n\n: "
    },
    "21": {
      "summary": "0\n\n: 0\n\n: 0\n\n: 0\n\n: 0\n\n: 0\n\n: 0\n\n: 0\n\n: 0\n\n: 0\n\n: 0\n\n: 0\n\n: 0\n\n: 0\n\n: 0\n\n: 0\n\n: 0\n\n: 0\n\n: 0\n\n: 0\n\n: 0\n\n: 0\n\n: 0\n\n: 0\n\n: 0\n\n: 0\n\n: 0\n\n: 0\n\n: 0\n\n: 0\n\n: 0\n\n: 0\n\n: 0\n\n: 0\n\n: 0\n\n: 0\n\n: 0\n\n: 0\n\n: 0\n\n: 0\n\n: 0\n\n: 0\n\n: 0\n\n: 0\n\n: 0\n\n: 0\n\n: 0\n\n: 0\n\n: 0\n\n: 0\n\n: 0\n\n: 0\n\n: 0\n\n: 0\n\n: 0\n\n: 0\n\n: 0\n\n: 0\n\n: 0\n\n: 0\n\n: 0\n\n: 0\n\n: 0\n\n: 0\n\n: 0\n\n: 0\n\n: 0\n\n: 0\n\n: 0\n\n: 0\n\n: 0\n\n: 0\n\n: 0\n\n: 0\n\n: 0\n\n: 0\n\n: 0\n\n: 0\n\n: 0\n\n: 0\n\n: 0\n\n: 0\n\n: 0\n\n: 0\n\n: 0\n\n: 0\n\n: 0\n\n: 0\n\n: 0\n\n: 0\n\n: 0\n\n: 0\n\n: 0\n\n: 0\n\n: 0\n\n: 0\n\n: 0\n\n: 0\n\n: 0\n\n: 0\n\n: 0\n\n: 0\n\n: 0\n\n: 0\n\n: 0\n\n: 0\n\n: 0\n\n: 0\n\n: 0\n\n: 0\n\n: 0\n\n: 0\n\n: 0\n\n: 0\n\n: 0\n\n: 0\n\n: 0\n\n: 0\n\n: 0\n\n: 0\n\n: 0\n\n: 0\n\n: 0\n\n: 0\n\n: 0\n\n: 0\n\n: 0\n\n: 0\n\n: 0\n\n: 0\n\n: 0\n\n: 0\n\n: 0\n\n: 0\n\n: 0\n\n: 0\n\n: 0\n\n: 0\n\n: 0\n\n: 0\n\n: 0\n\n: 0\n\n: 0\n\n: 0\n\n: 0\n\n: 0\n\n: 0\n\n: 0\n\n: 0\n\n: 0\n\n: 0\n\n: 0\n\n: 0\n\n: 0\n\n: 0\n\n: 0\n\n: 0\n\n: 0\n\n: 0\n\n: 0\n\n: 0\n\n: 0\n\n: 0\n\n: 0\n\n: 0\n\n: 0\n\n: 0\n\n: 0\n\n: 0\n\n: 0\n\n: 0\n\n: 0\n\n: 0\n\n: 0\n\n: 0\n\n: 0\n\n: 0\n\n: 0\n\n: 0\n\n: 0\n\n: 0\n\n: 0\n\n: 0\n\n: 0\n\n: 0\n\n: 0\n\n: 0\n\n: 0\n\n: 0\n\n: 0\n\n: 0\n\n: 0\n\n: 0\n\n: 0\n\n: 0\n\n: 0\n\n: 0\n\n: 0\n\n: 0\n\n: 0\n\n: 0\n\n: 0\n\n: 0\n\n: 0\n\n: 0\n\n: 0\n\n: 0\n\n: 0\n\n: 0\n\n: 0\n\n: 0\n\n: 0\n\n: 0\n\n: 0\n\n: 0\n\n: 0\n\n: 0\n\n: 0\n\n: 0\n\n: 0\n\n: 0\n\n: 0\n\n: 0\n\n: 0\n\n: 0\n\n: 0\n\n: 0\n\n: 0\n\n: 0\n\n: 0\n\n: 0\n\n: 0\n\n: 0\n\n: 0\n\n: 0\n\n: 0\n\n: 0\n\n: 0\n\n: 0\n\n: 0\n\n: 0\n\n: 0\n\n: 0\n\n: 0\n\n: 0\n\n: 0\n\n: 0\n\n: 0\n\n: 0\n\n: 0\n\n: 0\n\n: 0\n\n: 0\n\n: 0\n\n: 0\n\n: 0\n\n: 0\n\n: 0\n\n: 0\n\n: 0\n\n: 0\n\n: 0\n\n: 0\n\n: 0\n\n: 0\n\n: 0\n\n: 0\n\n: 0\n\n: 0\n\n: 0\n\n: 0\n\n: 0\n\n: 0\n\n: 0\n\n: 0\n\n: 0\n\n: 0\n\n: 0\n\n: 0\n\n: 0\n\n: 0\n\n: 0\n\n: 0\n\n: 0\n\n: 0\n\n: 0\n\n: 0\n\n: 0\n\n: 0\n\n: 0\n\n: 0\n\n: 0\n\n: 0\n\n: 0\n\n: 0\n\n: 0\n\n: 0\n\n: 0\n\n: 0\n\n: 0\n\n: 0\n\n: 0\n\n: 0\n\n: 0\n\n: 0\n\n: 0\n\n: 0\n\n: 0\n\n: 0\n\n: 0\n\n: 0\n\n: 0\n\n: 0\n\n: 0\n\n: 0\n\n: 0\n\n: 0\n\n: 0\n\n: 0\n\n: 0\n\n: 0\n\n: 0\n\n: 0\n\n: 0\n\n: 0\n\n: 0\n\n: 0\n\n: 0\n\n: 0\n\n: 0\n\n: 0\n\n: 0\n\n: 0\n\n: 0\n\n: 0\n\n: 0\n\n: 0\n\n: 0\n\n: 0\n\n: 0\n\n: 0\n\n: 0\n\n: 0\n\n: 0\n\n: 0\n\n: 0\n\n: 0\n\n: 0\n\n: 0\n\n: 0\n\n: 0\n\n: 0\n\n: 0\n\n: 0\n\n: 0\n\n: 0\n\n: 0\n\n: 0\n\n: 0\n\n: 0\n\n: 0\n\n: 0\n\n: 0\n\n: 0\n\n: 0\n\n: 0\n\n: 0\n\n: 0\n\n: 0\n\n: 0\n\n: 0\n\n: 0\n\n: 0\n\n: 0\n\n: 0\n\n: 0\n\n: 0\n\n: 0\n\n: 0\n\n: 0\n\n: 0\n\n: 0\n\n: 0\n\n: 0\n\n: 0\n\n: 0\n\n: 0\n\n: 0\n\n: 0\n\n: 0\n\n: 0\n\n: 0\n\n: 0\n\n: 0\n\n: 0\n\n: 0\n\n: 0\n\n: 0\n\n: 0\n\n: 0\n\n: "
    },
    "22": {
      "summary": "0\n\nWhat can you learn from your customers?\n\nEngagement\nDoes this man need help?\nDo you know his name?\nDo you even know he’s here?\n\nIntegration\nWhat if your Wi-Fi could feed this information into your POS, CRM, and loyalty systems?\n\nWould knowing this make a difference?\n\nAverage Visitors per Store per Day\n\nFoot Traffic Trend per Day\n4 Week Cycle\n\nWeek 1 (1-7 days)    Week 2 (8-14 days)    Week 3 (15-7 days)    Week 1 (1-7 days)\n\nSunday    Monday    Tuesday    Wednesday    Thursday    Friday    Saturday"
    },
    "23": {
      "summary": "0\n\nWhat can you learn from your customers?\n\nEngagement\nDoes this man need help?\nDo you know his name?\nDo you even know he’s here?\n\nIntegration\nWhat if your Wi-Fi could feed this information into your POS, CRM, and loyalty systems?\n\nWould knowing this make a difference?\n\nAverage Visitors per Store per Day\n\nFoot Traffic Trend per Day\n4 Week Cycle\n\nWeek 1 (1-7 days)   Week 2 (8-14 days)   Week 3 (15-7 days)   Week 1 (1-7 days)\n\nSunday   Monday   Tuesday   Wednesday   Thursday   Friday   Saturday"
    },
    "24": {
      "summary": "1101001110011100111000111001010101010\n\n1011010110001000011100111000101010101010\n\n1011010110001000011100111000101010101010\n\n1011010110001000011100111000101010101010\n\n1011010110001000011100111000101010101010\n\n1011010110001000011100111000101010101010\n\n1011010110001000011100111000101010101010\n\n1011010110001000011100111000101010101010\n\n1011010110001000011100111000101010101010\n\n1011010110001000011100111000101010101010\n\n1011010110001000011100111000101010101010\n\n1011010110001000011100111000101010101010\n\n1011010110001000011100111000101010101010\n\n1011010110001000011100111000101010101010\n\n1011010110001000011100111000101010101010\n\n1011010110001000011100111000101010101010\n\n1011010110001000011100111000101010101010\n\n1011010110001000011100111000101010101010\n\n1011010110001000011100111000101010101010\n\n1011010110001000011100111000101010101010\n\n1011010110001000011100111000101010101010\n\n1011010110001000011100111000101010101010\n\n1011010110001000011100111000101010101010\n\n1011010110001000011100111000101010101010\n\n1011010110001000011100111000101010101010\n\n1011010110001000011100111000101010101010\n\n1011010110001000011100111000101010101010\n\n1011010110001000011100111000101010101010\n\n1011010110001000011100111000101010101010\n\n1011010110001000011100111000101010101010\n\n1011010110001000011100111000101010101010\n\n1011010110001000011100111000101010101010\n\n1011010110001000011100111000101010101010\n\n1011010110001000011100111000101010101010\n\n1011010110001000011100111000101010101010\n\n1011010110001000011100111000101010101010\n\n1011010110001000011100111000101010101010\n\n1011010110001000011100111000101010101010\n\n1011010110001000011100111000101010101010\n\n1011010110001000011100111000101010101010\n\n1011010110001000011100111000101010101010\n\n1011010110001000011100111000101010101010\n\n1011010110001000011100111000101010101010\n\n1011010110001000011100111000101010101010\n\n1011010110001000011100111000101010101010\n\n1011010110001000011100111000101010101010\n\n1011010110001000011100111000101010101010\n\n10110101100010000111001110001"
    },
    "25": {
      "summary": " Stumbling Blocks\n\nWhat can go wrong?\n\n\n\n\n<table>NoneNoneNoneNoneNoneNoneNone<td rowspan=\"2\"><td rowspan=\\\"2\\\"><td rowspan=\\\"2\\\" rowspan=\\\"2\\\"><td rowspan=\"2\"><td rowspan=\"2\"><td rowspan=\"2\"><td rowspan=\"3\"><td rowspan=\"3\"><td rowspan=\"3\"><td rowspan=\\\"2\\\"><td rowspan=\\\"2\\\"><td rowspan=\\\"2\\\"><td rowspan=\\\"2\\\"><td rowspan=\\\"2\\\"><td rowspan=\\\"2\\\"><p>11010110011100111100011100</p><p>10110011100010000111001111000101010101</p></table>"
    },
    "26": {
      "summary": " Stumbling Blocks\n\nWhat can go wrong?\n\nMismatched profiles"
    },
    "27": {
      "summary": " Stumbling Blocks\n\nWhat can go wrong?\n\nMismatched profiles\n\nSecurity gaps"
    },
    "28": {
      "summary": " Stumbling Blocks\n\nWhat can go wrong?\n\nMismatched profiles\n\nSecurity gaps\n\nPrivacy issues"
    },
    "29": {
      "summary": " The Roadmap\n\nHow to maximize your new guest Wi-Fi\n\nSecure your Wi-Fi\nEnsure your network is safe from wireless intrusions and complies with PCI rules\n\nObserve your space\nPresence analytics can show you how many mobile users are in or near your store, how long they stay, and how often they come back\n\nEngage your guests\nUse guest Wi-Fi to promote loyalty programs and interact with customers"
    },
    "30": {
      "summary": " Impact on Store Network\n\nEarthLink®"
    },
    "31": {
      "summary": "0\n\n: 0\n\n: 0\n\n: 0\n\n: 0\n\n: 0\n\n: 0\n\n: 0\n\n: 0\n\n: 0\n\n: 0\n\n: 0\n\n: 0\n\n: 0\n\n: 0\n\n: 0\n\n: 0\n\n: 0\n\n: 0\n\n: 0\n\n: 0\n\n: 0\n\n: 0\n\n: 0\n\n: 0\n\n: 0\n\n: 0\n\n: 0\n\n: 0\n\n: 0\n\n: 0\n\n: 0\n\n: 0\n\n: 0\n\n: 0\n\n: 0\n\n: 0\n\n: 0\n\n: 0\n\n: 0\n\n: 0\n\n: 0\n\n: 0\n\n: 0\n\n: 0\n\n: 0\n\n: 0\n\n: 0\n\n: 0\n\n: 0\n\n: 0\n\n: 0\n\n: 0\n\n: 0\n\n: 0\n\n: 0\n\n: 0\n\n: 0\n\n: 0\n\n: 0\n\n: 0\n\n: 0\n\n: 0\n\n: 0\n\n: 0\n\n: 0\n\n: 0\n\n: 0\n\n: 0\n\n: 0\n\n: 0\n\n: 0\n\n: 0\n\n: 0\n\n: 0\n\n: 0\n\n: 0\n\n: 0\n\n: 0\n\n: 0\n\n: 0\n\n: 0\n\n: 0\n\n: 0\n\n: 0\n\n: 0\n\n: 0\n\n: 0\n\n: 0\n\n: 0\n\n: 0\n\n: 0\n\n: 0\n\n: 0\n\n: 0\n\n: 0\n\n: 0\n\n: 0\n\n: 0\n\n: 0\n\n: 0\n\n: 0\n\n: 0\n\n: 0\n\n: 0\n\n: 0\n\n: 0\n\n: 0\n\n: 0\n\n: 0\n\n: 0\n\n: 0\n\n: 0\n\n: 0\n\n: 0\n\n: 0\n\n: 0\n\n: 0\n\n: 0\n\n: 0\n\n: 0\n\n: 0\n\n: 0\n\n: 0\n\n: 0\n\n: 0\n\n: 0\n\n: 0\n\n: 0\n\n: 0\n\n: 0\n\n: 0\n\n: 0\n\n: 0\n\n: 0\n\n: 0\n\n: 0\n\n: 0\n\n: 0\n\n: 0\n\n: 0\n\n: 0\n\n: 0\n\n: 0\n\n: 0\n\n: 0\n\n: 0\n\n: 0\n\n: 0\n\n: 0\n\n: 0\n\n: 0\n\n: 0\n\n: 0\n\n: 0\n\n: 0\n\n: 0\n\n: 0\n\n: 0\n\n: 0\n\n: 0\n\n: 0\n\n: 0\n\n: 0\n\n: 0\n\n: 0\n\n: 0\n\n: 0\n\n: 0\n\n: 0\n\n: 0\n\n: 0\n\n: 0\n\n: 0\n\n: 0\n\n: 0\n\n: 0\n\n: 0\n\n: 0\n\n: 0\n\n: 0\n\n: 0\n\n: 0\n\n: 0\n\n: 0\n\n: 0\n\n: 0\n\n: 0\n\n: 0\n\n: 0\n\n: 0\n\n: 0\n\n: 0\n\n: 0\n\n: 0\n\n: 0\n\n: 0\n\n: 0\n\n: 0\n\n: 0\n\n: 0\n\n: 0\n\n: 0\n\n: 0\n\n: 0\n\n: 0\n\n: 0\n\n: 0\n\n: 0\n\n: 0\n\n: 0\n\n: 0\n\n: 0\n\n: 0\n\n: 0\n\n: 0\n\n: 0\n\n: 0\n\n: 0\n\n: 0\n\n: 0\n\n: 0\n\n: 0\n\n: 0\n\n: 0\n\n: 0\n\n: 0\n\n: 0\n\n: 0\n\n: 0\n\n: 0\n\n: 0\n\n: 0\n\n: 0\n\n: 0\n\n: 0\n\n: 0\n\n: 0\n\n: 0\n\n: 0\n\n: 0\n\n: 0\n\n: 0\n\n: 0\n\n: 0\n\n: 0\n\n: 0\n\n: 0\n\n: 0\n\n: 0\n\n: 0\n\n: 0\n\n: 0\n\n: 0\n\n: 0\n\n: 0\n\n: 0\n\n: 0\n\n: 0\n\n: 0\n\n: 0\n\n: 0\n\n: 0\n\n: 0\n\n: 0\n\n: 0\n\n: 0\n\n: 0\n\n: 0\n\n: 0\n\n: 0\n\n: 0\n\n: 0\n\n: 0\n\n: 0\n\n: 0\n\n: 0\n\n: 0\n\n: 0\n\n: 0\n\n: 0\n\n: 0\n\n: 0\n\n: 0\n\n: 0\n\n: 0\n\n: 0\n\n: 0\n\n: 0\n\n: 0\n\n: 0\n\n: 0\n\n: 0\n\n: 0\n\n: 0\n\n: 0\n\n: 0\n\n: 0\n\n: 0\n\n: 0\n\n: 0\n\n: 0\n\n: 0\n\n: 0\n\n: 0\n\n: 0\n\n: 0\n\n: 0\n\n: 0\n\n: 0\n\n: 0\n\n: 0\n\n: 0\n\n: 0\n\n: 0\n\n: 0\n\n: 0\n\n: 0\n\n: 0\n\n: 0\n\n: 0\n\n: 0\n\n: 0\n\n: 0\n\n: 0\n\n: 0\n\n: 0\n\n: 0\n\n: 0\n\n: 0\n\n: 0\n\n: 0\n\n: 0\n\n: 0\n\n: 0\n\n: 0\n\n: 0\n\n: 0\n\n: 0\n\n: 0\n\n: 0\n\n: 0\n\n: 0\n\n: 0\n\n: 0\n\n: 0\n\n: 0\n\n: 0\n\n: 0\n\n: 0\n\n: 0\n\n: 0\n\n: 0\n\n: 0\n\n: 0\n\n: 0\n\n: 0\n\n: 0\n\n: 0\n\n: 0\n\n: 0\n\n: 0\n\n: 0\n\n: 0\n\n: 0\n\n: 0\n\n: 0\n\n: 0\n\n: 0\n\n: 0\n\n: 0\n\n: 0\n\n: 0\n\n: 0\n\n: 0\n\n: 0\n\n: 0\n\n: 0\n\n: 0\n\n: 0\n\n: 0\n\n: 0\n\n: 0\n\n: 0\n\n: 0\n\n: 0\n\n: 0\n\n: 0\n\n: 0\n\n: 0\n\n: 0\n\n: 0\n\n: 0\n\n: 0\n\n: 0\n\n: 0\n\n: 0\n\n: 0\n\n: 0\n\n: 0\n\n: "
    },
    "32": {
      "summary": " WAN performance drives applications\n\nGlobal\n\nSalsa\n\nUnited Central Management Platform\n\nMain site HQ\n\nTelelingine\n\nBranch Office\n\nHosted DC\n\nAmazon\n\nAzure\n\nPublic Internet\n\nYouTube\n\nLinkedIn\n\nInternet Cloud\n\nMPLS\n\nMobile agent\n\nHome Office\n\nNano\n\nBranch Office\n\nBranch Office"
    },
    "33": {
      "summary": "0\n\nApplication Visibility\n\nProvides customers with a full understanding of bandwidth usage at the application level for each location.\n\nApplication Control\n\nProvides customers with the ability to dynamically adjusts network behavior and resources to application traffic demand.\n\n| Enterprise Applications | Application name | Criticality |\n|-------------------------|------------------|-------------|\n| SAP                   | Top              |             |\n| P Teephony            | Top              |             |\n| Telepresence           | High            |             |\n| Logistics/Citrix       | High            |             |\n| File Sharing           | Medium          |             |\n| Salesforce.com         | Medium          |             |\n| Office 365             | Medium          |             |\n| Sharepoint             | Medium          |             |\n| Skype                 | Low             |             |\n| YouTube/Facebook        | Low             |             |\n\n| Application Perf. Objectives (per flow) | Bw (kbps) | Delay (ms) | Jitter (ms) | Loss (%) | Etc. |\n|----------------------------------------|-----------|------------|------------|----------|------|\n| 50                               | 50-200    | n/a        | 1-3       | 0-1      |      |\n| 80                               | 50-100    | 25-50     | 0-1       | 0-1      |      |\n| 2,000                            | 50-100    | 40-80     | 0-1       | 0-1      |      |\n| 20                                | 50-200    | n/a        | 1-5       | 0-1      |      |\n| 400                               | 200-800   | n/a        | 1-5       | 0-1      |      |\n| 50                               | 200-800   | n/a        | 1-5       | 0-1      |      |\n| 400                               | 100-400   | n/a        | 1-5       | 0-1      |      |\n| 0                                 | n/a        | n/a        | n/a        | 1-5      |      |\n| 400                               | 200-1000  | n/a        | 1-5  "
    },
    "34": {
      "summary": ":\n\n\nDynamic WAN Selection\n\nAutomatically chooses the best access for each application flow to maximize the delivered performance and continuity, while optimizing the usage of each available network at the same time"
    },
    "35": {
      "summary": " EarthLink Secure Storefront\n\nSTORE LOCATION:\nCloud Firewall, End Point Management, Mobile Device Management, Managed Security Monitoring\n\nHQ LOCATION:\nManaged Security Monitoring\n\nIPsec Aggregation\n\nSTORE LOCATION:\nIPsec VPN with Integrated Firewall, PCI Compliance Solutions, Managed Security Monitoring\n\nSTORE LOCATION:\nIPsec VPN with Integrated PCI-Compliant Firewall, Managed Security Monitoring\n\nINTERNET\n\nSTORE LOCATION:\nMPLS IPsec, Premises Firewall, Managed Security Monitoring\n\nEarthLink\nMPLS Network\n\nCREDIT CARD PROCESSORS\n\nUn-trusted\n\nTrusted\n\nRemote User:\nSecure Remote Access"
    },
    "36": {
      "summary": " What about Customer Loyalty?\n\nHow does WiFi lend itself to Customer Loyalty and what type of increase does it have on sales?"
    },
    "37": {
      "summary": "0\n\n**What percentage say**\n**customer Wi-Fi**\n**increases customer**\n**loyalty by segment**\n\n\n**% Saying impact on**\n**Customer Loyalty**\n\n\n**% Increase in Sales**\n\n\n**Overall** **28%** **2%**\n\n**General Merchandise** **22%** **2.2%**\n\n**Food, Drug, Conv, Mass** **0%** **.3%**\n\n**Hospitality** **61%** **2.7%**"
    },
    "38": {
      "summary": "0\n\n**What percentage say**\n**employee access to**\n**Wi-Fi increases**\n**customer loyalty by**\n**segment**\n\n\n**% Saying impact on**\n**Customer Loyalty**\n\n\n**% Increase in Sales**\n\n\n**Overall** **48%** **3.4%**\n\n**General Merchandise** **53%** **4.3%**\n\n**Food, Drug, Conv, Mass** **11%** **.6%**\n\n**Hospitality** **61%** **2.5%**\n\n\n**Source: IHL Group Store Infrastructure Survey 2015**"
    },
    "39": {
      "summary": "0\n\n**Impact on Sales/Profitability**\n**for Average Retailer**\n\n| Average increases after customer and associate WiFi added. | Avg. Sales Increase % | Avg. EBITA % Rev BEFORE WiFi/Mobile | Avg. EBITA % Rev AFTER WiFi/Mobile | Increase % in EBITA |\n|-----------------------------------------------------------------|--------------------------|--------------------------------------|-------------------------------------|-----------------------|\n| Overall                                                      | 3.4%                     | 5.5%                                  | 6.4%                                | 17.3%                 |\n| General Merchandise                                          | 6.5%                     | 6.2%                                  | 8.2%                                | 32.1%                 |\n| Food, Drug, Conv, Mass                                       | .9%                      | 4.8%                                  | 5.1%                                | 5.8%                  |\n| Hospitality                                                   | 5.2%                     | 6.1%                                  | 7.2%                                | 17.4%                 |\n\nGMS retailers can add on average 2 more points to EBITA with WiFi and what that enables.\n\n- Leveling the playing field on information\n- Upsell opportunities/Offers to customers\n- Does not include any increase due to increased loyalty"
    },
    "40": {
      "summary": "1\n\nAverage increases after customer and associate WiFi added.\n\n| Average increases after customer and associate WiFi added. | Avg. Sales | Avg. Sales Increase $ | Avg. EBITDA BEFORE WiFi/Mobile | Avg. EBITDA AFTER WiFi/Mobile | Increase in EBITA |\n|---|---|---|---|---|---|\n| General Merchandise    | $850M    | $55.2M    | $52.7M    | $74.1M    | $21.4M    |\n| Food, Drug, Conv, Mass    | $8,000M   | $72.0M    | $384.0M    | $410M    | $26.1M    |\n| Hospitality    | $1,100M   | $57.2M    | $67.1M    | $83M    | $15.8M    |\n\nSurvey Respondents by Segment applied to average retailer sizes per segment\n\n- Dependent on efficiency of the supporting systems"
    },
    "41": {
      "summary": " Greg Buzek\n\n• President\n\n• +1-615-591-2955\n\n• greg@ihlservices.com"
    },
    "42": {
      "summary": " EarthLink®\n\n: AirTight®\n\nNETWORKS"
    },
    "43": {
      "summary": " Greg Buzek\n\n:  President\n\n:  +1-615-591-2955\n\n:  greg@ihlservices.com\n\n:  Kevin McCauley\n\n:  Director of Retail Market Development\n\n:  kevin.mccauley@airtightnetworks.com\n\n:  Greg Griffiths\n\n:  Vice President of Product Alliances\n\n:  Griffiths@elnk.com"
    },
    "44": {
      "summary": " Q & A // Panelists\n\nDebbie Hauss  \nEditor-in-Chief  \nRetail TouchPoints\n\nGreg Buzek  \nFounder & President  \nIHL Group\n\nKevin McCauley  \nDirector of Retail Market Development  \nAirTight Networks\n\nGreg Griffiths  \nVice President of Product Alliances  \nEarthLink\n\n#ConnectedStore"
    }
  }
}
