{
  "doc_id": "edb88a99670417f64a6b719646aed326.pdf",
  "pages": {
    "1": {
      "summary": "3\n\n**Complaint Information**\n\n**Name**\nPrefix (eg: Mr, Ms, Mrs)\nMiddle\nSuffix (eg: Jr, III)\n\n**Address**\nAddress\nCity\nState\nZip Code\nCountry\nE-mail Address\nTelephone (Home)\nTelephone (Work)\nExt.\nTelephone (Cell)\nDesignate Primary Contact Phone Number\n\n**Insured Information**\nAre you the insured?\nRelationship to Insured/Covered Person\n\n**Name**\nPrefix (eg: Mr, Ms, Mrs)\nMiddle\nSuffix (eg: Jr, III)\n\n**Address**\nAddress\nCity\nState\n\n**Complaint Created Date**\n11-14-2014\n\n**Redacted by NV DOI**\nRedacted by NV DOI\nLast\nSubmitting on behalf of Organization/Entity?\n\n**Redacted by NV DOI**\nRedacted by NV DOI\nLas Vegas\nNevada\nRedacted by NV DOI\nRedacted by NV DOI\nRedacted by NV DOI\nRedacted by NV DOI\nRedacted by NV DOI\nRedacted by NV DOI\nRedacted by NV DOI\nRedacted by NV DOI\nRedacted by NV DOI\nRedacted by NV DOI\nRedacted by NV DOI\nRedacted by NV DOI\nRedacted by NV DOI\nRedacted by NV DOI\nRedacted by NV DOI\nRedacted by NV DOI\nRedacted by NV DOI\nRedacted by NV DOI\nRedacted by NV DOI\nRedacted by NV DOI\nRedacted by NV DOI\nRedacted by NV DOI\nRedacted by NV DOI\nRedacted by NV DOI\nRedacted by NV DOI\nRedacted by NV DOI\nRedacted by NV DOI\nRedacted by NV DOI\nRedacted by NV DOI\nRedacted by NV DOI\nRedacted by NV DOI\nRedacted by NV DOI\nRedacted by NV DOI\nRedacted by NV DOI\nRedacted by NV DOI\nRedacted by NV DOI\nRedacted by NV DOI\nRedacted by NV DOI\nRedacted by NV DOI\nRedacted by NV DOI\nRedacted by NV DOI\nRedacted by NV DOI\nRedacted by NV DOI\nRedacted by NV DOI\nRedacted by NV DOI\nRedacted by NV DOI\nRedacted by NV DOI\nRedacted by NV DOI\nRedacted by NV DOI\nRedacted by NV DOI\nRedacted by NV DOI\nRedacted by NV DOI\nRedacted by NV DOI\nRedacted by NV DOI\nRedacted by NV DOI\nRedacted by NV DOI\nRedacted by NV DOI\nRedacted by NV DOI\nRedacted by NV DOI\nRedacted by NV DOI\nRedacted by NV DOI\nRedacted by NV DOI\nRedacted by NV DOI\nRedacted by NV DOI\nRedacted by NV DOI\nRedacted by NV DOI\nRedacted by NV DOI\nRedacted by NV DOI\nRedacted by NV DOI\nRedacted by NV DOI\nRedacted by NV DOI\nRedacted by NV DOI\nRedacted "
    },
    "2": {
      "summary": "5/4.\n\nPage:\n\nZip Code Country Telephone Ext.\n\nRedacted by NV DOl\n\nCounty Redacted by NV DOI\n\nE-mail Address\n\nComplaint Against I am complaining against My Insurance Company Agency Other\n\nNo Agent Yes Other Party's Insurance Company No\n\nAgency Information Agent Prefix Agent Middle Agent Suffix Agency Name Street/Apt# City State Zip Code Country Telephone Ext. E-mail Address\n\nRedacted by DOI\n\nLas Vegas Nevada 89101 Province County Redacted by DOI\n\nClark\n\nRedacted by DOI\n\nInsurance Information Does this complaint involve an individual that is medicare eligible?\n\nPurchased Insurance on the Health No Care Exchange? No\n\nPolicy Insurance Card ID Number In what state was this policy sold? Type of Insurance\n\nPolicy Number Fidelity/Surety/Bail\n\nClaim Claim Number Location of Loss/Incident Date of Loss/Incident\n\n11-07-2014\n\nOther Party Complaint Details"
    },
    "3": {
      "summary": " Page:\n\n\n\n\n**Type of Problem**\n\n**Bail**\n\n**Detail of Complaint**\n\nOn 11/07/2014 Redacted by (co-signer) came into our office (located at Redacted by NY DOI Redacted by Redacted by Redacted by Redacted by Redacted by Redacted by Redacted by Redacted by Redacted by Redacted by Redacted by Redacted by Redacted by Redacted by Redacted by Redacted by Redacted by Redacted by Redacted by Redacted by Redacted by Redacted by Redacted by Redacted by Redacted by Redacted by Redacted by Redacted by Redacted by Redacted by Redacted by Redacted by Redacted by Redacted by Redacted by Redacted by Redacted by Redacted by Redacted by Redacted by Redacted by Redacted by Redacted by Redacted by Redacted by Redacted by Redacted by Redacted by Redacted by Redacted by Redacted by Redacted by Redacted by Redacted by Redacted by Redacted by Redacted by Redacted by Redacted by Redacted by Redacted by Redacted by Redacted by Redacted by Redacted by Redacted by Redacted by Redacted by Redacted by Redacted by Redacted by Redacted by Redacted by Redacted by Redacted by Redacted by Redacted by Redacted by Redacted by Redacted by Redacted by Redacted by Redacted by Redacted by Redacted by Redacted by Redacted by Redacted by Redacted by Redacted by Redacted by Redacted by Redacted by Redacted by Redacted by Redacted by Redacted by Redacted by Redacted by Redacted by Redacted by Redacted by Redacted by Redacted by Redacted by Redacted by Redacted by Redacted by Redacted by Redacted by Redacted by Redacted by Redacted by Redacted by Redacted by Redacted by Redacted by Redacted by Redacted by Redacted by Redacted by Redacted by Redacted by Redacted by Redacted by Redacted by Redacted by Redacted by Redacted by Redacted by Redacted by Redacted by Redacted by Redacted by Redacted by Redacted by Redacted by Redacted by Redacted by Redacted by Redacted by Redacted by Redacted by Redacted by Redacted by Redacted by Redacted by Redacted by Redacted by Redacted by Redacted by Redacted by Redacted by Redacte"
    },
    "4": {
      "summary": " I certify the information provided is true and accurate to the best of my knowledge and belief. I understand a copy of this form and attachments may be forwarded to the insurance company, agent, broker or other party with information about my complaint. ☐ I Agree\n\nI authorize my insurance company to release to the Nevada Division of Insurance any medical and financial or credit (if applicable) information which may be pertinent to the resolution of my complaint.* ☐ I Agree\n\nOther\n\nNote: If you check yes, a copy of your complaint will be sent to the respondent, but we will not release information regarding your complaint to anyone else.\n\nDo you want your complaint and the information we obtain during our review to be kept confidential? No\n\nHow did you hear about us? Other"
    },
    "5": {
      "summary": "2501 E. Sahara Ave #302\nLas Vegas, NV 89104\n702-486-4009 Phone\n702-486-4007 Fax\n\n**Initial this box if you want the Division of Insurance to treat records of your Consumer Complaint as confidential.**\n\nAre you represented by an attorney? Yes No If yes, please be advised the Division may not be able to intercede on your behalf.\n\n**Your contact information**\n\nName: Redacted by NV DOI Redacted by City: NV DOI Redacted by Home Phone: NV DOI Redacted by Cell Phone: NV DOI\n\nPolicyholder information (if complaint is against other party’s insurance)\n\nName of policyholder:\n\n**Insurance Information**\n\nInsurance company the complaint is against:\nRedacted by DOI\n\nType of policy: □ Group □ Individual □ Unknown\n\nPolicy No: Claim No:\n\nIf auto related, License Plate No:\n\nDate of Loss/Accident/Incident:\n\nType of insurance:\n□ Auto □ Home/Condo/Renters □ Health □ Life □ Dental\n□ Long Term Care □ Medicaid □ ExteWarranty/Service Contract\n\nAgent/Agency Name: Redacted by DOI"
    },
    "6": {
      "summary": "2024/02/27 10:30:00\n\nDefine your problem\n\nPlease check all that apply:\n\n☐ Claim denial\n☐ Premium increase\n☐ Cancellation/non-renewal\n\nUnsatisfactory claim settlement\n☐ Claim Delay\n☐ Misrepresentation\n\nBilling problem\n☐ Reimbursement\n\nGive a brief explanation of the problem:\nRedacted by DOI\n\nRedacted by DOI\n\nDesired resolution:\nRedacted by DOI\n\nRelease for information:\n\n- I certify that the information furnished by me in support of this Consumer Complaint is to the best of my knowledge true and correct.\n- If this Consumer Complaint involves medical records or credit information, I hereby authorize my insurer on any other entity with medical information or credit information to provide the information to the Nevada Division of Insurance. Any medical or financial information released to the Division will be kept confidential.\n- I have read and understand this release. I further represent that I am the person filing the Consumer Complaint and that it is my signature below.\n\nSignature: ______________________\nRedacted by DOI\n\nDate: ______________________\n\nDOI 310 (rev 07/22/2014) Page 2 of 2"
    },
    "7": {
      "summary": "12/16/2014 20:18 775--322-7529 FEDEX OFFICE 3901 PAGE 03\n\n**Define your problem**\n\n**Please check all that apply:**\n\n□ Claim denial □ Un satisfactory claim settlement □ Billing problem\n\n□ Premium increase □ Claim Delay □ Refusal to insure\n\n□ Cancellation/non-renewal Misrepresentation □ Other\n\nGive a brief explanation of the problem:\n\nRedacted by\n\nDesired resolution:\n\nRedacted by DOI\n\nRelease for information:\n\n- I certify that the information furnished by me in support of this Complaint is to the best of my knowledge true and correct.\n- If this Consumer Complaint involves medical records or credit information, I hereby authorize my insurer on any other entity with medical information or credit information to provide the information to the Nevada Division of Insurance. Any medical or financial information released to the Division will be kept confidential.\n- I have read and understand this release. I further represent that I am the person filing the Consumer Complaint and that it is my signature below.\n\nSignature: Redacted by Date:\n\nDOJ310 (07/22/2014) Page 2 of 2\n\nRedacted by NV DOI"
    },
    "8": {
      "summary": "2014\n\nLIMITED POWER OF ATTORNEY\n\nKNOW ALL MEN BY THESE PRESENTS, that I,\n\nRedacted by\n\nNV DOI\n\nof\n\nRedacted by\n\nNV DOI\n\nredacted by\n\nmy true and lawful\n\nnominate, constitute, and appoint\n\nNV DOI\n\nattorney in fact, for me and in my name, place and stead, and for my use and benefit\n\nfor the limited purpose of:\n\nRedacting by\n\nmy original\n\nand\n\nmy own title\n\nCommon\n\nas well as\n\nmy\n\nand\n\nmy property\n\nmy\n\nand\n\nmy\n\nmy\n\nGIVING AND GRANTING unto my said attorney in fact full power and authority\n\nto do and perform the above mentioned act as fully as I might or could do if personally\n\npresent, with full power of substitution and revocation, hereby ratifying and confirming\n\nall that my said attorney in fact shall lawfully do or cause to be done by virtue hereof;\n\nIN WITNESS WHEREOF, I have hereunto signed my name this\n\nday of\n\n, 2014.\n\nRedacted by\n\nNV DOI\n\n(Your signature)\n\nSTATE OF NEVADA\n\n)ss.\n\nCOUNTY OF WASHOE\n\nThis instrument was acknowledged before me on\n\nby\n\nRedacted by\n\nNV DOI\n\nNOTARY PUBLIC, STATE OF NEVADA\n\nMy Appointment Expires:\n\nRedacted by\n\nNotary Public State Bnradiated\n\nNVDOI\n\n0254"
    },
    "9": {
      "summary": "0\n\nRedacted by DOI have recordings of Redacted by DOI\n\nThat I, the defendant, by these presents do make, constitute and appoint MIKES FAMILY BAIL BONUS my true and lawful attorney for me and in my name, place and stead to act for me in the Court of my charges, the county . the State, in connection with the charges I was hailed out with, Now pending against me in said County: am I, enter such plea as he may feel is proper in connection with the said charge, giving and granting unto my said attorney full power and authority to do and perform all and every act and thing whatsoever requisite and necessary to be done in and about the promises as fully, to all intents and purposes, as I might or could do if personally present, with full power of substitution and revocation, hereby ratifying and confirming all that may said attorney or his substitute shall lawfully do or cause to be done by virtue hereof.\n\nIN WITNESS WHEREOF, I have hereunto set my hand and seal this\n\nState of NEW YORK\n\nRedacted by\n\nIMPORTANT! American Surety Company accepts and authorizes its representatives to accept only specific forms of collateral as security.\n\nTHIS ACCEPTABLE COLLATERAL IS LIMITED TO:\n\n1. CASH including cashier's checks, money orders, and certified checks;\n2. Properly assigned SAVINGS ACCOUNTS represented by passbooks, or properly assigned CERTIFICATES OF DEPOSIT;\n3. Properly assigned STOCKS AND BONDS;\n4. REAL ESTATE evidenced by properly executed mortgages, deeds of trust or conveyances of judgment in accordance with applicable state law.\n\nIMPORTANT! This collateral security receipt and agreement should not be used except in conjunction with acceptable collateral.\n\nRepresentatives are not authorized to accept and American Surety Company is not responsible for any type or form of collateral other than collateral enumerated above.\n\nTO DEFENDANT AND INDEMNITOR(S): YOU ARE ENTITLED TO A SIGNED RECEIPT FOR COLLATERAL YOU HAVE GIVEN TO THE HONORING AGENT TO SECURE AND INDEMNIFY THIS BOND "
    },
    "10": {
      "summary": "1\n\n: 1\n\n: 1\n\n: 1\n\n: 1\n\n: 1\n\n: 1\n\n: 1\n\n: 1\n\n: 1\n\n: 1\n\n: 1\n\n: 1\n\n: 1\n\n: 1\n\n: 1\n\n: 1\n\n: 1\n\n: 1\n\n: 1\n\n: 1\n\n: 1\n\n: 1\n\n: 1\n\n: 1\n\n: 1\n\n: 1\n\n: 1\n\n: 1\n\n: 1\n\n: 1\n\n: 1\n\n: 1\n\n: 1\n\n: 1\n\n: 1\n\n: 1\n\n: 1\n\n: 1\n\n: 1\n\n: 1\n\n: 1\n\n: 1\n\n: 1\n\n: 1\n\n: 1\n\n: 1\n\n: 1\n\n: 1\n\n: 1\n\n: 1\n\n: 1\n\n: 1\n\n: 1\n\n: 1\n\n: 1\n\n: 1\n\n: 1\n\n: 1\n\n: 1\n\n: 1\n\n: 1\n\n: 1\n\n: 1\n\n: 1\n\n: 1\n\n: 1\n\n: 1\n\n: 1\n\n: 1\n\n: 1\n\n: 1\n\n: 1\n\n: 1\n\n: 1\n\n: 1\n\n: 1\n\n: 1\n\n: 1\n\n: 1\n\n: 1\n\n: 1\n\n: 1\n\n: 1\n\n: 1\n\n: 1\n\n: 1\n\n: 1\n\n: 1\n\n: 1\n\n: 1\n\n: 1\n\n: 1\n\n: 1\n\n: 1\n\n: 1\n\n: 1\n\n: 1\n\n: 1\n\n: 1\n\n: 1\n\n: 1\n\n: 1\n\n: 1\n\n: 1\n\n: 1\n\n: 1\n\n: 1\n\n: 1\n\n: 1\n\n: 1\n\n: 1\n\n: 1\n\n: 1\n\n: 1\n\n: 1\n\n: 1\n\n: 1\n\n: 1\n\n: 1\n\n: 1\n\n: 1\n\n: 1\n\n: 1\n\n: 1\n\n: 1\n\n: 1\n\n: 1\n\n: 1\n\n: 1\n\n: 1\n\n: 1\n\n: 1\n\n: 1\n\n: 1\n\n: 1\n\n: 1\n\n: 1\n\n: 1\n\n: 1\n\n: 1\n\n: 1\n\n: 1\n\n: 1\n\n: 1\n\n: 1\n\n: 1\n\n: 1\n\n: 1\n\n: 1\n\n: 1\n\n: 1\n\n: 1\n\n: 1\n\n: 1\n\n: 1\n\n: 1\n\n: 1\n\n: 1\n\n: 1\n\n: 1\n\n: 1\n\n: 1\n\n: 1\n\n: 1\n\n: 1\n\n: 1\n\n: 1\n\n: 1\n\n: 1\n\n: 1\n\n: 1\n\n: 1\n\n: 1\n\n: 1\n\n: 1\n\n: 1\n\n: 1\n\n: 1\n\n: 1\n\n: 1\n\n: 1\n\n: 1\n\n: 1\n\n: 1\n\n: 1\n\n: 1\n\n: 1\n\n: 1\n\n: 1\n\n: 1\n\n: 1\n\n: 1\n\n: 1\n\n: 1\n\n: 1\n\n: 1\n\n: 1\n\n: 1\n\n: 1\n\n: 1\n\n: 1\n\n: 1\n\n: 1\n\n: 1\n\n: 1\n\n: 1\n\n: 1\n\n: 1\n\n: 1\n\n: 1\n\n: 1\n\n: 1\n\n: 1\n\n: 1\n\n: 1\n\n: 1\n\n: 1\n\n: 1\n\n: 1\n\n: 1\n\n: 1\n\n: 1\n\n: 1\n\n: 1\n\n: 1\n\n: 1\n\n: 1\n\n: 1\n\n: 1\n\n: 1\n\n: 1\n\n: 1\n\n: 1\n\n: 1\n\n: 1\n\n: 1\n\n: 1\n\n: 1\n\n: 1\n\n: 1\n\n: 1\n\n: 1\n\n: 1\n\n: 1\n\n: 1\n\n: 1\n\n: 1\n\n: 1\n\n: 1\n\n: 1\n\n: 1\n\n: 1\n\n: 1\n\n: 1\n\n: 1\n\n: 1\n\n: 1\n\n: 1\n\n: 1\n\n: 1\n\n: 1\n\n: 1\n\n: 1\n\n: 1\n\n: 1\n\n: 1\n\n: 1\n\n: 1\n\n: 1\n\n: 1\n\n: 1\n\n: 1\n\n: 1\n\n: 1\n\n: 1\n\n: 1\n\n: 1\n\n: 1\n\n: 1\n\n: 1\n\n: 1\n\n: 1\n\n: 1\n\n: 1\n\n: 1\n\n: 1\n\n: 1\n\n: 1\n\n: 1\n\n: 1\n\n: 1\n\n: 1\n\n: 1\n\n: 1\n\n: 1\n\n: 1\n\n: 1\n\n: 1\n\n: 1\n\n: 1\n\n: 1\n\n: 1\n\n: 1\n\n: 1\n\n: 1\n\n: 1\n\n: 1\n\n: 1\n\n: 1\n\n: 1\n\n: 1\n\n: 1\n\n: 1\n\n: 1\n\n: 1\n\n: 1\n\n: 1\n\n: 1\n\n: 1\n\n: 1\n\n: 1\n\n: 1\n\n: 1\n\n: 1\n\n: 1\n\n: 1\n\n: 1\n\n: 1\n\n: 1\n\n: 1\n\n: 1\n\n: 1\n\n: 1\n\n: 1\n\n: 1\n\n: 1\n\n: 1\n\n: 1\n\n: 1\n\n: 1\n\n: 1\n\n: 1\n\n: 1\n\n: 1\n\n: 1\n\n: 1\n\n: 1\n\n: 1\n\n: 1\n\n: 1\n\n: 1\n\n: 1\n\n: 1\n\n: 1\n\n: 1\n\n: 1\n\n: 1\n\n: 1\n\n: 1\n\n: 1\n\n: 1\n\n: 1\n\n: 1\n\n: 1\n\n: 1\n\n: 1\n\n: 1\n\n: 1\n\n: 1\n\n: 1\n\n: 1\n\n: 1\n\n: 1\n\n: 1\n\n: 1\n\n: 1\n\n: 1\n\n: 1\n\n: 1\n\n: 1\n\n: 1\n\n: 1\n\n: 1\n\n: 1\n\n: 1\n\n: 1\n\n: 1\n\n: 1\n\n: 1\n\n: 1\n\n: 1\n\n: 1\n\n: 1\n\n: 1\n\n: 1\n\n: 1\n\n: 1\n\n: 1\n\n: 1\n\n: "
    },
    "11": {
      "summary": "194\n\nDepartment of Business and Industry\n\nNevada Division of Insurance\n\nCONSUMER COMPLAINT FORM\n\nMail to: 1818 E. College Pkwy #103 Mail to: 2501 E. Sahara Ave #302\nCarson City, NV 89706 Las Vegas, NV 89104\n775-687-0700 Phone 702-486-4009 Phone\n775-687-0797 Fax 702-486-4007 Fax\n\nInitial this box if you want the Division of Insurance to treat records of your Consumer Complaint as confidential.\n\nAre you represented by an attorney? Yes No\nIf yes, please be advised the Division may not be able to intercede on your behalf.\n\nYour contact information\n\nName: Redacted by\nNV DOI\n\nAddress: Redacted by\nNV DOI\n\nCity: Las Vegas State: NV Zip: Redacted by\nNV DOI\n\nHome Phone: Work phone:\n\nCell Phone: Redacted by NV DOI: mail:\n\nPolicyholder information (if complaint is against other party's insurance)\n\nName of policyholder:\n\nInsurance information\n\nInsurance company the complaint is against:\n\nType of policy: Group Individual Unknown\n\nPolicy No: Claim No:\n\nIf auto related, License Plate No:\n\nDate of Loss/Accident/Incident:\n\nType of insurance:\n□ Auto □ Home/Condo/Renters □ Health □ Life □ Dental\n□ Long Term Care □ Medical Supplemental □ Ext. Warranty/Service Contract\n□ Other:\n\nAgent/Agency Name:\n\nDOI 310 (rev 07/22/2014) Page 1 of 2"
    },
    "12": {
      "summary": "1\n\n:\n\n:\n\n:\n\n:\n\n:\n\n:\n\n:\n\n:\n\n:\n\n:\n\n:\n\n:\n\n:\n\n:\n\n:\n\n:\n\n:\n\n:\n\n:\n\n:\n\n:\n\n:\n\n:\n\n:\n\n:\n\n:\n\n:\n\n:\n\n:\n\n:\n\n:\n\n:\n\n:\n\n:\n\n:\n\n:\n\n:\n\n:\n\n:\n\n:\n\n:\n\n:\n\n:\n\n:\n\n:\n\n:\n\n:\n\n:\n\n:\n\n:\n\n:\n\n:\n\n:\n\n:\n\n:\n\n:\n\n:\n\n:\n\n:\n\n:\n\n:\n\n:\n\n:\n\n:\n\n:\n\n:\n\n:\n\n:\n\n:\n\n:\n\n:\n\n:\n\n:\n\n:\n\n:\n\n:\n\n:\n\n:\n\n:\n\n:\n\n:\n\n:\n\n:\n\n:\n\n:\n\n:\n\n:\n\n:\n\n:\n\n:\n\n:\n\n:\n\n:\n\n:\n\n:\n\n:\n\n:\n\n:\n\n:\n\n:\n\n:\n\n:\n\n:\n\n:\n\n:\n\n:\n\n:\n\n:\n\n:\n\n:\n\n:\n\n:\n\n:\n\n:\n\n:\n\n:\n\n:\n\n:\n\n:\n\n:\n\n:\n\n:\n\n:\n\n:\n\n:\n\n:\n\n:\n\n:\n\n:\n\n:\n\n:\n\n:\n\n:\n\n:\n\n:\n\n:\n\n:\n\n:\n\n:\n\n:\n\n:\n\n:\n\n:\n\n:\n\n:\n\n:\n\n:\n\n:\n\n:\n\n:\n\n:\n\n:\n\n:\n\n:\n\n:\n\n:\n\n:\n\n:\n\n:\n\n:\n\n:\n\n:\n\n:\n\n:\n\n:\n\n:\n\n:\n\n:\n\n:\n\n:\n\n:\n\n:\n\n:\n\n:\n\n:\n\n:\n\n:\n\n:\n\n:\n\n:\n\n:\n\n:\n\n:\n\n:\n\n:\n\n:\n\n:\n\n:\n\n:\n\n:\n\n:\n\n:\n\n:\n\n:\n\n:\n\n:\n\n:\n\n:\n\n:\n\n:\n\n:\n\n:\n\n:\n\n:\n\n:\n\n:\n\n:\n\n:\n\n:\n\n:\n\n:\n\n:\n\n:\n\n:\n\n:\n\n:\n\n:\n\n:\n\n:\n\n:\n\n:\n\n:\n\n:\n\n:\n\n:\n\n:\n\n:\n\n:\n\n:\n\n:\n\n:\n\n:\n\n:\n\n:\n\n:\n\n:\n\n:\n\n:\n\n:\n\n:\n\n:\n\n:\n\n:\n\n:\n\n:\n\n:\n\n:\n\n:\n\n:\n\n:\n\n:\n\n:\n\n:\n\n:\n\n:\n\n:\n\n:\n\n:\n\n:\n\n:\n\n:\n\n:\n\n:\n\n:\n\n:\n\n:\n\n:\n\n:\n\n:\n\n:\n\n:\n\n:\n\n:\n\n:\n\n:\n\n:\n\n:\n\n:\n\n:\n\n:\n\n:\n\n:\n\n:\n\n:\n\n:\n\n:\n\n:\n\n:\n\n:\n\n:\n\n:\n\n:\n\n:\n\n:\n\n:\n\n:\n\n:\n\n:\n\n:\n\n:\n\n:\n\n:\n\n:\n\n:\n\n:\n\n:\n\n:\n\n:\n\n:\n\n:\n\n:\n\n:\n\n:\n\n:\n\n:\n\n:\n\n:\n\n:\n\n:\n\n:\n\n:\n\n:\n\n:\n\n:\n\n:\n\n:\n\n:\n\n:\n\n:\n\n:\n\n:\n\n:\n\n:\n\n:\n\n:\n\n:\n\n:\n\n:\n\n:\n\n:\n\n:\n\n:\n\n:\n\n:\n\n:\n\n:\n\n:\n\n:\n\n:\n\n:\n\n:\n\n:\n\n:\n\n:\n\n:\n\n:\n\n:\n\n:\n\n:\n\n:\n\n:\n\n:\n\n:\n\n:\n\n:\n\n:\n\n:\n\n:\n\n:\n\n:\n\n:\n\n:\n\n:\n\n:\n\n:\n\n:\n\n:\n\n:\n\n:\n\n:\n\n:\n\n:\n\n:\n\n:\n\n:\n\n:\n\n:\n\n:\n\n:\n\n:\n\n:\n\n:\n\n:\n\n:\n\n:\n\n:\n\n:\n\n:\n\n:\n\n:\n\n:\n\n:\n\n:\n\n:\n\n:\n\n:\n\n:\n\n:\n\n:\n\n:\n\n:\n\n:\n\n:\n\n:\n\n:\n\n:\n\n:\n\n:\n\n:\n\n:\n\n:\n\n:\n\n:\n\n:\n\n:\n\n:\n\n:\n\n:\n\n:\n\n:\n\n:\n\n:\n\n:\n\n:\n\n:\n\n:\n\n:\n\n:\n\n:\n\n:\n\n:\n\n:\n\n:\n\n:\n\n:\n\n:\n\n:\n\n:\n\n:\n\n:\n\n:\n\n:\n\n:\n\n:\n\n:\n\n:\n\n:\n\n:\n\n:\n\n:\n\n:\n\n:\n\n:\n\n:\n\n:\n\n:\n\n:\n\n:\n\n:\n\n:\n\n:\n\n:\n\n:\n\n:\n\n:\n\n:\n\n:\n\n:\n\n:\n\n:\n\n:\n\n:\n\n:\n\n:\n\n:\n\n:\n\n:\n\n:\n\n:\n\n:\n\n:\n\n:\n\n:\n\n:\n\n:\n\n:\n\n:\n\n:\n\n:\n\n:\n\n:\n\n:\n\n:\n\n:\n\n:\n\n:\n\n:\n\n:\n\n:\n\n:\n\n:\n\n:\n\n:\n\n:\n\n:\n\n:\n\n:\n\n:\n\n:\n\n:\n\n:\n\n:\n\n:\n\n:\n\n:\n\n:\n\n:\n\n:\n\n:\n\n:\n\n:\n\n:\n\n:\n\n:\n\n:\n\n:\n\n:\n\n:\n\n:\n\n:\n\n:\n\n:\n\n:\n\n:\n\n:\n\n:\n\n:\n\n:\n\n:\n\n:\n\n:\n\n:\n\n:\n\n:\n\n:\n\n:\n\n:\n\n:\n\n:\n\n:\n\n:\n\n:\n\n:\n\n:\n\n:\n\n:\n\n:\n\n:\n\n:\n\n:\n\n:\n\n:\n\n:\n\n:\n\n:\n\n:\n\n:\n\n:\n\n:\n\n:\n\n:\n\n:\n\n:\n\n:\n\n:\n\n:\n\n:\n\n:\n\n:\n\n:\n\n:\n\n:\n\n:\n\n:\n\n:\n\n:\n\n:\n\n:\n\n:\n\n:\n\n:\n\n:\n\n:\n\n:\n\n:\n\n:\n\n:\n\n:\n\n:\n\n:\n\n:\n\n:\n\n:\n\n:\n\n:\n\n:\n\n:\n\n:\n\n:\n\n:\n\n:\n\n:\n\n:\n\n:\n\n:\n\n:\n\n:\n\n:\n\n:\n\n:\n\n:\n\n:\n\n:\n\n:\n\n:\n\n:\n\n:\n\n:\n\n:\n\n:\n\n:\n\n:\n\n:\n\n:\n\n:\n\n:\n\n:\n\n:\n\n:\n\n:\n\n:\n\n:\n\n:\n\n:\n\n:\n\n:\n\n:\n\n:\n\n:\n\n:\n\n:\n\n:\n\n:\n\n:\n\n:\n\n:\n"
    },
    "13": {
      "summary": "517\n\nNevada Division of Insurance\n\nDEC 3 | 2014\n\nCONSUMER COMPLAINT FORM\n\n☐ Mail to: 1818 E. College Pkwy #103\nCarson City, NV 890706\n775-687-0700 Phone\n775-687-0797 Fax\n\n☐ Mail to: 2501 E. Sahara Ave #302\nLas Vegas, NV 89104\n702-486-4009 Phone\n702-486-4007 Fax\n\n☐ Initial this box if you want the Division of Insurance to treat records of your Consumer Complaint as confidential.\n\nAre you represented by an attorney? Yes ___ No ___\nIf yes, please be advised the Division may not be able to intercede on your behalf.\n\nYour contact information\n\nName: Redacted by\nNV DOI\nAddress: ___________________________ Apt. #: _______________\nCity: ___________________________ State: __________________ Zip: Redacted by\nNV DOI\n\nHome Phone: ___________________________ Work phone: ___________________________\n\nCell Phone: ___________________________ Email: _____________________________\n\nPolicylholder information (if different than above)\nRedacted by DOI\nName of policylholder: _________________________\n\nInsurance information\n\nInsurance Company Redacted by DOI\n\nType of policy: ☐ Group ☐ Individual ☐ Unknown\n\nPolicy No: ___________________________ Claim No: ___________________________\n\nIf DMV related, License Plate No: ___________________________\n\nDate of Loss: 3-1/8-1/4\n\nType of insurance: ☐ Auto ☐ Home/Condo/Renters ☐ Health ☐ Life ☐ Dental\n\n☐ Long Term Care ☐ Medical Supplemental ☐ Ext. Warranty/Service Contract\n\n☐ Other: 13c: i\n\nAgent/Adjuster Name: 13c: i\n\nDOI 310 (rev 04/23/2014) Page 1 of 2\n\n0283"
    },
    "14": {
      "summary": "3.5\n\n|   |   |   |   |   |   |   |   |   |   |   |   |   |   |   |   |   |   |   |   |   |   |   |   |   |   |   |   |   |   |   |   |   |   |   |   |   |   |   |   |   |   |   |   |   |   |   |   |   |   |   |   |   |   |   |   |   |   |   |   |   |   |   |   |   |   |   |   |   |   |   |   |   |   |   |   |   |   |   |   |   |   |   |   |   |   |   |   |   |   |   |   |   |   |   |   |   |   |   |   |   |   |   |   |   |   |   |   |   |   |   |   |   |   |   |   |   |   |   |   |   |   |   |   |   |   |   |   |   |   |   |   |   |   |   |   |   |   |   |   |   |   |   |   |   |   |   |   |   |   |   |   |   |   |   |   |   |   |   |   |   |   |   |   |   |   |   |   |   |   |   |   |   |   |   |   |   |   |   |   |   |   |   |   |   |   |   |   |   |   |   |   |   |   |   |   |   |   |   |   |   |   |   |   |   |   |   |   |   |   |   |   |   |   |   |   |   |   |   |   |   |   |   |   |   |   |   |   |   |   |   |   |   |   |   |   |   |   |   |   |   |   |   |   |   |   |   |   |   |   |   |   |   |   |   |   |   |   |   |   |   |   |   |   |   |   |   |   |   |   |   |   |   |   |   |   |   |   |   |   |   |   |   |   |   |   |   |   |   |   |   |   |   |   |   |   |   |   |   |   |   |   |   |   |   |   |   |   |   |   |   |   |   |   |   |   |   |   |   |   |   |   |   |   |   |   |   |   |   |   |   |   |   |   |   |   |   |   |   |   |   |   |   |   |   |   |   |   |   |   |   |   |   |   |   |   |   |   |   |   |   |   |   |   |   |   |   |   |   |   |   |   |   |   |   |   |   |   |   |   |   |   |   |   |   |   |   |   |   |   |   |   |   |   |   |   |   |   |   |   |   |   |   |   |   |   |   |   |   |   |   |   |   |   |   |   |   |   |   |   |   |   |   |   |   |   |   |   |   |   |   |   |   |   |   |   |   |   |   |   |   |   |   |   |   |   |   |   |   |   |   |   |   |   |   |   |   |   |   |   |   |   |   |   |   |   |   |   |   |   |   |   |   |   |   |   |   |   |   |   |   |   |   |   |   |   |   |   |   |   |   |   |   |   |   |   |   |   |  "
    },
    "15": {
      "summary": "6-6\n\nINSTRUCTIONS:\n\n1. The information below must be filled out completely by the Premium and/or Collateral depositor only. Your signature must be notarized for return of collateral.\n\n2. A legible clear copy of depositor’s Government issued identification must be attached. Drivers license or Matricula Card acceptable.\n\n3. A copy of the Premium Receipt or Collateral Receipt must be attached.\n\n4. All documents must be returned by mail to:\nCollateral / Premium Department\nRedacted by DOI\nLas Vegas, Nevada 89101\n\n5. If your request is returned to you and/or marked “DENIED. BOND NOT YET EXONERATED” do not resubmit within 45 days from date of denial.\n\n6. All refunds are subject to “Fees Schedule” deductions if applicable.\n\n7. All refunds take a minimum of 15 days to process and may take up to 30 business days, NOT including holidays.\n\n8. Collateral will be eligible for refund upon receipt of Discharge from the Court ONLY.\n\nName: ___________________________ Redacted by ___________________________ NY DOI Redacted by ___________________________ City, State, Zip ___________________________ Redacted by ___________________________ Phone Redacted by ___________________________ Redacted by ___________________________ Redacted by ___________________________ Redacted by ___________________________ Redacted by ___________________________ Redacted by ___________________________ Redacted by ___________________________ Redacted by ___________________________ Redacted by ___________________________ Redacted by ___________________________ Redacted by ___________________________ Redacted by ___________________________ Redacted by ___________________________ Redacted by ___________________________ Redacted by ___________________________ Redacted by ___________________________ Redacted by ___________________________ Redacted by ___________________________ Redacted by ___________________________ Redacted by ___________________________ Redacted by ___________________________ Redacted by ______"
    },
    "16": {
      "summary": "3/18/14\n\nNAME: Redacted by NV DOI\n\nRedacted by NV DOI\n\nIn Connection with a Bail Bond for:\n\nIn the amount of:\n\nThe following described collateral:\n\nREDACTED TO: IT IS CERTAINLY BELIEVED THAT THE COURT CANNOT CONSIDER THIS CLAIM WITHOUT RECEIVING AN OPINION.\n\nSaid Collateral is deposited as security for the payment of any sums which may become due to ACME Bail Bonds or its Sureties by the terms of the Bail Bond Agreement executed for said Bond(s) by the said Depositor and Indemnitors, all of the terms which are made a part of this receipt by this reference Collateral will be returned only to depositor. No collateral will be returned until the Court has furnished written evidence the bond has been exonerated and this receipt is returned.\n\nIf collateral taken in connection with this bond, a collateral receipt must be issued.\n\nPAID BY: Redacted by NV DOI\n\nRECEIVED BY: [Signature]\n\nDATE RETURNED: [Date Returned]\n\nRETURNED BY: [Signature]\n\nReceived By: [Signature]"
    },
    "17": {
      "summary": "0.00 0.00\n\n0.00 0.00\n\n0.00 0.00\n\n0.00 0.00\n\n0.00 0.00\n\n0.00 0.00\n\n0.00 0.00\n\n0.00 0.00\n\n0.00 0.00\n\n0.00 0.00\n\n0.00 0.00\n\n0.00 0.00\n\n0.00 0.00\n\n0.00 0.00\n\n0.00 0.00\n\n0.00 0.00\n\n0.00 0.00\n\n0.00 0.00\n\n0.00 0.00\n\n0.00 0.00\n\n0.00 0.00\n\n0.00 0.00\n\n0.00 0.00\n\n0.00 0.00\n\n0.00 0.00\n\n0.00 0.00\n\n0.00 0.00\n\n0.00 0.00\n\n0.00 0.00\n\n0.00 0.00\n\n0.00 0.00\n\n0.00 0.00\n\n0.00 0.00\n\n0.00 0.00\n\n0.00 0.00\n\n0.00 0.00\n\n0.00 0.00\n\n0.00 0.00\n\n0.00 0.00\n\n0.00 0.00\n\n0.00 0.00\n\n0.00 0.00\n\n0.00 0.00\n\n0.00 0.00\n\n0.00 0.00\n\n0.00 0.00\n\n0.00 0.00\n\n0.00 0.00\n\n0.00 0.00\n\n0.00 0.00\n\n0.00 0.00\n\n0.00 0.00\n\n0.00 0.00\n\n0.00 0.00\n\n0.00 0.00\n\n0.00 0.00\n\n0.00 0.00\n\n0.00 0.00\n\n0.00 0.00\n\n0.00 0.00\n\n0.00 0.00\n\n0.00 0.00\n\n0.00 0.00\n\n0.00 0.00\n\n0.00 0.00\n\n0.00 0.00\n\n0.00 0.00\n\n0.00 0.00\n\n0.00 0.00\n\n0.00 0.00\n\n0.00 0.00\n\n0.00 0.00\n\n0.00 0.00\n\n0.00 0.00\n\n0.00 0.00\n\n0.00 0.00\n\n0.00 0.00\n\n0.00 0.00\n\n0.00 0.00\n\n0.00 0.00\n\n0.00 0.00\n\n0.00 0.00\n\n0.00 0.00\n\n0.00 0.00\n\n0.00 0.00\n\n0.00 0.00\n\n0.00 0.00\n\n0.00 0.00\n\n0.00 0.00\n\n0.00 0.00\n\n0.00 0.00\n\n0.00 0.00\n\n0.00 0.00\n\n0.00 0.00\n\n0.00 0.00\n\n0.00 0.00\n\n0.00 0.00\n\n0.00 0.00\n\n0.00 0.00\n\n0.00 0.00\n\n0.00 0.00\n\n0.00 0.00\n\n0.00 0.00\n\n0.00 0.00\n\n0.00 0.00\n\n0.00 0.00\n\n0.00 0.00\n\n0.00 0.00\n\n0.00 0.00\n\n0.00 0.00\n\n0.00 0.00\n\n0.00 0.00\n\n0.00 0.00\n\n0.00 0.00\n\n0.00 0.00\n\n0.00 0.00\n\n0.00 0.00\n\n0.00 0.00\n\n0.00 0.00\n\n0.00 0.00\n\n0.00 0.00\n\n0.00 0.00\n\n0.00 0.00\n\n0.00 0.00\n\n0.00 0.00\n\n0.00 0.00\n\n0.00 0.00\n\n0.00 0.00\n\n0.00 0.00\n\n0.00 0.00\n\n0.00 0.00\n\n0.00 0.00\n\n0.00 0.00\n\n0.00 0.00\n\n0.00 0.00\n\n0.00 0.00\n\n0.00 0.00\n\n0.00 0.00\n\n0.00 0.00\n\n0.00 0.00\n\n0.00 0.00\n\n0.00 0.00\n\n0.00 0.00\n\n0.00 0.00\n\n0.00 0.00\n\n0.00 0.00\n\n0.00 0.00\n\n0.00 0.00\n\n0.00 0.00\n\n0.00 0.00\n\n0.00 0.00\n\n0.00 0.00\n\n0.00 0.00\n\n0.00 0.00\n\n0.00 0.00\n\n0.00 0.00\n\n0.00 0.00\n\n0.00 0.00\n\n0.00 0.00\n\n0.00 0.00\n\n0.00 0.00\n\n0.00 0.00\n\n0.00 0.00\n\n0.00 0.00\n\n0.00 0.00\n\n0.00 0.00\n\n0.00 0.00\n\n0.00 0.00\n\n0.00 0.00\n\n0.00 0.00\n\n0.00 0.00\n\n0.00 0.00\n\n0.00 0.00\n\n0.00 0.00\n\n0.00 0.00\n\n0.00 0.00\n\n0.00 0.00\n\n0.00 0.00\n\n0.00 0.00\n\n0.00 0.00\n\n0.00 0.00\n\n0.00 0.00"
    },
    "18": {
      "summary": "0.00 0.00\n\n- 0.00 0.00\n\n- 0.00 0.00\n\n- 0.00 0.00\n\n- 0.00 0.00\n\n- 0.00 0.00\n\n- 0.00 0.00\n\n- 0.00 0.00\n\n- 0.00 0.00\n\n- 0.00 0.00\n\n- 0.00 0.00\n\n- 0.00 0.00\n\n- 0.00 0.00\n\n- 0.00 0.00\n\n- 0.00 0.00\n\n- 0.00 0.00\n\n- 0.00 0.00\n\n- 0.00 0.00\n\n- 0.00 0.00\n\n- 0.00 0.00\n\n- 0.00 0.00\n\n- 0.00 0.00\n\n- 0.00 0.00\n\n- 0.00 0.00\n\n- 0.00 0.00\n\n- 0.00 0.00\n\n- 0.00 0.00\n\n- 0.00 0.00\n\n- 0.00 0.00\n\n- 0.00 0.00\n\n- 0.00 0.00\n\n- 0.00 0.00\n\n- 0.00 0.00\n\n- 0.00 0.00\n\n- 0.00 0.00\n\n- 0.00 0.00\n\n- 0.00 0.00\n\n- 0.00 0.00\n\n- 0.00 0.00\n\n- 0.00 0.00\n\n- 0.00 0.00\n\n- 0.00 0.00\n\n- 0.00 0.00\n\n- 0.00 0.00\n\n- 0.00 0.00\n\n- 0.00 0.00\n\n- 0.00 0.00\n\n- 0.00 0.00\n\n- 0.00 0.00\n\n- 0.00 0.00\n\n- 0.00 0.00\n\n- 0.00 0.00\n\n- 0.00 0.00\n\n- 0.00 0.00\n\n- 0.00 0.00\n\n- 0.00 0.00\n\n- 0.00 0.00\n\n- 0.00 0.00\n\n- 0.00 0.00\n\n- 0.00 0.00\n\n- 0.00 0.00\n\n- 0.00 0.00\n\n- 0.00 0.00\n\n- 0.00 0.00\n\n- 0.00 0.00\n\n- 0.00 0.00\n\n- 0.00 0.00\n\n- 0.00 0.00\n\n- 0.00 0.00\n\n- 0.00 0.00\n\n- 0.00 0.00\n\n- 0.00 0.00\n\n- 0.00 0.00\n\n- 0.00 0.00\n\n- 0.00 0.00\n\n- 0.00 0.00\n\n- 0.00 0.00\n\n- 0.00 0.00\n\n- 0.00 0.00\n\n- 0.00 0.00\n\n- 0.00 0.00\n\n- 0.00 0.00\n\n- 0.00 0.00\n\n- 0.00 0.00\n\n- 0.00 0.00\n\n- 0.00 0.00\n\n- 0.00 0.00\n\n- 0.00 0.00\n\n- 0.00 0.00\n\n- 0.00 0.00\n\n- 0.00 0.00\n\n- 0.00 0.00\n\n- 0.00 0.00\n\n- 0.00 0.00\n\n- 0.00 0.00\n\n- 0.00 0.00\n\n- 0.00 0.00\n\n- 0.00 0.00\n\n- 0.00 0.00\n\n- 0.00 0.00\n\n- 0.00 0.00\n\n- 0.00 0.00\n\n- 0.00 0.00\n\n- 0.00 0.00\n\n- 0.00 0.00\n\n- 0.00 0.00\n\n- 0.00 0.00\n\n- 0.00 0.00\n\n- 0.00 0.00\n\n- 0.00 0.00\n\n- 0.00 0.00\n\n- 0.00 0.00\n\n- 0.00 0.00\n\n- 0.00 0.00\n\n- 0.00 0.00\n\n- 0.00 0.00\n\n- 0.00 0.00\n\n- 0.00 0.00\n\n- 0.00 0.00\n\n- 0.00 0.00\n\n- 0.00 0.00\n\n- 0.00 0.00\n\n- 0.00 0.00\n\n- 0.00 0.00\n\n- 0.00 0.00\n\n- 0.00 0.00\n\n- 0.00 0.00\n\n- 0.00 0.00\n\n- 0.00 0.00\n\n- 0.00 0.00\n\n- 0.00 0.00\n\n- 0.00 0.00\n\n- 0.00 0.00\n\n- 0.00 0.00\n\n- 0.00 0.00\n\n- 0.00 0.00\n\n- 0.00 0.00\n\n- 0.00 0.00\n\n- 0.00 0.00\n\n- 0.00 0.00\n\n- 0.00 0.00\n\n- 0.00 0.00\n\n- 0.00 0.00\n\n- 0.00 0.00\n\n- 0.00 0.00\n\n- 0.00 0.00\n\n- 0.00 0.00\n\n- 0.00 0.00\n\n- 0.00 0.00\n\n- 0.00 0.00\n\n- 0.00 0.00\n\n- 0.00 0.00\n\n- 0.00 0.00\n\n- 0.00 0.00\n\n"
    },
    "19": {
      "summary": "1-800-523-3500 TO VERIFY\n\n**CALL**\n\n**TO VERIFY**\n\n**CALL**\n\n**TO VERIFY**\n\n**CALL**\n\n**TO VERIFY**\n\n**CALL**\n\n**TO VERIFY**\n\n**CALL**\n\n**TO VERIFY**\n\n**CALL**\n\n**TO VERIFY**\n\n**CALL**\n\n**TO VERIFY**\n\n**CALL**\n\n**TO VERIFY**\n\n**CALL**\n\n**TO VERIFY**\n\n**CALL**\n\n**TO VERIFY**\n\n**CALL**\n\n**TO VERIFY**\n\n**CALL**\n\n**TO VERIFY**\n\n**CALL**\n\n**TO VERIFY**\n\n**CALL**\n\n**TO VERIFY**\n\n**CALL**\n\n**TO VERIFY**\n\n**CALL**\n\n**TO VERIFY**\n\n**CALL**\n\n**TO VERIFY**\n\n**CALL**\n\n**TO VERIFY**\n\n**CALL**\n\n**TO VERIFY**\n\n**CALL**\n\n**TO VERIFY**\n\n**CALL**\n\n**TO VERIFY**\n\n**CALL**\n\n**TO VERIFY**\n\n**CALL**\n\n**TO VERIFY**\n\n**CALL**\n\n**TO VERIFY**\n\n**CALL**\n\n**TO VERIFY**\n\n**CALL**\n\n**TO VERIFY**\n\n**CALL**\n\n**TO VERIFY**\n\n**CALL**\n\n**TO VERIFY**\n\n**CALL**\n\n**TO VERIFY**\n\n**CALL**\n\n**TO VERIFY**\n\n**CALL**\n\n**TO VERIFY**\n\n**CALL**\n\n**TO VERIFY**\n\n**CALL**\n\n**TO VERIFY**\n\n**CALL**\n\n**TO VERIFY**\n\n**CALL**\n\n**TO VERIFY**\n\n**CALL**\n\n**TO VERIFY**\n\n**CALL**\n\n**TO VERIFY**\n\n**CALL**\n\n**TO VERIFY**\n\n**CALL**\n\n**TO VERIFY**\n\n**CALL**\n\n**TO VERIFY**\n\n**CALL**\n\n**TO VERIFY**\n\n**CALL**\n\n**TO VERIFY**\n\n**CALL**\n\n**TO VERIFY**\n\n**CALL**\n\n**TO VERIFY**\n\n**CALL**\n\n**TO VERIFY**\n\n**CALL**\n\n**TO VERIFY**\n\n**CALL**\n\n**TO VERIFY**\n\n**CALL**\n\n**TO VERIFY**\n\n**CALL**\n\n**TO VERIFY**\n\n**CALL**\n\n**TO VERIFY**\n\n**CALL**\n\n**TO VERIFY**\n\n**CALL**\n\n**TO VERIFY**\n\n**CALL**\n\n**TO VERIFY**\n\n**CALL**\n\n**TO VERIFY**\n\n**CALL**\n\n**TO VERIFY**\n\n**CALL**\n\n**TO VERIFY**\n\n**CALL**\n\n**TO VERIFY**\n\n**CALL**\n\n**TO VERIFY**\n\n**CALL**\n\n**TO VERIFY**\n\n**CALL**\n\n**TO VERIFY**\n\n**CALL**\n\n**TO VERIFY**\n\n**CALL**\n\n**TO VERIFY**\n\n**CALL**\n\n**TO VERIFY**\n\n**CALL**\n\n**TO VERIFY**\n\n**CALL**\n\n**TO VERIFY**\n\n**CALL**\n\n**TO VERIFY**\n\n**CALL**\n\n**TO VERIFY**\n\n**CALL**\n\n**TO VERIFY**\n\n**CALL**\n\n**TO VERIFY**\n\n**CALL**\n\n**TO VERIFY**\n\n**CALL**\n\n**TO VERIFY**\n\n**CALL**\n\n**TO VERIFY**\n\n**CALL**\n\n**TO VERIFY**\n\n**CALL**\n\n**TO VERIFY**\n\n**CALL**\n\n**TO VERIFY**\n\n**CALL**\n\n**TO VERIFY**\n\n**CALL**\n\n**TO VERIFY**\n\n**CALL**\n\n**TO VERIFY**\n\n**CALL**\n\n**TO VERIFY**\n"
    },
    "20": {
      "summary": "1.5\n\n**Redacted by**\n\n**CALL 1-800-555-1234 TO VERIFY**\n\n**REDACTED BY**\n\n**CALL 1-800-555-1234 TO VERIFY**\n\n**REDACTED BY**\n\n**CALL 1-800-555-1234 TO VERIFY**\n\n**REDACTED BY**\n\n**CALL 1-800-555-1234 TO VERIFY**\n\n**REDACTED BY**\n\n**CALL 1-800-555-1234 TO VERIFY**\n\n**REDACTED BY**\n\n**CALL 1-800-555-1234 TO VERIFY**\n\n**REDACTED BY**\n\n**CALL 1-800-555-1234 TO VERIFY**\n\n**REDACTED BY**\n\n**CALL 1-800-555-1234 TO VERIFY**\n\n**REDACTED BY**\n\n**CALL 1-800-555-1234 TO VERIFY**\n\n**REDACTED BY**\n\n**CALL 1-800-555-1234 TO VERIFY**\n\n**REDACTED BY**\n\n**CALL 1-800-555-1234 TO VERIFY**\n\n**REDACTED BY**\n\n**CALL 1-800-555-1234 TO VERIFY**\n\n**REDACTED BY**\n\n**CALL 1-800-555-1234 TO VERIFY**\n\n**REDACTED BY**\n\n**CALL 1-800-555-1234 TO VERIFY**\n\n**REDACTED BY**\n\n**CALL 1-800-555-1234 TO VERIFY**\n\n**REDACTED BY**\n\n**CALL 1-800-555-1234 TO VERIFY**\n\n**REDACTED BY**\n\n**CALL 1-800-555-1234 TO VERIFY**\n\n**REDACTED BY**\n\n**CALL 1-800-555-1234 TO VERIFY**\n\n**REDACTED BY**\n\n**CALL 1-800-555-1234 TO VERIFY**\n\n**REDACTED BY**\n\n**CALL 1-800-555-1234 TO VERIFY**\n\n**REDACTED BY**\n\n**CALL 1-800-555-1234 TO VERIFY**\n\n**REDACTED BY**\n\n**CALL 1-800-555-1234 TO VERIFY**\n\n**REDACTED BY**\n\n**CALL 1-800-555-1234 TO VERIFY**\n\n**REDACTED BY**\n\n**CALL 1-800-555-1234 TO VERIFY**\n\n**REDACTED BY**\n\n**CALL 1-800-555-1234 TO VERIFY**\n\n**REDACTED BY**\n\n**CALL 1-800-555-1234 TO VERIFY**\n\n**REDACTED BY**\n\n**CALL 1-800-555-1234 TO VERIFY**\n\n**REDACTED BY**\n\n**CALL 1-800-555-1234 TO VERIFY**\n\n**REDACTED BY**\n\n**CALL 1-800-555-1234 TO VERIFY**\n\n**REDACTED BY**\n\n**CALL 1-800-555-1234 TO VERIFY**\n\n**REDACTED BY**\n\n**CALL 1-800-555-1234 TO VERIFY**\n\n**REDACTED BY**\n\n**CALL 1-800-555-1234 TO VERIFY**\n\n**REDACTED BY**\n\n**CALL 1-800-555-1234 TO VERIFY**\n\n**REDACTED BY**\n\n**CALL 1-800-555-1234 TO VERIFY**\n\n**REDACTED BY**\n\n**CALL 1-800-555-1234 TO VERIFY**\n\n**REDACTED BY**\n\n**CALL 1-800-555-1234 TO VERIFY**\n\n**REDACTED BY**\n\n**CALL 1-800-555-1234 TO VERIFY**\n\n**REDACTED BY**\n\n**CALL 1-800-555-1234 TO VERIFY**\n\n**REDACTED BY**\n\n**"
    }
  }
}
