{
  "doc_id": "f1f5242528411b262be447e61e2eb10f.pdf",
  "pages": {
    "1": {
      "summary": "1\n\n**HOSTED BY**\n\n**ELSEVIER**\n\n\n**Ain Shams University**\n\n**The Egyptian Journal of Medical Human Genetics**\n\nwww.ejmhg.eg.net\nwww.sciencedirect.com\n\n\n**REVIEW**\n\n# Pathogenetics. An introductory review\n\n**Mohammad Saad Zaghloul Salem [1]**\n\n_Faculty of Medicine, Ain-Shams University, Cairo, Egypt_\n\nReceived 1 July 2015; accepted 7 July 2015\nAvailable online 27 July 2015\n\n**KEYWORDS**\n\nPathogenetics;\nMutagens;\nMutation;\nPathogenetic mechanisms;\nAnti-mutation mechanisms\n\nAbstract Pathogenetics refers to studying the different aspects of initiation/development/progress\nsion and pathogenesis of genetic defects. It comprises the study of mutagens or factors capable\nof affecting the structural integrity of the genetic material leading to mutational changes that, in\nthe majority of cases, result in harmful effects due to the resulting disturbances of functions of\nmutated components of the genome. The study of mutagens depicts different types of mutagenic\nfactors, their nature, their classification according to their effects on the genetic material and their\ndifferent modes of action. The study of mutation involves different types of mutations classified\naccording to various parameters, e.g. magnitude, severity, target of mutational event as well as\nits nature, which can be classified, in turn, according to whether it is spontaneous or induced, static\nor dynamic, somatic or germinal mutation etc. Finally, pathogenetics comprises studying and delin-\neating the different and innumerable pathophysiological alterations and pathogenetic mechanisms\nthat are directly and indirectly involved in, and leading to, the development of genetic disorders,\ncoupled with a parallel study of various anti-mutation mechanisms that play critical roles in\nminimizing the drastic effects of mutational events on the genetic material and in effective\nprotection against the development of these diseases.\n© 2015 Production and hosting by Elsevier B.V. on behalf of Ain Shams University. This is an ope"
    },
    "2": {
      "summary": "7.5. Pathological and non-pathological mutation 6\n\n7.6. Point, small, gross and genomic mutation 6\n\n7.6.1. Molecular mechanisms of point mutation 7\n\n7.6.2. Types of point mutations 7\n\n7.6.3. Small mutations 9\n\n7.6.4. Gross mutations 10\n\n7.6.5. Genomic mutations 13\n\n7.7. Base, sugar, phosphate mutation 14\n\n7.8. Persistent and reversible mutation 14\n\n8. Pathogenetic mechanisms of genetic diseases 15\n\n9. Anti-mutation mechanisms of the human genome and human proteome 15\n\n10. Anti-mutation mechanisms of the human genome 16\n\n10.1. Structural organization of the human genome 16\n\n10.2. Structural features of DNA 16\n\n10.3. Degeneracy of the genetic code 16\n\n10.4. Nuclear localization of DNA 17\n\n10.5. DNA-associated proteins 17\n\n10.6. Replication proofreading system 17\n\n10.7. Genetic repair systems 17\n\n10.7.1. Nuclear DNA repair 17\n\n10.7.2. RNA repair/editing system 18\n\n10.7.3. Mitochondrial DNA (mtDNA) repair 19\n\n10.8. Protein repair systems 19\n\n10.9. Silencing of transposon activity during development 19\n\n10.10. Antioxidant enzyme systems 19\n\n10.11. Apoptosis of heavily, lethally mutated cells 20\n\n10.12. Melatonin 20\n\n11. Genetic imprinting 21\n\n12. Biological consequences of mutation 21\n\n12.1. Mutation and genetic adaptations to stress 21\n\n12.2. Mutation and evolutionary variation 22\n\n12.3. Mutation and natural selection 22\n\nConflict of interest 23\n\nReferences 23\n\n\n\n\n1. Definition\n\nPathogenetics encompasses studying the various factors and different mechanisms involved in the pathogenesis of genetic diseases. It comprises the study of mutagens or factors that can cause change and/or damage of the genetic material, the study of mutations or acquired structural/functional changes of the genetic components at any of its organizational levels that result secondary to the effects of mutagens, the study of the various anti-mutation mechanisms of the human genome/ transcriptome/proteome that exert an essential and pivotal role in maintaining the integrity/stability/identity of th"
    },
    "3": {
      "summary": " An Introductory Review\n\nPathogenesis\n\nMutation\n\nDeletion / Duplication / Rearrangement Of Genetic Material\n\nDeficient / Defective Transcription Of mRNA\n\nDeficient / Defective Post-Transcription Modification Of mRNA\n\nDeficient / Defective Translation Of mRNA\n\nDeficient / Defective Production Of Proteins / Regulatory Factors\n\nDeficient / Defective Post-Translation Modification Of Proteins\n\nDisturbed Function(s) Of Metabolic Networks\n\nPatho-Physiological Alterations Of Cellular Functions\n\nGenetic Disease\n\nFigure 1 Pathogenesis of genetic diseases.\n\n(5) Deficient/defective translation of mRNA leading to deficient/defective production of gene products.\n(6) Deficient/defective post-translational modifications/trafficking of synthesized proteins.\n(7) Deficient/defective synthesis of genetic regulatory components that include transcription nucleoproteins, transcription factors, microRNA, etc.\n\nIrrespective of the site, type, nature or magnitude of the mutational event(s) that drastically affect the genetic material, the resultant alterations in gene function(s) trigger many disturbances in one or more of the cellular metabolic regulatory networks mediated by the deficient/defective gene products, thus leading to a wide and varied spectrum of pathophysiological changes in cellular functions leading, ultimately, to the development of genetic diseases. The specific pathognomonic phenotype that characterizes each genetic disease is primarily determined by the spectrum of pathophysiological changes in affected subjects. These, in turn, are determined by the spectrum of the mutation-induced damage to the genetic material in affected patients.\n\n3. Mutagens\n\nMutagens are factors capable of affecting the structural integrity of the genome. The number of harmful mutagens we are continually exposed to, and interacting with, in our life, starting with fertilization and ending by death, is innumerable. However, due to the many lines of defense against the harmful effects of these facto"
    },
    "4": {
      "summary": "1 types, effects and examples\n\n| Mutagens | Effects                                                                 | Examples |\n|----------|----------------------------------------------------------------------|---------|\n| Carcinogens | Carcinogenesis and tumor formation.                                      | Chemical: Aflatoxins<br>Biological: Retroviruses<br>Physical: X-ray Irradiation |\n| Clastogens | Chromosome breaks, deletions, rearrangements.                             | Chemical: Bleomycin<br>Biological: HIV virus<br>Physical: UV waves |\n| Teratogens | Congenital malformations.                                                | Chemical: Valproate<br>Biological: Toxoplasma gondii<br>Physical: X-ray irradiation |\n| Non-specific mutagens | Non-specific damage to the genetic material.                            | Chemical: Innumerable types<br>Physical: X-ray irradiation<br>Biological: Toxoplasma, Viruses |\n\nFigure 2  Classifications of mutagens.\n\nembryo or growing fetus to their effects. Exposure to teratogens before or after periods of embryonic or fetal growth sensitive to their specific teratogenic effects might result in no or minimal harm. The dose of exposure, whether of a chemical or radiological nature, is also an important factor in determining the resultant mutagenic effects. This dose-threshold effect might act in different synergistic ways. A larger exposure dose will quantitatively cause more damage to wider portions of the genetic material, thus resulting in widespread mutations of the genome. It might also cause damage to genes responsible for repair of mutated DNA, thus preventing repair of mutated genes. In addition, direct non-genetic destructive effects of cellular compartments, of blood supply to cells or of extracellular environment of affected cells will both hasten and increase the resulting damage.\n\nThe genetic constitution, or genetic background, of exposed subjects plays a critical role in determining the sensitivity to mutagenic fa"
    },
    "5": {
      "summary": "7.1. Induced and spontaneous mutation\n\nInduced mutations are structural alterations of the genetic material that occur due to exposure to the effects of any of the known mutagens. Spontaneous mutations, on the other hand, are mutations that occur without recognizable causes. Spontaneous mutations happen, probably, on a regular basis because of the intrinsic nature of the genome. Possible potential causes of spontaneous mutation of the genome can be delineated and include: transposon activity, tautomerism and changes of energy states of hydrogen bonds of bases. Transposon activity represents a major potential cause of spontaneous mutations [2]. The movement of transposons results in insertional mutagenesis and disruption of targeted genes or other functional genetic elements. Disturbed gene function with resultant deficiency of gene product, production of defective protein/RNA or loss of genetic regulatory mechanisms exerted by mutated genes follows transposon-induced mutations. Tautomerism of bases of the DNA also accounts for a considerable fraction of spontaneous mutations of the genetic material. Changes of energy states of hydrogen bonds between complementary bases of DNA represent a third potential cause of spontaneous mutation. Alterations resulting from changes in electron resonance and/or proton transfer or relocation between the bonds can lead to tautomeric shift or tautomerization and momentary change of one base to another base, thus inducing point mutation, transition mutation [1]. The actual mechanisms underlying the occurrence of these changes are still largely undefined, precisely. Analysis of DNA base dynamics according to quantum, rather than to Newtonian, principles seems essential for clarifying these mechanisms, and the concept of quantum biology, or studying the structure and function of the genetic material based on principles and rules of quantum mechanics, would certainly prevail due to the progressive increase in our knowledge of the structu"
    },
    "6": {
      "summary": "0.5\n\n**Dynamic Mutations**\n\nThe dynamic mutations are mutations that affect genomes of germ line cells, i.e. ova and sperms, that participate in fertilization and determination of the genetic constitution of the offspring. If the particular ovum or sperm affected by the mutation happens to participate in fertilization and zygote formation, the mutation will be inherited and transferred to all cells the offspring and a carrier or disease state might result according to the nature of the mutated gene and the pattern of its inheritance.\n\n### 7.4. Static and dynamic mutation\n\nStatic mutations signify mutations that are transmitted without change in type or extent of the mutation from a parent to his progeny. For instance, a father suffering from Marfan syndrome due to a specific mutation in the fibrillin gene may transfer the mutation as it is to some of his offspring. Mutation analysis by molecular diagnostic techniques of the gene of both father and child will reveal identity of the mutation between them in the affected gene. Static mutations characterize the mutational events that underlie the development of most currently defined genetic diseases.\n\nDynamic mutations, on the other hand, represent a peculiar category of genetic mutations that increase in magnitude or extent upon transmission from a carrier parent to an offspring. The discovery of this type of mutation clarified the pathogenic mechanisms responsible for the pathogenesis of a large number of genetic diseases known as triplet repeat expansion disorders. The list of these diseases due to this type of mutation is expanding progressively and includes many common and relevant genetic disorders like fragile X syndrome, Friedreich ataxia, Huntington disease, myotonic dystrophy, some types of spino-cerebellar ataxia and many others.\n\nIn this type of mutation, a normal defined number of codons, triplets of nucleotides, along a specific segment of the gene increases in number when the gene is inherited. A thresho"
    },
    "7": {
      "summary": "7.6.2.1. Same-sense mutation. Due to degeneracy of the genetic code that allows for defining the same amino acid by different codons, a point mutation might involve one base of a specific codon changing it to another codon, that still defines the same amino acid. For example, the amino acid leucine is defined or dictated by six different codons, TTA-TTG-CTT-CTC-CT A-CTG. Replacement of one base of some of these codons, TTA to TTG, CTT to CTC or CTA to CTG, by another base does not change the specified amino acid, leucine, in the synthesized protein, hence the term same-sense because the same amino acid is dictated by the new codon and no change in the synthesized protein results.\n\n7.6.2.2. Mis-sense mutation. Due to the rigid rules of the genetic code, a change of one base of a codon might turn it into another codon that defines a different amino acid in the synthesized protein. If base replacement results in a new codon that specifies a different amino acid, a mis-sense mutation results. For instance, a point mutation of the codon (TTT) or (thymine-thymine-thymine) that defines phenylalanine may change it to another codon (TCT) or (thymine-cyto sine-thymine) that defines serine. For protein translation system this change is considered as wrong code, hence the term missense, since it dictates a different amino acid. The effects of mis-sense mutation depend on the role played by the original amino acid in protein functioning, e.g. protein stability and aggregation. If it has important roles within fundamental structural or functional domains of the protein that could not be performed by the new different amino acid, then pathophysiological alteration of the structure and/or function of the protein are expected and the pathogenesis of a genetic defect might ensue.\n\n7.6.2.3. Non-sense mutation. The sixty-four codons of the genetic code include three codons that do not define or dictate any amino acids and are used by the gene to signal the end of the protein synthesis "
    },
    "8": {
      "summary": "7.6.2.5. Frame-shift mutation. Frame shifting signifies changes of the specific sequence of the nucleotides of the gene due to deletion or addition of nucleotide(s) followed by corresponding change of the amino acid sequence of the synthesized protein. Deletion or addition of one base within the gene will result in shifting of the reading frame of the newly formed codons. This type of point mutation is called frame-shift mutation. The resulting effects may lead to the formation of new same-sense, missense or stop termination codons with ultimate consequences similar to the results of the similar aforementioned mechanisms. These same rules apply for mutational events involving the addition or deletion of two bases. If three bases are added or deleted, a whole new codon will be added or removed, respectively. Whereas addition or deletion of one codon to a functional exon of the gene might result in a wide spectrum of alterations as previously explained, whole codon addition or deletion within non-coding parts of the gene, introns, has no effect on translated protein or on gene function. Frame shifting of the gene sequence leads to frame shifting in the amino acid sequence of the synthesized protein and a new protein with new sequence of amino acids might be translated. The similarity between the amino acid sequence of the wild type protein and that of the new protein depends on the start site of the frame shift mutation of the gene sequence. These same rules apply for mutational events involving the addition or deletion of two bases. If three new bases are inserted between existing codons, however, a whole new codon will be added and an additional amino acid will be added to the polypeptide chain of the protein. Also, if three bases constituting a functional codon are removed or deleted from the gene, the amino acid specified by the deleted codon will not be translated and will be missing from the synthesized polypeptide chain. Whereas addition or deletion of one codo"
    },
    "9": {
      "summary": "9\n\n**CHROMOSOMAL MUTATIONS**\n\n| Structural Mutations | Numerical Mutations |\n|---|---|\n| **1. Deletion**    | **1. Trisomy (47 Chromosomes)** |\n| **2. Translocation**   | **2. Monosomy (45 Chromosomes)** |\n| **3. Insertion**    | **3. Hypodiploidy (Less than 46)** |\n| **4. Ring chromosome formation** | **4. Hyperdiploidy (More than 46)** |\n| **5. Dicentric chromosome formation** | **5. Triploidy (3N : 69 Chromosomes)** |\n| **6. Chromosome gaps and breaks** | **6. Tetraploidy (4N : 92 Chromosomes)** |\n\n**Figure 6** Types of chromosomal abnormalities.\n\n---\n\n**Ring Chromosome**\n\n- **Chromosome A**\n- **Chromosome B**\n- **Balanced Translocation**\n\n**U.S. National Library of Medicine**\n\n**Unbalanced Translocation**\n\n**Dicentric Chromosome**\n\n**Fusion**\n\n**Chromosomal Material**\n\n**Chromosome Fragments**\n\n**Chromosome Breakpoints**\n\n**Chromosome Breakpoints**\n\n**Chromosome Breakpoints**\n\n**Chromosome Breakpoints**\n\n**Chromosome Breakpoints**\n\n**Chromosome Breakpoints**\n\n**Chromosome Breakpoints**\n\n**Chromosome Breakpoints**\n\n**Chromosome Breakpoints**\n\n**Chromosome Breakpoints**\n\n**Chromosome Breakpoints**\n\n**Chromosome Breakpoints**\n\n**Chromosome Breakpoints**\n\n**Chromosome Breakpoints**\n\n**Chromosome Breakpoints**\n\n**Chromosome Breakpoints**\n\n**Chromosome Breakpoints**\n\n**Chromosome Breakpoints**\n\n**Chromosome Breakpoints**\n\n**Chromosome Breakpoints**\n\n**Chromosome Breakpoints**\n\n**Chromosome Breakpoints**\n\n**Chromosome Breakpoints**\n\n**Chromosome Breakpoints**\n\n**Chromosome Breakpoints**\n\n**Chromosome Breakpoints**\n\n**Chromosome Breakpoints**\n\n**Chromosome Breakpoints**\n\n**Chromosome Breakpoints**\n\n**Chromosome Breakpoints**\n\n**Chromosome Breakpoints**\n\n**Chromosome Breakpoints**\n\n**Chromosome Breakpoints**\n\n**Chromosome Breakpoints**\n\n**Chromosome Breakpoints**\n\n**Chromosome Breakpoints**\n\n**Chromosome Breakpoints**\n\n**Chromosome Breakpoints**\n\n**Chromosome Breakpoints**\n\n**Chromosome Breakpoints**\n\n**Chromosome Breakpoints**\n\n**Chromosome Breakpoints**\n\n**Chromosome B"
    },
    "10": {
      "summary": "0.5cm\n\nfunction of a faulty synthesized gene product. Deletion of large portions of a gene, multiple exon deletions for instance, result in the synthesis of grossly defective protein lacking most or much of its domains needed to mediate its destined physiological roles causing marked pathophysiological deteriorations in the functioning metabolic networks dependent on these roles, thus predisposing to development of genetic disorders.\n\nSmall mutations of bases involved in splisosome mechanisms mediating intron excision and splicing of remaining exons, as part of the post-transcription modifications of mRNA, can have marked effects on the translation efficiency of the final mRNA and is a well-known mutational mechanism that underlies the pathogenesis of many common and serious genetic diseases (Fig. 5). These splice site mutations may result in over excision of parts of adjacent exons and synthesis of shorter polypeptide chains. If the missing amino acids coded by the over excised parts are important for mediating protein function or maintaining its structural integrity, then pathophysiological alterations and pathogenesis of disease might be expected. On the other hand, if splice site mutations result in skipping of an intron, part of an intron, a whole intron or multiple introns from excision, the resulting translated protein might be large enough to be unstable and easily degradable, or its structural configuration might be altered in such a way that its functional domains are no more accessible to each other or to other components, e.g. substrates or intermediary metabolites, needed for mediating its physiological functions, and a pathogenetic defect results.\n\n\n\n\n7.6.4. Gross mutations\n\nGross mutations are mutations that involve large portions of the genetic material. Chromosomal aberrations represent the prototype of this type of mutation, since even the smallest functional portion of a chromosome may consist of tens to hundreds of genes. Due to the peculiar stru"
    },
    "11": {
      "summary": "0.5in\n\n**Figure 8** Isochromosome formation.\n\nThe finding that specific genomic regulatory elements, e.g. zinc finger nuclease enzyme, can induce specific chromosomal rearrangements, like duplications and inversions, suggest an evolutionary role for these chromosomal abnormalities. This event might be considered as a mechanism of genomic evolution through formation of novel genes that can amplify the function of parent genes or, alternatively, can undergo one or successive mutational events converting them to new genes with new functions. However, the beneficial role of this presumed evolutionary pathway as identified in some organisms, e.g. the mutational conversion of a duplicated digestive gene in ice fish into an antifreeze gene [7] is still a matter of debate waiting for clarification in human race since most of these chromosomal rearrangements have pathological effects on affected subjects. This might be attributed to their being an expression of genomic instability, rather than of genomic evolution, of the human genome.\n\n**(d) RING chromosome formation**\n\nRING chromosomes are incomplete chromosome segments resulting from terminal deletion of variable parts of both chromosome arms with subsequent joining of both arms to form ring structures. The net loss of genetic material from the chromosome depends on the extent of deletion of both arms. RING chromosome formation can also occur with terminal or total deletion of one chromosome arm only, and in rare cases it occurs when telomeres at the ends of a chromosome fuse without any loss of genetic material from the chromosome. Pathological consequences of ring chromosomes are caused by deletion of genes in the telomeric regions of affected chromosomes.\n\n**(e) Duplication**\n\nChromosome duplication occurs when part of a chromosome is copied abnormally, resulting in extra genetic material from the duplicated segment. Duplications arise from aberrant recombination or unequal crossing-over that occurs between misaligned "
    },
    "12": {
      "summary": "1 (Down syndrome) 2 (Monosomy X (Turner syndrome) 3 (Triploidy) 4 (XYY chromosome) 5 (Trisomy 21 (Down syndrome) 6 (Monosomy X (Turner syndrome) 7 (Triploidy) 8 (XYY chromosome) 9 (Trisomy 21 (Down syndrome) 10 (Monosomy X (Turner syndrome) 11 (Triploidy) 12 (XYY chromosome) 13 (Trisomy 21 (Down syndrome) 14 (Monosomy X (Turner syndrome) 15 (Triploidy) 16 (XYY chromosome) 17 (Trisomy 21 (Down syndrome) 18 (Monosomy X (Turner syndrome) 19 (Triploidy) 20 (XYY chromosome) 21 (Trisomy 21 (Down syndrome) 22 (Monosomy X (Turner syndrome) 23 (Triploidy) 24 (XYY chromosome) 25 (Trisomy 21 (Down syndrome) 26 (Monosomy X (Turner syndrome) 27 (Triploidy) 28 (XYY chromosome) 29 (Trisomy 21 (Down syndrome) 30 (Monosomy X (Turner syndrome) 31 (Triploidy) 32 (XYY chromosome) 33 (Trisomy 21 (Down syndrome) 34 (Monosomy X (Turner syndrome) 35 (Triploidy) 36 (XYY chromosome) 37 (Trisomy 21 (Down syndrome) 38 (Monosomy X (Turner syndrome) 39 (Triploidy) 40 (XYY chromosome) 41 (Trisomy 21 (Down syndrome) 42 (Monosomy X (Turner syndrome) 43 (Triploidy) 44 (XYY chromosome) 45 (Trisomy 21 (Down syndrome) 46 (Monosomy X (Turner syndrome) 47 (Triploidy) 48 (XYY chromosome) 49 (Trisomy 21 (Down syndrome) 50 (Monosomy X (Turner syndrome) 51 (Triploidy) 52 (XYY chromosome) 53 (Trisomy 21 (Down syndrome) 54 (Monosomy X (Turner syndrome) 55 (Triploidy) 56 (XYY chromosome) 57 (Trisomy 21 (Down syndrome) 58 (Monosomy X (Turner syndrome) 59 (Triploidy) 60 (XYY chromosome) 61 (Trisomy 21 (Down syndrome) 62 (Monosomy X (Turner syndrome) 63 (Triploidy) 64 (XYY chromosome) 65 (Trisomy 21 (Down syndrome) 66 (Monosomy X (Turner syndrome) 67 (Triploidy) 68 (XYY chromosome) 69 (Trisomy 21 (Down syndrome) 70 (Monosomy X (Turner syndrome) 71 (Triploidy) 72 (XYY chromosome) 73 (Trisomy 21 (Down syndrome) 74 (Monosomy X (Turner syndrome) 75 (Triploidy) 76 (XYY chromosome) 77 (Trisomy 21 (Down syndrome) 78 (Monosomy X (Turner syndrome) 79 (Triploidy) 80 (XYY chromosome) 81 (Trisomy 21 (Down syndrome) 82 (Monoso"
    },
    "13": {
      "summary": "13–18–21, XXY, XYY and multiple X syndromes with three or more X chromosomes in cells of affected female patients. Marked pathological hyperdiploidy with chromosome number reaching up to seventy (70) or a little bit more chromosomes, however, is quite common in many malignancies like acute lymphoblastic leukemia and acute myeloid leukemia [9].\n\n7.6.4.2. Pathogenetic mechanisms of chromosomal aberrations. The pathogenetic mechanisms involved in the pathogenesis of chromosomal aberrations are, still, mysterious and hardly understandable. They cannot be interpreted on molecular basis even for chromosome gaps and breaks in view of the complex structural assembly of the chromosome and its intimate integrity with the chromatin material. Gross regulatory defects of mechanisms controlling cell division, including the formation of the spindle and the timing of its action in synchronization with other biochemical and signal transduction effectors are hold responsible for predisposing to non-disjunction and the development of chromosomal trisomies and chromosomal monosomies as well. Similar defective regulatory mechanisms might underlie the development of polyploidy conditions like triploidy and tetraploidy.\n\nHowever, the regular and persistent occurrence at nearly constant incidence rates of well recognized and well defined genetic defects, including chromosomal aberrations, irrespective of ethnic, racial or environmental factors, indicates that these types of genetic changes or mutations might have, still unknown, deep rooted significance background in our genome. Disclosure of master genes and related genetic factors responsible for regulating both the stability and behavior of the genome as a whole will, surely, throw more light on factors underlying pathogenesis and development of chromosomal abnormalities.\n\n7.6.5. Genomic mutations\n\nGenomic mutations refer to mutations involving the whole genome (either the 23 chromosomes haploid genome or the 46 chromosomes diploid geno"
    },
    "14": {
      "summary": "23X\n\n23X\n\n23X\n\n23X\n\n46,XX\n\nor\n\n(23,X)\n\n46,XY\n\nc.\n\n23X\n\n23X\n\n69,XXX\n\nor\n\n23X\n\n23X\n\n69,XY\n\nor\n\n(23,X)\n\n46,XX\n\nor\n\n(23,X)\n\n46,XY\n\nd.\n\n23Y\n\n23Y\n\n23Y\n\n23Y\n\n46,XX\n\nor\n\n(23,X)\n\n46,XY\n\nFigure 10 pathological consequences of genomic structural and functional mutations.\n\nmechanism of the genome to harmonize functions and interactions of the large number of genes that constitute it, so that integrity and stability of the genome, hence genomic identity, is maintained, preserved and conserved in spite of the continuously ever changing proteome phenotype and proteome dynamics of living systems. If genes constituting a specific genome are imprinted, either expressed or silenced, without strict regulatory mechanism(s) controlling temporal aspects of their functions, widespread random and conflicting qualitative and quantitative changes of the proteome synthesized by that genome will disturb the stability and integrity of the genome, through many different mechanisms, leading ultimately to decadence and loss of the genomic identity that characterizes living organisms [10].\n\n7.7. Base, sugar, phosphate mutation\n\nMutations, in general, refer to changes of the bases of the nucleic acids (A,G,C,T,U) and represent the commonest types of mutations of the genetic material. However, several kinds of mutations can affect the sugar and the phosphate group, and can have deleterious effects on the genetic material. Several kinds of mutation can affect the sugar portion of the nucleotide. For instance, some physical and chemical mutagens can add oxygen to the deoxyribose of DNA or remove oxygen from the ribose of RNA, or a whole deoxyribonucleotide might be substituted by a ribonucleotide. Such mutations of DNA, containing a ribonucleotide instead of a deoxyribonucleotide are usually silent, but under abnormal conditions they might be attacked by ribonucleases leading to DNA breaks. Another type of mutation of the sugar portion of the nucleotide involves methylation of ribose of a coding nucleot"
    },
    "15": {
      "summary": "8. Pathogenetic mechanisms of genetic diseases\n\nThe genetic material controls life activities of the cell through regulating synthesis of proteins which directly mediate these activities. Regulatory genes, in addition, control the transcription of many classes of small RNAs that have fundamental roles in direct and feed-back regulation of most aspects of the genetic material.\n\nMutations cause structural alterations of the genetic material. Depending on the site, nature, magnitude and effects of the mutational event as well as on the functions and importance of the mutated genes, pathogenetic mechanisms that result in deficient synthesis of gene products, synthesis of defective gene products or disturbed regulation of cellular activities will lead to development of genetic disorders, secondary to the ensuing pathophysiological alterations of cellular functions [9].\n\nMaintaining stability, integrity and species-specific identity of the genome represents a prerequisite, not only for executing cell functions properly, but more fundamentally for beginning, continuation and conservation of life. It is the preservation of the collaborative and integrated intimate relationship of these three aspects of the genome that represent the real kernel and true essence of existence of all forms of life. Many pathogenetic mechanisms that drastically affect genome stability and genome integrity have been defined. These particular groups of mutations constitute important detrimental events that act via different pathways, e.g. defective genetic repair mechanisms or premature induction of apoptosis, leading ultimately to loss of genome stability and integrity and induction of cell death. On molecular or cellular level, these mutations might be considered as life-ending mutations. These mutations might also act in a different way through total loss of reproductive fitness and disappearance of individual genomes from the gene pool of certain species.\n\nThe spectrum of pathogenetic mechanis"
    },
    "16": {
      "summary": "0.5cm\n\nmutagens. Mutational events induced by external factors, which include physical, chemical and biological mutagens, have widespread detrimental effects on the stability and integrity of the genome as well as on the stability and integrity of the proteome. Additionally, further and considerable damage of the structural organization and functional capabilities of both the genome and the proteome regularly occurs on continuous and progressive basis due to the continuously generated burden of internal mutagens that result from the diverse metabolic activities of the exceedingly large number of metabolic networks of the cell. Unless a powerful and effective protective and repair system actively participates in protecting the genome and proteome of the cell against the deleterious effects of mutations, and in efficient repair of resulting damage, maintaining the stability and integrity of both of these bio-systems that constitute the framework of life activities within the cell would have been impossible.\n\nThe human genome is endowed with a spectacular multifaceted strong anti-mutation system responsible for maintaining stability and integrity of the genome and preserving its identity. It acts by protecting the genome from the detrimental effects of mutation and by repairing mutation-induced damage. Obviously, the balance between the pathological effects of mutation and the ability of the anti-mutation system to counteract and to reduce the consequences of these effects represents the main factor that determines the likelihood of having a mutation-induced genetic disease. The human anti-mutation system comprises both innate mechanisms common to, and shared by, all individuals, e.g. degeneracy of the genetic code, and acquired aspects determined by the inherited genetic background of each human being, e.g. DNA repair system.\n\nThe human transcriptome, being subjected to the same mutational events that can affect, alter and damage the DNA, seems to have efficient anti-"
    },
    "17": {
      "summary": "0.5mm\n\nspecific protein domain, play critical roles in attaining and maintaining correct protein structure and in mediating proper protein function, point mutations leading to replacement of these essential amino acids by other amino acids, missense mutations, that can’t perform the functions of the original amino acids might result in detrimental effects on the structural integrity and stability of the protein followed by deleterious consequences on physiological function of the protein. Hence, degeneracy of the genetic code allows for occurrence of many point mutations, the commonest type of mutational events and the commonest cause of genetic disorders, without changing the final structure of the synthesized protein, thus protecting against, and obviating, the pathological effects of these mutations.\n\n10.4. Nuclear localization of DNA\n\nThe localization of DNA deep inside the cell nucleus represents a fourth innate anti-mutation mechanism of the human genome because it acts as a physical barrier against many mutagens that have to overcome many obstacles of cellular defense mechanisms in order to affect the nuclear genome. These defenses include the extra-cellular environment, the cell membrane, the cytoplasmic mass, the cytoplasmic enzymes and phagocytic cellular organelles and the cytoplasmic and nuclear antioxidant enzyme systems.\n\n10.5. DNA-associated proteins\n\nThe DNA-associated or DNA-binding proteins, in addition to their essential roles in regulating transcriptional processes of most genes, also play fundamental roles in protecting the DNA from the damaging effects of many mutagens, in particular the free radicals that are generated during metabolic activities of the cell. They act as physical barriers and biochemical buffers, modifiers or deactivating biomolecules of many chemical mutagens or damaging factors that might harm the DNA. They mediate this protective role by many mechanisms including modulation of charge transport of oxidative agents within the"
    },
    "18": {
      "summary": "10.7.1.3. Direct reversal repair. This repair mechanism can directly repair UV-induced pyrimidine dimer formation and alkylation adducts by DNA photolyase enzymes and alkyltransferase proteins, respectively. Direct reversal repair mechanisms are not followed by incision of DNA strands or resynthesis of new DNA since the changed or mutated bases are directly reverted to their original states either by light-dependent photoreactivation process, for pyrimidine dimers repair, or by use of alkyltransferase. Placental mammals do not have photolyase-dependent repair mechanisms and depend on nucleotide excision repair to correct and repair UV-induced pyrimidine dimer formation.\n\n10.7.1.4. Mismatch repair (MMR). The mismatch repair (MMR) system recognizes and corrects mismatched or unpaired bases that result from errors of DNA polymerase during DNA replication. It involves complex reactions and interactions of many enzymes, proteins and signal discrimination factors, probably in collaboration with the proofreading system, to recognize the mutated strand first and then to locate the site of the mismatched pair. This is followed by removal of the mutated sequence by an endonuclease, addition of new pair(s) by DNA polymerase and final regain of the DNA double stranded structure by DNA ligases. Post-replication mismatch repair is achieved by removal of a relatively long tract of mismatch-containing oligonucleotides, a process called long-patch MMR.\n\n10.7.1.5. Recombination repair. Recombination repair mechanisms aim primarily at repairing double-strand breaks of DNA which represent the most devastating mutation-induced lesions of DNA because they can lead to loss of genetic information and chromosomal instabilities with consequent pathological alterations including chromosome breakage syndromes and carcinogenesis. Double-strand breaks can be caused either endogenously during DNA replication due to replication errors, e.g. replication fork collapse, or exogenously by, e.g. ionizi"
    },
    "19": {
      "summary": "10.7.3. Mitochondrial DNA (mtDNA) repair\n\nThe pivotal role played by the mitochondrial genome in generating ATP, without which life can neither begin nor persist, in addition to the many other critical metabolic and regulatory functions of mitochondrial genes, requires the presence of an efficient system for repairing mtDNA mutations. The need for mitochondrial genome repair system is further imposed on the cell in view of the high mutation rate of mitochondrial genes which lack many of the anti-mutation and protective mechanisms available to nuclear genes. Similar to the nuclear genome repair system, mitochondrial repair system includes many repair pathways: base excision repair, direct reversal repair, mismatch repair, and recombination repair. Nucleotide excision repair (NER) pathway, however, seems not to be working in the mitochondria [12].\n\n10.8. Protein repair systems\n\nAccurate post-translation structural configuration of newly synthesized polypeptide chains is a fundamental conformational modification for most proteins to become functionally active biomolecules. The maturation from primary to quaternary protein structure involves many changes, e.g. folding and maintenance of steric and spatial relationships between the different domains of the protein. Conformational defects in proteins that might happen during these modifications can lead to the formation of misfolded and/or aggregated non-functional molecules.\n\nHuman genome comprises a large number of genes that code a complex system composed of large numbers of specific protein families and subfamilies known as molecular chaperones. These proteins have many important and diverse functions in cellular activities, e.g. assisting non-covalent folding or unfolding and assembly or disassembly of macromolecular structures, including proteins. Prevention of misfolding and/or aggregation of newly synthesized polypeptide chains, which turn them to nonfunctional biomolecules, is a major and fundamental function of "
    },
    "20": {
      "summary": "1. Cut-and-paste mechanism\n\n2. Copy-and-paste mechanism\n\nFigure 12 Transposons: methods of transposition. (Lauren Solomon, Broad Institute of Harvard and MIT),\n\nin many cellular components including membranes, organelles and structural macromolecules like lipids and proteins. This structural damage, unless counteracted by opposing antioxidant mechanisms, results in progressive degradation of cellular constituents with consequent resultant pathophysiological alterations of cellular functions, leading ultimately to disease. Although low concentrations of reactive oxygen species may be beneficial, or even necessary, in mediating many cellular processes, e.g. defense against invading micro-organisms and intracellular signaling pathways, nevertheless, higher concentrations of these free radicals play a causative role in the aging process as well as in the pathogenesis of many human disease states, including immune deficiency, neurodegeneration and cancer. Oxidative damage of mRNA, mtDNA, RNA and DNA-binding proteins by free radicals represents an important category of detrimental genetic mutations induced by endogenous chemical mutagens inevitably generated during cellular metabolic activities and other cellular functions.\n\nLiving cells have several efficient non-enzymatic and enzymatic antioxidant activities that are responsible for eliminating and/or terminating the chain reactions following generation of free radicals, as a safeguard against their damaging effects on cellular components and cellular functions. Enzymatic antioxidant systems of the cell comprise large numbers of multiple types of antioxidant enzymes, notably catalase, superoxide dismutase, thioredoxin reductase, glutathione peroxidase and various other peroxidases. Efficient production of these antioxidant enzymes and proper regulation of their functions is mandatory to keep and maintain redox homeostasis of the cell which is a critical prerequisite for normal mediation of cellular activities [16].\n\n10."
    }
  }
}
