{
  "doc_id": "f86d073b0d735ac873a65d906ba82758.pdf",
  "pages": {
    "1": {
      "summary": "0\n\nThe Directors present the Company’s Report on Corporate Governance.\n\nITC Limited has been one of the frontrunners in India to have put in place a formalised system of Corporate Governance.\n\nTHE COMPANY’S GOVERNANCE PHILOSOPHY\n\nITC defines Corporate Governance as a systemic process by which companies are directed and controlled to enhance their wealth-generating capacity. Since large corporations employ a vast quantum of societal resources, ITC believes that the governance process should ensure that these resources are utilised in a manner that meets stakeholders’ aspirations and societal expectations. This belief is reflected in the Company’s deep commitment to contribute to the “triple bottom line”, namely the development, nurture and regeneration of the nation’s economic, social and environmental capital.\n\nITC’s Corporate Governance structure, systems and processes are based on two core principles:\n\n(i) Management must have the executive freedom to drive the enterprise forward without undue restraints, and\n\n(ii) This freedom of management should be exercised within a framework of effective accountability.\n\nITC believes that any meaningful policy on Corporate Governance must empower the executive management of the Company. At the same time, Governance must create a mechanism of checks and balances to ensure that the decision-making powers vested in the executive management are used with care and responsibility to meet stakeholders’ aspirations and societal expectations.\n\nFrom this definition and core principles of Corporate Governance emerge the cornerstones of ITC’s governance philosophy, namely trusteeship, transparency, empowerment and accountability, control and ethical corporate citizenship. ITC believes that the practice of each of these creates the right corporate culture that fulfils the true purpose of Corporate Governance.\n\nTrusteeship recognises that large corporations, which represent a coalition of interests, namely those of the shareholders, other "
    },
    "2": {
      "summary": "0\n\n**THE GOVERNANCE STRUCTURE**\n\nThe practice of Corporate Governance in ITC is at three interlinked levels:\n\ni. Strategic supervision - by the Board of Directors\n\nii. Strategic management - by the Corporate Management Committee\n\niii. Executive management - by the Divisional / Strategic Business Unit (SBU) Chief Executive assisted by the respective Divisional / SBU Management Committee.\n\nThe three-tier governance structure ensures that:\n\n(a) Strategic supervision (on behalf of the shareholders), being free from involvement in the task of strategic management of the Company, can be conducted by the Board with objectivity, thereby sharpening accountability of management;\n\n(b) Strategic management of the Company, uncluttered by the day-to-day tasks of executive management, remains focused and energised; and\n\n(c) Executive management of a Division or Business, free from collective strategic responsibilities for ITC as a whole, focuses on enhancing the quality, efficiency and effectiveness of the business.\n\nThe core roles of the key entities flow from this structure. The core roles, in turn, determine the core responsibilities of each entity. In order to discharge such responsibilities, each entity is empowered formally with requisite powers.\n\nThe structure, processes and practices of governance enable focus on the Corporate purpose while simultaneously facilitating effective management of the wider portfolio of businesses.\n\nThe Governance Document that sets out the structure, policies and practices of governance of the various entities within the organisation is available on the Company’s corporate website www.itcportal.com for general information.\n\n**ROLES OF VARIOUS ENTITIES**\n\n**Board of Directors (Board):** The primary role of the Board is that of trusteeship to protect and enhance shareholder value through strategic supervision of ITC, its wholly owned subsidiaries and their wholly owned subsidiaries. As trustees, the Board ensures that the Company has clear goals "
    },
    "3": {
      "summary": "0.5\n\n<table>CategoryNo. of DirectorsPercentage to total no. of DirectorsExecutive Directors431Non-Executive754Independent Directors215Other Non-Executive Directors215Total13100</table>\n\nThe following is the composition of the Board as on 31st March, 2007:\n\n<table>CategoryNo. of DirectorsPercentage to total no. of DirectorsExecutive Directors431Non-Executive754Independent Directors215Other Non-Executive Directors215Total13100</table>\n\nThe following is the composition of the Board as on 31st March, 2007:\n\n<table>DirectorCategoryNo. of other Directorships(*)No. of Membership(s)/ Chairmanship(s) of Board Committees of other companies (**)Executive DirectorsY. C. Deveshwar3NilS. S. H. Rehman8NilA. Singh2NilK. Vaidyanath64 (including 3 as Chairman)Non-Executive DirectorsS. H. Khan***Independent Director67 (including 4 as Chairman)B. SenIndependent Director54 (including 1 as Chairman)Ram S. TarnejaIndependent Director116 (including 2 as Chairman)B. VijayaraghavanIndependent DirectorNilNilS. B. MathurIndependent Director - Representative of Life Insurance Corporation of India as Investor132 (including 1 as Chairman)P. B. RamanujamIndependent Director - Representative of General Insurance Corporation of India and its erstwhile subsidiaries as Investor2NilD. K. Mehrotra****Independent Director - Representative of Specified Undertaking of the Unit Trust of India as Investor2NilJ. P. DalyNilNilC. R. GreenNilNil</table>\n\n* Excludes Directorship in Indian Private Limited Companies, Foreign Companies, Membership of Managing Committees of Chambers of Commerce / Professional Bodies and Alternate Directorship.\n\n** Represents Membership / Chairmanship of Audit Committee and Investors Grievance Committee of Indian Public Limited Companies.\n\n*** Appointed a Director w.e.f. 30th October, 2006.\n\n**** Appointed a Director w.e.f. 26th May, 2006."
    },
    "4": {
      "summary": "31st March, 2007, five meetings of the Board took place as against six, as per the Company’s Governance Policy. The sixth meeting, scheduled for the last week of March, 2007, could be held only on 4th April, 2007. The intervening period between two Board meetings was well within the maximum gap of four months prescribed under Clause 49 of the Listing Agreement. The annual calendar of meetings is broadly determined at the beginning of each year.\n\nBoard Agenda\n\nMeetings are governed by a structured agenda. The Board members, in consultation with the Chairman, may bring up any matter for the consideration of the Board. All major agenda items are backed by comprehensive background information to enable the Board to take informed decisions. Agenda papers are generally circulated seven working days prior to the Board meeting.\n\nInformation placed before the Board\n\nApart from the items that are required to be placed before the Board for its approval, both under the statutes and the Governance Policy, the following are also tabled for the Board's periodic review / information:\n\n- Quarterly performance against plan, including business-wise financials in respect of revenue, profits, cash flow, balance sheet, investments and capex.\n- Half-Yearly summary of all long-term borrowings made, bank guarantees issued and investments made.\n- Treasury Policy, both domestic & forex, as and when changes take place.\n- Internal Audit findings and External Audit Management Reports (through the Audit Committee).\n- Status of safety, security and legal compliance.\n- Status of business risk exposures, its management and related action plans.\n- Company’s management development processes and succession of senior management (through the Nominations Committee).\n- Show Cause, demand, prosecution and adjudication notices, if any, from revenue authorities which are considered materially important, including any exposure that exceeds 1% of the Company's net worth, and their outcome.\n- Default, if any, in"
    },
    "5": {
      "summary": "0\n\n**ATTENDANCE AT BOARD MEETINGS AND AT ANNUAL GENERAL MEETING (AGM) during the financial year**\n\n| Director | No. of Board Meetings attended | Attendance at last AGM |\n|---|---|---|\n| Y. C. Deveshwar | 5 | Yes |\n| S. S. H. Rehman | 5 | Yes |\n| A. Singh | 5 | Yes |\n| K. Vaidyanath | 5 | Yes |\n| J. P. Daly | 3 | Yes |\n| C. R. Green | 3 | No |\n| S. H. Khan* | 1 | NA |\n| S. B. Mathur | 5 | Yes |\n| D. K. Mehrotra** | 3 | Yes |\n| P. B. Ramanujam | 5 | Yes |\n| B. Sen | 5 | Yes |\n| Ram S. Tarneja | 5 | Yes |\n| T. S. Vijayan*** | NA | NA |\n| B. Vijayaraghavan | 5 | Yes |\n\n* Appointed a Director w.e.f. 30th October, 2006.\n** Appointed a Director w.e.f. 26th May, 2006.\n*** Ceased to be a Director w.e.f. 26th May, 2006.\n\n**COMMITTEES OF THE BOARD**\n\nCurrently, there are four Board Committees – the Audit Committee, the Compensation Committee, the Investor Services Committee and the Nominations Committee. The terms of reference of the Board Committees are determined by the Board from time to time. Meetings of each Board Committee are convened by the respective Committee Chairman. Signed minutes of Board Committee meetings are placed for the information of the Board. Matters requiring the Board's attention / approval are generally placed in the form of notes to the Board from the respective Committee Chairman. The role and composition of these Committees, including the number of meetings held during the financial year and the related attendance, are provided below.\n\n**I. AUDIT COMMITTEE**\n\nThe Audit Committee of the Board, inter alia, provides reassurance to the Board on the existence of an effective internal control environment that ensures:\n\n- efficiency and effectiveness of operations, both domestic and overseas;\n- safeguarding of assets and adequacy of provisions for all liabilities;\n- reliability of financial and other management information and adequacy of disclosures;\n- compliance with all relevant statutes.\n\nThe Audit Committee is empowered, pursuant to its terms of refe"
    },
    "6": {
      "summary": "0\n\n**REPORT ON CORPORATE GOVERNANCE**\n\n(f) Reviewing reports of internal audit and discussion with internal auditors on any significant findings and follow-up thereon;\n\n(g) Reviewing the findings of any internal investigations by the internal auditors and the executive management’s response on matters where there is suspected fraud or irregularity or failure of internal control systems of a material nature and reporting the matter to the Board;\n\n(h) Discussion with the external auditors, before the audit commences, on nature and scope of audit, as well as after conclusion of the audit, to ascertain any areas of concern and review the comments contained in their management letter;\n\n(i) Reviewing the Company’s financial and risk management policies;\n\n(j) Looking into the reasons for substantial defaults, if any, in payment to the depositors, debentureholders, shareholders (in case of non-payment of declared dividends) and creditors;\n\n(k) Considering such other matters as may be required by the Board;\n\n(l) Reviewing any other areas which may be specified as role of the Audit Committee under the Listing Agreement, Companies Act and other statutes, as amended from time to time.\n\n**Composition**\n\nThe Audit Committee comprised three Non-Executive Directors, all of whom are Independent Directors. The Director responsible for the Finance function, the Head of Internal Audit and the representative of the Statutory Auditors are Invitees to the Audit Committee. The Head of Internal Audit is the Co-ordinator and the Company Secretary is the Secretary to the Committee. The representative of the Cost Auditors is invited to meetings of the Audit Committee whenever matters relating to cost audit are considered. All members of the Committee are financially literate; two members, including the Chairman of the Committee, have accounting and financial management expertise.\n\nThe names of the members of the Audit Committee, including its Chairman, are provided elsewhere in the Report and "
    },
    "7": {
      "summary": "2015, 2016, 2017, 2018, 2019, 2020, 2021, 2022, 2023, 2024, 2025, 2026, 2027, 2028, 2029, 2030, 2031, 2032, 2033, 2034, 2035, 2036, 2037, 2038, 2039, 2040, 2041, 2042, 2043, 2044, 2045, 2046, 2047, 2048, 2049, 2050, 2051, 2052, 2053, 2054, 2055, 2056, 2057, 2058, 2059, 2060, 2061, 2062, 2063, 2064, 2065, 2066, 2067, 2068, 2069, 2070, 2071, 2072, 2073, 2074, 2075, 2076, 2077, 2078, 2079, 2080, 2081, 2082, 2083, 2084, 2085, 2086, 2087, 2088, 2089, 2090, 2091, 2092, 2093, 2094, 2095, 2096, 2097, 2098, 2099, 2100, 2101, 2102, 2103, 2104, 2105, 2106, 2107, 2108, 2109, 2110, 2111, 2112, 2113, 2114, 2115, 2116, 2117, 2118, 2119, 2120, 2121, 2122, 2123, 2124, 2125, 2126, 2127, 2128, 2129, 2130, 2131, 2132, 2133, 2134, 2135, 2136, 2137, 2138, 2139, 2140, 2141, 2142, 2143, 2144, 2145, 2146, 2147, 2148, 2149, 2150, 2151, 2152, 2153, 2154, 2155, 2156, 2157, 2158, 2159, 2160, 2161, 2162, 2163, 2164, 2165, 2166, 2167, 2168, 2169, 2170, 2171, 2172, 2173, 2174, 2175, 2176, 2177, 2178, 2179, 2180, 2181, 2182, 2183, 2184, 2185, 2186, 2187, 2188, 2189, 2190, 2191, 2192, 2193, 2194, 2195, 2196, 2197, 2198"
    },
    "8": {
      "summary": "27th July, 2007\n\n| Date       | Venue                     |\n|------------|--------------------------|\n| Friday, 27th July, 2007 | Science City Main Auditorium JBS Haldane Avenue Kolkata 700 046 |\n| Monday, 30th July, 2007 |                      |\n\n**Registrar & Share Transfer Agents**\n\nThe in-house Investor Service Centre of the Company (ISC), accredited with ISO 9001:2000 certification for its investor servicing, provides share registration and other related services. The Company is registered with SEBI as Category II Share Transfer Agent.\n\n**Share and Debenture Transfer Committee**\n\nThe Share and Debenture Transfer Committee of the Company generally meets every week for approving share transfers. The processing activities with respect to requests received for share transfers are generally completed within five working days from the date of receipt of request. There were no share transfers pending as on 31st March, 2007. The Committee met fifty-one times during the financial year.\n\nThe Committee comprised the following:\n\nK. Vaidyanath, Executive Director - Chairman  \nB.B. Chatterjee, Company Secretary - Member  \nK.S. Suresh, General Counsel - Member  \n\nA. Bose, Assistant Secretary and Head of ISC, is the Secretary to the Committee and is also the Compliance Officer under Securities and Exchange Board of India (Registrars to an Issue and Share Transfer Agents) Regulations, 1993.\n\n**Shareholder / Investor Complaints**\n\nThe Company attended to Shareholder / Investor complaints and other correspondence generally within a period of five working days except where constrained by disputes or legal impediments. There are some pending cases relating to disputes over title to Shares in which the Company has been made a party. These cases however are not material in nature.\n\nThe Company received 13 share related complaints during the financial year ended 31st March, 2007, which translate to 0.003% of the total number of Shareholders of the Company. The said complaints have bee"
    },
    "9": {
      "summary": "0.00\n\n<table>No. of Shares<td colspan=\"4\">No. of Shareholders<td colspan=\"5\">No. of SharesSlabPhysicalDematTotal%Physical%Demat%Total1 - 500049,4394,31,9524,81,39195.605,23,33,5811.3916,20,62,1924.3121,43,95,7735001 - 100003,5628,36711,9292.372,60,77,2300.706,07,15,8991.618,67,93,12910001 - 200001,4244,2845,7081.131,96,51,5200.526,00,36,5681.607,96,88,08820001 - 300005691,4412,0100.401,39,13,6900.373,53,94,0300.944,93,07,72030001 - 400001795627410.1562,14,7450.171,94,78,6530.512,56,93,39840001 - 500001123754870.1050,12,5500.131,69,58,0390.452,19,70,58950001 - 1000001135636760.1378,83,2050.213,83,20,6881.024,62,03,893100001 and above525636150.121,22,01,72,19532.432,01,79,97,99553.643,23,81,70,190Total55,4504,48,1075,03,557100.001,35,12,58,71635.922,41,09,64,06464.083,76,22,22,780</table>\n\n**Distribution of Shareholding as on 31st March, 2007**\n\n**Shares held in Physical and Dematerialised form as on 31st March, 2007**\n\n**Categories of Shareholders as on 31st March, 2007**\n\n<table>CategoryNo. of Shares held%Banks, Financial Institutions, Insurance Companies and Mutual Funds1,39,40,19,29737.05Foreign Companies1,21,04,38,38032.17Foreign Institutional Investors48,10,82,37412.79Shares underlying Global Depository Receipts5,56,13,5011.48NRIs / OCBs / Foreign Nationals2,47,45,5770.66Public and Others59,63,23,65115.85Total3,76,22,22,780100.00</table>\n\n**Shareholding Pattern as on 31st March, 2007**\n\n**Top Ten Shareholders as on 31st March, 2007**\n\n| Sl. No. | Name of the Shareholder | No. of Shares held |\n|---|---|---|\n| 1.    | Tobacco Manufacturers (India) Limited | 99,27,82,440 |\n| 2.    | Life Insurance Corporation of India* | 47,79,57,681 |\n| 3.    | Unit Trust of India* | 44,86,47,169 |\n| 4.    | Myddlleton Investment Co. Limited | 16,21,03,980 |\n| 5.    | The New India Assurance Company Limited | 9,37,56,835 |\n| 6.    | General Insurance Corporation of India | 7,50,25,522 |\n| 7.    | The Oriental Insurance Company Limited | 7,43,10,780 |\n| 8.    | National Insurance C"
    },
    "10": {
      "summary": "0.0001\n\n**Global Depository Receipts**\n\nPursuant to the offer of Global Depository Receipts (GDRs) made by the Company in 1993, 5,56,13,501 GDRs, representing 5,56,13,501 underlying Shares of the Company i.e. 1.48% of the issued and subscribed Share Capital, were outstanding as on 31st March, 2007.\n\nThe Company’s GDRs are listed on the Luxembourg Stock Exchange (Code: 004660919) at Societe de la Bourse de Luxembourg, 11, av de la Porte-Neuve, L-2227 Luxembourg. The Listing Fee for the calendar year 2007 has been paid.\n\n**Listing of Shares on Stock Exchanges (with Stock Code)**\n\n| Stock Exchange | Stock Code |\n|----------------|-----------|\n| National Stock Exchange of India Ltd. ‘Exchange Plaza’, Bandra-Kurla Complex | ITC |\n| Bandra (E) | Mumbai 400 051 |\n| e-mail : ignse@nse.co.in | e-mail : is@bseindia.com |\n| website : www.nseindia.com | website : www.bseindia.com |\n| The Calcutta Stock Exchange Association Ltd. | 10000018 |\n| 7, Lyons Range | Kolkata 700 001 |\n| e-mail : mop@cse-india.com | e-mail : www.cse-india.com |\n\n| Stock Exchange | Reuters Code | Bloomberg |\n|----------------|-------------|-----------|\n| National Stock Exchange of India Ltd. | ITC.NS | NITCL IN |\n| Bombay Stock Exchange Ltd. | ITC.BO | ITC IN |\n\nThe Listing Fee for the financial year 2007-08 has been paid to the Stock Exchanges.\n\n**Monthly High & Low quotes and Volume of Shares traded on National Stock Exchange (NSE), Bombay Stock Exchange (BSE) and Calcutta Stock Exchange (CSE)**\n\n| Year & Month | NSE | BSE | CSE |\n|---------------|-----|-----|-----|\n|               | High (Rs.) | Low (Rs.) | Volume in 000's (Nos.) | High (Rs.) | Low (Rs.) | Volume in 000's (Nos.) | High (Rs.) | Low (Rs.) | Volume in 000's (Nos.) |\n| 2006 APRIL     | 208.50 | 182.00 | 12,49,86 | 207.90 | 181.00 | 2,96,99 | NA | NA | Nil |\n| MAY           | 212.50 | 145.00 | 17,52,70 | 212.70 | 152.10 | 4,19,09 | 203.00 | 164.40 | 2 |\n| JUNE          | 184.00 | 140.50 | 21,09,86 | 183.90 | 140.40 | 5,82,73 | 182.60 | 161"
    },
    "11": {
      "summary": " Indicates monthly closing positions.\n\n- The ITC Share price was broadly in line with the S & P CNX Nifty during the first half of the year; sentiments however suffered in the latter half of the financial year on account of the impending imposition of VAT on cigarettes.\n\n### ITC Share Price & Volume traded on NSE\n\nNote - Indicates monthly high & low price and monthly volume.\n\n### Dividend History (Last 10 Years)\n\n| Financial Year | Dividend (%) | Total Dividend (Rs. in Lakhs) |\n|---------------|--------------|-----------------------------|\n| 2006-07        | 310*         | 11,66,29*                   |\n| 2005-06        | 265**        | 9,95,12**                   |\n| 2004-05        | 310         | 7,73,25                     |\n| 2003-04        | 200         | 4,95,36                      |\n| 2002-03        | 150         | 3,71,27                      |\n| 2001-02        | 135         | 3,34,14                      |\n| 2000-01        | 100         | 2,45,41                      |\n| 1999-00        | 75          | 1,84,06                      |\n| 1998-99        | 55          | 1,34,98                      |\n| 1997-98        | 45          | 1,10,44                      |\n\n* Subject to approval of Members.\n** On the expanded Share Capital arising out of issue of Bonus Shares in the ratio of 1:2."
    },
    "12": {
      "summary": "0.00\n\n<table><td colspan=\"4\">Financial Calendar<td colspan=\"4\">Financial Year 2007-081First Quarter ResultsJuly 20072Second Quarter and Half-Year ResultsOctober 20073Third Quarter ResultsJanuary 20084Fourth Quarter and Annual ResultsMay 2008</table>\n\n**Particulars of past three AGMs**\n\n<table>AGMFinancial YearVenueDateTimeSpecial Resolutions passed95th2005-06<td rowspan=\"3\">Science City Main Auditorium JBS Haldane Avenue Kolkata 700 04621/07/200610.30 a.m.·Appointment of Auditors.94th2004-0529/07/200510.30 a.m.·Appointment of Auditors.<br>·Stock Option limits for Non-Executive Directors.<br>·Amendment of Articles of Association to reflect increase in the Authorised Share Capital.93rd2003-0430/07/200410.30 a.m.·Appointment of Auditors.<br>·Modification of ITC Employee Stock Option Scheme.</table>\n\n**Postal Ballot**\n\nDuring the year the Members approved, by means of Postal Ballot, offer and issue of Shares up to five percent of the issued and subscribed Share Capital of the Company as on 31st March, 2006 under a new Employee Stock Option Scheme in accordance with the Securities and Exchange Board of India (Employee Stock Option Scheme and Employee Stock Purchase Scheme) Guidelines, 1999 read with Section 81(1A) of the Companies Act, 1956. Salient features of the Postal Ballot, in respect of the above, are provided below:\n\n• The Board of Directors of the Company, at its meeting held on 30th October, 2006, appointed R. L. Auddy, a Senior Solicitor, as the Scrutinizer for conducting the Postal Ballot voting process;\n\n• Notice alongwith Postal Ballot Form was despatched to the Members whose names appeared on the Register of Members on 21st November, 2006; such despatch was completed on 11th December, 2006;\n\n• The last date of receipt of Postal Ballot Forms was 10th January, 2007;\n\n• The Scrutinizer submitted his Report dated 16th January, 2007 to the Chairman of the Company;\n\n• Based on the Scrutinizer's Report, the results of the Postal Ballot were declared on 22nd Janua"
    },
    "13": {
      "summary": "0.00\n\n**Unclaimed Dividend**\n\nUnclaimed dividend for the years prior to and including the financial year 1998-99 has been transferred to the General Revenue Account of the Central Government / the Investor Education and Protection Fund established by the Central Government (IEPF), as applicable.\n\nShareholders who have not encashed their dividend warrants relating to financial year(s) up to and including 1993-94 may claim such dividend (transferred to the General Revenue Account) from the Registrar of Companies, West Bengal, Government of India, Nizam Palace, II MSO Building, 2nd Floor, 234/4 A.J.C. Bose Road, Kolkata 700 020, in the prescribed form. This form can be furnished by the Investor Service Centre of the Company (ISC) on request or can be downloaded from the Company’s corporate website www.itcportal.com under the section ‘Investor Relations’.\n\nThe dividend for the undernoted years, if unclaimed for 7 years, will be transferred by the Company to IEPF in accordance with the schedule given below. Attention is drawn that the unclaimed dividend for the financial year 1999-2000 will be due for transfer to IEPF later this year. Communication has been sent by the Company to the concerned Shareholders advising them to lodge their claims with respect to unclaimed dividend.\n\nOnce unclaimed dividend is transferred to IEPF, no claim shall lie in respect thereof.\n\n**ITC Limited**\n\n| Financial Year | Dividend Identification No. | Date of Declaration of Dividend | Total Dividend (Rs.) | Unclaimed Dividend as on 31/03/2007 | Due for transfer to IEPF on |\n|---|---|---|---|---|---|\n| 1999-00    | 70th    | 28th July, 2000    | 1,84,06,11,780.00   | 1,26,32,087.00    | 0.69    |\n| 2000-01    | 71st    | 3rd August, 2001    | 2,45,41,49,040.00   | 2,06,42,133.00    | 0.84    |\n| 2001-02    | 72nd    | 26th July, 2002    | 3,34,14,27,743.00   | 2,56,63,749.00    | 0.77    |\n| 2002-03    | 73rd    | 25th July, 2003    | 3,71,26,78,290.00   | 2,38,48,718.00    | 0.64    |\n| 2003-0"
    },
    "14": {
      "summary": "0.5cm, 0.5cm\n\nIn the event Shareholders wish to receive dividend in a bank account other than the one specified by them while opening their Depository Account, they may advise the same to their Depository Participants (DPs) furnishing complete details of such bank account including the MICR code.\n\n**Electronic Clearing Service (ECS) Facility**\n\nThe Company, with respect to payment of dividend, provides the facility of ECS to Shareholders at the following cities:\n\nAhmedabad, Bengaluru, Bhopal, Bhubaneshwar, Chandigarh, Chennai, Coimbatore, Delhi, Guwahati, Hyderabad, Indore, Jaipur, Kanpur, Kolkata, Lucknow, Ludhiana, Madurai, Mangalore, Mumbai, Nagpur, Nashik, Panaji, Patna, Pune, Surat, Thiruvananthapuram, Vadodara, Vijayawada and Visakhapatnam.\n\nShareholders holding Shares in the physical form, who wish to avail the ECS facility, may send their ECS mandate in the prescribed form to the Company, in the event they have not done so earlier. The ECS mandate form can be furnished by ISC on request or can be downloaded from the Company’s corporate website www.itcportal.com under the section ‘Investor Relations’.\n\n**Nomination Facility**\n\nShareholders who hold Shares in the physical form and wish to make / change nomination in respect of their shareholding in the Company, as permitted under Section 109A of the Companies Act, 1956, may submit to ISC the prescribed Form 2B. This Form can be furnished by ISC on request or can be downloaded from the Company’s corporate website www.itcportal.com under the section ‘Investor Relations’.\n\n**Depository Services**\n\nShareholders may write to the respective Depository or to ISC for guidance on depository services.\n\n**Address for Correspondence with Depository**\n\nNational Securities Depository Limited  \nTrade World, A Wing, 4th floor  \nKamala Mills Compound  \nSenapati Bapat Marg, Lower Parel  \nMumbai 400 013\n\nTelephone no. : 022-2499 4200  \nFacsimile nos. : 022-2497 2993/2497 6351  \ne-mail : info@nsdl.co.in  \nwebsite : www.nsdl.co.in"
    },
    "15": {
      "summary": "0.5cm\n\nREPORT OF THE DIRECTORS & Management Discussion and Analysis\n\nFor the Financial Year Ended 31st March, 2007\n\nYour Directors submit their Report for the financial year ended 31st March, 2007.\n\nSocio-Economic Environment\n\nAdvance estimates of the Central Statistical Organisation indicate a real GDP growth of 9.2% for 2006/07. The average growth rate over the past four years stands at 8.6%, making it the fastest pace of growth in India’s history. While all three sectors of the economy recorded positive growth during 2006/07, the key driver was the industrial sector, which grew by an estimated 10%. Industrial growth was led by the manufacturing sector, which recorded an impressive increase of 11.3% bolstered by capital goods production, which grew by 17.7% over the previous year. The strong showing of the capital goods sector reflects the continuing momentum of the investment cycle. The Services sector posted a robust growth of 11.2% in line with the strong performance trend of the previous years. Agriculture sector recorded a relatively low growth of 2.7%.\n\nThe value of India’s merchandise exports grew by 20.8% to touch USD 124.6 billion during the year. Exports clocked an impressive 21.6% growth for the first 8 months of the year but lost momentum thereafter due to a slowdown in the US economy and the appreciation of the Indian Rupee. India’s trade deficit widened further to touch USD 56.7 billion, an increase of 40.6% over 2005/06, mainly on account of a sharp increase in the value of oil imports. However, net invisibles surplus on account of buoyant service exports helped ameliorate the impact on the current account. The overall position on external balances remains strong with foreign exchange reserves increasing by USD 47 billion during the year. The strong overall economic performance during the year was however accompanied by rising inflation. Several policy measures were announced in response, aimed at curtailing liquidity and improving supply side condi"
    },
    "16": {
      "summary": "0.2% to Rs. 3927 crores, while Post-tax profit at Rs. 2700 crores registered a growth of 20.8%. Earnings Per Share for the year stands at Rs. 7.19. Cash flows from Operations stood at Rs. 3402 crores during the year.\n\nIn order to strike a balance between the need to sustain strategic investments for a secure future and the annual expectation of shareholders for growing income, your Directors are pleased to recommend a dividend of Rs. 3.10 per share (previous year Rs. 2.65 per share) for the year ended 31st March, 2007. The cash outflow in this regard will be Rs. 1364.50 crores (previous year Rs. 1134.70 crores) including Dividend Tax of Rs. 198.21 crores (previous year Rs. 139.56 crores). Your Board further recommends a transfer to General Reserve of Rs. 1250 crores (previous year Rs. 1150 crores). Consequently, your Board recommends leaving an unappropriated balance in the Profit and Loss Account of Rs. 647.53 crores (previous year Rs. 562.06 crores).\n\nPROFITS, DIVIDENDS AND RETENTION\n\n(Rs. in crores)\n\n| Year | 2007 | 2006 |\n|------|------|------|\n|      | 3926.70 | 3269.19 |\n|      | 1226.73 | 988.82 |\n|      | 2699.97 | 2280.37 |\n|      | —    | (45.02) |\n|      | 2699.97 | 2235.35 |\n|      | 562.06 | 611.41 |\n|      | 3262.03 | 2846.76 |\n|      | 1250.00 | 1150.00 |\n\na) Profit Before Taxation and Exceptional Items\n\nb) Income Tax\n\nc) Profit After Taxation Before Exceptional Items\n\nd) Exceptional Items (net of tax)\n\ne) Profit After Tax\n\nf) Add : Profit brought forward from previous year\n\ng) Surplus available for Appropriation\n\nh) Transfer to General Reserve\n\ni) Proposed dividend for the financial year at the rate of Rs. 3.10 per Ordinary Share of Re. 1/- each (previous year : Rs. 2.65 per Share)\n\nIncome Tax on proposed dividend (2006 - including Rs. 0.02 crore for earlier years)\n\nRetained profit carried forward to the following year\n\nGross Turnover for the year grew by 20.2% to Rs. 19505 crores. Net Turnover at Rs. 12369 crores grew by 26.3% driven by the non-ciga"
    },
    "17": {
      "summary": "0.5\n\n**REPORT OF THE DIRECTORS**\n\n**FOREIGN EXCHANGE EARNINGS**\n\nYour Company continues to view foreign exchange earnings as a key priority. All businesses in the ITC portfolio are mandated to engage with overseas markets with a view to testing international competitiveness and seeking growth opportunities. The ITC Group’s contribution to foreign exchange earnings over the last ten years amounted to nearly USD 2.8 billion, of which agri exports constituted nearly 65%. Earnings from agri exports is an indicator of your Company’s contribution to the rural economy through effectively linking small farmers with international markets.\n\nDuring the financial year 2006/07, your Company, its subsidiaries and the ITC Welcomgroup hotel chain together earned Rs. 2444 crores in foreign exchange. Direct foreign exchange earned by your Company amounted to Rs. 2283 crores. Your Company’s expenditure in foreign currency amounted to Rs. 1219 crores, comprising purchase of raw materials, spares and other expenses at Rs. 737 crores, and import of capital goods at Rs. 482 crores.\n\nDetails of foreign exchange earnings and outgo are provided in Schedule 19 to the Accounts.\n\n**BUSINESS SEGMENTS**\n\n**A. FAST MOVING CONSUMER GOODS**\n\n**FMCG – Cigarettes**\n\nYour Company’s uncompromising commitment to providing superior value to consumers through world-class products helped in sustaining its leadership position in the cigarette industry. The year also saw significant growth in exports, with sales increasing by nearly 60% over the previous year.\n\nIn line with your Company’s mantra of continuous and consistent offering of value added world-class products to the Indian consumer, a unique IT-enabled ‘Six Sigma’ based product development process was implemented during the year. This strategic intervention enabled the launch of several key initiatives across the brand portfolio in terms of pack modernisation, limited edition offerings in different flavours and the introduction of ‘Silk Cut’ in the K"
    },
    "18": {
      "summary": "0.5cm\n\nREPORT OF THE DIRECTORS\n\nwhile the Kolkata unit was awarded the ‘CII SHE Award’ for Occupational Health and Safety by CII Eastern Region, the ‘Environment Excellence Award’ by the Indian Chamber of Commerce and West Bengal Pollution Control Board and the ‘1st National Security Today Award’ for the Best Maintained Fire Safety System.\n\nA major cause for concern, however, remains the severe taxation and regulatory milieu for cigarettes in India. Cigarettes continue to be discriminated against cheaper and revenue inefficient tobacco products like bidis and chewing tobacco. Excise duty rates on cigarettes were increased for the second successive year. However, while duty rates on cigarettes went up in excess of 6% in the Union Budget 2007, the same were left unchanged in respect of most of the other tobacco products. Moreover, with effect from 1st April, 2007, cigarettes have been brought under the ambit of Value Added Tax (VAT) by the States at a rate of 12.5% on invoice price, without a reduction/set off in excise duties collected in lieu of State level sales tax. Such a move is against the opinion of Expert Committees on taxation which have, for more than a decade, repeatedly and consistently recommended the exclusion of cigarettes from ad-valorem duties in favour of a single-point specific excise duty structure.\n\nSince taxes already constitute around 130% of the net realisation value of cigarettes, the combined impact of the 6% increase in excise duty and the imposition of 12.5% ad-valorem VAT is equivalent to a 33% increase in excise tax incidence on cigarettes – the highest ever increase that the industry has faced. Bidis, on the other hand, have been exempted from VAT by most States. An ad-valorem levy such as VAT on a highly taxed product like cigarettes can have grievous consequences on the livelihood of more than a million farmers and farm-workers. It is pertinent to note that studies conducted by the Central Tobacco Research Institute (CTRI) have establ"
    },
    "19": {
      "summary": "2000/01, when, for the first time in India’s history a tobacco crop-holiday was declared, is still fresh in public memory. Thereafter, relative stability in taxation has helped the farmers regain some of the lost ground. Farmer realisations improved significantly last year alongwith considerable growth in exports of tobacco and tobacco products. As noted in the Report on Tobacco Control in India, Ministry of Health and Family Welfare, 2004 - “Tobacco occupies a prime place in the Indian economy on account of its considerable contribution to the agricultural, industrial and export sectors”. Unfortunately, harsh fiscal legislation, over time, coupled with a discriminatory regulatory framework has led to the unintended consequence of sub-optimisation of the economic potential of this important crop.\n\nWhile your Company continues to comply with the statutes in letter and in spirit, it is also engaged in dialogue with governmental agencies and policy-makers on an ongoing basis for formulation of equitable and inclusive tobacco control and taxation policies that address the interests and concerns of all stakeholders in an even-handed and sustainable manner.\n\nAs mentioned in last year’s Report, the Honourable Supreme Court declared the various State luxury tax levies on cigarettes and other goods as unconstitutional. The Court further directed that if any party, after obtaining a stay order from the Court, had collected any amount towards luxury tax from its customers/consumers, such amounts should be paid to the respective State governments. Since your Company had not charged or collected any amounts towards luxury tax during the relevant period, there is no liability on the Company in this regard. However, the State of Andhra Pradesh has filed a contempt petition in the Supreme Court claiming a sum of about Rs. 323.25 crores towards luxury tax, and a further sum of about Rs. 261.97 crores towards interest, on the allegation that your Company had charged and collected lux"
    },
    "20": {
      "summary": "2005/06 to touch Rs. 1704 crores during the year. The table below illustrates the rapid growth of these businesses over the last few years:\n\n| Rs crs | FMCG ‘Others’ | Sales (Rs Crs) | PBIT/Sales % (RHS) |\n|-------|-----------------|---------------|------------------|\n| 1800   | (112)           |               |                  |\n| 1500   | (35)            |               |                  |\n| 1200   | (304)           |               | (17)             |\n| 900    | (109)           |               | 563              |\n| 600    | (57)            |               | (40)             |\n| 300    | (20)            |               | (12)             |\n\nSegment Results reflect the gestation costs of these businesses largely comprising costs associated with brand building, product development and infrastructure creation. Highlights of progress in each category are set out below.\n\n**Branded Packaged Foods**\n\nThe Branded Packaged Foods business continued to expand rapidly with sales recording an impressive growth of 51% over the previous year. The range of offerings now comprises more than 150 distinct food products under six brands. Your Company’s unwavering commitment to internationally benchmarked quality standards enabled it to further enhance the market standing of all its brands. In terms of consumer spend, ‘Aashirvaad’ and ‘Sunfeast’ have both become more than five hundred crore rupees brand within a short span of time.\n\nThe year marked your Company’s foray into the fast growing Rs. 1900 crores organised Salty Snacks market with the launch of the Bingo! range of potato chips and finger snacks. The launch, initially comprising 16 highly innovative and differentiated flavours, is backed by extensive market research leading to crafting of products/variants customised for the Indian palate. Your Company is confident of redefining this category on the strength of its insightful understanding of consumers, a robust product development strategy bolstered by the"
    }
  }
}
