{
  "doc_id": "f8d3a162ab9507e021d83dd109118b60.pdf",
  "pages": {
    "1": {
      "summary": "0\n\n**BUSINESS MANAGEMENT AND ENTREPRENEURSHIP**\n\n**Title:** **BUSINESS MANAGEMENT AND ENTREPRENEURSHIP**\n\n**Transcript abbreviations:**\n\n**Business M&E 10 (Tex Acosta will create Aeries account)**\n\n**Length of course:** Full Year Lecture Hours: Normal: 54 Range: 48 - 54 Outside of Class Hours: Normal: 108 Range: 96 - 108\n\n**Subject area:** College-Preparatory Elective (\"g\") / Interdisciplinary\n\n**UC honors designation?** NO\n\n**Articulated?**\n\n- **YES WITH BUSINESS 10**\n\n**Yes with Chaffey College in Partnership with CSUSB**\n\n**Chaffey College will offer 3 units of articulated credit for this class.**\n\n**CSUSB has guaranteed direct transferrable credit for course.**\n\n**Both Department Chairs and Deans of Chaffey College (Dr. Vanessa Thomas and CSUSB (Dr. Tony Coulson) have agreed to oversee articulation each year in partnership with SBCUSD.**\n\n**Prerequisites:**\n\nStudent should be in Logistics & Business Management Pathway\n\n**Co-requisites:**\n\nN/A\n\n**Integrated (Academics / CTE)?** No; but course is taught by CTE Teacher\n\n**Grade levels:** 11th, 12th\n\n**Course learning environment:** Classroom Based\n\n**Course Overview (Chaffey Catalogue Description)**\n\nA survey in business providing a multidisciplinary examination of how culture, society, economic systems, legal, international, political, financial institutions, and human behavior interact to affect a business organization’s policy and practices within the U.S. and a global society. Demonstrates how these influences impact the primary areas of business including: organizational structure and design; leadership, human resource management, organized labor practices; marketing; organizational communication; technology; entrepreneurship; legal, accounting, financial practices; the stock and securities market; and therefore affect a business’ ability to achieve its organizational goals.\n\n**This course is the 3rd year of the Logistics and Business Management Pathway that is connected w/ CSUSB Department Business and Public"
    },
    "2": {
      "summary": "0\n\n- 0\n\n- 0\n\n- 0\n\n- 0\n\n- 0\n\n- 0\n\n- 0\n\n- 0\n\n- 0\n\n- 0\n\n- 0\n\n- 0\n\n- 0\n\n- 0\n\n- 0\n\n- 0\n\n- 0\n\n- 0\n\n- 0\n\n- 0\n\n- 0\n\n- 0\n\n- 0\n\n- 0\n\n- 0\n\n- 0\n\n- 0\n\n- 0\n\n- 0\n\n- 0\n\n- 0\n\n- 0\n\n- 0\n\n- 0\n\n- 0\n\n- 0\n\n- 0\n\n- 0\n\n- 0\n\n- 0\n\n- 0\n\n- 0\n\n- 0\n\n- 0\n\n- 0\n\n- 0\n\n- 0\n\n- 0\n\n- 0\n\n- 0\n\n- 0\n\n- 0\n\n- 0\n\n- 0\n\n- 0\n\n- 0\n\n- 0\n\n- 0\n\n- 0\n\n- 0\n\n- 0\n\n- 0\n\n- 0\n\n- 0\n\n- 0\n\n- 0\n\n- 0\n\n- 0\n\n- 0\n\n- 0\n\n- 0\n\n- 0\n\n- 0\n\n- 0\n\n- 0\n\n- 0\n\n- 0\n\n- 0\n\n- 0\n\n- 0\n\n- 0\n\n- 0\n\n- 0\n\n- 0\n\n- 0\n\n- 0\n\n- 0\n\n- 0\n\n- 0\n\n- 0\n\n- 0\n\n- 0\n\n- 0\n\n- 0\n\n- 0\n\n- 0\n\n- 0\n\n- 0\n\n- 0\n\n- 0\n\n- 0\n\n- 0\n\n- 0\n\n- 0\n\n- 0\n\n- 0\n\n- 0\n\n- 0\n\n- 0\n\n- 0\n\n- 0\n\n- 0\n\n- 0\n\n- 0\n\n- 0\n\n- 0\n\n- 0\n\n- 0\n\n- 0\n\n- 0\n\n- 0\n\n- 0\n\n- 0\n\n- 0\n\n- 0\n\n- 0\n\n- 0\n\n- 0\n\n- 0\n\n- 0\n\n- 0\n\n- 0\n\n- 0\n\n- 0\n\n- 0\n\n- 0\n\n- 0\n\n- 0\n\n- 0\n\n- 0\n\n- 0\n\n- 0\n\n- 0\n\n- 0\n\n- 0\n\n- 0\n\n- 0\n\n- 0\n\n- 0\n\n- 0\n\n- 0\n\n- 0\n\n- 0\n\n- 0\n\n- 0\n\n- 0\n\n- 0\n\n- 0\n\n- 0\n\n- 0\n\n- 0\n\n- 0\n\n- 0\n\n- 0\n\n- 0\n\n- 0\n\n- 0\n\n- 0\n\n- 0\n\n- 0\n\n- 0\n\n- 0\n\n- 0\n\n- 0\n\n- 0\n\n- 0\n\n- 0\n\n- 0\n\n- 0\n\n- 0\n\n- 0\n\n- 0\n\n- 0\n\n- 0\n\n- 0\n\n- 0\n\n- 0\n\n- 0\n\n- 0\n\n- 0\n\n- 0\n\n- 0\n\n- 0\n\n- 0\n\n- 0\n\n- 0\n\n- 0\n\n- 0\n\n- 0\n\n- 0\n\n- 0\n\n- 0\n\n- 0\n\n- 0\n\n- 0\n\n- 0\n\n- 0\n\n- 0\n\n- 0\n\n- 0\n\n- 0\n\n- 0\n\n- 0\n\n- 0\n\n- 0\n\n- 0\n\n- 0\n\n- 0\n\n- 0\n\n- 0\n\n- 0\n\n- 0\n\n- 0\n\n- 0\n\n- 0\n\n- 0\n\n- 0\n\n- 0\n\n- 0\n\n- 0\n\n- 0\n\n- 0\n\n- 0\n\n- 0\n\n- 0\n\n- 0\n\n- 0\n\n- 0\n\n- 0\n\n- 0\n\n- 0\n\n- 0\n\n- 0\n\n- 0\n\n- 0\n\n- 0\n\n- 0\n\n- 0\n\n- 0\n\n- 0\n\n- 0\n\n- 0\n\n- 0\n\n- 0\n\n- 0\n\n- 0\n\n- 0\n\n- 0\n\n- 0\n\n- 0\n\n- 0\n\n- 0\n\n- 0\n\n- 0\n\n- 0\n\n- 0\n\n- 0\n\n- 0\n\n- 0\n\n- 0\n\n- 0\n\n- 0\n\n- 0\n\n- 0\n\n- 0\n\n- 0\n\n- 0\n\n- 0\n\n- 0\n\n- 0\n\n- 0\n\n- 0\n\n- 0\n\n- 0\n\n- 0\n\n- 0\n\n- 0\n\n- 0\n\n- 0\n\n- 0\n\n- 0\n\n- 0\n\n- 0\n\n- 0\n\n- 0\n\n- 0\n\n- 0\n\n- 0\n\n- 0\n\n- 0\n\n- 0\n\n- 0\n\n- 0\n\n- 0\n\n- 0\n\n- 0\n\n- 0\n\n- 0\n\n- 0\n\n- 0\n\n- 0\n\n- 0\n\n- 0\n\n- 0\n\n- 0\n\n- 0\n\n- 0\n\n- 0\n\n- 0\n\n- 0\n\n- 0\n\n- 0\n\n- 0\n\n- 0\n\n- 0\n\n- 0\n\n- 0\n\n- 0\n\n- 0\n\n- 0\n\n- 0\n\n- 0\n\n- 0\n\n- 0\n\n- 0\n\n- 0\n\n- 0\n\n- 0\n\n- 0\n\n- 0\n\n- 0\n\n- 0\n\n- 0\n\n- 0\n\n- 0\n\n- 0\n\n- 0\n\n- 0\n\n- 0\n\n- 0\n\n- 0\n\n- 0\n\n- 0\n\n- 0\n\n- 0\n\n- 0\n\n- 0\n\n- 0\n\n- 0\n\n- 0\n\n- 0\n\n- 0\n\n- 0\n\n- 0\n\n- 0\n\n- 0\n\n- 0\n\n- 0\n\n- 0\n\n- 0\n\n- 0\n\n- 0\n\n- 0\n\n- 0\n\n- 0\n\n- 0\n\n- 0\n\n- 0\n\n- 0\n\n- 0\n\n- 0\n\n- 0\n\n- 0\n\n- 0\n\n- 0\n\n- 0\n\n- 0\n\n- 0\n\n- 0\n\n- 0\n\n- 0\n\n- 0\n\n- 0\n\n- 0\n\n- 0\n\n- 0\n\n- 0\n\n- 0\n\n- 0\n\n- "
    },
    "3": {
      "summary": "0\n\n-  How do businesses and not-for-profit organizations help create our standard of living?\n-  What are the sectors of the business environment, and how do changes in them influence business decisions?\n-  What are the primary features of the world's economic systems, and how are the three sectors of the U.S. economy linked?\n-  How do economic growth, full employment, price stability, and inflation indicate a nation's economic health?\n-  How does the government use monetary policy and fiscal policy to achieve its macroeconomic goals?\n-  What are the basic microeconomic concepts of demand and supply, and how do they establish prices?\n-  What are the four types of market structure? Which trends are reshaping the business, microeconomic, and macroeconomic environments and competitive arena?\n\nUnit 1 Key Assignments:\n\n-  Predicting Your Success: TED TALK, GRIT: The Power of Passion and Perseverance; submit a written response on to Google Classroom.\n-  Unit 1 & 2 Team Activity Form five to seven teams. Each team is responsible for one of the sectors of the external business environment discussed in the chapter (economic, political/legal, demographic, social, competitive, global, and technological). Your boss, the company president, has asked each team to report on the changes in that area of the external environment and how they will affect the firm over the next five years. The firm is the Boeing Company. Each team should use the library, the internet, and other data sources to make its projections. Each team member should examine at least one data source. The team should then pool the data and prepare its response. A spokesperson for each team should present the findings to the class. (Interpersonal, Resources, Information)\n\nUNIT 2: Making Ethical Decisions and Managing a Socially Responsible Business\n\nSWBAT TO ANSWER THESE LEARNING OUTCOMES:\n\n-  What philosophies and concepts shape personal ethical standards?\n-  How can organizations encourage ethical business behavior"
    },
    "4": {
      "summary": "4 Team Activity Divide the class into teams. Each team should choose a country and research its infrastructure to determine how it will help or hinder trade. Include a variety of countries, ranging from the most highly developed to the least developed. Report your findings.\n- (Resources, Interpersonal, Information, Technology)\n- Critical Thinking Case Study--We Want Our MTV (International):\n  - Critical Thinking Questions:\n    - Question 1. Do you think that MTV’s future lies mostly in its international operations? Explain your reasoning.\n    - Question 2. What types of political, economic, and competitive challenges does MTV Networks International face by operating worldwide?\n    - Question 3. How has MTV Networks International overcome cultural differences to create a world brand? (Written Submission in Google Classroom and/or TurnItIn.com & Present)\n\nUNIT 4: Forms of Business Ownership\n\nSWBAT TO ANSWER THESE LEARNING OUTCOMES:\n\n- What are the advantages and disadvantages of the sole proprietorship form of business organization?\n- What are the advantages of operating as a partnership, and what downside risks should partners consider?\n- How does the corporate structure provide advantages and disadvantages to a company, and what are the major types of corporations?\n- What other options for business organization does a company have in addition to sole proprietorships, partnerships, and corporations?\n- What makes franchising an appropriate form of organization for some types of business, and why does it continue to grow in importance?\n- Why are mergers and acquisitions important to a company’s overall growth?\n- What current trends will affect the business organizations of the future?\n\nUnit 4 Key Assignments:\n\n- Quiz #2: Twenty Core Concepts on Unit 3 & 4\n- Continued Unit 3 & 4 Team Activity Divide the class into teams. Each team should choose a country and research its infrastructure to determine how it will help or hinder trade. Include a variety of countries, rangin"
    },
    "5": {
      "summary": "0\n\n: 0\n\n: 0\n\n: 0\n\n: 0\n\n: 0\n\n: 0\n\n: 0\n\n: 0\n\n: 0\n\n: 0\n\n: 0\n\n: 0\n\n: 0\n\n: 0\n\n: 0\n\n: 0\n\n: 0\n\n: 0\n\n: 0\n\n: 0\n\n: 0\n\n: 0\n\n: 0\n\n: 0\n\n: 0\n\n: 0\n\n: 0\n\n: 0\n\n: 0\n\n: 0\n\n: 0\n\n: 0\n\n: 0\n\n: 0\n\n: 0\n\n: 0\n\n: 0\n\n: 0\n\n: 0\n\n: 0\n\n: 0\n\n: 0\n\n: 0\n\n: 0\n\n: 0\n\n: 0\n\n: 0\n\n: 0\n\n: 0\n\n: 0\n\n: 0\n\n: 0\n\n: 0\n\n: 0\n\n: 0\n\n: 0\n\n: 0\n\n: 0\n\n: 0\n\n: 0\n\n: 0\n\n: 0\n\n: 0\n\n: 0\n\n: 0\n\n: 0\n\n: 0\n\n: 0\n\n: 0\n\n: 0\n\n: 0\n\n: 0\n\n: 0\n\n: 0\n\n: 0\n\n: 0\n\n: 0\n\n: 0\n\n: 0\n\n: 0\n\n: 0\n\n: 0\n\n: 0\n\n: 0\n\n: 0\n\n: 0\n\n: 0\n\n: 0\n\n: 0\n\n: 0\n\n: 0\n\n: 0\n\n: 0\n\n: 0\n\n: 0\n\n: 0\n\n: 0\n\n: 0\n\n: 0\n\n: 0\n\n: 0\n\n: 0\n\n: 0\n\n: 0\n\n: 0\n\n: 0\n\n: 0\n\n: 0\n\n: 0\n\n: 0\n\n: 0\n\n: 0\n\n: 0\n\n: 0\n\n: 0\n\n: 0\n\n: 0\n\n: 0\n\n: 0\n\n: 0\n\n: 0\n\n: 0\n\n: 0\n\n: 0\n\n: 0\n\n: 0\n\n: 0\n\n: 0\n\n: 0\n\n: 0\n\n: 0\n\n: 0\n\n: 0\n\n: 0\n\n: 0\n\n: 0\n\n: 0\n\n: 0\n\n: 0\n\n: 0\n\n: 0\n\n: 0\n\n: 0\n\n: 0\n\n: 0\n\n: 0\n\n: 0\n\n: 0\n\n: 0\n\n: 0\n\n: 0\n\n: 0\n\n: 0\n\n: 0\n\n: 0\n\n: 0\n\n: 0\n\n: 0\n\n: 0\n\n: 0\n\n: 0\n\n: 0\n\n: 0\n\n: 0\n\n: 0\n\n: 0\n\n: 0\n\n: 0\n\n: 0\n\n: 0\n\n: 0\n\n: 0\n\n: 0\n\n: 0\n\n: 0\n\n: 0\n\n: 0\n\n: 0\n\n: 0\n\n: 0\n\n: 0\n\n: 0\n\n: 0\n\n: 0\n\n: 0\n\n: 0\n\n: 0\n\n: 0\n\n: 0\n\n: 0\n\n: 0\n\n: 0\n\n: 0\n\n: 0\n\n: 0\n\n: 0\n\n: 0\n\n: 0\n\n: 0\n\n: 0\n\n: 0\n\n: 0\n\n: 0\n\n: 0\n\n: 0\n\n: 0\n\n: 0\n\n: 0\n\n: 0\n\n: 0\n\n: 0\n\n: 0\n\n: 0\n\n: 0\n\n: 0\n\n: 0\n\n: 0\n\n: 0\n\n: 0\n\n: 0\n\n: 0\n\n: 0\n\n: 0\n\n: 0\n\n: 0\n\n: 0\n\n: 0\n\n: 0\n\n: 0\n\n: 0\n\n: 0\n\n: 0\n\n: 0\n\n: 0\n\n: 0\n\n: 0\n\n: 0\n\n: 0\n\n: 0\n\n: 0\n\n: 0\n\n: 0\n\n: 0\n\n: 0\n\n: 0\n\n: 0\n\n: 0\n\n: 0\n\n: 0\n\n: 0\n\n: 0\n\n: 0\n\n: 0\n\n: 0\n\n: 0\n\n: 0\n\n: 0\n\n: 0\n\n: 0\n\n: 0\n\n: 0\n\n: 0\n\n: 0\n\n: 0\n\n: 0\n\n: 0\n\n: 0\n\n: 0\n\n: 0\n\n: 0\n\n: 0\n\n: 0\n\n: 0\n\n: 0\n\n: 0\n\n: 0\n\n: 0\n\n: 0\n\n: 0\n\n: 0\n\n: 0\n\n: 0\n\n: 0\n\n: 0\n\n: 0\n\n: 0\n\n: 0\n\n: 0\n\n: 0\n\n: 0\n\n: 0\n\n: 0\n\n: 0\n\n: 0\n\n: 0\n\n: 0\n\n: 0\n\n: 0\n\n: 0\n\n: 0\n\n: 0\n\n: 0\n\n: 0\n\n: 0\n\n: 0\n\n: 0\n\n: 0\n\n: 0\n\n: 0\n\n: 0\n\n: 0\n\n: 0\n\n: 0\n\n: 0\n\n: 0\n\n: 0\n\n: 0\n\n: 0\n\n: 0\n\n: 0\n\n: 0\n\n: 0\n\n: 0\n\n: 0\n\n: 0\n\n: 0\n\n: 0\n\n: 0\n\n: 0\n\n: 0\n\n: 0\n\n: 0\n\n: 0\n\n: 0\n\n: 0\n\n: 0\n\n: 0\n\n: 0\n\n: 0\n\n: 0\n\n: 0\n\n: 0\n\n: 0\n\n: 0\n\n: 0\n\n: 0\n\n: 0\n\n: 0\n\n: 0\n\n: 0\n\n: 0\n\n: 0\n\n: 0\n\n: 0\n\n: 0\n\n: 0\n\n: 0\n\n: 0\n\n: 0\n\n: 0\n\n: 0\n\n: 0\n\n: 0\n\n: 0\n\n: 0\n\n: 0\n\n: 0\n\n: 0\n\n: 0\n\n: 0\n\n: 0\n\n: 0\n\n: 0\n\n: 0\n\n: 0\n\n: 0\n\n: 0\n\n: 0\n\n: 0\n\n: 0\n\n: 0\n\n: 0\n\n: 0\n\n: 0\n\n: 0\n\n: 0\n\n: 0\n\n: 0\n\n: 0\n\n: 0\n\n: 0\n\n: 0\n\n: 0\n\n: 0\n\n: 0\n\n: 0\n\n: 0\n\n: 0\n\n: 0\n\n: "
    },
    "6": {
      "summary": "6 Key Assignments:\n\n- Quiz #3- Comprehension of Twenty Core Concepts from Unit 5 & 6\n\n- Preparing for Tomorrow’s Workplace Skills: Self Reflection (1 paragraph per question submitted into Google Classroom)\n\n  - Question 1: Would you be a good manager? Do a self-assessment that includes your current technical, human relations, and conceptual skills. What skills do you already possess, and which do you need to add? Where do your strengths lie? Based on this exercise, develop a description of an effective manager. (Resources, Information)\n  - Question 2: Successful managers map out what they want to do with their time (planning), determine the activities and tasks they need to accomplish in that time frame (organizing), and make sure they stay on track (controlling). How well do you manage your time? Do you think ahead, or do you tend to procrastinate? Examine how you use your time, and identify at least three areas where you can improve your time management skills. (Resources)\n  - Question 3: Often researchers cast leadership in an inspirational role in a company and management in more of an administrative role. That tendency seems to put leadership and management in a hierarchy. Do you think one is more important than the other? Do you think a company can succeed if it has bad managers and good leaders? What about if it has good managers and bad leaders? Are managers and leaders actually the same? (Systems)\n  - Question 4: Today’s managers must be comfortable using all kinds of technology. Do an inventory of your computer skills, and identify any gaps. After listing your areas of weakness, make a plan to increase your computer competency by enrolling in a computer class on or off campus. You may want to practice using common business applications such as Microsoft Excel by building a spreadsheet to track your budget, Microsoft PowerPoint by creating slides for your next class project, and Microsoft Outlook by uploading your semester schedule. (Information, Technology"
    },
    "7": {
      "summary": "0\n\n-  What types of training and development do organizations offer their employees?\n-  How are performance appraisals used to evaluate employee performance?\n-  What are the types of compensation and methods for paying workers?\n-  What is a labor union and how is it organized, what is collective bargaining, and what are some of the key negotiation issues?\n-  How are grievances between management and labor resolved, and what tactics are used to force a contract settlement?\n-  What are the key laws and federal agencies affecting human resource management and labor relations?\n-  What trends and issues are affecting human resource management and labor relations?\n\nUnit 8 Key Assignments:\n- Quiz #4-Comprehension of Twenty Core Concepts from Unit 7 & 8\n- Critical Thinking Case Study-Discrimination in the Workplace Continues—submit on Google Docs\n  - Critical Thinking Questions: Using the knowledge you gained from Unit 8 to answer Qs below:\n    - 1. Why is workplace diversity so important in today's business environment?\n    - 2. What are the major sources of workplace discrimination? Cite specific examples from the case.\n    - 3. What steps are companies taking to ensure that employees are not discriminated against?\n\nSemester Final Assessments:\n- Part 1: Ethics Self-Assessment\n  - Students will complete an ethics self-assessment to help clarify their ethics and will use the self-assessment to develop their business code of ethics. They will examine ways to incorporate social responsibility into their business. They will create a Code of Ethics for their business and will add it to the appendix of their business plan for Semester 2.\n- Part 2: Comprehensive Final on Key Concepts from Unit 1-8\n  - Students will be in 8 teams of 4 assigned to 1 Unit each.\n  - They will choose the key concepts from each unit to teach and add to the final. (A form of Reciprocal Teaching)\n\nSEMESTER 2: QUARTER 3\n\nUNIT 9: Motivating Employees\n\nSWBAT TO ANSWER THESE LEARNING OUTCOMES:\n- What are the"
    },
    "8": {
      "summary": "0\n\n**Unit 10: Achieving World-Class Operations Outcomes:**\n\n- Why is production and operations management important in both manufacturing and service firms?\n- What types of production processes do manufacturers and service firms use?\n- How do organizations decide where to put their production facilities?\n- What choices must be made in designing the facility?\n- Why are resource-planning tasks such as inventory management and supplier relations critical to production?\n- How do operations managers schedule and control production? How can quality-management and lean-manufacturing techniques help firms improve production and operations management?\n- What roles do technology and automation play in manufacturing and service-industry operations management?\n- What key trends are affecting the way companies manage production and operations?\n\n**Unit 10 Key Assignments:**\n\n- **Quiz #5:** *Comprehension of Twenty Core Concepts from Unit 9 & 10*\n- **Preparing for Tomorrow's Workplace Skills**\n  - Use the Google search engine, http://www.google.com, to conduct a search for “supplier information,” and visit the websites of several firms (for example, Walmart, Northrop Grumman, Verizon, etc.).\n  - Compare the requirements companies set for their suppliers. How do they differ? How are they similar?\n  - Create a comparison chart with sources cited.\n- **Preparing for Tomorrow's Workplace Skills**\n  - Pick a small business in your community.\n  - Make a list of the resources critical to the firm’s production and operations.\n  - Be sure to, either, interview owners digitally or in person.\n  - What would happen if the business suddenly couldn’t acquire any of these resources? Divide the class into small groups and discuss strategies that small businesses can use to manage their supply chain. (Resources, Information, Interpersonal)\n  - Present Solutions\n\n**UNIT 11: Creating Products and Pricing Strategies to Meet Customers' Needs**\n\n**SWBAT TO ANSWER THESE LEARNING OUTCOMES:**\n\n- What is th"
    },
    "9": {
      "summary": "0\n\n- 0\n\n- 0\n\n- 0\n\n- 0\n\n- 0\n\n- 0\n\n- 0\n\n- 0\n\n- 0\n\n- 0\n\n- 0\n\n- 0\n\n- 0\n\n- 0\n\n- 0\n\n- 0\n\n- 0\n\n- 0\n\n- 0\n\n- 0\n\n- 0\n\n- 0\n\n- 0\n\n- 0\n\n- 0\n\n- 0\n\n- 0\n\n- 0\n\n- 0\n\n- 0\n\n- 0\n\n- 0\n\n- 0\n\n- 0\n\n- 0\n\n- 0\n\n- 0\n\n- 0\n\n- 0\n\n- 0\n\n- 0\n\n- 0\n\n- 0\n\n- 0\n\n- 0\n\n- 0\n\n- 0\n\n- 0\n\n- 0\n\n- 0\n\n- 0\n\n- 0\n\n- 0\n\n- 0\n\n- 0\n\n- 0\n\n- 0\n\n- 0\n\n- 0\n\n- 0\n\n- 0\n\n- 0\n\n- 0\n\n- 0\n\n- 0\n\n- 0\n\n- 0\n\n- 0\n\n- 0\n\n- 0\n\n- 0\n\n- 0\n\n- 0\n\n- 0\n\n- 0\n\n- 0\n\n- 0\n\n- 0\n\n- 0\n\n- 0\n\n- 0\n\n- 0\n\n- 0\n\n- 0\n\n- 0\n\n- 0\n\n- 0\n\n- 0\n\n- 0\n\n- 0\n\n- 0\n\n- 0\n\n- 0\n\n- 0\n\n- 0\n\n- 0\n\n- 0\n\n- 0\n\n- 0\n\n- 0\n\n- 0\n\n- 0\n\n- 0\n\n- 0\n\n- 0\n\n- 0\n\n- 0\n\n- 0\n\n- 0\n\n- 0\n\n- 0\n\n- 0\n\n- 0\n\n- 0\n\n- 0\n\n- 0\n\n- 0\n\n- 0\n\n- 0\n\n- 0\n\n- 0\n\n- 0\n\n- 0\n\n- 0\n\n- 0\n\n- 0\n\n- 0\n\n- 0\n\n- 0\n\n- 0\n\n- 0\n\n- 0\n\n- 0\n\n- 0\n\n- 0\n\n- 0\n\n- 0\n\n- 0\n\n- 0\n\n- 0\n\n- 0\n\n- 0\n\n- 0\n\n- 0\n\n- 0\n\n- 0\n\n- 0\n\n- 0\n\n- 0\n\n- 0\n\n- 0\n\n- 0\n\n- 0\n\n- 0\n\n- 0\n\n- 0\n\n- 0\n\n- 0\n\n- 0\n\n- 0\n\n- 0\n\n- 0\n\n- 0\n\n- 0\n\n- 0\n\n- 0\n\n- 0\n\n- 0\n\n- 0\n\n- 0\n\n- 0\n\n- 0\n\n- 0\n\n- 0\n\n- 0\n\n- 0\n\n- 0\n\n- 0\n\n- 0\n\n- 0\n\n- 0\n\n- 0\n\n- 0\n\n- 0\n\n- 0\n\n- 0\n\n- 0\n\n- 0\n\n- 0\n\n- 0\n\n- 0\n\n- 0\n\n- 0\n\n- 0\n\n- 0\n\n- 0\n\n- 0\n\n- 0\n\n- 0\n\n- 0\n\n- 0\n\n- 0\n\n- 0\n\n- 0\n\n- 0\n\n- 0\n\n- 0\n\n- 0\n\n- 0\n\n- 0\n\n- 0\n\n- 0\n\n- 0\n\n- 0\n\n- 0\n\n- 0\n\n- 0\n\n- 0\n\n- 0\n\n- 0\n\n- 0\n\n- 0\n\n- 0\n\n- 0\n\n- 0\n\n- 0\n\n- 0\n\n- 0\n\n- 0\n\n- 0\n\n- 0\n\n- 0\n\n- 0\n\n- 0\n\n- 0\n\n- 0\n\n- 0\n\n- 0\n\n- 0\n\n- 0\n\n- 0\n\n- 0\n\n- 0\n\n- 0\n\n- 0\n\n- 0\n\n- 0\n\n- 0\n\n- 0\n\n- 0\n\n- 0\n\n- 0\n\n- 0\n\n- 0\n\n- 0\n\n- 0\n\n- 0\n\n- 0\n\n- 0\n\n- 0\n\n- 0\n\n- 0\n\n- 0\n\n- 0\n\n- 0\n\n- 0\n\n- 0\n\n- 0\n\n- 0\n\n- 0\n\n- 0\n\n- 0\n\n- 0\n\n- 0\n\n- 0\n\n- 0\n\n- 0\n\n- 0\n\n- 0\n\n- 0\n\n- 0\n\n- 0\n\n- 0\n\n- 0\n\n- 0\n\n- 0\n\n- 0\n\n- 0\n\n- 0\n\n- 0\n\n- 0\n\n- 0\n\n- 0\n\n- 0\n\n- 0\n\n- 0\n\n- 0\n\n- 0\n\n- 0\n\n- 0\n\n- 0\n\n- 0\n\n- 0\n\n- 0\n\n- 0\n\n- 0\n\n- 0\n\n- 0\n\n- 0\n\n- 0\n\n- 0\n\n- 0\n\n- 0\n\n- 0\n\n- 0\n\n- 0\n\n- 0\n\n- 0\n\n- 0\n\n- 0\n\n- 0\n\n- 0\n\n- 0\n\n- 0\n\n- 0\n\n- 0\n\n- 0\n\n- 0\n\n- 0\n\n- 0\n\n- 0\n\n- 0\n\n- 0\n\n- 0\n\n- 0\n\n- 0\n\n- 0\n\n- 0\n\n- 0\n\n- 0\n\n- 0\n\n- 0\n\n- 0\n\n- 0\n\n- 0\n\n- 0\n\n- 0\n\n- 0\n\n- 0\n\n- 0\n\n- 0\n\n- 0\n\n- 0\n\n- 0\n\n- 0\n\n- 0\n\n- 0\n\n- 0\n\n- 0\n\n- 0\n\n- 0\n\n- 0\n\n- 0\n\n- 0\n\n- 0\n\n- 0\n\n- 0\n\n- 0\n\n- 0\n\n- 0\n\n- 0\n\n- 0\n\n- 0\n\n- 0\n\n- 0\n\n- 0\n\n- 0\n\n- 0\n\n- 0\n\n- 0\n\n- 0\n\n- 0\n\n- 0\n\n- 0\n\n- 0\n\n- 0\n\n- 0\n\n- 0\n\n- 0\n\n- 0\n\n- 0\n\n- 0\n\n- 0\n\n- 0\n\n- 0\n\n- 0\n\n- 0\n\n- 0\n\n- 0\n\n- "
    },
    "10": {
      "summary": " Have them research the current status of ASPs using publications such as CIO and Computerworld and websites such as Enterprise Apps Today, http://www.enterpriseappstoday.com. (Interpersonal, Information)  \n- Present Findings using Prezi  \n\n- **Working the Net**  \n  - Learn more about the CERT Coordination Center (CERT/CC), which serves as a center of internet security expertise.  \n  - Explore its website, [https://www.cert.org/index.cfm](https://www.cert.org/index.cfm).  \n  - What are the latest statistics on incidents reported, vulnerabilities, security alerts, security notes, mail messages, and hotline calls?  \n  - What other useful information does the site provide to help a company protect IT assets?  \n  - Submit findings to Class Blog  \n\n- **Working the Net**  \n  - How can someone steal your identity?  \n  - Using information at the Federal Trade Commission’s central website for information about identity theft, https://www.consumer.ftc.gov/features/feature-0014-identity-theft, compile a list of the ways thieves can access key information to use your identity.  \n  - What steps should you take if you’ve been a victim of identity theft? Summarize key provisions of federal laws dealing with this crime and the laws in your state.  \n  - Submit findings to Class Blog  \n\n---\n\n### UNIT 14: Using Financial Information and Accounting  \n\n#### SWBAT TO ANSWER THESE LEARNING OUTCOMES:  \n- Why are financial reports and accounting information important, and who uses them?  \n- What are the differences between public and private accountants, and how has federal legislation affected their work?  \n- What are the six steps in the accounting cycle?  \n- In what terms does the balance sheet describe the financial condition of an organization?  \n- How does the income statement report a firm’s profitability?  \n- Why is the statement of cash flows an important source of information?  \n- How can ratio analysis be used to identify a firm’s financial strengths and weaknesses?  \n- What majo"
    },
    "11": {
      "summary": " What is money, what are its characteristics and functions, and what are the three parts of the U.S. money supply?\n:  How does the Federal Reserve manage the money supply?\n:  What are the key financial institutions, and what role do they play in the process of financial intermediation?\n:  How does the Federal Deposit Insurance Corporation (FDIC) protect depositors' funds?\n:  What roles do U.S. banks play in the international marketplace?\n:  What trends are reshaping financial institutions?\n\n\n\nUnit 15 Key Assignments:\n\n- **Unit 15 & Unit 16 Key Assignment**:\n  - **Build Key Portfolio Stock Project**: your Investment Firm has just received $100,000 to invest in 5 stocks.\n\nTo begin this project, you will need to research 5 companies that meet the criteria below.\n\nSelect the following stocks for your portfolio:\n\n- one stock for your portfolio from the Dow Jones Industrial Average stock list (http://money.cnn.com/data/dow30/ (Links to an external site.)),\n- three stocks from the New York Stock Exchange (www.nysc.com (Links to an external site.) and/or the NASDAQ (www.nasdaq.com (Links to an external site.)),\n- one of the latest initial public offerings (IPO). IPO selections may be no older than April 2019. You can find an IPO via the NYSE, NASDAQ websites or IPOSCOOP.com (Links to an external site.). (No foreign traded IPO’s, US only.)\n\nWrite ER Kackery/Cajon/SBCUSD\n\n---\n\n### Analysis\n\nMonitor your stocks daily (Monday through Friday). Note the daily closing price of each stock. Graphically display the trends of each stock on a line graph. Discuss the elements of the business environment that may have an impact on the value of your stocks. Discuss the influences that the internal and external environment has on your companies during the observation period. Consider management decisions and/or changes, economic influences, consumer trends, domestic and global competition, political effects, etc. Take note of the dates that these events occurred and corresponding fluctuati"
    },
    "12": {
      "summary": "0\n\n**UNIT 16: Understanding Financial Management and Securities Market**\n\n**SWBAT TO ANSWER THESE LEARNING OUTCOMES:**\n\n- How do finance and the financial manager affect a firm’s overall strategy?\n- What types of short-term and long-term expenditures does a firm make?\n- What are the main sources and costs of unsecured and secured short-term financing?\n- What are the key differences between debt and equity, and what are the major types and features of long-term debt?\n- When and how do firms issue equity, and what are the costs?\n- How do securities markets help firms raise funding, and what securities trade in the capital markets?\n- Where can investors buy and sell securities, and how are securities markets regulated?\n- What are the current developments in financial management and the securities markets?\n\n**Unit 16 Key Assignments:** Build Key Portfolio Stock Project: your Investment Firm has just received $100,000 to invest in 5 stocks"
    },
    "13": {
      "summary": "000,000 every month. If there is enough money left over to buy another share of stock from one of your companies, you may do so. Remember to add dividends to your total if one of your stocks issues them.\n\nEx: How to buy $20,000 of GE Stock:\n\n1. Go to https://finance.yahoo.com/ (Links to an external site.) and type GE in search bar then select General Electric.\n\n2. Make sure that the market is closed for the day (4pm eastern time) and write down the stock price at closing. For example, GE's price at closing is $8.71.\n\n3. Then divide your $20k by $8.71 to find out how many shares you can buy. (20,000/8.71=2,296.21)\n\n4. As you can see, there is 21 cents left. Now, multiply your share price by the shares without the decimal point. (that's $19,998.16 so the group has some left over money (in this case $1.84)). When stock prices are in the hundreds of dollars, you may have a lot more money to invest. What you can do now is to add the leftover amount for all five companies and buy extra shares on any of your five companies.\n\nWrite Report & 5 Minute Video Presentation\n\n□ Introduction\n\nYou are acting as an investment firm who received $100,000 from a client to invest in five stocks.\n\nWrite a brief description of the companies you have selected (one paragraph or two per company). Briefly explain the reasoning behind your company selections. Create a chart listing of the companies you have selected, the price per share of each stock, and total amount invested.\n\n□ Analysis\n\nMonitor your stocks daily (Monday through Friday). Note the daily closing price of each stock. Graphically display the trends of each stock on a line graph. Discuss the elements of the business environment that may have an impact on the value of your stocks. Discuss the influences that the internal and external environment has on your companies during the observation period. Consider management decisions and/or changes, economic influences, consumer trends, domestic and global competition, political effects,"
    },
    "14": {
      "summary": "2 Student Companies\n\n- Students will create their start-up cost list. They will be using economic principles\n- around supply & demand to regulate needs for the company to begin with.\n- Within the start-up cost list, companies will need to identify all of their resources and itemize the list in terms of real world costs. This will take a significant amount of research to uncover everything that is needed at the beginning of the company that is being created.\n- Students will examine aspects of responsible business practices, including environmental practices, ethical behavior in the workplace, and employer obligation for creating a safe workplace including the agencies that define safety standards, as well as discuss the many aspects of business privacy and the roles of human resources.\n- Students will use use critical thinking and problem solving within the lab and project as well as substantial writing, reading, and listening (videos and unit pod-cast).\n- In the first video, students are introduced to modern businesses and corporations which are often built on greed and corruption rather than ethical practices.\n- The second video highlights the importance in creating ethical businesses. After viewing each film, students complete questions which target comprehension and understanding of concepts.\n- Students watch both videos and answer questions for each which seek to challenge critical thinking and analysis of key factors relating to proper ethical practices in business.\n- Students will be learning and identifying not only the aspects of ethical business practices, but challenged to consider their own views and perspectives concerning ethical behavior. This assignment requires judgement and reflection in order to consider all the possible aspects which influence the “right” way to create and run a business.\n\nOther Key Assignments/Assessments:\n\n*Students will be part of a work-based learning internship with Logistics Partner Amazon and any other Logistics partnered c"
    },
    "15": {
      "summary": "5. Speaking and Listening 11/12.2: Integrate multiple sources of information presented in diverse formats and media (e.g., visually, quantitatively, orally) in order to make informed decisions and solve problems, evaluating the credibility and accuracy of each source and noting any discrepancies among the data.\n\n6. Reading for Informational Text 11/12.3: Analyze a complex set of ideas or sequence of events and explain how specific individuals, ideas, or events interact and develop over the course of the text.\n\n7. Reading for Informational Text 11/12.4: Determine the meaning of words and phrases as they are used in a text, including figurative, connotative, and technical meanings, analyze how an author uses and refines the meaning of a key term or terms over the course of a text.\n\n8. Reading for Informational Text 11/12.7: Integrate and evaluate multiple sources of information presented in different media or formats (e.g., visually, quantitatively) as well as in words in order to address a question or solve a problem.\n\nSUMMARY OF ALL KEY ASSIGNMENTS\n\nQUARTER 1:\n\nUNIT 1 Predicting Your Success: TED TALK, GRIT: The Power of Passion and Perseverance; submit a written response on to Google Classroom.\n\nUnit 1 & 2 Team Activity Form five to seven teams. Each team is responsible for one of the sectors of the external business environment discussed in the chapter (economic, political/legal, demographic, social, competitive, global, and technological). (Interpersonal, Resources, Information)\n\nQuiz #1: Twenty core concepts from Unit 1 & 2\n\nCritical Thinking Case Study--UBER Hits a Bumpy Road.:\n\nUnit 3 & 4 Team Activity Divide the class into teams. Each team should choose a country and research its infrastructure to determine how it will help or hinder trade. Include a variety of countries, ranging from the most highly developed to the least developed. Report your findings. -(Resources, Interpersonal, Information, Technology)\n\nCritical Thinking Case Study--We Want Our MTV (Inte"
    },
    "16": {
      "summary": "0 Research them\n\nQUARTER 3:\n\nPreparing for Tomorrow's Workplace Skills-INTERVIEW\n\n- Are you motivated more by intrinsic rewards (satisfaction, sense of accomplishment, etc.) or by extrinsic rewards (money, bonuses, etc.)? Explain.\n- Interview some friends and classmates to find out what motivates them. Discuss your differences in perspective. (Interpersonal, Information) (Submit to Google Classroom through the provided Graphic Organizer.\n\nTeam Activity\n\n- Assemble a team of three to five students. Imagine that you are the management team for a start-up business with limited resources but a need for a highly motivated, skilled workforce.\n\nQuiz #5: Comprehension of Twenty Core Concepts from Unit 9 & 10\n\nPreparing for Tomorrow's Workplace Skills\nUse the Google search engine, http://www.google.com, to conduct a search for “supplier information,” and visit the websites of several firms (for example, Walmart, Northrop Grumman, Verizon, etc.). Compare the requirements companies set for their suppliers. How do they differ? How are they similar?\n\nPreparing for Tomorrow's Workplace Skills\nPick a small business in your community.\n\nPreparing for Tomorrow's Workplace Skills\nPick a specific product that you use frequently, such as a cosmetic or toiletry item, snack food, article of clothing, book, computer program, or video game.\n\nUsing the Net -Considering a career in marketing?\n\nQuiz #6- Comprehension of Twenty Core Concepts from Unit 11 & 12-Think of a product that you use regularly.\n\nWorking the Net-Visit Industry Week’s website at http://www.industryweek.com. Under Archives, do a search using the search term “supply-chain management.”\n\nQUARTER 4:\nPreparing for Tomorrow's Workplace Skills\nTeam Activity : Should companies outsource IT? Some executives believe that IT is too important to outsource and that application service providers don't have a future. Yet spending for ASP subscriptions, MSPs, and other forms of IT outsourcing such as cloud computing continue to grow.\n\nWork"
    },
    "17": {
      "summary": "0\n\nA. Analytical projects\n\nB. Application of knowledge/skill\n\nC. Class presentations\n\nD. Completion of homework assignments\n\nE. Demonstrated ability\n\nF. Essay exams\n\nG. Group projects\n\nH. Objective exams and quizzes - multiple choice\n\nI. Objective exams and quizzes - problem solving\n\nJ. Objective exams and quizzes - short answer\n\nK. Objective exams and quizzes\n\nL. Oral reports\n\nM. Participation in classroom discussion\n\nN. Digital\n\nO. Research projects\n\nP. Written reports\n\n| Course Materials |\n\n\n**METHODS OF EVALUATION:**\n\n\n**Course Materials**\n\n| MAINTEXT/DIGITAL Introduction to Business from OpenStax, ISBN-10: 1-947172-55-7 Authors: Lawrence J. Gitman, San Diego State University - Emeritus Carl McDaniel, University of Texas, Arlington Amit Shah, Frostburg State University Monique Reece Linda Koffel, Houston Community College Bethann Talsma, Davenport University and Grand Rapids Community College James C. Hyatt, University of The Cumberland | Publish Date: Sep 19, 2018 Web Version Last Updated: Jan 21, 2020 | Print: ISBN-10: 1-947172-54-9 ISBN-13: 978-1-947172-54-8 Digital: ISBN-10: 1-947172-55-7 ISBN-13: 978-1-947172-55-5 |\n|---|---|---|\n| OPTIONAL SECONDARY MATERIALS: Course Reader 2: Logistics, a 21st Century Industry; Leo Medina Consulting, 2020. Author:Leo Medina|n/a|n/a|"
    }
  }
}
