{
  "doc_id": "fdac8d1e9ef56519371df7e6532df27d.pdf",
  "pages": {
    "1": {
      "summary": "4\n\n: 5\n\n: 11\n\n: 24\n\n: 31\n\n: 43\n\n: 76\n\n: 84\n\n: 97\n\n: 101\n\n: 109\n\n: 111\n\n: 115\n\n: 126\n\n: 130\n\n: 131\n\n: 133\n\n: 134\n\n: 138\n\n: 145"
    },
    "2": {
      "summary": "2016-17\n\n| MISSION | 2013-14 | 2014-15 | 2015-16 | 2016-17 |\n|---------|----------|-----------|-----------|-----------|\n| EARTH   | R1SAT-1  | SARA1     | IRS5-1A    | IRS5-1B    |\n| OBSERVATION | SATELLITES | COMMUNICATION & NAVIGATION | GSA-T1-19E | GSA-T1-19E |\n| SPACE LAUNCH & SERVICE | GSA-T1-10 | GSA-T1-9 | GSA-T1-18 | GSA-T1-17 |\n| PLATFORM & EXPLORATION | C2N | C2N | C2N | C2N |\n| SATELLITES | C29 | C29 | C29 | C29 |\n| TECHNOLOGIES | C28 | C28 | C28 | C28 |\n| DEVELOPMENT | C27 | C27 | C27 | C27 |\n| LAUNCH VEHICLES | C26 | C26 | C26 | C26 |\n| PSLV | C25 | C25 | C25 | C25 |\n\n\n\n\n**MISSIONS**\n\n**2012-13**\n\n**2013-14**\n\n**2014-15**\n\n**2015-16**\n\n**2016-17**\n\n**SPACE MISSIONS**\n\n**EARTH**\n\n**OBSERVATION**\n\n**SATELLITES**\n\n**COMMUNICATION & NAVIGATION**\n\n**SPACELAB & SATELLITES**\n\n**PROPULSION & LAUNCH SERVICES**\n\n**PLANETARY EXPLORATION**\n\n**SPACE SCIENCE & PLATFORM EXPLORATIONS**\n\n**EXPLORATION & SATELLITES**\n\n**TECHNOLOGIES**\n\n**DEVELOPMENT**\n\n**LAUNCH VEHICLES**\n\n**PSLV**\n\n\n**RV-17D**\n\n**ASTROSAT**\n\n**CARE**\n\n**Mars**\n\n**Observer**\n\n**C29**\n\n**C28**\n\n**C27**\n\n**C26**\n\n**C25**\n\n**C24**\n\n**C23**\n\n**C22**\n\n**C21**\n\n**C20**\n\n**C19**\n\n**GSLV-III D1**\n\n**GSLV-III D9**\n\n**GSLV-III D8**\n\n**GSLV-III D7**\n\n**GSLV-III D6**\n\n**GSLV-III D5**\n\n**GSLV-III D4**\n\n**GSLV-III D3**\n\n**GSLV-III D2**\n\n**GSLV-III D1**\n\n**GSLV-III D0**\n\n**GSLV-III D-1**\n\n**GSLV-III D-2**\n\n**GSLV-III D-3**\n\n**GSLV-III D-4**\n\n**GSLV-III D-5**\n\n**GSLV-III D-6**\n\n**GSLV-III D-7**\n\n**GSLV-III D-8**\n\n**GSLV-III D-9**\n\n**GSLV-III D-10**\n\n**GSLV-III D-11**\n\n**GSLV-III D-12**\n\n**GSLV-III D-13**\n\n**GSLV-III D-14**\n\n**GSLV-III D-15**\n\n**GSLV-III D-16**\n\n**GSLV-III D-17**\n\n**GSLV-III D-18**\n\n**GSLV-III D-19**\n\n**GSLV-III D-20**\n\n**GSLV-III D-21**\n\n**GSLV-III D-22**\n\n**GSLV-III D-23**\n\n**GSLV-III D-24**\n\n**GSLV-III D-25**\n\n**GSLV-III D-26**\n\n**GSLV-III D-27**\n\n**GSLV-III D-28**\n\n**GSLV-III D-29**\n\n**GSLV-III D-30**\n\n**GSLV-III D-31**\n\n**GSLV-III D-32**\n\n**GSLV-III D-33**\n\n**GSLV-III D-34**\n\n**GSLV-III D-35**\n\n**GS"
    },
    "3": {
      "summary": "2015 witnessed many significant achievements of the Indian Space programme which caught the attention of the country as well as the outside world. With the successful completion of the intended six month period by Mars Orbiter Spacecraft in its orbit around Planet Mars, India became the first country to achieve total success in its maiden attempt to explore Mars. Besides, the second consecutively successful launch of GSLV-MkII carrying the indigeneous Cryogenic Upper Stage (CUS) underscored ISRO’s capability in cryogenic rocket propulsion. The year also saw the launch of India’s multi wavelength Space Observatory ASTROSAT and its successful operationalisation.\n\nAdditionally, launch of IRNSS-1D and IRNSS-1E - the fourth and fifth satellites of the Indian Regional Navigation Satellite System (IRNSS) - by PSLV-C27 and PSLV-C31 respectively into the required sub-Geosynchronous Transfer Orbits (sub-GTO), also occurred during the year 2015-16. The year also witnessed the launch of India’s latest communication satellite GSAT-15 carrying communication transponders and GAGAN payload. And, the launch by the workhorse PSLV of 17 foreign satellites, 11 of them in two dedicated commercial PSLV missions, is yet another highlight of the Indian space programme during the reporting period.\n\nThe significant events of the Indian space programme during 2015-16 in chronological order are:\n\n• On March 24, 2015, India’s Mars Orbiter Spacecraft, which had earlier successfully entered into the scheduled orbit around planet Mars, completed the intended six month period in Mars orbit. As of February 2016 end, the spacecraft had completed seventeen months of operation in Mars orbit.\n\n• IRNSS-1D, the fourth of the seven satellites constituting the IRNSS Constellation, was successfully launched by PSLV-C27 into a sub GTO on March 28, 2015. It was the 29th launch of PSLV as well as its 28th consecutively successful mission. IRNSS constellation will enable introduction of satellite based position,"
    },
    "4": {
      "summary": "2015-2016\n\nGSAT-15, India's latest communication satellite carrying communication transponders as well as GPS Aided Geo Augmented Navigation (GAGAN) payload was launched into GTO by the European Ariane-5 from Kourou, French Guiana on November 11, 2015.\n\nPSLV-C29, the thirty second flight of PSLV carrying six customer satellites from abroad including the 400 kg TeLEOS-1 of Singapore, successfully placed them in an orbit of 550 km height on December 16, 2015. This was the thirty first consecutive success of PSLV.\n\nIRNSS-1E, fifth of the seven satellites constituting IRNSS Constellation, was successfully launched on-board PSLV-C31 on January 20, 2016 into a sub Geosynchronous Transfer Orbit (sub GTO).\n\nBy February 2016 end, ISRO had a constellation of several commercial Communication satellites, exclusive Meteorological satellites, Earth Observation satellites, Navigation Satellites, a multi wavelength astronomical observatory and a spacecraft orbiting planet Mars.\n\nLaunch Vehicle Programme\n\nDuring the year under review, ISRO's workhorse Launch Vehicle PSLV, in its 'XL' version, placed two Navigation Satellites IRNSS-1D and 1E in the required sub Geosynchronous Transfer Orbits in two separate flights - PSLV-C27 and PSLV-C31. Besides, the 'XL' version of PSLV launched five satellites from United Kingdom successfully into a 647 km Sun Synchronous Orbit in its 30th flight (PSLV-C28). PSLV-XL also launched India's first multi-wavelength space observatory ASTROSAT along with six customer satellites from abroad, in its thirty first flight (PSLV-30). In its 'Core Alone' version, PSLV placed six satellites from Singapore including the 400 kg Satellite TeLeos-1 into a 550 km Orbit, further proving its reliability and versatility.\n\nAnother prominent development in the Indian launch vehicle programme was the second consecutively successful flight (GSLV-D6) of GSLV-MkII on August 27, 2015, which was equipped with indigenous cryogenic upper stage. This flight further highlighted IS"
    },
    "5": {
      "summary": "1D and 1E, the fourth and fifth satellites of the IRNSS Constellation, were successfully launched on board PSLV-C27 and PSLV-C31 on March 28, 2015 and January 20, 2016 respectively. IRNSS satellites employ the standard I-1K structure with a power handling capability of around 1660 W and a lift-off mass of about 1425 Kg. Like their three predecessors, IRNSS-1D and IE carry a navigation payload as well as a C-band ranging payload. The satellites also carry Corner Cube Retro Reflectors for laser ranging. In Orbit Tests (IOT) of Navigation Payload, Ranging Payload and TT&C transponder of IRNSS-1D and 1E have been successfully completed during the year and the satellites have been cleared for Navigation activities.\n\nThe 2117 kg GSAT-6, an advanced communication satellite providing services through five spot beams in S-band and a national beam in C-band, was successfully launched by GSLV-D6 on August 27, 2015 into GTO. Later, the satellite was placed in its geostationary orbital slot with the help of its own propulsion system.\n\nGSAT-15, India’s latest communication satellite carrying Ku-band communication transponders, launched on-board European Ariane-5 VA227 on November 11, 2015, was later successfully taken to its geostationary orbital slot by firing its Liquid Apogee Motor in steps from MCF, Hassan.\n\nThe new satellites being built for meeting the country’s future requirements include IRNSS-1F, and 1G which are planned to be launched on-board PSLV, and GSAT-9 and GSAT-6A communication satellites to be launched by GSLV-MkII, GSAT-19 by GSLV-MkIII (LVM3), GSAT-17, GSAT-18 and GSAT-11 communication satellites planned to be launched through procured launch.\n\nIn the domain of earth observation satellites, it is planned to design, develop and build Cartosat-2E and Cartosat-3 in the Cartosat series of satellites, Resourcesat-2A in the Resourcesat series, Oceansat-3 and Scatsat-1 in the Oceansat series, INSAT-3DR and GISAT-1 in the INSAT series for meteorological applications "
    },
    "6": {
      "summary": "2015-2016\n\nspacecraft systems. The spacecraft successfully completed six months in its elliptical orbit around Mars on March 24, 2015, there by fulfilling all its primary objectives. All systems onboard the spacecraft are functioning normally in its orbit around Mars and it has already sent a number pictures of Mars disc showing many details. By February 2016 end, the spacecraft had successfully completed 17 months in its orbit around Mars.\n\nAnother prominent highlight of the year was yet another space science mission – ASTROSAT – which was successfully launched on September 28, 2015 by India’s workhorse launch vehicle PSLV. ASTROSAT is India’s first multi wavelength observatory capable of simultaneously viewing the Universe in the visible, Ultra violet and X-ray regions of the electromagnetic spectrum. After its launch into the planned orbit, ASTROSAT became operational following extensive in orbit test of its five payloads.\n\nThe future space science missions of ISRO include Chandrayaan-2, a follow-on mission to Chandrayaan-1 with an Orbiter, Lander and Rover to explore the moon, is to be launched onboard GSLV and Aditya-1, a scientific mission for solar studies carrying five scientific payloads including a Coronagraph. ADITYA is planned to be placed in a halo orbit around the L1 Lagrangian point.\n\nSpace Applications and Disaster Management Support\n\nRemote Sensing applications projects at National, State and Local levels are being carried out through well-established multi-pronged implementation architecture of National Natural Resources Management System (NNRMS) in the country. During the year, Indian Remote Sensing Satellite constellation helped in Agricultural Crops Inventory, Agricultural Drought, Forest Fire, Landslides and Earthquakes monitoring, Groundwater Prospects Mapping, Inventory; Monitoring of Glacial Lakes/Water Bodies, Sericulture Development and Satellite Aided Search and Rescue.\n\nThe hallmark of Indian space programme has been the application-orie"
    },
    "7": {
      "summary": "2015-2016\n\nGOVERNMENT OF INDIA, DEPARTMENT OF SPACE\n\nSeveral depressions caused heavy rainfall during the year. All depressions and cyclones originated in the Indian ocean region were monitored and the track, intensity and landfall were predicted. Related information was regularly updated on the MOSDAC website.\n\nDuring 2015, satellite data support (28 scenes) was provided for 10 emergency requests from Vietnam, Pakistan, Indonesia, Bangladesh, Japan, Myanmar, Nepal and Taiwan for floods, oil spill, landslides and Typhoon disasters.\n\nSpace Commerce\n\nAntrix Corporation, the commercial arm of the Department of Space, has been marketing the Indian space products and services in the global market. Under commercial contract with Antrix, 57 international customer satellites have been successfully launched by PSLV since 1999. During 2015, PSLV successfully launched 17 satellites from abroad. Many proposals from international Customers for the launch of their satellites onboard PSLV are under discussion and active consideration.\n\nIndian Space Industry\n\nInvolvement of Indian space industry continued during the year. In the past, it has made significant contribution towards the realisation of subsystems required for Indian space programme. Department of Space has associated more than 500 small, medium and large scale industries while implementing various programmes. So far, the Department of Space has transferred about 300 technologies to Indian industries for commercialisation and undertaken technical consultancies in various fields.\n\nInternational Cooperation\n\nInternational cooperation is an integral part of Indian space activities, and ISRO continues to lay importance on bilateral and multilateral relations with space agencies and space related bodies with the aim of taking up new scientific and technological challenges, defining international frameworks for exploitation and utilisation of outer space for peaceful purposes, refining space policies and building and strengthe"
    },
    "8": {
      "summary": "2015-2016\n\nभारत सरकार, अन्तरिक्ष विभाग\n\nIndian Institute of Space Science and Technology\n\nTowards capacity building in human resources and to meet the growing demands of the Indian Space Programme, the Indian Institute of Space Science and Technology (IIST), a deemed University, was established at Thiruvananthapuram in 2007. Towards the fulfillment of its primary objective of providing quality manpower to ISRO, 99 students of 2011 batch of B. Tech graduates were placed as Scientists/ Engineers at various centres of ISRO in 2015.\n\nPublic Awareness on Space Programme\n\nDuring the year, ISRO organised media visits to SDSC SHAR, Sriharikota, ISRO Satellite Centre (ISAC) and Mission Operations Complex (MOX), ISTRAC Bengaluru for the live coverage of PSLV and GSLV launches, ‘GNSS User Meet 2015’ and Mars Orbiter Mission coverage respectively. Besides, ISRO also organised many exhibitions at national and international conferences, important public congregations like cultural festivals, trade fairs and events and also at academic institutions. Exhibitions and other outreach events were also organised in association with Non-Governmental Organisations in various places for keeping the public abreast of the Indian space programme. A mobile Tableau on Mars orbiter mission was conspicuously presented during the 'International Fleet Review-2016 (IFR-16)' at Vishakhapatnam on February 07, 2016. ‘SAKAAR’, an Augmented Reality application for Android devices that helps the users, especially students, to better visualise ISRO launch vehicle, satellite and applications programmes, was launched in 2015.\n\nRight to Information – Ensuring Transparency\n\nStrict compliance with the requirements of Right To Information (RTI) Act 2005 is practiced in the department. Department of Space has implemented RTI Act 2005 by identifying the Central Public Information Officers, Assistant Public Information Officers and the Appellate Authority for stage one appeals. As required under the Act, Department"
    },
    "9": {
      "summary": "0\n\n**Organisation**\n\nSpace activities in the country were initiated with the setting up of the Indian National Committee for Space Research (INCOSPAR) in 1962. In the same year, work on Thumba Equatorial Rocket Launching Station (TERLS) near Thiruvananthapuram was also started. Indian Space Research Organisation (ISRO) was established in August 1969. The Government of India constituted the Space Commission and established the Department of Space (DOS) in June 1972 and brought ISRO under DOS in September 1972.\n\nSpace Commission formulates the policies and oversees the implementation of the Indian space programme to promote the development and application of space science and technology for the socio-economic benefit of the country. DOS implements these programmes through, mainly, ISRO, Physical Research Laboratory (PRL), National Atmospheric Research Laboratory (NARL), North Eastern-Space Applications Centre (NE-SAC) and Semi-Conductor Laboratory (SCL). Antrix Corporation, established in 1992 as a government owned company, markets the space products and services.\n\nThe establishment of space systems and their applications are coordinated by the national level committees, namely, INSAT Coordination Committee (ICC), Planning Committee on National Natural Resources Management System (PC-NNRMS) and Advisory Committee for Space Sciences (ADCOS).\n\nDOS Secretariat and ISRO Headquarters are located at Antariksh Bhavan in Bengaluru. Programme offices at ISRO Headquarters coordinate the programmes like satellite communication and navigation, earth observation, launch vehicle, space science, disaster management support, sponsored research scheme, international cooperation, system reliability and quality, safety, publications and public relations, budget and economic analysis and human resources development. The major establishments of DOS and their area of activities are given in the following paragraphs:\n\n**Vikram Sarabhai Space Centre (VSSC)**\n\nVikram Sarabhai Space Centre (VS"
    },
    "10": {
      "summary": "2015-2016\n\nभारत सरकार, अन्तरिक्ष विभाग\n\n\n\n\nVSSC has extension Centres at Valiamala housing major facilities of mechanisms, vehicle integration and testing and at Vattiyoorkavu for the development of composites. The Ammonium Perchlorate Experimental Plant (APEP) has been set up by VSSC at Aluva near Kochi.\n\nThe major programmes at VSSC include Polar Satellite Launch Vehicle (PSLV), Geosynchronous Satellite Launch Vehicle (GSLV) and Rohini Sounding Rockets as well as the development of Geo-Synchronous Satellite Launch Vehicle (GSLV-Mk III), reusable launch vehicles, advanced technology vehicles, air-breathing propulsion and critical technologies towards human spaceflight.\n\nISRO Satellite Centre (ISAC)\n\nISRO Satellite Centre (ISAC), Bengaluru, is the lead centre of ISRO for design, development, fabrication and testing of all Indian made satellites. As a sequel to its mandate of spacecraft realisation, the Centre is engaged in the development of cutting-edge technologies of relevance to its satellite building activities and setting up of infrastructure for design, development, fabrication and testing of spacecraft. Over the past four and a half decades, ISAC has developed intellectual capital in a wide spectrum of knowledge domains of spacecraft technology.\n\nISRO Satellite Integration and Test Establishment (ISITE) is equipped with the state-of-the-art clean room facilities for spacecraft integration and test facilities including a 6.5 Metre thermo vacuum chamber, 29 Ton vibration facility, Compact Antenna Test Facility and Acoustic Test Facility under one roof. Assembly, Integration and Testing of all Communication and Navigation Spacecraft is carried out at ISITE. A dedicated facility for the productionisation of standardised subsystems is also established at ISITE.\n\nSince its inception in 1972, the centre has built more than 75 satellites varying from scientific/experimental satellites to the state-of-art operational satellites in the areas of Communication, Navigati"
    },
    "11": {
      "summary": "0\n\n:\n\n:\n\n:\n\n:\n\n:\n\n:\n\n:\n\n:\n\n:\n\n:\n\n:\n\n:\n\n:\n\n:\n\n:\n\n:\n\n:\n\n:\n\n:\n\n:\n\n:\n\n:\n\n:\n\n:\n\n:\n\n:\n\n:\n\n:\n\n:\n\n:\n\n:\n\n:\n\n:\n\n:\n\n:\n\n:\n\n:\n\n:\n\n:\n\n:\n\n:\n\n:\n\n:\n\n:\n\n:\n\n:\n\n:\n\n:\n\n:\n\n:\n\n:\n\n:\n\n:\n\n:\n\n:\n\n:\n\n:\n\n:\n\n:\n\n:\n\n:\n\n:\n\n:\n\n:\n\n:\n\n:\n\n:\n\n:\n\n:\n\n:\n\n:\n\n:\n\n:\n\n:\n\n:\n\n:\n\n:\n\n:\n\n:\n\n:\n\n:\n\n:\n\n:\n\n:\n\n:\n\n:\n\n:\n\n:\n\n:\n\n:\n\n:\n\n:\n\n:\n\n:\n\n:\n\n:\n\n:\n\n:\n\n:\n\n:\n\n:\n\n:\n\n:\n\n:\n\n:\n\n:\n\n:\n\n:\n\n:\n\n:\n\n:\n\n:\n\n:\n\n:\n\n:\n\n:\n\n:\n\n:\n\n:\n\n:\n\n:\n\n:\n\n:\n\n:\n\n:\n\n:\n\n:\n\n:\n\n:\n\n:\n\n:\n\n:\n\n:\n\n:\n\n:\n\n:\n\n:\n\n:\n\n:\n\n:\n\n:\n\n:\n\n:\n\n:\n\n:\n\n:\n\n:\n\n:\n\n:\n\n:\n\n:\n\n:\n\n:\n\n:\n\n:\n\n:\n\n:\n\n:\n\n:\n\n:\n\n:\n\n:\n\n:\n\n:\n\n:\n\n:\n\n:\n\n:\n\n:\n\n:\n\n:\n\n:\n\n:\n\n:\n\n:\n\n:\n\n:\n\n:\n\n:\n\n:\n\n:\n\n:\n\n:\n\n:\n\n:\n\n:\n\n:\n\n:\n\n:\n\n:\n\n:\n\n:\n\n:\n\n:\n\n:\n\n:\n\n:\n\n:\n\n:\n\n:\n\n:\n\n:\n\n:\n\n:\n\n:\n\n:\n\n:\n\n:\n\n:\n\n:\n\n:\n\n:\n\n:\n\n:\n\n:\n\n:\n\n:\n\n:\n\n:\n\n:\n\n:\n\n:\n\n:\n\n:\n\n:\n\n:\n\n:\n\n:\n\n:\n\n:\n\n:\n\n:\n\n:\n\n:\n\n:\n\n:\n\n:\n\n:\n\n:\n\n:\n\n:\n\n:\n\n:\n\n:\n\n:\n\n:\n\n:\n\n:\n\n:\n\n:\n\n:\n\n:\n\n:\n\n:\n\n:\n\n:\n\n:\n\n:\n\n:\n\n:\n\n:\n\n:\n\n:\n\n:\n\n:\n\n:\n\n:\n\n:\n\n:\n\n:\n\n:\n\n:\n\n:\n\n:\n\n:\n\n:\n\n:\n\n:\n\n:\n\n:\n\n:\n\n:\n\n:\n\n:\n\n:\n\n:\n\n:\n\n:\n\n:\n\n:\n\n:\n\n:\n\n:\n\n:\n\n:\n\n:\n\n:\n\n:\n\n:\n\n:\n\n:\n\n:\n\n:\n\n:\n\n:\n\n:\n\n:\n\n:\n\n:\n\n:\n\n:\n\n:\n\n:\n\n:\n\n:\n\n:\n\n:\n\n:\n\n:\n\n:\n\n:\n\n:\n\n:\n\n:\n\n:\n\n:\n\n:\n\n:\n\n:\n\n:\n\n:\n\n:\n\n:\n\n:\n\n:\n\n:\n\n:\n\n:\n\n:\n\n:\n\n:\n\n:\n\n:\n\n:\n\n:\n\n:\n\n:\n\n:\n\n:\n\n:\n\n:\n\n:\n\n:\n\n:\n\n:\n\n:\n\n:\n\n:\n\n:\n\n:\n\n:\n\n:\n\n:\n\n:\n\n:\n\n:\n\n:\n\n:\n\n:\n\n:\n\n:\n\n:\n\n:\n\n:\n\n:\n\n:\n\n:\n\n:\n\n:\n\n:\n\n:\n\n:\n\n:\n\n:\n\n:\n\n:\n\n:\n\n:\n\n:\n\n:\n\n:\n\n:\n\n:\n\n:\n\n:\n\n:\n\n:\n\n:\n\n:\n\n:\n\n:\n\n:\n\n:\n\n:\n\n:\n\n:\n\n:\n\n:\n\n:\n\n:\n\n:\n\n:\n\n:\n\n:\n\n:\n\n:\n\n:\n\n:\n\n:\n\n:\n\n:\n\n:\n\n:\n\n:\n\n:\n\n:\n\n:\n\n:\n\n:\n\n:\n\n:\n\n:\n\n:\n\n:\n\n:\n\n:\n\n:\n\n:\n\n:\n\n:\n\n:\n\n:\n\n:\n\n:\n\n:\n\n:\n\n:\n\n:\n\n:\n\n:\n\n:\n\n:\n\n:\n\n:\n\n:\n\n:\n\n:\n\n:\n\n:\n\n:\n\n:\n\n:\n\n:\n\n:\n\n:\n\n:\n\n:\n\n:\n\n:\n\n:\n\n:\n\n:\n\n:\n\n:\n\n:\n\n:\n\n:\n\n:\n\n:\n\n:\n\n:\n\n:\n\n:\n\n:\n\n:\n\n:\n\n:\n\n:\n\n:\n\n:\n\n:\n\n:\n\n:\n\n:\n\n:\n\n:\n\n:\n\n:\n\n:\n\n:\n\n:\n\n:\n\n:\n\n:\n\n:\n\n:\n\n:\n\n:\n\n:\n\n:\n\n:\n\n:\n\n:\n\n:\n\n:\n\n:\n\n:\n\n:\n\n:\n\n:\n\n:\n\n:\n\n:\n\n:\n\n:\n\n:\n\n:\n\n:\n\n:\n\n:\n\n:\n\n:\n\n:\n\n:\n\n:\n\n:\n\n:\n\n:\n\n:\n\n:\n\n:\n\n:\n\n:\n\n:\n\n:\n\n:\n\n:\n\n:\n\n:\n\n:\n\n:\n\n:\n\n:\n\n:\n\n:\n\n:\n\n:\n\n:\n\n:\n\n:\n\n:\n\n:\n\n:\n\n:\n\n:\n\n:\n\n:\n\n:\n\n:\n\n:\n\n:\n\n:\n\n:\n\n:\n\n:\n\n:\n\n:\n\n:\n\n:\n\n:\n\n:\n\n:\n\n:\n\n:\n\n:\n\n:\n\n:\n\n:\n\n:\n\n:\n\n:\n\n:\n\n:\n\n:\n\n:\n\n:\n\n:\n\n:\n\n:\n\n:\n\n:\n\n:\n\n:\n\n:\n\n:\n\n:\n\n:\n\n:\n\n:\n\n:\n\n:\n\n:\n\n:\n\n:\n\n:\n\n:\n\n:\n\n:\n\n:\n\n:\n\n:\n\n:\n\n:\n\n:\n\n:\n\n:\n\n:\n\n:\n\n:\n\n:\n\n:\n\n:\n\n:\n\n:\n\n:\n\n:\n\n:\n\n:\n\n:\n\n:\n\n:\n\n:\n\n:\n\n:\n\n:\n\n:\n\n:\n\n:\n\n:\n\n:\n\n:\n\n:\n\n:\n\n:\n\n:\n\n:\n\n:\n\n:\n\n:\n\n:\n\n:\n\n:\n\n:\n\n:\n\n:\n\n:\n"
    },
    "12": {
      "summary": "2015-2016\n\nभारत सरकार, अन्तर्राष्ट्र विभाग\n\nIPRC is responsible for the supply of Storable Liquid Propellants for ISRO’s launch vehicles and satellite programmes. IPRC delivers quality products to meet the zero defect demand of ISRO space programme ensuring high standards of safety and reliability. It also carries out Research & Development (R&D) and Technology Development Programmes (TDP) towards continued improvement of its contribution to Indian space programme.\n\nSemi-cryogenic Cold Flow Test facility (SCFT) at IPRC, Mahendragiri\n\nSpace Applications Centre (SAC)\n\nSpace Applications Centre (SAC) at Ahmedabad is dealing with wide variety of activities from payload development to societal applications, thereby creating a synergy of technology, science and societal applications. The centre is responsible for the development, realisation and qualification of communication, navigation, earth observation and planetary payloads and related data processing and ground systems in the areas of communications, broadcasting, remote sensing, disaster monitoring/mitigation, etc. It is playing an important role in harnessing space technologies for a wide variety of applications for societal benefits.\n\nIn order to carry out the above tasks, SAC has highly sophisticated payload integration laboratories, electronic and mechanical fabrication facilities, environmental test facilities, systems reliability/assurance group, image processing and analysis facilities, project management support group and a well-stocked library. SAC has also put adequate emphasis on and practicing outsourcing and indigenous development of technology and vendors.\n\nDevelopment and Educational Communication Unit (DECU)\n\nThe Development and Educational Communication Unit (DECU) at Ahmedabad, is involved in defining, planning, implementing and conducting socio-economic research and evaluation of various societal applications. The visionary plan of DECU is to pursue the goals, on all fronts, in meeting the object"
    },
    "13": {
      "summary": "0\n\nSystem and development of radars and associated systems for meteorological applications and launch vehicle tracking. In addition, ISTRAC has also been mandated to provide space operations support for Deep Space Missions of ISRO and to provide active support for Search & Rescue, Disaster Management and a host Space Communication Hub services for societal applications.\n\nIn order to realise these objectives, ISTRAC has established a network of ground stations at Bengaluru, Lucknow, Mauritius, Sriharikota (SHAR I & II), Port Blair, Thiruvananthapuram, Brunei, Biak (Indonesia) and Deep Space Network Stations DSN-32 and DSN-18 at Byalalu near Bengaluru. The Mission Operations Complex (MOX) located at Bengaluru carries out round-the-clock mission operations for all remote sensing and scientific satellites. All network stations of ISTRAC are connected to MOX through dedicated high-performance satellite/terrestrial communication links.\n\nTowards the realisation of the ground segment of IRNSS, ISTRAC has established a network of stations to support IRNSS satellites consisting of ISRO Navigation Centre (INC) at Byalalu (40 km from Bengaluru), four CDMA Ranging stations at Hassan, Bhopal, Jodhpur and Shillong and twelve IRNSS Range and Integrity Monitoring Stations at Bengaluru, Hassan, Bhopal, Jodhpur, Shillong, Dehradun, Port Blair, Mahendragiri, Lucknow, Kolkata, Udaipur, Shadnagar and Pune and one IRNWT facility at Bengaluru.\n\nIn keeping with its long-established TTC support responsibility, ISTRAC has also been mandated to provide space operations support for Deep Space Missions of ISRO, undertake development of radar systems for launch vehicle tracking and meteorological applications, establish and operationalise the ground segment for Indian Regional Navigational Satellite System, provide Search & Rescue and Disaster Management Services and support space based services like telemedicine, VRC and tele-education.\n\nMaster Control Facility (MCF)\n\nMaster Control Facility (MC"
    },
    "14": {
      "summary": "2015-2016\n\nMCF at Bhopal completed its tenth year of successful operations. The Facility is configured with two Satellite Control Earth Stations (SCES) consisting of Full Motion Antennae and Limited Motion Antennae, a Satellite Control Centre and a Power Complex. MCF Bhopal is currently managing round-the-clock operations of three satellites in close coordination with MCF Hassan.\n\nISRO Inertial Systems Unit (IISU)\n\nISRO Inertial Systems Unit (IISU) at Thiruvananthapuram is responsible for the design and development of Inertial Systems for both Launch Vehicles and spacecraft Programmes of ISRO. Major systems like Inertial Navigation Systems based on Mechanical Gyros and Optical Gyros, attitude reference systems, Rate Gyro Packages and Accelerometer packages are developed indigenously and used in various missions of ISRO. IISU also designs and develops Actuators and Mechanisms for spacecraft and allied applications.\n\nThe Unit has crossed major milestones of competence building phase, experimental phase and is presently engaged in the process of consolidation and productionisation of the sensors, systems, actuators and mechanisms for a variety of launch vehicle and spacecraft applications. Integrated Test Complex (ITC) building of IISU was completed during the year for production, integration, assembly and testing of sensors and systems.\n\nThe experience and knowledge gained over the years are used for perfecting the present class of sensors and systems. Further, IISU has initiated technology development programmes in niche areas to adapt itself as a Centre of Excellence in Inertial Sensors and Systems. IISU strives to make the systems cost effective, reliable and realisable in tune with global trends.\n\nLaboratory for Electro-Optic Systems (LEOS)\n\nLaboratory for Electro-Optic Systems (LEOS), Bengaluru is responsible for design, development and production of Electro-Optic sensors and camera optics for remote sensing and meteorological payloads. The sensor system includes"
    },
    "15": {
      "summary": "0.3M Dia Thermovac system and Dome for Telescope Laser Ranging. Sensor production building (Aryabhata Building) and ‘Optics & MEMS’ building have become operational in 2015. The new facilities established at Aryabhata Building includes ultra precision CNC cell centering and turning machine, 3.5 T Vibration shaker system, 0.8 M Thermovac system, LN2 Tank (15 KL), Temperature test chamber, Humidity chamber, Particle counter, 2-Axis motion simulator, Nitrogen purged chambers (4 Nos.) and DRUPS power supply unit.\n\n**National Remote Sensing Centre (NRSC)**\n\nNRSC at Hyderabad is responsible for remote sensing satellite data acquisition and processing, data dissemination, aerial remote sensing and decision support for disaster management. NRSC has a data reception station at Shadnagar near Hyderabad for acquiring data from Indian remote sensing satellites as well as others. The Centre is also engaged in executing remote sensing application projects in collaboration with the users. The Aerial Services & Digital Mapping (ASDM) Area provides end-to-end Aerial Remote Sensing services and value-added solutions for various large scale applications like aerial photography and digital mapping, infrastructure planning, scanner surveys, aeromagnetic surveys, large scale base map, topographic and cadastral level mapping, etc.\n\nRegional Remote Sensing Centres (RRSCs) support various remote sensing tasks specific to their regions as well as at the national level. RRSCs are carrying out application projects encompassing all the fields of natural resources like agriculture and soils, water resources, forestry, oceanography, geology, environment and urban planning. Apart from executing application projects, RRSCs are involved in software development, customisation and packaging specific to user requirements and conducting regular training programmes for users in geo-spatial technology, particularly digital image processing and GIS applications.\n\n**Indian Institute of Remote Sensing (IIRS)"
    },
    "16": {
      "summary": "2015-2016\n\nभारत सरकार, अन्तरिक्ष विभाग\n\n\nUnited Nations. The training and education programmes of the Institute are designed to meet the requirements of various target/user groups, i.e., for professionals at working, middle and supervisory levels, fresh graduates, researchers, academia, and decision makers. The duration of courses ranges from one week to two years.\n\nThe training and education programmes conducted by the Institute are broadly grouped into: Post-graduate Diploma courses, Certificate programmes and Awareness programmes. In addition, IIRS also conducts special programmes for International and National participants on request from different organisations. M.Tech. course of 24 months duration is being conducted in collaboration with Andhra University, Visakhapatnam; and M.Sc. course of 18 months duration being conducted in collaboration with the Faculty of Geo-information Science & Earth Observation (ITC) of the University of Twente (UT), The Netherlands.\n\nPhysical Research Laboratory (PRL)\n\nPhysical Research Laboratory (PRL) at Ahmedabad is an autonomous unit of DOS and a premier research institute engaged in basic research in the areas of Astronomy and Astrophysics, Solar Physics, Planetary Science and Exploration, Space and Atmospheric Sciences, Geosciences, Theoretical Physics, Atomic, Molecular and Optical Physics, and Astro-chemistry.\n\nPRL is actively participating in ISRO’s planetary exploration programme and has also developed capabilities for detecting exoplanets from its Mt. Abu Observatory. Studies of Stellar and Solar astronomy are conducted from the Infra-red Observatory at Mt. Abu, and a lake site Solar Observatory in Udaipur, respectively. Another campus at Thaltej, Ahmedabad, hosts the planetary exploration (PLANEX) programme. Laboratory infrastructure has been established in this campus to develop instrumentation for future Space Science and Planetary missions and for initiating some of the proposed new research programmes. Significant pr"
    },
    "17": {
      "summary": "0\n\n- 0\n\n- 0\n\n- 0\n\n- 0\n\n- 0\n\n- 0\n\n- 0\n\n- 0\n\n- 0\n\n- 0\n\n- 0\n\n- 0\n\n- 0\n\n- 0\n\n- 0\n\n- 0\n\n- 0\n\n- 0\n\n- 0\n\n- 0\n\n- 0\n\n- 0\n\n- 0\n\n- 0\n\n- 0\n\n- 0\n\n- 0\n\n- 0\n\n- 0\n\n- 0\n\n- 0\n\n- 0\n\n- 0\n\n- 0\n\n- 0\n\n- 0\n\n- 0\n\n- 0\n\n- 0\n\n- 0\n\n- 0\n\n- 0\n\n- 0\n\n- 0\n\n- 0\n\n- 0\n\n- 0\n\n- 0\n\n- 0\n\n- 0\n\n- 0\n\n- 0\n\n- 0\n\n- 0\n\n- 0\n\n- 0\n\n- 0\n\n- 0\n\n- 0\n\n- 0\n\n- 0\n\n- 0\n\n- 0\n\n- 0\n\n- 0\n\n- 0\n\n- 0\n\n- 0\n\n- 0\n\n- 0\n\n- 0\n\n- 0\n\n- 0\n\n- 0\n\n- 0\n\n- 0\n\n- 0\n\n- 0\n\n- 0\n\n- 0\n\n- 0\n\n- 0\n\n- 0\n\n- 0\n\n- 0\n\n- 0\n\n- 0\n\n- 0\n\n- 0\n\n- 0\n\n- 0\n\n- 0\n\n- 0\n\n- 0\n\n- 0\n\n- 0\n\n- 0\n\n- 0\n\n- 0\n\n- 0\n\n- 0\n\n- 0\n\n- 0\n\n- 0\n\n- 0\n\n- 0\n\n- 0\n\n- 0\n\n- 0\n\n- 0\n\n- 0\n\n- 0\n\n- 0\n\n- 0\n\n- 0\n\n- 0\n\n- 0\n\n- 0\n\n- 0\n\n- 0\n\n- 0\n\n- 0\n\n- 0\n\n- 0\n\n- 0\n\n- 0\n\n- 0\n\n- 0\n\n- 0\n\n- 0\n\n- 0\n\n- 0\n\n- 0\n\n- 0\n\n- 0\n\n- 0\n\n- 0\n\n- 0\n\n- 0\n\n- 0\n\n- 0\n\n- 0\n\n- 0\n\n- 0\n\n- 0\n\n- 0\n\n- 0\n\n- 0\n\n- 0\n\n- 0\n\n- 0\n\n- 0\n\n- 0\n\n- 0\n\n- 0\n\n- 0\n\n- 0\n\n- 0\n\n- 0\n\n- 0\n\n- 0\n\n- 0\n\n- 0\n\n- 0\n\n- 0\n\n- 0\n\n- 0\n\n- 0\n\n- 0\n\n- 0\n\n- 0\n\n- 0\n\n- 0\n\n- 0\n\n- 0\n\n- 0\n\n- 0\n\n- 0\n\n- 0\n\n- 0\n\n- 0\n\n- 0\n\n- 0\n\n- 0\n\n- 0\n\n- 0\n\n- 0\n\n- 0\n\n- 0\n\n- 0\n\n- 0\n\n- 0\n\n- 0\n\n- 0\n\n- 0\n\n- 0\n\n- 0\n\n- 0\n\n- 0\n\n- 0\n\n- 0\n\n- 0\n\n- 0\n\n- 0\n\n- 0\n\n- 0\n\n- 0\n\n- 0\n\n- 0\n\n- 0\n\n- 0\n\n- 0\n\n- 0\n\n- 0\n\n- 0\n\n- 0\n\n- 0\n\n- 0\n\n- 0\n\n- 0\n\n- 0\n\n- 0\n\n- 0\n\n- 0\n\n- 0\n\n- 0\n\n- 0\n\n- 0\n\n- 0\n\n- 0\n\n- 0\n\n- 0\n\n- 0\n\n- 0\n\n- 0\n\n- 0\n\n- 0\n\n- 0\n\n- 0\n\n- 0\n\n- 0\n\n- 0\n\n- 0\n\n- 0\n\n- 0\n\n- 0\n\n- 0\n\n- 0\n\n- 0\n\n- 0\n\n- 0\n\n- 0\n\n- 0\n\n- 0\n\n- 0\n\n- 0\n\n- 0\n\n- 0\n\n- 0\n\n- 0\n\n- 0\n\n- 0\n\n- 0\n\n- 0\n\n- 0\n\n- 0\n\n- 0\n\n- 0\n\n- 0\n\n- 0\n\n- 0\n\n- 0\n\n- 0\n\n- 0\n\n- 0\n\n- 0\n\n- 0\n\n- 0\n\n- 0\n\n- 0\n\n- 0\n\n- 0\n\n- 0\n\n- 0\n\n- 0\n\n- 0\n\n- 0\n\n- 0\n\n- 0\n\n- 0\n\n- 0\n\n- 0\n\n- 0\n\n- 0\n\n- 0\n\n- 0\n\n- 0\n\n- 0\n\n- 0\n\n- 0\n\n- 0\n\n- 0\n\n- 0\n\n- 0\n\n- 0\n\n- 0\n\n- 0\n\n- 0\n\n- 0\n\n- 0\n\n- 0\n\n- 0\n\n- 0\n\n- 0\n\n- 0\n\n- 0\n\n- 0\n\n- 0\n\n- 0\n\n- 0\n\n- 0\n\n- 0\n\n- 0\n\n- 0\n\n- 0\n\n- 0\n\n- 0\n\n- 0\n\n- 0\n\n- 0\n\n- 0\n\n- 0\n\n- 0\n\n- 0\n\n- 0\n\n- 0\n\n- 0\n\n- 0\n\n- 0\n\n- 0\n\n- 0\n\n- 0\n\n- 0\n\n- 0\n\n- 0\n\n- 0\n\n- 0\n\n- 0\n\n- 0\n\n- 0\n\n- 0\n\n- 0\n\n- 0\n\n- 0\n\n- 0\n\n- 0\n\n- 0\n\n- 0\n\n- 0\n\n- 0\n\n- 0\n\n- 0\n\n- 0\n\n- 0\n\n- 0\n\n- 0\n\n- 0\n\n- 0\n\n- 0\n\n- 0\n\n- 0\n\n- 0\n\n- 0\n\n- 0\n\n- 0\n\n- 0\n\n- 0\n\n- 0\n\n- 0\n\n- 0\n\n- 0\n\n- 0\n\n- 0\n\n- 0\n\n- 0\n\n- 0\n\n- 0\n\n- 0\n\n- 0\n\n- 0\n\n- 0\n\n- 0\n\n- 0\n\n- 0\n\n- 0\n\n- 0\n\n- 0\n\n- 0\n\n- 0\n\n- "
    },
    "18": {
      "summary": "2015-2016\nभारत सरकार, अन्तर्रक्ष विभाग\n\n\n**Budget Profile (Rs. in Crores)**\n\n\n**Organisation**\n\n**Prime Minister**\n\n**Space Commission**\n\n**PRL**\n\n**Department of Space**\n\n**NARL**\n\n**NE-SAC**\n\n**SCL**\n\n**ANTRIX**\n\n**IIST**\n\n**ISRO**\n\n**VSSC** **LPSC** **SDSC-SHARI** **ISAC** **SAC** **NRSC**\n\n**IPRC** **IISU** **DECU** **MCF** **ISTRAC** **LEOS** **IRS**\n\n\n**PRL: Physical Research Laboratory NARL: National Atmospheric Research Laboratory NE-SAC: North Eastern Space Applications Centre SCL: Semi-Conductor**\nLaboratory IIST: Indian Institute of Space Science and Technology ISRO: Indian Space Research Organisation Antrix: Antrix Corporation Limited VSSC: Vikram Sarabhai\nSpace Centre LPSC: Liquid Propulsion Systems Centre IPRC: ISRO Propulsion Complex SDSC: Satish Dhawan Space Centre ISAC: ISRO Satellite Centre SAC: Space\nApplications Centre NRSC: National Remote Sensing Centre IISU: ISRO Inertial Systems Unit DECU: Development and Educational Communication Unit MCF: Master\nControl Facility ISTRAC: ISRO Telemetry, Tracking and Command Network LEOS: Laboratory for Electro-optic Systems IIRS: Indian Institute of Remote Sensing\n\n**Budget Profile (Rs. in Crores)**\n\n\n8000\n\n7000\n\n6000\n\n5000\n\n4000\n\n3000\n\n2000\n\n1000\n\n|Col1|Col2|Col3|Col4|Col5|Col6|Col7|Col8|Col9|Col10|Col11|Col12|Col13|Col14|Col15|Col16|Col17|Col18|Col19|Col20|Col21|Col22|Col23|Col24|Col25|Col26|Col27|Col28|Col29|Col30|Col31|Col32|Col33|Col34|Col35|Col36|Col37|Col38|Col39|Col40|Col41|Col42|Col43|Col44|Col45|Col46|Col47|Col48|Col49|Col50|Col51|Col52|Col53|Col54|Col55|Col56|Col57|Col58|Col59|Col60|Col61|Col62|Col63|Col64|Col65|Col66|Col67|Col68|Col69|Col70|Col71|Col72|Col73|Col74|Col75|Col76|Col77|Col78|Col79|Col80|Col81|Col82|Col83|Col84|Col85|Col86|Col87|Col88|Col89|Col90|Col91|Col92|Col93|Col94|Col95|Col96|Col97|Col98|Col99|Col100|Col101|Col102|Col103|Col104|Col105|Col106|Col107|Col108|Col109|Col110|Col111|Col112|Col113|Col114|Col115|Col116|Col117|Col118|Col119|Col120|Col121|Col122|Col123|Col124|Col125|Col126"
    },
    "19": {
      "summary": "0\n\n**National Atmospheric Research Laboratory (NARL)**\n\nNARL at Gadanki near Tirupati, an autonomous society supported by DOS, is a centre for atmospheric research with the vision “Developing capability to predict the behaviour of the earth’s atmosphere through observations and modeling”. Towards realising this vision, NARL gives equal emphasis to technology development, observations, data archival, dissemination, assimilation and modeling.\n\nNARL carries out its research activities under seven major groups, namely, Radar Application and Development Group, Ionospheric and Space Research Group, Atmospheric Structure and Dynamics Group, Cloud and Convective Systems Group, Aerosols, Radiation and Trace Gases Group, Weather and Climate Research Group and Computers and Data Management Group. Apart from these groups, there are also specific projects such as the LIDAR project and Advanced Space-borne Instrument Development project.\n\nMST Radar facility at NARL\n\n**North Eastern-Space Applications Centre (NE-SAC)**\n\nNE-SAC, located at Shillong, is a joint initiative of DOS and North Eastern Council (NEC) to provide developmental support to the North Eastern Region (NER) using space science and technology. The centre has the mandate to develop high technology infrastructure support to enable NE states to adopt space technology inputs for their development. The centre has completed a number of applications projects sponsored by the user agencies in the region and taken up research and development projects under Earth Observation Applications Mission, ISRO Geo-sphere Biosphere Programme, Satellite Communications, Disaster Management Support and Space Science Programmes.\n\n**Antrix Corporation Limited**\n\nAntrix Corporation Limited, Bengaluru is a wholly owned Government of India Company under the administrative control of the Department of Space. Antrix Corporation Limited was incorporated in September 1992 as a private limited company owned by Government of India as a Marketing ar"
    },
    "20": {
      "summary": "2015-2016\n\nAs the commercial and marketing arm of ISRO, Antrix is engaged in providing Space products and services to international customers worldwide. With fully equipped state-of-the-art facilities, Antrix provides end-to-end solution for many of the space products, ranging from supply of hardware and software including simple subsystems to a complex spacecraft, for varied applications covering communications, earth observation and scientific missions; space related services including remote sensing data service, Transponder lease service, Launch services through India’s operational launch vehicle PSLV; Mission support services; and a host of consultancy and training services.\n\nSemi-Conductor Laboratory (SCL)\n\nSemi-Conductor Laboratory (SCL) at Chandigarh, an Autonomous Body under the Department of Space is continuing its efforts to create a strong microelectronics base in the country and enhancing capabilities in VLSI domain. Activities at SCL are focused on the Design, Development, Fabrication, Assembly, Testing and Reliability Assurance of CMOS and MEMS Devices.\n\nUpgradation of Wafer Fabrication Lab has been completed and 8” CMOS Wafer Fabrication Line is geared-up for production activities. Three production lots have been processed with ASICs/IPs/Test Chips designed in-house. In these lots, 28 designs have been fabricated and tested successfully. These chips include some complex ASICs, one of them being Vikram Processor for Launch Vehicles. SCL is also engaged in Hi-Rel Board Fabrication, Component Screening for ISRO units, Indigenisation of Electronics Boards for Indian Air Force and Production of Radiosonde for Atmospheric Studies.\n\nTwo views of SCL\n\nIndian Institute of Space Science and Technology (IIST)\n\nIIST, Asia’s first Space University, was established at Thiruvananthapuram during 2007 with the objective of offering high quality education in space science and technology to meet the demands of Indian Space Programme. The institute offers Bachelor’s Deg"
    }
  }
}
