{
  "doc_id": "finalmediafindingspdf-141228031149-conversion-gate02_95.pdf",
  "pages": {
    "1": {
      "summary": " HEAR US\n\nNepal Media Landscape 2014  \nNational Opinion Survey Wave-III September 2014  \n\nInternews  \nInterdisciplinary Analysts"
    },
    "2": {
      "summary": "0.0"
    },
    "3": {
      "summary": "2014\n\nNational Media Landscape 2014\nNepal Opinion Survey Wave-III September 2014\n\nNational media survey is a part of Nepal Opinion\nSurvey conducted by Internews and IDA in September\n2013, February 2014 and September 2014.\n\nIDA\nDr. Sudhindra Sharma Team Leader and Sociologist\nMr. Pawan Kumar Sen Senior Statistician\nMr. Hiranjya Baral, Field Coordinator\n\nInternews\nMr. David Dougherty- National Opinion Polls Specialist\nMr. Oren Murphy Regional Director,Asia\nMs. Dorothy Dai, Program Officer,Asia\nMr. Madhu Acharya, Project Director Nepal\nMr. Bhumiraj Chapagain, Media Coordinator\n\nAntenna Foundation Nepal\nNational Democratic Institute, Nepal\n\n© Internews 2014"
    },
    "4": {
      "summary": "06\n: 06\n: 07\n: 08\n: 09\n: 10\n: 13\n: 35\n\n\nINTERNEWS IN NEPAL\nABOUT US\nWHAT WE DO\nOUR APPROACH\nRESEARCH METHODOLOGY\nATIONWIDE OPINION SURVEY WAVE I, II & III\nDEMOGRAPHICS\nNEPAL MEDIA LANDSCAPE FEBRUARY 2014\nNEPAL MEDIA LANDSCAPE SEPTEMBER 2013\n\n<table></table>"
    },
    "5": {
      "summary": "2011-2015\n\nStrengthening Political Parties, Electoral, and Legislative Process Program (SPELP)/ Consortium for Elections and Political Process Strengthening (CEPPS) program USAID/NDI\n\nInternews actively engaged with media and citizens in Nepal to create platform for discussion on election-related themes. Its engagement was focused on providing Nepalese media community with more data, including graphical summaries about what citizens think about key socio-political issues. The project also helped Nepali media better understand election-related issues and strengthen the ability of radio to facilitate debates on the opinion poll results, ultimately increasing citizen participation in the electoral process.\n\nInternews in collaboration with National Democratic Institute (NDI), worked with Antenna Foundation Nepal (AFN), Interdisciplinary Analysts (IDA), Freedom Forum and other local media partners in Nepal between January 2011 and February 2015.\n\nDuring the project period Internews and its local partner Antenna Foundation Nepal trained over 200 Nepali journalists in key investigative journalism skills and data journalism tools to report on electoral reporting and political parties. Antenna produced 300 episodes of radio programs focusing on citizen’s awareness on elections as well as field-based discussions on national opinion poll results.\n\nInternews and IDA carried out 3 waves of National Opinion Polls with total of 10 thousand samples across the country on key socio-political issues, constituent assembly, political parties, local governance and media consumption behaviors. Freedom Forum another local partner operated community of practice website www.nepalelectionchannel.org to aggregate election and political parties related news in Nepal.\n\nOther successful Internews engagement includes first ever National Radio Conference after 2006 in partnership with major radio organizations in Nepal, publication Data journalism handbook in Nepali language and developed online tr"
    },
    "6": {
      "summary": "0\n\n: 0\n\n: 0\n\n: 0\n\n: 0\n\n: 0\n\n: 0\n\n: 0\n\n: 0\n\n: 0\n\n: 0\n\n: 0\n\n: 0\n\n: 0\n\n: 0\n\n: 0\n\n: 0\n\n: 0\n\n: 0\n\n: 0\n\n: 0\n\n: 0\n\n: 0\n\n: 0\n\n: 0\n\n: 0\n\n: 0\n\n: 0\n\n: 0\n\n: 0\n\n: 0\n\n: 0\n\n: 0\n\n: 0\n\n: 0\n\n: 0\n\n: 0\n\n: 0\n\n: 0\n\n: 0\n\n: 0\n\n: 0\n\n: 0\n\n: 0\n\n: 0\n\n: 0\n\n: 0\n\n: 0\n\n: 0\n\n: 0\n\n: 0\n\n: 0\n\n: 0\n\n: 0\n\n: 0\n\n: 0\n\n: 0\n\n: 0\n\n: 0\n\n: 0\n\n: 0\n\n: 0\n\n: 0\n\n: 0\n\n: 0\n\n: 0\n\n: 0\n\n: 0\n\n: 0\n\n: 0\n\n: 0\n\n: 0\n\n: 0\n\n: 0\n\n: 0\n\n: 0\n\n: 0\n\n: 0\n\n: 0\n\n: 0\n\n: 0\n\n: 0\n\n: 0\n\n: 0\n\n: 0\n\n: 0\n\n: 0\n\n: 0\n\n: 0\n\n: 0\n\n: 0\n\n: 0\n\n: 0\n\n: 0\n\n: 0\n\n: 0\n\n: 0\n\n: 0\n\n: 0\n\n: 0\n\n: 0\n\n: 0\n\n: 0\n\n: 0\n\n: 0\n\n: 0\n\n: 0\n\n: 0\n\n: 0\n\n: 0\n\n: 0\n\n: 0\n\n: 0\n\n: 0\n\n: 0\n\n: 0\n\n: 0\n\n: 0\n\n: 0\n\n: 0\n\n: 0\n\n: 0\n\n: 0\n\n: 0\n\n: 0\n\n: 0\n\n: 0\n\n: 0\n\n: 0\n\n: 0\n\n: 0\n\n: 0\n\n: 0\n\n: 0\n\n: 0\n\n: 0\n\n: 0\n\n: 0\n\n: 0\n\n: 0\n\n: 0\n\n: 0\n\n: 0\n\n: 0\n\n: 0\n\n: 0\n\n: 0\n\n: 0\n\n: 0\n\n: 0\n\n: 0\n\n: 0\n\n: 0\n\n: 0\n\n: 0\n\n: 0\n\n: 0\n\n: 0\n\n: 0\n\n: 0\n\n: 0\n\n: 0\n\n: 0\n\n: 0\n\n: 0\n\n: 0\n\n: 0\n\n: 0\n\n: 0\n\n: 0\n\n: 0\n\n: 0\n\n: 0\n\n: 0\n\n: 0\n\n: 0\n\n: 0\n\n: 0\n\n: 0\n\n: 0\n\n: 0\n\n: 0\n\n: 0\n\n: 0\n\n: 0\n\n: 0\n\n: 0\n\n: 0\n\n: 0\n\n: 0\n\n: 0\n\n: 0\n\n: 0\n\n: 0\n\n: 0\n\n: 0\n\n: 0\n\n: 0\n\n: 0\n\n: 0\n\n: 0\n\n: 0\n\n: 0\n\n: 0\n\n: 0\n\n: 0\n\n: 0\n\n: 0\n\n: 0\n\n: 0\n\n: 0\n\n: 0\n\n: 0\n\n: 0\n\n: 0\n\n: 0\n\n: 0\n\n: 0\n\n: 0\n\n: 0\n\n: 0\n\n: 0\n\n: 0\n\n: 0\n\n: 0\n\n: 0\n\n: 0\n\n: 0\n\n: 0\n\n: 0\n\n: 0\n\n: 0\n\n: 0\n\n: 0\n\n: 0\n\n: 0\n\n: 0\n\n: 0\n\n: 0\n\n: 0\n\n: 0\n\n: 0\n\n: 0\n\n: 0\n\n: 0\n\n: 0\n\n: 0\n\n: 0\n\n: 0\n\n: 0\n\n: 0\n\n: 0\n\n: 0\n\n: 0\n\n: 0\n\n: 0\n\n: 0\n\n: 0\n\n: 0\n\n: 0\n\n: 0\n\n: 0\n\n: 0\n\n: 0\n\n: 0\n\n: 0\n\n: 0\n\n: 0\n\n: 0\n\n: 0\n\n: 0\n\n: 0\n\n: 0\n\n: 0\n\n: 0\n\n: 0\n\n: 0\n\n: 0\n\n: 0\n\n: 0\n\n: 0\n\n: 0\n\n: 0\n\n: 0\n\n: 0\n\n: 0\n\n: 0\n\n: 0\n\n: 0\n\n: 0\n\n: 0\n\n: 0\n\n: 0\n\n: 0\n\n: 0\n\n: 0\n\n: 0\n\n: 0\n\n: 0\n\n: 0\n\n: 0\n\n: 0\n\n: 0\n\n: 0\n\n: 0\n\n: 0\n\n: 0\n\n: 0\n\n: 0\n\n: 0\n\n: 0\n\n: 0\n\n: 0\n\n: 0\n\n: 0\n\n: 0\n\n: 0\n\n: 0\n\n: 0\n\n: 0\n\n: 0\n\n: 0\n\n: 0\n\n: 0\n\n: 0\n\n: 0\n\n: 0\n\n: 0\n\n: 0\n\n: 0\n\n: 0\n\n: 0\n\n: 0\n\n: 0\n\n: 0\n\n: 0\n\n: 0\n\n: 0\n\n: 0\n\n: 0\n\n: 0\n\n: 0\n\n: 0\n\n: 0\n\n: 0\n\n: 0\n\n: 0\n\n: 0\n\n: 0\n\n: 0\n\n: 0\n\n: 0\n\n: 0\n\n: 0\n\n: 0\n\n: 0\n\n: 0\n\n: 0\n\n: 0\n\n: 0\n\n: 0\n\n: 0\n\n: 0\n\n: 0\n\n: 0\n\n: 0\n\n: 0\n\n: 0\n\n: 0\n\n: 0\n\n: 0\n\n: 0\n\n: 0\n\n: 0\n\n: 0\n\n: 0\n\n: 0\n\n: 0\n\n: 0\n\n: 0\n\n: 0\n\n: 0\n\n: 0\n\n: 0\n\n: 0\n\n: 0\n\n: 0\n\n: 0\n\n: 0\n\n: 0\n\n: 0\n\n: 0\n\n: 0\n\n: 0\n\n: 0\n\n: 0\n\n: 0\n\n: 0\n\n: 0\n\n: 0\n\n: "
    },
    "7": {
      "summary": " At Internews, we work to ensure that the free flow of trusted information empowers people to make informed decisions about their lives and their futures.\n\nExpand information access\n\nImprove Quality News and Information\n\nSupport Media and Information Stability\n\nStrengthen the enabling Environment\n\n7"
    },
    "8": {
      "summary": "0\n\nWe partner with local organizations to support strong, independent media and a free, open and safe Internet.\n\nWe believe that information is a personal, social and global well-being-as fundamental as food and water.\n\nWe work where information flows are restricted and with marginalized and disadvantaged groups who live with poverty, deprivation and illtracy.\n\nWe act where there is opportunity to build healthier and more robust information environments\n\nWe support innovation and emerging ideas that fit local needs and address gaps where markets fail.\n\nWe partner with local organizations to develop quality content and ensure people get the right information, at the right time, from sources they trust.\n\n8"
    },
    "9": {
      "summary": "1.5 percent at a 95 percent confidence level at the national level for wave III.The survey does not claim the same level of precision at either the regional or the district levels.\n\nExperienced field personnel comprising of supervisors and interviewers administered the survey.Prior to their deployment in the field, training was conducted to orient them on the objectives of the survey, their expected roles and responsibilities, survey research methodology and field operation plan, sampling design, survey questionnaires, and things that the field team should consider while undertaking the fieldwork, such as manners and etiquette.In addition, mock test was conducted among enumerators so as to familiarize them with survey questionnaire.\n\nAll of the respondents were aged 18 or above.Multistage sampling technique was employed to determine the sample units representing the national population in the country.In the first stage,a number of districts of Nepal's 75 districts were selected using stratified random sampling to represents the 16 distinct regions defined by Nepal's five development regions and three ecological zones,along with the Kathmandu Valley.In the second stage,simple random sampling technique was used to select proportional numbers of village development committees (VDCs) and municipalities from the sampled districts.In the third stage,wards from the sampledVDCs were selected based on simple random sampling.In the fourth stage,the right-hand rule was employed to select households in each sampled ward.Finally in the fifth stage,a respondent from each household was selected using Kish grid table i.e.,a table of random numbers,to ensure that each eligible member in a selected household has an equal chance of being selected.\n\nThe margin of error was +/- 1.8 percent at a 95 percent confidence level at the national level for Wave I and II and +/- 1.5 percent at a 95 percent confidence level at the national level for wave III.The survey does not claim the same leve"
    },
    "10": {
      "summary": "1: Sample composition by caste/ethnic group\n\n| Caste/ethnicity | Population % | Sep. 2014 |\n|---|---|---|\n| Chhetri    | 16.6    | 15.3    |\n| Bahun    | 12.1    | 13.2    |\n| Magar    | 7.1    | 7.5    |\n| Tharu    | 6.6    | 7.7    |\n| Tamang    | 5.8    | 6    |\n| Newar    | 4.9    | 5.3    |\n| Kami    | 4.8    | 4.6    |\n| Muslim    | 4.3    | 4.3    |\n| Yadav    | 3.9    | 4.7    |\n| Rai    | 2.3    | 2    |\n| Gurung    | 1.9    | 2.1    |\n| Dami/Pariyar    | 1.7    | 2    |\n| Thakuri    | 1.6    | 1.8    |\n| Limbu    | 1.4    | 1.4    |\n| Sarki/Mijar    | 1.4    | 0.9    |\n| Teli    | 1.3    | 1.9    |\n| Chamar    | 1.2    | 1.5    |\n| Koiri    | 1.1    | 2.5    |\n| Sanyasi    | 0.8    | 0.4    |\n| Kurmi    | 0.8    | 0.1    |\n| Dhanuk    | 0.8    | 0.5    |\n| Musahar    | 0.8    | 1    |\n| Dusahad/Pasawan    | 0.7    | 0.6    |\n| Mallaha    | 0.6    | 0.3    |\n| Kewat    | 0.5    | 0.4    |\n| Terai Bramhin    | 0.5    | 0.9    |\n| Baniya    | 0.5    | 0.8    |\n| Sherpa    | 0.4    | 0.2    |\n| Gharti/Bhujel    | 0.4    | 0.3    |\n| Kalwaar    | 0.4    | 0.3    |\n\n| Kural    | 0.4    | 0.7    |\n| Kanu    | 0.4    | 0.6    |\n| Hajam    | 0.4    | 0.3    |\n| Rajbanshi    | 0.4    | 0.7    |\n| Dhobi    | 0.4    | 0.4    |\n| Halwai    | 0.3    | 0.1    |\n| Majhi    | 0.3    | 0.3    |\n| Sudi    | 0.3    | 0.5    |\n| Lohar    | 0.3    | 0.2    |\n| Tatma    | 0.3    | 0.1    |\n| Khatwe    | 0.3    | 0.5    |\n| Sonar    | 0.2    | 0.3    |\n| Kumhar    | 0.2    | 0    |\n| Bantar/Sardar    | 0.2    | 0.3    |\n| Kahar    | 0.2    | 0.2    |\n| Sunuwar    | 0.2    | 0.9    |\n| Nuniya    | 0.2    | 0.4    |\n| Sunar    | 0.2    | 0    |\n| Satar    | 0.2    | 0    |\n| Marwadi    | 0.2    | 0    |\n| Kayastha    | 0.2    | 0.1    |\n| Rajput    | 0.2    | 0.1    |\n| Jhangar    | 0.1    | 0.2    |\n| Gangai    | 0.1    | 0.1    |\n| Lodha    | 0.1    | 0    |\n| Badahi    | 0.1    | 0.1    |\n| Bhote    | 0.1    | 0    |\n| Badai    | 0.1    | 0    |\n| Bhedihar    | 0.1    | 0    |\n|"
    },
    "11": {
      "summary": "2011 census. Out of total respondents interviewed in three surveys, 83 percent were from rural and 17 percent from urban areas.\n\nThe table below shows the percentage of men and women as per the census of 2011 and the sample for each of the three waves.\n\n| Population (%) | Sep-14 |\n|----------------|--------|\n| Female         | 50.1    |\n| Male           | 49.9    |\n| Total          | 100    |\n\nTable 6: Sample composition by sex\n\nThe composition of the sample in terms of ecological and development regions directly matches that of the general populations in all three waves. The following table indicate the sample distribution of geographic composition.\n\n| Population (%) | Sep-14 |\n|----------------|--------|\n| Mountain       | 6.7     |\n| Hill          | 43      |\n| Tarai          | 50.2    |\n| Total          | 100    |\n\nTable 9: Sample composition by ecological region\n\n| Population (%) | Sep-14 |\n|----------------|--------|\n| Eastern        | 21.9   |\n| Central       | 36.4   |\n| Western        | 18.6   |\n| Mid-Western    | 13.3   |\n| Far-Western    | 9.6    |\n| Total          | 100    |\n\nTable 10: Sample composition by development region\n\nAn overpowering majority of respondents, over 80 percent, were married and one-tenth was unmarried and around 5 percent widow in these three surveys. The disaggregation of the sample by marital status of the respondents is obtainable in the table below.\n\n| Sep-14 |\n|--------|\n| Married  | 86.5  |\n| Unmarried | 8.1  |\n| Widow/widower | 4.9  |\n| Divorced | 0.1  |\n| Separated | 0.3  |\n| Declined | 0    |\n| Total    | 100   |\n\nTable 8: Sample composition by marital status\n\nThe various age groups have been collapsed into four broad age-groups. The age composition of the sample is presented below.\n\n| Sep-14 |\n|--------|\n| 18-25    | 19.5  |\n| 26-35    | 27    |\n| 36-45    | 21.6  |\n| Above 45  | 31.9  |\n| Total    | 100   |\n\nTable 8: Sample composition by age groups\n\n| Sep-13 | Feb-14 | Sep-14 |\n|--------|---------|---------|\n| Yes    | "
    },
    "12": {
      "summary": "0\n\n**K = Kathmandu**\n**B = Bhaktapur**\n**L = Lalitpur**\n\n\n**Sample Mountain District**\n\n**Sample Hill District**\n\n**Sample Tarai District**\n\n**Sample Kath. Valley District**\n\n**District not in the Sample**\n\n\n**Far-Western Region**\n\n**Mid-Western Region**\n\n**Western Region**\n\n**Central Region**\n\n**Eastern Region**\n\n\n**NEPAL**"
    },
    "13": {
      "summary": " Nepali Media Landscape February 2014"
    },
    "14": {
      "summary": "4,021 I MULTIPLE RESPONSE\n\nBASE: 4,021 I MULTIPLE RESPONSE\n\nRURAL\nRADIO\nTELEVISION\nMOBILE PHONE\nCOMPUTER\nINTERNET\n\nURBAN\nRADIO\nTELEVISION\nMOBILE PHONE\nCOMPUTER\nINTERNET\n\n46.1%\n79.5%\n92.5%\n21.6%\n16.1%\n\n45%\nRADIO\n\n10%\nCOMPUTER\n\n8%\nDON'T HAVE ANY OF ABOVE\n\n49%\nTELEVISION\n\n5%\nINTERNET"
    },
    "15": {
      "summary": "4.021 I MULTIPLE RESPONSE\n\nBASE: 4.021 I MULTIPLE RESPONSE\n\n20% MOBILE PHONE\n\n68%\n\nI DON'T USE ANY OF THESE OUTSIDE OF HOME\n\n4% INTERNET\n\n11% TELEVISION"
    },
    "16": {
      "summary": "4.021\n\nRURAL\n\n27.1% 13.3% 16.3%\n\nEVERYDAY FEW TIMES A WEEK\n\n6.7%\n\nFEW TIMES A MONTH\n\nURBAN\n\n26.1% 18.7% 16.7%\n\nEVERYDAY FEW TIMES A WEEK\n\n11.2%\n\nFEW TIMES A MONTH\n\nFEMALE\n\n55.7% NEVER\n\n20.6%\n\nFEW TIMES A WEEK\n\n20.0% EVERYDAY\n\n17.7% FEW TIMES A WEEK\n\nMALE\n\n37.1% NEVER\n\n31.3% EVERYDAY"
    },
    "17": {
      "summary": "1.865\nBASE=1.865.\nPERCENTAGE BASED ON MULTIPLE RESPONSE\n\nWHY DON’T YOU LISTEN TO THE RADIO?\n\n| I DO NOT HAVE A RADIO | 79% |\n|------------------------|------|\n| I DO NOT HAVE TIME      | 10%  |\n| PROGRAM IN RADIO ARE   | 8%   |\n| NOT INTERESTING          |      |\n| MY RADIO IS DAMAGED     | 6%   |\n| I CANNOT AFFORD RADIO   | 5%   |\n| I DONT GO TO PLACES WHERE| 1%   |\n| THEY PLAY THE RADIO       |      |\n\n17"
    },
    "18": {
      "summary": "2,144. MULTIPLE RESPONSE\n\n76%\nRADIO\n\n40%\nMOBILE\nPHONE\n\n75%\nRADIO\n\nMALE\n\n39%\nMOBILE\nRADIO\n\n77%\nRADIO\n\n49%\nRADIO\n\nFEMALE\n\n43%\nMOBILE\nPHONE\n\n77%\nRADIO\n\n36%\nMOBILE\nPHONE\n\nRURAL\n\nURBAN\n\n70%\nMOBILE\n\n76%\nRADIO\n\n18"
    },
    "19": {
      "summary": "1852\n\nWHAT TYPES OF PROGRAM DO YOU LIKE THE MOST IN THE RADIO\n\nBASE=1852\n\n27% Music Show\n\n62% news\n\n2% Talk Show\n\n2% Announcement\n\n1% Public Hearing\n\n1% Drama"
    },
    "20": {
      "summary": "1825\n\nIN THE PAST WEEK, \nWHICH PROGRAMS \nDID YOU LISTEN TO \nON THE RADIO?\n\nBASE=1852\n\n13% Sajha Sawal\n\n82% News\n\n10% Religions\n\n5% SSMK\n\n1% BBC Nepali\n\n2% Phone in\n\n20"
    },
    "21": {
      "summary": "1958. MULTIPLE RESPONSES\n\nBASE = 1958. MULTIPLE RESPONSES\n\n6AM - 9AM\n\n36%\n6AM - 9AM\n\n37%\n6PM - 9PM\n\n12\n9\n6\n3\n12\n9\n6\n3\n12\n9\n6\n3\n12\n9\n6\n3\n12\n9\n6\n3\n12\n9\n6\n3\n12\n9\n6\n3\n12\n9\n6\n3\n12\n9\n6\n3\n12\n9\n6\n3\n12\n9\n6\n3\n12\n9\n6\n3\n12\n9\n6\n3\n12\n9\n6\n3\n12\n9\n6\n3\n12\n9\n6\n3\n12\n9\n6\n3\n12\n9\n6\n3\n12\n9\n6\n3\n12\n9\n6\n3\n12\n9\n6\n3\n12\n9\n6\n3\n12\n9\n6\n3\n12\n9\n6\n3\n12\n9\n6\n3\n12\n9\n6\n3\n12\n9\n6\n3\n12\n9\n6\n3\n12\n9\n6\n3\n12\n9\n6\n3\n12\n9\n6\n3\n12\n9\n6\n3\n12\n9\n6\n3\n12\n9\n6\n3\n12\n9\n6\n3\n12\n9\n6\n3\n12\n9\n6\n3\n12\n9\n6\n3\n12\n9\n6\n3\n12\n9\n6\n3\n12\n9\n6\n3\n12\n9\n6\n3\n12\n9\n6\n3\n12\n9\n6\n3\n12\n9\n6\n3\n12\n9\n6\n3\n12\n9\n6\n3\n12\n9\n6\n3\n12\n9\n6\n3\n12\n9\n6\n3\n12\n9\n6\n3\n12\n9\n6\n3\n12\n9\n6\n3\n12\n9\n6\n3\n12\n9\n6\n3\n12\n9\n6\n3\n12\n9\n6\n3\n12\n9\n6\n3\n12\n9\n6\n3\n12\n9\n6\n3\n12\n9\n6\n3\n12\n9\n6\n3\n12\n9\n6\n3\n12\n9\n6\n3\n12\n9\n6\n3\n12\n9\n6\n3\n12\n9\n6\n3\n12\n9\n6\n3\n12\n9\n6\n3\n12\n9\n6\n3\n12\n9\n6\n3\n12\n9\n6\n3\n12\n9\n6\n3\n12\n9\n6\n3\n12\n9\n6\n3\n12\n9\n6\n3\n12\n9\n6\n3\n12\n9\n6\n3\n12\n9\n6\n3\n12\n9\n6\n3\n12\n9\n6\n3\n12\n9\n6\n3\n12\n9\n6\n3\n12\n9\n6\n3\n12\n9\n6\n3\n12\n9\n6\n3\n12\n9\n6\n3\n12\n9\n6\n3\n12\n9\n6\n3\n12\n9\n6\n3\n12\n9\n6\n3\n12\n9\n6\n3\n12\n9\n6\n3\n12\n9\n6\n3\n12\n9\n6\n3\n12\n9\n6\n3\n12\n9\n6\n3\n12\n9\n6\n3\n12\n9\n6\n3\n12\n9\n6\n3\n12\n9\n6\n3\n12\n9\n6\n3\n12\n9\n6\n3\n12\n9\n6\n3\n12\n9\n6\n3\n12\n9\n6\n3\n12\n9\n6\n3\n12\n9\n6\n3\n12\n9\n6\n3\n12\n9\n6\n3\n12\n9\n6\n3\n12\n9\n6\n3\n12\n9\n6\n3\n12\n9\n6\n3\n12\n9\n6\n3\n12\n9\n6\n3\n12\n9\n6\n3\n12\n9\n6\n3\n12\n9\n6\n3\n12\n9\n6\n3\n12\n9\n6\n3\n12\n9\n6\n3\n12\n9\n6\n3\n12\n9\n6\n3\n12\n9\n6\n3\n12\n9\n6\n3\n12\n9\n6\n3\n12\n9\n6\n3\n12\n9\n6\n3\n12\n9\n6\n3\n12\n9\n6\n3\n12\n9\n6\n3\n12\n9\n6\n3\n12\n9\n6\n3\n12\n9\n6\n3\n12\n9\n6\n3\n12\n9\n6\n3\n12\n9\n6\n3\n12\n9\n6\n3\n12\n9\n6\n3\n12\n9\n6\n3\n12\n9\n6\n3\n12\n9\n6\n3\n12\n9\n6\n3\n12\n9\n6\n3\n12\n9\n6\n3\n12\n9\n6\n3\n12\n9\n6\n3\n12\n9\n6\n3\n12\n9\n6\n3\n12\n9\n6\n3\n12\n9\n6\n3\n12\n9\n6\n3\n12\n9\n6\n3\n12\n9\n6\n3\n12\n9\n6\n3\n12\n9\n6\n3\n12\n9\n6\n3\n12\n9\n6\n3\n12\n9\n6\n3\n12\n9\n6\n3\n12\n9\n6\n3\n12\n9\n6\n3\n12\n9\n6\n3\n12\n9\n6\n3\n12\n9\n6\n3\n12\n9\n6\n3\n12\n9\n6\n3\n12\n9\n6\n3\n12\n9\n6\n3\n12\n9\n6\n3\n12\n9\n6\n3\n12\n9\n6\n3\n12\n9\n6\n3\n12\n9\n6\n3\n12\n9\n6\n3\n12\n9\n6\n3\n12\n9\n6\n3\n12\n9\n6\n3\n12\n9\n6\n3\n12\n9\n6\n3\n12\n9\n6\n3\n12\n9\n6\n3\n12\n9\n6\n3\n12\n9\n6\n3\n12\n9\n6\n3\n12\n9\n6\n3\n12\n9\n6\n3\n12\n9\n6\n3\n12\n9\n6\n3\n12\n9\n6\n3\n12\n9\n6\n3\n12\n9\n6\n3\n12\n9\n6\n3\n12\n9\n6\n3\n12\n9\n6\n3\n12\n9\n6\n3\n12\n9\n6\n3\n12\n9\n6\n3\n12\n9\n6\n3\n12\n9\n6\n3\n12\n9\n6\n3\n12\n9\n6\n3\n12\n9\n6\n3\n12\n9\n6\n3\n12\n9\n6\n3\n12\n9\n6\n3\n12\n9\n6\n3\n12\n9\n6\n3\n12\n9\n6\n3\n12\n9\n6\n3\n1"
    },
    "22": {
      "summary": "4.021\n\n<table>NEVERFEW TIMES A MONTHFEW TIMES A WEEKFEW TIMES A WEEKDONT KNOWMALE59%3%12%23%6%FEMALE11%2%1%1%62%</table>"
    },
    "23": {
      "summary": "26% PUBLIC HEARING\n\nWHAT TYPES OF PROGRAMS DO YOU LIKE THE MOST ON THE TELEVISION?\n\nBASE = 1684\n\n45% NEWS\n\n7% MUSIC SHOW\n\n4% TALK SHOWS\n\n13% DON’T KNOW\n\nWHICH IS YOUR FAVOURITE TV PROGRAM? (BASE = 1112)\n\nJIRE KHURSANI\n\n5%\n\nSAJHA SAWAL\n\nBHADRAGOL\n\nTITO SATYA\n\n10%\n\nOTHERS\n\nMERI BASSAI\n\n17%\n\nNEWS\n\n22%\n\nHARKE HAWALDAR\n\nDON’T KNOW\n\n12%\n\nSAJHA SAWAL\n\n11%\n\nMERI BASSAI\n\n11%\n\nNEWS\n\n30%\n\nDON’T KNOW\n\n27%\n\nHARKE HAWALDAR\n\n12%\n\nSAJHA SAWAL\n\n11%\n\nMERI BASSAI\n\n11%\n\nNEWS\n\n30%\n\nDON’T KNOW\n\n27%\n\nHARKE HAWALDAR\n\n12%\n\nSAJHA SAWAL\n\n11%\n\nMERI BASSAI\n\n11%\n\nNEWS\n\n30%\n\nDON’T KNOW\n\n27%\n\nHARKE HAWALDAR\n\n12%\n\nSAJHA SAWAL\n\n11%\n\nMERI BASSAI\n\n11%\n\nNEWS\n\n30%\n\nDON’T KNOW\n\n27%\n\nHARKE HAWALDAR\n\n12%\n\nSAJHA SAWAL\n\n11%\n\nMERI BASSAI\n\n11%\n\nNEWS\n\n30%\n\nDON’T KNOW\n\n27%\n\nHARKE HAWALDAR\n\n12%\n\nSAJHA SAWAL\n\n11%\n\nMERI BASSAI\n\n11%\n\nNEWS\n\n30%\n\nDON’T KNOW\n\n27%\n\nHARKE HAWALDAR\n\n12%\n\nSAJHA SAWAL\n\n11%\n\nMERI BASSAI\n\n11%\n\nNEWS\n\n30%\n\nDON’T KNOW\n\n27%\n\nHARKE HAWALDAR\n\n12%\n\nSAJHA SAWAL\n\n11%\n\nMERI BASSAI\n\n11%\n\nNEWS\n\n30%\n\nDON’T KNOW\n\n27%\n\nHARKE HAWALDAR\n\n12%\n\nSAJHA SAWAL\n\n11%\n\nMERI BASSAI\n\n11%\n\nNEWS\n\n30%\n\nDON’T KNOW\n\n27%\n\nHARKE HAWALDAR\n\n12%\n\nSAJHA SAWAL\n\n11%\n\nMERI BASSAI\n\n11%\n\nNEWS\n\n30%\n\nDON’T KNOW\n\n27%\n\nHARKE HAWALDAR\n\n12%\n\nSAJHA SAWAL\n\n11%\n\nMERI BASSAI\n\n11%\n\nNEWS\n\n30%\n\nDON’T KNOW\n\n27%\n\nHARKE HAWALDAR\n\n12%\n\nSAJHA SAWAL\n\n11%\n\nMERI BASSAI\n\n11%\n\nNEWS\n\n30%\n\nDON’T KNOW\n\n27%\n\nHARKE HAWALDAR\n\n12%\n\nSAJHA SAWAL\n\n11%\n\nMERI BASSAI\n\n11%\n\nNEWS\n\n30%\n\nDON’T KNOW\n\n27%\n\nHARKE HAWALDAR\n\n12%\n\nSAJHA SAWAL\n\n11%\n\nMERI BASSAI\n\n11%\n\nNEWS\n\n30%\n\nDON’T KNOW\n\n27%\n\nHARKE HAWALDAR\n\n12%\n\nSAJHA SAWAL\n\n11%\n\nMERI BASSAI\n\n11%\n\nNEWS\n\n30%\n\nDON’T KNOW\n\n27%\n\nHARKE HAWALDAR\n\n12%\n\nSAJHA SAWAL\n\n11%\n\nMERI BASSAI\n\n11%\n\nNEWS\n\n30%\n\nDON’T KNOW\n\n27%\n\nHARKE HAWALDAR\n\n12%\n\nSAJHA SAWAL\n\n11%\n\nMERI BASSAI\n\n11%\n\nNEWS\n\n30%\n\nDON’T KNOW\n\n27%\n\nHARKE HAWALDAR\n\n12%\n\nSAJHA SAWAL\n\n11%\n\nMERI BASSAI\n\n11%\n\nNEWS\n\n30%\n\nDON’T KNOW\n\n27%\n\nHARKE HAWALDAR\n\n12%\n\nSAJHA SAWAL\n\n11%\n\nMERI BASSAI\n\n11%\n\nNEWS\n\n30%\n\nDON’T KNOW\n\n27%\n\nHARKE HAWALDAR\n\n12%\n\nSAJHA SAWAL\n\n11%\n\nMERI BASSAI\n\n11%\n\nNEWS\n\n30%\n\nDON’"
    },
    "24": {
      "summary": "1353\n\n8%\nMIDNIGHT-3:00\n\n7%\n3AM-6AM\n\n27%\n6AM-9AM\n\n8%\n9AM-NOON\n\n13%\n9PM-MIDNIGHT\n\n15%\n6PM-9PM\n\n4%\n3PM-6PM\n\n10%\nNOON-3PM\n\n8%\n9AM-NOON\n\n24"
    },
    "25": {
      "summary": "4.021\n\n**The**\n\n**NEWS**\n\n\n**RURAL**\n\n\n**URBAN**\n\n\n**The**\n\n**Yes!**\n\n\n**The**\n\n**Yes!**\n\n\n**The**\n\n**No.**\n\n\n**No.**\n\n\n**No.**\n\n\n**No.**\n\n\n**No.**\n\n\n**No.**\n\n\n**No.**\n\n\n**No.**\n\n\n**No.**\n\n\n**No.**\n\n\n**No.**\n\n\n**No.**\n\n\n**No.**\n\n\n**No.**\n\n\n**No.**\n\n\n**No.**\n\n\n**No.**\n\n\n**No.**\n\n\n**No.**\n\n\n**No.**\n\n\n**No.**\n\n\n**No.**\n\n\n**No.**\n\n\n**No.**\n\n\n**No.**\n\n\n**No.**\n\n\n**No.**\n\n\n**No.**\n\n\n**No.**\n\n\n**No.**\n\n\n**No.**\n\n\n**No.**\n\n\n**No.**\n\n\n**No.**\n\n\n**No.**\n\n\n**No.**\n\n\n**No.**\n\n\n**No.**\n\n\n**No.**\n\n\n**No.**\n\n\n**No.**\n\n\n**No.**\n\n\n**No.**\n\n\n**No.**\n\n\n**No.**\n\n\n**No.**\n\n\n**No.**\n\n\n**No.**\n\n\n**No.**\n\n\n**No.**\n\n\n**No.**\n\n\n**No.**\n\n\n**No.**\n\n\n**No.**\n\n\n**No.**\n\n\n**No.**\n\n\n**No.**\n\n\n**No.**\n\n\n**No.**\n\n\n**No.**\n\n\n**No.**\n\n\n**No.**\n\n\n**No.**\n\n\n**No.**\n\n\n**No.**\n\n\n**No.**\n\n\n**No.**\n\n\n**No.**\n\n\n**No.**\n\n\n**No.**\n\n\n**No.**\n\n\n**No.**\n\n\n**No.**\n\n\n**No.**\n\n\n**No.**\n\n\n**No.**\n\n\n**No.**\n\n\n**No.**\n\n\n**No.**\n\n\n**No.**\n\n\n**No.**\n\n\n**No.**\n\n\n**No.**\n\n\n**No.**\n\n\n**No.**\n\n\n**No.**\n\n\n**No.**\n\n\n**No.**\n\n\n**No.**\n\n\n**No.**\n\n\n**No.**\n\n\n**No.**\n\n\n**No.**\n\n\n**No.**\n\n\n**No.**\n\n\n**No.**\n\n\n**No.**\n\n\n**No.**\n\n\n**No.**\n\n\n**No.**\n\n\n**No.**\n\n\n**No.**\n\n\n**No.**\n\n\n**No.**\n\n\n**No.**\n\n\n**No.**\n\n\n**No.**\n\n\n**No.**\n\n\n**No.**\n\n\n**No.**\n\n\n**No.**\n\n\n**No.**\n\n\n**No.**\n\n\n**No.**\n\n\n**No.**\n\n\n**No.**\n\n\n**No.**\n\n\n**No.**\n\n\n**No.**\n\n\n**No.**\n\n\n**No.**\n\n\n**No.**\n\n\n**No.**\n\n\n**No.**\n\n\n**No.**\n\n\n**No.**\n\n\n**No.**\n\n\n**No.**\n\n\n**No.**\n\n\n**No.**\n\n\n**No.**\n\n\n**No.**\n\n\n**No.**\n\n\n**No.**\n\n\n**No.**\n\n\n**No.**\n\n\n**No.**\n\n\n**No.**\n\n\n**No.**\n\n\n**No.**\n\n\n**No.**\n\n\n**No.**\n\n\n**No.**\n\n\n**No.**\n\n\n**No.**\n\n\n**No.**\n\n\n**No.**\n\n\n**No.**\n\n\n**No.**\n\n\n**No.**\n\n\n**No.**\n\n\n**No.**\n\n\n**No.**\n\n\n**No.**\n\n\n**No.**\n\n\n**No.**\n\n\n**No.**\n\n\n**No.**\n\n\n**No.**\n\n\n**No.**\n\n\n**No.**\n\n\n**No.**\n\n\n**No.**\n\n\n**No.**\n\n\n**No.**\n\n\n**No.**\n\n\n**No.**\n\n\n**No.**\n\n\n**No.**\n\n\n**No.**\n\n\n**No.**\n\n\n**No.**\n\n\n**No.**\n\n\n**No.**\n\n\n**No.**\n\n\n**No.**\n\n\n**No.**\n\n\n**No.**\n\n\n**No.**\n\n\n**No.**\n\n\n**No.**\n\n\n**No.**\n\n\n**No.**\n\n\n**No.**\n\n\n**No.**\n\n\n**No.**\n\n\n**No.**\n\n\n**No.**\n\n\n**No.**\n\n\n**No.**\n\n\n"
    },
    "26": {
      "summary": "4.021\n\nBASE= 89.5%\n\n\nRURAL\n\nNo.\n\n92%\n\nYes!\n\n6%\n\nDONT\n\nKNOW\n\n2%\n\nDONT\n\nKNOW\n\n21%\n\nURBAN\n\nNo.\n\n77 %\n\nYes!\n\n21%\n\nDONT\n\nKNOW\n\n2%\n\nDONT\n\nKNOW"
    },
    "27": {
      "summary": "4.021\n\n**DON'T**\n**KNOW**\n\n**Yes!**\n**12%**\n\n**No.**\n**83%**\n\n**EDUCATION**\n\n\n**RURAL** **URBAN**\n\n**No.**\n**74%**\n\n**Yes!**\n**23%**\n\n**18.0%**\n**MALE**\n**USES**\n**INTERNET**\n\n**6.5%**\n**FEMALE**\n**USES INTERNET**\n\n\n**LITERATE** **PRIMARY** **SEC** **SEC.** **SLC** **INTER** **BACHELOR** **MASTER &**\n\n**70%** **73%**\n\n**11%** **17%** **48%** **49%**"
    },
    "28": {
      "summary": "493\n\n\n\n\nHOW DO YOU ACCESS THE INTERNET?\n\nBASE=\n\n9% ON MY OFFICE COMPUTER/LAPTOP\n\n10% IN A CYBER\n\n24% ON MY HOME COMPUTER/LAPTOP\n\n88% ON MY MOBILE PHONE"
    },
    "29": {
      "summary": "4.021\n\n**WHAT DO YOU USE THE INTERNET FOR?**\n\nBASE= 4.021\n\nSOCIAL MEDIA (FACEBOOK, TWITTER ETC)\n\nCOMMUNICATION WITH FRIENDS/FAMILY (SKYPE ETC)\n\nNEWS\n\nWORK\n\nPERSONAL RESEARCH (INCLUDING JOB SEARCH)\n\nEDUCATION (SCHOOL, COLLEGE, WORK)"
    },
    "30": {
      "summary": "30%\n\n\n: 12%\n\n\n: 60%\n\n\n: 80%\n\n\n: 20%\n\n\n: 40%\n\n\n: 60%\n\n\n: 80%"
    },
    "31": {
      "summary": "1958. MULTIPLE RESPONSES\n\nBASE = 40%\n\nSOMEWHAT RELIABLE/TRUSTWORTHY\n\nDON'T KNOW\n\nBASE = 4021\n\nNEWSPAPER\n\n22% VERY RELIABLE/TRUSTWORTHY\n\nNOT RELIABLE/TRUSTWORTHY\n\nBASE = 1473\n\nRADIO\n\n54% VERY RELIABLE/TRUSTWORTHY\n\n41% SOMEWHAT RELIABLE/TRUSTWORTHY\n\nBASE = 2148\n\nTELEVISION\n\n49% VERY RELIABLE/TRUSTWORTHY\n\n46% SOMEWHAT RELIABLE/TRUSTWORTHY\n\nBASE = 2%\n\nDON'T KNOW\n\n2% NOT RELIABLE/TRUSTWORTHY\n\n2% DONT KNOW\n\nBASE = 2%\n\n31"
    },
    "32": {
      "summary": "4,021\n\n**BASE=**\n\n\n**CALLING VIA**\n**MOBILEPHONE**\n\n**FRIENDS 18%**\n**AND FAMILY**\n\n**7% INTERNET**\n\n**7%**\n\n**NEWSPAPER/**\n**MAGAZINES**\n\n**39%**\n**TV**\n\n**22%**\n\n**RADIO**\n\n**22%**\n\n**RADIO**\n\n\n**NEWS**\n\n\n**NEWS**\n\n\n**NEWS**\n\n\n**NEWS**\n\n\n**NEWS**\n\n\n**NEWS**\n\n\n**NEWS**\n\n\n**NEWS**\n\n\n**NEWS**\n\n\n**NEWS**\n\n\n**NEWS**\n\n\n**NEWS**\n\n\n**NEWS**\n\n\n**NEWS**\n\n\n**NEWS**\n\n\n**NEWS**\n\n\n**NEWS**\n\n\n**NEWS**\n\n\n**NEWS**\n\n\n**NEWS**\n\n\n**NEWS**\n\n\n**NEWS**\n\n\n**NEWS**\n\n\n**NEWS**\n\n\n**NEWS**\n\n\n**NEWS**\n\n\n**NEWS**\n\n\n**NEWS**\n\n\n**NEWS**\n\n\n**NEWS**\n\n\n**NEWS**\n\n\n**NEWS**\n\n\n**NEWS**\n\n\n**NEWS**\n\n\n**NEWS**\n\n\n**NEWS**\n\n\n**NEWS**\n\n\n**NEWS**\n\n\n**NEWS**\n\n\n**NEWS**\n\n\n**NEWS**\n\n\n**NEWS**\n\n\n**NEWS**\n\n\n**NEWS**\n\n\n**NEWS**\n\n\n**NEWS**\n\n\n**NEWS**\n\n\n**NEWS**\n\n\n**NEWS**\n\n\n**NEWS**\n\n\n**NEWS**\n\n\n**NEWS**\n\n\n**NEWS**\n\n\n**NEWS**\n\n\n**NEWS**\n\n\n**NEWS**\n\n\n**NEWS**\n\n\n**NEWS**\n\n\n**NEWS**\n\n\n**NEWS**\n\n\n**NEWS**\n\n\n**NEWS**\n\n\n**NEWS**\n\n\n**NEWS**\n\n\n**NEWS**\n\n\n**NEWS**\n\n\n**NEWS**\n\n\n**NEWS**\n\n\n**NEWS**\n\n\n**NEWS**\n\n\n**NEWS**\n\n\n**NEWS**\n\n\n**NEWS**\n\n\n**NEWS**\n\n\n**NEWS**\n\n\n**NEWS**\n\n\n**NEWS**\n\n\n**NEWS**\n\n\n**NEWS**\n\n\n**NEWS**\n\n\n**NEWS**\n\n\n**NEWS**\n\n\n**NEWS**\n\n\n**NEWS**\n\n\n**NEWS**\n\n\n**NEWS**\n\n\n**NEWS**\n\n\n**NEWS**\n\n\n**NEWS**\n\n\n**NEWS**\n\n\n**NEWS**\n\n\n**NEWS**\n\n\n**NEWS**\n\n\n**NEWS**\n\n\n**NEWS**\n\n\n**NEWS**\n\n\n**NEWS**\n\n\n**NEWS**\n\n\n**NEWS**\n\n\n**NEWS**\n\n\n**NEWS**\n\n\n**NEWS**\n\n\n**NEWS**\n\n\n**NEWS**\n\n\n**NEWS**\n\n\n**NEWS**\n\n\n**NEWS**\n\n\n**NEWS**\n\n\n**NEWS**\n\n\n**NEWS**\n\n\n**NEWS**\n\n\n**NEWS**\n\n\n**NEWS**\n\n\n**NEWS**\n\n\n**NEWS**\n\n\n**NEWS**\n\n\n**NEWS**\n\n\n**NEWS**\n\n\n**NEWS**\n\n\n**NEWS**\n\n\n**NEWS**\n\n\n**NEWS**\n\n\n**NEWS**\n\n\n**NEWS**\n\n\n**NEWS**\n\n\n**NEWS**\n\n\n**NEWS**\n\n\n**NEWS**\n\n\n**NEWS**\n\n\n**NEWS**\n\n\n**NEWS**\n\n\n**NEWS**\n\n\n**NEWS**\n\n\n**NEWS**\n\n\n**NEWS**\n\n\n**NEWS**\n\n\n**NEWS**\n\n\n**NEWS**\n\n\n**NEWS**\n\n\n**NEWS**\n\n\n**NEWS**\n\n\n**NEWS**\n\n\n**NEWS**\n\n\n**NEWS**\n\n\n**NEWS**\n\n\n**NEWS**\n\n\n**NEWS**\n\n\n**NEWS**\n\n\n**NEWS**\n\n\n**NEWS**\n\n\n**NEWS**\n\n\n**NEWS**\n\n\n**NEWS**\n\n\n**NEWS**\n\n\n**NEWS**\n\n\n**NEWS**\n\n\n**NEWS**\n\n\n**NEWS**\n\n\n**NEWS**\n\n\n**NEWS**\n\n\n**NEWS**\n\n\n**NEWS**\n\n\n**NEWS**\n\n\n**NEWS**\n\n\n"
    },
    "33": {
      "summary": "1353\n\nNEWS ABOUT OWN DISTRICT/REGION\n\nNEWS ABOUT LOCAL COMMUNITY\n\nNEWS ABOUT OWN DISTRICT/REGION\n\nNEWS ABOUT LOCAL COMMUNITY\n\nNEWS ABOUT OWN DISTRICT/REGION\n\nNEWS ABOUT LOCAL COMMUNITY\n\nNEWS ABOUT OWN DISTRICT/REGION\n\nNEWS ABOUT LOCAL COMMUNITY\n\nNEWS ABOUT OWN DISTRICT/REGION\n\nNEWS ABOUT LOCAL COMMUNITY\n\nNEWS ABOUT OWN DISTRICT/REGION\n\nNEWS ABOUT LOCAL COMMUNITY\n\nNEWS ABOUT OWN DISTRICT/REGION\n\nNEWS ABOUT LOCAL COMMUNITY\n\nNEWS ABOUT OWN DISTRICT/REGION\n\nNEWS ABOUT LOCAL COMMUNITY\n\nNEWS ABOUT OWN DISTRICT/REGION\n\nNEWS ABOUT LOCAL COMMUNITY\n\nNEWS ABOUT OWN DISTRICT/REGION\n\nNEWS ABOUT LOCAL COMMUNITY\n\nNEWS ABOUT OWN DISTRICT/REGION\n\nNEWS ABOUT LOCAL COMMUNITY\n\nNEWS ABOUT OWN DISTRICT/REGION\n\nNEWS ABOUT LOCAL COMMUNITY\n\nNEWS ABOUT OWN DISTRICT/REGION\n\nNEWS ABOUT LOCAL COMMUNITY\n\nNEWS ABOUT OWN DISTRICT/REGION\n\nNEWS ABOUT LOCAL COMMUNITY\n\nNEWS ABOUT OWN DISTRICT/REGION\n\nNEWS ABOUT LOCAL COMMUNITY\n\nNEWS ABOUT OWN DISTRICT/REGION\n\nNEWS ABOUT LOCAL COMMUNITY\n\nNEWS ABOUT OWN DISTRICT/REGION\n\nNEWS ABOUT LOCAL COMMUNITY\n\nNEWS ABOUT OWN DISTRICT/REGION\n\nNEWS ABOUT LOCAL COMMUNITY\n\nNEWS ABOUT OWN DISTRICT/REGION\n\nNEWS ABOUT LOCAL COMMUNITY\n\nNEWS ABOUT OWN DISTRICT/REGION\n\nNEWS ABOUT LOCAL COMMUNITY\n\nNEWS ABOUT OWN DISTRICT/REGION\n\nNEWS ABOUT LOCAL COMMUNITY\n\nNEWS ABOUT OWN DISTRICT/REGION\n\nNEWS ABOUT LOCAL COMMUNITY\n\nNEWS ABOUT OWN DISTRICT/REGION\n\nNEWS ABOUT LOCAL COMMUNITY\n\nNEWS ABOUT OWN DISTRICT/REGION\n\nNEWS ABOUT LOCAL COMMUNITY\n\nNEWS ABOUT OWN DISTRICT/REGION\n\nNEWS ABOUT LOCAL COMMUNITY\n\nNEWS ABOUT OWN DISTRICT/REGION\n\nNEWS ABOUT LOCAL COMMUNITY\n\nNEWS ABOUT OWN DISTRICT/REGION\n\nNEWS ABOUT LOCAL COMMUNITY\n\nNEWS ABOUT OWN DISTRICT/REGION\n\nNEWS ABOUT LOCAL COMMUNITY\n\nNEWS ABOUT OWN DISTRICT/REGION\n\nNEWS ABOUT LOCAL COMMUNITY\n\nNEWS ABOUT OWN DISTRICT/REGION\n\nNEWS ABOUT LOCAL COMMUNITY\n\nNEWS ABOUT OWN DISTRICT/REGION\n\nNEWS ABOUT LOCAL COMMUNITY\n\nNEWS ABOUT OWN DISTRICT/REGION\n\nNEWS ABOUT LOCAL COMMUNITY\n\nNEWS ABOUT OWN DISTRICT/REGION\n\nNEWS ABOUT LOCAL COMMUNITY\n\nNEWS ABOUT OWN"
    },
    "34": {
      "summary": " Nepa Media Landscape September 2013"
    },
    "35": {
      "summary": "39%\n\n\nWhat is your favorite radio program? Base 2319"
    },
    "36": {
      "summary": "0\n\n**Everyday** **Few times** **Few times** **Never**\n\n**a week** **a month**\n\n**46%** **24%** **8%** **23%**"
    },
    "37": {
      "summary": "0\n\nEveryday\n\nFew times\n\na week\n\nFew times\n\na month\n\nNever\n\n9%\n\n11%\n\n10%\n\n70%"
    },
    "38": {
      "summary": "0\n\n**Everyday** **a week** **a month**\n\n\n**Few times** **Few times**\n**Never**\n\n\n**32%** **15%** **8%** **23%**"
    },
    "39": {
      "summary": "0\n\n**Access to Internet**\n\n\nEveryday Few times Few times Never\n\na week a month\n\n\n7% 7% 4% 82%"
    },
    "40": {
      "summary": "46%\n\n\n: 32%\n\n\n: 9%\n\n\n: 7%"
    },
    "41": {
      "summary": "0\n\nAccess to Media few times a week"
    },
    "42": {
      "summary": "0\n\n: 0\n\n: 0\n\n: 0\n\n: 0\n\n: 0\n\n: 0\n\n: 0\n\n: 0\n\n: 0\n\n: 0\n\n: 0\n\n: 0\n\n: 0\n\n: 0\n\n: 0\n\n: 0\n\n: 0\n\n: 0\n\n: 0\n\n: 0\n\n: 0\n\n: 0\n\n: 0\n\n: 0\n\n: 0\n\n: 0\n\n: 0\n\n: 0\n\n: 0\n\n: 0\n\n: 0\n\n: 0\n\n: 0\n\n: 0\n\n: 0\n\n: 0\n\n: 0\n\n: 0\n\n: 0\n\n: 0\n\n: 0\n\n: 0\n\n: 0\n\n: 0\n\n: 0\n\n: 0\n\n: 0\n\n: 0\n\n: 0\n\n: 0\n\n: 0\n\n: 0\n\n: 0\n\n: 0\n\n: 0\n\n: 0\n\n: 0\n\n: 0\n\n: 0\n\n: 0\n\n: 0\n\n: 0\n\n: 0\n\n: 0\n\n: 0\n\n: 0\n\n: 0\n\n: 0\n\n: 0\n\n: 0\n\n: 0\n\n: 0\n\n: 0\n\n: 0\n\n: 0\n\n: 0\n\n: 0\n\n: 0\n\n: 0\n\n: 0\n\n: 0\n\n: 0\n\n: 0\n\n: 0\n\n: 0\n\n: 0\n\n: 0\n\n: 0\n\n: 0\n\n: 0\n\n: 0\n\n: 0\n\n: 0\n\n: 0\n\n: 0\n\n: 0\n\n: 0\n\n: 0\n\n: 0\n\n: 0\n\n: 0\n\n: 0\n\n: 0\n\n: 0\n\n: 0\n\n: 0\n\n: 0\n\n: 0\n\n: 0\n\n: 0\n\n: 0\n\n: 0\n\n: 0\n\n: 0\n\n: 0\n\n: 0\n\n: 0\n\n: 0\n\n: 0\n\n: 0\n\n: 0\n\n: 0\n\n: 0\n\n: 0\n\n: 0\n\n: 0\n\n: 0\n\n: 0\n\n: 0\n\n: 0\n\n: 0\n\n: 0\n\n: 0\n\n: 0\n\n: 0\n\n: 0\n\n: 0\n\n: 0\n\n: 0\n\n: 0\n\n: 0\n\n: 0\n\n: 0\n\n: 0\n\n: 0\n\n: 0\n\n: 0\n\n: 0\n\n: 0\n\n: 0\n\n: 0\n\n: 0\n\n: 0\n\n: 0\n\n: 0\n\n: 0\n\n: 0\n\n: 0\n\n: 0\n\n: 0\n\n: 0\n\n: 0\n\n: 0\n\n: 0\n\n: 0\n\n: 0\n\n: 0\n\n: 0\n\n: 0\n\n: 0\n\n: 0\n\n: 0\n\n: 0\n\n: 0\n\n: 0\n\n: 0\n\n: 0\n\n: 0\n\n: 0\n\n: 0\n\n: 0\n\n: 0\n\n: 0\n\n: 0\n\n: 0\n\n: 0\n\n: 0\n\n: 0\n\n: 0\n\n: 0\n\n: 0\n\n: 0\n\n: 0\n\n: 0\n\n: 0\n\n: 0\n\n: 0\n\n: 0\n\n: 0\n\n: 0\n\n: 0\n\n: 0\n\n: 0\n\n: 0\n\n: 0\n\n: 0\n\n: 0\n\n: 0\n\n: 0\n\n: 0\n\n: 0\n\n: 0\n\n: 0\n\n: 0\n\n: 0\n\n: 0\n\n: 0\n\n: 0\n\n: 0\n\n: 0\n\n: 0\n\n: 0\n\n: 0\n\n: 0\n\n: 0\n\n: 0\n\n: 0\n\n: 0\n\n: 0\n\n: 0\n\n: 0\n\n: 0\n\n: 0\n\n: 0\n\n: 0\n\n: 0\n\n: 0\n\n: 0\n\n: 0\n\n: 0\n\n: 0\n\n: 0\n\n: 0\n\n: 0\n\n: 0\n\n: 0\n\n: 0\n\n: 0\n\n: 0\n\n: 0\n\n: 0\n\n: 0\n\n: 0\n\n: 0\n\n: 0\n\n: 0\n\n: 0\n\n: 0\n\n: 0\n\n: 0\n\n: 0\n\n: 0\n\n: 0\n\n: 0\n\n: 0\n\n: 0\n\n: 0\n\n: 0\n\n: 0\n\n: 0\n\n: 0\n\n: 0\n\n: 0\n\n: 0\n\n: 0\n\n: 0\n\n: 0\n\n: 0\n\n: 0\n\n: 0\n\n: 0\n\n: 0\n\n: 0\n\n: 0\n\n: 0\n\n: 0\n\n: 0\n\n: 0\n\n: 0\n\n: 0\n\n: 0\n\n: 0\n\n: 0\n\n: 0\n\n: 0\n\n: 0\n\n: 0\n\n: 0\n\n: 0\n\n: 0\n\n: 0\n\n: 0\n\n: 0\n\n: 0\n\n: 0\n\n: 0\n\n: 0\n\n: 0\n\n: 0\n\n: 0\n\n: 0\n\n: 0\n\n: 0\n\n: 0\n\n: 0\n\n: 0\n\n: 0\n\n: 0\n\n: 0\n\n: 0\n\n: 0\n\n: 0\n\n: 0\n\n: 0\n\n: 0\n\n: 0\n\n: 0\n\n: 0\n\n: 0\n\n: 0\n\n: 0\n\n: 0\n\n: 0\n\n: 0\n\n: 0\n\n: 0\n\n: 0\n\n: 0\n\n: 0\n\n: 0\n\n: 0\n\n: 0\n\n: 0\n\n: 0\n\n: 0\n\n: 0\n\n: 0\n\n: 0\n\n: 0\n\n: 0\n\n: 0\n\n: 0\n\n: 0\n\n: 0\n\n: 0\n\n: 0\n\n: 0\n\n: 0\n\n: 0\n\n: 0\n\n: 0\n\n: 0\n\n: 0\n\n: 0\n\n: 0\n\n: 0\n\n: 0\n\n: 0\n\n: 0\n\n: 0\n\n: 0\n\n: 0\n\n: 0\n\n: 0\n\n: 0\n\n: 0\n\n: 0\n\n: 0\n\n: 0\n\n: 0\n\n: 0\n\n: 0\n\n: 0\n\n: 0\n\n: 0\n\n: 0\n\n: 0\n\n: 0\n\n: 0\n\n: 0\n\n: 0\n\n: 0\n\n: 0\n\n: 0\n\n: 0\n\n: 0\n\n: 0\n\n: 0\n\n: 0\n\n: "
    },
    "43": {
      "summary": "23%\n\n\n: 23%\n\n\n: 70%\n\n\n: 82%"
    },
    "44": {
      "summary": "0.5\n\nINTERNEWS | Local Voices. Global Change.\n\nWeb:www.internews.org |\n\nTwitter @internews |\n\nFacebook: facebook.com/internews"
    }
  }
}
