{
  "doc_id": "formwork-150318073913-conversion-gate01_95.pdf",
  "pages": {
    "1": {
      "summary": " FORMWORK\n\nA STUDY OF ITS VARIOUS TYPES, MATERIALS AND CONSTRUCTION TECHNIQUES"
    },
    "2": {
      "summary": "2024-01-01 00:00\n\nINTRODUCTION TO FORMWORK\n\nWhat is Formwork?\n\nFormwork in construction is the use of support structures and moulds to create structures out of concrete which is poured into the moulds. Formwork can be made using moulds out of steel, wood, aluminium and/or prefabricated forms.\n\nFormwork is an ancillary construction, used as a mould for a structure. Into this mould, fresh concrete is placed only to harden subsequently.\n\nThe construction of formwork takes time and involves expenditure up to 20 to 25% of the cost of the structure or even more.\n\nThe operation of removing the formwork is known as stripping. Stripped formwork can be reused. Reusable forms are known as panel forms and non-usable are called stationary forms.\n\nFormwork is designed according to The ACI document SP-4."
    },
    "3": {
      "summary": " A good formwork should satisfy the following requirements:\n\nStrong enough to withstand all types of dead and live loads\n\nRigidly constructed and efficiently propped and braced both horizontally and vertically, so as to retain its shape\n\nThe joints in the formwork should be tight against leakage of cement grout\n\nConstruction of formwork should permit removal of various parts in desired sequences without damage to the concrete\n\nMaterial of the formwork should be cheap, easily available and should be suitable for reuse\n\nThe formwork should be set accurately to the desired line and levels should have plane surface.\n\nAs light as possible\n\nMaterial of the formwork should not warp or get distorted when exposed to the elements\n\nShould rest on firm base\n\n- The following points are to be kept in view to effect economy in the cost of formwork:\n  - The plan of the building should imply minimum number of variations in the size of rooms, floor area etc. so as to permit reuse of the formwork repeatedly.\n  - Design should be perfect to use slender sections only in a most economical way.\n  - Minimum sawing and cutting of wooden pieces should be made to enable reuse of the material a number of times. The quantity of surface finish depends on the quality of the formwork."
    },
    "4": {
      "summary": " The formwork is built on site out of timber and plywood or moisture-resistant particleboard. It is easy to produce but time-consuming for larger structures, and the plywood facing has a relatively short lifespan. It is still used extensively where the labour costs are lower than the costs for procuring reusable formwork. It is also the most flexible type of formwork, so even where other systems are in use, complicated sections may use it.\n\n**Modern-Day Formworks:** This formwork systems are mostly modular, which are designed for speed and efficiency. They are designed to provide increased accuracy and minimize waste in construction and most have enhanced health and safety features built-in. The main types of formwork systems in use now are:\n\n- Table form/flying form\n- System column formwork\n- Horizontal panel\n- Slip form\n- Tunnel form\n\n**Engineered/Pre-fabricated Formworks:** This formwork is built out of prefabricated modules with a metal frame (usually steel or aluminium) and covered on the application (concrete) side with material having the wanted surface structure (steel, aluminium, timber, etc.). The two major advantages of formwork systems, compared to traditional timber formwork, are speed of construction and lower life-cycle costs (barring major force, the frame is almost indestructible, while the covering if made of wood; may have to be replaced after a few – or a few dozen – uses, but if the covering is made with steel or aluminium the form can achieve up to two thousand uses depending on care and the applications)."
    },
    "5": {
      "summary": ":\n\n\nMATERIALS USED\n\nFormwork are mainly of two types\nSteel formwork\nWooden formwork\n\nSteel formwork is made of\nSteel sheets\nAngle Iron\nTee Iron\n\nWooden formwork consists of\nProps\nPlanks battens\nLedgers\nSheeting\n\nWooden formwork\n\nSteel Formwork"
    },
    "6": {
      "summary": ":\n\n\n\n<table><th colspan=\"1\" rowspan=\"3\">Timber formwork:</th><th colspan=\"1\"></th><th colspan=\"1\"></th>\n<td colspan=\"1\">- Most common material used for bracing the member, hence called as the traditional formwork.<td colspan=\"1\">\n<td colspan=\"1\">- can easily be cut to size on site. Joist are replaced with engineered wood beams and supports are replaced with metal props. This makes this method more systematic and reusable.<td colspan=\"1\">\n<td colspan=\"1\">- Various sizes of members of timber<td colspan=\"1\">\n<td colspan=\"1\"><b>Sheeting for slabs, beam, column side and beam bottom</b><td colspan=\"1\"><b>25 mm to 40mm thick</b><td colspan=\"1\">\n<td colspan=\"1\"><b>Joints, ledges</b><td colspan=\"1\"><b>50 x 70 mm to 50 x 150 mm</b><td colspan=\"1\">\n<td colspan=\"1\"><b>Posts</b><td colspan=\"1\"><b>75 x 100mm to 100 x 100 mm</b><td colspan=\"1\">\n</table>"
    },
    "7": {
      "summary": " This is by far the most common material used for the facing panel. It is easily cut to shape on site, and if handled and stored carefully, it can be used many times.\n\n- A standard plywood thickness on site is 18mm. This is usually sufficient for most pours.\n\n- However, if the formwork is curved, a thinner plywood is used to facilitate bending.\n\n- Thicker plywood may be used when the weight of concrete causes a standard thickness plywood to bow out, distorting the concrete face."
    },
    "8": {
      "summary": " Steel formwork:\n\n- Steel forms are stronger, durable and have longer life than timber formwork and their reuses are more in number\n\n- Steel forms can be installed and dismantled with greater ease and speed.\n\n- The quality of exposed concrete surface by using steel forms is good and such surfaces need no further treatment.\n\n- Steel formwork does not absorb moisture from concrete.\n\n- Steel formwork does not shrink or warp"
    },
    "9": {
      "summary": " Aluminium formwork\n\n- Often used in pre-fabricated formwork, that is put together on site.\n\n- Aluminium is strong and light, and consequently fewer supports and ties are required.\n\n- The lighter sections will deflect more, but this can be avoided by simply following the manufacturers' recommendations."
    },
    "10": {
      "summary": " Glass reinforced plastics (GRP) and vacuum formed plastics are used when complicated concrete shapes are required (e.g. waffle floors).\n\n- Although vacuum formed plastics will always need support, GRP can be fabricated with integral bearers making it self supporting.\n\n- Like steel, plastic formwork can be re-used many times, as long as care is taken not to scour the surface whilst vibrating the concrete."
    },
    "11": {
      "summary": " PROCESS OF FORMWORK CONSTRUCTION\n\nFORMWORK FOR VARIOUS STRUCTURAL MEMBERS\n\nConstruction of formwork:\n\nThis normally involves the following operations:\n\n1. Propping and centering\n2. Shuttering\n3. Provision of camber\n4. Cleaning and surface treatment"
    },
    "12": {
      "summary": " FORMWORK FOR WALL\n\nIt consists of\n• Timber sheeting\n• Vertical posts\n• Horizontal members\n• Rackers\n• Stakes\n• Wedges\n\nAfter completing one side of formwork reinforcement is provided at the place then the second side formwork is provided.\n\nMS BARS\nWEDGE\nTIMBER SPACER\nBOLT WITH NUT & HEAD\nSTRUTS AT EQ AL\nSPACING\nBOARDING\nWEDGE\nBRACINGS\nCONCRETE\nWALL\nSOLE PLATE\nWOODEN BLOCKS\nPACKING"
    },
    "13": {
      "summary": " Wall Formworks and its components\n\nFloor soffit\n\nTimber joists to support the floor soffit\n\nMetal prop (tubular frame)"
    },
    "14": {
      "summary": " It consists of the following\n\n- Side & End Planks\n- Yoke\n- Nut & Bolts\n\nTwo end & two side planks are joined by the yokes and bolts.\n\n\n\n\n<table><th colspan=\"1\" rowspan=\"2\">NoneNone<td colspan=\"1\">NoneNone</table>\n\n<table><td rowspan=\"3\">NoneNoneNoneNoneNoneNone</table>"
    },
    "15": {
      "summary": "1\n\n:\n\n:\n\n:\n\n:\n\n:\n\n:\n\n:\n\n:\n\n:\n\n:\n\n:\n\n:\n\n:\n\n:\n\n:\n\n:\n\n:\n\n:\n\n:\n\n:\n\n:\n\n:\n\n:\n\n:\n\n:\n\n:\n\n:\n\n:\n\n:\n\n:\n\n:\n\n:\n\n:\n\n:\n\n:\n\n:\n\n:\n\n:\n\n:\n\n:\n\n:\n\n:\n\n:\n\n:\n\n:\n\n:\n\n:\n\n:\n\n:\n\n:\n\n:\n\n:\n\n:\n\n:\n\n:\n\n:\n\n:\n\n:\n\n:\n\n:\n\n:\n\n:\n\n:\n\n:\n\n:\n\n:\n\n:\n\n:\n\n:\n\n:\n\n:\n\n:\n\n:\n\n:\n\n:\n\n:\n\n:\n\n:\n\n:\n\n:\n\n:\n\n:\n\n:\n\n:\n\n:\n\n:\n\n:\n\n:\n\n:\n\n:\n\n:\n\n:\n\n:\n\n:\n\n:\n\n:\n\n:\n\n:\n\n:\n\n:\n\n:\n\n:\n\n:\n\n:\n\n:\n\n:\n\n:\n\n:\n\n:\n\n:\n\n:\n\n:\n\n:\n\n:\n\n:\n\n:\n\n:\n\n:\n\n:\n\n:\n\n:\n\n:\n\n:\n\n:\n\n:\n\n:\n\n:\n\n:\n\n:\n\n:\n\n:\n\n:\n\n:\n\n:\n\n:\n\n:\n\n:\n\n:\n\n:\n\n:\n\n:\n\n:\n\n:\n\n:\n\n:\n\n:\n\n:\n\n:\n\n:\n\n:\n\n:\n\n:\n\n:\n\n:\n\n:\n\n:\n\n:\n\n:\n\n:\n\n:\n\n:\n\n:\n\n:\n\n:\n\n:\n\n:\n\n:\n\n:\n\n:\n\n:\n\n:\n\n:\n\n:\n\n:\n\n:\n\n:\n\n:\n\n:\n\n:\n\n:\n\n:\n\n:\n\n:\n\n:\n\n:\n\n:\n\n:\n\n:\n\n:\n\n:\n\n:\n\n:\n\n:\n\n:\n\n:\n\n:\n\n:\n\n:\n\n:\n\n:\n\n:\n\n:\n\n:\n\n:\n\n:\n\n:\n\n:\n\n:\n\n:\n\n:\n\n:\n\n:\n\n:\n\n:\n\n:\n\n:\n\n:\n\n:\n\n:\n\n:\n\n:\n\n:\n\n:\n\n:\n\n:\n\n:\n\n:\n\n:\n\n:\n\n:\n\n:\n\n:\n\n:\n\n:\n\n:\n\n:\n\n:\n\n:\n\n:\n\n:\n\n:\n\n:\n\n:\n\n:\n\n:\n\n:\n\n:\n\n:\n\n:\n\n:\n\n:\n\n:\n\n:\n\n:\n\n:\n\n:\n\n:\n\n:\n\n:\n\n:\n\n:\n\n:\n\n:\n\n:\n\n:\n\n:\n\n:\n\n:\n\n:\n\n:\n\n:\n\n:\n\n:\n\n:\n\n:\n\n:\n\n:\n\n:\n\n:\n\n:\n\n:\n\n:\n\n:\n\n:\n\n:\n\n:\n\n:\n\n:\n\n:\n\n:\n\n:\n\n:\n\n:\n\n:\n\n:\n\n:\n\n:\n\n:\n\n:\n\n:\n\n:\n\n:\n\n:\n\n:\n\n:\n\n:\n\n:\n\n:\n\n:\n\n:\n\n:\n\n:\n\n:\n\n:\n\n:\n\n:\n\n:\n\n:\n\n:\n\n:\n\n:\n\n:\n\n:\n\n:\n\n:\n\n:\n\n:\n\n:\n\n:\n\n:\n\n:\n\n:\n\n:\n\n:\n\n:\n\n:\n\n:\n\n:\n\n:\n\n:\n\n:\n\n:\n\n:\n\n:\n\n:\n\n:\n\n:\n\n:\n\n:\n\n:\n\n:\n\n:\n\n:\n\n:\n\n:\n\n:\n\n:\n\n:\n\n:\n\n:\n\n:\n\n:\n\n:\n\n:\n\n:\n\n:\n\n:\n\n:\n\n:\n\n:\n\n:\n\n:\n\n:\n\n:\n\n:\n\n:\n\n:\n\n:\n\n:\n\n:\n\n:\n\n:\n\n:\n\n:\n\n:\n\n:\n\n:\n\n:\n\n:\n\n:\n\n:\n\n:\n\n:\n\n:\n\n:\n\n:\n\n:\n\n:\n\n:\n\n:\n\n:\n\n:\n\n:\n\n:\n\n:\n\n:\n\n:\n\n:\n\n:\n\n:\n\n:\n\n:\n\n:\n\n:\n\n:\n\n:\n\n:\n\n:\n\n:\n\n:\n\n:\n\n:\n\n:\n\n:\n\n:\n\n:\n\n:\n\n:\n\n:\n\n:\n\n:\n\n:\n\n:\n\n:\n\n:\n\n:\n\n:\n\n:\n\n:\n\n:\n\n:\n\n:\n\n:\n\n:\n\n:\n\n:\n\n:\n\n:\n\n:\n\n:\n\n:\n\n:\n\n:\n\n:\n\n:\n\n:\n\n:\n\n:\n\n:\n\n:\n\n:\n\n:\n\n:\n\n:\n\n:\n\n:\n\n:\n\n:\n\n:\n\n:\n\n:\n\n:\n\n:\n\n:\n\n:\n\n:\n\n:\n\n:\n\n:\n\n:\n\n:\n\n:\n\n:\n\n:\n\n:\n\n:\n\n:\n\n:\n\n:\n\n:\n\n:\n\n:\n\n:\n\n:\n\n:\n\n:\n\n:\n\n:\n\n:\n\n:\n\n:\n\n:\n\n:\n\n:\n\n:\n\n:\n\n:\n\n:\n\n:\n\n:\n\n:\n\n:\n\n:\n\n:\n\n:\n\n:\n\n:\n\n:\n\n:\n\n:\n\n:\n\n:\n\n:\n\n:\n\n:\n\n:\n\n:\n\n:\n\n:\n\n:\n\n:\n\n:\n\n:\n\n:\n\n:\n\n:\n\n:\n\n:\n\n:\n\n:\n\n:\n\n:\n\n:\n\n:\n\n:\n\n:\n\n:\n\n:\n\n:\n\n:\n\n:\n\n:\n\n:\n\n:\n\n:\n\n:\n\n:\n\n:\n\n:\n\n:\n\n:\n\n:\n\n:\n\n:\n\n:\n\n:\n\n:\n\n:\n\n:\n\n:\n\n:\n\n:\n\n:\n\n:\n\n:\n\n:\n\n:\n\n:\n\n:\n\n:\n\n:\n\n:\n\n:\n\n:\n\n:\n\n:\n\n:\n\n:\n\n:\n\n:\n\n:\n\n:\n\n:\n\n:\n\n:\n\n:\n\n:\n\n:\n\n:\n\n:\n\n:\n\n:\n\n:\n\n:\n\n:\n\n:\n\n:\n\n:\n\n:\n\n:\n\n:\n\n:\n\n:\n\n:\n\n:\n\n:\n\n:\n\n:\n\n:\n\n:\n\n:\n\n:\n\n:\n\n:\n\n:\n\n:\n\n:\n\n:\n\n:\n\n:\n\n:\n\n:\n\n:\n\n:\n\n:\n\n:\n\n:\n\n:\n\n:\n\n:\n\n:\n\n:\n\n:\n\n:\n\n:\n\n:\n\n:\n\n:\n\n:\n\n:\n\n:\n\n:\n\n:\n\n:\n\n:\n\n:\n\n:\n\n:\n\n:\n\n:\n\n:\n\n:\n\n:\n\n:\n\n:\n\n:\n"
    },
    "16": {
      "summary": "75 x 50\n\nM.S. Bars\n\n35 mm TH Boarding\n\n50 x 100 Batten\n\n20 mm Ø Bolt\n\nYoke\n\n100 x 100\n\nWashout hole\n\nErection\n\nPly\n\n75 x 50\n\nPan\n\nSmall column box < 300mm.\n\nADJUSTABLE STEEL CLAMPS\n\nIndicate top and bottom\n\nClamp height\n\nSTOREY ROD\n\nNails to provide temporary support for clamps\n\nArms ready to interlock around column-note positions of returned ends\n\nTEMPORARY SUPPORT FOR COLUMN CLAMP\n\nAngle fillets tend to lift at corners. Few re-uses are possible\n\nEssential for gap to be created\n\n(a)\n\n(b)\n\n(c)\n\nAdjustable steel clamps\n\nBolts through timber yokes"
    },
    "17": {
      "summary": " Circular column formwork\n\n- Fabricated steel, usually two piece, and often with a hinge.\n\n- Fibre cement pipes which are left in place as permanent formwork.\n\n- Timber sheathing tied with standard column clamps. Corners need to have infill pieces. Alternatively, metal strap can be used without the need for corner infills.\n\n\n\n\nFabricated steel with bolted joints.\n\nVertical steel two piece form column\n\nTIMBER FRAME\n\nWEDGES\n\nVertical Timber sheathing column"
    },
    "18": {
      "summary": "1\n\n-Column formwork bracing performs two functions:\n\n-It must maintain the accuracy of the column form position and plumb so that it is within tolerance.\n\n-Withstand results of forces acting on either the column formwork or the bracing. The forces may be wind or impact. These impact forces can occur from the collision of concrete buckets or cranes hoisting materials"
    },
    "19": {
      "summary": "25 x 50 ties at 600 c/c\n\nFORMWORK FOR BEAM\n\nBeam soffit must be thickened timber or strengthened plywood.\n\nBeam sides 18mm plywood or 25mm boards, with studs (cleats) at 500 to 600mm centres.\n\nDeep beams (over 600mm) should have walkers and ties.\n\nUse angle fillets in the beam side to soffit joint where possible.\n\nAllowance must be made for height adjustment of the props or falsework.\n\nErection sequence for constructing beam formwork includes:\n\n• Position of sole plates;\n• Marking out and setting heights for falseworks;\n• Assemble and position props, adjustable head jacks, falseworks, bearers and Spreaders;\n• Construct and erect side walls and beam soffit.\n• Position of sole plates\n\nTypical beam formwork\n\n15 mm thick plywood sides\n75 x 50 crosshead or headtree\n75 x 50 ties at 600 c/c\n75 x 25 cleats at 600 c/c\nalternate fixing cleat\n21 mm thick plywood soffit\nw.i. dogs to both sides\n100 x 75 props at 1-200 c/c\n225 x 75 sole plate\n\n15 mm thick plywood beam side\n75 x 32 strut\n75 x 50 cleat\n75 x 50 ties at 600 c/c\n75 x 32 runner or strut\n150 x 50 stiff support joints at 600 c/c\n150 x 75 props on floating sole plate\n100 x 75 crosshead or headtree\n75 x 32 brace\n\nEdge beam and slab formwork"
    },
    "20": {
      "summary": "点 点 点 点 点 点 点 点 点 点 点 点 点 点 点 点 点 点 点 点 点 点 点 点 点 点 点 点 点 点 点 点 点 点 点 点 点 点 点 点 点 点 点 点 点 点 点 点 点 点 点 点 点 点 点 点 点 点 点 点 点 点 点 点 点 点 点 点 点 点 点 点 点 点 点 点 点 点 点 点 点 点 点 点 点 点 点 点 点 点 点 点 点 点 点 点 点 点 点 点 点 点 点 点 点 点 点 点 点 点 点 点 点 点 点 点 点 点 点 点 点 点 点 点 点 点 点 点 点 点 点 点 点 点 点 点 点 点 点 点 点 点 点 点 点 点 点 点 点 点 点 点 点 点 点 点 点 点 点 点 点 点 点 点 点 点 点 点 点 点 点 点 点 点 点 点 点 点 点 点 点 点 点 点 点 点 点 点 点 点 点 点 点 点 点 点 点 点 点 点 点 点 点 点 点 点 点 点 点 点 点 点 点 点 点 点 点 点 点 点 点 点 点 点 点 点 点 点 点 点 点 点 点 点 点 点 点 点 点 点 点 点 点 点 点 点 点 点 点 点 点 点 点 点 点 点 点 点 点 点 点 点 点 点 点 点 点 点 点 点 点 点 点 点 点 点 点 点 点 点 点 点 点 点 点 点 点 点 点 点 点 点 点 点 点 点 点 点 点 点 点 点 点 点 点 点 点 点 点 点 点 点 点 点 点 点 点 点 点 点 点 点 点 点 点 点 点 点 点 点 点 点 点 点 点 点 点 点 点 点 点 点 点 点 点 点 点 点 点 点 点 点 点 点 点 点 点 点 点 点 点 点 点 点 点 点 点 点 点 点 点 点 点 点 点 点 点 点 点 点 点 点 点 点 点 点 点 点 点 点 点 点 点 点 点 点 点 点 点 点 点 点 点 点 点 点 点 点 点 点 点 点 点 点 点 点 点 点 点 点 点 点 点 点 点 点 点 点 点 点 点 点 点 点 点 点 点 点 点 点 点 点 点 点 点 点 点 点 点 点 点 点 点 点 点 点 点 点 点 点 点 点 点 点 点 点 点 点 点 点 点 点 点 点 点 点 点 点 点 点 点 点 点 点 点 点 点 点 点 点 点 点 点 点 点 点 点 点 点 点 点 点 点 点 点 点 点 点 点 点 点 点 点 点 点 点 点 点 点 点 点 点 点 点 点 点 点 点 点 点 点 点 点 点 点 点 点 点 点 点 点 点 点 点 点 点 点 点 点 点 点 点 点 点 点 点 点 点 点 点 点 点 点 点 点 点 点 点 点 点 点 点 点 点 点 点 点 点 点 点 点 点 点 点 点 点 点 点 点 点 点 点 点 点 点 点 点 点 点 点 点 点 点 点 点 点 点 点 点 点 点 点 点 点 点 点 点 点 点 点 点 点 点 点 点 点 点 点 点 点 点 点 点 点 点 点 点 点 点 点 点 点 点 点 点 点 点 点 点 点 点 点 点 点 点 点 点 点 点 点 点 点 点 点 点 点 点 点 点 点 点 点 点 点 点 点 点 点 点 点 点 点 点 点 点 点 点 点 点 点 点 点 点 点 点 点 点 点 点 点 点 点 点 点 点 点 点 点 点 点 点 点 点 点 点 点 点 点 点 点 点 点 点 点 点 点 点 点 点 点 点 点 点 点 点 点 点 点 点 点 点 点 点 点 点 点 点 点 点 点 点 点 点 点 点 点 点 点 点 点 点 点 点 点 点 点 点 点 点 点 点 点 点 点 点 点 点 点 点 点 点 点 点 点 点 点 点 点 点 点 点 点 点 点 点 点 点 点 点 点 点 点 点 点 点 点 点 点 点 点 点 点 点 点 点 点 点 点 点 点 点 点 点 点 点 点 点 点 点 点 点 点 点 点 点 点 点 点 点 点 点 点 点 点 点 点 点 点 点 点 点 点 点 点 点 点 点 点 点 点 点 点 点 点 点 点 点 点 点 点 点 点 点 点 点 点 点 点 点 点 点 点 点 点 点 点 点 点 点 点 点 点 点 点 点 点 点 点 点 点 点 点 点 点 点 点 点 点 点 点 点 点 点 点 点 点 点 点 点 点 点 点 点 点 点 点 点 点 点 点 点 点 点 点 点 点 点 点 点 点 点 点 点 点 点 点 点 点 点 点 点 点 点 点 点 点 点 点 点 点 点 点 点 点 点 点 点 点 点 点 点 点 点 点 点 点 点 点 点 点 点 点 点 点 点 点 点 点 点 点 点 点 点 点 点 点 点 点 点 点 "
    },
    "21": {
      "summary": ":\n\n\nSuspended floor slabs can be constructed using cast in-situ, precast units or a combination of both.\n\nWhichever method is used, it is important to support the proposed method of construction using a combination of f timber or steel bearers and adjustable shoring.\n\nThe spacing and type of support system required is determined by the load imposed during the construction process.\n\nManufacturers provide tables to assist in the selection and spacing of adjustable shoring systems.\n\n\n\n\nStandard slab formwork\n\nThe erection sequence for constructing a suspended floor slab includes:\n\n• Determining the bearer spacing;\n• Erecting bearers and joists;\n• Fixing the sheeting;\n• Preparation for concrete."
    },
    "22": {
      "summary": " The purpose of a sole plate is to transfer vertical load from one vertical support member to the foundation\n\n:  The vertical support requires a base plate fitted to help distribute the load to the sole plate, which is usually a sleeper.\n\n:  If the sole plate is positioned on natural ground, it is important the ground is graded and consolidated to a level surface.\n\n:  The objective is to achieve maximum bearing beneath sole plate. Once sole plates are positioned and firmly bedded they should be checked for level.\n\n\n\n\n**Form Work for concrete Beams & Slabs**"
    },
    "23": {
      "summary": " CURING"
    },
    "24": {
      "summary": " The process in which the concrete is protected from loss of moisture and kept within a reasonable temperature range. The result of this process is increased strength and decreased permeability. Curing is also a key player in mitigating cracks in the concrete, which severely impacts durability.\n\nThe length of adequate curing time is dependent on the following factors:\n\n- Mixture proportions\n- Specified strength\n- Size and shape of concrete member\n- Ambient weather conditions\n- Future exposure conditions\n\n**Deshuttering is a process after curing**\n\n\n\n\nCuring is the process in which the concrete is protected from loss of moisture and kept within a reasonable temperature range. The result of this process is increased strength and decreased permeability. Curing is also a key player in mitigating cracks in the concrete, which severely impacts durability.\n\nThe length of adequate curing time is dependent on the following factors:\n\n- Mixture proportions\n- Specified strength\n- Size and shape of concrete member\n- Ambient weather conditions\n- Future exposure conditions\n\n**Deshuttering is a process after curing**"
    },
    "25": {
      "summary": " DESHUTTERING in simple means, the process of removing the shuttering (Formwork for Concrete).\n\n- Order and method of removing formwork:\n  Shuttering forming vertical faces of walls, beams & column sides should be removed first. Shuttering forming soffit to slab should be removed next.\n  Shuttering forming soffit to beams, girders or other heavily loaded members should be removed in the end.\n\n- Factors considerd :\n  Concreting is done under normal circumstances\n  Cement used is Ordinary Portland Cement\n  Adequate curing is done\n  Ambient temperature is not fall below 15 degree"
    },
    "26": {
      "summary": " There are chances of concrete sticking to the formwork\n\n:  Hence deshuttering agents are used to ease the process\n\n:  Dosage / Coverage:\n\n:  Dilution ratio: KEM MRA 2: water at 1:10. Coverage: 1600 sq. ft. depending on conditions of formwork\n\n:  KEM MRA 1 - 25 / 30 mi½ / liter depending upon the porosity and usage condition of the substrate"
    },
    "27": {
      "summary": " Timber form work was used traditionally later it got replaced with modern materials due to its limitations and cost factors\n\n:  Formwork is built on site with timber and ply or moisture resistant particle board.\n\n:  It is easier to produce but the time taken is more\n\n:  Extensively used where the labor cost s are low\n\n:  It is the most flexible type of formwork\n\n:  Usually timber in the form of plywood, planking, batten and joist are used as the basic material.\n\n:  Human workers need to enter into every corner to perform the formwork installation works"
    },
    "28": {
      "summary": " EXPLORING NEW FORMWORK TECHNIQUES"
    },
    "29": {
      "summary": "1\n\n- 2\n\n- 3\n\n- 4\n\n- 5\n\n- 6\n\n- 7\n\n- 8\n\n- 9\n\n- 10\n\n- 11\n\n- 12\n\n- 13\n\n- 14\n\n- 15\n\n- 16\n\n- 17\n\n- 18\n\n- 19\n\n- 20\n\n- 21\n\n- 22\n\n- 23\n\n- 24\n\n- 25\n\n- 26\n\n- 27\n\n- 28\n\n- 29\n\n- 30\n\n- 31\n\n- 32\n\n- 33\n\n- 34\n\n- 35\n\n- 36\n\n- 37\n\n- 38\n\n- 39\n\n- 40\n\n- 41\n\n- 42\n\n- 43\n\n- 44\n\n- 45\n\n- 46\n\n- 47\n\n- 48\n\n- 49\n\n- 50\n\n- 51\n\n- 52\n\n- 53\n\n- 54\n\n- 55\n\n- 56\n\n- 57\n\n- 58\n\n- 59\n\n- 60\n\n- 61\n\n- 62\n\n- 63\n\n- 64\n\n- 65\n\n- 66\n\n- 67\n\n- 68\n\n- 69\n\n- 70\n\n- 71\n\n- 72\n\n- 73\n\n- 74\n\n- 75\n\n- 76\n\n- 77\n\n- 78\n\n- 79\n\n- 80\n\n- 81\n\n- 82\n\n- 83\n\n- 84\n\n- 85\n\n- 86\n\n- 87\n\n- 88\n\n- 89\n\n- 90\n\n- 91\n\n- 92\n\n- 93\n\n- 94\n\n- 95\n\n- 96\n\n- 97\n\n- 98\n\n- 99\n\n- 100\n\n- 101\n\n- 102\n\n- 103\n\n- 104\n\n- 105\n\n- 106\n\n- 107\n\n- 108\n\n- 109\n\n- 110\n\n- 111\n\n- 112\n\n- 113\n\n- 114\n\n- 115\n\n- 116\n\n- 117\n\n- 118\n\n- 119\n\n- 120\n\n- 121\n\n- 122\n\n- 123\n\n- 124\n\n- 125\n\n- 126\n\n- 127\n\n- 128\n\n- 129\n\n- 130\n\n- 131\n\n- 132\n\n- 133\n\n- 134\n\n- 135\n\n- 136\n\n- 137\n\n- 138\n\n- 139\n\n- 140\n\n- 141\n\n- 142\n\n- 143\n\n- 144\n\n- 145\n\n- 146\n\n- 147\n\n- 148\n\n- 149\n\n- 150\n\n- 151\n\n- 152\n\n- 153\n\n- 154\n\n- 155\n\n- 156\n\n- 157\n\n- 158\n\n- 159\n\n- 160\n\n- 161\n\n- 162\n\n- 163\n\n- 164\n\n- 165\n\n- 166\n\n- 167\n\n- 168\n\n- 169\n\n- 170\n\n- 171\n\n- 172\n\n- 173\n\n- 174\n\n- 175\n\n- 176\n\n- 177\n\n- 178\n\n- 179\n\n- 180\n\n- 181\n\n- 182\n\n- 183\n\n- 184\n\n- 185\n\n- 186\n\n- 187\n\n- 188\n\n- 189\n\n- 190\n\n- 191\n\n- 192\n\n- 193\n\n- 194\n\n- 195\n\n- 196\n\n- 197\n\n- 198\n\n- 199\n\n- 200\n\n- 201\n\n- 202\n\n- 203\n\n- 204\n\n- 205\n\n- 206\n\n- 207\n\n- 208\n\n- 209\n\n- 210\n\n- 211\n\n- 212\n\n- 213\n\n- 214\n\n- 215\n\n- 216\n\n- 217\n\n- 218\n\n- 219\n\n- 220\n\n- 221\n\n- 222\n\n- 223\n\n- 224\n\n- 225\n\n- 226\n\n- 227\n\n- 228\n\n- 229\n\n- 230\n\n- 231\n\n- 232\n\n- 233\n\n- 234\n\n- 235\n\n- 236\n\n- 237\n\n- 238\n\n- 239\n\n- 240\n\n- 241\n\n- 242\n\n- 243\n\n- 244\n\n- 245\n\n- 246\n\n- 247\n\n- 248\n\n- 249\n\n- 250\n\n- 251\n\n- 252\n\n- 253\n\n- 254\n\n- 255\n\n- 256\n\n- 257\n\n- 258\n\n- 259\n\n- 260\n\n- 261\n\n- 262\n\n- 263\n\n- 264\n\n- 265\n\n- 266\n\n- 267\n\n- 268\n\n- 269\n\n- 270\n\n- 271\n\n- 272\n\n- 273\n\n- 274\n\n- 275\n\n- 276\n\n- 277\n\n- 278\n\n- 279\n\n- 280\n\n- 281\n\n- 282\n\n- 283\n\n- 284\n\n- 285\n\n- 286\n\n- 287\n\n- 288\n\n- 289\n\n- 290\n\n- 291\n\n- 292\n\n- 293\n\n- 294\n\n- 295\n\n- 296\n\n- 297\n\n- 298\n\n- 299\n\n- 300\n\n- 301\n\n- 3"
    },
    "30": {
      "summary": "1. Assembly can only start once the foundations are in place and the wall starter is in correct alignment.\n\n2. Slipform shuttering is aligned with the help of yokes.\n\n3. Horizontal crossbeams connect these yokes.\n\n4. Hydraulic jacks are attached to these crossbeams for simultaneous upward movement.\n\n5. Height of the slipform ranges from 1.1 to 1.5 metres.\n\n6. Yokes and crossbeams also used to support the working platform\n\n7. Structure should be rigid and shape maintained at all times.\n\n8. Make sure there is no lag or else it prevents the structure from free upward movement\n\n9. It is also possible to reduce wall thicknesses as the construction gains height and arrangements have to be made in the slipform structure that will enable such reduction at regular intervals."
    },
    "31": {
      "summary": " ERECTION OF A TOWER USING SLIPFORM"
    },
    "32": {
      "summary": " HORIZONTAL FORMWORK :\n\n• Slipform methods of construction can also be adapted to horizontal structures and are used for paving, canals, and tunneling.\n\n• The technique is more in use for structures that have continuous walls like silos , chimneys, and piers for very tall bridges.\n\n• It has also been successfully used for construction of buildings, although this requires the manner of leaving inserts for openings like doors and windows to be decided well in advance, as well as also any necessary inserts to support floor slabs after the walls are constructed."
    },
    "33": {
      "summary": " ADVANTAGES:\n\n•A major cost of concrete structure construction is the required formwork to retain the concrete till it can be safely de-shuttered and be able to support itself and other imposed loads.\n•The formwork needs to be continually removed to **newer locations** and then re-erected.\n•Continuous use of manpower and lifting equipment like cranes.\n•In the case of slipform building, the formwork is **erected only once** and remains intact until the entire structure is completed.\n\n•Great reduction in the cost of formwork as well as time saving for re-erection.\n•Cost effective\n•Saving onto the labour cost otherwise used for intermittent concreting operations.\n•The reduction in the movement of formwork and workers also leads to **far more safe working conditions** that also make it a major advantage."
    },
    "34": {
      "summary": " PRECAUTIONS\n\n• Concrete is continuously protected against loss of moisture and rapid temperature changes for 7 days\n\n• Unhardened concrete is protected from rain and flowing water\n\n• Prevent plastic shrinkage\n\n• Plastic cracks are filled by injection of epoxy resin.\n\n\n\n\n(a)\n\n(b)"
    },
    "35": {
      "summary": "1\n\nRELATION BETWEEN CONCRETE SETTING TIME AND SLIPFORM RATE:\n\n•It is calculated by using the following equation:\n\nVs = (h1 - h1) / (ts - tt)\nWhere\nVs – slipform rate (mm / h)\nH1 = the distance from the top of the slipform panel to the average curing front (mm)\nH2 = The distance from the top of the slipform panel to average freeboard (mm)\nTs = setting time (h)\nTt = Time from mixing concrete to placing\n\nTapered slip form design\nYoke leg Top Deck BIM\nKICT Integrated Configuration Control System\nGPS Wireless plumb laser\nKICT Surface Wave Inspection System\nCable anchor system\nAutomated spindle"
    },
    "36": {
      "summary": " TUNNEL FORMWORK SYSTEM\n\n•Tunnel formwork system allows the contractor to cast walls and slabs in one operation in a daily cycle.\n•It combines the speed, quality and accuracy of factory/off-site production with the flexibility and economy of in-situ construction\n•Recognized as a modern method of construction (MMC).\n\n\n\n\n<table></table>"
    },
    "37": {
      "summary": " The result is a cellular reinforced structure, the surfaces of which are sufficiently high quality to require only minimal finishing for direct decoration, while the end walls and facades are easily completed with thermally insulated units that can be clad as required.\n\nThe system creates an efficient load-bearing structure for use in a wide variety of applications.\n\nIt is particularly effective in projects suited to repetitive cellular construction such as residential blocks, hotels, student accommodation, barracks and prisons."
    },
    "38": {
      "summary": " ADVANTAGES:\n\nCost\n\ncost-effective, high quality construction, generating significant savings in time and costs over alternative methods without compromising on design\n\nBuilding\n\nThe repetitive nature of the system and the use of prefabricated forms and reinforcing mats/cages simplifies the whole construction process, producing a smooth and fast operation\n\nQuality\n\nQuality is enhanced despite the speed of construction. The precise, even steel face of the formwork creates a smooth, high quality finish capable of receiving direct decoration with the minimum of preparation (a skim coat may be required). This reduces the requirement for following trades, thus providing additional cost savings and speeding the entire process."
    },
    "39": {
      "summary": " The large bays constructed provide exceptional **flexibility in the design** and layout of the building and allow a **high degree of freedom in the final appearance**.\n\n**Safety**\n\nIntegral working platforms and edge protection systems. The repetitive, predictable nature of the tasks involved encourages familiarity with operations. **The minimal requirement for tools and equipment further reduces the risk of accidents on site.**\n\n**Sustainability**\n\nThe in-situ casting of units on site and the local availability of ready-mixed concrete supplies **reduce transportation impacts**. Just-in-time deliveries and **near zero wastage produce** an overall tidier site with associated cost savings and safety benefits.\n\n**Concrete’s thermal mass** coupled with correct insulation and boiler design minimises heating costs and can **even reduce air-conditioning requirements**."
    },
    "40": {
      "summary": " GENERAL FACTS :\n\nTunnel formwork come **in half units and in the form of an inverted “L”** which are bolted together at the top to form each tunnel. The inbuilt wheels and the jacks help the formwork move in and out of the position and adjusted to the final height.\n\nThe factory-made steel formwork can be **re-used up to 600 times** and it can suit a variety of module sizes. This makes the method of construction **very versatile and extremely economical.** Tunnel-form work allows a **24-hour construction cycle** to be achieved and thus the buildability of in-situ concrete is improved by choosing this type of formwork."
    },
    "41": {
      "summary": "1) Stage One: Prefabricated Wall reinforcement is placed by crane along the entire wing prior to casting the kickers (used to position wall formwork).\n\n2) Stage Two: Two and a half tunnel is craned into place, bolted together and ties are added."
    },
    "42": {
      "summary": "3) Stage Three: The wall concrete is poured.\n\n4) Stage Four: The slab reinforcements are fixed."
    },
    "43": {
      "summary": "5) Stage 5: The slab concrete is placed. The formwork system provides for a pour to be wrapped in tarpaulins and for the use of butane heaters to maintain a sufficiently high temperature for the concrete to reach its striking strength overnight.\n\nWall reinforcement\n\n6) Stage 6: The tunnel-forms are removed next day.\n\nWall reinforcement"
    },
    "44": {
      "summary": "7) Stage 7: The process is repeated for the next two bays.\n\nTunnel form can produce strong and durable in-situ cellular structures. This method of construction can achieve time savings up to 25% with cost savings of 15%. Since the concrete finish is very good, the requirement for post construction trades such as plasterers and electricians are greatly reduced."
    },
    "45": {
      "summary": "1\n\n: 2\n\n: 3\n\n: 4\n\n: 5\n\n: 6\n\n: 7\n\n: 8\n\n: 9\n\n: 10\n\n: 11\n\n: 12\n\n: 13\n\n: 14\n\n: 15\n\n: 16\n\n: 17\n\n: 18\n\n: 19\n\n: 20\n\n: 21\n\n: 22\n\n: 23\n\n: 24\n\n: 25\n\n: 26\n\n: 27\n\n: 28\n\n: 29\n\n: 30\n\n: 31\n\n: 32\n\n: 33\n\n: 34\n\n: 35\n\n: 36\n\n: 37\n\n: 38\n\n: 39\n\n: 40\n\n: 41\n\n: 42\n\n: 43\n\n: 44\n\n: 45\n\n: 46\n\n: 47\n\n: 48\n\n: 49\n\n: 50\n\n: 51\n\n: 52\n\n: 53\n\n: 54\n\n: 55\n\n: 56\n\n: 57\n\n: 58\n\n: 59\n\n: 60\n\n: 61\n\n: 62\n\n: 63\n\n: 64\n\n: 65\n\n: 66\n\n: 67\n\n: 68\n\n: 69\n\n: 70\n\n: 71\n\n: 72\n\n: 73\n\n: 74\n\n: 75\n\n: 76\n\n: 77\n\n: 78\n\n: 79\n\n: 80\n\n: 81\n\n: 82\n\n: 83\n\n: 84\n\n: 85\n\n: 86\n\n: 87\n\n: 88\n\n: 89\n\n: 90\n\n: 91\n\n: 92\n\n: 93\n\n: 94\n\n: 95\n\n: 96\n\n: 97\n\n: 98\n\n: 99\n\n: 100\n\n: 101\n\n: 102\n\n: 103\n\n: 104\n\n: 105\n\n: 106\n\n: 107\n\n: 108\n\n: 109\n\n: 110\n\n: 111\n\n: 112\n\n: 113\n\n: 114\n\n: 115\n\n: 116\n\n: 117\n\n: 118\n\n: 119\n\n: 120\n\n: 121\n\n: 122\n\n: 123\n\n: 124\n\n: 125\n\n: 126\n\n: 127\n\n: 128\n\n: 129\n\n: 130\n\n: 131\n\n: 132\n\n: 133\n\n: 134\n\n: 135\n\n: 136\n\n: 137\n\n: 138\n\n: 139\n\n: 140\n\n: 141\n\n: 142\n\n: 143\n\n: 144\n\n: 145\n\n: 146\n\n: 147\n\n: 148\n\n: 149\n\n: 150\n\n: 151\n\n: 152\n\n: 153\n\n: 154\n\n: 155\n\n: 156\n\n: 157\n\n: 158\n\n: 159\n\n: 160\n\n: 161\n\n: 162\n\n: 163\n\n: 164\n\n: 165\n\n: 166\n\n: 167\n\n: 168\n\n: 169\n\n: 170\n\n: 171\n\n: 172\n\n: 173\n\n: 174\n\n: 175\n\n: 176\n\n: 177\n\n: 178\n\n: 179\n\n: 180\n\n: 181\n\n: 182\n\n: 183\n\n: 184\n\n: 185\n\n: 186\n\n: 187\n\n: 188\n\n: 189\n\n: 190\n\n: 191\n\n: 192\n\n: 193\n\n: 194\n\n: 195\n\n: 196\n\n: 197\n\n: 198\n\n: 199\n\n: 200\n\n: 201\n\n: 202\n\n: 203\n\n: 204\n\n: 205\n\n: 206\n\n: 207\n\n: 208\n\n: 209\n\n: 210\n\n: 211\n\n: 212\n\n: 213\n\n: 214\n\n: 215\n\n: 216\n\n: 217\n\n: 218\n\n: 219\n\n: 220\n\n: 221\n\n: 222\n\n: 223\n\n: 224\n\n: 225\n\n: 226\n\n: 227\n\n: 228\n\n: 229\n\n: 230\n\n: 231\n\n: 232\n\n: 233\n\n: 234\n\n: 235\n\n: 236\n\n: 237\n\n: 238\n\n: 239\n\n: 240\n\n: 241\n\n: 242\n\n: 243\n\n: 244\n\n: 245\n\n: 246\n\n: 247\n\n: 248\n\n: 249\n\n: 250\n\n: 251\n\n: 252\n\n: 253\n\n: 254\n\n: 255\n\n: 256\n\n: 257\n\n: 258\n\n: 259\n\n: 260\n\n: 261\n\n: 262\n\n: 263\n\n: 264\n\n: 265\n\n: 266\n\n: 267\n\n: 268\n\n: 269\n\n: 270\n\n: 271\n\n: 272\n\n: 273\n\n: 274\n\n: 275\n\n: 276\n\n: 277\n\n: 278\n\n: 279\n\n: 280\n\n: 281\n\n: 282\n\n: 283\n\n: 284\n\n: 285\n\n: 286\n\n: 287\n\n: 288\n\n: 289\n\n: 290\n\n: 291\n\n: 292\n\n: 293\n\n: 294\n\n: 295\n\n: 296\n\n: 297\n\n: 298\n\n: 299\n\n: 300\n\n: 301\n\n: 3"
    },
    "46": {
      "summary": " The column formwork systems now available are normally modular in nature and allow quick assembly and erection on-site while minimizing labor and crane time. They are available in steel, aluminium and even cardboard (not reusable but recycled) and have a variety of internal face surfaces depending on the concrete finish required. Innovations have led to adjustable, reusable column forms which can be clamped on-site to give different column sizes.\n\n\n\n\n<table></table>"
    },
    "47": {
      "summary": "16mm bolts or threaded rods\n\ntimber yoke say 100 x 75\n\nhardwood wedges\n\ncolumn shutters ply and say 375 x 35\n\nThe requirement of skilled labor is reduced due to the simplicity of assembly and disassembly.\n\nMetal column forms can be assembled and erected more easily than traditional formwork.\n\nDisposable forms come ready assembled to site.\n\nThe highly engineered nature of the metal formwork to the formwork."
    },
    "48": {
      "summary": "金属工作台系统可以集成到工厂的装配线上，并且具有以下功能：\n\n- 金属工作台系统可以集成到工厂的装配线上，并且具有以下功能：\n- 金属工作台系统可以集成到工厂的装配线上，并且具有以下功能：\n- 金属工作台系统可以集成到工厂的装配线上，并且具有以下功能：\n- 金属工作台系统可以集成到工厂的装配线上，并且具有以下功能：\n- 金属工作台系统可以集成到工厂的装配线上，并且具有以下功能：\n- 金属工作台系统可以集成到工厂的装配线上，并且具有以下功能：\n- 金属工作台系统可以集成到工厂的装配线上，并且具有以下功能：\n- 金属工作台系统可以集成到工厂的装配线上，并且具有以下功能：\n- 金属工作台系统可以集成到工厂的装配线上，并且具有以下功能：\n- 金属工作台系统可以集成到工厂的装配线上，并且具有以下功能：\n- 金属工作台系统可以集成到工厂的装配线上，并且具有以下功能：\n- 金属工作台系统可以集成到工厂的装配线上，并且具有以下功能：\n- 金属工作台系统可以集成到工厂的装配线上，并且具有以下功能：\n- 金属工作台系统可以集成到工厂的装配线上，并且具有以下功能：\n- 金属工作台系统可以集成到工厂的装配线上，并且具有以下功能：\n- 金属工作台系统可以集成到工厂的装配线上，并且具有以下功能：\n- 金属工作台系统可以集成到工厂的装配线上，并且具有以下功能：\n- 金属工作台系统可以集成到工厂的装配线上，并且具有以下功能：\n- 金属工作台系统可以集成到工厂的装配线上，并且具有以下功能：\n- 金属工作台系统可以集成到工厂的装配线上，并且具有以下功能：\n- 金属工作台系统可以集成到工厂的装配线上，并且具有以下功能：\n- 金属工作台系统可以集成到工厂的装配线上，并且具有以下功能：\n- 金属工作台系统可以集成到工厂的装配线上，并且具有以下功能：\n- 金属工作台系统可以集成到工厂的装配线上，并且具有以下功能：\n- 金属工作台系统可以集成到工厂的装配线上，并且具有以下功能：\n- 金属工作台系统可以集成到工厂的装配线上，并且具有以下功能：\n- 金属工作台系统可以集成到工厂的装配线上，并且具有以下功能：\n- 金属工作台系统可以集成到工厂的装配线上，并且具有以下功能：\n- 金属工作台系统可以集成到工厂的装配线上，并且具有以下功能：\n- 金属工作台系统可以集成到工厂的装配线上，并且具有以下功能：\n- 金属工作台系统可以集成到工厂的装配线上，并且具有以下功能：\n- 金属工作台系统可以集成到工厂的装配线上，并且具有以下功能：\n- 金属工作台系统可以集成到工厂的装配线上，并且具有以下功能：\n- 金属工作台系统可以集成到工厂的装配线上，并且具有以下功能：\n- 金属工作台系统可以集成到工厂的装配线上，并且具有以下功能：\n- 金属工作台系统可以集成到工厂的装配线上，并且具有以下功能：\n- 金属工作台系统可以集成到工厂的装配线上，并且具有以下功能：\n- 金属工作台系统可以集成到工厂的装配线上，并且具有以下功能：\n- 金属工作台系统可以集成到工厂的装配线上，并且具有以下功能：\n- 金属工作台系统可以集成到工厂的装配线上，并且具有以下功能：\n- 金属工作台系统可以集成到工厂的装配线上，并且具有以下功能：\n- 金属工作台系统可以集成到工厂的装配线上，并且具有以下功能：\n- 金属工作台系统可以集成到工厂的装配线上，并且具有以下功能：\n- 金属工作台系统可以集成到工厂的装配线上，并且具有以下功能：\n- 金属工作台系统可以集成到工厂的装配线上，并且具有以下功能：\n- 金属工作台系统可以集成到工厂的装配线上，并且具有以下功能：\n- 金属工作台系统可以集成到工厂的装配线上，并且具有以下功能：\n- 金属工作台系统可以集成到工厂的装配线上，并且具有以下功能：\n- 金属工作台系统可以集成到工厂的装配线上，并且具有以下功能：\n- 金属工作台系统可以集成到工厂的装配线上，并且具有以下功能：\n- 金属工作台系统可以集成到工厂的装配线上，并且具有以下功能：\n- 金属工作台系统可以集成到工厂的装配线上，并且具有以下功能：\n- 金属工作台系统可以集成到工厂的装配线上，并且具有以下功能：\n- 金属工作台系统可以集成到工厂的装配线上，并且具有以下功能：\n- 金属工作台系统可以集成到工厂的装配线上，并且具有以下功能：\n- 金属工作台系统可以集成到工厂的装配线上，并且具有以下功能：\n- 金属工作台系统可以集成到工厂的装配线上，并且具有以下功能：\n- 金属工作台系统可以集成到工厂的装配线上，并且具有以下功能：\n- 金属工作台系统可以集成到工厂的装配线上，并且具有以下功能：\n- 金属工作台系统可以集成到工厂的装配线上，并且具有以下功能：\n- 金属工作台系统可以集成到工厂的装配线上，并且具有以下功能：\n- 金属工作台系统可以集成到工厂的"
    },
    "49": {
      "summary": "其他考虑\n\nColumn forms are designed for specific maximum concrete pressures. The concrete placement rates have to be adjusted to keep the concrete pressure within the specified limits. The assembled formwork has to be restrained at the base properly to avoid displacement, and grout loss during\n\nSCAFFOLD FOR COLUMN"
    },
    "50": {
      "summary": " PREFABRICATED FORMWORK"
    },
    "51": {
      "summary": " Very little on-site skilled labor needed.\n\n- The ability to reuse forms either as a large section or as individual units.\n\n- All prefabricated systems are designed for light as well as heavy construction.\n\n- Contractors can bid almost any type of work; straight, battered, curved or cut-up.\n\n- Prefab forms may be set in any combination, horizontally and vertically, to any wall height.\n\n- On high walls, one side of forms can be erected and ties placed; then the close-out side can be erected during placement, minimizing concrete drop and assuring effective vibration."
    },
    "52": {
      "summary": " In a prefab system the contractor can remove and replace forms at any point. This simplifies erection and stripping, which can be started at any location.\n\n- To allow for a casting pocket, a panel is simply removed and replaced maintenance of forms can be a tiresome task, but well-maintained forms mean more reuses.\n\n- A big advance in prefab forming has been the development of gang forming, which is simply defined as the grouping together and moving of a number of forms as a single unit.\n\n- The success of gang forming is due to the development of easy-to-use hard w a re and ties, made especially for this forming technique.\n\n- Since pre forms are pre - engineered and precision made, they offer the best materials available and work equally well on all jobs, resulting in lower cost per use. Although prefabricated forms work well on any size job, the small job is a good way to introduce the system to the workmen."
    },
    "53": {
      "summary": " High cost factor\n\n- Greater transportation cost, due to the large pieces, where as the regular formwork can be transported easily.\n\n- Too many pieces involved in the pre fabricated formwork\n\n- Pre fabricated formwork, leave poor finishes at the joints of the forming members.\n\n- Pre-fab formwork deflect during placement.\n\n- The first cause of deflection is the rate of placing, which is usually too fast.\n\n- If recommended placing rates are followed and there is good supervision of placement and vibrating, the problem of deflection can be controlled.\n\n- With many prefab systems, panels can be removed at different locations and used as casting pockets.\n\n- This procedure avoids dropping the concrete a great distance and helps to maintain a more constant rate of placement."
    },
    "54": {
      "summary": " POINTS OF DIFFERENTIATION\n\n- MATERIAL USED\n\n- TIME CONSUMPTION\n\n- LIFE SPAN\n\n- USED IN\n\n- FLEXIBILITY\n\n- CONVENTIONAL METHOD\n\n- TIMBER (Plywood Or moisture-resistant Particleboard).\n\n- VERY TIME CONSUMING. (For large structures.)\n\n- The plywood facing has a relatively SHORT LIFE SPAN.\n\n- The labour costs are LOWER than the costs for procuring reusable formwork.\n\n- MOST FLEXIBLE\n\n- STEEL AND ALUMINIUM.\n\n- DESIGNED FOR SPEED AND EFFICIENCY. (mostly modular)\n\n- LONGER LIFE SPAN\n\n- The labour costs are HIGHER than the costs for procuring reusable formwork.\n\n- LESS FLEXIBLE\n\n- MODERN DAY METHOD\n\n- STEEL AND ALUMINIUM.\n\n- Frame of ALUMINIUM covered with ALUMINIUM OR TIMBER\n\n- Work happens simultaneously with construction hence saves time\n\n- The frame is very durable (If made of metal n aluminium can be used for 2000 times)\n\n- The labour costs are HIGHER than the costs for procuring reusable formwork.\n\n- There is NO FLEXIBILITY after making the formwork"
    },
    "55": {
      "summary": " Time of Removal of formwork\n\n| Sr. No | Structural Member | OPC (Ordinary Portland Cement) | Rapid Hardening Cement |\n|---|---|---|---|\n| 1    | Beam sides, walls & Columns | 2-3 Days    | 2 Days    |\n| 2    | Slab (Vertical Supports remains intact) | 4 Days    | 3 Days    |\n| 3    | Slab (Complete Formwork removal) | 10 Days    | 5 Days    |\n| 4    | Beams (Removal of Sheeting, Props remains intact) | 8 Days    | 5 Days    |\n| 5    | Beams & Arches (Complete formwork removal) (up to 6 m span) | 14 Days    | 5-8 Days    |\n| 6    | Beams & Arches (Complete formwork removal) (more than 6 m span) | 21 Days    | 8-10 Days    |"
    },
    "56": {
      "summary": "12.09.2006 10:53"
    },
    "57": {
      "summary": " Formwork failures are the cause of many accidents and failures that occur during concrete construction which usually happen when fresh concrete is placed Generally some unexpected event causes one member to fail, then others become overloaded or misaligned and the entire formwork structure collapses Improper stripping and shore removal Inadequate bracing Vibration Unstable soil under mudsills, shoring not plumb Inadequate control of concrete placement Lack of attention to formwork details Inadequate cross bracing and horizontal bracing of shores Forms sometime collapse when their shores/jack are displaced by the vibration caused by: passing traffic movement of workers & equipment on the formwork the effect of vibrating concrete to consolidate it"
    },
    "58": {
      "summary": " SAFETY PRECAUTION\n\n- Material used for the construction of formwork must fulfill the specification.\n- Formwork is fixed firmly & properly\n- Construction area must be protected to prevent vandalism of formwork.\n- Warning sign must be put up at the area where the formwork is fixed to prevent entrance of people that may damage the formwork.\n- The formwork must be inspected before the concrete is poured."
    },
    "59": {
      "summary": " Striking :\n\nAs column and beam side formwork will be removed before beam and slab soffit formwork, provision must be made for easy removal and in the correct order. If beam and slab soffit formwork is to be removed before the concrete has achieved working strength, permanent propping or shoring is required. Take care to avoid damage to formwork which is to be re used. Eight or more uses may be obtained from timber formwork.\n\nMaintenance Clean forms with stiff brush and clean cold water. Use scrapers only as a last resort. Keep forms well oiled to prevent delamination of plywood or rusting of steel and always oil the edges.\n\nStorage of forms Any formwork with steel components should be stored in the dry. Avoid direct sunlight on timber forms. Store clear of the ground without twist or bend, and keep free of dirt."
    },
    "60": {
      "summary": " THANK YOU\n\nZEUS PITHAWALLA(37) RITHIKA RAVISHANKAR(40) EKTA SHAH(44)\nGARIMA RAJPUT(38) SHIVALI SANAP(41) RAJESH SHELAKE(45)\nMANASVI RANE(39) SUVOJIT SEN(43)"
    }
  }
}
