{
  "doc_id": "guojixueshengshenghuozhinanyingwen9.1.pdf",
  "pages": {
    "1": {
      "summary": "1\n\nWelcome to Tsinghua\n\nWelcome Message 01\n\nAbout Tsinghua 02\n\n2\n\nBefore You Leave Home\n\nImportant Documents 03\n\nVisa 03\n\nPhysical Examination 05\n\nConverting Money 05\n\nWhat to Bring 06\n\nAccommodation 06\n\n3\n\nSettling In\n\nGetting to Tsinghua 08\n\nHousing Arrangements 09\n\nUniversity Registration 09\n\nLocal Sim Card 09\n\nBank Card 10\n\nStudent IC Card 10\n\nInternet 11\n\nStudent Email Account 12\n\nPhysical Examination Authentication 12\n\nOrientation 12\n\nAdditional Information 12"
    },
    "2": {
      "summary": "4\n\nLife at Tsinghua\n\nFood and Drink 13\nShopping 15\nPostal and Delivery Services 16\nTransportation 16\nSports and Leisure 18\nStudent Associations 19\nImportant Dates and Holidays 20\n\n: 5\n\nAcademics and Related Resources\n\nTeaching Buildings and Self-Study Rooms 21\nLearning Chinese 21\nLibraries 22\nImportant University Websites 22\nCenter for Psychological Development 23\nCenter for Student Learning and Development 23\nCareer Development Center 24\nCenter for Global Competence Development 24\n\n: 6\n\nHealth and Safety\n\nHospitals 25\nHealth Insurance 26\nCampus Safety Tips 27\n\n: 7\n\nBeijing and Surrounds\n\nClimate 29\nTransportation 29\nWudaokou and Surrounds 30\nTravel 30\nBeijing Life Web Resources 30\n\n: 8\n\nUseful Information and Contacts\n\nEmergency Contacts 31\nOn-Campus Important Contacts 31\nOff-Campus Important Contacts 31\nCampus Map 32\nInternational Students & Scholars Center 33\n\nAppendix"
    },
    "3": {
      "summary": "0\n\n# Welcome to Tsinghua\n\n## 欢迎来到清华\n\n### Dear students,\n\nWelcome to Tsinghua University.\n\nSince its founding back in 1911, Tsinghua University has had a focus on internationalization, and was one of the first Chinese universities to admit international students. In 2019, over 4000 international students from 133 countries were enrolled at Tsinghua, who help promote cross-cultural exchange and create a more internationalized campus.\n\nThe International Students & Scholars Center (ISSC) supports and serves international students and scholars throughout their Tsinghua experience. The center is a hub of information and resources for the international community, including for immigration and visas, residency, university services, campus life and cultural activities. ISSC aims to foster an inspired and dynamic international community to help every international student and scholar thrive at Tsinghua. The ISSC staff are dedicated to ensuring that the international community is supported, nurtured and represented at Tsinghua.\n\nThis Guide has been created by ISSC to provide you with useful information both before and after your arrival at Tsinghua. I hope you will find it helpful.\n\nI, together with my colleagues at OIA and ISSC, look forward to greeting you on our beautiful campus to begin your Tsinghua journey. I wish you all the best in the pursuit of your educational and personal goals.\n\nDr. Li Jinliang  \nDean of the Office of International Affairs  \nDirector of the International Students & Scholars Center  \nTsinghua University"
    },
    "4": {
      "summary": "1911, Tsinghua University is a unique comprehensive university bridging China and the world, connecting ancient and modern society, and encompassing the arts and sciences. As one of China's most prestigious and influential universities, Tsinghua is committed to cultivating globally competent students who will thrive in today's world and become tomorrow's leaders. Through the pursuit of education and research at the highest level of excellence, Tsinghua is developing innovative solutions that will help solve pressing problems in China and the world.\n\nThe Tsinghua campus, renowned for its beauty and historical significance, is situated on the site of the former imperial gardens of the Qing Dynasty, and is surrounded by a number of historical sites in north-west Beijing.\n\nTsinghua offers its students a superior learning, teaching and research environment. Its research and teaching facilities include one main library, six subject libraries, over 300 public classrooms and more than 300 laboratories and research institutes.\n\nTsinghua is among the top research universities in the world. It has fostered many outstanding scholars, successful entrepreneurs, and distinguished statesmen widely esteemed at home and abroad. Outstanding alumni include Nobel Prize winners Yang Chen-ning and Lee Tsung-dao, statesmen such as President Xi Jinping, former President Hu Jintao, and former Premier Zhu Rongji.\n\nIn the latest global rankings, Tsinghua University ranked 1st in the US News Best Global Universities for Engineering and Computer Science (2020). It ranked 15th in the QS World University Rankings (2021) and 23rd in the THE World University Rankings (2020).\n\nStudent life at Tsinghua extends far beyond academic courses. Athletics, performing arts, a vast array of clubs and societies, and diverse social activities not only complement a student's studies at Tsinghua, but also offer wonderful opportunities for friendship and learning."
    },
    "5": {
      "summary": "0 Important Documents\n\nBefore arriving at the university, please prepare the following documents:\n\n1. Admission Notice (original and photocopy)\n\n2. Visa Application for Study in China (JW202/201 Form) (original and photocopy)\n\n3. Passport (original and photocopy). If passport has been renewed after application, be prepared to show both the old and new passport upon registration at Tsinghua. It is recommended to bring 8 recently taken passport-style photos (2 inches, with a white background), which may be required for school administrative formalities.\n\n4. Students under 18 years old should provide a “China Guardian Certificate” (to be obtained once in China). Chinese name: 在华监护人公证书.\n\n5. Highest diploma and degree certificate (original copy)\n\n6. Foreigner Physical Examination Form. For students who have not completed the examination form, they can go to the Beijing International Travel Healthcare Center - Haidian branch to complete the examination. Refer to the Physical Examination Authentication section on page 12 of this Guide.\n\n* Note: In addition to the above documents, other materials may be required for each individual depending on the degree or non-degree program. Refer to relevant notices received before entering the university.\n\n② Visa\n\nAccording to related regulations, international students coming to study in China should apply for an X1 visa (for a study period of more than 180 days), or an X2 visa (for a study period of less than 180 days). Without the correct student visa, students will not be able to register at the university. Students holding an X1 visa should apply for a residence permit within 30 days after entering China.\n\nInternational students coming to study in China should apply for a Chinese student visa at the Chinese Embassy or Consulate in their country of nationality or country of residence. Applying for a Chinese student visa requires supplying the original Admission Notice, valid passport, the Visa Application for Study in China (JW202/"
    },
    "6": {
      "summary": "2. Regarding visa collection: When picking up one's passport containing the visa for China, please ensure that the Embassy or Consulate returns the original copy of the Admission Notice and the Visa Application for Study in China (JW202/201 Form). These are important and required documents for international students for their study, residence permit application and other procedures whilst in China.\n\nPassport Nationality Used at Registration\n\n1. The nationality of the passport used by the international student when registering at the university should be consistent with the nationality listed when applying to study at the university, otherwise they will not be able to register.\n\n2. For international students who have both foreign nationality and a residence identity from Hong Kong, Macao or China Taiwan, if they applied to the university under their foreign nationality they must not register at the university using travel documents for Hong Kong, Macao and China Taiwan (such as the Mainland Travel Permit for Hong Kong and Macao Residents and the Mainland Travel Permit for Taiwan Residents).\n\n3. The nationality of the applicant at the time of registration is determined by the nationality listed on the passport. If the nationality listed on the passport does not match the nationality of the applicant, the applicant will be registered according to the nationality listed on the passport.\n\n4. The nationality of the applicant at the time of registration is determined by the nationality listed on the passport. If the nationality listed on the passport does not match the nationality of the applicant, the applicant will be registered according to the nationality listed on the passport.\n\n5. The nationality of the applicant at the time of registration is determined by the nationality listed on the passport. If the nationality listed on the passport does not match the nationality of the applicant, the applicant will be registered according to the nationality listed on the passpo"
    },
    "7": {
      "summary": "2.Complete the Foreigner Physical Examination after arrival in Beijing\n\nAfter arriving in China, students can undergo the physical examination at the Beijing International Travel Healthcare Center - Haidian branch to obtain the Physical Examination Report. More information can be found by referring to the Physical Examination Authentication section, on page 12 of this Guide.\n\n4. Converting Money\n\nExchanging Foreign Currency\n\nIn China, only banks are authorized to provide legal exchange services of foreign currencies. Before trying to exchange foreign currency, check with bank service personnel whether the bank is able to provide the exchange service for the required foreign currency. Sometimes it is necessary to make an appointment in advance (usually one working day in advance). Non-Chinese citizens can exchange no more than 500 US dollars of foreign currency per day (for specific information, please consult the bank). Therefore, planning ahead is essential if a large amount of foreign currency is to be exchanged.\n\nA valid passport is required to be presented at the bank when exchanging foreign currency. Be mindful that the exchange rate of different banks is different, and that the exchange rate fluctuates in real time throughout the day.\n\nWire Transfers\n\nAs banks require several days to complete a wire transfer, it is recommended that students bring a sufficient amount of cash with them to China to pay for the first month's living expenses.\n\nCash Withdrawal Limit\n\nBanks impose a daily withdrawal limit on credit and debit cards. Students should confirm the daily limit of their personal credit card/debit card within China with their bank before departure."
    },
    "8": {
      "summary": "5 What to Bring\n\nFor clothing, be aware of seasonal changes in Beijing’s weather. The spring and autumn seasons in Beijing are relatively short in duration. Refer to the Climate section on page 29 of this Guide for more details. For shoes, running shoes and sandals should be brought.\n\nIt is recommended that students bring often-used personal health and sanitary items such as cold and flu and stomach medicine, face towel, pillowcase, low power hair dryer and basic toiletries.\n\nBring any personal study items such as a laptop computer, and an electronic translation dictionary. Pens and other items can be bought at supermarkets on-campus.\n\nPower plug adaptors: Bring both the three-prong type and two-prong type adaptors (Chinese power voltage is 220V).\n\n\n\n\n# 6 Accommodation\n\nDue to the limited amount of accommodation available on campus, students should reserve a dormitory in advance. For more information, please refer to the Instructions for Tsinghua University International Students Dormitory Room Booking Application System (included in the admission package). For those who could not reserve accommodation on-campus, they will need to make their own housing arrangements off campus. Students who will receive the Chinese Government Scholarship (full scholarship), or students who have been selected to live in the Asian Youth Center will automatically be reserved a room, and therefore do not need to reserve a room themselves.\n\n## On-Campus Living\n\nThe Tsinghua University International Student Apartments are the Zijing Apartment Buildings 19-23, and the Asian Youth Exchange Center (Building 6). There are three different room arrangements: double rooms, single rooms and “AB” rooms (with separate bedrooms and a shared bathroom). Double rooms are 40 RMB per day and the single and “AB” rooms are 80 RMB per day.\n\nThe dormitories are each equipped with a desk, bed and closet. A mattress, quilt, pillow and bed linen are also provided. There are specific times for the use of hot wat"
    },
    "9": {
      "summary": "7. After signing the contract, go to the local police station to apply for the Registration Form of Temporary Residence.\n\nFor more information, refer to the Accommodation Guide for International Students.\n\nOn-Campus Hotels\n\nTsinghua Jiasuo Hotel (清华大学甲所)\n\nContact number: 62793001, then transfer to the bookings department\n\nTsinghua Bingsuo Hotel (清华大学丙所)\n\nContact number: 62793001, then transfer to the bookings department\n\nTsinghua Jinchunyuan Hotel (清华大学近春园)\n\nContact number: 62793001, then transfer to the bookings department\n\nOff-Campus Hotels\n\nSun Home Fashion Hotel (三和概念酒店)\n\nAddress: 85 Shuangqing Street, Haidian District (海淀区双清路85号)\n\nContact number: 62340038\n\nBeijing Wenjin Hotel (北京文津国际酒店)\n\nAddress: TUS Park, Haidian District (海淀区清华科技园)\n\nContact number: 62525566\n\nWebsite: http://www.wenjin.com.cn/\n\nBeijing Holiday Inn (北京红杉假日酒店)\n\nAddress: 89 Shuangqing Street, Haidian District (海淀区双清路89号)\n\nContact number: 82398888\n\nBeijing Lanting Hui Hotel (北京兰亭汇快捷酒店)\n\nAddress: 35 Chengfu Street, Haidian District (海淀区成府路35号)\n\nContact number: 62619296\n\nPeking University Youth Hostel (北京未名国际青年旅舍)\n\nAddress: 150 Chengfu Street, Haidian District (海淀区成府路150号)\n\nContact number: 62549667"
    },
    "10": {
      "summary": "0 Getting to Tsinghua\n\nBeijing has two international airports. Both airports are located in different areas of Beijing. Some airlines only fly into only one of the two airports. Students can research in advance which airport is most suitable for their arrival and travel needs.\n\nArriving at Beijing Capital International Airport\n\nTaxi: For students coming to Beijing for the first time, it is more convenient to take a taxi from the airport to Tsinghua University. You can follow the airport’s instructions and wait in line for a taxi. Regularly operated taxis have standardized markings and signs. In order to ensure personal safety, please do not take illegally operated “black taxis”. The taxi fare from Capital International Airport to Tsinghua University should be about 150 RMB. Please tell the taxi driver that you want to go to the north-east gate of Tsinghua University, which in Chinese is “我要到清华大学东北门的紫荆公寓”. After entering the north-east gate of Tsinghua University, please refer to the Campus Map in part 8 of this Guide. Remember to ask for your receipt from the taxi driver upon your arrival.\n\nSubway/Rail: The Beijing Capital Airport offers an express train service, which is an affordable and reliable option for getting into the city. The express train has four stops: Terminal 2 and Terminal 3 at the airport, and Dongzhimen and Sanyuanqiao in downtown Beijing. The running time for the trains departing from Terminal 2 is 6:35am to 11:10pm daily. The running time for the train departing from Terminal 3 is 6:20am to 10:50pm daily. A one-way ticket costs 25 RMB. The quickest way is to Tsinghua is to get off at Sanyuanqiao station, take subway line 10 to Zhichunlu (知春路) station and transfer to line 13. Take line 13 one stop to Wudaokou (五道口) station. Once at Wudaokou, go out through exit A and take bus 549 two stops to Dashiqiao (大石桥) which brings you to the north-east gate of Tsinghua University.\n\nAirport bus: You can take the Zhongguancun route, which stops at the Tsinghu"
    },
    "11": {
      "summary": "6:00-10:30pm, and a one-way fare is 35 yuan/person for regular class and 50 yuan/person for business class. The quickest way is to Tsinghua is to take the Metro Daxing Airport Line to Caoqiao Station where you can transfer to subway Line 10 and go to Zhichunlu (知春路) station. Then, transfer to Metro Line 13 and go one stop to Wudaokou (五道口) station. Once at Wudaokou, go out through exit A and take bus 549 two stops to Dashiqiao (大石桥) which brings you to the northeast gate of Tsinghua University\n\nAirport bus: The airport also has various bus routes heading downtown.\n\nFor more information, please refer to the official website of Daxing International Airport https://www.bdia.com.cn/#/ .\n\nForm of Temporary Residence and their passport. For detailed information and specific requirements for the processing of the Registration Form of Temporary Residence, students should check with their local police station.\n\nIf staying in a hotel, when checking-in, confirm with the reception desk whether they can provide a Registration Form of Temporary Residence.\n\n## 3 University Registration\n\nFor specific details on the student registration process, refer to materials provided in the admission package.\n\n## 4 Local Sim Card\n\nThere are currently three Chinese mobile service providers that have branches located on the Tsinghua University campus:\n\n### China Mobile\nTwo branches: Located at C Building (C楼) and at Zhaolanyuan (照澜院)\n\n### China Telecom\nTwo branches: Located at C Building (C楼) and at Zhaolanyuan (照澜院)\n\nWhen purchasing a Chinese SIM card, students must bring along the following:\n\n- Original passport\n- RMB in cash\n\n*Notes:"
    },
    "12": {
      "summary": "2023-10-01\n\n• The national code for China is 86, and the Beijing telephone area code is 010.\n\n• After purchasing a Chinese SIM card, students should memorize their new Mainland Chinese phone number.\n\n• A Mainland Chinese mobile phone number is required in order to apply for a Chinese bank card.\n\n---\n\n### 5 Bank Card\n\nAfter arriving at Tsinghua, new students must apply for a Bank of China bank account to obtain a bank card, which will then be linked to their student IC card. Once prepaid with money from the bank card, the student IC card can be used at canteens, libraries, computer labs, supermarkets, and to make other payments. Additionally, scholarship funds and other types of financial stipends, subsidies or reimbursements will be deposited via this bank card account.\n\nIn order to better settle-in and make use of their IC card payment functions, students are highly encouraged to apply for a Bank of China bank account as soon as possible. The Bank of China can be found on the Tsinghua campus, on the 1st floor of the Zijing Student Service Centre (C Building), approximately 300 meters west of the international student dormitories. During the registration period, Bank of China staff will be on-site to receive materials for the bank account application.\n\n---\n\n### 6 Student IC Card\n\nStudent IC cards serve as both student identification cards, as well as a form of electronic payment. IC cards can only be used by their original owner, and may not be transferred or borrowed by other people. IC cards can be used on campus to borrow library books, pay for food, enter the campus, use campus computer labs, pay for internet access, use the campus hospital, and sign-in for campus events and lectures.\n\n---\n\n### Obtaining a Student IC Card\n\nNew students can receive their ready-made student IC card directly from their school or department on the day of registration.\n\nIf issues arise with the student photograph and the student IC card is not ready for collection from their school o"
    },
    "13": {
      "summary": "7 Internet\n\nInternet Services\n\nThe standard internet service provided for students is free, which includes a dynamic IPv4 address with a 50 GB data cap per month, a dynamic IPv6 address and free data, 5 maximum simultaneous Internet connections, and 1 email address. After exceeding 50 GB of data, the standard fee rate is 1 RMB per additional GB.\n\nWays to top-up/recharge internet account\n\n1. Online:\nStudents can recharge their internet account online by logging onto http://usereg.tsinghua.edu.cn. On the left-hand menu, click on “Self-Payment” (自助缴费). Students can then complete the payment with mobile payment (WeChat or Alipay). Note: If owing fees, log on and choose to access the on-campus route (校内访问) and then use WeChat pay to complete payment.\n\n2. IC card self-service machines:\nStudents can recharge their internet account by logging into an IC card self-service machine, selecting the “Self-Service Payment” (自助缴费) option, and transferring money from their IC card to their internet account. These machines can be found across campus, including at the entrance of canteens, Teaching Building 6, libraries, the campus hospital and various laboratories.\n\n3. On WeChat:\nAfter connecting their student card to the Tsinghua University Official Information Services WeChat Platform (清华大学信息服务微信企业), students can go on to the “Internet Services” (网络服务) page to top up/recharge their internet account by using WeChat Pay.\n\n4. In-person:\nStudents can recharge their internet account in Room A128 of the Lee Shau Kee Science and Technology Building, (李兆基科技大楼A128), Monday to Friday from 1:00pm - 4:00pm. Currently, only cash is accepted.\n\nInternet account set-up\n\nAfter registering at Tsinghua, new international students will receive an envelope with details on how to activate their personal internet account from the International Students & Scholars Center. Students can then log into the identity authentication website (http://id.tsinghua.edu.cn) to activate their internet account. The webs"
    },
    "14": {
      "summary": "58648744\n\nPhysical examination times:\n\nMonday to Friday; 8:30am – 11:00am\n\n* Notes:\n• The physical examination requires fasting. Do not consume any food within 8 hours of the examination.\n• Students are requested to bring:\n  Original passport\n  Admission Notice or student IC card\n  Two passport-style photographs (2 inches, photograph must be in color).\n• Approximately 350 RMB in cash should be brought to pay for the cost of the physical examination.\n\n---\n\n### 9 Physical Examination Authentication\n\nInternational students who are admitted to Tsinghua must submit a certified Physical Examination Report.\n\nBefore coming to China:\n\n1. If the physical examination has already been completed in the international student’s own country:\nUpon arriving in China, the student must present the original physical examination form (including the original blood test reports) to the Beijing International Travel Healthcare Center - Haidian branch, to have their health documents verified and approved. If the health documents provided do not meet the Beijing International Travel Healthcare Center’s standards, then the student must redo the health examination at the Beijing International Travel Healthcare Center.\n\n2. If a physical examination has not been completed in the international student’s own country:\nThe student can undergo the physical health examination and obtain the certified Physical Examination Report at the Beijing International Travel Healthcare Center - Haidian branch.\n\nBeijing International Travel Healthcare Center - Haidian branch, 北京国际旅行卫生保健中心（海淀门诊部）。\n\nAddress: 10 De Zheng Road, Haidian District, Beijing (near the Xibeiwang Town People’s Government Office), 北京市海淀区德政路10号（西北旺镇政府附近）。\n\nPublic Transportation:\n• By Bus: 333, 365, 570, 982\n• By Subway: Line 4 > Line 16\n\nTake subway line 4 from Yuanmingyuan (圆明园) station (near the west gate of the Tsinghua campus), and ride one stop to Xiyuan (西苑) station. At Xiyuan station, transfer to line 16 and ride three stops to Xibeiwang "
    },
    "15": {
      "summary": "0 Food and Drink\n\nDrinking Water\n\nTap water is not suitable for drinking in China. Large bottles of water can be purchased at the supermarket, or for convenience many people will opt to order water tanks, that can be replaced with a new tank once empty. These tanks sit on a dispenser base that when plugged in can also produce hot water. Before selecting, it is recommended to first become familiar with nearby water tank supply companies to learn of their basic prices. A single water tank should cost around 20 RMB and the deposit should be roughly 50 RMB. A water tank dispenser can be purchased for an additional fee. For students living on campus, inquiries or requests for help with ordering water tanks can be directed to student dormitory reception staff.\n\n\n\n\n| Canteen Name | Opening Hours |\n|-------------|--------------|\n| Guanchou Yuan ( 观畴园 ) | 6:30am - 9:00am, 11:00am - 1:00pm, 5:00pm - 7:00pm |\n| Taoli Yuan ( 桃李园 ) | 6:30am - 9:00am, 11:00am - 1:00pm, 5:00pm - 10:30pm (for late dinners) |\n| Zijing Yuan ( 紫荆园 ) | 6:30am - 9:00am, 11:00am - 1:00pm, 5:00pm - 7:00pm |\n| Tingtao Yuan ( 听涛园 ) | 6:30am - 9:00am, 11:00am - 1:00pm, 5:00pm - 7:00pm |\n| Dingxiang Yuan ( 丁香园 ) | 6:30am - 9:00am, 11:00am - 1:00pm, 5:00pm - 7:00pm |\n| Qingfen Yuan ( 清芬园 ) | 6:30am - 9:00am, 11:00am - 1:00pm, 5:00pm - 7:00pm |\n| Yushu Yuan ( 玉树园 ) | 6:40am - 8:30am, 11:00am - 1:30pm, 5:00pm - 8:30pm |\n| Zhilan Yuan ( 芝兰园 ) | 11:00am - 1:00pm, 5:00pm - 8:00pm |\n\nUniversity campus canteen management contact number: 62782142"
    },
    "16": {
      "summary": "10:30am – 10:30pm\n\n| Other On-Campus Eateries | Opening Hours |\n|---|---|\n| Qingqing Fast Food (清青快餐) (Basement of Qingfen Yuan Canteen) | 10:30am – 10:30pm |\n| Qingqing Pizza (清青比萨) (Basement of Zijing Yuan Canteen) | 10:30am – 10:00pm |\n| Qingqing Yonghe (清青永和) (Northern part of Guanchou Yuan) | 6:40am – 2:00pm 4:30pm – 9:00pm |\n| Muslim Canteen (清真餐厅) (South-west side of Guanchou Yuan) | 6:30am – 9:00am 11:00am –1:00pm 5:00pm – 7:00pm |\n| Qingqing Xiuxian Canteen (清青休闲餐厅) (Basement level of Taoli Yuan) | 11:00am – 10:30pm |\n\nThe 1st floor of Yushu Yuan and the 3rd floors of Guanchou Yuan, Taoli Yuan and Xichun Yuan all offer restaurant-style table service.\n\n**On-Campus Coffee Shops**\n\nTsinghua University has a variety of coffee shops across the campus, including nearby canteens and inside the libraries. Below are some of the available coffee shops.\n\n| Coffee Shop Name | Opening Hours | Address |\n|---|---|---|\n| An Kitchen (安家小厨) | Monday to Sunday: 8:00am – 9:00pm | 1st floor of the Humanities Library 人文社科图书馆 G 层（一层） |\n| Time Capsule Café (水木领航) | Weekdays: 7:30am – 8:30pm Weekends: 8:00am – 8:30pm | South-east corner of Qingfen Yuan canteen 清芬园食堂东南角 |\n| Ten Years After Café (拾年咖啡) | Monday to Sunday: 8:00am – 12:00am | Across from the New Tsinghua Xuetang 新清华学堂对面 |\n| Chuke Coffee (出壳咖啡) | Monday to Sunday: 9:30am – 10:00pm | Jinchun Yuan Island 近春园 |\n\n**Setting-up, Activating, Re-charging and Replacing Canteen Cards**\n\nStudent IC cards are the method of payment accepted at campus canteens (apart from at restaurant-style dining areas where cash can be used). For information on how to re-charge student IC cards, refer to the *Student IC Card* section on page 10 of this Guide. Normally, most canteens will have a re-charge machine just inside the canteen entrance.\n\nThe re-charge and payment system for non-degree program students is different; please consult with one’s academic program officer for specific information.\n\n**Off-Campus Dining**\n\nIn the nearby Wudaokou a"
    },
    "17": {
      "summary": "2 Shopping\n\nOn-Campus Supermarkets and Markets\n\nTsinghua University has many useful amenities available on campus. There are four supermarkets, which stock all essential items. Payment at these supermarkets can be made through cash, WeChat, Alipay, or student IC card.\n\n| Supermarket Name | Opening Hours |\n|-----------------|--------------|\n| Tmall campus - Zijing store (天猫校园店—紫荆店) | Monday to Sunday: 8:30am - 11:30pm |\n| Basement of the Zijing Student Service Center (C Building) | |\n| Tmall campus - Qingfen store (天猫校园店—清芬店) | Monday to Sunday: 8:30am - 11:30pm |\n| Basement of the New Student Apartment, Building 7, south area | |\n| Tmall campus - Guanchou store (天猫校园店—观畴店) | Monday to Sunday: 9:00am - 9:00pm |\n| Basement of Guanchou Yuan canteen | |\n| Zhaolanyuan Supermarket (照澜院超市) | Monday to Sunday: 9:00am - 8:00pm |\n\nThere are three markets on campus that provide fresh produce and meats.\n\n| Market Name | Opening Hours |\n|-------------|---------------|\n| Zhaolanyuan Market (照澜院农贸市) | Monday to Sunday: 8:30am - 7:00pm |\n| In the Zhaolanyuan area | |\n| West Market (西市场) | Monday to Sunday: 8:00am - 7:00pm |\n| East of Yuyuan Canteen | |\n| North Area Fruit and Vegetable Market (北区便民果蔬超市) | Monday to Sunday: 8:00am - 10:00pm |\n| Outside the north gate | |\n\nZijing Student Service Center (C Building)\n\nKnown as C Building for its shape resembling the letter C, the Zijing Student Service Center is located beside the Zijing Sports Field, in the heart of the student dormitories area of campus. C Building offers a central location for various shops and services, including a supermarket, hairdresser, post office, bank, ATM, bookshop, photo shop, optical services shop, computer repair shop, souvenir shop, printer shop, phone shop, student card top-up machine and student registration services.\n\nOther On-Campus Service Shops\n\n● Pharmacy/drugstore\n\nTong Ren Tang pharmacy is located opposite to the Zhaolanyuan Market. The pharmacy supplies both Chinese and Western medicine.\n\n● Pho"
    },
    "18": {
      "summary": "0.00am - 9:00pm\n\nMonday to Sunday:\n9:00am - 9:00pm\n\nMonday to Sunday:\n8:30am - 10:00pm\n\nMonday to Sunday:\n9:00am - 9:00pm\n\nMonday to Sunday:\n9:00am - 9:00pm\n\nMonday to Sunday:\n9:00am - 9:00pm\n\nMonday to Sunday:\n9:00am - 9:00pm\n\nMonday to Sunday:\n9:00am - 9:00pm\n\nMonday to Sunday:\n9:00am - 9:00pm\n\nMonday to Sunday:\n9:00am - 9:00pm\n\nMonday to Sunday:\n9:00am - 9:00pm\n\nMonday to Sunday:\n9:00am - 9:00pm\n\nMonday to Sunday:\n9:00am - 9:00pm\n\nMonday to Sunday:\n9:00am - 9:00pm\n\nMonday to Sunday:\n9:00am - 9:00pm\n\nMonday to Sunday:\n9:00am - 9:00pm\n\nMonday to Sunday:\n9:00am - 9:00pm\n\nMonday to Sunday:\n9:00am - 9:00pm\n\nMonday to Sunday:\n9:00am - 9:00pm\n\nMonday to Sunday:\n9:00am - 9:00pm\n\nMonday to Sunday:\n9:00am - 9:00pm\n\nMonday to Sunday:\n9:00am - 9:00pm\n\nMonday to Sunday:\n9:00am - 9:00pm\n\nMonday to Sunday:\n9:00am - 9:00pm\n\nMonday to Sunday:\n9:00am - 9:00pm\n\nMonday to Sunday:\n9:00am - 9:00pm\n\nMonday to Sunday:\n9:00am - 9:00pm\n\nMonday to Sunday:\n9:00am - 9:00pm\n\nMonday to Sunday:\n9:00am - 9:00pm\n\nMonday to Sunday:\n9:00am - 9:00pm\n\nMonday to Sunday:\n9:00am - 9:00pm\n\nMonday to Sunday:\n9:00am - 9:00pm\n\nMonday to Sunday:\n9:00am - 9:00pm\n\nMonday to Sunday:\n9:00am - 9:00pm\n\nMonday to Sunday:\n9:00am - 9:00pm\n\nMonday to Sunday:\n9:00am - 9:00pm\n\nMonday to Sunday:\n9:00am - 9:00pm\n\nMonday to Sunday:\n9:00am - 9:00pm\n\nMonday to Sunday:\n9:00am - 9:00pm\n\nMonday to Sunday:\n9:00am - 9:00pm\n\nMonday to Sunday:\n9:00am - 9:00pm\n\nMonday to Sunday:\n9:00am - 9:00pm\n\nMonday to Sunday:\n9:00am - 9:00pm\n\nMonday to Sunday:\n9:00am - 9:00pm\n\nMonday to Sunday:\n9:00am - 9:00pm\n\nMonday to Sunday:\n9:00am - 9:00pm\n\nMonday to Sunday:\n9:00am - 9:00pm\n\nMonday to Sunday:\n9:00am - 9:00pm\n\nMonday to Sunday:\n9:00am - 9:00pm\n\nMonday to Sunday:\n9:00am - 9:00pm\n\nMonday to Sunday:\n9:00am - 9:00pm\n\nMonday to Sunday:\n9:00am - 9:00pm\n\nMonday to Sunday:\n9:00am - 9:00pm\n\nMonday to Sunday:\n9:00am - 9:00pm\n\nMonday to Sunday:\n9:00am - 9:00pm\n\nMonday to Sunday:\n9:00am - 9:00pm\n\nMonday to Sunday:\n9:00am - 9:00pm\n\nMonday to Sunday:\n9:00"
    },
    "19": {
      "summary": "7:20am, 7:30am, and 7:40am shuttles go in the direction of the north gate, the 7:50am shuttle passes by the Lanquiying north gate. The 6:00pm shuttle goes in the direction of the Main gate. At other times, every hour at 10, 30 and 50 minutes past the hour to shuttle goes in the direction of the Main gate, and every 20 and 40 minutes past the hour it goes in the direction of the north gate.\n\nRoute stops: West Gate – Outdoor Swimming Pool – Information Center – Elderly Activity Center – Kindergarten – Lee Shau Kee Science and Technology Building – Main Gate – Academy of Arts and Design – Gymnasium – Natatorium – Zijing Sports Field – Zijing Apartment Building 17 – North Gate – Mochtar Riady Library – North-west Gate – University Hospital - Outdoor Swimming Pool - West Gate\n\n● Inner route operating times:\nMonday to Friday, 7:40am – 11.10am, 12:40pm - 5:25pm Not in operation on weekends and holidays. Notices will inform of the specific summer and winter vacation operating times.\n\n● Student route operating times:\nMonday to Friday, 7:40am, 9:20am, 1:00pm, and 2:50pm. Not in operation on weekends, public holidays or summer and winter vacations.\n\nMethod of operation:\nLeaves from the West gate. Buses depart approximately every 30 minutes in the same direction (every 15 minutes in alternating directions). On weekdays the shuttle leaves at 10 and 40 minutes past the hour in the direction of the campus hospital; at 25 and 55 minutes past the hour the shuttle leaves in the direction of the Main Gate.\n\nMethod of operation:\nThe words “student route” (学生专线) are displayed on the bus. The route begins at the north gate and covers the Zijing Apartment Buildings area, then travels towards the Main Building and finishes at the west gate.\n\nDownload the \"Tsinghua Campus Bus\" (清华校园巴士) mobile APP by scanning the below QR code or scan the \"Tsinghua Campus Bus\" (清华校园巴士) applet code below to check the departure status of each shuttle route.\n\nRoute map:\nBlue line - Inner Route\nRed Line - Outer "
    },
    "20": {
      "summary": "2.4 meters.\n\nLocation: South side of Zijing Apartment Buildings area\n\nOpening hours:\nMonday to Friday; 12:00pm – 1:00pm, 5:30pm – 6:30pm, 8:00pm – 9:00pm, 9:30pm – 10:30pm\nWeekends; 12:00pm – 1:30pm, 2:00pm – 3:30pm, 5:00pm – 6:30pm, 8:00pm – 9:00pm, 9:30pm – 10:30pm\n\nHow to buy tickets: At the swimming pool entrance\nTicket price for students: 7 RMB/hour\n\nComprehensive Gymnasium\n\nThe Comprehensive Gymnasium is a venue integrating sports competition, training, teaching, meetings and performances. The venue space for sports competitions is 55 meters by 35 meters.\n\nLocation: South side of the East Sports Ground (behind the Main Building)\n\nOpening hours:\nBadminton and basketball courts\nMonday to Friday; 5:00pm – 10:00pm\nWeekends; 8:00am – 10:00pm\n\nFitness Center\nMonday to Sunday; 9:00am – 10:00pm\n\nHow to book: Online, http://50.tsinghua.edu.cn\n\nTicket price for students:\nBadminton; 20 RMB per court/hour\nFitness Center; 600 RMB for half-year membership, 900 RMB for annual membership\n\nInflatable Sports Dome\n\nThe Inflatable Sports Dome was built in March 2010, and was the first of its kind to be built at a Chinese university. The dome combines smart technology with environmentally friendly design. It consists of 12 badminton courts, 9 table tennis tables and a high quality plastic-coated court and specialty lighting.\n\nLocation: East side of the Zijing Apartment Buildings area\n\n\nelectric vehicle batteries indoors to be charged, including in student dormitories, teaching buildings, laboratories and activity centers. Therefore, to promote campus safety, it is recommended that students do not buy or use electric vehicles on campus, and abide by the regulations in place.\n\nBicycles\n\nMost Tsinghua students get around campus using bicycles. A new bicycle costs roughly 200–500 RMB, with the price depending on the type and quality of the bicycle. Many students opt to purchase second hand bicycles on campus, which usually cost no more than 150 RMB. There are many small bicycle repair"
    },
    "21": {
      "summary": "8:00am – 10:00pm\n\nHow to book: Online, http://50.tsinghua.edu.cn\n\nTicket prices: Badminton; 20 RMB per court/hour\n\nTable Tennis; 10 RMB per table/hour\n\nWest Gymnasium\n\nThe West Gymnasium was the first gym to be built in Tsinghua and is one of the first four main buildings of the university. The gymnasium is divided into the former hall and the latter hall. The former hall was completed in March 1919, with a total area of 2,170 square meters. In 1932, the rear hall was expanded, with an area of 2,708 square meters. It has badminton courts, billiards and a basketball court.\n\nLocation: West side of the West Sports Field\n\nOpening hours: 6:30pm – 10:30pm\n\nHow to book: Online, http://50.tsinghua.edu.cn\n\nTicket prices: Billiards; 15 RMB per court/hour\n\nBadminton; 20 RMB per court/hour\n\nPerforming Arts and Films\n\nIn recent years, Tsinghua has placed an increasing emphasis on the performing arts. With the completion of the New Tsinghua Xuetang and the installation of video equipment in the auditorium, teachers and students can enjoy a wide variety of performances and films on campus.\n\nMost performances and movies shown at Tsinghua provide discount tickets for students, thus tickets tend to sell out quickly. Therefore, it is recommended that students line up as soon as possible to purchase tickets. To stay up to date regarding upcoming performances and movies, pay attention to the exhibition boards displayed in front of the New Tsinghua Xuetang and along the main roads in the university, or visit: http://www.hall.tsinghua.edu.cn/.\n\nOn-campus performances and films are usually shown in the Auditorium and the New Tsinghua Xuetang. Tickets can be purchased at the ticket office of the New Tsinghua Xuetang. The details are as follows:\n\nTicket office opening times:\n9:00am – 7:00pm (closed on Tuesdays)\n\nNew Tsinghua Xuetang Ticket Office location:\nSouth-east side of the New Tsinghua Xuetang, by the west side of the Main Building.\n\nContact number: 62781984\n\n* Note: The 60 RMB and bel"
    },
    "22": {
      "summary": "0.5cm\n\n<table></table>\n\n<table></table>\n\n<table></table>\n\n<table></table>\n\n<table></table>\n\n<table></table>\n\n<table></table>\n\n<table></table>\n\n<table></table>\n\n<table></table>\n\n<table></table>\n\n<table></table>\n\n<table></table>\n\n<table></table>\n\n<table></table>\n\n<table></table>\n\n<table></table>\n\n<table></table>\n\n<table></table>\n\n<table></table>\n\n<table></table>\n\n<table></table>\n\n<table></table>\n\n<table></table>\n\n<table></table>\n\n<table></table>\n\n<table></table>\n\n<table></table>\n\n<table></table>\n\n<table></table>\n\n<table></table>\n\n<table></table>\n\n<table></table>\n\n<table></table>\n\n<table></table>\n\n<table></table>\n\n<table></table>\n\n<table></table>\n\n<table></table>\n\n<table></table>\n\n<table></table>\n\n<table></table>\n\n<table></table>\n\n<table></table>\n\n<table></table>\n\n<table></table>\n\n<table></table>\n\n<table></table>\n\n<table></table>\n\n<table></table>\n\n<table></table>\n\n<table></table>\n\n<table></table>\n\n<table></table>\n\n<table></table>\n\n<table></table>\n\n<table></table>\n\n<table></table>\n\n<table></table>\n\n<table></table>\n\n<table></table>\n\n<table></table>\n\n<table></table>\n\n<table></table>\n\n<table></table>\n\n<table></table>\n\n<table></table>\n\n<table></table>\n\n<table></table>\n\n<table></table>\n\n<table></table>\n\n<table></table>\n\n<table></table>\n\n<table></table>\n\n<table></table>\n\n<table></table>\n\n<table></table>\n\n<table></table>\n\n<table></table>\n\n<table></table>\n\n<table></table>\n\n<table></table>\n\n<table></table>\n\n<table></table>\n\n<table></table>\n\n<table></table>\n\n<table></table>\n\n<table></table>\n\n<table></table>\n\n<table></table>\n\n<table></table>\n\n<table></table>\n\n<table></table>\n\n<table></table>\n\n<table></table>\n\n<table></table>\n\n<table></table>\n\n<table></table>\n\n<table></table>\n\n<table></table>\n\n<table></table>\n\n<table></table>\n\n<table></table>\n\n<table></table>\n\n<table></table>\n\n<table></table>\n\n<table></table>\n\n<table></table>\n\n<table></table>\n\n<table></table>\n\n<table></table>\n\n<table></table>\n\n<table></table>\n\n<table></table>\n\n<table></table>\n\n<table></table>\n\n<table></table>\n\n<tab"
    },
    "23": {
      "summary": "① Teaching Buildings and Self-Study Rooms\n\nThe main teaching buildings on campus are found at:\n\n1. The old gate area: Teaching Building 1, Teaching Building 2, West Lecture Theater, Tsinghua Xuetang, New Water Conservation Building.\n\n2. The central area: Teaching Buildings 3, 4, 5, 6, and the Old Economic Management Lecture Hall, Leo Koguan Building.\n\n3. The east gate area: Mingli Building, Weilun Building, Yifu Science and Technology Building, Main Building Lecture Hall, Jianguan Lecture Hall, East Lecture Theater.\n\nThe purpose of the teaching buildings is not only for holding classes, but also for self-study. The teaching buildings’ opening hours are from 7:30am to 10:30pm (Tsinghua Xuetang is open until 11:00pm). To find out when classes are being held in specific classrooms, go to the Tsinghua University Information Service WeChat Account (清华大学信息服务微信公众号), then click “Teaching and Educational Affairs” (教学与教务) and click “Public Information” (公共信息) on the bottom tab, and finally click “Classroom Information” (教室信息). The purple dots indicate an occupied classroom and the “1, 2, 3, 4, 5, 6” indicates the class period. A full class schedule for each teaching block can be found at the entrance of the 1st floor of the building or a class schedule may be found posted on the door of the classroom.\n\nThe teaching buildings have 21 group seminar rooms, located in: Tsinghua Xuetang (4 rooms), Teaching Building 6 (3 rooms), Leo Koguan Building basement (2 rooms), and Teaching Building 4 (12 rooms). The rooms are all equipped with seminar tables and chairs, a whiteboard and a multi-purpose power supply, and some seminar rooms have a TV (with projector) and a glass writing wall. Students wishing to use the rooms can reserve them by scanning the QR code or logging on to the \"my home\" (http://myhome.tsinghua.edu.cn) website. International students who do not have the “my home” account can make an appointment to use the seminar rooms by phone: Tsinghua Xuetang - 62788488, Teaching "
    },
    "24": {
      "summary": "2023-12-01\n\nWebsite: https://adm.iclcc.tsinghua.edu.cn/\n\n● Learning Chinese off-campus:\nThere are also various Chinese language schools in the nearby area that offer classes or individual lessons from beginner to advanced levels.\n\n\n\n\n| Name | Opening Hours |\n|------|-------------|\n| Old Library | Monday to Sunday: 7:30am – 10:30pm (except for National Holidays) Opening hours during exam week: 7:30am – 11:00pm |\n\n| Name | Opening Hours |\n|------|-------------|\n| Yifu Library | Monday to Sunday: 8:00am – 10:00pm (different rooms open and close at different hours) |\n| Mochtar Riady Library (North Building) | Monday to Sunday: 8:00am – 10:00pm (different rooms open and close at different hours) |\n\n| Name | Opening Hours |\n|------|-------------|\n| Humanities Library | Monday to Sunday: 8:00am – 10:00pm |\n| Fine Arts Library | Monday to Friday: 8:00am – 9:00pm Saturday: 9:30am – 5:00pm Sunday: Closed |\n| Management Library | Monday to Sunday: 8:00am – 10:00pm |\n| Law Library | Monday to Sunday: 8:00am – 10:00pm |\n| Architecture Library | Monday to Thursday: 8:00am – 11:30am, 1:00pm – 9:30pm Friday: 8:00am – 11:30am, 1:00pm – 5:00pm Saturday and Sunday: 8:00am – 11:30am, 1:00pm – 5:00pm |\n\n* For holidays and vacations, opening and closing hours may change.\n\n● Librarians\n\nTsinghua University has many libraries, including general libraries and six specialized libraries. The general libraries include the Old Library, the Yifu Library and the Mochtar Riady Library (North Building). All students may enter freely and borrow books from these libraries with their student IC card.\n\nThe six specialized libraries are the Management Library, the Architecture Library, the Law Library, the Humanities Library, the Fine Arts Library and the Finance Library. These libraries focus on providing books related to different disciplines and are mainly intended to be used by students studying the related discipline.\n\nAmong these specialized libraries, the Humanities Library and the Finance Librar"
    },
    "25": {
      "summary": "5\n\n**Tsinghua University Academic Portal:** http://academic.tsinghua.edu.cn/\n\nThis website provides users with services related to academics, such as course introductions, and allows the user to reserve and select courses. Users can also browse academic regulations and processes, as well download up-to-date forms that they may require.\n\n- **Student Courses Platform:** http://learn.tsinghua.edu.cn/\n\nAfter logging into their student account, users can access information such as teaching materials and homework for their courses.\n\n- **Tsinghua University Information User Service Platform:** http://its.tsinghua.edu.cn/\n\nThis website provides a user guide to the main campus websites. After logging into their student account, users may also download for free up-to-date computer software, such as operations systems, anti-virus software, office software, development software, and calculations software.\n\n- **Tsinghua University Campus Network:** http://usereg.tsinghua.edu.cn/\n\nAfter logging into their student account, users may manage their account by changing their password and buying more internet data. They may also check information such as personal browsing details and online status.\n\n- **Tsinghua University Email:** http://mails.tsinghua.edu.cn/\n\nAfter logging in using their campus account, users may send and receive emails using this website.\n\n- **Tsinghua University Cloud Drive:** https://cloud.tsinghua.edu.cn/\n\nAn online service that provides students with data storage, synchronization, management and sharing functions for work and study purposes. Through a personal account, it provides 300G of cloud storage space for every student and faculty member during their time at Tsinghua.\n\n- **Tsinghua University Library:** http://eng.lib.tsinghua.edu.cn/\n\nThis website provides library-related services for students. On this website, students may apply to use book-borrowing services, inquire about library collections and browse the electronic library.\n\n- **Tsinghua University"
    },
    "26": {
      "summary": "7\n\nCareer Development Center of Tsinghua University (THCDC) is responsible for implementing national employment policies and related university requirements and formulating measures for the employment of graduating students. THCDC collects and releases job opportunities for graduates and organizes on-campus job publicity and recruitment activities. The Center offers consultation and guidance services to help students greater understand their career options and set career goals. Outstanding students will be guided and recommended by the Center for working positions in key state institutions and enterprises. The Center also helps with the signing of employment agreements and the dispatching of graduates.\n\nContact number: 62784625 Address: THCDC Office Building (south of Qingfen Yuan Canteen) Website: http://career.tsinghua.edu.cn\n\nCenter for Global Competence Development (CGCD) is a university-level organization dedicated to providing guidance and support on global competence development, and to promoting its integration into the university-wide student cultivation process. CGCD strives to offer transformative learning support and resources of a high quality, including through workshops, one-on-one tutorials, online learning resources, and Wesalon- that facilitates inter-disciplinary exchanges between faculty and students. CGCD is committed to studying the best models of education of global competence by cooperating with various international organizations and world-leading institutions of higher education. In addition, CGCD also provides expertise and guidance to student associations and offers diversified engagement opportunities to promote inter-cultural understanding and exchange across campus.\n\nContact number: 62780238 Address: Room 226, Zijing Student Service Center (C Building) Email: thgc@tsinghua.edu.cn"
    },
    "27": {
      "summary": "0 Hospitals\n\nOn-Campus Hospital\n\nTsinghua University has its own campus hospital located in the western part of the campus.\n\nThe hours of operation for various departments are as follows. Outpatient services time: Monday to Friday; 8:00am – 12:00pm, 1:30pm – 5:00pm Registration for outpatient services: Monday to Friday; 7:45am – 11:50am, 1:20pm – 4:50pm Emergency services: 24 hours\n\n* Note: The Tsinghua University campus hospital is capable of treating and diagnosing common illnesses and health issues. However, for more complicated and serious medical conditions and treatment, a visit to a more comprehensive hospital is required. When visiting hospitals off-campus, international students are required to bring their passports for identification and registration purposes.\n\nProcess for seeing a doctor at the hospital\n\nRegister at the registration area (in main building/lobby)\n\nGo to the medical department you registered at (i.e. internal medicine, surgical medicine, dental medicine)\n\nGo to the medical consultation area to be assigned to a doctor based on the symptoms felt\n\nObtain examination/test results\n\nBe examined by a doctor\n\nGiven laboratory/examination test script\n\nGiven a medical prescription\n\nGiven a treatment report\n\nGiven a diagnosis/and hospital transfer notice\n\nGo to respective examination room\n\nPay for medical prescription/script at payment area\n\nGo to registration area for stamping of documents\n\nPick up prescription medicine\n\nGo to injection room, or have intravenous drip\n\nLeave hospital"
    },
    "28": {
      "summary": "2 Health Insurance\n\nAccording to the regulations set in place by the People's Republic of China and the Ministry of Education, a comprehensive health insurance scheme has been implemented for international students studying in China. According to national and university-level regulations, all international students must purchase this insurance scheme.\n\nComprehensive medical insurance obligations, claims procedures and other detailed insurance information can be found in English at: http://en.lbx.net/.\n\nA 24 hour contact hotline is also available: 4008105119, extension 1.\n\n* Please note: the insurance does not cover private hospitals and clinics, such as the United Family Wudaokou Clinic and Beijing United Family Hospital.\n\nInsurance Reimbursement Claims\n\n• Materials required for filing a claim:\n\n| Documents Required | Original page | Medical record (Dates of each treatment and diagnosis should match dates on the receipts) | Itemized bill | Accident report | Copy of hospital discharge summary or inpatient medical record | Copy of passbook or customer information form for bank cards |\n|-------------------|---------------|---------------------------------------------------------------------------------|----------------|----------------|-------------------------------------------------|-------------------------------------------------|\n| Type of Claim     |               |                                                                                 |                |                |                                                         |                                                 |\n| Outpatient (in the case of accident) | Yes | Yes | Yes | Yes | Yes | Yes |\n| Outpatient (in the case of illness) | Yes | Yes | Yes | Yes | Yes | Yes |\n| Inpatient (in the case of accident) | Yes | Yes | Yes | Yes | Yes | Yes |\n| Inpatient (in the case of illness) | Yes | Yes | Yes | Yes | Yes | Yes |\n\n• Submitting documents\n\nOption a: at Tsinghua University\n\nInsurance documents c"
    },
    "29": {
      "summary": "3 Campus Safety Tips\n\nBefore receiving medical treatment, first call 4008105119, extension 1, to check the details of medical service coverage.\n\nProof, documentation, and certificates of accidents must be provided as evidence (for example a traffic accident certification issued by the relevant transport office).\n\nWhen providing bank details, the bank account name, account number and banking branch that the account was opened at must be provided.\n\nIn order to ensure personal safety and of one’s belongings, all international students should keep in mind the following points whilst studying on campus.\n\nProtecting oneself against common safety issues\n\n• Students should ensure the safety of their personal belongings. Do not carry around large amounts of money. Take appropriate care of important items such as passports, admission notices, phones, laptops and wallets.\n\n• Be aware of telecommunications fraud. Do not give information to unknown people by phone, text, WeChat or online. Do not transfer money or write checks to unknown accounts or individuals.\n\n• Pay attention to information safety. Do not carelessly disclose one’s personal information. If necessary, the police can be contacted via phone by calling 110."
    },
    "30": {
      "summary": " Do not ride in unlicensed vehicles, or with unfamiliar individuals.\n\n• The university does not encourage students or parents to drive cars into the university. Also, students are not permitted to apply for a motorized vehicle pass in campus. Motorized vehicles are forbidden from entering the student dormitory areas. The university does not recommend students to purchase electric vehicles (including scooters).\n\n• The primary mode of on-campus transportation is by bicycle (either personal bicycles or shared bikes). Bicycles should be locked after use. When walking or cycling on campus, please use the pavement or lanes for non-motorized vehicles. Do not ride in a dangerous manner, such as riding the wrong way down a roadway, speeding, or turning without signaling.\n\n**Awareness of dormitory safety and prevention of theft or fire**\n\n• Do not leave large amounts of cash; student IC card; keys or other important and valuable objects out in one's room. Either keep them safely locked away or on one's person.\n\n• Obey dormitory regulations. When leaving the student dormitory room or resting inside the dormitory, lock the windows and door and do not let others stay in the room. When entering a dormitory building, make sure that others do not sneak in behind. Take an active role to prevent the subleasing of dormitory rooms by reporting such situations to the building staff or security staff.\n\n• Be careful when using electricity inside the dormitory. The connecting, disconnecting, or pulling of electrical wires without permission is strictly forbidden. It is also forbidden to use electrical devices that go against regulations, as well as open flames such as candles or mosquito-repellent incense. Smoking in the dormitories is forbidden. Take care to prevent any potential fires from occurring. Become familiar with dormitory emergency exits and evacuation routes. When there is a fire, promptly raise the alarm and exit the building.\n\n**Avoiding injuries whilst exercising**\n\n• Avoid "
    },
    "31": {
      "summary": "① climate\n\nThe four seasons in Beijing are generally as follows.\n\nSpring (March-May): Weather is pleasant, temperatures between 0°C and 26°C (32°F and 79°F)\n\nSummer (June-August): Hot and humid, temperatures between 18°C and 35°C (66°F and 95°F)\n\nAutumn (September-November): Cool with occasional rain, temperatures between 0°C and 26°C (32°F and 79°F)\n\nWinter (December-February): Cold, dry and windy, temperatures between -8°C and 5°C (16°F and 41°F)\n\nIn the north of China, most public buildings will be heated between mid-November and mid-March. Buildings will often open their windows during winter to maintain a healthy level of air circulation.\n\n② Transportation\n\nTaxis\n\nTaxis are commonly seen in China. Licensed taxis are normally of the same design and should have the taxi company logo displayed. Different cities have different starting prices, but all are relatively affordable. Be careful not to ride in unlicensed taxis. Check the taxi company, driver and vehicle information (usually posted above the front passenger seat) and check whether there is a taxi meter fitted and in operation (in Chinese: 打表计费).\n\n● Taxi fare fee\n\nThe standard taxi fare is 2.30 RMB per kilometer. The flag-down starting rate is 13 RMB (within the first 3 kilometers). The taxi fare fee may be a slightly higher rate when in traffic jams and during evenings.\n\n● Confirming that a taxi is a licensed taxi\n\nWhen taking a taxi, first check the car license plate. Licensed taxis in Beijing should all have a car license plate beginning with the letter B. Always ask for the receipt when getting out of the taxi.\n\n③ Subway and Light Rail Network\n\nThe Beijing Subway and Light Rail Network (apart from the airport express train) is a highly connected transportation network. Prices depend on the distance travelled and range from 3 to 7 RMB per journey. Tickets can be purchased at the ticket window or by using the automatic machines found at all subway stations. A rechargeable Beijing transportation card can a"
    },
    "32": {
      "summary": "2024-01-01\n\ntransportation. The transportation card must be scanned upon both entry and exit of the subway. For more information, visit: https://www.bjsubway.com/en/. The nearest subway stations to Tsinghua University are Qinghuadongluxikou (清华东路西口) on line 15, Wudaokou (五道口) on line 13, and Yuanmingyuan (圆明园) on line 4.\n\nBus Network\n\nThe bus network in Beijing is a very affordable method of transportation, with fees starting from 1 RMB using the Beijing transportation card (the same one used for the subway system), or from 2 RMB if paying in cash. The west, south and north-east gates of Tsinghua all have bus stops close-by. The nearest bus stop to the student dormitories is the stop located by the north-east gate, where bus number 549 travels to the nearby areas of Wudaokou and Zhongguancun. For more information, visit: http://www.bjbus.com.\n\nWudaokou and Surrounds\n\nThe Wudaokou area is a student-hub, as it is located near several universities, including Tsinghua. The busiest and most bustling part of Wudaokou is centered on either side of the Wudaokou subway station. Traffic jams are common, especially during peak hour and thus attention should be paid to personal safety.\n\nThe Wudaokou area has an international atmosphere and is filled with shops, restaurants, coffee shops and bars. The main department store in Wudaokou, known as the U Center, is home to clothing and lifestyle stores, a pharmacy and the BHG supermarket on the basement floor housing many international products. Nearby, there is also D-Mart - a smaller international supermarket, and Lotus supermarket - a large local supermarket chain.\n\nNearby the Wudaokou subway station are bus stops that can take you back to the north-east gate of Tsinghua University (bus number 549) and several buses going in the direction of nearby Peking University and Zhongguancun, Beijing’s technology hub.\n\nDue to its close proximity to Tsinghua University, many students living off campus choose to live in apartment blocks loc"
    },
    "33": {
      "summary": "1 Emergency Contacts\n\n| Campus Police | 62782001 |\n| Campus Hospital (emergencies) | 62782185 |\n| Police Department | 110 |\n| Fire Department | 119 |\n| Traffic Police | 122 |\n| Ambulance | 120/999 |\n| Zhongguancun Police Station 中关村派出所 | 62554600 |\n| Dongsheng Police Station 东升派出所 | 62329664 |\n| Qinglong Bridge Police Station 青龙桥派出所 | 62881666 |\n\n\n\n\n① On-Campus Important Contacts\n\n| Campus Telephone Directory | 62793001 |\n| Zijing Students Comprehensive Office | 62783996 |\n| International Students Apartment Front Desk | 51535501 |\n| Registration Center: IC Card | 62794720 |\n| Registration Center: Registration | 62788122 |\n| Registration Center: Choosing Classes | 62787169 |\n| Registration Center: Transcripts | 62788110 |\n| Undergraduate Admissions Office | 62783100 |\n| Graduate Admissions Office | 62781380 |\n| Office of Academic Affairs: Division of Student Study Status Administration | 62794180 |\n| Graduate Scholarship and Grants Management Office | 62789660 |\n| Visiting/Exchange Student Program | 62773508 |\n| Chinese Language Program | 62771368 |\n\n③ Off-Campus Important Contacts\n\n| Division of Exit and Entry Administration of the Beijing Public Security Bureau | 84020101 |\n| Beijing Customs | 12360 |"
    },
    "34": {
      "summary": "4 Campus Map\n\n<table></table>\n\nThe campus map can be viewed online through the following link: https://www.tsinghua.edu.cn/zjqh/xyfg/xydt1.htm\n\nOr for English, in the 'Guides' section on the ISSC website: https://is.tsinghua.edu.cn/publish/isscen/11846/index.html"
    },
    "35": {
      "summary": "5 International Students & Scholars Center\n\nOffice Hours: Monday to Friday; 8:00am – 12:00pm, 1:00pm – 5:00pm\n\nAddress: 1st Floor, Zijing Apartment Building 22, Tsinghua University, 100084\n\nFax: 62771134\n\nWebsite: http://is.tsinghua.edu.cn\n\n(Undergraduates)\n\nPhone: +86 10 62773076\n\nEmail: iso-undergrad@tsinghua.edu.cn\n\n(Graduates)\n\nPhone: +86 10 62789388\n\nEmail: iso-grad@tsinghua.edu.cn\n\n(Non-degree Students)\n\nPhone: +86 10 62770992\n\nEmail: iso-nondegree@tsinghua.edu.cn\n\n\n33"
    },
    "36": {
      "summary": "0.5cm, 0.5cm\n\n: 0.5cm, 0.5cm\n\n: 0.5cm, 0.5cm\n\n: 0.5cm, 0.5cm\n\n: 0.5cm, 0.5cm\n\n: 0.5cm, 0.5cm\n\n: 0.5cm, 0.5cm\n\n: 0.5cm, 0.5cm\n\n: 0.5cm, 0.5cm\n\n: 0.5cm, 0.5cm\n\n: 0.5cm, 0.5cm\n\n: 0.5cm, 0.5cm\n\n: 0.5cm, 0.5cm\n\n: 0.5cm, 0.5cm\n\n: 0.5cm, 0.5cm\n\n: 0.5cm, 0.5cm\n\n: 0.5cm, 0.5cm\n\n: 0.5cm, 0.5cm\n\n: 0.5cm, 0.5cm\n\n: 0.5cm, 0.5cm\n\n: 0.5cm, 0.5cm\n\n: 0.5cm, 0.5cm\n\n: 0.5cm, 0.5cm\n\n: 0.5cm, 0.5cm\n\n: 0.5cm, 0.5cm\n\n: 0.5cm, 0.5cm\n\n: 0.5cm, 0.5cm\n\n: 0.5cm, 0.5cm\n\n: 0.5cm, 0.5cm\n\n: 0.5cm, 0.5cm\n\n: 0.5cm, 0.5cm\n\n: 0.5cm, 0.5cm\n\n: 0.5cm, 0.5cm\n\n: 0.5cm, 0.5cm\n\n: 0.5cm, 0.5cm\n\n: 0.5cm, 0.5cm\n\n: 0.5cm, 0.5cm\n\n: 0.5cm, 0.5cm\n\n: 0.5cm, 0.5cm\n\n: 0.5cm, 0.5cm\n\n: 0.5cm, 0.5cm\n\n: 0.5cm, 0.5cm\n\n: 0.5cm, 0.5cm\n\n: 0.5cm, 0.5cm\n\n: 0.5cm, 0.5cm\n\n: 0.5cm, 0.5cm\n\n: 0.5cm, 0.5cm\n\n: 0.5cm, 0.5cm\n\n: 0.5cm, 0.5cm\n\n: 0.5cm, 0.5cm\n\n: 0.5cm, 0.5cm\n\n: 0.5cm, 0.5cm\n\n: 0.5cm, 0.5cm\n\n: 0.5cm, 0.5cm\n\n: 0.5cm, 0.5cm\n\n: 0.5cm, 0.5cm\n\n: 0.5cm, 0.5cm\n\n: 0.5cm, 0.5cm\n\n: 0.5cm, 0.5cm\n\n: 0.5cm, 0.5cm\n\n: 0.5cm, 0.5cm\n\n: 0.5cm, 0.5cm\n\n: 0.5cm, 0.5cm\n\n: 0.5cm, 0.5cm\n\n: 0.5cm, 0.5cm\n\n: 0.5cm, 0.5cm\n\n: 0.5cm, 0.5cm\n\n: 0.5cm, 0.5cm\n\n: 0.5cm, 0.5cm\n\n: 0.5cm, 0.5cm\n\n: 0.5cm, 0.5cm\n\n: 0.5cm, 0.5cm\n\n: 0.5cm, 0.5cm\n\n: 0.5cm, 0.5cm\n\n: 0.5cm, 0.5cm\n\n: 0.5cm, 0.5cm\n\n: 0.5cm, 0.5cm\n\n: 0.5cm, 0.5cm\n\n: 0.5cm, 0.5cm\n\n: 0.5cm, 0.5cm\n\n: 0.5cm, 0.5cm\n\n: 0.5cm, 0.5cm\n\n: 0.5cm, 0.5cm\n\n: 0.5cm, 0.5cm\n\n: 0.5cm, 0.5cm\n\n: 0.5cm, 0.5cm\n\n: 0.5cm, 0.5cm\n\n: 0.5cm, 0.5cm\n\n: 0.5cm, 0.5cm\n\n: 0.5cm, 0.5cm\n\n: 0.5cm, 0.5cm\n\n: 0.5cm, 0.5cm\n\n: 0.5cm, 0.5cm\n\n: 0.5cm, 0.5cm\n\n: 0.5cm, 0.5cm\n\n: 0.5cm, 0.5cm\n\n: 0.5cm, 0.5cm\n\n: 0.5cm, 0.5cm\n\n: 0.5cm, 0.5cm\n\n: 0.5cm, 0.5cm\n\n: 0.5cm, 0.5cm\n\n: 0.5cm, 0.5cm\n\n: 0.5cm, 0.5cm\n\n: 0.5cm, 0.5cm\n\n: 0.5cm, 0.5cm\n\n: 0.5cm, 0.5cm\n\n: 0.5cm, 0.5cm\n\n: 0.5cm, 0.5cm\n\n: 0.5cm, 0.5cm\n\n: 0.5cm, 0.5cm\n\n: 0.5cm, 0.5cm\n\n: 0.5cm, 0.5cm\n\n: 0.5cm, 0.5cm\n\n: 0.5cm, 0.5cm\n\n: 0.5cm, 0.5cm\n\n: 0.5cm, 0.5cm\n\n: 0.5cm, 0.5cm\n\n: 0.5cm, 0.5cm\n\n: 0.5cm, 0.5cm\n\n: 0.5cm, 0.5cm\n\n: 0.5cm, 0.5cm\n\n: 0.5cm, 0.5cm\n\n: 0.5cm, 0.5cm\n\n: 0.5cm, 0.5cm\n\n: 0.5cm, 0.5cm\n\n: "
    },
    "37": {
      "summary": "0\n\nThe official account of Schwarzman College. Provides information on the latest events held at the college.\n\nOfficial account of the New Tsinghua Xuetang. Publishes information on upcoming performances and movies held at Tsinghua.\n\nOfficial account for the Student Associations Department. Shares information on the 200+ student associations at Tsinghua, including their events and stories.\n\nThe official account for the Association of International Culture Exchange (AICE), a student society with the aim to bring together and promote connections between local and international students by hosting events.\n\n\"Tsinghua Guoji\" is produced by Tsinghua University's Office of International Cooperation and Exchange, and is a window for Chinese readers in China and abroad to learn of Tsinghua's cooperation internationally and also with Hong Kong, Macao and Taiwan.\n\nOfficial WeChat account for the Office of International Education at Tsinghua University, which was founded in July 2015 to further enhance the cultivation of students using an international approach, so as to enhance students' global competence and heighten the influence of Tsinghua worldwide.\n\nQhdxgjj"
    },
    "38": {
      "summary": " English to Chinese\n\n| English | Chinese | Pinyin |\n|---|---|---|\n| Registration Form of Temporary Residence | 临时住宿登记表 | Lín Shí Zhù Sù Dèng Jì Biǎo |\n| Beijing International Travel Healthcare Center | 海关总署北京国际旅行卫生保健中心 海淀分中心 | Hǎi Guān Zōng Shū Běi Jīng Guó Jì Lǜ Xíng Wèi Shēng Bǎo Jiàn Zhōng Xīn Hǎi Diàn Fēn Zhōng Xīn |\n| Division of Exit and Entry Administration of the Beijing Public Security Bureau | 北京市公安局出入境管理总队 | Běi Jǐng Shì Gōng Ān Jù Chū Rù Jǐng Guān Lǐ Zōng Dù |\n| Physical Examination Certification | 体检证明 | Tí Jiǎn Zhèng Míng |\n| Physical Examination Authentication | 体检认证 | Tí Jiǎn Rèn Zhèng |\n| Residence Permit | 居留许可 | Jū Liú Xū Kě |\n| Graduation Certificate | 毕业证书 | Bì Yè Zhèng Shū |\n| Academic Transcript | 成绩单 | Chéng Jì Dān |\n| Certificate of Enrollment | 在学证明 | Zài Xué Zhèng Míng |\n\n\n\n\n36"
    },
    "39": {
      "summary": "0\n\n| Hello | 你好 | Ni hǎo |\n|---|---|---|\n| How are you? | 你好吗？ | Ni hǎo ma? |\n| I'm fine, and you? | 我很好，你呢？ | Wǒ hěn hǎo, nǐ ne? |\n| Nice to meet you | 见到你很高兴 | Jiàn dào nǐ hěn gāo xìng |\n| Goodbye | 再见 | Zài jiàn |\n| See you soon | 一会儿见 | Yī huí ér jiàn |\n| See you tomorrow | 明天见 | Míng tiān jiàn |\n\n\n\n\n### Greetings and Goodbyes\n\n| Hello | 你好 | Ni hǎo |\n|---|---|---|\n| How are you? | 你好吗？ | Ni hǎo ma? |\n| I'm fine, and you? | 我很好，你呢？ | Wǒ hěn hǎo, nǐ ne? |\n| Nice to meet you | 见到你很高兴 | Jiàn dào nǐ hěn gāo xìng |\n| Goodbye | 再见 | Zài jiàn |\n| See you soon | 一会儿见 | Yī huí ér jiàn |\n| See you tomorrow | 明天见 | Míng tiān jiàn |\n\n### Courtesy Words\n\n| Thank you | 谢谢 | Xiè xiè |\n|---|---|---|\n| You're welcome | 不客气 | Bù kè qì |\n| Sorry | 对不起 | Dùi bù qǐ |\n| It doesn't matter | 没关系 | Méi guān xì |\n| No problem | 没问题 | Méi wèn tí |\n\n### Useful Phrases\n\n| I want (something) | 我要... | Wǒ yào... |\n|---|---|---|\n| I don't want (something) | 我不要... | Wǒ bù yào... |\n| I like (something) | 我喜欢... | Wǒ xǐ huān... |\n| I don't like (something) | 我不喜欢... | Wǒ bù xǐ huān... |\n| Do you have (something)? | 你有...吗？ | Nǐ yǒu... ma? |\n| Where is the (something)? | ...在哪儿？ | ...zài nǎi ér? |\n| How much is it? | ...多少钱？ | ...duō shǎo qián? |\n| Please speak slowly | 请说慢一点 | Qǐng shuō màn yī diǎn |\n\n### Useful Words on Campus\n\n| Canteen | 食堂 | Shí táng |\n|---|---|---|\n| Student card | 学生卡 | Xué sheng kǎ |\n| Bicycle | 自行车 | Zì xíng chē |\n| Undergraduate | 本科 | Běn kē |\n| Masters | 硕士 | Shuò shì |\n| PhD | 博士 | Bó shì |\n| Have a class | 上课 | Shàng kè |\n| Teacher | 老师 | Lǎo shī |\n| Classmate | 同学 | Tóng xué |\n| Bank | 银行 | Yín háng |\n| Key | 钥匙 | Yào shì |\n| Dormitory | 宿舍 | Sù shè |\n| Library | 图书馆 | Tú shū guǎn |\n| Receipt | 发票 | Fǎ piào |\n| Drink | 饮料 | Yǐn liào |\n| Food | 食物 | Shí wù |\n| Scholarship | 奖学金 | Jiāng xuě jīn |\n\n### Numbers and Directions\n\n| One | 一 | Yī | Eleven | 十一 | Shí yī |\n|---|---|---|---|---|---|\n| Two | 二 | Èr | Twenty | 二十 | Èr shí |\n| Three | 三 | Sān | Twenty One | 二十一 |"
    },
    "40": {
      "summary": ":\n\n\n: :\n\n\n: :\n\n\n: :\n\n\n: :\n\n\n: :\n\n\n: :\n\n\n: :\n\n\n: :\n\n\n: :\n\n\n: :\n\n\n: :\n\n\n: :\n\n\n: :\n\n\n: :\n\n\n: :\n\n\n: :\n\n\n: :\n\n\n: :\n\n\n: :\n\n\n: :\n\n\n: :\n\n\n: :\n\n\n: :\n\n\n: :\n\n\n: :\n\n\n: :\n\n\n: :\n\n\n: :\n\n\n: :\n\n\n: :\n\n\n: :\n\n\n: :\n\n\n: :\n\n\n: :\n\n\n: :\n\n\n: :\n\n\n: :\n\n\n: :\n\n\n: :\n\n\n: :\n\n\n: :\n\n\n: :\n\n\n: :\n\n\n: :\n\n\n: :\n\n\n: :\n\n\n: :\n\n\n: :\n\n\n: :\n\n\n: :\n\n\n: :\n\n\n: :\n\n\n: :\n\n\n: :\n\n\n: :\n\n\n: :\n\n\n: :\n\n\n: :\n\n\n: :\n\n\n: :\n\n\n: :\n\n\n: :\n\n\n: :\n\n\n: :\n\n\n: :\n\n\n: :\n\n\n: :\n\n\n: :\n\n\n: :\n\n\n: :\n\n\n: :\n\n\n: :\n\n\n: :\n\n\n: :\n\n\n: :\n\n\n: :\n\n\n: :\n\n\n: :\n\n\n: :\n\n\n: :\n\n\n: :\n\n\n: :\n\n\n: :\n\n\n: :\n\n\n: :\n\n\n: :\n\n\n: :\n\n\n: :\n\n\n: :\n\n\n: :\n\n\n: :\n\n\n: :\n\n\n: :\n\n\n: :\n\n\n: :\n\n\n: :\n\n\n: :\n\n\n: :\n\n\n: :\n\n\n: :\n\n\n: :\n\n\n: :\n\n\n: :\n\n\n: :\n\n\n: :\n\n\n: :\n\n\n: :\n\n\n: :\n\n\n: :\n\n\n: :\n\n\n: :\n\n\n: :\n\n\n: :\n\n\n: :\n\n\n: :\n\n\n: :\n\n\n: :\n\n\n: :\n\n\n: :\n\n\n: :\n\n\n: :\n\n\n: :\n\n\n: :\n\n\n: :\n\n\n: :\n\n\n: :\n\n\n: :\n\n\n: :\n\n\n: :\n\n\n: :\n\n\n: :\n\n\n: :\n\n\n: :\n\n\n: :\n\n\n: :\n\n\n: :\n\n\n: :\n\n\n: :\n\n\n: :\n\n\n: :\n\n\n: :\n\n\n: :\n\n\n: :\n\n\n: :\n\n\n: :\n\n\n: :\n\n\n: :\n\n\n: :\n\n\n: :\n\n\n: :\n\n\n: :\n\n\n: :\n\n\n: :\n\n\n: :\n\n\n: :\n\n\n: :\n\n\n: :\n\n\n: :\n\n\n: :\n\n\n: :\n\n\n: :\n\n\n: :\n\n\n: :\n\n\n: :\n\n\n: :\n\n\n: :\n\n\n: :\n\n\n: :\n\n\n: :\n\n\n: :\n\n\n: :\n\n\n: :\n\n\n: :\n\n\n: :\n\n\n: :\n\n\n: :\n\n\n: :\n\n\n: :\n\n\n: :\n\n\n: :\n\n\n: :\n\n\n: :\n\n\n: :\n\n\n: :\n\n\n: :\n\n\n: :\n\n\n: :\n\n\n: :\n\n\n: :\n\n\n: :\n\n\n: :\n\n\n: :\n\n\n: :\n\n\n: :\n\n\n: :\n\n\n: :\n\n\n: :\n\n\n: :\n\n\n: :\n\n\n: :\n\n\n: :\n\n\n: :\n\n\n: :\n\n\n: :\n\n\n: :\n\n\n: :\n\n\n: :\n\n\n: :\n\n\n: :\n\n\n: :\n\n\n: :\n\n\n: :\n\n\n: :\n\n\n: :\n\n\n: :\n\n\n: :\n\n\n: :\n\n\n: :\n\n\n: :\n\n\n: :\n\n\n: :\n\n\n: :\n\n\n: :\n\n\n: :\n\n\n: :\n\n\n: :\n\n\n: :\n\n\n: :\n\n\n: :\n\n\n: :\n\n\n: :\n\n\n: :\n\n\n: :\n\n\n: :\n\n\n: :\n\n\n: :\n\n\n: :\n\n\n: :\n\n\n: :\n\n\n: :\n\n\n: :\n\n\n: :\n\n\n: :\n\n\n: :\n\n\n: :\n\n\n: :\n\n\n: :\n\n\n: :\n\n\n: :\n\n\n: :\n\n\n: :\n\n\n: :\n\n\n: :\n\n\n: :\n\n\n: :\n\n\n: :\n\n\n: :\n\n\n: :\n\n\n: :\n\n\n: :\n\n\n: :\n\n\n: :\n\n\n: :\n\n\n: :\n\n\n: :\n\n\n: :\n\n\n: :\n\n\n: :\n\n\n: :\n\n\n: :\n\n\n: :\n\n\n: :\n\n\n: :\n\n\n: :\n\n\n: :\n\n\n: :\n\n\n: :\n\n\n: :\n\n\n: :\n\n\n: :\n\n\n: :\n\n\n: :\n\n\n: :\n\n\n: :\n\n\n: :\n\n\n: :\n\n\n: :\n\n\n: :\n\n\n: :\n\n\n: :\n\n\n: :\n\n\n: :\n\n\n: :\n\n\n: :\n\n\n: :\n\n\n: :\n\n\n: :\n\n\n: :\n\n\n: :\n\n\n: :\n\n\n: :\n\n\n: :\n\n\n: :\n\n\n: :\n\n\n: :\n\n\n: :\n\n\n: :\n\n\n: :\n\n\n: :\n\n\n: :\n\n\n: :\n\n\n: :\n\n\n: :\n\n\n: :\n\n\n: :\n\n\n: :\n\n\n: :\n\n\n: :\n\n\n: :\n\n\n: :\n\n\n: :\n\n\n: :\n\n\n: :\n\n\n: :\n\n\n: :\n\n\n: :\n\n\n: :\n\n\n: :\n\n\n: :\n\n\n: :\n\n\n: :\n\n\n: :\n\n\n: :\n"
    }
  }
}
