{
  "doc_id": "honor_watch_gs_pro.pdf",
  "pages": {
    "1": {
      "summary": "01\n\nDate 2020-09-07"
    },
    "2": {
      "summary": "0.1.2020. All rights reserved.\n\nNo part of this document may be reproduced or transmitted in any form or by any means without prior written consent of Huawei Technologies Co., Ltd.\n\nTrademarks and Permissions\n\nAll other trademarks and trade names mentioned in this document are the property of their respective holders.\n\nNotice\n\nThe purchased products, services and features are stipulated by the contract made between Huawei and the customer. All or part of the products, services and features described in this document may not be within the purchase scope or the usage scope. Unless otherwise specified in the contract, all statements, information, and recommendations in this document are provided \"AS IS\" without warranties, guarantees or representations of any kind, either express or implied.\n\nThe information in this document is subject to change without notice. Every effort has been made in the preparation of this document to ensure accuracy of the contents, but all statements, information, and recommendations in this document do not constitute a warranty of any kind, express or implied.\n\nHuawei Technologies Co., Ltd.\n\nAddress:\nHuawei Industrial Base\nBantian, Longgang\nShenzhen 518129\nPeople's Republic of China\n\nWebsite: https://www.huawei.com\n\nEmail: support@huawei.com"
    },
    "3": {
      "summary": "1\n\n1.1 Wearing the watch...................................................................................................................... 1\n\n1.2 Adjusting and Replacing the watch strap................................................................................... 2\n\n1.3 Charging your watch.................................................................................................................. 3\n\n1.4 Powering on/off and restarting the watch.................................................................................... 5\n\n1.5 Pairing your watch with your phone............................................................................................. 6\n\n1.6 Buttons and gestures.................................................................................................................. 7\n\n1.7 Setting time and language............................................................................................................ 9\n\n1.8 Adjusting the ringtone................................................................................................................ 10\n\n1.9 Installing, replacing, and deleting watch faces............................................................................. 10\n\n1.10 Setting favorite contacts............................................................................................................ 11\n\n1.11 Customizing the Down button..................................................................................................... 11\n\n1.12 Choosing Favorites apps............................................................................................................ 11\n\n1.13 Finding your phone using your watch......................................................................................... 12\n\n1.14 Updating the watch and the Huawei Health app.......................................................................... 12\n\n**2 Workout monitoring..................................................."
    },
    "4": {
      "summary": "4.1 Getting notifications and deleting messages............................................................................................. 25\n: 4.2 Contact...................................................................................................................................................... 26\n: 4.3 Music....................................................................................................................................................... 27\n: 4.4 Setting an alarm.................................................................................................................................... 28\n: 4.5 Remote shutter........................................................................................................................................... 29\n: 4.6 Using Stopwatch or Timer....................................................................................................................... 29\n: 4.7 Using Flashlight.................................................................................................................................... 30\n: 4.8 Using the Barometer app....................................................................................................................... 30\n: 4.9 Severe weather warnings....................................................................................................................... 30\n: 4.10 Using Compass.................................................................................................................................... 31\n: 4.11 Weather reports............................................................................................................................... 31\n: 4.12 Viewing environment information....................................................................................................... 32\n\n**5 More guidance..................................................................................................................."
    },
    "5": {
      "summary": "1\n\nGetting Started\n\n\n1.1 Wearing the watch\n\n1.2 Adjusting and Replacing the watch strap\n\n1.3 Charging your watch\n\n1.4 Powering on/off and restarting the watch\n\n1.5 Pairing your watch with your phone\n\n1.6 Buttons and gestures\n\n1.7 Setting time and language\n\n1.8 Adjusting the ringtone\n\n1.9 Installing, replacing, and deleting watch faces\n\n1.10 Setting favorite contacts\n\n1.11 Customizing the Down button\n\n1.12 Choosing Favorites apps\n\n1.13 Finding your phone using your watch\n\n1.14 Updating the watch and the Huawei Health app\n\n1.1 Wearing the watch\n\nAttach the heart rate monitoring area of your watch on the top of your wrist. To ensure the accuracy of heart rate measurement, wear your watch properly and do not wear it above the joint in your wrist. Do not wear it too loosely or too tightly but make sure that your watch is attached securely on your wrist."
    },
    "6": {
      "summary": " NOTE\n\n- Your watch uses non-toxic materials that have passed strict skin allergy tests. Please rest reassured when wearing wear it. If you experience skin discomfort when wearing the watch, take it off and consult a doctor.\n- Wear your watch correctly for greater comfort.\n- Clean the strap in a timely manner after an intense workout to prevent the bacteria from growing. After you have washed the strap, place it in a well-ventilated area to dry. Try not wearing the strap while it is wet.\n- Leather straps are not water resistant. Keep the strap dry and wipe off any sweat or other liquids in a timely manner. For braided straps, wash them once every one to two weeks. You can use some laundry detergent to remove any odor.\n- You can wear your watch on either wrist.\n\n1.2 Adjusting and Replacing the watch strap\n\nAdjusting the strap\n\nFor watches with non-metallic straps and T-shaped buckles, you can adjust the strap to a comfortable fit depending on the circumference of your wrist.\n\nRemoving and installing the strap\n\nTo remove a non-metallic strap, unlock the fastener, remove your current strap, and then release the spring pin, as shown in the following figure. Follow the steps in the reverse order to install a new strap.\n\nTo remove a metal strap, perform the steps shown in the following figure. Follow the steps in the reverse order to install a new strap."
    },
    "7": {
      "summary": "1. Connect the USB Type-C port and power adapter and then plug in the power adapter.\n\n2. Rest your watch on top of the charging cradle, ensuring that the contacts on your watch and the cradle are aligned. Wait until the charging icon appears on your watch screen.\n\n3. When your watch is fully charged, 100% will be displayed on the watch screen and the charging will stop automatically. If the battery level is below 100% and the charger is still connected to the watch, the charging will start automatically."
    },
    "8": {
      "summary": "0\n\n- Use the dedicated charging cradle, rated output voltage of 5 V, and rated output current of 1 A or higher to charge your watch. Charging the watch using a non-Huawei charger or a power bank may result in it taking a longer time to charge, the device being unable to charge fully, overheating, or other similar issues. Therefore, you are advised to purchase an official Huawei charger from an official Huawei sales outlet.\n\n- Use a Huawei power adapter or other power adapters that comply with local and international security standards. Adapters that do not conform to the security standard may cause security issues.\n\n- Keep the surface of the charging cradle clean. Make sure the watch is placed properly on the charging cradle and displaying the charging status. Avoid putting metal objects on the medal contacts of the charger too long, or repeatedly sticking and removing metal objects to the contacts, as this can result in short circuiting and other risks. (If you are using a metal strap, make sure that the metal contacts on the watch are in proper contact with that of the charger during charging. Try to keep the metal links of the strap from touching the metal contacts of the charger.)\n\n- It is recommended that you lift the charging cradle to attach it to your watch. Ensure that the side of your watch with buttons is aligned with the charging port of the cradle. After the cradle and watch are connected properly, check to see if the charging icon is displayed. If you cannot see the charging icon, you may need to slightly adjust the position of the cradle until contact is established and the charging icon appears.\n\n- Do not charge or use your watch in a hazardous environment, make sure there is nothing flammable or explosive nearby. When using the charging cradle, make sure there is no residual liquid or other foreign objects on the USB port of the charging cradle. Keep the charging cradle away from liquids and any flammable materials. Do not touch the charging contact"
    },
    "9": {
      "summary": "0\n\n**Checking the Battery Level**\n\nUse one of the following three methods to check the battery level:\n\n**Method 1**: When your watch is connected to the charger, you can check the battery level on the charging screen that is displayed automatically. Press the Up button to exit the charging screen.\n\n**Method 2**: Swipe the home screen from top to bottom and then check the battery level in the drop-down menu.\n\n**Method 3**: Check the battery level on the device details screen in the Huawei Health app.\n\n---\n\n### 1.4 Powering on/off and restarting the watch\n\n#### Powering on the watch\n\n- When the watch is powered off, press and hold the Up button to power on the watch.\n- When the watch is powered off, the watch will automatically power on if you charge it.\n\n[NOTE]\n\nIf you power on the watch when the battery level is critically low, the watch will remind you to charge it and the watch's screen will turn off after 2 seconds. You will be unable to power on the watch until you charge it.\n\n#### Powering off the watch\n\n- When the watch is powered on, press and hold the Up button, and then touch **Power off**.\n- When the watch is powered on, press the Up button while on the home screen, swipe up or down until you find **Settings**, touch it, go to **System > Power off**, and then touch **√** to confirm.\n- If the battery level is critically low, the watch will vibrate and then automatically power off.\n- If the battery has not been charged for a long time, the watch will vibrate and then automatically power off.\n\n#### Restarting the watch\n\n- When the watch is powered on, press and hold the Up button, and then touch **Restart**.\n- When the watch is powered on, from the home screen press the Up button, swipe until you find **Settings**, touch it, go to **System > Restart**, and then touch **√** to confirm your choice.\n\n#### Force restarting the watch\n\n- Press and hold the Up button for at least 16 seconds to force restart the watch."
    },
    "10": {
      "summary": "1.5 Pairing your watch with your phone\n\nIf you have just taken the watch out of the box, press the Up button and hold until your watch vibrates and displays a startup screen. The watch is ready to be paired via Bluetooth by default.\n\n- **For Android users:**\n  - To download and install the Huawei Health app, scan the QR code, or search for Huawei Health in AppGallery or other app stores. If you have already installed it, make sure that it is up-to-date.\n\n- **For iOS users:**\n  - Open the Huawei Health app and follow the onscreen instructions to grant required permissions to the app. Go to > Add > Smart Watch, and touch the device you wish to pair.\n  - Touch PAIR and the app will automatically search for nearby available Bluetooth devices. Once your watch is found, touch its name to start pairing.\n  - When a pairing request is displayed on the watch screen, touch to pair your watch and phone. Confirm the pairing on your phone as well.\n\n- **For iPhones/iPads:**\n  - Log in to the App Store on your phone and search Huawei Health. Download and install the app, and make sure it is fully updated.\n  - On the phone go to Settings > Bluetooth. The watch should show up automatically, touch your device, then touch to finish pairing."
    },
    "11": {
      "summary": "1. Open the Huawei Health app and follow the onscreen instructions to grant required permissions to the app. Go to > Add > Smart Watch, and touch the device you wish to pair.\n\nd. Touch PAIR and the app will automatically search for nearby available Bluetooth devices. Once your watch is found, touch its name to start pairing.\n\nNOTE\n\n- When pairing for the first time, you can use your phone to scan the QR code on the watch screen to download the Huawei Health app.\n\n- If your watch does not respond after you touch to confirm the pairing request, press the Down button and hold to unlock your watch, and initiate a pairing procedure again.\n\n- Your watch will display an icon on the screen to inform you that pairing was successful. It will then receive information (such as the date and time) from your phone.\n\n- If the pairing failed, your watch screen will display an icon to inform you that pairing was unsuccessful. It will then return to the startup screen.\n\n- A watch can be connected with only one phone at any given time, and vice versa. If you want to pair your watch with another phone, disconnect your watch from the current phone using the Huawei Health app, and then pair your watch with another phone using the Huawei Health app.\n\n1.6 Buttons and gestures\n\nThe watch is equipped with a color touchscreen that is highly responsive to your touches and can be swiped in different directions.\n\nUp button\n\n| Operation | Function | Remarks |\n|-----------|----------|---------|\n| Press     | • Wake watch screen when the screen is off.<br>• Access the app list screen from the home screen.<br>• Return to the home screen. | There are certain exceptional scenarios such as for calls and workouts. |\n| Press and hold | • Power on your watch when the watch is off.<br>• Access the restart/ power off screen when the watch is on. |"
    },
    "12": {
      "summary": "0\n\n:\n\n:\n\n:\n\n:\n\n:\n\n:\n\n:\n\n:\n\n:\n\n:\n\n:\n\n:\n\n:\n\n:\n\n:\n\n:\n\n:\n\n:\n\n:\n\n:\n\n:\n\n:\n\n:\n\n:\n\n:\n\n:\n\n:\n\n:\n\n:\n\n:\n\n:\n\n:\n\n:\n\n:\n\n:\n\n:\n\n:\n\n:\n\n:\n\n:\n\n:\n\n:\n\n:\n\n:\n\n:\n\n:\n\n:\n\n:\n\n:\n\n:\n\n:\n\n:\n\n:\n\n:\n\n:\n\n:\n\n:\n\n:\n\n:\n\n:\n\n:\n\n:\n\n:\n\n:\n\n:\n\n:\n\n:\n\n:\n\n:\n\n:\n\n:\n\n:\n\n:\n\n:\n\n:\n\n:\n\n:\n\n:\n\n:\n\n:\n\n:\n\n:\n\n:\n\n:\n\n:\n\n:\n\n:\n\n:\n\n:\n\n:\n\n:\n\n:\n\n:\n\n:\n\n:\n\n:\n\n:\n\n:\n\n:\n\n:\n\n:\n\n:\n\n:\n\n:\n\n:\n\n:\n\n:\n\n:\n\n:\n\n:\n\n:\n\n:\n\n:\n\n:\n\n:\n\n:\n\n:\n\n:\n\n:\n\n:\n\n:\n\n:\n\n:\n\n:\n\n:\n\n:\n\n:\n\n:\n\n:\n\n:\n\n:\n\n:\n\n:\n\n:\n\n:\n\n:\n\n:\n\n:\n\n:\n\n:\n\n:\n\n:\n\n:\n\n:\n\n:\n\n:\n\n:\n\n:\n\n:\n\n:\n\n:\n\n:\n\n:\n\n:\n\n:\n\n:\n\n:\n\n:\n\n:\n\n:\n\n:\n\n:\n\n:\n\n:\n\n:\n\n:\n\n:\n\n:\n\n:\n\n:\n\n:\n\n:\n\n:\n\n:\n\n:\n\n:\n\n:\n\n:\n\n:\n\n:\n\n:\n\n:\n\n:\n\n:\n\n:\n\n:\n\n:\n\n:\n\n:\n\n:\n\n:\n\n:\n\n:\n\n:\n\n:\n\n:\n\n:\n\n:\n\n:\n\n:\n\n:\n\n:\n\n:\n\n:\n\n:\n\n:\n\n:\n\n:\n\n:\n\n:\n\n:\n\n:\n\n:\n\n:\n\n:\n\n:\n\n:\n\n:\n\n:\n\n:\n\n:\n\n:\n\n:\n\n:\n\n:\n\n:\n\n:\n\n:\n\n:\n\n:\n\n:\n\n:\n\n:\n\n:\n\n:\n\n:\n\n:\n\n:\n\n:\n\n:\n\n:\n\n:\n\n:\n\n:\n\n:\n\n:\n\n:\n\n:\n\n:\n\n:\n\n:\n\n:\n\n:\n\n:\n\n:\n\n:\n\n:\n\n:\n\n:\n\n:\n\n:\n\n:\n\n:\n\n:\n\n:\n\n:\n\n:\n\n:\n\n:\n\n:\n\n:\n\n:\n\n:\n\n:\n\n:\n\n:\n\n:\n\n:\n\n:\n\n:\n\n:\n\n:\n\n:\n\n:\n\n:\n\n:\n\n:\n\n:\n\n:\n\n:\n\n:\n\n:\n\n:\n\n:\n\n:\n\n:\n\n:\n\n:\n\n:\n\n:\n\n:\n\n:\n\n:\n\n:\n\n:\n\n:\n\n:\n\n:\n\n:\n\n:\n\n:\n\n:\n\n:\n\n:\n\n:\n\n:\n\n:\n\n:\n\n:\n\n:\n\n:\n\n:\n\n:\n\n:\n\n:\n\n:\n\n:\n\n:\n\n:\n\n:\n\n:\n\n:\n\n:\n\n:\n\n:\n\n:\n\n:\n\n:\n\n:\n\n:\n\n:\n\n:\n\n:\n\n:\n\n:\n\n:\n\n:\n\n:\n\n:\n\n:\n\n:\n\n:\n\n:\n\n:\n\n:\n\n:\n\n:\n\n:\n\n:\n\n:\n\n:\n\n:\n\n:\n\n:\n\n:\n\n:\n\n:\n\n:\n\n:\n\n:\n\n:\n\n:\n\n:\n\n:\n\n:\n\n:\n\n:\n\n:\n\n:\n\n:\n\n:\n\n:\n\n:\n\n:\n\n:\n\n:\n\n:\n\n:\n\n:\n\n:\n\n:\n\n:\n\n:\n\n:\n\n:\n\n:\n\n:\n\n:\n\n:\n\n:\n\n:\n\n:\n\n:\n\n:\n\n:\n\n:\n\n:\n\n:\n\n:\n\n:\n\n:\n\n:\n\n:\n\n:\n\n:\n\n:\n\n:\n\n:\n\n:\n\n:\n\n:\n\n:\n\n:\n\n:\n\n:\n\n:\n\n:\n\n:\n\n:\n\n:\n\n:\n\n:\n\n:\n\n:\n\n:\n\n:\n\n:\n\n:\n\n:\n\n:\n\n:\n\n:\n\n:\n\n:\n\n:\n\n:\n\n:\n\n:\n\n:\n\n:\n\n:\n\n:\n\n:\n\n:\n\n:\n\n:\n\n:\n\n:\n\n:\n\n:\n\n:\n\n:\n\n:\n\n:\n\n:\n\n:\n\n:\n\n:\n\n:\n\n:\n\n:\n\n:\n\n:\n\n:\n\n:\n\n:\n\n:\n\n:\n\n:\n\n:\n\n:\n\n:\n\n:\n\n:\n\n:\n\n:\n\n:\n\n:\n\n:\n\n:\n\n:\n\n:\n\n:\n\n:\n\n:\n\n:\n\n:\n\n:\n\n:\n\n:\n\n:\n\n:\n\n:\n\n:\n\n:\n\n:\n\n:\n\n:\n\n:\n\n:\n\n:\n\n:\n\n:\n\n:\n\n:\n\n:\n\n:\n\n:\n\n:\n\n:\n\n:\n\n:\n\n:\n\n:\n\n:\n\n:\n\n:\n\n:\n\n:\n\n:\n\n:\n\n:\n\n:\n\n:\n\n:\n\n:\n\n:\n\n:\n\n:\n\n:\n\n:\n\n:\n\n:\n\n:\n\n:\n\n:\n\n:\n\n:\n\n:\n\n:\n\n:\n\n:\n\n:\n\n:\n\n:\n\n:\n\n:\n\n:\n\n:\n\n:\n\n:\n\n:\n\n:\n\n:\n\n:\n\n:\n\n:\n\n:\n\n:\n\n:\n\n:\n\n:\n\n:\n\n:\n\n:\n\n:\n\n:\n\n:\n\n:\n\n:\n\n:\n\n:\n\n:\n\n:\n\n:\n\n:\n\n:\n\n:\n\n:\n\n:\n\n:\n\n:\n\n:\n\n:\n\n:\n\n:\n\n:\n\n:\n\n:\n\n:\n\n:\n\n:\n\n:\n\n:\n\n:\n\n:\n\n:\n\n:\n\n:\n\n:\n\n:\n\n:\n\n:\n\n:\n\n:\n\n:\n\n:\n\n:\n\n:\n\n:\n\n:\n\n:\n\n:\n\n:\n\n:\n\n:\n\n:\n\n:\n\n:\n\n:\n\n:\n\n:\n\n:\n\n:\n\n:\n\n:\n\n:\n\n:\n\n:\n\n:\n\n:\n\n:\n\n:\n\n:\n\n:\n\n:\n\n:\n\n:\n\n:\n\n:\n\n:\n\n:\n\n:\n\n:\n\n:\n\n:\n\n:\n\n:\n\n:\n\n:\n\n:\n\n:\n\n:\n\n:\n\n:\n\n:\n"
    },
    "13": {
      "summary": "0\n\n| Operation | Function |\n|---|---|\n| Touch    | Choose and confirm. |\n| Touch and hold on the home screen | Change the watch face. |\n| Swipe up on the home screen | View notifications. |\n| Swipe down on the home screen | View the shortcut menu. |\n| Swipe left or right | View your heart rate data, workout data, weather information. |\n| Swipe right | Return to the previous screen. |\n\n\n\n\n**Gesture**\n\n| Operation | Function |\n|---|---|\n| Touch    | Choose and confirm. |\n| Touch and hold on the home screen | Change the watch face. |\n| Swipe up on the home screen | View notifications. |\n| Swipe down on the home screen | View the shortcut menu. |\n| Swipe left or right | View your heart rate data, workout data, weather information. |\n| Swipe right | Return to the previous screen. |\n\n**Wake the screen**\n\n- Press the Up button.\n- Raise or rotate your wrist inwards.\n- Swipe down on the home screen to open the shortcut menu. Enable Screen On and the screen will stay on 5 minutes.\n\n**NOTE**\n\nYou can enable the **Raise wrist to wake screen** function in the Huawei Health app by going to the details screen of your watch.\n\n**Turn off the screen**\n\nThe screen will turn off automatically 5 seconds after the watch's screen is turned on if no operation is performed within this period of time. If any operation is performed, the screen will turn off 15 seconds after it is turned on.\n\n**NOTE**\n\nFrom the home screen press the Up button and go to **Settings > Display > Advanced** to adjust the duration it takes for your watch to go to sleep and turn off the screen. The duration is set to **Auto** by default.\n\n**1.7 Setting time and language**\n\nYou do not need to set the time and language on your watch. When the watch is connected with your phone, the time and language settings on your phone will be automatically synced to your watch."
    },
    "14": {
      "summary": "1.8 Adjusting the ringtone\n\n- This feature is only available on the HUAWEI WATCH GT 2 (46 mm) version 1.0.2.28 or later, HONOR MagicWatch 2 (46 mm) and the HONOR Watch GS Pro.\n- To use this feature, update the Huawei Health app to version 10.0.0.651 or later.\n\n1. From the home screen of the watch press the Up button, swipe on the screen and go to Settings > Volumes, then slide to adjust ringtone volume.\n2. If you have enabled Silent mode, your watch will only vibrate to inform you of incoming calls and messages. Otherwise, your watch will ring and vibrate when receiving new calls or messages.\n\n- The ringtone on your watch for incoming calls, alarms and notifications is the default sound and cannot be customized.\n\n1.9 Installing, replacing, and deleting watch faces\n\nDownload and install even more cool watch faces by performing the following:\n\n1. Open the Huawei Health app and touch your watch name. Go to Watch faces > More and see all the watch faces that are supported on your watch.\n2. Select your desired watch face and touch Install. After the watch face is installed, your watch will automatically display the new watch face.\n3. Choose an installed watch face, touch SET AS DEFAULT, and your watch will switch to the new one.\n\nDeleting a watch face:\n\nTo delete a watch face, open the Huawei Health app, touch Devices, touch Watch faces, touch Mine, select the watch face you want to delete, touch in the upper-right corner, and the watch face installed on your watch will then be deleted. Certain preinstalled watch faces cannot be deleted."
    },
    "15": {
      "summary": "1. You cannot download additional watch faces in the Huawei Health app on an iOS phone. To download new watch faces, you are advised to temporarily pair your watch with an Android phone. When the downloaded watch faces are synced to your watch, pair the watch back with your iOS phone.\n\n- To download or delete watch faces, update your watch and the Huawei Health app to the latest versions.\n- You may not be able to download or delete watch faces in certain countries and regions. For more information, contact the local Huawei hotline.\n\n## 1.10 Setting favorite contacts\n\n1. Open the Huawei Health app and touch **Devices**. Touch your device name to access the watch settings screen. Touch **Favorite contacts**.\n\n2. Then perform the following:\n   - Touch **ADD** and your phone contacts list will appear. Then select the contacts you wish to add.\n   - Touch **Sequence** to sort the contacts you have added.\n   - Touch **Remove** to remove a contact you have added.\n\n3. From the home screen press the Up button, swipe until you find **Contacts** to call your favorite contacts from your watch.\n\n### NOTE\n\nA maximum of 10 favorite contacts can be added to your watch. Make sure your watch and phone are connected before making a call from your watch.\n\nTo adjust the volume during the call, touch the speaker icon on the screen or press the Up button or Down button.\n\nA maximum of 30 call records can be saved.\n\n## 1.11 Customizing the Down button\n\n1. From the home screen press the Up button and go to **Settings > Down button**.\n\n2. Touch an app from the list. This app will be opened when you press the Down button.\n\n### NOTE\n\nBy default, pressing the Down button will open the Workout app.\n\n## 1.12 Choosing Favorites apps\n\n1. On the watch, go to **Settings > Display > Favorites**, and select the apps you use the most, such as Transportation card, Sleep, Stress, Heart rate, Music, Weather, and Activity records.\n\n2. Once you're done, touch **OK**. Then you can see your Favorites by swiping "
    },
    "16": {
      "summary": "0 NOTE\n\n- On the Favorites screen, touch to move the app up to the top of the list.\n\n- On the Favorites screen, touch to remove the app from the list.\n\n- You can select up to six apps.\n\n1.13 Finding your phone using your watch\n\nFrom the home screen press the Up button, swipe until you find Find phone, or swipe down on the home screen and touch Find my Phone. An animation will be displayed on the screen. If your phone is within Bluetooth range, it will play a ringtone to alert you, even in Silent mode.\n\nTouch your watch screen or unlock your phone screen to stop playing the ringtone.\n\n: NOTE\n\nThis feature will only work when your phone and watch are connected.\n\n1.14 Updating the watch and the Huawei Health app\n\nUpdating the watch\n\nMethod 1:\n\nConnect the watch to your phone using the Huawei Health app, open the app, touch Devices, touch the device name, choose Firmware update, then follow the onscreen instructions to update your watch if there are any new updates.\n\nMethod 2:\n\n- For Android users: Open the Huawei Health app, touch Devices, touch the device name, then enable Auto-update or Auto-download update packages over Wi-Fi. If there are any new updates, the watch will display update reminders. Follow the onscreen instructions to update your watch.\n- For iOS users: Open the Huawei Health app, touch Me, and then touch Check for updates.\n\nFor Android users: Open the Huawei Health app, touch Me, and then touch Check for updates.\n\nFor iOS users: Update the Huawei Health app in the App Store."
    },
    "17": {
      "summary": " NOTE\n\nDuring an update, the watch will automatically disconnect from your phone."
    },
    "18": {
      "summary": "2\n\nWorkout monitoring\n\n\n2.1 Starting a workout\n\n2.2 Using Smart companion\n\n2.3 Syncing and sharing your fitness and health data\n\n2.4 Recording workout routes\n\n2.5 Automatic workout detection\n\n2.6 Route back\n\n2.7 100 workout modes\n\n2.1 Starting a workout\n\nYour watch supports multiple workout modes. Choose a workout mode and start exercising.\n\nRunning Courses\n\nThe watch has been preinstalled with a series of running courses, from entry-level to advanced, that provide personalized and real-time guidance. You can choose different courses on your watch.\n\n1. From the home screen press the Up button, swipe until you find **Workout**, touch it, choose **Running courses**, choose a course that you want to use, and then start running as prompted by your watch.\n\n2. During the workout, press the Up button to pause or end the running course, lock the screen, or adjust the volume for prompts during the workout. Press the Down button to switch between screens and view different workout data.\n\n3. After a workout, touch **Workout records** to view detailed workout records, including training effects, overall performance, speed, steps, total height, heart rate, heart rate zone, cadence, pace, and VO₂max.\n\nNOTE\n\nTo view detailed workout data, you can also open the Huawei Health app and touch **Exercise records**."
    },
    "19": {
      "summary": "2 Workout monitoring\n\n**Starting a workout**\n\n**Starting a workout using your watch:**\n\n1. From the home screen press the Up button, swipe until you find **Workout**, and then touch it.\n2. Swipe up or down until you find your workout type. Before a workout, you can touch the Settings icon located next to each workout mode to configure target, reminders, and display settings.\n\n**NOTE**\n\nThere is no Settings icon located next to Triathlon mode.\nIn Triathlon mode, press the Down button to move to the next form.\nSkiing, snowboarding do not support setting workout goals, however, they and cross-country skiing do support SpO\\(_2\\) measurement during workouts.\n\n3. Touch the Start icon to start a workout. During a workout, touch and hold the workout data screen until the watch vibrates, touch any workout data (such as heart rate, speed, distance, and time), and then choose what to display on the screen in real time.\n\n4. During the workout, press the Up button to pause or end the running course, lock the screen, or adjust the volume for prompts during the workout. Press the Down button to switch between screens and view different workout data. (Take Outdoor Run mode as an example. During the workout, you can view a range of data displayed next to Heart rate, Pace, Distance, Time, Steps, Cadence, Total calories, and Total climbing. Different workout modes display different types of data.)\n\n5. After a workout, press the Up button and touch the stop icon, or hold the Up button to end a workout session. Touch **Workout records** to view detailed workout records.\n\n**NOTE**\n\nIf you have selected a workout mode that includes swimming, the watch screen will be locked after you start the workout session. Press and hold the Up button to end the workout.\nAfter the swimming session is complete, the watch will vibrate occasionally while displaying a message indicating that the watch is draining water.\n\n**Starting a workout using the Huawei Health app:**\n\nTo start a workout using the Huaw"
    },
    "20": {
      "summary": " If the workout distance or time is too short, the results will not be recorded.  \n: To avoid draining your battery, make sure you hold the stop icon after a workout to end it.  \n: Connect the watch to the phone using the Huawei Health app and start a workout in the app. When you start it from the app, the data between the watch and the app can sync.  \n: After a workout, open the Huawei Health app, touch Exercise records to view detailed workout data. Touch and hold a record to delete it from the app. This record will still be available on your watch. Up to 10 workout records can be saved on your watch. If you have more than 10 records, the oldest ones will be overwritten by new ones. Records on the watch cannot be deleted manually. You can reset your watch to its factory settings to clear your workout records. However, this will also clear any other data on your watch as well.\n\n### 2.2 Using Smart companion\n\nAfter Smart companion is enabled on your watch, your watch will send you real-time voice guidance during a running session, such as guidance about your workout strength, running duration, and heart rate.\n\n1. From the home screen press the Up button, swipe until you find **Workout**, then touch it.  \n2. Touch the Settings icon on the right side of **Outdoor Run** and then enable **Smart companion**.  \n3. Return to the workout list screen and touch **Outdoor Run**.\n\n**NOTE**\n\nSmart companion is currently only available for Outdoor Run. If you have set your workout goal, your smart companion will not provide you with any voice guidance. To ensure that your workout companion can work properly, wear a Huawei or Honor smart watch or smart band.\n\n### 2.3 Syncing and sharing your fitness and health data\n\nYou can share your fitness data to third-party apps and compare with your friends.\n\n**For Android users:**\n\nTo share your fitness data to a third-party app, open the Huawei Health app, go to **Me > Settings > Data sharing** and select the platform you want to share to."
    },
    "21": {
      "summary": "2.4 Recording workout routes\n\nThe watch features built-in GPS. Even if disconnected from your phone, the watch can still record your workout routes when you start Outdoor Run, Outdoor Walk, Outdoor Cycle, Climb, and other outdoor modes.\n\n**NOTE**\n\nOutdoor sports skipping the GPS positioning process will result in abnormal motion track data. It is recommended that you start the sport after the satellite search and positioning of the wearable device is successful during outdoor exercise.\n\nDifferent models support different outdoor workout modes.\n\nIf you cannot view workout routes on your watch, sync the workout data to the Huawei Health app and view the workout routes and other detailed workout data under Exercise records in Huawei Health.\n\n## 2.5 Automatic workout detection\n\nThe watch can detect your workout status automatically. After you have enabled Auto-detect workouts by going to Settings > Workout settings on the watch, your watch will remind you to start recording your workout when it detects an increase in activity. You can select to ignore or start recording the workout session. Currently, this feature can detect running, elliptical, and rowing workouts.\n\n## 2.6 Route back\n\nYour watch will record routes and provide you with navigation services. After you use reach your target destination, you can use the route back function to get help returning to the place you started.\n\nOn your watch, enter the app list, swipe on the screen and touch Workout. Start an individual outdoor workout session. Swipe on the screen and select Route back or Straight line to return to the starting point.\n\n## 2.7 100 workout modes\n\nThe watch supports 100 workout modes, you can add or remove them from the watch for easier use.\n\n**Add**\n\nTo add a workout mode, on your watch home screen, press the Up button, touch Workout. Swipe up or down until you find Add, touch it and then add the ones you want.\n\n**Remove**\n\nTo remove a workout mode, on your watch home screen, press the Up button, to"
    },
    "22": {
      "summary": "3 Health management\n\n3.1 Monitoring your heart rate\n\n3.2 Tracking sleep\n\n3.3 Enabling HUAWEI TruSleep™\n\n3.4 Testing stress levels\n\n3.5 Breathing exercises\n\n3.6 Activity reminder\n\n3.7 Measuring blood oxygen levels (SpO2)\n\n3.1 Monitoring your heart rate\n\nThe watch features an optical heart rate sensor, which can monitor and record your heart rate all day. To use this feature, you need to enable Continuous heart rate in the Huawei Health app.\n\nNOTE\n\nWhen the watch detects that the user has fallen asleep, it will switch to use the non-visible light to measure your heart rate, letting you have a good nights sleep.\n\nHeart rate measurement\n\n1. Keep your arm still and wear your watch correctly.\n2. From the home screen press the Up button, swipe until you find Heart rate. Touch Heart rate. The watch will then measure your current heart rate.\n3. To pause the heart rate measurement, swipe right on your watch screen.\n\nIt usually takes approximately 6 to 10 seconds to display the first measurement value (1 to 2 seconds if Continuous heart rate monitoring is enabled in the Huawei Health app and MONITORING MODE is set to Real-time), and the data updates every 5 seconds afterward. A complete measurement takes approximately 45 seconds to complete."
    },
    "23": {
      "summary": "0 NOTE\n\nTo guarantee a more accurate heart rate measurement, wear the watch correctly and ensure the strap is fastened. Make sure that your watch is secure on your wrist. Ensure that the watch body is in direct contact with your skin without any obstructions.\n\nSetting the heart rate zone calculation method\n\nThe heart rate interval can be calculated based on the maximum heart rate percentage or HRR percentage. To set the heart rate interval calculation method, open the Huawei Health app, go to **Me > Settings > Heart rate limit and zones** and set **Calculation method** to either **Maximum heart rate percentage** or **HRR percentage**.\n\n: 0 NOTE\n\n- If you select **Maximum heart rate percentage** as the calculation method, the heart rate zone for different types of workout activities (Extreme, Anaerobic, Aerobic, Fat-burning, and Warm-up) is calculated based on your maximum heart rate (\"220 – your age\" by default). Heart rate = Maximum heart rate x Maximum heart rate percentage.\n- If you select HRR percentage as the calculation method, the heart rate interval for different types of workout activities (Advanced anaerobic, Basic anaerobic, Lactic acid, Advanced aerobic, and Basic aerobic) is calculated based on your heart rate reserve (HRmax - HRrest). Heart rate = Heart rate reserve x Heart rate reserve percentage + Resting heart rate.\n- The heart rate zone calculation methods while you are running are not affected by the settings in the Huawei Health app. For most running courses, **HRR percentage** is selected by default.\n\nYour watch will display different colors when your heart rate reaches corresponding zones during a workout. The following figure shows how heart rate is displayed during an outdoor run.\n\nMeasuring your heart rate during a workout\n\n1. After you start a workout, swipe on the watch screen to check your real-time heart rate and heart rate zone.\n2. After completing your workout, you can check your average heart rate, maximum heart rate, and heart rate z"
    },
    "24": {
      "summary": "3. You can view graphs that show the changes in heart rate, maximum heart rate, and average heart rate for each workout under Exercise records in the Huawei Health app.\n\n- NOTE\n\n- Your heart rate will not be displayed if you remove the watch from your wrist during the workout. However, the watch will continue to search for your heart rate for a while. The measurement will resume once you wear the watch again.\n- Your watch can measure your heart rate when you have connected it to your phone and started a workout using the Huawei Health app.\n\n---\n\n### Continuous heart rate monitoring\n\nTo enable this feature, connect your watch to your phone using the Huawei Health app and enable **Continuous heart rate monitoring** in the Huawei Health app. Once this feature is enabled, your watch can measure your real-time heart rate.\n\nSet the **MONITORING MODE** to **Smart** or **Real-time**.\n\n- Smart mode\n  - The heart rate measurement will be performed every 10 minutes for low-intensity activities (such as when you are not moving).\n  - The heart rate measurement will be performed every 10 minutes for moderate-intensity activities (such as when you are walking).\n  - The heart rate measurement will be performed once a second for high-intensity activities (such as when you are running) and it takes 6 to 10 seconds to display the first heart rate value, though this may vary between individuals).\n- Real-time mode: The heart rate measurement will be performed once a second for any type of activity intensity.\n\nWhen this feature is enabled, the watch will continuously measure your real-time heart rate. You can view graphs for your heart rate in the Huawei Health app.\n\n---\n\n- NOTE\n\nUsing Real-time mode will increase the power consumption of your watch while Smart mode will adjust the heart rate measurement interval based on the intensity of your activity, thus reducing power consumption.\n\n---\n\n### Resting heart rate measurement\n\nResting heart rate refers to the heart rate when it is measur"
    },
    "25": {
      "summary": "0\n\n**NOTE**\n\nIf you disable **Continuous heart rate monitoring** after checking your resting heart rate, the resting heart rate displayed in the Huawei Health app will remain the same.\n\n**Heart rate warning**\n\nAfter you start a workout using your watch, your watch will vibrate to alert you that your heart rate value has exceeded the upper limit for more than 10 seconds. To view and configure your heart rate limit, perform the following:\n\nOpen the Huawei Health app, go to **Me > Settings > Heart rate limit and zones** and select your desired heart rate limit. The following figure shows how to set your heart rate limit:\n\n**NOTE**\n\n- The default heart rate limit is 220 - age, which is obtained from the personal information you enter.\n- If you disable voice guidance for individual workouts, you will only be alerted through vibrations and card prompts.\n- Heart rate alerts are only available during active workouts and are not generated during daily monitoring.\n\n**Heart rate alerts**\n\nTo enable **High heart rate alerts** for your resting heart rate, open the Huawei Health app, touch **Devices** then your device, go to **Continuous heart rate monitoring > High heart rate alert**, and set your heart rate upper limit. Then, touch **OK**. When you are not doing any exercise, you will receive an alert when your resting heart rate stays above your set limit for more than 10 minutes.\n\nTo enable **Low heart rate alerts** for your resting heart rate, open the Huawei Health app, touch **Devices** then your device, go to **Continuous heart rate monitoring > Low heart rate alert**, and set your heart rate upper limit. Then, touch **OK**. When you are not doing any exercise, you will receive an alert when your resting heart rate stays below your set limit for more than 10 minutes.\n\n**3.2 Tracking sleep**\n\nYour watch collects sleep data and identifies your sleep status when you wear it while sleeping. It can automatically detect when you fall asleep and wake up and whether you are in a "
    },
    "26": {
      "summary": "0\n\nFrom the home screen press the Up button, swipe until you find Sleep, then touch it and swipe up on the screen to view your nighttime sleep duration and nap duration. Your daytime sleep duration is displayed under Naps.\n\nYou are able to view your history sleep data in the Huawei Health app. Open the Huawei Health app and touch Sleep to view your daily, weekly, monthly, and yearly sleep statistics.\n\n**NOTE**\n\nNaps that you take during the day are counted under Naps. If you take a midday nap of less than 30 minutes or you moved around too much during a midday nap, your watch may have determined incorrectly that you were awake.\n\nYou can enable **HUAWEI TruSleep™** in the Huawei Health app.\n\nAfter you enable **HUAWEI TruSleep™**, your watch will collect your sleep data, detect when you fall asleep, wake up, and whether you are in a light, deep, or REM sleep, and identify the times when you wake up and your breathing quality to provide you with a sleep quality analysis and suggestions to help you understand and improve your sleep quality.\n\nWhen your watch detects that you are sleeping, it will automatically disable Always-on screen, message reminders, incoming call notifications, Raise wrist to wake screen, and other features in order to not disturb your sleep.\n\n### 3.3 Enabling HUAWEI TruSleep™\n\nOpen the Huawei Health app, touch Devices, then touch your device name, and enable **HUAWEI TruSleep™**.\n\n**NOTE**\n\n- Enabling **HUAWEI TruSleep™** may reduce the battery life.\n- **HUAWEI TruSleep™** is disabled by default.\n- The HUAWEI TruSleep™ tracking will not be affected if your phone powers off while you are asleep.\n- Enabling **Do not disturb** in the Huawei Health app will not affect the HUAWEI TruSleep™ tracking.\n\n### 3.4 Testing stress levels\n\nYou can use your watch to test your stress level on a one-off or periodic basis.\n\n- To measure your stress level on a one-off basis: Open the Huawei Health app, touch Stress then Stress test. When using this feature for the fi"
    },
    "27": {
      "summary": "0\n\n- 0\n\n- 0\n\n- 0\n\n- 0\n\n- 0\n\n- 0\n\n- 0\n\n- 0\n\n- 0\n\n- 0\n\n- 0\n\n- 0\n\n- 0\n\n- 0\n\n- 0\n\n- 0\n\n- 0\n\n- 0\n\n- 0\n\n- 0\n\n- 0\n\n- 0\n\n- 0\n\n- 0\n\n- 0\n\n- 0\n\n- 0\n\n- 0\n\n- 0\n\n- 0\n\n- 0\n\n- 0\n\n- 0\n\n- 0\n\n- 0\n\n- 0\n\n- 0\n\n- 0\n\n- 0\n\n- 0\n\n- 0\n\n- 0\n\n- 0\n\n- 0\n\n- 0\n\n- 0\n\n- 0\n\n- 0\n\n- 0\n\n- 0\n\n- 0\n\n- 0\n\n- 0\n\n- 0\n\n- 0\n\n- 0\n\n- 0\n\n- 0\n\n- 0\n\n- 0\n\n- 0\n\n- 0\n\n- 0\n\n- 0\n\n- 0\n\n- 0\n\n- 0\n\n- 0\n\n- 0\n\n- 0\n\n- 0\n\n- 0\n\n- 0\n\n- 0\n\n- 0\n\n- 0\n\n- 0\n\n- 0\n\n- 0\n\n- 0\n\n- 0\n\n- 0\n\n- 0\n\n- 0\n\n- 0\n\n- 0\n\n- 0\n\n- 0\n\n- 0\n\n- 0\n\n- 0\n\n- 0\n\n- 0\n\n- 0\n\n- 0\n\n- 0\n\n- 0\n\n- 0\n\n- 0\n\n- 0\n\n- 0\n\n- 0\n\n- 0\n\n- 0\n\n- 0\n\n- 0\n\n- 0\n\n- 0\n\n- 0\n\n- 0\n\n- 0\n\n- 0\n\n- 0\n\n- 0\n\n- 0\n\n- 0\n\n- 0\n\n- 0\n\n- 0\n\n- 0\n\n- 0\n\n- 0\n\n- 0\n\n- 0\n\n- 0\n\n- 0\n\n- 0\n\n- 0\n\n- 0\n\n- 0\n\n- 0\n\n- 0\n\n- 0\n\n- 0\n\n- 0\n\n- 0\n\n- 0\n\n- 0\n\n- 0\n\n- 0\n\n- 0\n\n- 0\n\n- 0\n\n- 0\n\n- 0\n\n- 0\n\n- 0\n\n- 0\n\n- 0\n\n- 0\n\n- 0\n\n- 0\n\n- 0\n\n- 0\n\n- 0\n\n- 0\n\n- 0\n\n- 0\n\n- 0\n\n- 0\n\n- 0\n\n- 0\n\n- 0\n\n- 0\n\n- 0\n\n- 0\n\n- 0\n\n- 0\n\n- 0\n\n- 0\n\n- 0\n\n- 0\n\n- 0\n\n- 0\n\n- 0\n\n- 0\n\n- 0\n\n- 0\n\n- 0\n\n- 0\n\n- 0\n\n- 0\n\n- 0\n\n- 0\n\n- 0\n\n- 0\n\n- 0\n\n- 0\n\n- 0\n\n- 0\n\n- 0\n\n- 0\n\n- 0\n\n- 0\n\n- 0\n\n- 0\n\n- 0\n\n- 0\n\n- 0\n\n- 0\n\n- 0\n\n- 0\n\n- 0\n\n- 0\n\n- 0\n\n- 0\n\n- 0\n\n- 0\n\n- 0\n\n- 0\n\n- 0\n\n- 0\n\n- 0\n\n- 0\n\n- 0\n\n- 0\n\n- 0\n\n- 0\n\n- 0\n\n- 0\n\n- 0\n\n- 0\n\n- 0\n\n- 0\n\n- 0\n\n- 0\n\n- 0\n\n- 0\n\n- 0\n\n- 0\n\n- 0\n\n- 0\n\n- 0\n\n- 0\n\n- 0\n\n- 0\n\n- 0\n\n- 0\n\n- 0\n\n- 0\n\n- 0\n\n- 0\n\n- 0\n\n- 0\n\n- 0\n\n- 0\n\n- 0\n\n- 0\n\n- 0\n\n- 0\n\n- 0\n\n- 0\n\n- 0\n\n- 0\n\n- 0\n\n- 0\n\n- 0\n\n- 0\n\n- 0\n\n- 0\n\n- 0\n\n- 0\n\n- 0\n\n- 0\n\n- 0\n\n- 0\n\n- 0\n\n- 0\n\n- 0\n\n- 0\n\n- 0\n\n- 0\n\n- 0\n\n- 0\n\n- 0\n\n- 0\n\n- 0\n\n- 0\n\n- 0\n\n- 0\n\n- 0\n\n- 0\n\n- 0\n\n- 0\n\n- 0\n\n- 0\n\n- 0\n\n- 0\n\n- 0\n\n- 0\n\n- 0\n\n- 0\n\n- 0\n\n- 0\n\n- 0\n\n- 0\n\n- 0\n\n- 0\n\n- 0\n\n- 0\n\n- 0\n\n- 0\n\n- 0\n\n- 0\n\n- 0\n\n- 0\n\n- 0\n\n- 0\n\n- 0\n\n- 0\n\n- 0\n\n- 0\n\n- 0\n\n- 0\n\n- 0\n\n- 0\n\n- 0\n\n- 0\n\n- 0\n\n- 0\n\n- 0\n\n- 0\n\n- 0\n\n- 0\n\n- 0\n\n- 0\n\n- 0\n\n- 0\n\n- 0\n\n- 0\n\n- 0\n\n- 0\n\n- 0\n\n- 0\n\n- 0\n\n- 0\n\n- 0\n\n- 0\n\n- 0\n\n- 0\n\n- 0\n\n- 0\n\n- 0\n\n- 0\n\n- 0\n\n- 0\n\n- 0\n\n- 0\n\n- 0\n\n- 0\n\n- 0\n\n- 0\n\n- 0\n\n- 0\n\n- 0\n\n- 0\n\n- 0\n\n- 0\n\n- 0\n\n- 0\n\n- 0\n\n- 0\n\n- 0\n\n- 0\n\n- 0\n\n- 0\n\n- 0\n\n- 0\n\n- 0\n\n- 0\n\n- 0\n\n- 0\n\n- 0\n\n- 0\n\n- 0\n\n- 0\n\n- 0\n\n- 0\n\n- 0\n\n- 0\n\n- 0\n\n- 0\n\n- 0\n\n- 0\n\n- 0\n\n- 0\n\n- 0\n\n- 0\n\n- 0\n\n- 0\n\n- 0\n\n- 0\n\n- 0\n\n- 0\n\n- 0\n\n- 0\n\n- 0\n\n- 0\n\n- 0\n\n- "
    },
    "28": {
      "summary": "3.7 Measuring blood oxygen levels (SpO2)\n\n1. Wear your watch correctly and keep your arm still.\n\n2. From the home screen press the Up button, swipe until you find SpO₂. Touch SpO₂. The watch will then measure your current heart rate.\n\nIf you are not wearing your watch, or wearing it incorrectly, an error message will be displayed. Please read the onscreen instructions for how to wear it correctly and touch Retry to restart the measurement.\n\nNote:\n- The measurement will be interrupted if you swipe right on the watch screen, start a workout with the Huawei Health app, or receive a notification for an incoming call or alarm.\n- To ensure the accuracy of the heart rate measurement, wear the watch correctly and ensure that the strap is fastened. Ensure that the band body is in direct contact with your skin.\n- Stay as still as possible during the measurement.\n- Each measurement lasts for about 1 minute, and the displayed SpO₂ level is updated every 3 seconds.\n- During the measurement, the watch will also measure your heart rate.\n\nNOTE\n\n- To measure your blood oxygen level while mountain climbing, swipe up or down on the climbing screen, select SpO₂ then touch Measure.\n- To use this feature, update HUAWEI WATCH GT 2 and HONOR MagicWatch 2 to 1.0.6.32 or later, or HUAWEI WATCH GT 2e to 1.0.1.20 or later. Update the Huawei Health app to 10.0.5.311 or later.\n- This feature is not available for users in Japan, Korea, or Taiwan (China)."
    },
    "29": {
      "summary": "4 Convenient life\n\n4.1 Getting notifications and deleting messages\n\n4.2 Contact\n\n4.3 Music\n\n4.4 Setting an alarm\n\n4.5 Remote shutter\n\n4.6 Using Stopwatch or Timer\n\n4.7 Using Flashlight\n\n4.8 Using the Barometer app\n\n4.9 Severe weather warnings\n\n4.10 Using Compass\n\n4.11 Weather reports\n\n4.12 Viewing environment information\n\n4.1 Getting notifications and deleting messages\n\nGetting notifications\n\nEnsure that the watch is paired with your phone using the Huawei Health app, then perform the following:\n\nFor Android users: Open the Huawei Health app, touch Devices, and then touch your device. Touch Notifications and enable Notifications. Turn on the switch for apps for which you want to receive notifications.\n\nFor iOS users: Open the Huawei Health app, touch Devices, and then touch your device. Touch Notifications and enable Notifications. Turn on the switch for apps for which you want to receive notifications.\n\nYour watch will vibrate to notify you when a new message is displayed on your phone's status bar."
    },
    "30": {
      "summary": "0\n\n- Your band can display messages from the following apps: SMS, Email, Calendar, and various social media platforms.\n- You are not able to reply directly on your watch when you receive an SMS message, WeChat message, or email.\n- Your watch will still receive notifications but will not alert you if your watch is in Do not disturb, Sleep mode, or it detects you aren't wearing it.\n- If you receive a new message when you are reading another message, your watch will display the new message. You cannot check the content of emails on the watch.\n- When your watch is in Do not disturb or Sleep mode or during a workout, it will still receive notifications but will not alert you. You can swipe up on your watch home screen to view new messages.\n- If your phone and watch are connected, your phone will push an alert to your watch over Bluetooth when you receive an incoming call or message on your phone. Due to the slight delay in sending information over Bluetooth, your phone and watch will not receive the alert at exactly the same time.\n- Reminders and incoming call notifications on your watch won’t be affected if other Bluetooth devices are also connected to your phone.\n- You are able to receive voice messages and images from third-party social media apps but you are unable to listen to voice messages or view images.\n\n**Deleting messages**\n\nTo delete a message, swipe right on it. To delete all messages, touch **Clear**.\n\n**4.2 Contact**\n\nWhen your watch is connected to your phone and you receive a call, your watch will vibrate and display the caller's number and name. You can choose to answer or reject the call.\n\n**Answering or rejecting incoming calls**\n\nWhen you receive a call, your watch will vibrate and display the caller's number and name. You can choose to answer or reject the call.\n\n**Using a watch to make/receive a call**\n\nFrom the home screen press the Up button, swipe until you find **Contacts** to call your favorite contacts from your watch.\n\nFrom the home screen p"
    },
    "31": {
      "summary": "4.3 Music\n\nChoose music that you have added in the Huawei Health app and then touch the play icon to play the music.\n\nAdd songs\n\n1. Open the Huawei Health app, touch Devices, touch the device name, and then touch Music.\n2. Touch Manage music > Add songs, select the music as needed from the list, and touch ✓ in the upper-right corner of the screen.\n\nNOTE\n\nThe adding music feature is only supported on phones that run Android 5.0 or later. If you are using an iOS phone and want to add songs to the watch, connect your watch to an Android phone, and follow the following methods to add music to the watch. Then reconnect your watch to your iOS phone.\n\nMusic\n\n1. Choose music that you have added in the Huawei Health app and then touch the play icon to play the music.\n2. Touch the play icon to play the music.\n\na. Choose > Watch > and play Watch Music.\nb. Choose > Phone > and control music playing on your phone.\n\nNOTE\n\n- On the music playback screen of your watch, you can switch between songs, adjust the volume, and select a playback mode, such as Play in order, Shuffle, Repeat the current song, and Repeat list. Swipe up to view the music list, touch the Settings icon in the lower-right corner of the screen to delete music, connect the watch to Bluetooth earphones, control the music playback on your watch, or control music playback on your phone. Using your watch to control the music playback on your phone is available only on Android phones.\n- To use your watch to control music playing on your phone, open the Huawei Health app, touch Devices and touch your device's name, touch Music and enable Control phone music.\n- Music can be played through third-party social media apps, only MP3 and AAC (LC-AAC) files can be added to the watch locally."
    },
    "32": {
      "summary": "4.4 Setting an alarm\n\nYou can use the Huawei Health app to set a Smart alarm or an Event alarm for your watch. The Smart alarm will wake you up if it detects that you are in a light sleep during a preset period. This helps to gradually wake up your brain and make you feel more refreshed.\n\nMethod 1: Setting an alarm using your watch\n\n1. From the home screen press the Up button, swipe until you find Alarm, touch it, and then touch + to add an alarm.\n2. Set the alarm time and repeat cycle and touch OK.\n3. Touch an alarm to edit or delete it.\n\n☐ NOTE\n\n- If you do not set the repeat cycle, the alarm is a one-time alarm by default.\n- Working days (skip holidays) is not supported with alarms set on wearable devices.\n- Your device will currently only vibrate but not ring to inform you.\n\nMethod 2: Setting a Smart/Event alarm using the Huawei Health app\n\nFor Android users:\n\n1. Open the Huawei Health app, touch Devices, touch your device name, and then go to Alarm > SMART ALARM, or go to Alarm > EVENT ALARMS.\n2. Set the alarm time, tag, and repeat cycle.\n3. Touch √ in the upper-right corner to save the settings.\n4. Swipe down on the home screen to ensure that the alarm settings are synced to your watch.\n5. Touch an alarm to edit or delete it.\n\nFor iOS users:\n\n1. Open the Huawei Health app, touch Devices, and then touch your device name from the device list.\n2. Go to Alarm > Event Alarms or go to Alarm > Smart Alarm.\n3. Set the alarm time, tag, and repeat cycle.\n4. Touch Save.\n5. Swipe down on the home screen to ensure that the alarm settings are synced to your watch.\n6. Touch an alarm to edit or delete it."
    },
    "33": {
      "summary": "4.5 Remote shutter\n\nWhen the watch is connected to the phone, open **Remote shutter** on your watch to launch the camera of your phone and take a picture by tapping the camera icon on the watch's screen.\n\n⚠️ NOTE\n\n- Event alarms set on your watch can be synced to the Huawei Health app. You can set a maximum of five Event alarms.\n- You can only set one Smart alarm for your watch.\n- The Event alarm will ring at the specified time. If you set a tag for the Event alarm, the watch will display the tag. Otherwise, only the time will be displayed.\n\n- When an alarm rings, touch on your watch screen, press the up button, or swipe right on your watch screen to snooze for 10 minutes. To turn off the alarm, touch on your watch screen or press and hold the Up button.\n- When an alarm rings, the alarm will automatically turn off after snoozing three times if no other operations are performed.\n- Currently, only alarms set on our Huawei or Honor phones running EMUI 8.1 or later or Magic UI 2.0 or later can be synced to the watch.\n\n⚠️ NOTE\n\n- This feature is only available with EMUI 8.1 or Magic UI 2.0. The Remote camera shutter feature will only show up on your watch when the watch is connected to the phone.\n- The watch needs a stable connection with the phone and the Huawei Health app needs to be running in the background during use.\n- You won't be able to preview or view the images on your watch. They will be saved in your phone's Gallery.\n- The Huawei Health app needs to be updated to version 10.0.5.515 or later, and the HUAWEI WATCH GT 2e watch needs to be updated to version 1.0.2.18, the HUAWEI WATCH GT 2/HONOR MagicWatch 2 watch needs to be updated to version 1.0.7.16.\n\n⚠️ 4.6 Using Stopwatch or Timer\n\n**Stopwatch**\n\nFrom the home screen press the Up button, swipe until you find **Stopwatch**, and then touch it. Touch to start timing. Touch to reset the stopwatch.\n\nSwipe right on your watch screen to exit Stopwatch.\n\n**Timer**\n\nFrom the home screen press the Up button, swipe u"
    },
    "34": {
      "summary": " to start the countdown, touch  to pause the countdown, and\n\n:  to stop the countdown.\n\nYou can also customize the timer. On the Timer screen, touch Custom, set the\n\n:  to start the countdown.\n\nSwipe right on your watch screen to exit Timer.\n\n4.7 Using Flashlight\n\nFrom the home screen press the Up button, swipe until you find Flashlight, and then touch it to turn on the flashlight. Touch the screen to turn off the flashlight and touch the screen again to turn it on. Swipe right on your watch screen to exit Flashlight.\n\n4.8 Using the Barometer app\n\nYou can check the altitude and atmospheric pressure of your current location on your watch.\n\nFrom the home screen press the Up button, swipe until you find Barometer, and touch it to check the altitude and air pressure of your current location and a graph showing atmospheric changes of the current day.\n\nAltitude:\n\nAltitude measurement range: -800 to 8800 meters.\n\nAir pressure:\n\nAir pressure measurement range: 300 to 1100 hPa.\n\nSwipe up or down to check altitude and air pressure respectively.\n\nNOTE\n\n- Swipe on the screen to view the air pressure and altitude value.\n- On the Altitude screen, touch Calibrate and adjust it to the current altitude manually.\n- On the Air pressure screen, touch Settings, and enable or disable warnings for severe weather.\n\n4.9 Severe weather warnings\n\nYour watch supports severe weather warnings. When the watch detects that the air pressure of your surrounding environment changes rapidly and the variation exceeded the set value, it will remind you to move to a safe area in a timely manner.\n\nPress the Up button on your watch to enter the app list, swipe on the screen and touch Barometer, then touch Settings on the Air pressure screen, enable"
    },
    "35": {
      "summary": "4.10 Using Compass\n\nFrom the home screen press the Up button, swipe until you find **Compass**, touch it, and then follow the onscreen instructions to calibrate it. After it is successfully calibrated, your watch will display a compass dial.\n\n: NOTE\n\nThe compass of your wearable device does not display the longitude, latitude, and altitude. You can use your phone to this information. You can also use the barometer of your wearable device to view the current altitude and air pressure.\n\n4.11 Weather reports\n\nYou can check your watch to find out about the weather in your local area.\n\nMethod 1: Viewing the weather information on a watch face that can display weather data\n\nEnsure that you are using a watch face that displays weather information, then you can check the latest weather information on the home screen.\n\nMethod 2: Viewing the weather information on the weather screen\n\nSwipe right on the screen until you find the weather screen, then you can check your location, the latest weather, temperature.\n\nMethod 3: Viewing the weather information in the Weather app\n\nFrom your home screen press the Up button, swipe until you find **Weather**, touch it, and then you can check your location, the latest weather information, temperature, and air quality.\n\n: NOTE\n\n- To check the weather information on your watch, you are advised to open the Huawei Health app, touch **Devices**, touch your device name, and then enable **Weather reports**. You can set the **Temperature unit** to **Celsius °C** or **Fahrenheit °F**.\n\n- The weather information displayed on your watch may differ slightly from that displayed on your phone, since the information is collected from different weather service providers.\n\n- Ensure that you have granted your phone and the Huawei Health app the permission to access your location. For versions earlier than EMUI 9.0, select **Use GPS, WLAN, and mobile networks** as the positioning mode instead of **Use GPS only**."
    },
    "36": {
      "summary": "4.12 Viewing environment information\n\nThe watch comes with a feature to view outdoor environment information including sunrise, sunset, moonrise, and moonset times, moon phase, and tide times.\n\nPress the Up button to enter the app list, swipe on the screen and touch Weather. Then, you can view information including sunrise, sunset, moonrise, moonset, and tide times.\n\nNOTE\n\n- Your watch can only display the forecasts for the sunrise, sunset, moonrise, and moonset times for the next 5 days.\n- Tidal information is only available in some regions."
    },
    "37": {
      "summary": "5\n\nMore guidance\n\n\n5.1 Enabling Do not disturb mode\n\n5.2 Adjusting screen brightness\n\n5.3 Setting the vibration strength\n\n5.4 Connecting earbuds\n\n5.5 Setting Gallery watch faces\n\n5.6 Viewing the Bluetooth name and MAC address\n\n5.7 Restoring the watch to its factory settings\n\n5.1 Enabling Do not disturb mode\n\nTo enable Do not disturb mode, swipe down on your watch's home screen, touch No Disturb, and then touch ✓ to confirm.\n\nIf your watch enters Do not disturb mode:\n\n1. The watch will not vibrate for incoming calls, but you can still answer or reject incoming calls with the watch.\n\n2. Messages and notifications will not be displayed on the watch, and the Raise wrist to wake screen feature will be disabled.\n\nNOTE\n\nIf your watch does not support the calling feature, you will be unable to answer or reject incoming calls with the watch.\n\n5.2 Adjusting screen brightness\n\nFrom the home screen press the Up button and go to Settings > Display > Brightness to adjust the screen brightness. Brightness is set to Auto by default, which automatically adjusts screen brightness based on your environment. Level 5 is the brightest setting and Level 1 is the dimmest setting."
    },
    "38": {
      "summary": "5.3 Setting the vibration strength\n\n1. From the home screen press the Up button, then go to Settings > Strength.\n\n2. Swipe up or down on the screen and select Strong, Soft, or None. Touch OK.\nYour watch will then automatically return to the previous screen and vibrate with the strength that you set.\n\n5.4 Connecting earbuds\n\n1. From the home screen press the Up button and go to Settings > Earbuds.\n\n2. Your watch will search automatically for the Bluetooth earbuds list for pairing.\nSelect the name of your earbuds and follow the onscreen instructions to complete the pairing.\n\nNOTE\n\n- If Bluetooth earbuds are connected via the watch and you answer a call from the watch, the audio will play from the watch's speaker. Audio for calls cannot go through the earbuds yet.\n- If you would like to use your Bluetooth earbuds for calls, connect the earbuds to your phone and answer calls from your phone too.\n\n5.5 Setting Gallery watch faces\n\nNOTE\n\n- Only available on Android phones. If you are using iOS, unpair the device, then pair it with an Android phone and follow the instructions to transfer photos. The photos will be saved and you can unpair the device and pair it with your iOS phone again.\n- This feature requires that the Health app by updated to version 10.0.0.633 or above and the watch updated to 1.0.1.16 or above.\n- You may not be able to set Gallery Watch faces in certain countries and regions.\n\n1. Open the Huawei Health app, touch Devices, go to Watch faces > More > Mine, and touch Gallery.\n\n2. Touch + and choose to either upload an image from your phone's Gallery or take a new photo. Then select your desired image and touch Save. Your watch will then display your customized image, as shown in the following figure:"
    },
    "39": {
      "summary": " Gallery\n\nSet as default\n\nBackground Style Layout"
    },
    "40": {
      "summary": "10:08 AM\nFRI 18\n\nSet as default\n\nBackground   Style   Layout\n\nUpload\n\nCamera    Gallery\n\nCANCEL"
    },
    "41": {
      "summary": " Gallery\n\n10:08 AM\n\nSave\n\nBackground Style Layout\n\n3. On the **Gallery** screen in the Huawei Health app, touch **Style** to customize the font and color of the displayed time and date.\n\n4. Touch **Layout** to adjust the position of the displayed time and date.\n\n---\n\n### NOTE\n\n- Only still images can be used as watch faces. There are no restrictions on the file format.\n- A maximum of 20 images can be transferred at one. If you transfer multiple images an image will be selected randomly and displayed each time the screen wakes up. You can switch between the images by tapping the screen when it's on.\n\n---\n\n## 5.6 Viewing the Bluetooth name and MAC address\n\nTo view the Bluetooth name and MAC address of your watch, use any of the following methods:\n\n**Method 1:** On the home screen of your watch, press the Up button and go to **Settings > About**. The **Device name** is your watch's Bluetooth name. The 12 alphanumeric characters under **MAC** are your watch's MAC address.\n\n**Method 2:** Your watch's MAC address is laser engraved on the back of the watch. The 12 alphanumeric characters next to \"MAC:\" are your watch's MAC address.\n\n**Method 3:** Connect the watch to the phone and view the MAC address in the Huawei Health app."
    },
    "42": {
      "summary": "5.7 Restoring the watch to its factory settings\n\nMethod 1: From the home screen press the Up button, swipe until you find Settings, touch it, go to System > Reset, and then touch ✓ to confirm. As all the data on your watch will be removed when you restore the watch to its factory settings, please exercise caution before confirming.\n\nMethod 2: Open the Huawei Health app, touch Devices, touch the device name, and then touch Restore factory settings.\n\nNOTE\n\nWhen you are pairing you watch with the phone for the first time or you are on the System screen under Settings, follow the onscreen instructions to restore the watch to its factory settings."
    }
  }
}
