{
  "doc_id": "ISEP_student_handbook_2020.pdf",
  "pages": {
    "1": {
      "summary": "2020"
    },
    "2": {
      "summary": "3\n\n: 5\n\n: 6\n\n: 6\n\n: 7\n\n: 9\n\n: 11\n\n: 12\n\n: 13\n\n: 13\n\n: 14\n\n: 14\n\n: 14\n\n: 16\n\n: 17\n\n: 18\n\n: 20\n\n: 20\n\n: 20\n\n: 21\n\n: 22\n\n: 22\n\n: 23"
    },
    "3": {
      "summary": "1. Compulsory courses\n\nAll ISEP students have to fulfil 30 MCs which comprise the 3 compulsory ISEP courses:\n\n- **GS6001** (Research Ethics and Scientific Integrity) to be read latest by the 3rd semester upon enrolment,\n\n- **GS5002** (Academic Professional Skills and Techniques) to be read latest by the 4th semester upon enrolment,\n\n- **GS6883A** (Interface Sciences and Engineering) to be read latest by the 4th semester upon enrolment.\n\n2. Other courses supported by supervisor and approved by ISEP.\n\n3. Refer to Annex 1 for a list of modules offered by ISEP.\n\n**Important note:**\n\n- All modules taken should be level 5000 or 6000.\n- Levels 1000 - 4000 are undergraduate modules and can only be read as \"AUDIT\". Students who audit a module will not receive a final grade. Audited modules will not appear on the student's transcript / result slip. No record of attendance will be issued to auditors of a module. Note that it is subject to the host Faculty's approval whether students are allowed to audit a module.\n- Graduate Modules Classified as S/U\n\n1. This is applicable to all ISEP students who wish to take graduate modules **outside** their main undergraduate discipline, to be graded on a S/U system and **NOT** count towards the CAP.\n2. Student may request for up to 3 modules (12 MCs), with the support of your main supervisor.\n3. Application for S/U modules has to be done **within the first month** of the start of the module. Once approved by ISEP and the department hosting the module, students are not allowed to reverse their decision, be it before the examination or after the examination results release.\n4. Any request for changes to the modules after the examination results release such as changing grading basis from S to grade, grade to S/U or deleting a module is **NOT** allowed.\n\n**NOTE:**\nThe 'S' or 'U' grade has no effect on the CAP since they carry no grade point. The modular credits earned with an 'S' grade will count towards the total number of modular credits th"
    },
    "4": {
      "summary": "600 words (min) including a background of the research project, objective(s) of the project, methodology, results and discussion.\n\n5 pages (max) including tables, figures, references etc.\n\nThe supervisor will evaluate the student's report and performance during the rotation and proceed to submit the \"Lab Rotation Evaluation\" online form to ISEP. The reports will be reviewed by the ISEP Director.\n\nStudents are required to participate in a workshop in Sep/Oct that will be facilitated by the module coordinators.\n\nStudents are eligible for the 2 MCs and a \"Compulsory Satisfactory (CS)/Unsatisfactory (CU)\" grading, subject to meeting all the criteria of the module – GS5101 Research Immersion Module, which include:\n\n- Attendance of the workshop.\n- Completion of two lab rotations with two ISEP-approved supervisors, with their performance endorsed by the supervisors.\n- Submission of two lab rotation reports, with the reports endorsed by the supervisors and approved by the ISEP Director.\n\nAfter the completion of the LRs, students may nominate their Main Supervisor by 02 Jan (for Aug intake) and 01 Jun (for Jan intake).\n\nStudents who do not comply with the requirements of the LR may have their stipend suspended and/or be placed on academic probation.\n\nNote:\n\nThe table below shows the time frames in which students should embark on their 1st and 2nd lab rotations. Students who have decided on the lab rotations may commence earlier than the proposed timeframes.\n\n| Start date in Semester 1 | Start date in Semester 2 |\n|--------------------------|-----------------------|\n| 1 Sep - 1st rotation (for Aug intake students) | 1 Feb - 1st rotation (for Jan intake students) |\n| 1 Nov - 2nd rotation (for Aug intake students) | 1 Apr - 2nd rotation (for Jan intake students) |\n\n3. Diagnostic English Test (DET)\n\nISEP requires all international students, especially those from non-English medium universities to undergo the Diagnostic English Test (DET). Only students who have studied in NUS, N"
    },
    "5": {
      "summary": " determine which students will benefit from a basic level writing module before proceeding to an intermediate module.\n\n- determine which students will benefit from an intermediate level writing module before taking an advanced level writing module to help them with their thesis writing.\n- identify which students may be exempted from taking the above-mentioned modules.\n\nResults from the DET will determine whether students should be exempted from the Graduate English Course (GEC) or should they be placed in a GEC.\n\nThe courses, which aim to raise English language writing, reading, and speaking proficiency, are offered at three levels: Basic (ES5000), Intermediate (ES5001A/ES5001B) and Advanced (ES5002).\n\n**Only students with Band 3 result from the DET may be exempted from the Graduate English Course.** For information on the result of the DET and its implications, please refer to http://www.nus.edu.sg/celc/programmes/det.html\n\n**Important Notes**\n\n1. The milestones will be created by CELC in the student’s milestone page in EduRec AFTER the student has taken the DET and recommended by CELC to undergo the Graduate English Course (GEC). If the student is exempted from the English course AFTER DET (with BAND 3 result from DET), the GEC milestone will not show in his/her record in EduRec. If the GEC milestone appears in the student’s record in EduRec, it means that the student is required to proceed with the recommended level of English course. No exemptions are allowed thereafter.\n2. The DET is a university-level requirement which **must** be fulfilled **before graduation**.\n3. DET must be completed latest by the second semester of candidature.\n4. Without DET, students are not allowed to attempt PhD Qualifying Examination (PQE) or to go for any overseas attachment such as the 2+2.\n\n| 4. | CITI RCR-Basic course |\n|----|-----------------------|\n| All graduate research students are required to complete the CITI-Responsible Conduct of Research-Basic course, preferably in thei"
    },
    "6": {
      "summary": "2. Credit transfer may be allowed for non-NUS modules that have NOT been used towards another degree (can be pre-taken during undergraduate study or from withdrawn or terminated graduate study), under the same conditions listed for (1) above. However, the modules will not be counted towards CAP but will be reflected in the transcript as “Exempted (EXE).”\n\nFor modules which have been approved for exemption, they will count towards the 12 MCs (or 3 modules) which ISEP allows for S/U modules. For example, 2 modules have been approved for exemption, the student would only be allowed to read 1 more module on S/U grading basis.\n\nAcademic Performance Criteria\n\nCAP Requirements and Policies\n\nEffective from AY2011/12 Semester 1 (August 2011)\n\n1. CAP review for students will be done at the end of every Semester 1 & 2 of the Academic Year (AY) after the official release of the examination results (excluding Special Term 3 & 4).\n2. ISEP does not practice the Best Cap Calculation policy. All modules read will be used for the computation of the students' CAP, unless the module(s) is graded as S/U or CS/CU.\n3. Students whose performance is under review by ISEP are required to read at least 1 module every semester.\n4. For students who fail to meet the CAP requirement of 3.80 for every semester, appropriate actions will be taken as follows:\n\n1st academic warning:\n\n- A warning letter will be issued via email (cc. supervisor)\n\n2nd academic warning:\n\n- A warning letter will be issued via email (cc. supervisor).\n- Educational Allowances (EA) will be suspended.\n\n3rd academic warning:\n\n- A warning letter will be issued via email (cc. supervisor).\n- Educational Allowances (EA) will be suspended.\n- For students with:\n  - **CAP between 3.50 - 3.79**\n    Reduction of Research Scholarship (RS) stipend to faculty level:\n    \\[ \\text{S\\$2000 per month for International Student} \\]\n    \\[ \\text{S\\$2200 per month for Singapore Permanent Resident} \\]\n    \\[ \\text{S\\$2700 per month for Singapore Cit"
    },
    "7": {
      "summary": "0.5\n\n**Notes:**\n\n1. The suspension of the EA and the reduction of RS stipend will take effect from the date of release of the exam results of the previous semester to the date of release of the next exam results in the following semester of the academic year.\n\n2. For students who are funded by other sources - ISEP will notify the relevant funding body to recommend similar penalties.\n\n---\n\n### Appeal Procedures for Re-instatement of Candidature - applicable to only dismissed/terminated students with CAP between 3.50 to 3.79\n\n1. Students who were dismissed from their candidature due to poor academic standing and who wish to appeal for re-instatement, should submit their appeal to ISEP within two calendar weeks of the last day of the release of each semester's examination results (with support from supervisor, providing information on research performance, publications list and any other relevant information to support the appeal). ISEP will not consider any appeals after that.\n\n2. Students with potential to be considered for re-instatement will be asked to attend an interview.\n\n3. Students will be notified of decision by ISEP. RO will write to inform the student on the re-instatement of candidature and the student must accept the offer for re-instatement and reply to RO by the deadline given in the letter, failure of which will cause the offer to lapse.\n\n---\n\n### Conditions for Re-instatement of Candidature\n\n1. ISEP will not provide Research Scholarship (RS) stipend.\n2. ISEP will not provide Tuition Fee (TF) subsidy.\n3. ISEP will not provide Educational Allowances (EA).\n4. Students who are re-instated should still be reading course(s) in the current semester to improve on their CAP to >3.8, failure of which will result in a 2nd dismissal (with no appeal for second re-instatement). The student will have to achieve the minimum CAP required for continuation and graduation in the current semester.\n\nFor students who have improved their CAP to >3.8, ISEP will consider on a "
    },
    "8": {
      "summary": "3.0\n\n: 2.5\n\n: 2.0\n\n: 1.5\n\n: 1.0\n\n: 0.0\n\nAs the above table indicates, a plus (+) or minus (-) suffix added to a grade raises or lowers the grade point value, except in the case of A+, which carries the same grade points as the A grade.\n\nCumulative Average Point (CAP)\n\nAcademic progress is tracked by the CAP, which is the weighted average grade point of all modules taken by a student. Therefore, a student's CAP is the sum of the module grade points multiplied by the number of MCs for the corresponding module, divided by the total number of MCs. This is represented as follows:\n\n\\[\\text{CAP} = \\frac{\\sum (\\text{module grade point} \\times \\text{MCs assigned to module})}{\\sum (\\text{MCs assigned to all modules used in calculating the numerator})}\\]\n\nOnline CAP calculator - https://inetapps.nus.edu.sg/capcalc/cap_calculator.aspx.\n\nAverage grade simulator - https://inetapps.nus.edu.sg/capcalc/avg_grd_simulator.aspx.\n\nModules with no assigned MCs or grade points are excluded from the calculation of CAP.\n\nThere are a number of situations for which no grade points are assigned:\n\nCompleted Satisfactorily/Completed Unsatisfactorily (CS/CU)\n\nA module may be graded on a 'CS/CU' basis, i.e., whether the module has been 'Completed Satisfactorily' (CS) or 'Completed Unsatisfactorily' (CU). CS/CU modules are typically industrial attachment, internship or enrichment modules. Modular credits will be given for modules that are completed satisfactorily, although no grade point will be assigned. A module is designated 'CS/CU'; unlike modules graded on an S/U basis, it is not an option.\n\nExempted (EXE)\n\nThis grade is awarded when a student is exempted from or given credit for a module under the Advanced Placement process. This refers to transfer of credits without grade or exemption of modules."
    },
    "9": {
      "summary": "0\n\nThe 'IC' grade is assigned when a student's work is of passing quality but is incomplete for good reasons (e.g., illness during the official examination period). However, even such good reasons will not warrant an 'IC' grade if the work already completed for the module is clearly not of passing quality; instead, students should note that the 'F' grade will be assigned in such cases. A module assigned an 'IC' grade normally cannot be used to fulfil the pre-requisite of a higher-level module. Should a student choose to repeat the module in a subsequent semester, none of the work done previously may be carried forward for assessment purposes.\n\nIn Progress (IP)\n\nFor a module that extends beyond more than one semester, evaluation of a student's performance is deferred until the completion of the module. The provisional grade of 'IP' is assigned in the intervening semesters. This is replaced with the final grade when the student completes the module.\n\nSatisfactory/Unsatisfactory (S/U)\n\nStudents may elect to have certain modules graded on a 'Satisfactory/Unsatisfactory' (S/U) basis.\n\nWithdrawn (W)\n\nWhen a student withdraws from a module between the first day of Week 3 of the instructional period and the last day of the Recess Week, a 'W' grade will be recorded in the transcript. Withdrawals after this period (i.e. from the first day of Week 7 of the instructional period) will result in an 'F' grade, which will be included in the computation of the CAP and will not be eligible for the S/U option.\n\nTeaching Hours\n\nAll ISEP students have to fulfil teaching duties as part of their coursework requirement.\n\n- **ISEP students who are Singaporeans and Singapore PRs have to fulfil a total of 40 hours of teaching duties.** This is normally to be completed by the end of the 2nd year of enrolment at ISEP. The teaching requirements should be fulfilled within the academic settings of NUS or where appropriate and subject to approval, other institutions within Singapore. There are diff"
    },
    "10": {
      "summary": "0\n\n:\n\n:\n\n:\n\n:\n\n:\n\n:\n\n:\n\n:\n\n:\n\n:\n\n:\n\n:\n\n:\n\n:\n\n:\n\n:\n\n:\n\n:\n\n:\n\n:\n\n:\n\n:\n\n:\n\n:\n\n:\n\n:\n\n:\n\n:\n\n:\n\n:\n\n:\n\n:\n\n:\n\n:\n\n:\n\n:\n\n:\n\n:\n\n:\n\n:\n\n:\n\n:\n\n:\n\n:\n\n:\n\n:\n\n:\n\n:\n\n:\n\n:\n\n:\n\n:\n\n:\n\n:\n\n:\n\n:\n\n:\n\n:\n\n:\n\n:\n\n:\n\n:\n\n:\n\n:\n\n:\n\n:\n\n:\n\n:\n\n:\n\n:\n\n:\n\n:\n\n:\n\n:\n\n:\n\n:\n\n:\n\n:\n\n:\n\n:\n\n:\n\n:\n\n:\n\n:\n\n:\n\n:\n\n:\n\n:\n\n:\n\n:\n\n:\n\n:\n\n:\n\n:\n\n:\n\n:\n\n:\n\n:\n\n:\n\n:\n\n:\n\n:\n\n:\n\n:\n\n:\n\n:\n\n:\n\n:\n\n:\n\n:\n\n:\n\n:\n\n:\n\n:\n\n:\n\n:\n\n:\n\n:\n\n:\n\n:\n\n:\n\n:\n\n:\n\n:\n\n:\n\n:\n\n:\n\n:\n\n:\n\n:\n\n:\n\n:\n\n:\n\n:\n\n:\n\n:\n\n:\n\n:\n\n:\n\n:\n\n:\n\n:\n\n:\n\n:\n\n:\n\n:\n\n:\n\n:\n\n:\n\n:\n\n:\n\n:\n\n:\n\n:\n\n:\n\n:\n\n:\n\n:\n\n:\n\n:\n\n:\n\n:\n\n:\n\n:\n\n:\n\n:\n\n:\n\n:\n\n:\n\n:\n\n:\n\n:\n\n:\n\n:\n\n:\n\n:\n\n:\n\n:\n\n:\n\n:\n\n:\n\n:\n\n:\n\n:\n\n:\n\n:\n\n:\n\n:\n\n:\n\n:\n\n:\n\n:\n\n:\n\n:\n\n:\n\n:\n\n:\n\n:\n\n:\n\n:\n\n:\n\n:\n\n:\n\n:\n\n:\n\n:\n\n:\n\n:\n\n:\n\n:\n\n:\n\n:\n\n:\n\n:\n\n:\n\n:\n\n:\n\n:\n\n:\n\n:\n\n:\n\n:\n\n:\n\n:\n\n:\n\n:\n\n:\n\n:\n\n:\n\n:\n\n:\n\n:\n\n:\n\n:\n\n:\n\n:\n\n:\n\n:\n\n:\n\n:\n\n:\n\n:\n\n:\n\n:\n\n:\n\n:\n\n:\n\n:\n\n:\n\n:\n\n:\n\n:\n\n:\n\n:\n\n:\n\n:\n\n:\n\n:\n\n:\n\n:\n\n:\n\n:\n\n:\n\n:\n\n:\n\n:\n\n:\n\n:\n\n:\n\n:\n\n:\n\n:\n\n:\n\n:\n\n:\n\n:\n\n:\n\n:\n\n:\n\n:\n\n:\n\n:\n\n:\n\n:\n\n:\n\n:\n\n:\n\n:\n\n:\n\n:\n\n:\n\n:\n\n:\n\n:\n\n:\n\n:\n\n:\n\n:\n\n:\n\n:\n\n:\n\n:\n\n:\n\n:\n\n:\n\n:\n\n:\n\n:\n\n:\n\n:\n\n:\n\n:\n\n:\n\n:\n\n:\n\n:\n\n:\n\n:\n\n:\n\n:\n\n:\n\n:\n\n:\n\n:\n\n:\n\n:\n\n:\n\n:\n\n:\n\n:\n\n:\n\n:\n\n:\n\n:\n\n:\n\n:\n\n:\n\n:\n\n:\n\n:\n\n:\n\n:\n\n:\n\n:\n\n:\n\n:\n\n:\n\n:\n\n:\n\n:\n\n:\n\n:\n\n:\n\n:\n\n:\n\n:\n\n:\n\n:\n\n:\n\n:\n\n:\n\n:\n\n:\n\n:\n\n:\n\n:\n\n:\n\n:\n\n:\n\n:\n\n:\n\n:\n\n:\n\n:\n\n:\n\n:\n\n:\n\n:\n\n:\n\n:\n\n:\n\n:\n\n:\n\n:\n\n:\n\n:\n\n:\n\n:\n\n:\n\n:\n\n:\n\n:\n\n:\n\n:\n\n:\n\n:\n\n:\n\n:\n\n:\n\n:\n\n:\n\n:\n\n:\n\n:\n\n:\n\n:\n\n:\n\n:\n\n:\n\n:\n\n:\n\n:\n\n:\n\n:\n\n:\n\n:\n\n:\n\n:\n\n:\n\n:\n\n:\n\n:\n\n:\n\n:\n\n:\n\n:\n\n:\n\n:\n\n:\n\n:\n\n:\n\n:\n\n:\n\n:\n\n:\n\n:\n\n:\n\n:\n\n:\n\n:\n\n:\n\n:\n\n:\n\n:\n\n:\n\n:\n\n:\n\n:\n\n:\n\n:\n\n:\n\n:\n\n:\n\n:\n\n:\n\n:\n\n:\n\n:\n\n:\n\n:\n\n:\n\n:\n\n:\n\n:\n\n:\n\n:\n\n:\n\n:\n\n:\n\n:\n\n:\n\n:\n\n:\n\n:\n\n:\n\n:\n\n:\n\n:\n\n:\n\n:\n\n:\n\n:\n\n:\n\n:\n\n:\n\n:\n\n:\n\n:\n\n:\n\n:\n\n:\n\n:\n\n:\n\n:\n\n:\n\n:\n\n:\n\n:\n\n:\n\n:\n\n:\n\n:\n\n:\n\n:\n\n:\n\n:\n\n:\n\n:\n\n:\n\n:\n\n:\n\n:\n\n:\n\n:\n\n:\n\n:\n\n:\n\n:\n\n:\n\n:\n\n:\n\n:\n\n:\n\n:\n\n:\n\n:\n\n:\n\n:\n\n:\n\n:\n\n:\n\n:\n\n:\n\n:\n\n:\n\n:\n\n:\n\n:\n\n:\n\n:\n\n:\n\n:\n\n:\n\n:\n\n:\n\n:\n\n:\n\n:\n\n:\n\n:\n\n:\n\n:\n\n:\n\n:\n\n:\n\n:\n\n:\n\n:\n\n:\n\n:\n\n:\n\n:\n\n:\n\n:\n\n:\n\n:\n\n:\n\n:\n\n:\n\n:\n\n:\n\n:\n\n:\n\n:\n\n:\n\n:\n\n:\n\n:\n\n:\n\n:\n\n:\n\n:\n\n:\n\n:\n\n:\n\n:\n\n:\n\n:\n\n:\n\n:\n\n:\n\n:\n\n:\n\n:\n\n:\n\n:\n\n:\n\n:\n\n:\n\n:\n\n:\n\n:\n\n:\n\n:\n\n:\n\n:\n\n:\n\n:\n\n:\n\n:\n\n:\n\n:\n\n:\n\n:\n\n:\n\n:\n\n:\n\n:\n\n:\n\n:\n\n:\n\n:\n\n:\n\n:\n\n:\n\n:\n\n:\n\n:\n\n:\n\n:\n\n:\n\n:\n\n:\n\n:\n\n:\n\n:\n\n:\n\n:\n\n:\n\n:\n\n:\n\n:\n\n:\n\n:\n\n:\n\n:\n\n:\n\n:\n\n:\n\n:\n\n:\n\n:\n\n:\n\n:\n\n:\n\n:\n\n:\n\n:\n\n:\n\n:\n\n:\n\n:\n\n:\n\n:\n\n:\n\n:\n"
    },
    "11": {
      "summary": "5 teaching hours could be claimed for each of the above approved academic/educational activities. Any claim of number of teaching hours exceeding the 5-hour cap for any of the activities above is subject to review and approval by the ISEP Director.\n\nGraduate Assistantship Programme\n\nSince AY2014/2015, all international students awarded the ISEP Scholarship are required to perform duties under the Graduate Assistantship Programme as set out in the table below.\n\n| Total Hours Required to Serve during Candidature | 312 hours |\n\nThe below table sets out the maximum hours that can be clocked under the respective categories:\n\n**TABLE 2**\n\n| No. | Mode of Clocking | Hours | Remarks |\n| --- | --- | --- | --- |\n| 1. | Teaching / Laboratory Supervision (min. 20%) | At least 63 | Official contact hours with students only. Time taken for preparation for the class, marking of assignments and assistantship with journal clubs can be taken into account. As a guide, time taken for preparation and marking should not take more than half of the total time clocked for the assignment. For e.g. Total hours clocked for the assignment = 20 hours; Total hours claimed for preparation and marking = 10 hours (max). Note: The final decision on hours allowed for claiming will be made at ISEP discretion. |\n| 2. | Research Assistant (RA) duty, inclusive of research supervision (max. 60%) | up to 188 | The quality of the research supervision or research assistant duty needs to be endorsed by the student's supervisor(s). No preparation time is to be clocked in this assignment. The research assistant duty should go beyond the scope of the research project undertaken by the student to fulfil the requirement of the graduate programme. |\n| 3. | Other developmental assignments (max. 20%) | up to 63 | Other assignments with developmental value approved by the ISEP Director. This could include: 1. ISEP Buddy Scheme (10 hours) 2. ISEP Student Ambassador Scheme (10 hours) 3. Attendance of ISEP PhD Oral Defenc"
    },
    "12": {
      "summary": "3. The awardees have to complete at least half of the required hours (156) by PQE (2-year point) or 208 hours by the end of the 3rd year.”  \n4. The duties can only be clocked for work done deemed satisfactory by the University.  \n5. If the required hours are not met according to the annual plan or the quality of the work done is unsatisfactory, ISEP can  \n\n- reduce or withhold the stipend, and/or the tuition fee subsidy, and/or terminate the Scholarship; and or  \n- withhold the transcript (both official and unofficial) and student status letter, conferment letter until the requirements are met.  \n\n# Nomination of Research Supervisor  \n\nStudents are given up to 5 months from their candidature start date to nominate a main supervisor.  \n\nFor students in the August intake, they have to confirm their supervisor nomination by 02 January of the following year; students enrolled in the January intake, they have to confirm their supervisor nomination by 01 June of the same year.  \n\nSupervisor nomination is only formalized once the student submits the “Nomination of Supervisor Form” to ISEP, and an official approval from ISEP in the form of an email, copied to the student and supervisor has been given.  \n\nAGS students may only select either a supervisor from NUS or the Research Institutes (RIs). The Supervisor from the RI needs to be an approved member of ISEP. Please refer to https://isep.nus.edu.sg/choose-a-supervisor/ for a list of RI supervisors.  \n\nISEP students should select a main supervisor from NUS, who is ISEP-approved. A supervisor from the RI is only possible if he/she is jointly appointed by NUS and the RI, and is ISEP-approved.  \n\nThe nomination of a co-supervisor is optional. However, should a co-supervisor be appointed, he/she should be either an ISEP-NUS faculty, or a non-ISEP NUS faculty who is approved by the Deanery based on supervisory needs of a candidate. A co-supervisor from ASTAR institutes must be a full-fledged AGA supervisor. No person who is a no"
    },
    "13": {
      "summary": "0\n\n**Nomination of supervisor**\n\nFor students enrolled in the Aug intake : By 2 Jan (of the following year)\n\nFor students enrolled in the Jan intake : By 1 Jun (of the same year)\n\n**Nomination of TAC**\n\nFor students enrolled in the Aug intake : By 1 Mar (of the following year)\n\nFor students enrolled in the Jan intake : By 1 Aug (of the same year)\n\n**TAC Meetings are to be carried out at least once in 6 months, followed by the submission of the TAC Report to NGS**\n\nBy end of Sem 1 (Aug) : 1 Dec\n\nBy end of Sem 2 (Jan) : 1 Jul\n\nStudents who not formalize their Supervisor and TAC by the given deadline, will have their stipend for the following month suspended.\n\nStudents should alert NGS in advance if they have or foresee any problems with their nominations\n\n---\n\n### Thesis Advisory Committee (TAC)\n\nThe Thesis Advisory Committee must be formed within 2 months after the student has confirmed his/her supervisor. For students enrolled in the Aug intake, it is 01 Mar (of the following year); For students in the Jan intake, it is 01 Aug of the same year.\n\n---\n\n### Composition of TAC\n\n1. The TAC should consist of the supervisor, co-supervisor (if any) and at least two other non-supervisory members (capped at 5 persons in the TAC).\n\n   The possible compositions of a TAC are listed in the table below.\n\n| Main Supervisor | Co-supervisor (1) | Co-supervisor (2) | Non-supervisory member (1) | Non-supervisory member 2 | Total no. in the TAC |\n|---|---|---|---|---|---|\n| 1    | -    | -    | 1    | 1    | 3    |\n| 1    | 1    | -    | 1    | 1    | 4    |\n| 1    | 1    | 1    | 1    | 1    | 5    |\n\n2. At least one member of the TAC should be from a different Faculty/School to that of the student/supervisor.\n3. Both the supervisor and student are jointly responsible for the timely formation of the TAC.\n4. No-one directly involved in supervising the student shall act as the Chair of the TAC. ISEP would review and appoint the nominee. The Chair should be appointed before the first form"
    },
    "14": {
      "summary": "0\n\n:\n\na. If the supervisor is from an RI, there must be at least one TAC member from NUS.\n\nb. If the supervisor is from NUS, there must be at least one TAC member from an RI.\n\nc. At least one member (ideally two) must not be directly involved in the supervision of the students.\n\nd. Joint Supervision of students between NUS staff and RIs is encouraged but is not mandatory.\n\nRoles of TAC\n\n1. The TAC is responsible for monitoring the student’s progress.\n\n2. The student should meet with the Thesis Advisory Committee (TAC) at least once every 6 months or once every semester. There should be a minimum of 2 TAC meetings prior to the PQE, and there should be a final meeting no later than 3 months prior to the submission of the thesis.\n\n3. The student or Chair of the TAC may call for the TAC meetings on a regular basis as indicated in (2) above, but meetings may be held more frequently if the student is known to be having problems.\n\n4. It is strongly advisable to have all TAC members, including supervisor and co-supervisor (if applicable) present at all TAC meetings. If this is not possible, at least two-thirds of the TAC members must be present per meeting. The student must seek input from those absent after the meeting at their earliest availability, with the supplementary meetings duly documented.\n\n5. The Chair of the TAC has to complete an Online TAC Report Form after the meeting. Note that the form (Click HERE) is only accessible to the Chair of the TAC. Therefore, ONLY the Chair of the TAC may access the form, to fill and submit it.\n\nNote: The Chair of the TAC may have up to 2 weeks (from the date of the TAC Meeting) to complete the submission of the form.\n\n6. The Chair of the TAC should communicate the discussion and comments of the meeting to the student. To do that, the Chair of the TAC can download a PDF copy of the TAC Report and email it to the student for his/her reference.\n\n7. The outcome of the meetings may be incorporated into the student's 6-monthly online p"
    },
    "15": {
      "summary": "1. A detailed written report of up to 30 pages prefaced by a 1-paged abstract, which includes tables, figures, references etc.\n\nThe report should describe:\n\n- The general field of study, and the specific focus.\n- A comprehensive literature review.\n- Preliminary results.\n- Development of a rationale and/or research plan; experimental design.\n- Expected final outcome.\n\nNote:\n1. The report should be presented with 1.5-line spacing, Times New Roman, font size 12.\n\n* Primary focus of the report should emphasize on the student's research work. The above are intended to be general guidelines. Supervisors are responsible for guiding their students on the format and scientific / technical content of the detailed written report.\n\n2. An oral presentation (which includes an oral defence).\n\n3. Copies of any manuscript(s) submitted, accepted or published.\n\nCoursework and CAP\n\nCoursework: Completed at least 16 MCs, AND\nCAP: minimum CAP of 3.80.\n\nNote: Prior to taking PQE, student should not do more than 8 MCs per semester.\n\nStudent with low CAP (between 3.50 to 3.79) but with a good first authored publication may apply to ISEP for consideration to take his/her PQE. ISEP will consider each appeal on a case-by-case basis. Student who is allowed to take his/her PQE will still be subject to the stipulated reduction of research scholarship and suspension of educational allowances (even if he/she has passed the PQE, which is considered as a provisional pass) until his/her CAP recovers to 3.80).\n\nPenalty:\nStudent who do not complete his/her PQE by the 24th month.\n\nStudent who does not complete his/her PQE by the 24th month AND CAP is below 3.50.\n\n1. Monthly research scholarship (RS) stipend will be reduced by $500.\n\n2. Educational allowances will be suspended.\n\nNote: ISEP will only reinstate both the RS and EA after the students has completed and passed the PQE.\n\n3. RS and candidature will be terminated."
    },
    "16": {
      "summary": "1. A detailed written report of up to 30 pages prefaced by a 1-paged abstract, which includes tables, figures, references etc.\n\nThe report should describe:\n\n- The general field of study, and the specific focus.\n- A comprehensive literature review.\n- Preliminary results.\n- Development of a rationale and/or research plan; experimental design.\n- Expected final outcome.\n\nNote:\n- The report should be presented with 1.5 line spacing, Times New Roman, font size 12.\n\n* Primary focus of the report should emphasize on the student's research work. The above are intended to be general guidelines. Supervisors are responsible for guiding their students on the format and scientific / technical content of the detailed written report.\n\n2. Copies of any manuscript(s) submitted, accepted or published.\n\nStudent\n\nTo schedule a suitable date and time for examination (oral presentation and oral defence) with supervisor and TAC members.\n\nNote:\n- Date and venue may be decided upon by the student, supervisor and TAC members.\n- ISEP does not need to be involved.\n\nTAC/Supervisor\n\nTo conduct the examination and recommend continuation / termination of candidature of the student. Reason(s) for recommending continuation/termination of candidature must be provided in the form.\n\nTo forward the completed PhD Qualifying Examination Form to the ISEP office no later than 1 week from the date of examination.\n\nNote: Student may submit the required documents to ISEP, on behalf of the TAC members. But it should be in a sealed envelope so that the student does not have access to the content of the PQE Examination Form.\n\nISEP\n\nReviews the comments and approves / disapproves continuation of Student's candidature. Student and TAC members will be notified through email on the outcome of the examination."
    },
    "17": {
      "summary": "0.5cm, line width=0.5mm\n\nPhD Thesis Examination\n\na) General Guidelines on Format of Thesis\n\nCandidates should refer to the University's Handouts for Thesis Examination (available at myPortal@NUS) for more information for general guidelines on format of thesis. Candidates who wish to apply for an extension of the word limit for their theses will have to seek approval from their supervisors and ISEP.\n\nPermission or license for reproduction must be obtained for any figures, captions or other materials taken from published or online sources, and such permissions/licenses should be explicit stated in the text in an appropriate format sanctioned by the copyright owner/publisher. The candidate should include, as far as possible, only his/her own work in the thesis. Work done by others could be included, with explicit acknowledgement, under the sections of Introduction, Discussion or Appendix, only if these aid logical flow of the writing and would facilitate a more wholesome understanding of the research. Presentation of work done by co-workers in the \"Results\" section should be avoided. However, if this is necessary, explicit acknowledgement should be made, and permissions to quote or reproduce results from co-workers should be obtained and clearly stated.\n\nCandidates whose thesis format is likely to significantly deviate from the above should seek the approval and support of the Thesis Advisory Committee, and consult the ISEP examination office. If the TAC is agreeable with the proposed format, candidates are to submit an appeal for the Board of Examiners' consideration, at least two months before the expected thesis submission.\n\nb) Deadline for Submission\n\nCandidates have to submit their theses for examination (after being approved by their supervisor(s) and Head of Department) by the maximum period of candidature or such date as stipulated by the supervisor(s) or the University, whichever date is earlier.\n\nApplication for extension of candidature is only applicable to "
    },
    "18": {
      "summary": "0\n\n**d) Thesis Check and Copyright Issues**\n\nStudents, who are submitting their PhD thesis, are strongly encouraged to put their drafts through the plagiarism check link at iThenticate.\n\nPlease note that all ISEP students are subscribed to the usage of this site. This site should be used strictly for checking of PhD thesis and PQE report drafts only, not term papers or other module assignments. The latter should be performed using their respective module links.\n\nStudents are also reminded to:\n\n1. check out all potential copyright issues in the thesis by ensuring that permissions for reproduction of all materials taken from others (be it personal communications or from public domains) have been obtained in writing.\n\n2. ensure that the source of any material(s) taken from others, reproduction permission aside, is explicitly acknowledged so that it would not constitute as plagiarism.\n\n**e) Procedures for First Submission of Thesis for Examination**\n\nCandidates have to log in to myEduRec (navigate to Academics > Graduate Research > Submit Thesis) once the thesis is ready for submission:\n\n- Complete the online Thesis Submission Form.\n- Upload a soft-copy (PDF format) of the thesis.\n- Prepare a printed soft-bound copy of the thesis and submit to ISEP if requested by the administrator.\n\n*** Note for Payment:**\n\nPlease refer to http://www.nus.edu.sg/registrar/edu/gd-fees.html for implications of outstanding fees.\n\nFor research scholars who have received excess Research Scholarship stipend and have yet to refund the excess, the University reserves the right to withhold student status letters, results slips or transcripts, status letters, thesis examination and the confirmation of the award of the degree.\n\n**Process of Thesis Examination**\n\n**Important**: Candidate should not, under any circumstances, communicate with any examiner on matters related to the thesis examination.\n\n**a) Nomination of Thesis Examiners**\n\nCandidates should maintain close contact with their superviso"
    },
    "19": {
      "summary": "0\n\n: 0\n\n: 0\n\n: 0\n\n: 0\n\n: 0\n\n: 0\n\n: 0\n\n: 0\n\n: 0\n\n: 0\n\n: 0\n\n: 0\n\n: 0\n\n: 0\n\n: 0\n\n: 0\n\n: 0\n\n: 0\n\n: 0\n\n: 0\n\n: 0\n\n: 0\n\n: 0\n\n: 0\n\n: 0\n\n: 0\n\n: 0\n\n: 0\n\n: 0\n\n: 0\n\n: 0\n\n: 0\n\n: 0\n\n: 0\n\n: 0\n\n: 0\n\n: 0\n\n: 0\n\n: 0\n\n: 0\n\n: 0\n\n: 0\n\n: 0\n\n: 0\n\n: 0\n\n: 0\n\n: 0\n\n: 0\n\n: 0\n\n: 0\n\n: 0\n\n: 0\n\n: 0\n\n: 0\n\n: 0\n\n: 0\n\n: 0\n\n: 0\n\n: 0\n\n: 0\n\n: 0\n\n: 0\n\n: 0\n\n: 0\n\n: 0\n\n: 0\n\n: 0\n\n: 0\n\n: 0\n\n: 0\n\n: 0\n\n: 0\n\n: 0\n\n: 0\n\n: 0\n\n: 0\n\n: 0\n\n: 0\n\n: 0\n\n: 0\n\n: 0\n\n: 0\n\n: 0\n\n: 0\n\n: 0\n\n: 0\n\n: 0\n\n: 0\n\n: 0\n\n: 0\n\n: 0\n\n: 0\n\n: 0\n\n: 0\n\n: 0\n\n: 0\n\n: 0\n\n: 0\n\n: 0\n\n: 0\n\n: 0\n\n: 0\n\n: 0\n\n: 0\n\n: 0\n\n: 0\n\n: 0\n\n: 0\n\n: 0\n\n: 0\n\n: 0\n\n: 0\n\n: 0\n\n: 0\n\n: 0\n\n: 0\n\n: 0\n\n: 0\n\n: 0\n\n: 0\n\n: 0\n\n: 0\n\n: 0\n\n: 0\n\n: 0\n\n: 0\n\n: 0\n\n: 0\n\n: 0\n\n: 0\n\n: 0\n\n: 0\n\n: 0\n\n: 0\n\n: 0\n\n: 0\n\n: 0\n\n: 0\n\n: 0\n\n: 0\n\n: 0\n\n: 0\n\n: 0\n\n: 0\n\n: 0\n\n: 0\n\n: 0\n\n: 0\n\n: 0\n\n: 0\n\n: 0\n\n: 0\n\n: 0\n\n: 0\n\n: 0\n\n: 0\n\n: 0\n\n: 0\n\n: 0\n\n: 0\n\n: 0\n\n: 0\n\n: 0\n\n: 0\n\n: 0\n\n: 0\n\n: 0\n\n: 0\n\n: 0\n\n: 0\n\n: 0\n\n: 0\n\n: 0\n\n: 0\n\n: 0\n\n: 0\n\n: 0\n\n: 0\n\n: 0\n\n: 0\n\n: 0\n\n: 0\n\n: 0\n\n: 0\n\n: 0\n\n: 0\n\n: 0\n\n: 0\n\n: 0\n\n: 0\n\n: 0\n\n: 0\n\n: 0\n\n: 0\n\n: 0\n\n: 0\n\n: 0\n\n: 0\n\n: 0\n\n: 0\n\n: 0\n\n: 0\n\n: 0\n\n: 0\n\n: 0\n\n: 0\n\n: 0\n\n: 0\n\n: 0\n\n: 0\n\n: 0\n\n: 0\n\n: 0\n\n: 0\n\n: 0\n\n: 0\n\n: 0\n\n: 0\n\n: 0\n\n: 0\n\n: 0\n\n: 0\n\n: 0\n\n: 0\n\n: 0\n\n: 0\n\n: 0\n\n: 0\n\n: 0\n\n: 0\n\n: 0\n\n: 0\n\n: 0\n\n: 0\n\n: 0\n\n: 0\n\n: 0\n\n: 0\n\n: 0\n\n: 0\n\n: 0\n\n: 0\n\n: 0\n\n: 0\n\n: 0\n\n: 0\n\n: 0\n\n: 0\n\n: 0\n\n: 0\n\n: 0\n\n: 0\n\n: 0\n\n: 0\n\n: 0\n\n: 0\n\n: 0\n\n: 0\n\n: 0\n\n: 0\n\n: 0\n\n: 0\n\n: 0\n\n: 0\n\n: 0\n\n: 0\n\n: 0\n\n: 0\n\n: 0\n\n: 0\n\n: 0\n\n: 0\n\n: 0\n\n: 0\n\n: 0\n\n: 0\n\n: 0\n\n: 0\n\n: 0\n\n: 0\n\n: 0\n\n: 0\n\n: 0\n\n: 0\n\n: 0\n\n: 0\n\n: 0\n\n: 0\n\n: 0\n\n: 0\n\n: 0\n\n: 0\n\n: 0\n\n: 0\n\n: 0\n\n: 0\n\n: 0\n\n: 0\n\n: 0\n\n: 0\n\n: 0\n\n: 0\n\n: 0\n\n: 0\n\n: 0\n\n: 0\n\n: 0\n\n: 0\n\n: 0\n\n: 0\n\n: 0\n\n: 0\n\n: 0\n\n: 0\n\n: 0\n\n: 0\n\n: 0\n\n: 0\n\n: 0\n\n: 0\n\n: 0\n\n: 0\n\n: 0\n\n: 0\n\n: 0\n\n: 0\n\n: 0\n\n: 0\n\n: 0\n\n: 0\n\n: 0\n\n: 0\n\n: 0\n\n: 0\n\n: 0\n\n: 0\n\n: 0\n\n: 0\n\n: 0\n\n: 0\n\n: 0\n\n: 0\n\n: 0\n\n: 0\n\n: 0\n\n: 0\n\n: 0\n\n: 0\n\n: 0\n\n: 0\n\n: 0\n\n: 0\n\n: 0\n\n: 0\n\n: 0\n\n: 0\n\n: 0\n\n: 0\n\n: 0\n\n: 0\n\n: 0\n\n: 0\n\n: 0\n\n: 0\n\n: 0\n\n: 0\n\n: 0\n\n: 0\n\n: 0\n\n: 0\n\n: 0\n\n: 0\n\n: 0\n\n: 0\n\n: 0\n\n: 0\n\n: 0\n\n: 0\n\n: 0\n\n: 0\n\n: 0\n\n: 0\n\n: 0\n\n: 0\n\n: 0\n\n: 0\n\n: 0\n\n: 0\n\n: 0\n\n: 0\n\n: 0\n\n: 0\n\n: 0\n\n: 0\n\n: 0\n\n: 0\n\n: 0\n\n: 0\n\n: 0\n\n: "
    },
    "20": {
      "summary": "0\n\nAfter the oral examination, the candidate will be informed by the Oral Panel of the outcome, on the amendments to the thesis and the person(s) to advise the candidate on the amendments, if applicable.\n\nPlease note that if major revisions to the thesis are required, the candidate may have to pay fees for 1 semester, even if the period granted to do the revision is less than six months. If the candidate is unable to complete the revisions in six months, s/he will be required to pay another semester's fees. The total revision period cannot exceed 12 months.\n\nAfter examination/re-examination, the following must be submitted to ISEP Office by the stipulated deadline:\n\n1. Report Form on Amended PhD Thesis (ISEP/F/016/07) duly signed and completed\n2. Detailed summary of amendments made (if applicable)\n3. Electronic Thesis / Dissertation Submission Form (RO/667) duly signed and completed\n4. Feedback on Research Guidance Form\n5. Updated list of publications\n\nThe final approved thesis must be uploaded electronically. (Please refer to guide - Instructions to Higher Degree (by Research) Students on Submission of Electronic Thesis.) The candidate will be notified via email when the system is open for a week for him/her to upload the thesis. The candidate is required to check and ensure that the uploaded thesis is the final, complete and correct version. The uploaded electronic thesis will be accepted without any further verification from the host department or supervisor(s). Therefore, the candidate must be responsible in ensuring that the correct version is uploaded onto the system.\n\nOne copy (in any form agreed with the supervisors) of the final approved thesis should be submitted to the supervisor(s).\n\nAward of Degree\n\nThe candidate will be considered for award of the degree by the Board of Graduate Studies if all minor/major revisions are incorporated in the thesis to the satisfaction of the supervisor(s) and the Oral Panel member (if applicable); and after the uploaded e"
    },
    "21": {
      "summary": "0.5cm, 0.5cm, 1.5cm, 2.5cm, 3.5cm, 4.5cm, 5.5cm, 6.5cm, 7.5cm, 8.5cm, 9.5cm, 10.5cm, 11.5cm, 12.5cm, 13.5cm, 14.5cm, 15.5cm, 16.5cm, 17.5cm, 18.5cm, 19.5cm, 20.5cm, 21.5cm, 22.5cm, 23.5cm, 24.5cm, 25.5cm, 26.5cm, 27.5cm, 28.5cm, 29.5cm, 30.5cm, 31.5cm, 32.5cm, 33.5cm, 34.5cm, 35.5cm, 36.5cm, 37.5cm, 38.5cm, 39.5cm, 40.5cm, 41.5cm, 42.5cm, 43.5cm, 44.5cm, 45.5cm, 46.5cm, 47.5cm, 48.5cm, 49.5cm, 50.5cm, 51.5cm, 52.5cm, 53.5cm, 54.5cm, 55.5cm, 56.5cm, 57.5cm, 58.5cm, 59.5cm, 60.5cm, 61.5cm, 62.5cm, 63.5cm, 64.5cm, 65.5cm, 66.5cm, 67.5cm, 68.5cm, 69.5cm, 70.5cm, 71.5cm, 72.5cm, 73.5cm, 74.5cm, 75.5cm, 76.5cm, 77.5cm, 78.5cm, 79.5cm, 80.5cm, 81.5cm, 82.5cm, 83.5cm, 84.5cm, 85.5cm, 86.5cm, 87.5cm, 88.5cm, 89.5cm, 90.5cm, 91.5cm, 92.5cm, 93.5cm, 94.5cm, 95.5cm, 96.5cm, 97.5cm, 98.5cm, 99.5cm, 100.5cm, 101.5cm, 102.5cm, 103.5cm, 104.5cm, 105.5cm, 106.5cm, 107.5cm, 108.5cm, 109.5cm, 110.5cm, 111.5cm, 112.5cm, 113.5cm, 114.5cm, 115.5cm, 116.5cm, 117.5cm, 118.5cm, 119.5cm, 120.5cm, 121.5cm, 122.5cm, 123.5cm, 124.5cm, 125.5cm, 126.5cm, 127.5cm, 128.5cm, 129.5cm, 130.5cm, 131.5cm, 132.5cm, 133.5cm, 134.5cm, 135.5cm, 136.5cm, 137.5cm, 138.5cm, 139.5cm, 140.5cm, 141.5cm, 142.5cm, 143.5cm, 144.5cm, 145.5cm, 146.5cm, 147.5cm, 148.5cm, 149.5cm, 150.5cm, 151.5cm, 152.5cm, 153.5cm, 154.5cm, 155.5cm, 156.5cm, 157.5cm, 158.5cm, 159.5cm, 160.5cm, 161.5cm, 162.5cm, 163.5cm, 164.5cm, 165.5cm, 166.5cm, 167.5cm, 168.5cm, 169.5cm, 170.5cm, 171.5cm, 172.5cm, 173.5cm, 174.5cm, 175.5cm, 176.5cm, 177.5cm, 178.5cm, 179.5cm, 180.5cm, 181.5cm, 182.5cm, 183.5cm, 184.5cm, 185.5cm, 186.5cm, 187.5cm, 188.5cm, 189.5cm, 190.5cm, 191.5cm, 192.5cm, 193.5cm, 194.5cm, 195.5cm, 196.5cm, 197.5cm, 198.5cm, 199.5cm, 200.5cm, 201.5cm, 202.5cm, 203.5cm, 204.5cm, 205.5cm, 206.5cm, 207.5cm, 208.5cm, 209.5cm, 210.5cm, 211.5cm, 212.5cm, 213.5cm, 214.5cm, 215.5cm, 216.5cm, 217.5cm, 218.5cm, 219.5cm, 220.5cm, 221.5cm, 222.5cm, 223.5cm, 224.5cm, 225.5cm, 226.5cm, 227.5cm, 228.5cm, 229.5cm, 230.5cm, 231.5cm, 232.5cm, 233.5c"
    },
    "22": {
      "summary": "1\n\nISEP Compulsory Modules\n\n| Module Code | Module                                                                 | MCs |\n|-------------|----------------------------------------------------------------------|-----|\n| GS5002       | Academic Professional Skills and Techniques                              | 4   |\n| GS6001       | Research Ethics and Scientific Integrity                               | 2   |\n| GS6883A      | Interface Sciences and Engineering                                     | 2   |\n| GS5101       | Research Immersion Module                                             | 2   |\n\nGS5002 (Academic Professional skills and Techniques), 4 MCs\n\nThe module equips students with the academic know-how to succeed in graduate school. Students shall be introduced to the school's academic structure, aspirations and expectations, with advice from faculty research directors and prominent ISEP alumni in a workshop. Students shall be coached on their academic writing and presentation skills. They shall engage in in-depth research discussions and learn how to conduct a scientific dialogue, and to make impressive presentations at meetings and conference. Students shall be lectured by university experts on the process of scientific publication, as well as to intellectual property and patent issues. The within-discipline and cross-discipline journal club components shall provide intense training in scientific assessment and critique on topics within and outside a student's original discipline, at an advanced level with instructors and peers in a small group setting.\n\nGS6001 (Research Ethics and Scientific Integrity)\n4 MCs (module taken prior to AY2021/2022 Sem 2) or 2 MCs (module taken in AY2021/2022 Sem 2)\n\nThe module covers issues that any graduate student in science and engineering shall face at some point during their PhD candidature and in their subsequent academic careers. Through lectures, discussions and presentations, students shall ponder on and analyse ethical "
    },
    "23": {
      "summary": "2 (MCs, CS/CU)\n(ONLY for SCELSE/IDS/MBI students)\n\nThe module equips students with the academic know-how to succeed in graduate school. Students shall be coached by university experts on their academic writing and presentation skills and receive guidance on the process of scientific publication, as well as to intellectual property and patent issues. Students shall participate in a two-day ethics workshop, where they will analyze ethical issues and dilemmas associated with mentoring, authorship, conflicts of interest and dealing with ethically sensitive research subjects.\n\nAnnex 2\n\nFlowchart for Performance Review:\n\nCAP below 3.80\nFirst time: Warning letter\nRead at least 1 module\nCAP below 3.80?\nYes\nSecond time:\na) Warning letter\nb) Suspend educational allowances (EA)\nNo\nRead at least 1 module\nCAP below 3.80?\nYes\nThird time:\na) Warning letter\nb) Continue to suspend EA\nc) Students with:\nCAP between 3.50 – 3.79\n(reduction of research scholarship (RS) stipend to faculty level, until CAP recovers/research performance is excellent)\nCAP below 3.50\n(advise to withdraw; termination of RS and candidature)"
    },
    "24": {
      "summary": " NUS \nNational University of Singapore\n\nIntegrative Sciences & Engineering Programme\n\nIntegrative Sciences & Engineering Programme\nUniversity Hall, #05-03,\nTan Chin Tuan Wing Level 5,\n21 Lower Kent Ridge Road,\nSingapore 119077"
    }
  }
}
