{
  "doc_id": "measuringsuccessonfacebooktwitterlinkedin-160317142140_95.pdf",
  "pages": {
    "1": {
      "summary": " Measuring Success on Facebook, Twitter & LinkedIn\n\nClass 3: New York University Social Media Analytics I\n\nNYU\n\n@BrianHonigman"
    },
    "2": {
      "summary": " Steps for Measurement on Any Social Channel\n\n@BrianHonigman"
    },
    "3": {
      "summary": "0\n\n\nIdentify the Audience\n\n@BrianHonigman"
    },
    "4": {
      "summary": "0\n\nPhotos Video Text GIFs Audio Links @BrianHonigman"
    },
    "5": {
      "summary": "0\n\n\nUnderstand Your Goals\n\n@BrianHonigman"
    },
    "6": {
      "summary": "1\n\n: 2\n\n: 3\n\n: 4\n\n: 5\n\n: 6\n\n: 7\n\n: 8\n\n: 9\n\n: 10\n\n\n@BrianHonigman"
    },
    "7": {
      "summary": " Tools for Channel Measurement\n\n@BrianHonigman"
    },
    "8": {
      "summary": "0x0"
    },
    "9": {
      "summary": "0x0"
    },
    "10": {
      "summary": "40\n\n30\n\n20\n\n10\n\n\n\n\nAge 18-24 Age 25-34 Age 35-44 Age 45-54 Age 55-64 Age 65+\n\n**32.1**\n\n**25.2**\n\n**22.5**\n\n**17.1**\n\n**10.6**\n\n\n**Facebook's Audience**\n\n\n**26.2**\n\n\n**Source: eMarketer**"
    },
    "11": {
      "summary": "9 hrs\n\nKa ir bút skeiterim ar obsesīvi-komputāvnie traucējumiem? Adriena Bularda stāsts http://win.gs/22jKGAlW\n\nSee Translation\n\nWhat Animal Is Most Like You?\nIs your vibe more hippo or koala?\n\nNEWS.NATIONALGEOGRAPHIC.COM\n\nLike Comment Share Buffer\n\n11 Top Comments*\n\n2 shares\n\n250 shares\n\n72 comments\n\n@BrianHonigman"
    },
    "12": {
      "summary": " Social Litmus Test:\nDoes Your Goal Work Here?"
    },
    "13": {
      "summary": "0\n\n**Facebook Metrics**\n\n| **Pages Likes** | **Post Reach** | **Engagement:** Reactions, Shares, Comments |\n|---|---|---|\n| Post Clicks | Hide, Report as Spam, Unlikes | Post Types |\n| Video Views | 30-Second Views++ | FB Referral Traffic |\n\n@BrianHonigman"
    },
    "14": {
      "summary": " Facebook Insights\n\n:  Sumall\n\n:  Agora Pulse\n\n@BrianHonigman"
    },
    "15": {
      "summary": "2013\n\n| All internet users | 18% | 23%* |\n|------------------|-----|-------|\n| Men              | 17  | 24*  |\n| Women            | 18  | 21   |\n| White, Non-Hispanic | 16  | 21 * |\n| Black, Non-Hispanic | 29  | 27   |\n| Hispanic        | 16  | 25   |\n| 18-29           | 31  | 37   |\n| 30-49           | 19  | 25   |\n| 50-64           | 9   | 12   |\n| 65+             | 5   | 10*  |\n| High school grad or less | 17  | 16   |\n| Some college    | 18  | 24   |\n| College+ (n=685) | 18  | 30*  |\n| Less than $30,000/yr | 17  | 20   |\n| $30,000-$49,999 | 18  | 21   |\n| $50,000-$74,999 | 15  | 27*  |\n| $75,000+         | 19  | 27*  |\n| Urban           | 18  | 25*  |\n| Suburban        | 19  | 23   |\n| Rural           | 11  | 17   |\n\nTwitter's Audience\n\nSource: Pew Research Center's Internet Project September Combined Omnibus Survey, September 11-14 & September 18-21, 2014. N=1,597 internet users ages 18+. The margin of error for all internet users is +/- 2.9 percentage points. 2013 data from Pew Internet August Tracking Survey, August 07 - September 16, 2013, n= 1,445 internet users ages 18+.\n\nNote: Percentages marked with an asterisk (*) represent a significant change from 2013. Results are significant at the 95% confidence level using an independent z-test.\n\nPEW RESEARCH CENTER\n\n@BrianHonigman"
    },
    "16": {
      "summary": "9\n\n\n: 3\n\n\n: 3\n\n\nTarget @Target - Mar 9\n\nHome is where the WiFi connects automatically. 😂 #WednesdayWisdom\n\nMaddie Irish @maddie_irish\n\nyou could be anywhere in the country and always feel like you're at home in @Target 😁\n\n53    185"
    },
    "17": {
      "summary": " Social Litmus Test:\nDoes Your Goal Work Here?"
    },
    "18": {
      "summary": "0.5\n\nTwitter Metrics\n\nFollowers\n\nTweet Reach\n\nEngagement:\nMentions, Retweets, Likes\n\nTweet Clicks\n\nEngagement Rate\n\nTop Tweet, Top Mention, Top Follower, Top Media Tweet\n\nVideo Views\n\nCompletion Rate\n\nTwitter Referral Traffic\n\n@BrianHonigman"
    },
    "19": {
      "summary": " Twitter Analytics\n\n:  Followerwonk\n\n:  Buffer\n\n:  TweetReach"
    },
    "20": {
      "summary": "28% MEN\n\n: 27% WOMEN\n\n: 23%\n\n: 31%\n\n: 30%\n\n: 21%\n\n: 14%\n\n: 32%\n\n: 29%\n\n: 44%\n\n: $75K\n\n: $50K-$75K\n\n: $30K-$49K\n\n: $30K\n\n: $15K\n\n: <$30K\n\n: 50%\n\n: COLLEGE GRADUATE\n\n: 22%\n\n: SOME COLLEGE\n\n: 12%\n\n: HIGH SCHOOL OR LESS\n\n: 51%\n\n: 29%\n\n: 31%\n\n: 27%\n\n: 24%\n\n: 21%\n\n: 15%\n\n: <$30K\n\n: 50%\n\n: COLLEGE GRADUATE\n\n: 22%\n\n: SOME COLLEGE\n\n: 12%\n\n: HIGH SCHOOL OR LESS\n\n: 51%\n\n: 29%\n\n: 31%\n\n: 27%\n\n: 24%\n\n: 21%\n\n: 15%\n\n: <$30K\n\n: 50%\n\n: COLLEGE GRADUATE\n\n: 22%\n\n: SOME COLLEGE\n\n: 12%\n\n: HIGH SCHOOL OR LESS\n\n: 51%\n\n: 29%\n\n: 31%\n\n: 27%\n\n: 24%\n\n: 21%\n\n: 15%\n\n: <$30K\n\n: 50%\n\n: COLLEGE GRADUATE\n\n: 22%\n\n: SOME COLLEGE\n\n: 12%\n\n: HIGH SCHOOL OR LESS\n\n: 51%\n\n: 29%\n\n: 31%\n\n: 27%\n\n: 24%\n\n: 21%\n\n: 15%\n\n: <$30K\n\n: 50%\n\n: COLLEGE GRADUATE\n\n: 22%\n\n: SOME COLLEGE\n\n: 12%\n\n: HIGH SCHOOL OR LESS\n\n: 51%\n\n: 29%\n\n: 31%\n\n: 27%\n\n: 24%\n\n: 21%\n\n: 15%\n\n: <$30K\n\n: 50%\n\n: COLLEGE GRADUATE\n\n: 22%\n\n: SOME COLLEGE\n\n: 12%\n\n: HIGH SCHOOL OR LESS\n\n: 51%\n\n: 29%\n\n: 31%\n\n: 27%\n\n: 24%\n\n: 21%\n\n: 15%\n\n: <$30K\n\n: 50%\n\n: COLLEGE GRADUATE\n\n: 22%\n\n: SOME COLLEGE\n\n: 12%\n\n: HIGH SCHOOL OR LESS\n\n: 51%\n\n: 29%\n\n: 31%\n\n: 27%\n\n: 24%\n\n: 21%\n\n: 15%\n\n: <$30K\n\n: 50%\n\n: COLLEGE GRADUATE\n\n: 22%\n\n: SOME COLLEGE\n\n: 12%\n\n: HIGH SCHOOL OR LESS\n\n: 51%\n\n: 29%\n\n: 31%\n\n: 27%\n\n: 24%\n\n: 21%\n\n: 15%\n\n: <$30K\n\n: 50%\n\n: COLLEGE GRADUATE\n\n: 22%\n\n: SOME COLLEGE\n\n: 12%\n\n: HIGH SCHOOL OR LESS\n\n: 51%\n\n: 29%\n\n: 31%\n\n: 27%\n\n: 24%\n\n: 21%\n\n: 15%\n\n: <$30K\n\n: 50%\n\n: COLLEGE GRADUATE\n\n: 22%\n\n: SOME COLLEGE\n\n: 12%\n\n: HIGH SCHOOL OR LESS\n\n: 51%\n\n: 29%\n\n: 31%\n\n: 27%\n\n: 24%\n\n: 21%\n\n: 15%\n\n: <$30K\n\n: 50%\n\n: COLLEGE GRADUATE\n\n: 22%\n\n: SOME COLLEGE\n\n: 12%\n\n: HIGH SCHOOL OR LESS\n\n: 51%\n\n: 29%\n\n: 31%\n\n: 27%\n\n: 24%\n\n: 21%\n\n: 15%\n\n: <$30K\n\n: 50%\n\n: COLLEGE GRADUATE\n\n: 22%\n\n: SOME COLLEGE\n\n: 12%\n\n: HIGH SCHOOL OR LESS\n\n: 51%\n\n: 29%\n\n: 31%\n\n: 27%\n\n: 24%\n\n: 21%\n\n: 15%\n\n: <$30K\n\n: 50%\n\n: COLLEGE GRADUATE\n\n: 22%\n\n: SOME COLLEGE\n\n: 12%\n\n: HIGH SCHOOL OR LESS\n\n: 51%\n\n: 29%\n\n: 31%\n\n: 27%\n\n: 24%\n\n: 21%\n\n: 15%\n\n: <$30K\n\n: 50%\n\n: COLLEGE GRADUATE\n\n: 22%\n\n: SOME COLLEGE\n\n: 12%\n\n: HIGH SCHOO"
    },
    "21": {
      "summary": "1\n\n: 1\n\n: 1\n\n: 1\n\n: 1\n\n: 1\n\n: 1\n\n: 1\n\n: 1\n\n: 1\n\n: 1\n\n: 1\n\n: 1\n\n: 1\n\n: 1\n\n: 1\n\n: 1\n\n: 1\n\n: 1\n\n: 1\n\n: 1\n\n: 1\n\n: 1\n\n: 1\n\n: 1\n\n: 1\n\n: 1\n\n: 1\n\n: 1\n\n: 1\n\n: 1\n\n: 1\n\n: 1\n\n: 1\n\n: 1\n\n: 1\n\n: 1\n\n: 1\n\n: 1\n\n: 1\n\n: 1\n\n: 1\n\n: 1\n\n: 1\n\n: 1\n\n: 1\n\n: 1\n\n: 1\n\n: 1\n\n: 1\n\n: 1\n\n: 1\n\n: 1\n\n: 1\n\n: 1\n\n: 1\n\n: 1\n\n: 1\n\n: 1\n\n: 1\n\n: 1\n\n: 1\n\n: 1\n\n: 1\n\n: 1\n\n: 1\n\n: 1\n\n: 1\n\n: 1\n\n: 1\n\n: 1\n\n: 1\n\n: 1\n\n: 1\n\n: 1\n\n: 1\n\n: 1\n\n: 1\n\n: 1\n\n: 1\n\n: 1\n\n: 1\n\n: 1\n\n: 1\n\n: 1\n\n: 1\n\n: 1\n\n: 1\n\n: 1\n\n: 1\n\n: 1\n\n: 1\n\n: 1\n\n: 1\n\n: 1\n\n: 1\n\n: 1\n\n: 1\n\n: 1\n\n: 1\n\n: 1\n\n: 1\n\n: 1\n\n: 1\n\n: 1\n\n: 1\n\n: 1\n\n: 1\n\n: 1\n\n: 1\n\n: 1\n\n: 1\n\n: 1\n\n: 1\n\n: 1\n\n: 1\n\n: 1\n\n: 1\n\n: 1\n\n: 1\n\n: 1\n\n: 1\n\n: 1\n\n: 1\n\n: 1\n\n: 1\n\n: 1\n\n: 1\n\n: 1\n\n: 1\n\n: 1\n\n: 1\n\n: 1\n\n: 1\n\n: 1\n\n: 1\n\n: 1\n\n: 1\n\n: 1\n\n: 1\n\n: 1\n\n: 1\n\n: 1\n\n: 1\n\n: 1\n\n: 1\n\n: 1\n\n: 1\n\n: 1\n\n: 1\n\n: 1\n\n: 1\n\n: 1\n\n: 1\n\n: 1\n\n: 1\n\n: 1\n\n: 1\n\n: 1\n\n: 1\n\n: 1\n\n: 1\n\n: 1\n\n: 1\n\n: 1\n\n: 1\n\n: 1\n\n: 1\n\n: 1\n\n: 1\n\n: 1\n\n: 1\n\n: 1\n\n: 1\n\n: 1\n\n: 1\n\n: 1\n\n: 1\n\n: 1\n\n: 1\n\n: 1\n\n: 1\n\n: 1\n\n: 1\n\n: 1\n\n: 1\n\n: 1\n\n: 1\n\n: 1\n\n: 1\n\n: 1\n\n: 1\n\n: 1\n\n: 1\n\n: 1\n\n: 1\n\n: 1\n\n: 1\n\n: 1\n\n: 1\n\n: 1\n\n: 1\n\n: 1\n\n: 1\n\n: 1\n\n: 1\n\n: 1\n\n: 1\n\n: 1\n\n: 1\n\n: 1\n\n: 1\n\n: 1\n\n: 1\n\n: 1\n\n: 1\n\n: 1\n\n: 1\n\n: 1\n\n: 1\n\n: 1\n\n: 1\n\n: 1\n\n: 1\n\n: 1\n\n: 1\n\n: 1\n\n: 1\n\n: 1\n\n: 1\n\n: 1\n\n: 1\n\n: 1\n\n: 1\n\n: 1\n\n: 1\n\n: 1\n\n: 1\n\n: 1\n\n: 1\n\n: 1\n\n: 1\n\n: 1\n\n: 1\n\n: 1\n\n: 1\n\n: 1\n\n: 1\n\n: 1\n\n: 1\n\n: 1\n\n: 1\n\n: 1\n\n: 1\n\n: 1\n\n: 1\n\n: 1\n\n: 1\n\n: 1\n\n: 1\n\n: 1\n\n: 1\n\n: 1\n\n: 1\n\n: 1\n\n: 1\n\n: 1\n\n: 1\n\n: 1\n\n: 1\n\n: 1\n\n: 1\n\n: 1\n\n: 1\n\n: 1\n\n: 1\n\n: 1\n\n: 1\n\n: 1\n\n: 1\n\n: 1\n\n: 1\n\n: 1\n\n: 1\n\n: 1\n\n: 1\n\n: 1\n\n: 1\n\n: 1\n\n: 1\n\n: 1\n\n: 1\n\n: 1\n\n: 1\n\n: 1\n\n: 1\n\n: 1\n\n: 1\n\n: 1\n\n: 1\n\n: 1\n\n: 1\n\n: 1\n\n: 1\n\n: 1\n\n: 1\n\n: 1\n\n: 1\n\n: 1\n\n: 1\n\n: 1\n\n: 1\n\n: 1\n\n: 1\n\n: 1\n\n: 1\n\n: 1\n\n: 1\n\n: 1\n\n: 1\n\n: 1\n\n: 1\n\n: 1\n\n: 1\n\n: 1\n\n: 1\n\n: 1\n\n: 1\n\n: 1\n\n: 1\n\n: 1\n\n: 1\n\n: 1\n\n: 1\n\n: 1\n\n: 1\n\n: 1\n\n: 1\n\n: 1\n\n: 1\n\n: 1\n\n: 1\n\n: 1\n\n: 1\n\n: 1\n\n: 1\n\n: 1\n\n: 1\n\n: 1\n\n: 1\n\n: 1\n\n: 1\n\n: 1\n\n: 1\n\n: 1\n\n: 1\n\n: 1\n\n: 1\n\n: 1\n\n: 1\n\n: 1\n\n: 1\n\n: 1\n\n: 1\n\n: 1\n\n: 1\n\n: 1\n\n: 1\n\n: 1\n\n: 1\n\n: 1\n\n: 1\n\n: 1\n\n: 1\n\n: 1\n\n: 1\n\n: 1\n\n: 1\n\n: 1\n\n: 1\n\n: 1\n\n: 1\n\n: 1\n\n: 1\n\n: 1\n\n: 1\n\n: 1\n\n: 1\n\n: 1\n\n: 1\n\n: 1\n\n: 1\n\n: 1\n\n: 1\n\n: 1\n\n: 1\n\n: 1\n\n: 1\n\n: 1\n\n: 1\n\n: "
    },
    "22": {
      "summary": " Social Litmus Test:\nDoes Your Goal Work Here?"
    },
    "23": {
      "summary": "0\n\nFollowers Impressions Shares, Comments, Followers Acquired\n\n\n: 0\n\nUpdate Clicks Referral Traffic Post Types\n\n\n: 0\n\nPage Views, Engagement Follower Demographics\n\n\n: 0\n\nUnique Visitors Rate Demographics"
    },
    "24": {
      "summary": "0\n\n: 0\n\n: 0\n\n: 0\n\n: 0\n\n: 0\n\n: 0\n\n: 0\n\n: 0\n\n: 0\n\n: 0\n\n: 0\n\n: 0\n\n: 0\n\n: 0\n\n: 0\n\n: 0\n\n: 0\n\n: 0\n\n: 0\n\n: 0\n\n: 0\n\n: 0\n\n: 0\n\n: 0\n\n: 0\n\n: 0\n\n: 0\n\n: 0\n\n: 0\n\n: 0\n\n: 0\n\n: 0\n\n: 0\n\n: 0\n\n: 0\n\n: 0\n\n: 0\n\n: 0\n\n: 0\n\n: 0\n\n: 0\n\n: 0\n\n: 0\n\n: 0\n\n: 0\n\n: 0\n\n: 0\n\n: 0\n\n: 0\n\n: 0\n\n: 0\n\n: 0\n\n: 0\n\n: 0\n\n: 0\n\n: 0\n\n: 0\n\n: 0\n\n: 0\n\n: 0\n\n: 0\n\n: 0\n\n: 0\n\n: 0\n\n: 0\n\n: 0\n\n: 0\n\n: 0\n\n: 0\n\n: 0\n\n: 0\n\n: 0\n\n: 0\n\n: 0\n\n: 0\n\n: 0\n\n: 0\n\n: 0\n\n: 0\n\n: 0\n\n: 0\n\n: 0\n\n: 0\n\n: 0\n\n: 0\n\n: 0\n\n: 0\n\n: 0\n\n: 0\n\n: 0\n\n: 0\n\n: 0\n\n: 0\n\n: 0\n\n: 0\n\n: 0\n\n: 0\n\n: 0\n\n: 0\n\n: 0\n\n: 0\n\n: 0\n\n: 0\n\n: 0\n\n: 0\n\n: 0\n\n: 0\n\n: 0\n\n: 0\n\n: 0\n\n: 0\n\n: 0\n\n: 0\n\n: 0\n\n: 0\n\n: 0\n\n: 0\n\n: 0\n\n: 0\n\n: 0\n\n: 0\n\n: 0\n\n: 0\n\n: 0\n\n: 0\n\n: 0\n\n: 0\n\n: 0\n\n: 0\n\n: 0\n\n: 0\n\n: 0\n\n: 0\n\n: 0\n\n: 0\n\n: 0\n\n: 0\n\n: 0\n\n: 0\n\n: 0\n\n: 0\n\n: 0\n\n: 0\n\n: 0\n\n: 0\n\n: 0\n\n: 0\n\n: 0\n\n: 0\n\n: 0\n\n: 0\n\n: 0\n\n: 0\n\n: 0\n\n: 0\n\n: 0\n\n: 0\n\n: 0\n\n: 0\n\n: 0\n\n: 0\n\n: 0\n\n: 0\n\n: 0\n\n: 0\n\n: 0\n\n: 0\n\n: 0\n\n: 0\n\n: 0\n\n: 0\n\n: 0\n\n: 0\n\n: 0\n\n: 0\n\n: 0\n\n: 0\n\n: 0\n\n: 0\n\n: 0\n\n: 0\n\n: 0\n\n: 0\n\n: 0\n\n: 0\n\n: 0\n\n: 0\n\n: 0\n\n: 0\n\n: 0\n\n: 0\n\n: 0\n\n: 0\n\n: 0\n\n: 0\n\n: 0\n\n: 0\n\n: 0\n\n: 0\n\n: 0\n\n: 0\n\n: 0\n\n: 0\n\n: 0\n\n: 0\n\n: 0\n\n: 0\n\n: 0\n\n: 0\n\n: 0\n\n: 0\n\n: 0\n\n: 0\n\n: 0\n\n: 0\n\n: 0\n\n: 0\n\n: 0\n\n: 0\n\n: 0\n\n: 0\n\n: 0\n\n: 0\n\n: 0\n\n: 0\n\n: 0\n\n: 0\n\n: 0\n\n: 0\n\n: 0\n\n: 0\n\n: 0\n\n: 0\n\n: 0\n\n: 0\n\n: 0\n\n: 0\n\n: 0\n\n: 0\n\n: 0\n\n: 0\n\n: 0\n\n: 0\n\n: 0\n\n: 0\n\n: 0\n\n: 0\n\n: 0\n\n: 0\n\n: 0\n\n: 0\n\n: 0\n\n: 0\n\n: 0\n\n: 0\n\n: 0\n\n: 0\n\n: 0\n\n: 0\n\n: 0\n\n: 0\n\n: 0\n\n: 0\n\n: 0\n\n: 0\n\n: 0\n\n: 0\n\n: 0\n\n: 0\n\n: 0\n\n: 0\n\n: 0\n\n: 0\n\n: 0\n\n: 0\n\n: 0\n\n: 0\n\n: 0\n\n: 0\n\n: 0\n\n: 0\n\n: 0\n\n: 0\n\n: 0\n\n: 0\n\n: 0\n\n: 0\n\n: 0\n\n: 0\n\n: 0\n\n: 0\n\n: 0\n\n: 0\n\n: 0\n\n: 0\n\n: 0\n\n: 0\n\n: 0\n\n: 0\n\n: 0\n\n: 0\n\n: 0\n\n: 0\n\n: 0\n\n: 0\n\n: 0\n\n: 0\n\n: 0\n\n: 0\n\n: 0\n\n: 0\n\n: 0\n\n: 0\n\n: 0\n\n: 0\n\n: 0\n\n: 0\n\n: 0\n\n: 0\n\n: 0\n\n: 0\n\n: 0\n\n: 0\n\n: 0\n\n: 0\n\n: 0\n\n: 0\n\n: 0\n\n: 0\n\n: 0\n\n: 0\n\n: 0\n\n: 0\n\n: 0\n\n: 0\n\n: 0\n\n: 0\n\n: 0\n\n: 0\n\n: 0\n\n: 0\n\n: 0\n\n: 0\n\n: 0\n\n: 0\n\n: 0\n\n: 0\n\n: 0\n\n: 0\n\n: 0\n\n: 0\n\n: 0\n\n: 0\n\n: 0\n\n: 0\n\n: 0\n\n: 0\n\n: 0\n\n: 0\n\n: 0\n\n: 0\n\n: 0\n\n: 0\n\n: 0\n\n: 0\n\n: 0\n\n: 0\n\n: 0\n\n: 0\n\n: 0\n\n: 0\n\n: 0\n\n: 0\n\n: 0\n\n: 0\n\n: 0\n\n: 0\n\n: 0\n\n: 0\n\n: 0\n\n: 0\n\n: 0\n\n: 0\n\n: 0\n\n: 0\n\n: 0\n\n: 0\n\n: 0\n\n: 0\n\n: 0\n\n: 0\n\n: 0\n\n: 0\n\n: 0\n\n: 0\n\n: 0\n\n: 0\n\n: 0\n\n: 0\n\n: "
    },
    "25": {
      "summary": " Questions!?\n\n@BrianHonigman"
    }
  }
}
