{
  "doc_id": "NUS-Business-School-BBA-Brochure-2024.pdf",
  "pages": {
    "1": {
      "summary": " EMBAK ON  \nYOUR JOURNEY WITH  \nNUS BUSINESS SCHOOL  \nBACHELOR OF BUSINESS ADMINISTRATION  \n\nBe AGILE, Be YOU"
    },
    "2": {
      "summary": "01\nYou Deserve The Best\n\n02\nAn Agile Experience\n\n03\nCurriculum Roadmap\n\n05\nNine Majors, Infinite Possibilities\n\n06\n2nd Majors and Minors\n\n07\nGlobal & Experiential\n\n09\nGlobal Immersion\n\n10\nCase Competitions\n\n11\nCampus Living & Bizad Club\n\n13\nIndustry Relevant\n\n16\nWhat Our Graduates Do\n\n17\nLeadership & Lifelong Learning\n\n19\nEntrepreneurial\n\n20\nBe An Entrepreneur\n\n21\nAdmissions, Scholarships & Financial Aids"
    },
    "3": {
      "summary": "2022 GRADUATE EMPLOYMENT SURVEY*\n\n*For this graduate cohort, the three degree programmes were accounted for separately as Bachelor of Business Administration, Bachelor of Business Administration (Accountancy) and Bachelor of Science (Real Estate). From 2024, all students will be enrolled into the Bachelor of Business Administration degree through a common admission.\n\nGROSS MONTHLY SALARY FOR GRADUATE YEAR 2022 (MEAN)\n\n| $5,519 | $6,026 | $4,668 | $5,560 | $4,062 |\n\nOVERALL EMPLOYMENT FOR GRADUATE YEAR 2022 (WITHIN 6 MONTHS OF GRADUATION)\n\n| 97.1% | 87.9% | 99.3% | 93.3% | 99.0% |\n\n- BBA (Hon) - Bachelor of Business Administration (Honours)\n- BBA - Bachelor of Business Administration\n- BAC (Hon) - Bachelor of Business Administration (Accountancy) (Honours)\n- BAC - Bachelor of Business Administration (Accountancy)\n- BSc RE - Bachelor of Science (Real Estate)\n\n| 4,350 TOTAL BBA STUDENTS | 55,000 STRONG ALUMNI NETWORK | 59 YEARS OF DEVELOPING BUSINESS LEADERS |"
    },
    "4": {
      "summary": "1st IN ASIA according to the QS World University rankings for 2024.\n\nWe are a highly-ranked business school that provides each student the best preparation and springboard towards a promising career.\n\nBUSINESS SUBJECT RANKINGS\n\nTIMES HIGHER EDUCATION UNIVERSITY RANKING 2023\n\n3rd IN ASIA\n\nQS WORLD UNIVERSITY RANKINGS 2023\n\n8th IN THE WORLD\n\n1st IN ASIA\n\nUS NEWS & WORLD REPORT 2023\n\n2nd IN ASIA\n\nBUSINESS SUBJECT RANKINGS\n\nTIMES HIGHER EDUCATION UNIVERSITY RANKING 2023\n\n11th BUSINESS & ECONOMICS\n\n9th MARKETING\n\n13th BUSINESS & MANAGEMENT STUDIES\n\nTHE WORLD UNIVERSITY RANKINGS (IN ASIA) BY SUBJECTS 2022\n\n10th BUSINESS ANALYSIS\n\n14th ACCOUNTING & FINANCE\n\n1st ACCOUNTING & FINANCE\n\nBUSINESS & MANAGEMENT STUDIES\n\nMBA PROGRAMME RANKINGS\n\nUCLA-NUS JOINT PROGRAMMES QS\n\n3rd IN EMBA 2023\n\n1st IN ASIA\n\nQS BUSINESS MASTERS RANKINGS\n\n10th GLOBAL\n\n24th GLOBAL\n\n5th GLOBAL\n\nPOETS & QUANTS INTERNATIONAL MBA RANKINGS\n\n1st IN EMBA 2023\n\n5th GLOBAL"
    },
    "5": {
      "summary": "0\n\n**YOUR AGILE APPROACH TO EDUCATIONAL EXCELLENCE!**\n\nBe equipped with A.G.I.L.E. capabilities tailored for the demands of a Volatile, Uncertain, Complex, and Ambiguous (VUCA) world. You get to cultivate various skill sets across the many disciplines, empowering you with the expertise to navigate and address new business challenges.\n\n**JOIN US** and thrive in the face of volatility with the confidence and competence instilled by **NUS Business School**.\n\n---\n\n**START YOUR JOURNEY**\n\n**ACADEMIC**\n\n**GLOBAL & EXPERIENTIAL**\n\n**LEADERSHIP & LIFELONG LEARNING**\n\n**ENTREPRENEURIAL**\n\n**INDUSTRY RELEVANT**"
    },
    "6": {
      "summary": " Our curriculum promises the most customisability, with options to pursue a 2nd major and minor, as well as cross-disciplinary studies. Upon graduation, you will be equipped with skills spanning various professional fields.\n\n\n\n\n4"
    },
    "7": {
      "summary": "24 Units\n\n- Cultures and Connections\n- Critique and Expression\n- Data Literacy\n- Digital Literacy\n- Singapore Studies\n- Communities and Engagement\n\nCross Disciplinary Course\n- Field Service Project\n  8 Units\n\nWork Experience\nMilestone\n\nBusiness Environment\nCourses\n20 Units\n\n- Legal Environment of Business\n- Managerial Economics\n- Decision Analytics using Spreadsheets\n- Business Communication for Leaders\n- Introduction to Real Estate\n- Ethics in Business\n\nGlobal Experience\nMilestone\n\nLevel 2000, 3000 and 4000 Courses:\n\nAccountancy\nApplied Business Analytics*\nBusiness Economics*\nFinance*\nInnovation & Entrepreneurship*\nLeadership & Human Capital Management*\nMarketing*\nOperations & Supply Chain Management*\nReal Estate\n\nEmbark with us on an A.G.I.L.E. journey with multiple opportunities to acquire both in-depth business and cross-disciplinary expertise.\n\nUNRESTRICTED ELECTIVE COURSES\n\nBusiness Majors\n48 UNITS\n\nAccountancy Major\n40 UNITS\n\nReal Estate Major\n44 UNITS\n\nWith a curriculum that is at least a quarter of unrestricted electives, students have a higher degree of freedom to broaden their university education and enhance their learning experience."
    },
    "8": {
      "summary": "0\n\n: 0\n\n: 0\n\n: 0\n\n: 0\n\n: 0\n\n: 0\n\n: 0\n\n: 0\n\n: 0\n\n: 0\n\n: 0\n\n: 0\n\n: 0\n\n: 0\n\n: 0\n\n: 0\n\n: 0\n\n: 0\n\n: 0\n\n: 0\n\n: 0\n\n: 0\n\n: 0\n\n: 0\n\n: 0\n\n: 0\n\n: 0\n\n: 0\n\n: 0\n\n: 0\n\n: 0\n\n: 0\n\n: 0\n\n: 0\n\n: 0\n\n: 0\n\n: 0\n\n: 0\n\n: 0\n\n: 0\n\n: 0\n\n: 0\n\n: 0\n\n: 0\n\n: 0\n\n: 0\n\n: 0\n\n: 0\n\n: 0\n\n: 0\n\n: 0\n\n: 0\n\n: 0\n\n: 0\n\n: 0\n\n: 0\n\n: 0\n\n: 0\n\n: 0\n\n: 0\n\n: 0\n\n: 0\n\n: 0\n\n: 0\n\n: 0\n\n: 0\n\n: 0\n\n: 0\n\n: 0\n\n: 0\n\n: 0\n\n: 0\n\n: 0\n\n: 0\n\n: 0\n\n: 0\n\n: 0\n\n: 0\n\n: 0\n\n: 0\n\n: 0\n\n: 0\n\n: 0\n\n: 0\n\n: 0\n\n: 0\n\n: 0\n\n: 0\n\n: 0\n\n: 0\n\n: 0\n\n: 0\n\n: 0\n\n: 0\n\n: 0\n\n: 0\n\n: 0\n\n: 0\n\n: 0\n\n: 0\n\n: 0\n\n: 0\n\n: 0\n\n: 0\n\n: 0\n\n: 0\n\n: 0\n\n: 0\n\n: 0\n\n: 0\n\n: 0\n\n: 0\n\n: 0\n\n"
    },
    "9": {
      "summary": "2ND MAJORS AND MINORS\n\nWHAT POSSIBILITIES ARE THERE?\n\nOur students have the capacity to pursue more possibilities of cross-disciplinary studies within the standard candidature using their pool of unrestricted elective units. They can embark on a second major and/or minors within or outside of NUS Business School. Give it a try!\n\nPrimary Major (BIZ)\n- Applied Business Analytics\n\nSecond Major (BIZ)\n- Operations & Supply Chain Management\n\nPrimary Major (BIZ)\n- Business Economics\n\nMinor (non-BIZ)\n- Statistics\n\nSome illustrations of 2nd Majors and Minors\n\nPrimary Major (BIZ)\n- Finance\n\nSecond Major (BIZ)\n- Marketing\n\nMinor (non-BIZ)\n- Economics\n\nAND MANY MORE OPTIONS. IT'S UP TO YOU!\n\nPrimary Major (BIZ)\n- Innovation & Entrepreneurship\n\nTwo Minors (non-BIZ)\n- Communications & New Media\n- Quantitative Finance\n\nNUS has a grade-free scheme where you can ensure your grades don’t impact your GPA for that semester. This allows for our students to transit into university life academically and socially.\n\nDID YOU KNOW?"
    },
    "10": {
      "summary": "0\n\n: 0\n\n: 0\n\n: 0\n\n: 0\n\n: 0\n\n: 0\n\n: 0\n\n: 0\n\n: 0\n\n: 0\n\n: 0\n\n: 0\n\n: 0\n\n: 0\n\n: 0\n\n: 0\n\n: 0\n\n: 0\n\n: 0\n\n: 0\n\n: 0\n\n: 0\n\n: 0\n\n: 0\n\n: 0\n\n: 0\n\n: 0\n\n: 0\n\n: 0\n\n: 0\n\n: 0\n\n: 0\n\n: 0\n\n: 0\n\n: 0\n\n: 0\n\n: 0\n\n: 0\n\n: 0\n\n: 0\n\n: 0\n\n: 0\n\n: 0\n\n: 0\n\n: 0\n\n: 0\n\n: 0\n\n: 0\n\n: 0\n\n: 0\n\n: 0\n\n: 0\n\n: 0\n\n: 0\n\n: 0\n\n: 0\n\n: 0\n\n: 0\n\n: 0\n\n: 0\n\n: 0\n\n: 0\n\n: 0\n\n: 0\n\n: 0\n\n: 0\n\n: 0\n\n: 0\n\n: 0\n\n: 0\n\n: 0\n\n: 0\n\n: 0\n\n: 0\n\n: 0\n\n: 0\n\n: 0\n\n: 0\n\n: 0\n\n: 0\n\n: 0\n\n: 0\n\n: 0\n\n: 0\n\n: 0\n\n: 0\n\n: 0\n\n: 0\n\n: 0\n\n: 0\n\n: 0\n\n: 0\n\n: 0\n\n: 0\n\n: 0\n\n: 0\n\n: 0\n\n: 0\n\n: 0\n\n: 0\n\n: 0\n\n: 0\n\n: 0\n\n: 0\n\n: 0\n\n: 0\n\n: 0\n\n: 0\n\n: 0\n\n: 0\n\n: 0\n\n: 0\n\n: 0\n\n"
    },
    "11": {
      "summary": " As required components in the BBA curriculum, students will be able to meaningfully expand their horizons, and graduate as global-minded, culturally aware individuals, who have gained relevant work experience to thrive in highly diverse work environments.\n\n\n\n\n**Field Service Project**\n\nA team consulting practicum that allows students to solve real world business problems\n\n8 Units\n\n**Year 4 in the BBA Programme**\n\n**Global Experience Milestone**\n\nStudents will have to undertake an overseas experience.\n\n0 Units"
    },
    "12": {
      "summary": "2023-10-24 09:00:00\n\n**STUDENT EXCHANGE PROGRAMME (SEP)**\n\nStudents spend a semester reading courses at an overseas partner university, and in doing so, gain invaluable experiences abroad in a different cultural environment that broadens their outlook and approach to doing business. Students can also choose from a wide array of summer or winter programmes which are shorter in duration than SEP.\n\nhttps://bba.nus.edu.sg/student-experience/exchange-programmes/about-us/\n\n**STEER PROGRAMME**\n\nThe STEER programme is designed to build and cultivate familiarity and interests in burgeoning economies in India, the Middle East, Vietnam, China and Brazil.\n\nhttps://www.nus.edu.sg/gro/global-programmes/special-global-programmes/steer\n\nA prestigious entrepreneurship development programme that gives NUS students opportunities to work and study in leading entrepreneurial and academic hubs for up to a year.\n\nhttps://bba.nus.edu.sg/academic-programmes/special-programmes/nus-overseas-colleges/\n\n\n\n\nFOR MORE INFORMATION, SCAN HERE!"
    },
    "13": {
      "summary": "2023 THAMMASAT UNDERGRADUATE BUSINESS CHALLENGE\n\n2ND RUNNER-UP\n\n2023 HONG KONG UNIVERSITY OF SCIENCE AND TECHNOLOGY INTERNATIONAL CASE COMPETITION\n\nCHAMPIONS\n\n2023 CENTRAL EUROPEAN CASE COMPETITION\n\n2ND RUNNER-UP\n\n2023 RSM STAR CASE COMPETITION\n\nCHAMPIONS"
    },
    "14": {
      "summary": "0\n\n**HALLS & RESIDENCES:**\n\n- Eusoff Hall\n- Kent Ridge Hall\n- King Edward VII Hall\n- Prince George’s Park Residences & Houses\n- Raffles Hall\n- Sheares Hall\n- Temasek Hall\n\n**BIZAD CLUB**\n\nStep into a world crafted just for you by becoming a part of the NUS Students’ Business Club – your gateway to an exceptional student experience! As the ultimate student organisational hub, we offer you the ideal platform to cultivate lifelong skills and build meaningful connections. Immerse yourself in the excitement of flagship events like the Bizad Charity Run and Freshmen Orientation Projects, designed to infuse energy into your student life. Join us on this journey of empowerment, where every moment is dedicated to enhancing your personal and professional growth.\n\n**RESIDENTIAL PROGRAMMES:**\n\n- College of Alice and Peter Tan (CAPT)\n- NUS College (NUSC)\n- Residential College 4\n- Ridge View Residential College\n- Tembusu College"
    },
    "15": {
      "summary": " NDUSTRY\n\nRELEVANT\n\nDive into an immersive Career Compass Starter Workshop where you gain valuable skills in interview and resume-writing, together with industry-focused experiences through internships and work-study programmes. This dynamic combination ensures you emerge market-ready and a highly sought-after job candidate.\n\nYour journey to success starts with a programme designed to set you apart and open doors to exciting opportunities!"
    },
    "16": {
      "summary": "2023\n\nBUSINESS SCHOOL BIZCAREERS\n\nNUS Business School students are highly sought after by global and local companies. Our BIZCareers team works closely with students to help them achieve their career objectives, while actively engaging and fostering close partnerships with recruiters across the major industries to bring meaningful opportunities to our students.\n\n- Alumni Sharing Sessions\n- Booster Skills Workshops\n- Company Visits\n- Career & Recruitment Talks\n- Career & Internship Fairs\n- Internship & Job Search Briefings\n- Industry Awareness Series\n\n- Industry Specific Skills Workshops\n- Individual Career Advisory sessions\n- Individual Mock Interview sessions\n- Individual Internship & Job Search Strategies\n- Career Guides\n\nINTERNSHIPS\n\nInternships are a crucial part of university education. Students are encouraged to embark on internships with many taking up at least two internships during their time at NUS.\n\nAt NUS Business School, an internship will be a graduation requirement for students under the new curriculum. Students will gain real world industry experience, with the option to obtain units or not.\n\nCredit-bearing Internships:\n\n- **BI3704**  \n  8-week internship\n\n- **BI3708**  \n  16-week internship\n\n- **BI3712**  \n  24-week internship\n\n- **BI3003**  \n  8-week internship  \n  (for non-business/accounting/real estate related internships)\n\nhttps://bba.nus.edu.sg/academic-programmes/general-academic-matters/business-internship-courses/\n\nCAREER COMPASS STARTER WORKSHOPS\n\nUnlock your future potential with the Career Compass Starter Workshops as we guide you in cultivating the skills essential for your career. Tailored to your needs, we are here to support you on your journey, empowering you to achieve your unique career goals.\n\nYear 1\n- Strategic Career Planning\n- Resume & Cover letter Writing\n- Personal Branding\n- Networking Skills\n- Interviewing Skills\n- Dealing with Others in the Workplace\n\nYear 2 (led by Career Advisors)\n- Small Group Resume Clinics\n- Small Gr"
    },
    "17": {
      "summary": "2024-07-01 15:00:00\n\nThe Field Service Project (FSP) course is all about teaming up for a hands-on learning adventure. Imagine working with an organisation in Singapore, or beyond, and getting insights straight from the CEOs and industry leaders themselves. It’s not your typical classroom experience; handling real-world business issues, diving into business challenges beyond your regular NUS lessons.\n\nFor FSP, you immerse yourself in an organisation’s business model, grasp their value propositions, and witness the intricate workings of their operations. However, it goes beyond mere tasks. FSP becomes your backstage pass to awesome networking. You’re not just there to observe, but instead you will actively participate, lending your contribution through a perceptive report guided by a supervisor. **This is your opportunity to assist them in navigating the complexities of today’s business landscape. Will you grab it?**\n\nhttps://bba.nus.edu.sg/academic-programmes/general-academic-matters/field-service-project/\n\nWork Study Internship Programme (WSIP) isn’t your typical learning experience; it’s a **uniquely tailored, hands-on opportunity** designed specifically for business students like yourself. Imagine this: instead of sticking to traditional classrooms and textbooks, you’re enrolled in a long-term, credit-bearing work-study programme. What sets it apart? It’s a **personalized journey** crafted in collaboration with professional and commercial organisations. While excelling in classroom courses, WSIP immerses you in the real-world action with structured work placements at actual companies.\n\nBut wait, there’s more! During your WSIP adventure, you’ll connect with workplace mentors, delve into your chosen field, and gain a wealth of real-world experience. Some students may even enjoy progressive stipends, job rotations, and a fast track to entry-level career options upon graduation. **Ready to transform your education into an exciting adventure? Let’s dive in!**\n\n\n\n\n# FI"
    },
    "18": {
      "summary": " ACCOUNTANCY\n\n- Accountant\n- Auditor\n- Forensic Accountant\n- Risk Advisory\n- Tax Advisory\n\n**EVENTS & HOSPITALITY**\n\n- Accounts Executive\n- Conference Management\n- Marketing Executive\n- Optimisation Analyst\n\n**E-COMMERCE**\n\n- Analyst, Branding & Marketing\n- Executive Enterprise Sales Account\n- Management Associate\n- Onboarding & Team Coordinator\n- Regional Operations Associate\n\n**HUMAN CAPITAL MANAGEMENT**\n\n- Executive Search\n- Management Associate\n- Talent Acquisition\n\n**OTHER SECTORS**\n\n- Civil and Public Service\n- Healthcare\n- Marine\n- Aviation\n- FinTech\n- Telecommunications\n\n**CONSULTING**\n\n- Business Analyst\n- Clients & Markets Analyst\n- Consulting Analyst\n- HR Analyst\n- Management Consultant\n- Programmer Analyst\n- Research Consultant\n- Strategy Analyst\n- Transaction Advisory Associate\n\n**CONSUMER GOODS**\n\n- Advertising Brand Manager\n- Content Executive\n- Digital Marketing Executive\n- Marketing and Communications Executive\n- Sales and Marketing Executive\n\n**TECHNOLOGY**\n\n- Business Operations & Strategy\n- Data Analyst\n- Google Squared Data and Analytics Programme\n- Order Management Specialist\n- Partner Manager\n- Product Messaging Analyst\n- Project Executive\n- Purchasing Analyst\n- R&D Engineer\n\n**LOGISTICS, MANUFACTURING & SUPPLY CHAIN**\n\n- Operations Associate\n- Accounts Coordinator\n- Business Development\n- Inventory Management\n- Market Intelligence\n\n**FINANCE & BANKING**\n\n- Analyst for Commercial Banking\n- Credit\n- Global Investment Management\n- Global Transaction Services\n- Global Markets\n- Investment Banking\n- Macro Sales\n- Operations & Technology\n- Trade Solutions\n- Treasury\n- Venture Capital\n- Commodity Associate\n- Global Markets Trader\n- Investment Support\n- Wealth Management\n\n**REAL ESTATE**\n\n- Real Estate Finance & Investment\n- Real Estate Fund Management - Business Development, Acquisitions & Deal Structuring\n- Real Estate Investment Trusts\n- Town Planning & Urban Management\n- Asset Management\n- Corporate Real Estate Management\n- Real Estate Developmen"
    },
    "19": {
      "summary": " To foster leadership qualities in the fast-changing corporate world, students will be immersed in a wide range of robust learning opportunities to develop the leader in each of them. The School also seeks to make lifelong learners out of every student, armed with knowledge acquisition skills and a hunger to continually grow.\n\nNUS BUSINESS\n\nBUSINESS\n\nEST. 1955"
    },
    "20": {
      "summary": "0.5\n\n: 0.5\n\n: 0.5\n\n: 0.5\n\n: 0.5\n\n: 0.5\n\n: 0.5\n\n: 0.5\n\n: 0.5\n\n: 0.5\n\n: 0.5\n\n: 0.5\n\n: 0.5\n\n: 0.5\n\n: 0.5\n\n: 0.5\n\n: 0.5\n\n: 0.5\n\n: 0.5\n\n: 0.5\n\n: 0.5\n\n: 0.5\n\n: 0.5\n\n: 0.5\n\n: 0.5\n\n: 0.5\n\n: 0.5\n\n: 0.5\n\n: 0.5\n\n: 0.5\n\n: 0.5\n\n: 0.5\n\n: 0.5\n\n: 0.5\n\n: 0.5\n\n: 0.5\n\n: 0.5\n\n: 0.5\n\n: 0.5\n\n: 0.5\n\n: 0.5\n\n: 0.5\n\n: 0.5\n\n: 0.5\n\n: 0.5\n\n: 0.5\n\n: 0.5\n\n: 0.5\n\n: 0.5\n\n: 0.5\n\n: 0.5\n\n: 0.5\n\n: 0.5\n\n: 0.5\n\n: 0.5\n\n: 0.5\n\n: 0.5\n\n: 0.5\n\n: 0.5\n\n: 0.5\n\n: 0.5\n\n: 0.5\n\n: 0.5\n\n"
    },
    "21": {
      "summary": " Fulfilling the entrepreneurial culture amongst the younger generation, the curriculum is designed both to bring out the entrepreneurial spirit in students, and facilitate the generation of new business ideas.\n\n\n\n\n<table><th colspan=\"1\" rowspan=\"2\">NoneNoneNoneNoneNoneNoneNoneNoneNoneNoneNoneNoneNoneNone</table>"
    },
    "22": {
      "summary": "2023\n\nGet a taste of entrepreneurship at NUS Business School, where you get to take center stage in one of our newer majors. Equip yourself with expansive theoretical insights, empowering you to lead change effectively—whether you’re venturing into an entrepreneurial startup or navigating the landscape of a large multinational corporation. Previous batches of students, who were just like you, have already launched successful businesses in Singapore, with names like Carousell, Playmoolah, and Moovaz making an impact.\n\nFlip to Page 10, and you will discover the NUS Overseas Colleges (NOC) programme, aimed to cultivate your entrepreneurial spirit. Immerse yourself in this transformative experience — intern in a technology-based startup, while concurrently pursuing part-time courses at reputable universities. It’s your opportunity to shape your entrepreneurial journey and make an impact on a global scale.\n\n**BRYAN VOON, Year 4 Business Student who went for NOC, Norway.**\n\nHow has your experience in NOC been so far? And how has it impacted you?\n\nIt is difficult to understate how enriching and instructive NOC has been with professional and personal impacts. With the former being to look beyond the usual fields most business students consider when job seeking (e.g., finance, marketing, consulting) while the latter being a future outside of Singapore; a possibility I would not have entertained if it was not for NOC Norway.\n\nDo you have any advice for your juniors applying to NUS Business School and NOC?\n\nKeep an open mind and remember that some of the most valuable sources of learning happens outside of the classrooms with programmes such as NOC which will do nothing but enrich your NUS experience.\n\nBryan and his colleagues from DNV ReWind gathering over a meal\n\nBryan and his team attending EoLIS 2023 Conference @ Rotterdam, Netherlands"
    },
    "23": {
      "summary": "0\n\nhttps://bba.nus.edu.sg/admissions-scholarships/financial-aid-scholarships/scholarships/\n\nFor more information on tuition fees, please refer to the link below.\n\nhttps://www.nus.edu.sg/registrar/administrative-policies-procedures/undergraduate/undergraduate-fees\n\nTo ensure that no deserving student is denied higher education due to financial need, financial aid is offered to eligible students. This can take the form of a loan, bursaries, or work-study assistance.\n\nhttps://bba.nus.edu.sg/admissions-scholarships/financial-aid-scholarships/bursaries/\n\nFOR MORE ON FINANCIAL AID, SCAN HERE!\n\nADMISSIONS\n\nSCAN HERE TO APPLY TO NUS BBA!"
    },
    "24": {
      "summary": "2023-12-01T00:00:00.000Z\n\nAt NUS Business School, students take a transformative journey, and make an A.G.I.L.E leap forward through the Academically rigorous and flexible curriculum, diversity of Global and experiential opportunities, Industry-relevant infrastructure, varied options for Leadership development and highly Entrepreneurial environment. Through the full BBA experience, they forge ahead with confidence and future-readiness, prepared to make the most of an increasingly dynamic and unpredictable world.\n\nbbs.nus.edu.sg\n\nfacebook.com/NUSBusinessSchool/\n\n@nus_bba\n\nhttps://www.youtube.com/c/NUSBizSchool\n\nNUS Business School\nBIZZ Building Level 5-0,\n1 Business Link, Singapore 117592\n\nAll information provided is correct at the time of printing and is subject to change without notice."
    }
  }
}
