{
  "doc_id": "NUS-FASS-Graduate-Guidebook-2021-small.pdf",
  "pages": {
    "1": {
      "summary": " GRADUATE STUDIES\n\nat the\nFACULTY OF ARTS\nAND SOCIAL SCIENCES"
    },
    "2": {
      "summary": "1. INTRODUCTION / Introduction to the National University of Singapore / p1\n\n2. FASS / Why the Faculty of Arts and Social Sciences / p2\n\n3. GRADUATE STUDIES / Graduate Studies @ FASS / p3\n\n4. OPTIONS / Study Abroad and Joint/Double Degree Options / p5\n\n5. RESEARCH / Research Clusters @ FASS / p9\n\n6. FINANCIAL / Money Matters and Accommodation / p10\n\n7. ADMISSION / Admission and Application Procedures / p12\n\n8. CONTACT / Contact Us / p15\n\n9. PROGRAMMES / Research and Coursework Programmes @ FASS / p18\n\n/ Chinese Studies / Communications and New Media / Comparative Asian Studies / Cultural Studies in Asia / Economics / English Language and Literature / Geography / History / Japanese Studies / Malay Studies / Philosophy / Political Science / Psychology / Social Work / Sociology / South Asian Studies / Southeast Asian Studies\n\nThe information in this guide is mainly for students seeking admission to the graduate programmes at the Faculty of Arts and Social Sciences (FASS), National University of Singapore (NUS).\n\nOther undergraduate / study abroad / student exchange programmes are also available and can be viewed at fass.nus.edu.sg\n\nThe content of the information is accurate at the time of printing. Readers are urged to seek detailed information at the website: www.fas.nus.edu.sg"
    },
    "3": {
      "summary": " THE\n\n**WHY**\n**THE**\n\n**FACULTY OF**\n**ARTS AND**\n**SOCIAL**\n**SCIENCES**\n\nThe Faculty of Arts and Social Sciences (FASS) is one of\nthe earliest established faculties in the University with its\norigins dating back to 1929. Since then, the Faculty has\ngrown to be one of the largest at NUS, comprising about\n6,000 undergraduates and 1,000 graduate students.\n\n-  Excellent Global Rankings – consistently placed\namongst leading universities\n\n-  The most comprehensive range of Humanities\nand Social Sciences subjects not only in Singapore\nbut in the region\n\n-  17 Departments / Programmes, 20 areas of\nstudy, 13 languages as well as cross-faculty\noptions, special degree options and overseas\nopportunities\n\n-  Leading faculty members, strong funding support\nand excellent research facilities and opportunities\n\n-  A Centre for Language Studies allowing students\nto learn many Asian and European languages\n\n-  An active student community\n\n\n**Introduction to the**\n**National University**\n**of Singapore**\n\nFrom its modest infancy as a medical school founded in 1905,\nthe National University of Singapore (NUS) has grown steadily\nand significantly and has been consistently rated as one of\nAsia’s top universities, enjoying international recognition for\nits academic and research contributions from both faculty\nmembers and students alike.\n\nAs a comprehensive university, NUS has 17 faculties and\nschools, including a music conservatory. It has nine leading\nentrepreneurial hotspots across the globe - Beijing, Israel,\nLausanne, Munich, New York, Shanghai, Silicon Valley,\nSingapore and Stockholm. The University has over 38,000\nstudents from 100 countries to enrich the community with\ntheir diverse social and cultural perspectives, making campus\nlife vibrant and exciting.\n\n\n**SO WHY NUS?**\n\nSet on the rolling hills\nof Kent Ridge, the main\nNUS campus consists of\n150 hectares of buildings\nnestled in soothing\ngreenery. The University is:\n\n-  A leading global\nuniversity centred in Asia\n\n-  A leading r"
    },
    "4": {
      "summary": " The coursework / research programmes available are listed below:\n\n| DEPARTMENT / PROGRAMME | AREA OF STUDY | COURSEWORK | RESEARCH |\n|------------------------|--------------|------------|----------|\n| Chinese Studies          | Chinese Studies | ●         | ●        |\n| Communications and New Media | Communications and New Media | ●         | ●        |\n| Comparative Asian Studies   | * Comparative Asian Studies | ○         | ●        |\n| Cultural Studies in Asia    | * Cultural Studies in Asia | ○         | ●        |\n| Economics               | Economics       | ●         | ●        |\n| English Language and Literature | English Language and Linguistics | ●         | ●        |\n|                           | English Literature | ●         | ●        |\n|                           | Theatre and Performance Studies | ○         | ●        |\n| Geography              | Geography      | ●         | ●        |\n| History                | History       | ●         | ●        |\n| Japanese Studies        | Japanese Studies | ○         | ●        |\n| Malay Studies           | Malay Studies   | ○         | ●        |\n| Philosophy             | Philosophy     | ○         | ●        |\n| Political Science       | Political Science | ○         | ●        |\n| Psychology            | Psychology     | ●         | ●        |\n| Social Work           | Social Work    | ●         | ●        |\n| Sociology             | Sociology      | ○         | ●        |\n|                              | * Anthropology  | ○         | ●        |\n\nFASS offers a wide range of graduate programmes through coursework and research, catering to a variety of interests. These programmes offer excellent opportunities for students to further develop their potential as intellectual leaders in many fields.\n\nProgrammes by coursework are designed for professional development and lead to a Graduate Diploma, Doctoral or Masters. Programmes by research equip students to work at great depth at the frontiers of knowledge cre"
    },
    "5": {
      "summary": "0\n\n**Joint Scholarship Programme for PhD students**\nwith Harvard-Yenching Institute (HYI)\n\nThe Harvard-Yenching Institute (HYI)-NUS Joint Scholarship Programme is for young faculty at\nHYI partner institutions in Vietnam, Thailand and Cambodia to complete a PhD at NUS, with\n10 months of dissertation research at Harvard. Candidates’ research should focus on East and\nSoutheast Asian Studies.\n\nFor more information on the HYI-NUS Joint Scholarship Programme:\nfass.nus.edu.sg/prospective-students/graduate/research/scholarships/\nharvard-yenching-institute-hyi-nus-joint-scholarship-programme/\n\n**The Faculty offers**\n**joint / double degree programmes for**\n**Masters and PhD students.**\n\nThese degrees enable students to enhance their training and research\nwork as they benefit from the teaching and resources of two institutions.\n\nBoth types of degree programmes offer jointly supervised and assessed\ndegree(s) conferring a doubly validated qualification. These programmes\nenable students to take advantage of the complementary academic\nstrengths of our partner universities. They also allow international\nexperience to be fully integrated into a student’s research training with\nthe opportunity to stretch their academic capabilities. FASS expects to\nattract good students and hopes to play a major role in developing the\nnext generation of researchers across Southeast Asia.\n\n**Programme Available:**\n\nJoint PhD (King’s College London)\n\n\ncont’d"
    },
    "6": {
      "summary": "1. King's College, University of London (Joint PhD Programme and PhD Exchange Programme)\n2. University of Manchester, Faculty of Humanities (PhD Exchange Agreement)\n3. London School of Economics (PhD Exchange Programme)\n4. Sciences Po (PhD Exchange Programme)\n5. Leiden University, Faculty of Humanities (Graduate Exchange Programme)\n6. Georg-August University of Göttingen (Graduate Exchange Programme)\n\n7. Fudan University (Graduate Exchange with Literature, School of Social Development and Public Policy)\n8. Shanghai Jiao Tong University (Graduate Exchange with School of International and Public Affairs, School of Media and Design)\n9. University of Hong Kong (Graduate Exchange with Faculty of Social Sciences)\n10. Hokkaido University (Graduate Exchange Programme)\n11. Kwansei Gakuin University (Graduate Exchange Programme)\n12. Rikkyo University (Graduate Exchange Programme)\n13. Ritsumeikan University (Graduate Exchange Programme)\n\n**North America**\n\n1. Harvard-Yenching Institute (Joint Scholarship for PhD Studies)\n\n**Asia**\n\n8. National Chengchi University (Graduate Exchange Programme)\n9. Ateneo de Manila University (Graduate Exchange with School of Humanities and School of Social Sciences)\n10. Ewha Womans University (Graduate Exchange Programme)\n11. Korea University (Graduate Exchange with Division of International Studies, Graduate School of International Studies and College of Political Science and Economics)\n\n**Europe**\n\n1. King's College, University of London (Joint PhD Programme and PhD Exchange Programme)\n2. University of Manchester, Faculty of Humanities (PhD Exchange Agreement)\n3. London School of Economics (PhD Exchange Programme)\n4. Sciences Po (PhD Exchange Programme)\n5. Leiden University, Faculty of Humanities (Graduate Exchange Programme)\n6. Georg-August University of Göttingen (Graduate Exchange Programme)\n\n**China**\n\nGraduate students can apply to go for an exchange programme at a partner university for three months or more as part of their graduate rese"
    },
    "7": {
      "summary": "2\n\n@FASS\n\nThe interdisciplinary Research Clusters bring intellectual excitement and vibrancy to the FASS community. These Clusters integrate graduate students into the FASS research community as they participate in the reading groups, seminars, workshops and conferences organised by the Clusters.\n\nFor more information on the Research Clusters: fass.nus.edu.sg/research-clusters/\n\nResearch Centres & Groups @FASS\n\n- The Centre for Family and Population Research (CFPR)\n- The Social Service Research Centre (SSR)\n- The Next Age Institute (NAI)\n- Singapore Centre for Applied and Policy Economics (SCAPE)\n\n- The Global Production Networks Centre at NUS (GPN@NUS)\n- Max Weber Foundation Research Group on Borders, Mobility and New Infrastructures\n- Cultural Research Centre\n- Wan Boo Sow Research Centre\n\nThe Singapore Research Nexus\n\nThe Singapore Research Nexus (SRN) serves as a showcase for past research, a resource for current research and a platform for future research on Singapore. It provides a useful tool for academics, policy makers and those with a general interest in how research has helped shape the story of Singapore.\n\nFor more information on the Singapore Research Nexus: fass.nus.edu.sg/srn/\n\nMoney Matters & Accommodation\n\nTuition Fees\n\nFASS offers different kinds of graduate programmes and tuition fees vary from programme to programme. The fee range (per annum) by nationality for both Coursework and Research Programmes is listed as a reference:\n\n| NATIONALITY       | COURSEWORK (SGD) | RESEARCH (SGD) |\n|-----------------|------------------|---------------|\n| Singapore Citizens | $9,500 - $45,000  | $9,500 - $36,800 |\n| International Students | $15,200 - $45,000 | $14,000 - $38,750 |\n|                 | $33,950 - $45,000 | $21,400 - $38,750 |\n\nAll Singaporeans aged 25 and above can use their $500 SkillsFuture Credit from the government to pay for a wide range of approved skills-related courses. Visit the SkillsFuture Credit website (www.skillsfuture.sg/credit) to ch"
    },
    "8": {
      "summary": "0\n\nWHAT OUR STUDENTS SAY\n\nROZANA BINTE MOHAMED\n\nThe opportunity to return to FASS for my graduate studies is one I will always cherish. While I chose to pursue a course which is quite different from my undergrad days, returning to the same faculty gave a sense of familiarity and I thoroughly enjoyed learning new things as part of the MSc in Applied Geographic Information Systems (GIS). The course has enriched my knowledge about location data and the richness of its applications, including emergency response, public health, and city planning. Shuttling between the GIS Lab and the canteen(s) became a daily affair but through this, I made a lot of new friends from whom I learned a lot as well. Fresh perspectives about GIS were shared, making me feel enriched and energized. I can’t wait to apply the skills I’ve learnt in this course!\n\nLEE ZI QUAN JEFFREY\n\nEvery economist needs to have a solid foundation in the fundamentals of economic theory and econometrics. The need for economists capable of utilising the necessary analysis tools to resolve complex challenges in today’s world cannot be under-emphasised; and you get this solid foundation right here at the FASS Department of Economics. The Graduate Research Programme here in FASS falls short of nothing other than to give you that most amazing holistic experience you would ever crave for, and to establish those solid fundamentals that these analyses use. I made the right choice, would you?\n\nAdmission and Application Procedures\n\nAdmission Information\n\nThe FASS minimum criterion for admission into the graduate programmes is a good Masters degree in a relevant discipline (for PhD) or an NUS Honours degree (Merit/Second Class and above) or equivalent (e.g., a four-year Bachelors degree with at least an average grade of B) in a relevant discipline (for Masters).\n\nFor detailed requirements of specific programmes, please refer to the website at: fass.nus.edu.sg/graduate\n\nEnglish Language Requirement (TOEFL/IELTS)\n\nApplicants wh"
    },
    "9": {
      "summary": "1st August (in the year preceding the intake) to 15th January (in the same year as the intake)\n\nMaster of Social Sciences (Communication) 1st September (in the year preceding the intake) to 31st October (in the year preceding the intake)\n\nMaster of Arts (Arts and Cultural Entrepreneurship) 1st September (in the year preceding the intake) to 30th November (in the year preceding the intake)\n\nMaster of Arts (Applied and Public History) Master of Arts (Asian and Global History)\n\nMaster of Arts (Chinese Culture and Language) Master of Arts (English Language and Linguistics)\n\nMaster of Arts (Literary Studies) 1st November (in the year preceding the intake) to 15th January (in the same year as the intake)\n\nMaster of Arts (Southeast Asian Studies) Master of Psychology (Clinical)\n\nMaster of Social Work Graduate Diploma in Applied and Public History\n\nGraduate Diploma in Asian and Global History\n\nGraduate Diploma in Social Work\n\nMaster of Science (Applied Geographic Information Systems) 1st November (in the year preceding the intake) to 1st March (in the same year as the intake)\n\nFor Coursework Programmes, the application periods are:\n\nSEMESTER I (August)\n\nCOURSEWORK PROGRAMME\n\nMaster of Economics\n\nMaster of Social Sciences (Communication)\n\nMaster of Arts (Arts and Cultural Entrepreneurship)\n\nMaster of Arts (Applied and Public History)\n\nMaster of Arts (Asian and Global History)\n\nMaster of Arts (Chinese Culture and Language)\n\nMaster of Arts (English Language and Linguistics)\n\nMaster of Arts (Literary Studies)\n\nMaster of Social Work\n\nGraduate Diploma in Applied and Public History\n\nGraduate Diploma in Asian and Global History\n\nGraduate Diploma in Social Work\n\nMaster of Science (Applied Geographic Information Systems)\n\nApplication into the Programme\n\nApplications can be paper-based or made online but online applications are STRONGLY preferred.\n\nThe Graduate Admission System for Coursework/Research enables candidates to apply for admission into the graduate coursework/research prog"
    },
    "10": {
      "summary": "6666012588 (Coursework) / +65 6601 3448 (Research)\n\nfass.nus.edu.sg\n\nFAQs\n\nYou can find the list of questions frequently asked by students on our website:\n\nCoursework\n\nfass.nus.edu.sg/prospective-students/graduate/coursework-programmes/frequently-asked-questions-gradcoursework/\n\nResearch\n\nfass.nus.edu.sg/prospective-students/graduate/research/frequently-asked-questions/\n\nIf you cannot find the answer to your question there, you can contact the Graduate Studies Division by email:\n\nfassnus.edu.sg\n\nResearch – fassbox3@nus.edu.sg\n\nNURSTASHA ARIFIN WONG JI HAN\n\nCurrent Masters student in Political Science\n\nPrior to joining FASS, I was a Recording Arts and Science major at the NUS Yong Siew Toh Conservatory of Music. Coming from a vastly different academic discipline has been challenging, but undoubtedly, immensely rewarding because of the guidance of my professors and the larger faculty. Through their encouragement, I’ve found that nothing goes to waste—Art is another (equally valid) way of knowing, and the field of political science is diverse enough for contributions to be made via other knowledge ontologies. Through their invaluable counsel, I’ve learned new frameworks for deconstructing problems relating to my new research interests, governance networks for climate change and natural resource management, as well as empirical methods to test knowledge that we take to be true.\n\nThe Master of Social Work programme enables me to think and reflect more critically about social work as I grow as a practitioner. Through invigorating discussions with the lecturers, most of them senior practitioners in the field, are immediately applicable to ground practices. The diversity of experiences ranging from senior directors to newly-minted social workers across sectors within the programme provides a profoundly enriching and rewarding learning experience both in and out of the classroom. With opportunities available to conduct practice research with the guidance of deeply experience"
    },
    "11": {
      "summary": "0\n\n: 0\n\n: 0\n\n: 0\n\n: 0\n\n: 0\n\n: 0\n\n: 0\n\n: 0\n\n: 0\n\n: 0\n\n: 0\n\n: 0\n\n: 0\n\n: 0\n\n: 0\n\n: 0\n\n: 0\n\n: 0\n\n: 0\n\n: 0\n\n: 0\n\n: 0\n\n: 0\n\n: 0\n\n: 0\n\n: 0\n\n: 0\n\n: 0\n\n: 0\n\n: 0\n\n: 0\n\n: 0\n\n: 0\n\n: 0\n\n: 0\n\n: 0\n\n: 0\n\n: 0\n\n: 0\n\n: 0\n\n: 0\n\n: 0\n\n: 0\n\n: 0\n\n: 0\n\n: 0\n\n: 0\n\n: 0\n\n: 0\n\n: 0\n\n: 0\n\n: 0\n\n: 0\n\n: 0\n\n: 0\n\n: 0\n\n: 0\n\n: 0\n\n: 0\n\n: 0\n\n: 0\n\n: 0\n\n: 0\n\n: 0\n\n: 0\n\n: 0\n\n: 0\n\n: 0\n\n: 0\n\n: 0\n\n: 0\n\n: 0\n\n: 0\n\n: 0\n\n: 0\n\n: 0\n\n: 0\n\n: 0\n\n: 0\n\n: 0\n\n: 0\n\n: 0\n\n: 0\n\n: 0\n\n: 0\n\n: 0\n\n: 0\n\n: 0\n\n: 0\n\n: 0\n\n: 0\n\n: 0\n\n: 0\n\n: 0\n\n: 0\n\n: 0\n\n: 0\n\n: 0\n\n: 0\n\n: 0\n\n: 0\n\n: 0\n\n: 0\n\n: 0\n\n: 0\n\n: 0\n\n: 0\n\n: 0\n\n: 0\n\n: 0\n\n: 0\n\n: 0\n\n: 0\n\n: 0\n\n: 0\n\n: 0\n\n: 0\n\n: 0\n\n: 0\n\n: 0\n\n: 0\n\n: 0\n\n: 0\n\n: 0\n\n: 0\n\n: 0\n\n: 0\n\n: 0\n\n: 0\n\n: 0\n\n: 0\n\n: 0\n\n: 0\n\n: 0\n\n: 0\n\n: 0\n\n: 0\n\n: 0\n\n: 0\n\n: 0\n\n: 0\n\n: 0\n\n: 0\n\n: 0\n\n: 0\n\n: 0\n\n: 0\n\n: 0\n\n: 0\n\n: 0\n\n: 0\n\n: 0\n\n: 0\n\n: 0\n\n: 0\n\n: 0\n\n: 0\n\n: 0\n\n: 0\n\n: 0\n\n: 0\n\n: 0\n\n: 0\n\n: 0\n\n: 0\n\n: 0\n\n: 0\n\n: 0\n\n: 0\n\n: 0\n\n: 0\n\n: 0\n\n: 0\n\n: 0\n\n: 0\n\n: 0\n\n: 0\n\n: 0\n\n: 0\n\n: 0\n\n: 0\n\n: 0\n\n: 0\n\n: 0\n\n: 0\n\n: 0\n\n:"
    },
    "12": {
      "summary": "使 金 鐵 經 見 聖 都 有 聖\n\nDEPARTMENT OF\n\nChinese Studies\n\nThe Department is one of the leading centres for Chinese Studies in Asia. Home to a team of dedicated researchers from prestigious universities in different parts of the world, the Department plays an important role in bridging Chinese cultural heritage and modern Singapore, promoting cutting-edge research in Chinese studies and linguistics, as well as providing effective academic training to students from different cultural backgrounds.\n\nOur courses and research areas cover a broad academic spectrum, including Chinese philosophy, pre-modern and modern history,\n\nThe Department offers the following programmes:\n\n• Master of Arts by Coursework\n  - MA (Chinese Culture & Language)\n• Master of Arts by Research\n• PhD\n\nDepartment of Chinese Studies\nFaculty of Arts & Social Sciences\nNational University of Singapore\nBlk AS8, Level 5, 10 Kent Ridge Crescent,\nSingapore 119260\nTel: +65 6516 3900 / 7178\nFax: +65 6779 4167\nEmail: chssec@nus.edu.sg\nfass.nus.edu.sg/chs\n\ntraditional and modern literature, cultural studies, Chinese Diaspora and overseas Chinese, religious studies, cognitive linguistics, historical linguistics, pragmatics, lexical semantics, first language acquisition, and translation studies.\n\nOur Department has six research groups, namely the Southeast Asian Chinese and Modern China, Chinese Linguistics, Ming- Qing, Print & Popular Culture, Chinese Religions, and Classical Chinese Literature & Thought which are very active in nurturing academic interests and organising scholastic events.\n\nDEAN WANG\n(PhD, NUS, 2020) Researcher & Co-Principal Investigator for Singaporean Mandarin Database Project, National Heritage Board (Language Division)\n\nOwing to the strategic location of Singapore, the Department has always been an active site of cultural and intellectual exchange in the region. “Chinese Studies” is not only about China. The vibrant and unique structure of the Department, including the rich resources available, ha"
    },
    "13": {
      "summary": "66\n\nFARH BINTE GULAM HUSSAIN BAWANY KUND FLORIAN\n\nCurrent Masters student in Communications and New Media\n\nHaving had the pleasure of being in CNM for over a decade, first as an undergraduate, and then, as a full-time TA and now as a graduate student, I've had the privilege to have grown with the department through three eras of leadership. As a graduate student, I find myself thoroughly enjoying classes and benefiting immensely from a dynamic and effervescent culture of multi-disciplinary research and writing. I'm also most grateful for the academic supervision I've received, which has been instrumental in melting away my hesitation and doubts, giving way instead to curiosity, confidence and determination. Alma mater translates literally to 'nourishing mother'; and that's exactly what CNM has been to me. It's been more than a school, more than just a job. CNM is truly a home away from home, and all the talented folk here are family to me - and I couldn't imagine life any other way!\n\nAARON NG YI KAI\n\nCurrent PhD student in Communications and New Media\n\nThe graduate programme at CNM is truly multidisciplinary. The breadth of the research interests of the academic faculty is really wide, including game design, user experience research, cultural studies, political communication, health communication, public relations, e-learning and big data analysis. The wide range of research interests and expertise in the department allowed me to propose a research project that does not fit neatly into the confines of a traditional discipline as I can tap on the expertise of faculty from vastly different backgrounds in the same department. As a graduate student in CNM, I have also benefited from the ease in which I could take courses from other schools or faculties in NUS that are helpful to my dissertation even if they are not offered by the department. I have taken classes from Statistics and Applied Probability, Biological Sciences and School of Public Health. As my research inte"
    },
    "14": {
      "summary": "192\n\nCOMPARATIVE ASIAN STUDIES STUDIES\n\nComparative Asian Studies PhD Programme Faculty of Arts & Social Sciences National University of Singapore Blk AS8, Level 6, 10 Kent Ridge Crescent, Singapore 119260 Tel: +65 6516 4640 Fax: +65 6777 6608 Email: fasboss@nus.edu.sg fass.nus.edu.sg/cas/\n\nPROGRAMME\n\nOfficially launched in 2013, the Comparative Asian Studies (CAS) PhD programme offers an intensive course of study that promotes a trans-regional understanding of Asia. Students will be exposed to ideas designed to shift attention beyond the conceptual boundaries of area-studies scholarship towards the dynamics and processes that connect the region’s vast peoples, cultures, and worldviews.\n\nQualified candidates will have training in at least two geographical/cultural areas (South, East, Southeast, Northeast, West Asia) enabling them to explore the varying methods, debates, and issues that have shaped those respective fields comparatively. Every candidate will also be exposed to scholarship and conversations drawn from Inter-Asia Studies that highlight the interconnectedness within the broader Asia region.\n\nParticipating faculty members, located in our area-studies departments and disciplinary-based departments, represent one of the largest concentrations of Asia-focused scholars in the world. FASS’s research clusters bring together graduate students and faculty regularly to explore topics in (but not limited to): comparative religions, transnational flows, and global histories. Taken together with the CAS PhD’s innovative curriculum, participating candidates have the opportunity to not only engage with leading specialists of Asian Studies, but to contribute to the process of producing knowledge about Asia from within the region.\n\nThe programme is unique because it offers the scope of transnational Asian Studies while providing the intensity and focus offered by area-studies training. This combination of both breadth and depth encourages research that explores the conne"
    },
    "15": {
      "summary": "图片\n\n**Cultural Studies in Asia**\n\n**PROGRAMME**\n\nThe Cultural Studies in Asia (CSA) PhD Programme was established in 2009 and is the only such programme taught in English in Asia. It is housed in the Department of Communications and New Media.\n\n**What is Cultural Studies in Asia?**\n\nAdopting an interdisciplinary approach, the CSA-PhD aims to provide teaching and research skills in the analysis of the flows and exchanges of popular cultural practices in contemporary Asia. The Programme taps the rich pool of over 300 humanities and social science professors in the Faculty of Arts and Social Sciences (FASS) to enable candidates to tailor their studies according to their research interests. Students could choose their dissertation supervisors and enrol in relevant modules from all departments in FASS.\n\nA number of core modules taught by specialists in the field provide the common grounding in the theory and practice of Cultural Studies. Students therefore benefit from learning with a wide range of theoretical, methodological and substantive experts in a multidisciplinary and interdisciplinary manner.\n\n**Core Research Areas**\n\nThe research interests undertaken by our candidates range from the politics of pop music, museum and nation building; documentary films of Thailand; political and intellectual biographies of Indonesian revolutionary writers; urban imaginaries of Dhaka; heritage spatial politics in Malaysia; community activism and dance in India; and Southeast Asian visual artists’ aesthetic engagement with history. In these projects, supervisors for the dissertation research have been drawn from the departments of Southeast Asian Studies, Sociology, Geography, English Literature, Chinese Studies, and School of Architecture.\n\n**Academic Exchanges**\n\nThe CSA-PhD Programme participates actively in the Inter-Asia Cultural Studies Society (http://culturalstudies.asia) and is a member of the Consortium of Inter-Asia Cultural Studies Institutions (http://culturalstudies.a"
    },
    "16": {
      "summary": "0\n\n**HILMAR FARID**\n\n(PhD, NUS, 2018) Director General for Culture at the\nMinistry of Education and Culture of the Republic of Indonesia\n\nThe Cultural Studies in Asia programme has provided important\ntraining to hone my sense of capability and qualification as a scholar,\nand supported my professional development. The programme has also\nallowed me to cultivate an extensive network of people to reach out\nto for advice, collaboration, and knowledge exchange at any stage of\nmy career. Ultimately, the theoretical, methodological, and analytical\nlenses in Cultural Studies that I have been exposed to at NUS have\nbeen valuable resources that inform my perspective as both a scholar\nand practitioner in the realm of cultural activism and policy making in\nIndonesia.\n\n**GAO XUEYING**\n\nCurrent PhD student in Cultural Studies in Asia programme\n\nThe Cultural Studies in Asia programme offers me new perspectives to\nrethink about the meaning of contemporary Asia. As a field of research,\nCultural Studies in Asia is very inspiring - it challenges conventional\ndisciplinary boundaries and regional cultural boundaries. We are lucky to\nhave eminent visiting scholars frequently coming to the department to\nshare their passionate and inspiring thoughts with us. The programme is\ndynamic and interesting, and I am fortunate to be part of it.\n\n**NGUYEN HANG PHUNG DUNG**\n\nCurrent Masters student in English\nLanguage and Linguistics\n\nDoing the Masters in English Language and\nLinguistics at FASS under the financial support\nof NUS GSA Scholarship has been an amazing opportunity for me to pursue my\npassion in language and linguistics. I had a wonderful time participating in seminars\nand projects with professors who are world-class experts in their field and who were\nalways supportive and accessible to their students. The program has immensely\nwidened my knowledge on the most significant and current linguistics issues set in\nthe context of multilingual Singapore. I thoroughly enjoyed engaging in the exci"
    },
    "17": {
      "summary": "66\n\nDepartment of Economics\n\nFaculty of Arts & Social Sciences\n\nNational University of Singapore\n\nBlk AS2, Level 6, 1 Arts Link\n\nSingapore 117570\n\nTel: +65 6516 6013 / 1304\n\nFax: +65 6775 2646\n\nEmail: ecsbox2@nus.edu.sg\n\necsbox1@nus.edu.sg\n\nfass.nus.edu.sg/ecs\n\nThe Department of Economics, set up in 1934, has an established reputation as one of the largest and leading departments of Economics in the Asia-Pacific region. Programmes offered by the Department:\n\nCoursework | Research\n\nCareer-Oriented Track\n• Master of Economics (Applied Economics)\n\nAcademic-Focused Track\n• Master of Economics (Quantitative Economics)\n\nThe Department of Economics at NUS consistently ranks as one of the top programmes in the Asia-Pacific region. The Economics graduate programme prepares students for employment in universities, government, business and financial sectors. Recent graduates of the Department have been placed in well-known universities such as Monash University and University of Western Australia, as well as leading investment institutions such as Citibank, Credit Suisse, DBS Bank, and TC Capital.\n\nFaculty members’ research areas span a wide range of economic fields, with strength in the core areas of microeconomics, macroeconomics and econometrics, as well as in particular fields such as game theory and industrial organisation, labour economics, education, financial economics, and growth theory and development with special reference to Asia.\n\nVANNIDER SINGH (MAE, NUS, 2017)\nThe biggest testament to the Applied nature of the programme is that even as I studied the various subjects I could see those courses adding value to my professional life; I am a practicing economist working for a global investment bank. More than the core economics subjects, it is the eclectic mix of electives on offer that have provided me with my biggest take-aways. To name just a few: Chinese economy, Urban Economics and Applied Macroeconomics have been some of the courses that I have been able to appl"
    },
    "18": {
      "summary": "0\n\nDepartment of English Language and Literature Faculty of Arts & Social Sciences National University of Singapore Bik ASS, Level 6, 7 Arts Link Singapore 117570 Tel: +65 6516 3915 (Coursework) Tel: +65 6516 3917 (Research) Fax: +65 6773 2981 Email: ellbox1@nus.edu.sg (Research) ellbox3@nus.edu.sg (Coursework) fass.nus.edu.sg/ell Singapore is a small, modern city-state, accessible from anywhere in the world. The country offers rich opportunities for the student of language, literature or theatre. It has four official languages, as well as many other smaller language communities. This makes it an ideal place to study important linguistic topics such as language contact, language variation, language planning, and language and identities. Singapore also has a significant literary tradition within the broader context of the literatures and cultures of the Asia-Pacific. Its location, modernity and history make it ideal for the study of the region’s writing and cultures, of diaspora and of postcoloniality. Theatre Studies is known for its cutting-edge scholarship in theatre and performance concerned with the aesthetic expressions, cultural dynamics and social forces of a diverse and fast-changing contemporary Asia. International cross-cultural currents and Asian modernity are at the core of our critical enquiry in theatre and performance studies.\n\nThe Department of English Language and Literature\n\n**The Department of English Language and Literature**\n\n- **English Language and Linguistics**\n- **Literary Studies**\n\n**at three levels**\n\n- **MA by coursework (in English Language and Linguistics, and Literary Studies)**\n- **MA by research (in English Language and Linguistics, English Literature, and Theatre and Performance Studies)**\n- **PhD (in English Language and Linguistics, English Literature, and Theatre and Performance Studies)**\n\n\n\n---\n\n### LAUREN YEO (MA, NUS, 2018)\nResearch Assistant, English Language and Literature Academic Group, National Institute of Education & "
    },
    "19": {
      "summary": "0\n\nDepartment of Geography\n\nFaculty of Arts & Social Sciences\n\nNational University of Singapore\n\nBlk AS2, #03-01, 1 Arts Link, Kent Ridge\n\nSingapore 117570\n\nTel: +65 6516 3856\n\nFax: +65 6777 3091\n\nEmail: geobox1@nus.edu.sg\n\nfass.nus.edu.sg/geog\n\nThe Department of Geography at the National University of Singapore is ranked among the top ten Geography departments in the world, and number one in Asia. With more than 30 full-time faculty members, the Department offers research-based graduate programmes in both human and physical geography, with a particular focus on Asia and the tropical world. The graduate programme in Geography plays a central role in keeping the Department at the forefront of geographical education and research internationally.\n\nOur research interests are clustered into three groups, each covering a range of more specific themes and topics for which we welcome graduate research applications:\n\nSocial and Cultural Geographies\n\n- Children and young people’s geographies\n- Cultural/heritage landscapes\n- Development geographies\n- Geographies of urban life\n- Migration and transnationalism\n- Tourism geographies\n\nPolitics, Economics, and Space\n\n- Financialisation in Asia\n- Global production networks\n- Nature and society\n- Politics of economic development\n- Transnational corporations from Asia\n- Technologies and innovations\n\nTropical Environmental Change\n\n- Dynamic environmental processes, including climate change, biogeochemical cycling, land cover transformations, extreme hydrological events\n- Environmental consequences of rapid economic development and high levels of consumption, including pollution\n- Human-environment interactions, including hazards, natural resource exploitation, conservation\n\nMaster of Science in Applied Geographic Information Systems\n\nThe programme of Master of Science in Applied Geographic Information Systems (hereafter MSc in Applied GIS), a single-degree coursework Masters programme hosted in the Department of Geography at NUS, is de"
    },
    "20": {
      "summary": "66\n\nDepartment of History\n\nFaculty of Arts & Social Sciences\n\nNational University of Singapore\n\nBlk AS1, #05-27, 11 Arts Link\n\nSingapore 117573\n\nTel: +65 6516 3838\n\nFax: +65 6774 2528\n\nEmail: hisbox1@nus.edu.sg\n\nfass.nus.edu.sg/hist\n\nThe Department of History offers degrees by research and dissertation at both the MA and PhD levels. The Department is especially well-known for its concentration in Asian history, notably Southeast and East Asian. Faculty members also supervise cutting-edge research in European, American, and South Asian history, as well as in such thematic fields as military history, the history of art, business, and science & technology, among others. Graduates from the Department have secured tenure-track positions in prestigious universities in North America, Europe, Singapore, China, and many other Asian countries; many Honours and MA graduates have been admitted with scholarship to top graduate schools across the world.\n\nThe Department of History offers master's degree course work programmes in two designated areas. Applied and Public History offers master's degree to those who plan to apply the appropriate use of history to professional careers in diverse fields such as the arts, business, government, and other sectors of society. We seek to train candidates to appropriately use history to anticipate and exploit trends, craft policies, make decisions, and pursue their endeavours. Asian and Global History is designed for those who plant to study the history of diverse cultures and societies across Asia and the world. They will also acquire in-depth knowledge of Singaporean history and understand the dynamic narratives that shape the nation-state's national identity.\n\nCAO YIN\n\n(PHD, NUS, 2016) Associate Professor, Department of History, Tsinghua University, Beijing, China\n\nBefore I came to Singapore to pursue my PhD degree in the Department of History, NUS, I had very limited knowledge of Southeast and South Asian history. The cosmopolitan atmosph"
    },
    "21": {
      "summary": "大福\n\nDEPARTMENT OF Japanese Studies\n\nFaculty of Arts & Social Sciences\nNational University of Singapore\nBlk AS8, #05-01, 10 Kent Ridge Crescent\nSingapore 119260\nTel: +65 6516 7178\nFax: +65 6776 1409\nEmail: fasbox61@nus.edu.sg\nfass.nus.edu.sg/jps\n\nThe Department of Japanese Studies offers both Masters and PhD programmes. Candidates have to do coursework and submit an original research dissertation to be awarded the degree. Faculty members at the Department of Japanese Studies specialise in a wide array of disciplines and graduate students will work closely with specific professor(s) in the area of their research. We want students who are well-versed in the discipline and in their understanding of Japan and thus we expect students to also take courses in the disciplinary departments. Students will normally spend time in Japan for fieldwork or archival studies. Being located in Singapore, we especially invite students who work on topics that deal with Japan’s relationship with Asia, be that in economics, politics or culture.\n\nROBERT ST JOHN COULTON CRAWFORD\nCurrent PhD Student in Japanese Studies\n\nThere are a wide range of courses available to help graduates build a strong foundation in their chosen research area not only within Japanese Studies but across the University. The Department does a great job of helping fellow graduates meet and share their research interests, issues and provide peer feedback on academic work. Above all, I have been immensely impressed and grateful for the way the Department, and in particular my advisor Dr. Amos, has gone out of its way to provide support for my studies. I have participated in academic conferences, been provided opportunities to publish research, lecture and get to grips with the intricacies of 19th century written Japanese. I think it would be a struggle to find many other Japanese Departments across the globe that are willing and able to provide that range of opportunity. If you are passionate about Japan then I thoroughly"
    },
    "22": {
      "summary": "66\n\nBeing a Malay Studies graduate student has been an immensely fulfilling experience. From being pushed to think outside the box, to constantly reminding me to question my assumptions, the guidance and academic tutorship I have received at the Department is unparalleled. No matter how tough the topic of choice, be it for an essay or a thesis, the professors have never discouraged me or tried to divert my attention towards easier or more familiar paths. Instead, they have encouraged me to transcend the limits of my boundaries and to constantly strive for excellence beyond what is expected of me. My time at Malay Studies was also enriched due to the diversity of topics explored and the ways in which we continuously exhorted to think about the applicability of the discussions beyond the classroom setting. The fieldtrips and study trips conducted by the passionate professors also allowed me to explore the knowledge learnt in a wider and more relevant context.\n\nThe Department runs a Graduate Programme for Masters by research and PhD Graduate courses that cover theoretical frameworks as well as more in-depth examination of specific issues pertaining to Malays and Malay societies. These modules expose students to ideas and perspectives which they can apply in the course of their independent research. The Department welcomes students with a good honours degree in Malay Studies or other relevant disciplines such as History, Political Science, Sociology, Social Work, Linguistics, Literature and Southeast Asian Studies. Since a good working knowledge of Malay is required in order to conduct research on the Malays, students will be required to take a Malay/Indonesian language course if they have not done so. This could be done either before or during the course of their research.\n\nFrom Literature and Art to studying the elite and intellectuals in Malay society, understanding the change of modernisation faced by Malays as well as examining the development of capitalism and Mal"
    },
    "23": {
      "summary": "66\n\n**Department of Philosophy**\n\nFaculty of Arts & Social Sciences\n\nNational University of Singapore\n\nBlk AS3, Level 5, 3 Arts Link\n\nSingapore 117570\n\nTel: +65 6516 3891\n\nFax: +65 6777 9514\n\nEmail: philsjm@nus.edu.sg\n\nfass.nus.edu.sg/philo\n\nThe Department of Philosophy at NUS is one of the very few departments in the world that offers specialisation at the graduate level in four independent traditions of philosophical research. Anglo-American (Analytic) Philosophy, Continental (European) Philosophy, Chinese Philosophy, and Indian Philosophy. Our recent graduate students have completed theses in a diverse array of topics cutting across the East-West divide, ranging from a Confucian approach to the tragedy of the commons to the political implications of Kantian ethics and to David Lewis’ modal realism. Though the faculty’s research and teaching interests cover a wide variety of topics, the Department has particular strengths in normative philosophy (both ethics and political philosophy), classical Confucianism, philosophy of language, epistemology, mind and philosophy of science and technology. Our students hail from different regions of the world, thus making the Department especially attractive to those students who would like to study in Asia in a cosmopolitan environment.\n\n**GABRIELE LEONIE ESCOFFIER**\n\nCurrent PhD student, Department of Philosophy, FASS, NUS\n\nNUS dynamic and multicultural background is a fantastic research environment. As a student in Chinese Philosophy, I can specialize in my field while meeting constant opportunities to broaden and enrich my philosophical interests.\n\n**DARYL OOI SHEN**\n\nCurrent Masters student, Department of Philosophy, FASS, NUS\n\nReading philosophy allowed me to think more deeply about questions I think many of us have had since we were young - what is the nature of right and wrong, what is the meaning of life, how do I know whether what I believe is true.\n\n**LOO WEI LING, JANE**\n\n(MA, NUS 2015) Tutor, Department of Philosoph"
    },
    "24": {
      "summary": "4. Political Theory covers major thinkers and texts of major philosophical traditions; political ideologies and their comparison; and constitutional practices and debates. It also deals with the dissemination of political ideas through persuasion; the embeddedness of politics in cultural means (arts and music); and the implications of political and normative aspirations such as human rights perspectives.\n\nGEORGE EDWARD MAY\n\nCurrent PhD student in Political Science\n\nThe NUS Political Science department has provided an intellectually nourishing environment in which I have grown more confident and competent as a researcher and teacher. The academic staff in Political Science and across FASS have driven me to read, think, critique, and write more broadly and deeply than I have elsewhere. Coursework modules have introduced me to aspects of social science I would not have encountered had I remained in the UK, as well as a deeper understanding of how my interests - which originate in IR - relate to other sub-disciplines in Political Science. As a gateway to Southeast Asia, NUS has provided the ideal base from which to undertake extended fieldwork in the region. The opportunities the department have provided for teaching - and the inspiring students I have had the chance to work with - have been truly enriching, professionally and personally. Last but not least, my peers in FASS have been a vital source of inspiration, motivation, and comradery through tougher times.\n\nMARY ANN JOY QUIRAPAS FRANCO\n\nResearch Fellow, Energy Studies Institute\n\nFor years, I worked as a policy practitioner and researcher. My PhD experience at NUS has given me further skills and knowledge to conduct better research. The modules stressed the importance of theoretical foundations and methodological rigour before any practical applications of political science concepts. The program also gives me the opportunities to expand my professional network through summer schools, overseas workshops, and field "
    },
    "25": {
      "summary": "0.5cm\n\n**Department of Psychology**\n\nFaculty of Arts & Social Sciences  \nNational University of Singapore  \nBlk AS4, #02-07, 9 Arts Link  \nSingapore 117570  \nTel: +65 6516 3749  \nEmail: psybox2@nus.edu.sg (Research Programmes)  \nEmail: psybx6@nus.edu.sg (Clinical Programmes)  \nfass.nus.edu.sg/psy  \n\nThe Department of Psychology offers two research graduate programmes and a clinical graduate programme.\n\n---\n\n**Research Graduate Programmes**\n\nThe Department’s two research programmes comprise specialisations in six major psychological disciplines:\n\n1. Clinical Science and Health Psychology  \n2. Cognition  \n3. Developmental Psychology  \n4. Quantitative Psychology  \n\nTraining in these specialisations comprises coursework and a research thesis conducted under the guidance of an academic supervisor. Degrees are offered at the Masters and PhD levels. Scholarships and other forms of financial support are available on a competitive basis. The Department has also introduced a Concurrent Degree Programme [B.Soc.Sci. (Hons.) and M.Soc. Sci.] which enables psychology majors to make a seamless transition from the undergraduate programme to the graduate programme, and earn both an honours degree and a Master’s degree in five years.\n\nOur Department’s core research areas largely overlap with the areas of graduate specialisation. Across these specialisations, we have several areas of strength, two of which are as follows. First, a number of our staff are studying language and speech. Apart from access to specialist populations such as children or individuals with language impairments, the multilingual context of Singapore makes this work particularly attractive. Emotion research forms a second area of strength. Here, our staff are exploring the relationships between emotions and mental or physical health, the role of emotions in social interactions and decision making as well as the neuronal processes that mediate emotional experiences. These, and other research areas, leverage on a s"
    },
    "26": {
      "summary": "0\n\n**WANG YUSHI**\n\n(MA, NUS, 2019) Teaching Assistant, Department of Psychology, NUS\n\nBeing part of the Concurrent Degree Programme was a very fulfilling and enriching experience. The academic rigor of the program facilitated my intellectual growth, and also rendered me with greater confidence at being prepared to join the workforce. One of the greatest highlights of my time in the programme was being able to present findings from my integrated thesis at a conference in Paris—a destination on my bucket list! **99**\n\n\n**WHAT OUR STUDENTS SAY**\n\n\n**WONG TAK WEE CHRIS**\n\n(M.Psych (Clinical), NUS, 2016) Clinical Psychologist, Community Psychology Hub Singapore\n\nThe two years in the programme had been a wonderful journey of personal and professional growth. Lasting friendships and memories were forged, and a robust training in the scientist-practitioner approach has equipped me with the knowledge, skills, and experience necessary to continue developing as a clinical psychologist. **99**\n\n\n**LAVANYA BALACHANDRAN**\n\nGraduated in 2017 with a PhD in Sociology\n\nWe have an excellent Singaporean and foreign faculty who are not only prolific academics in their own right but are also well versed in the local context. FASS, NUS scores highly in terms of global ranking. My prior engagement with the faculty members in the Department of Sociology, and in particular my thesis supervisor, assured me that my graduate training would be nothing short of comprehensive and one that would include an appreciation of Singapore as a subject of sociological inquiry given that my research field is also located here. FASS, NUS offers a competitive stipend. There are also several opportunities for graduate students to come together to form reading groups, to organise workshops and seminars all of which provide an enriching learning experience.\n\n**TAN SZE YING CHRISTIE**\n\n(M.Psych (Clinical), NUS, 2016) Clinical Psychologist, Psychological Services Unit, AMKFSC Community Services Ltd. Singapore\n\nThe"
    },
    "27": {
      "summary": "0\n\nDepartment of Social Work\n\nSocial Work as a subject in the University first started in 1952, when it offered the first professional social work qualification in Singapore, the two-year Graduate Diploma in Social Work. Since then, it has evolved with the changing times, circumstances and requirements of the country into its present form.\n\nAt the graduate level, the Masters and PhD degrees offer graduate students, depending on the course they are enrolled in, a range of modules for advanced direct and indirect social work practice that includes clinical social work intervention with specific client groups, policy analysis and social planning, agency management and programme development, social work research and programme evaluation. The Master of Social Work programme aims to produce the leaders of social work profession in direct practice, social policy and research, and social administration and development. In addition, the Graduate Diploma in Social Work enables non-social work degree graduates to pursue professional social work education.\n\n**Core Research Areas**\n\n- **Ageing**\n- **Community and Social Development**\n- **End-of-life and Palliative Care**\n- **Family and Community**\n\nResearch in the Department of Social Work is integrated with our practice and teaching of social work. Many of our research projects are collaborations with local community partners and international researchers. The projects analyse trends on issues of societal concern, and evaluate policies, programmes and direct practice for populations in need with a focus on enhancing social work theory, practice skills, critical thinking and policy contribution in the social services. Research also provides hands-on learning to students who are engaged in the projects.\n\n**ANG CHAI YUN RACHEL**\n\n(M.Sc.Sci, NUS, 2020) Instructor, Department of Social Work, NUS\n\nOne day, while in a class about social theory in social work, I looked out of our seminar room window and saw that the theories provided w"
    },
    "28": {
      "summary": "0\n\nDepartment of Sociology Faculty of Arts & Social Sciences National University of Singapore Blk AS1, #03-06, 11 Arts Link Singapore 117570 Tel: +65 6516 3822 Fax: +65 6777 9579 Email: socbox1@nus.edu.sg fass.nus.edu.sg\n\nThe Department of Sociology at NUS has been ranked first in Asia, and among the top 20 in the world (QS World University Rankings for Sociology). With over 30 staff members, we are also one of the largest departments in the FASS at NUS. From its earliest beginnings, our Department has combined the disciplines of Sociology and Anthropology. Students therefore benefit from learning a wide range of theoretical and methodological approaches within both disciplines. Teaching and research in the sociology and anthropology of Asia, is one of our major strengths.\n\n**The department offers three research programmes:**\n\n1. Master of Social Sciences in Sociology\n2. Doctor of Philosophy in Anthropology\n3. Doctor of Philosophy in Anthropology\n\nThe Department’s research and teaching interests are wide-ranging. While many of our staff specialise in research on Singapore society and culture, a number are also engaged in comparative research on other Asian countries, including China, Hong Kong, India, Indonesia, Korea, Malaysia, Myanmar, Sri Lanka, Taiwan, Thailand, and Vietnam. Our main research areas include: deploying diverse research methods such as ethnography, focus group interviews and statistical analyses of survey. Our main research areas include: ageing, demography, family and kinship, gender and sexuality, health, media and popular culture, migration, politics and power, race and ethnicity, social networks, and urbanism.\n\n**Department of Sociology**\n\n**HU SHU**\nHead, Sociology Programme\nSchool of Humanities and Behavioural Sciences\nSingapore University of Social Sciences\n\nI joined the Department of Sociology at NUS as a PhD student in 2010. These five years have been fulfilling and memorable for me. The scholarship, fieldwork funding, and conference fundi"
    },
    "29": {
      "summary": "0\n\nSouth Asian Studies Programme Faculty of Arts & Social Sciences National University of Singapore Block AS8, Level 6, 10 Kent Ridge Crescent Singapore 119260 Tel: +65 6516 4640 Fax: +65 6777 6608 Email: fassbox58@nus.edu.sg fass.nus.edu.sg/sas\n\nThe South Asian Studies Programme (SASP) at the NUS offers degrees by research and dissertation at both the MA and PhD levels. The scope for research is extensive and the interests and backgrounds of the supervising teaching staff are wide-ranging and eclectic. Fluency in English is essential, as all theses must be presented in that language, but the Programme encourages and supports the use of research materials which draws upon South Asian languages.\n\nThe Programme has a particular focus on topics which relate to contemporary South Asia. The academic staff includes specialists working in the disciplines of Contemporary History, Political Economy and Development, Religious Studies and Anthropology and Diaspora and Trans-national Studies. An idea of the scope of the Programme’s range of interests may be gained from its list of faculty members and their specialities. The cohort of students in SASP is highly cosmopolitan and students have come to pursue graduate studies from South Korea, China, Pakistan, Sri Lanka, the Philippines, Bangladesh, Germany, Italy, the USA and India. Graduate alumni of the NUS South Asian Studies Programme have found rewarding career opportunities in university teaching, the media, the civil service, policy think-tanks, consulting and independent research and writing.\n\nThe University’s Central Library has extensive holdings on South Asia. There is also a significant collection of digital and microfilm holdings, in addition to a significant collection of secondary materials which include printed books and journals.\n\nFunding opportunities are available, though by a highly competitive selection process.\n\nPRISCILLA ANN VINCENT (MA, NUS, 2016) Researcher, National Skills Development Corporation, New Del"
    },
    "30": {
      "summary": "66\n\n**Department of Southeast Asian Studies**\nFaculty of Arts & Social Sciences\nNational University of Singapore\nBlk AS8, Level 6, 10 Kent Ridge Crescent\nSingapore 117569\nTel: +65 6516 4640\nFax: +65 6777 6608\nEmail: fabsox58@nus.edu.sg\nfass.nus.edu.sg/sea\n\nThe Masters of Arts (MA) and Doctor of Philosophy (PhD) research programme provide postgraduate training for individuals who will contribute to knowledge production in and about Southeast Asia. Students will be taught by highly rated staff whose expertise lies in fields ranging from history, economics and political science to anthropology, cultural studies and archaeology. Our inter-disciplinary structure exposes students to the latest theoretical and methodological issues while also ensuring deep immersion in regional specificities. Graduates are prepared for academic careers and employment in research intensive professions with working knowledge of Southeast Asian languages.\n\n**SOL DOROTEA ROSALES IGLESIAS**\n(PhD, NUS, 2018) Senior Manager, Public Policy (APAC), JUU Labs, Singapore\n\nWith prior training in political science at the graduate level, pursuing my doctorate in Southeast Asian studies opened new vistas into thinking about my main subject (the Philippines) comparatively. I mean this both in terms of comparisons within the region as well as through insights from other disciplines such as sociology, anthropology and history. I have greatly benefited from the different kinds of expertise that our Faculty has to offer, as well as the considerable time and thoughtful effort that they put into guiding our research. Moreover, Singapore is an ideal base from which to study the rest of the region.\n\n**VILASHINI SOMIAH**\n(PhD, NUS, 2019) Senior Lecturer, Faculty of Arts & Social Sciences, University of Malaya\n\nWhilst researching for the right PhD programme several years ago, I was told to look for one that could both enrich and challenge me as a scholar and also where the professors recognised me for my abilities a"
    },
    "31": {
      "summary": "5 Arts Link, Singapore 117570\n\nf nusfass y FASSnews"
    }
  }
}
