{
  "doc_id": "Pew-Research-Center_Hispanic-Identity-Report_12.20.2017.pdf",
  "pages": {
    "1": {
      "summary": "2017\n\n# Hispanic Identity Fades Across Generations as Immigrant Connections Fall Away\n\n11% of American adults with Hispanic ancestry do not identify as Hispanic\n\nBY Mark Hugo Lopez, Ana Gonzalez-Barrera and Gustavo López\n\nFOR MEDIA OR OTHER INQUIRIES:\n\nMark Hugo Lopez, Director of Hispanic Research\nAna Gonzalez-Barrera, Senior Researcher\nMolly Rohal, Communications Manager\n\n202.419.4372\nwww.pewresearch.org\n\nRECOMMENDED CITATION\nLopez, Mark Hugo, Ana Gonzalez-Barrera and Gustavo López, December 20, 2017,\n“Hispanic Identity Fades Across Generations as Immigrant Connections Fall Away”"
    },
    "2": {
      "summary": "1\n\nPew Research Center\n\nAbout Pew Research Center\n\nPew Research Center is a nonpartisan fact tank that informs the public about the issues, attitudes and trends shaping America and the world. It does not take policy positions. The Center conducts public opinion polling, demographic research, content analysis and other data-driven social science research. It studies U.S. politics and policy; journalism and media; internet, science and technology; religion and public life; Hispanic trends; global attitudes and trends; and U.S. social and demographic trends. All of the Center’s reports are available at www.pewresearch.org. Pew Research Center is a subsidiary of The Pew Charitable Trusts, its primary funder.\n\n© Pew Research Center 2017"
    },
    "3": {
      "summary": "2\n\nPEW RESEARCH CENTER\n\n\nTerminology\n\nThe terms Hispanic and Latino are used interchangeably in this report as well as the terms “self-identified Hispanic” and “self-identified Latino.”\n\nSelf-identified Hispanics are U.S. residents who self-report that they are of Hispanic or Latino background. Self-identified non-Hispanics are U.S. residents who do not self-identify as Hispanic, but also say they have a parent or grandparent who are of Hispanic heritage.\n\nAmericans of Hispanic ancestry are those who either self-identify as Hispanic or Latino or say they have Hispanic ancestors but do not self-identify as Hispanic.\n\nU.S. born refers to persons born in the United States and those born in other countries to parents at least one of whom was a U.S. citizen.\n\nForeign born refers to persons born outside of the United States to parents neither of whom was a U.S. citizen. For the purposes of this report, foreign born also refers to those born in Puerto Rico. Although individuals born in Puerto Rico are U.S. citizens by birth, they are included among the foreign born because they are born into a Spanish-dominant culture and because on many points their attitudes, views and beliefs are much closer to Hispanics born abroad than to Hispanics born in the 50 states or the District of Columbia, even those who identify themselves as being of Puerto Rican origin.\n\nFirst generation refers to foreign-born people. The terms “foreign born,” “first generation” and “immigrant” are used interchangeably in this report.\n\nSecond generation refers to people born in the 50 states or the District of Columbia, with at least one first-generation, or immigrant, parent.\n\nThird generation refers to people born in the 50 states or the District of Columbia, with both parents born in the 50 states or the District of Columbia and with at least one immigrant grandparent.\n\nThird and higher generation refers to people born in the 50 states or the District of Columbia, with both parents born in the 50 states"
    },
    "4": {
      "summary": "3\n\nPEP RESEARCH CENTER\n\n**Table of Contents**\n\nAbout Pew Research Center 1\n\nTerminology 2\n\nHispanic Identity Fades Across Generations as Immigrant Connections Fall Away 4\n\nDeclining immigration, high intermarriage rates 6\n\nWhat is Hispanic identity? 8\n\nLatino cultural traditions, Spanish use and connections to family’s origin country 12\n\nThe Hispanic experience today 17\n\nAcknowledgements 22\n\nMethodology 23\n\nAppendix A: References 30\n\nAppendix B: Additional Table 32"
    },
    "5": {
      "summary": "4\n\nPEP RESEARCH CENTER\n\nHispanic Identity Fades Across Generations as Immigrant Connections Fall Away\n\n11% of American adults with Hispanic ancestry do not identify as Hispanic\n\nMore than 18% of Americans identify as Hispanic or Latino, the nation’s second largest racial or ethnic group. But two trends – a long-standing high intermarriage rate and a decade of declining Latin American immigration – are distancing some Americans with Hispanic ancestry from the life experiences of earlier generations, reducing the likelihood they call themselves Hispanic or Latino.\n\nAmong the estimated 42.7 million U.S. adults with Hispanic ancestry in 2015, nine-in-ten (89%), or about 37.8 million, self-identify as Hispanic or Latino. But another 5 million (11%) do not consider themselves Hispanic or Latino, according to Pew Research Center estimates. The closer they are to their immigrant roots, the more likely Americans with Hispanic ancestry are to identify as Hispanic. Nearly all immigrant adults from Latin America or Spain (97%) say they are Hispanic. Similarly, second-generation adults with Hispanic ancestry (the U.S.-born children of at least one immigrant parent) have nearly as high a Hispanic self-identification rate (92%), according to Pew Research Center estimates.\n\nBy the third generation – a group made up of the U.S.-born children of U.S.-born parents and immigrant grandparents – the share that self-identifies as Hispanic falls to 77%. And by the fourth\n\n| Hispanic | Non-Hispanic |\n|----------|--------------|\n| Foreign born | 97% | 3 |\n| Second generation | 92 | 8 |\n| Third generation | 77 | 23 |\n| Fourth or higher generation | 50 | 50 |\n\nNote: Self-identified Hispanics are those who say they are Hispanic. Self-identified non-Hispanics are those who say they are not Hispanic or Latino but say they have Hispanic ancestry or heritage.\nSource: Pew Research Center 2015 National Survey of Latinos (Oct. 21-Nov. 30, 2015) and survey of self-identified non-Hispanics with Hispanic"
    },
    "6": {
      "summary": "5\n\nPEP RESEARCH CENTER\n\nor higher generation (U.S.-born children of U.S.-born parents and U.S.-born grandparents, or even more distant relatives), just half of U.S. adults with Hispanic ancestry say they are Hispanic.\\(^1\\)\n\nAmong adults who say they have Hispanic ancestors (a parent ,grandparent, great grandparent or earlier ancestor) but do not self-identify as Hispanic, the vast majority – 81% – say they have never thought of themselves as Hispanic, according to a Pew Research Center survey of the group. When asked why this is the case in an open-ended follow-up question, the single most common response (27%) was that their Hispanic ancestry is too far back or their background is mixed.\n\nThese findings emerge from two Pew Research Center national surveys that explored attitudes and experiences about Hispanic identity among two populations. The first survey, conducted Oct. 21-Nov. 30, 2015, in English and Spanish, explored the attitudes and experiences of a nationally representative sample of 1,500 self-identified Hispanic adults. The second is a first-of-its-kind national survey of 401 U.S. adults who indicated they had Hispanic, Latino, Spanish or Latin American ancestry or heritage (in the form of parents, grandparents or other relatives) but did not consider themselves Hispanic. It was offered in English and Spanish from Nov. 11, 2015-Feb. 7, 2016, but all respondents took the survey in English. Both surveys were conducted by SSRS for Pew Research Center. Together, these two surveys provide a look at the identity experiences and views of U.S. adults who say they have Hispanic ancestry.\n\nDefining self-identified Hispanic and self-identified non-Hispanic\n\nThis report explores the attitudes and experiences of two groups of adults. The first are those who are self-identified Hispanics. This is the usual group of Hispanics that are profiled in Pew Research Center and Census Bureau reports and are reported on as a distinct racial/ethnic group. Throughout the report,"
    },
    "7": {
      "summary": "6\n\nPEP RESEARCH CENTER\n\nDeclining immigration, high intermarriage rates\n\nImmigration from Latin America played a central role in the U.S. Hispanic population’s growth and its identity during the 1980s and 1990s. But by the 2000s, U.S. births overtook the arrival of new immigrants as the main driver of Hispanic population dynamics. And the Great Recession, coupled with many other factors, significantly slowed the flow of new immigrants into the country, especially from Mexico. As a result, the U.S. Hispanic population is still growing, but at a rate nearly half of what it was over a decade ago as fewer immigrants arrive in the U.S. and the fertility rate among Hispanic women has declined.\n\nNon-Hispanic heritage more common among higher generations of those with Hispanic ancestry\n\n% saying they have a parent or grandparent who is NOT Hispanic or Latino\n\nAmong self-identified Hispanics\n\nNote: Self-identified Hispanics are those who say they are Hispanic. Self-identified non-Hispanics are those who say they are not Hispanic or Latino but say they have Hispanic ancestry or heritage.\nSource: Pew Research Center 2015 National Survey of Latinos (Oct. 21-Nov. 30, 2015) and survey of self-identified non-Hispanics with Hispanic ancestry or heritage only (Nov. 11, 2015-Feb. 7, 2016).\n*Hispanic Identity Fades Across Generations as Immigrant Connections Fall Away”\n\nPEP RESEARCH CENTER\n\nOver the same period, the Latino intermarriage rate remained relatively high and changed little. In 2015, 25.1% of Latino newlyweds married a non-Latino spouse and 18.3% of all married Latinos were intermarried;³ in 1980, 26.4% of Latino newlyweds intermarried and 18.1% of all married Latinos had a non-Latino spouse, according to a Pew Research Center analysis of government data. In both 1980 and 2015, Latino intermarried rates were higher than those for blacks or whites.⁴ Intermarriage rates also vary within the Latino population: 39% of married U.S.-born adults had a non-Latino spouse while just "
    },
    "8": {
      "summary": "7\n\nPew Research Center\n\nAs a result of high intermarriage rates, some of today’s Latinos have parents or grandparents of mixed heritage, with that share higher among later generations. According to the surveys, 18% of immigrants say that they have a non-Latino parent or grandparent in their family, a share that rises to 29% among the second generation and 65% among the third or higher generation, according to the Pew Research Center survey of self-identified Latino adults. And for those who say they have Latino ancestry but do not identify as Latino, fully 96% say they have some non-Latino heritage in their background.\n\nA similar pattern is present among those who are married, according to the two surveys. Some 78% of all married Hispanics have a spouse who is also Hispanic, according to the survey of self-identified Hispanics. But that share declines across the generations. Nearly all married immigrant Hispanics (93%) have a Hispanic spouse, while 63% among second-generation married Hispanics and just 35% among married third-generation Hispanics have a Hispanic spouse. Meanwhile, only 15% of married U.S. adults who say they are not Hispanic but have Hispanic ancestry have a Hispanic spouse.\n\nThese trends may have implications for the shape of Hispanic identity today. With so many U.S.-born Hispanics of Hispanic and non-Hispanic heritages, their views and experiences with Hispanic culture and identity vary depending on how close they are to their family’s immigrant experiences.\n\nThese trends also have implications for the future of Hispanic identity in the U.S. Lower immigration levels than in the past and continued high intermarriage rates may combine to produce a growing number of U.S. adults with Hispanic ancestors who may not identify as Hispanic or Latino. And even among those who do self-identify as Hispanic or Latino, those in the second and third or higher generations may see their identity as more tied to the U.S. than to the origins of their parents, a pat"
    },
    "9": {
      "summary": "34\n\n**Immigrant generations and U.S. Latinos**\n\n% of self-identified Hispanics that are ...\n\n\nWhen it comes to describing themselves and what makes someone Hispanic, there is some consensus across self-identified Hispanics. However, not all Hispanics agree, with views often linked to immigrant generation.\n\nThe immigrant experience is an important part of the U.S. Hispanic experience. Roughly four-in-ten self-identified U.S. Hispanics (38%) are immigrants themselves, a share that rises to 53% among adult Hispanics, according to a Pew Research Center analysis of U.S. Census Bureau data. Meanwhile, 62% of Hispanics are U.S. born, a share that falls to 48% among adult Hispanics.\n\nSome U.S.-born Latinos have direct links to their family’s immigrant roots – 34% are the U.S.-born children of at least one immigrant parent, or part of the second generation. Others are more distant from those roots – 28% are the U.S.-born children of U.S.-born Latino parents, or of the third or higher generation.\n\n**Terms used most often to describe identity**\n\nThe terms that self-identified Hispanics use to describe themselves can provide a direct look at their views of identity and the link to their countries of birth or family origin. Among all Hispanic adults, for example, half say they most often describe themselves by their family’s country of origin or heritage, using terms such as Mexican, Cuban, Puerto Rican or Salvadoran. Another 23% say\n\nNote: Self-identified Hispanics are those who say they are Hispanic. Foreign born refers to people born outside of the United States to parents neither of whom was a U.S. citizen. Although individuals born in Puerto Rico are U.S. citizens by birth, for the purposes of this report, they are included among the foreign born because they are born into a Spanish-dominant culture.\n\nSource: Pew Research Center 2015 National Survey of Latinos (Oct. 21-Nov. 30, 2015) and survey of self-identified non-Hispanics with Hispanic ancestry or heritage only (Nov. 1"
    },
    "10": {
      "summary": "0\n\n**Nationality labels used most often among Latinos to describe their identity**\n\n% of self-identified Hispanics saying they describe themselves most often as ...\n\n| Country of origin/heritage | Hispanic/Latino |\n|---|---|\n| Self-Identified Hispanics | 50    |\n| Other Hispanics          | 23    |\n| American                 | 23    |\n\nAmong self-identified Hispanics\n\n| Foreign born | 65 | 25 | 7 |\n|---|---|---|---|\n| Second generation | 36 | 24 | 36 |\n| Third or higher generation | 26 | 14 | 56 |\n\nNote: Self-identified Hispanics are those who say they are Hispanic. Self-identified non-Hispanics are those who say they are not Hispanic or Latino but say they have Hispanic ancestry or heritage. Voluntary responses of “Don’t know,” “Refused,” “Depends” and “Other/Refused to lean” not shown.\n\nSource: Pew Research Center 2015 National Survey of Latinos (Oct. 21-Nov. 30, 2015). “Hispanic Identity Fades Across Generations as Immigrant Connections Fall Away”\n\n**PEW RESEARCH CENTER**\n\nMeanwhile, the share that says they most often use the term “American” to describe themselves rises from 7% among immigrants to 56% among the third generation or higher, mirroring, in reverse, the use pattern for country of origin terms. Third or higher generation Latinos were born in the U.S. to U.S.-born parents, and these findings show that for this group, their ties to their U.S. national identity are strong.\n\nAnother measure of identity is how much Hispanics feel a common identity with other Americans. Overall, U.S. Hispanics are divided on this question: Half (50%) consider themselves to be a typical American while 44% say they are very different from a typical American. But this finding\n\n\n---\n\nThey most often call themselves American. The other 23% most often describe themselves as “Hispanic” or “Latino,” the pan-ethnic terms used to describe this group in the U.S., according to the survey of self-identified Hispanics.\n\nHowever, the use of these terms varies widely across immigrant gener"
    },
    "11": {
      "summary": "10\n\nPEW RESEARCH CENTER\n\nmasks large differences across the generations. Some 36% of immigrant Hispanics consider themselves a typical American. That share rises to 63% among second-generation Hispanics and to 73% among third or higher generation Hispanics, reflecting their birth country (the U.S.) and their lifetime experiences.\n\nDoes speaking Spanish or having a Spanish last name make one Hispanic?\n\nSpeaking Spanish is a characteristic often linked to Latino identity. For example, some say that you cannot be Latino unless you happen to speak Spanish, or that someone is “more Latino” if they speak Spanish than someone who does not speak Spanish but is also of Latino heritage.\n\nThis came up during a debate in the 2016 presidential campaign, when Republican candidate U.S. Sen. Marco Rubio questioned whether Ted Cruz, another senator and GOP candidate, spoke Spanish.\n\nYet, when directly asked about the link between Latino identity and speaking Spanish, seven-in-ten (71%)\n\nLatinos say speaking Spanish is not required to be considered Latino. Even among immigrant Latinos, a majority (58%) holds this view about Spanish and Latino identity. And among U.S.-born Latinos, higher shares say the same: 84% of second-generation Latinos and 92% of third or higher generation Latinos (the group farthest from their family’s immigrant roots) say speaking Spanish does not make someone Latino.\n\nAnother characteristic that for some is seen as important to Hispanic identity is having a Spanish last name. However, here too, the vast majority (84%) of self-identified Hispanics say it is not\n\n---\n\n### Neither speaking Spanish nor having a Spanish last name makes one Hispanic\n\n% of self-identified Hispanics saying that a person needs to ___ to be considered Hispanic/Latino\n\n| Speaker | Yes | No |\n|---|---|---|\n| Self-identified Hispanics | 28 | 71 |\n| Among self-identified Hispanics | 15 | 84 |\n\n| Speaker | Yes | No |\n|---|---|---|\n| Foreign born | 41 | 58 |\n| Second generation | 15 | 84 |\n|"
    },
    "12": {
      "summary": "11\n\nPew Research Center\n\nnecessary to have a Spanish last name to be considered Hispanic, no matter their immigrant generation.\n\nNot all Americans with Hispanic ancestry self-identify as Hispanic\n\nRacial and ethnic identity in the U.S. since the 1960s has been based on self-reports: You are what you say you are. This is how race and ethnicity is measured in government surveys, as well as in surveys by Pew Research Center and other research groups. As a result, there are some Americans who say they have Hispanic ancestry but do not consider themselves Hispanic.\n\nOverall, this group represents 2% of the national adult population, amounting to 5 million adults, according to the Center’s estimates. Or, looked at another way, among the 42.7 million U.S. adults who say they have Hispanic ancestry, 11% do not identify as Hispanic.\n\nThis group also has distant immigrant roots. Some 38% are fourth or higher generation, i.e., the U.S.-born children of U.S.-born parents, U.S.-born grandparents and likely other U.S. born ancestors. Another 23% are third generation (the U.S.-born children of U.S.-born parents), 17% are second generation (the U.S.-born children of at least one immigrant parent), and just 12% are immigrants, according to the Pew Research Center survey of self-identified non-Hispanics with Hispanic ancestry.\n\nFor adults with Hispanic ancestry who do not self-identify as Hispanic, 81% say they have never considered themselves Hispanic or Latino. The reasons for this are many and are often linked to\n\nEight-in-ten non-Hispanics with Hispanic ancestry have never thought of themselves as Hispanic\n\n% of self-identified non-Hispanics who ever considered themselves Hispanic or Latino\n\nYes No\n\n17 81\n\nAmong those who say no, the main reasons include ...\n\nMixed background/Hispanic ancestry too far back\n\nUpbringing/No contact with Hispanic relatives\n\nDoes not speak Spanish/ Has no cultural link\n\nIdentifies as other race/ Does not look Hispanic\n\nBorn in U.S./ Identifies as Amer"
    },
    "13": {
      "summary": "27% said they do not consider themselves Hispanic because they have a mixed Hispanic and non-Hispanic background or that their Hispanic ancestry is too distant. Another 16% said they do not consider themselves Hispanic despite their Hispanic ancestry because of their upbringing or that they have little contact with their Hispanic relatives; 15% said the reason they say they are not Hispanic is because they do not speak Spanish or have no link to Hispanic culture; 12% said they do not look Hispanic or they identify as another race; and 9% said they were born in the U.S. and consider themselves American.\n\nLatinos cultural traditions, Spanish use and connections to family’s origin country\n\nThe conversations parents have with their children and the cultural cues they provide while their children are growing up can have a large impact on their children’s identity in adulthood. However, the number of Hispanic cultural activities experienced by Americans with Hispanic ancestry declines across the generations, mirroring the finding that Hispanic self-identity also fades across generations.\n\nParents and their pride in their Latino origins\n\nImmigrant and second-generation self-identified Hispanics (57% and 50% respectively) are most likely to say their parents talked often about their pride in their country of origin roots. But by the third generation, only 33% say their parents talked often about their pride in their roots while growing up.\n\nFor self-identified non-Hispanics, the majority of whom are of the third or higher immigrant generation, just 15% say they often heard their\n\nAcross generations, fewer say parents talked about their pride in their roots\n\n% of U.S. adults with Hispanic ancestry saying their parents ___ talked about their pride in being [country of origin] when growing up\n\n| Often | Sometimes | Rarely | Never |\n|-------|------------|--------|--------|\n| Self-identified Hispanics | 51 | 23 | 13 | 11 |\n\nAmong self-identified Hispanics\n\n| Foreign born | 57 | "
    },
    "14": {
      "summary": "13\n\nPEW RESEARCH CENTER\n\nparents talk often about their pride in their ancestor’s country of origin.\n\nAttending Hispanic cultural celebrations in childhood\n\nAcross immigrant generations, reports of childhood experiences with Hispanic cultural celebrations, such as posadas or quinceañeras, decline for Americans with Hispanic ancestry the farther they are from their immigrant roots.\n\nAmong immigrant self-identified Hispanics, 59% say that when they were growing up, their parents took them to Hispanic cultural celebrations often, reflecting that the majority of this group grew up outside the U.S.\n\nSecond-generation self-identified Hispanics were about as likely to say this happened during their childhood. Half (49%) report that when they were growing up, their immigrant parents took them often to Hispanic cultural celebrations. A smaller share (35%) of third or higher generation self-identified Hispanics report the same about their childhoods.\n\nBy comparison, among Americans who say they have a Latino ancestry, but do not self-identify as Latino, just 9% report that when they were growing up, their parents took them to Latino cultural celebrations. Meanwhile, 60% say this never happened.\n\nChildhood experiences at Latino cultural celebrations decline across generations\n\n% of U.S. adults with Hispanic ancestry saying their parents ___ took them to Hispanic/Latino cultural celebrations when growing up\n\n| Often | Sometimes | Rarely | Never |\n|-------|------------|--------|--------|\n| Self-identified Hispanics | 53 | 25 | 11 | 10 |\n\nAmong self-identified Hispanics\n\n| Foreign born | 59 | 23 | 10 | 8 |\n|----------------|----|----|----|----|\n| Second generation | 49 | 29 | 9 | 12 |\n| Third or higher generation | 35 | 30 | 19 | 16 |\n\nSelf-identified non-Hispanics\n\n| Self-identified non-Hispanics | 9 | 14 | 15 | 60 |\n\nNote: Self-identified Hispanics are those who say they are Hispanic. Self-identified non-Hispanics are those who say they are not Hispanic or Latino but say they h"
    },
    "15": {
      "summary": "14\n\nPew Research Center\n\nParents encouraged Spanish\n\nAnother important way that parents can encourage their children’s Hispanic self-identity is through their use of language. However, the two surveys reveal that the childhood experiences with Spanish fade quickly across the generations, even though there is wide support for the language among Hispanics.\n\nFully 85% of foreign-born self-identified Hispanics say that when they were growing up, their parents often encouraged them to speak Spanish. But that share falls to 68% among the U.S.-born second generation and to just 26% of the third or higher generation Hispanics.\n\nBy contrast, just 9% of self-identified non-Hispanics with Hispanic ancestry say their parents often encouraged them to speak Spanish, again reflecting the distance this group has from its immigrant roots.\n\nImmigrant, second-generation Latinos most likely to say their parents encouraged them to speak Spanish\n\n% of U.S. adults with Hispanic ancestry saying their parents ‘often’ encouraged them to speak Spanish when growing up\n\nSelf-identified Hispanics\n\n70\n\nAmong self-identified Hispanics\n\nForeign born\n\n85\n\nSecond generation\n\n68\n\nThird or higher generation\n\n26\n\nSelf-identified non-Hispanics\n\n9\n\nNote: Self-identified Hispanics are those who say they are Hispanic. Self-identified non-Hispanics are those who say they are not Hispanic or Latino but say they have Hispanic ancestry or heritage. Voluntary responses of “Don’t know” and “Refused” not shown. Source: Pew Research Center 2015 National Survey of Latinos (Oct. 21-Nov. 30, 2015) and survey of self-identified non-Hispanics with Hispanic ancestry or heritage only (Nov. 11, 2015-Feb. 7, 2016). “Hispanic Identity Fades Across Generations as Immigrant Connections Fall Away”\n\nPew Research Center"
    },
    "16": {
      "summary": "15\n\nPEP RESEARCH CENTER\n\nSpanish use declines across the generations even as Latinos say it is important to speak it\n\nAbout 40 million people in the U.S. say they speak Spanish in their home today, making Spanish\n\nthe second most spoken language in the U.S. But while the number of Spanish speakers nationally\n\nis rising, among self-identified Hispanics the share who speak it at home is in decline.\n\nThe two Pew Research Center surveys\n\nexplored how respondents rated their own\n\nability to speak and read Spanish and to speak\n\nand read English.\n\nAmong self-identified Hispanics, 61% of\n\nimmigrants are Spanish dominant, meaning\n\nthey are more proficient in speaking and\n\nreading in Spanish than they are in English. By\n\ncomparison, only 6% of the second generation\n\nis Spanish dominant and essentially none of\n\nthe third generation is Spanish dominant,\n\naccording to the Center’s estimates.\n\nWhile a small share of U.S.-born Latinos are\n\nSpanish dominant, a larger share is bilingual.\n\nAmong second-generation self-identified\n\nLatinos – i.e., the U.S.-born children of\n\nimmigrant parents – about half (51%) are\n\nbilingual. Among third or higher generation\n\nself-identified Latinos, that share is 24%.\n\nMeanwhile, English dominance rises across\n\nthe generations. Among foreign-born self-\n\nidentified Hispanics, only 7% say they mostly\n\nuse English. This share rises to 43% in the\n\nsecond generation, and 75% in the third or higher generation.\n\nEnglish becomes dominant language\n\namong later immigrant generations as\n\nSpanish declines\n\n% of U.S. adults with Hispanic ancestry who are ...\n\n| English dominant | Bilingual | Spanish dominant |\n|-----------------|-----------|----------------|\n| Self-identified Hispanics | 28 | 36 | 36 |\n\nAmong self-identified Hispanics\n\n| Foreign born | 7 | 32 | 61 |\n|---------------|----|-----|----|\n| Second generation | 43 | 51 | 6 |\n| Third or higher generation | 75 | 24 | 0 |\n\nSelf-identified non-Hispanics\n\n| Self-identified non-Hispanics | 90 | 10 |\n\nNote: Sel"
    },
    "17": {
      "summary": "16\n\nPEW RESEARCH CENTER\n\nDespite a decline in Spanish use across generations, there is widespread support for its use in the future. Overall, 88% of self-identified Hispanics and 64% of self-identified non-Hispanics with Hispanic ancestry say it is important that future generations of Hispanics living in the U.S. speak Spanish.\n\nConnections to family’s country of origin fade across generations\n\nAmong self-identified Hispanics, connections with ancestral national origins decline as immigrant roots become more distant. Eight-in-ten immigrants (82%) who identify as Hispanics say they feel very or somewhat connected with their country of origin. About seven-in-ten (69%) second-generation Hispanics – the children of at least one immigrant parent – say the same. However, by the third generation, only 44% feel very or somewhat connected to their family’s country of origin.\n\nConnections to the home country decline even further among non-Hispanic adults with Hispanic ancestry. Only about a third of them (34%) say they feel very or somewhat connected to their family’s country of origin, while two-thirds (65%) say they feel not very or not connected at all to these countries.\n\nForeign-born and second-generation Hispanics feel more connected to family’s country of origin\n\n% of U.S. adults with Hispanic ancestry saying they feel very/somewhat connected to their country of origin\n\nVery/somewhat connected\n\nNot very/not connected at all\n\nSelf-identified Hispanics\n\n72\n\n27\n\nAmong self-identified Hispanics\n\nForeign born\n\n82\n\n16\n\nSecond generation\n\n69\n\n30\n\nThird or higher generation\n\n44\n\n56\n\nSelf-identified non-Hispanics\n\n34\n\n65\n\nNote: Self-identified Hispanics are those who say they are Hispanic. Self-identified non-Hispanics are those who say they are not Hispanic or Latino but say they have Hispanic ancestry or heritage. Voluntary responses of “Don’t know” and “Refused” not shown. Source: Pew Research Center 2015 National Survey of Latinos (Oct. 21-Nov. 30, 2015) and survey of self-"
    },
    "18": {
      "summary": "17\n\nPEP RESEARCH CENTER\n\nThe Hispanic experience today\n\nThe contemporary experiences linked to the Hispanic background of self-identified Hispanics and non-Hispanics with Hispanic ancestry vary across generations in much the way their childhood and cultural experiences do.\n\nDoes having a Hispanic heritage create advantages or disadvantages in life?\n\nThe two Pew Research Center surveys asked respondents whether their Hispanic heritage has made a difference in their life. Overall, Hispanic heritage has had the greatest impact on the lives of second-generation Hispanics, half of whom (52%) say their Hispanic background has been an advantage in their lives. By contrast, just 28% of immigrant Hispanics and 24% of third or higher generation Hispanics say the same.\n\nBy contrast, just 11% of self-identified non-Hispanics say their Hispanic background has been mostly an advantage for them while 86% say it has not made a difference in their lives.\n\nMajority says Hispanic heritage hasn’t made much of a difference in their lives\n\n% of U.S. adults with Hispanic ancestry saying being Hispanic/Latino has ___ mostly in their life\n\n| Been an advantage | Not made a difference | Been a disadvantage |\n|-------------------|------------------------|--------------------|\n| Self-identified Hispanics | 34 | 56 | 9 |\n\nAmong self-identified Hispanics\n\n| Foreign born | 28 | 59 | 12 |\n|----------------|-----|-----|----|\n| Second generation | 52 | 42 | 5 |\n| Third or higher generation | 24 | 68 | 8 |\n\nSelf-identified non-Hispanics\n\n| Self-identified non-Hispanics | 11 | 86 | 1 |\n\nNote: Self-identified Hispanics are those who say they are Hispanic. Self-identified non-Hispanics are those who say they are not Hispanic or Latino but say they have Hispanic ancestry or heritage. Voluntary responses of “Don’t know” and “Refused” not shown. Source: Pew Research Center 2015 National Survey of Latinos (Oct. 21-Nov. 30, 2015) and survey of self-identified non-Hispanics with Hispanic ancestry or heritage o"
    },
    "19": {
      "summary": "18\n\nPEP RESEARCH CENTER\n\nMajority of non-Hispanics with Hispanic ancestry think others see them as white\n\nHow do adults with Hispanic ancestry think strangers walking past them on the street would describe their background?\n\nAmong self-identified Hispanics, 78% of immigrants say strangers on the street would think they were Hispanic or Latino. That share falls to two-thirds among second-generation Hispanics and 46% among third or higher generation Hispanics.\n\nThe share falls even further, to just 7%, among U.S. adults with Hispanic ancestry who do not self-identify as Hispanic. Meanwhile, 59% say passersby on the street would describe them as white, and not Hispanic or Latino.\n\nMost Hispanics say passersby see them as Hispanic, though that share falls across generations; 59% of self-identified non-Hispanics say they’re seen as white\n\n% of U.S. adults with Hispanic ancestry saying most people, if they walked past them on the street, would describe them as ...\n\n| Hispanic or Latino | White | Black | Other |\n|-------------------|-------|------|------|\n| Self-identified Hispanics | 69    | 14   | 3    | 10 |\n\nAmong self-identified Hispanics\n\n| Foreign born | 78 | 11 | 3 | 6 |\n|--------------|----|----|----|----|\n| Second generation | 66 | 15 | 2 | 13 |\n| Third or higher generation | 46 | 25 | 4 | 20 |\n\nSelf-identified non-Hispanics\n\n| Self-identified non-Hispanics | 7 | 59 | 21 | 12 |\n\nNote: Self-identified Hispanics are those who say they are Hispanic. Self-identified non-Hispanics are those who say they are not Hispanic or Latino but say they have Hispanic ancestry or heritage. Voluntary responses of “Don’t know” and “Refused” not shown. “Other” includes “American Indian or Indigenous,” “Asian or Asian-American,” “Native Hawaiian or Other Pacific Islander” and “Mixed race or multiracial” (volunteered).\n\nSource: Pew Research Center 2015 National Survey of Latinos (Oct. 21-Nov. 30, 2015) and survey of self-identified non-Hispanics with Hispanic ancestry or heritage only"
    },
    "20": {
      "summary": "39% of self-identified Hispanics say they have felt discriminated against because of their Hispanic or Latino background.\n\nSome 42% of self-identified Latino immigrants say they have experienced discrimination often (8%) or sometimes (34%) because of their Latino background. A similar share (38%) of second-generation Latinos say the same. Meanwhile 29% of third or higher generation Latinos say they have experienced the same level of discrimination.\n\nBy contrast, few self-identified non-Hispanics with Hispanic ancestry (7%) say they have experienced discrimination while 87% say they have never been discriminated against because of their Hispanic background.\n\nExperience with discrimination more common among self-identified Latinos\n\n% of U.S. adults with Hispanic ancestry saying they have felt discriminated against because of their Hispanic/Latino American or Spanish background\n\n| Often | Sometimes | Rarely | Never |\n|-------|-----------|--------|--------|\n| Self-identified Hispanics | 7 | 32 | 19 | 42 |\n\nAmong self-identified Hispanics\n\n| Foreign born | 8 | 34 | 15 | 43 |\n|----------------|----|-----|-----|----|\n| Second generation | 7 | 31 | 26 | 35 |\n| Third or higher generation | 6 | 23 | 24 | 46 |\n\nSelf-identified non-Hispanics\n\n| Self-identified non-Hispanics | 2 | 5 | 5 | 87 |\n\nNote: Self-identified Hispanics are those who say they are Hispanic. Self-identified non-Hispanics are those who say they are not Hispanic or Latino but say they have Hispanic ancestry or heritage. Voluntary responses of “Don’t know” and “Refused” not shown. Source: Pew Research Center 2015 National Survey of Latinos (Oct. 21-Nov. 30, 2015) and survey of self-identified non-Hispanics with Hispanic ancestry or heritage only (Nov. 11, 2015-Feb. 7, 2016). “Hispanic Identity Fades Across Generations as Immigrant Connections Fall Away”\n\nPEW RESEARCH CENTER"
    },
    "21": {
      "summary": "20\n\nPEP RESEARCH CENTER\n\nHow many Hispanic friends?\n\nThe composition of networks of friends varies widely across immigrant generations. Most (77%) immigrant Latinos say all or most of their friends are Latinos. But this share drops to 55% among second-generation self-identified Latinos and only 37% among third or higher generation self-identified Latinos.\n\nAmong self-identified non-Hispanics with Hispanic ancestry, 16% say all or most of their friends are Hispanic.\n\nLiving in Hispanic neighborhoods\n\nThe nation’s Hispanic population has become more dispersed in the past few decades and has grown to 58 million. As a result, in 500 of the nation’s more than 3,000 counties, Hispanics make up at least 15.0% of the local population. Yet, Hispanics are often living in neighborhoods that are largely Hispanic, especially in the South and in the West. The two surveys asked self-identified Hispanics and self-identified non-Hispanics with Hispanic ancestry about their neighborhoods.\n\nForeign-born Hispanics most likely to say they have Hispanic friends\n\n% of U.S. adults with Hispanic ancestry saying __ of their close friends are Hispanic/Latino\n\nAll/Most Some/Hardly any\n\nSelf-identified Hispanics\n\n64 35\n\nAmong self-identified Hispanics\n\nForeign born\n\n77 22\n\nSecond generation\n\n55 45\n\nThird or higher generation\n\n37 61\n\nSelf-identified non-Hispanics\n\n16 82\n\nNote: Self-identified Hispanics are those who say they are Hispanic. Self-identified non-Hispanics are those who say they are not Hispanic or Latino but say they have Hispanic ancestry or heritage. Voluntary responses of “None of them,” “Don’t know” and “Refused” not shown.\n\nSource: Pew Research Center 2015 National Survey of Latinos (Oct. 21-Nov. 30, 2015) and survey of self-identified non-Hispanics with Hispanic ancestry or heritage only (Nov. 11, 2015-Feb. 7, 2016). “Hispanic Identity Fades Across Generations as Immigrant Connections Fall Away”\n\nPEP RESEARCH CENTER"
    },
    "22": {
      "summary": "39\n\n**Living in Latino neighborhoods**\n\n% of U.S. adults with Hispanic ancestry saying __ of the people in their neighborhood are Hispanic/Latino\n\nAll/Most Some/Only a few\n\nSelf-identified Hispanics\n\nAmong self-identified Hispanics\n\nForeign born\n\nSecond generation\n\nThird or higher generation\n\nSelf-identified non-Hispanics\n\nNote: Self-identified Hispanics are those who say they are Hispanic. Self-identified non-Hispanics are those who say they are not Hispanic or Latino but say they have Hispanic ancestry or heritage. Voluntary responses of “None of them,” “Don’t know” and “Refused” not shown.\n\nSource: Pew Research Center 2015 National Survey of Latinos (Oct. 21-Nov. 30, 2015) and survey of self-identified non-Hispanics with Hispanic ancestry or heritage only (Nov. 11, 2015-Feb. 7, 2016). “Hispanic Identity Fades Across Generations as Immigrant Connections Fall Away”\n\n**Pew Research Center**\n\n\nFour-in-ten (39%) self-identified Hispanics say that “all” (10%) or “most” (30%) of their neighbors are Hispanics. By comparison, just 17% of self-identified non-Hispanics say the same, showing that non-Hispanics with Hispanic ancestry are more dispersed across the country than their Hispanic counterparts.\n\nAmong self-identified Latinos, the foreign born and the second generation are most likely to say that all or most of their neighbors share their heritage. Some 41% of both groups say this. The share that lives in largely Latino neighborhoods falls to 30% among third or higher generation self-identified Latinos."
    },
    "23": {
      "summary": "22\n\nPEW RESEARCH CENTER\n\nAcknowledgements\n\nThis report was written by Mark Hugo Lopez, director of Hispanic and Global Migration and\n\n\nDemography research; Ana Gonzalez-Barrera, senior researcher; and Gustavo López, research\n\nanalyst. Editorial guidance was provided by James Bell, vice president for global strategy; Claudia\n\nDeane, vice president for research; and D’Vera Cohn, senior writer/editor. Gonzalez-Barrera and\n\nLópez managed the development of the report’s two survey questionnaires, with assistance from\n\nAnna Brown, research analyst at Social and Demographic Trends, and Eileen Patten and Renee\n\nStepler, former research analysts at Social and Demographic Trends.\n\nKyley McGeeney, former senior methodologist, provided guidance on the questionnaire’s\n\ndevelopment. Courtney Kennedy, director of survey research, reviewed sampling plans and survey\n\ndetails. Andrew Mercer, senior research methodologist, generated new sample weights for the\n\ncombined survey. Jody Vallejo, professor at the University of Southern California and Stephen\n\nTrejo, professor at the University of Texas, Austin, provided comments on early drafts of the two\n\nsurveys.\n\nCharts for the report were produced by López; Brown; Antonio Flores, research assistant, Global\n\nMigration and Demography; Jynnah Radford, research assistant, Global Migration and\n\nDemography; and Michael Keegan, information graphics designer. López and Stepler produced\n\nthe survey’s toplines. López and Radford number-checked the report. Ariana Rodriguez-Gitler was\n\nthe digital producer. David Kent copy edited the report.\n\nFind related reports on line at pewresearch.org/hispanic."
    },
    "24": {
      "summary": "23\n\nPEW RESEARCH CENTER\n\nMethodology\n\nThe analysis in this report is based on two Pew Research Center national surveys that explored attitudes and experiences about Hispanic identity among two, mutually exclusive populations. The first survey, the 2015 National Survey of Latinos, was conducted from Oct. 21 through Nov. 30, 2015, in English and Spanish, and explored the attitudes and experiences of a nationally representative sample of 1,500 adults who self-identify as Hispanic. The second is a first of its kind national survey of 401 U.S. adults who indicated they had Hispanic ancestry (in the form of parents, grandparents or other relatives) but did not consider themselves Hispanic. It was conducted in English and Spanish from Nov. 11, 2015 through Feb. 7, 2016, though all respondents chose to take the survey in English. Both surveys were conducted by SSRS, an independent research company, for Pew Research Center. Together, these two surveys provide a look at the identity experiences and views of U.S. adults who say they have Hispanic ancestry.\n\nDefining Hispanic ancestry\n\nFor the purposes of this report, Americans of Hispanic ancestry are made up of two groups. The first are those who self-identify as Hispanic when asked about their Hispanic identity. The second is Americans who self-identify as non-Hispanic but also say they have a Hispanic parent or Hispanic grandparent. Together, these two groups represent the U.S. adult population that self-reports Hispanic ancestry and is the universe used throughout this report.\n\nU.S. adults with Hispanic ancestry are identified through a series of questions asked on both of the surveys used in this report.\n\nThe survey of self-identified Hispanics used the following screening questions:\n\n- Are you Hispanic or Latino?\n- Just to confirm, are you, yourself of Hispanic or Latino origin or descent? (If necessary: such as Mexican, Puerto Rican, Cuban, Dominican, Central or South American, Caribbean or some other Latin American bac"
    },
    "25": {
      "summary": " How about your grandparents, as far as you know, are any of them of Hispanic or Latino origin or descent, or not?  \n:  Thinking about your family history, as far as you know were any of your GREAT GRANDPARENTS or EARLIER ANCESTORS from Latin American or Spanish ancestry, or not?\n\n### Combining the two surveys\n\nSome analyses in this report relied on combining data from both surveys. This was done by merging the two data files and adjusting the weights to that the two groups were proportional to their share of the total population. According to the 2015 American Community Survey, self-identified Hispanics make up 16% of the nation’s non-institutionalized adult population, or account for 37.8 million adults. The share that do not identify as Hispanic, but say they have a Hispanic parent or grandparent was estimated to be just under 2% of all U.S. adults⁸, or 4.9 million. Consequently, the weights were scaled so that individuals who self-identify as Hispanic made up 89% of the combined sample and those who do not identify as Hispanics but say they have Hispanic ancestry made up 11%.\n\n### The 2015 National Survey of Latinos\n\nResults for this study are partially based on telephone interviews conducted by SSRS for Pew Research Center among a nationally representative sample of 1,500 Latino respondents ages 18 and older. It was conducted on cellular and landline telephones from Oct. 21 through Nov. 30, 2015.\n\nFor the full sample, a total of 705 respondents were U.S. born (including Puerto Rico), and 795 were foreign born (excluding Puerto Rico). For results based on the total sample, one can say with 95% confidence that the error attributable to sampling is plus or minus 3.3 percentage points.\n\nFor this survey, SSRS used a staff of bilingual English- and Spanish-speaking interviewers who, when contacting a household, were able to offer respondents the option of completing the survey in Spanish or English. A total of 679 respondents (45%) were surveyed in Spanish, and 821 r"
    },
    "26": {
      "summary": "25\n\nPEW RESEARCH CENTER\n\nTo ensure the highest possible coverage of the eligible population, the study employed a dual-frame landline/cellular telephone design. The sample consisted of a landline sampling frame (yielding 449 completed interviews) and a cellphone sampling frame (1,051 interviews).<sup>9</sup> Both the landline and cellphone sampling frames used a stratified sampling design, oversampling areas with higher densities of Latino residents. Overall the study employed six strata. Landline and\n\n| Sample size | Margin of error |\n|-------------|-----------------|\n| Total Latinos  | 1,500          |\n| U.S. born (incl. PR) | 705           |\n| Foreign born (excl. PR) | 795         |\n| Second generation | 369            |\n| Third or higher generation | 247 |\n\n95% confidence level\n\n| Sample size | Margin of error |\n|-------------|-----------------|\n| Total Latinos  | +/- 3.3% points |\n| U.S. born (incl. PR) | +/- 4.8% points |\n| Foreign born (excl. PR) | +/- 4.4% points |\n| Second generation | +/- 6.6% points |\n| Third or higher generation | +/- 8.4% points |\n\ncellphone samples were provided by Marketing Systems Group (MSG).\n\nFor the landline sampling frame, the sample was compared with InfoUSA and Experian landline household databases, and phone numbers associated with households that included persons with known Latino surnames were subdivided into a surname stratum. The remaining, unmatched and unlisted landline sample was used to generate a stratum with a high incidence of Latinos, based upon the share of Latinos in the sample telephone exchange.\n\nIt is important to note that the existence of a surname stratum does not mean the survey was exclusively a surname sample design. The sample is random digit dial (RDD), with the randomly selected telephone numbers divided by whether or not they were found to be associated with a Spanish surname. This was done to ease administration by allowing for more effective assignment of interviewers and labor hours, as well as in"
    },
    "27": {
      "summary": "26\n\nPEW RESEARCH CENTER\n\nSamples for the low-incidence landline and low-incidence cell strata were drawn from previously interviewed respondents in SSRS’s weekly dual-frame Excel omnibus survey. Respondents who indicated they were Latino on the omnibus survey were eligible to be re-contacted for the present survey. Altogether, a total of 293 previously interviewed respondents were included in this sample.\n\nA multi-stage weighting procedure was used to ensure an accurate representation of the national Hispanic population.\n\n- An adjustment was made for all persons found to possess both a landline and a cellphone, as they were more likely to be sampled than were respondents who possessed only one phone type. This adjustment also took into account the different sampling rate in the landline and cellphone samples.\n\n- The sample was corrected for a potential bias associated with re-contacting previously interviewed respondents in low-incidence strata.\n\n- The sample was corrected for within-household selection in landline interviews, which depended upon the number of Latino adults living in the household.\n\n- The sample was corrected for the oversampling of telephone number exchanges known to have higher densities of Latinos and the corresponding undersampling of exchanges known to have lower densities of Latinos.\n\nInterviews by Strata\n\n|                      | Landline | Cellphone |\n|----------------------|----------|-----------|\n| **Total Interviews** |          |           |\n| Surname             | 224 (50%) | 27%        |\n| High               | 90 (20%)  | 30%        |\n| Medium             |          | 263 (25%)  |\n| Low                | 135 (30%) | 43%        |\n| Total              | 449      | 1,051     |\n\nNote: “Total Interviews” include the prescreened omnibus interviews that were not subject to geographic stratification. The estimated population breakdown is based on counts from the 2013 American Community Survey. The over- or under-sampling of strata was corrected"
    },
    "28": {
      "summary": "2013 U.S. Census Bureau’s American Community Survey, on gender, age, education, census region, heritage and years in the U.S. Phone status of the U.S. adult Hispanic population (i.e., cellphone only, dual/landline only) is based on estimates from the January-June 2015 Centers for Disease Control’s National Health Interview Survey and density of the Latino population is from the 2010 Census.\n\n- Weights are then trimmed to avoid any particular case having too much influence on the overall estimates.\n\nSurvey of self-identified non-Hispanics with self-reported Hispanic ancestry\n\nResults for this study are also based on telephone interviews conducted by SSRS for Pew Research Center, among a nationally representative sample of 401 respondents ages 18 and older who do not identify as Latino or Hispanic, but report having Hispanic, Latino, Latin American or Spanish ancestry or heritage (“self-identified non-Hispanics”). The interviews were conducted in English on cellular and landline telephones from Nov. 11, 2015, through Feb. 7, 2016. (Respondents were offered the opportunity to complete the survey in Spanish, but all surveys were completed in English.)\n\nFor results based on the total sample, one can say with 95% confidence that the error attributable to sampling is plus or minus 5.9 percentage points.\n\nThis sample of “self-identified non-Hispanics” (i.e., they did not self-identify as Hispanic or Latino, but identified a parent, grandparent, great-grandparent as having Hispanic, Latino, Spanish or Latin American heritage or ancestry), is a very low incidence population. In order to collect an adequate number of interviews to allow for analysis of this group, SSRS used their Excel Omnibus Survey (OS) – a dual-frame survey offered in English and Spanish which they conduct on a weekly basis. Every week, the OS produces a nationally representative sample of adults ages 18 and older.\n\nDuring the field period, whenever a respondent on the OS was determined to be 18 years or ol"
    },
    "29": {
      "summary": "28\n\nPEW RESEARCH CENTER\n\nFor the OS, SSRS used a staff of bilingual interviewers who, when contacting a household, were able to offer respondents the option of completing the survey in Spanish or English. However, all 401 “self-identified non-Hispanic” respondents opted to complete the survey in English.\n\nThe OS employs a dual-frame landline/cellular telephone design. It includes a fully-replicated, single-stage, random digit dialing sample of landline telephone households, as well as randomly generated cell numbers. The landline sampling frame yielded 150 completed “self-identified non-Hispanic” interviews, and the cell phone sampling frame yielded 251 interviews.\n\nThere are no known reliable population estimates for the “self-identified non-Hispanic” population, as it is defined in this survey. As such, SSRS developed a self-weighted sample technique in which the full population of the OS was first weighted to be nationally representative, and then only those respondents who qualified as “self-identified non-Hispanics” were retained for analysis.\n\nFirst, in order to create the nationally-representative sample of the full population, SSRS implemented the following procedures:\n\n- An adjustment was made for all persons found to possess both a landline and a cell phone, as they were more likely to be sampled than were respondents who possessed only one phone type. This adjustment also took into account the different sampling rate in the landline and cellphone samples.\n\n- An additional adjustment was made to account for the number of phones within the household that are actually answered by the respondent or another member of the household.\n\n- The sample was corrected for within-household selection in landline interviews, which depended upon the number of adults living in the household.\n\n- The data were put through a post-stratification sample balancing routine. The post-stratification weighting utilized estimates of the U.S. adult population based on the U.S. Census B"
    },
    "30": {
      "summary": " Finally, the weights were truncated so they do not exceed 4.0 or fall below 0.25. This is necessary to ensure the consistency of the estimates across time and to avoid any particular case having too much influence on the overall estimates.\n\nThen, those 401 respondents from that nationally representative sample who did not identify as Hispanic or Latino, despite having a Hispanic ancestor were retained for analysis.\n\nPew Research Center undertakes all polling activity, including calls to mobile telephone numbers, in compliance with the Telephone Consumer Protection Act and other applicable laws.\n\nPew Research Center is a nonprofit, tax-exempt 501(c)(3) organization and a subsidiary of The Pew Charitable Trusts, its primary funder."
    },
    "31": {
      "summary": "30\n\nPEW RESEARCH CENTER\n\nAppendix A: References\n\nAlba, Richard. 2016. \"The Likely Persistence of a White Majority; How Census Bureau statistics have misled thinking about the American future.\" Washington, D.C.: The American Prospect. January.\n\nBlumberg, Stephen J. and Julian V. Luke. 2016. “Wireless Substitution: Early Release of Estimates From the National Health Interview Survey, January-June 2016.” Washington, D.C.: National Center for Health Statistics. June.\n\nFlores, Antonio. 2017. “How the U.S. Hispanic population is changing.” Washington, D.C.: Pew Research Center. September.\n\nFox News. 2016. “In Republican debate, Ted Cruz breaks into Spanish to try and one-up Rubio.” Washington, D.C.: February.\n\nGonzalez-Barrera, Ana. 2015. “More Mexicans Leaving Than Coming to the U.S.” Washington, D.C.: Pew Research Center. November.\n\nGonzalez-Barrera, Ana and Mark Hugo Lopez. 2013. “Spanish is the most spoken non-English language in U.S. homes, even among non-Hispanics.” Washington, D.C.: Pew Research Center. August.\n\nKrogstad, Jens Manuel. 2017. “U.S. Hispanic population growth has leveled off.” Washington, D.C.: Pew Research Center. August.\n\nKrogstad, Jens Manuel and Mark Hugo Lopez. 2017. “Use of Spanish declines among Latinos in major U.S. metros.” Washington, D.C.: Pew Research Center. October.\n\nKrogstad, Jens Manuel and Mark Hugo Lopez. 2014. “Hispanic Nativity Shift; U.S. births drive population growth as immigration stalls.” Washington, D.C., Pew Research. April.\n\nLivingston, Gretchen and Anna Brown. 2017. “Intermarriage in the U.S. 50 Years After Loving v. Virginia.” Washington, D.C.: Pew Research Center. May.\n\nLopez, Mark Hugo. 2013. “Three-Fourths of Hispanics Say Their Community Needs a Leader: Most Latinos Cannot Name one.” Washington, D.C.: Pew Research Center. October."
    },
    "32": {
      "summary": "2017. “US Business Cycle Expansions and Contractions.” Cambridge, MA: December.\n\nPassel, Jeffrey and Paul Taylor. 2009. “Who’s Hispanic?” Washington, D.C.: Pew Research Center. May.\n\nPew Hispanic Center and Kaiser Family Foundation. 2002. “2002 National Survey of Latinos Summary of Findings.” Washington, D.C.: December.\n\nPew Research Center. 2015. “Multiracial in America: Proud, Diverse and Growing in Numbers.” Washington, D.C.: June.\n\nPew Research Center. 2015. “Modern Immigration Wave Brings 59 Million to U.S., Driving Population Growth and Change Through 2065; Views of Immigration’s Impact on U.S. Society Mixed.” Washington, D.C.: Pew Research Center. September.\n\nPew Research Center. 2016. “Hispanic Population Growth and Dispersion Across U.S. Counties, 1980-2014.” Washington, D.C.: September.\n\nStepler, Renee and Mark Hugo Lopez. 2016. “U.S. Latino Population Growth and Dispersion Has Slowed Since Onset of the Great Recession.” Washington, D.C.: Pew Research Center. September.\n\nTaylor, Paul, Mark Hugo Lopez, Jessica Martínez and Gabriel Velasco. 2012. “When Labels Don’t Fit: Hispanics and Their Views of Identity.” Washington, D.C.: Pew Research Center. April.\n\nU.S. Census Bureau. 2016. “Only County in Nation With Majority of Population Age 65 or Older.” Washington, D.C. June."
    }
  }
}
