{
  "doc_id": "PG_20.07.30_U.S.-Views-China_final.pdf",
  "pages": {
    "1": {
      "summary": "30, 2020\n\n# Americans Fault China for Its Role in the Spread of COVID-19\n\n_Unfavorable views of China reach new historic high, and a majority supports taking a tougher stand on human rights_\n\n**BY** Laura Silver, Kat Devlin and Christine Huang\n\n**FOR MEDIA OR OTHER INQUIRIES:**\n\nLaura Silver, Senior Researcher\nGar Meng Leong, Communications Associate\n\n202.419.4372\nwww.pewresearch.org\n\n**RECOMMENDED CITATION**\n\nPew Research Center, July, 2020, “Americans Fault China for Its Role in the Spread of COVID-19”"
    },
    "2": {
      "summary": "1\n\nPEP RESEARCH CENTER\n\nAbout Pew Research Center\n\nPew Research Center is a nonpartisan fact tank that informs the public about the issues, attitudes and trends shaping America and the world. It does not take policy positions. The Center conducts public opinion polling, demographic research, content analysis and other data-driven social science research. It studies U.S. politics and policy; journalism and media; internet, science and technology; religion and public life; Hispanic trends; global attitudes and trends; and U.S. social and demographic trends. All of the Center’s reports are available at www.pewresearch.org. Pew Research Center is a subsidiary of The Pew Charitable Trusts, its primary funder.\n\n© Pew Research Center 2020"
    },
    "3": {
      "summary": "2\n\nPEW RESEARCH CENTER\n\nHow we did this\n\nThis analysis focuses on Americans’ views of China on topics including how the country has handled the coronavirus pandemic, the state of bilateral relations and attitudes about the country more broadly. Pew Research Center has been tracking attitudes toward China since 2005. This report also includes demographic analysis comparing groups with different levels of education, age and political leanings.\n\nFor this report, we used data from a nationally representative survey of 1,003 U.S. adults conducted by telephone from June 16 to July 14, 2020.\n\nHere are the questions used for the report, along with responses and survey methodology."
    },
    "4": {
      "summary": "3\n\nPEP RESEARCH CENTER\n\nAmericans’ views of China have continued to sour, according to a new Pew Research Center survey. Today, 73% of U.S. adults say they have an unfavorable view of the country, up 26 percentage points since 2018. Since March alone, negative views of China have increased 7 points, and there is a widespread sense that China mishandled the initial outbreak and subsequent spread of COVID-19.\n\nUnfavorable views of China reach new highs in U.S.\n\n% who say they have a(n) __ opinion of China\n\n100 %\n\nUnfavorable\n\n70\n\n60\n\n50\n\n40\n\n30\n\n20\n\n10\n\n0\n\n2005\n\n2010\n\n2015\n\n2020\n\nNote: Don't know responses not shown.\nSource: Survey of U.S. adults conducted June 16-July 14, 2020. Q8b.\n“Americans Fault China for Its Role in the Spread of COVID-19”\n\nPEP RESEARCH CENTER"
    },
    "5": {
      "summary": "64% say China has done a bad job dealing with the coronavirus outbreak. Around three-quarters (78%) place a great deal or fair amount of the blame for the global spread of the coronavirus on the Chinese government’s initial handling of the COVID-19 outbreak in Wuhan.\n\nFaith in President Xi Jinping to do the right thing in world affairs has also deteriorated: 77% have little or no confidence in him, up 6 percentage points since March and 27 points since last year.\n\nMore generally, Americans see Sino-U.S. relations in bleak terms. Around seven-in-ten (68%) say current economic ties between the superpowers are in bad shape – up 15 percentage points since May 2019, a time in the trade war when tariffs were ramping up. Around one-in-four (26%) also describe China as an enemy of the United States – almost double the share who said this when the question was last asked in 2012. Another 57% say China is a competitor of the U.S., while 16% describe it as a partner.\n\nAs the U.S. imposes sanctions on Chinese companies and officials over Beijing’s treatment of Uighurs and other minority groups – after originally resisting these actions – the American public appears poised to support a tough stance. Around three-quarters (73%) say the U.S. should try to promote human rights in China, even if it harms bilateral economic relations, while 23% say the U.S. should prioritize strengthening economic relations with China at the expense of confronting China on human rights issues.\n\nMore Americans also think the U.S. should hold China responsible for the role it played in the outbreak of the coronavirus (50%) than think this should be overlooked in order to maintain strong bilateral economic ties (38%). But, when asked about economic and trade policy toward China, Americans are slightly more likely to prefer pursuing a strong economic relationship (51%) to getting tough on China (46%). Still, more support getting tough on China now than said the\n\n---\n\n### Most Americans see China as havin"
    },
    "6": {
      "summary": "2019, when 35% held that view.\n\nWhile more Americans say the U.S. is the world’s leading economy (52%) than say the same of China (32%), views of U.S. economic superiority declined 7 percentage points over the past four months. And those who see China as economically dominant are less likely to support getting tough on China economically, instead prioritizing building a strong relationship with China on economic issues. They are also less likely to say the U.S. should hold China responsible for its role in the pandemic at the expense of the bilateral economic relationship."
    },
    "7": {
      "summary": "6\n\nPEP RESEARCH CENTER\n\nThese are among the findings of a new survey by Pew Research Center, conducted June 16 to July 14, 2020, among 1,003 adults in the United States. The survey also finds that while Republicans and Democrats both have negative views of China and are critical of Beijing’s handling of the coronavirus, this criticism is more prevalent among Republicans. Republicans and Republican-leaning independents are significantly more likely than Democrats and Democratic leaners to have a very unfavorable view of China, to criticize the Chinese government’s role in the global pandemic, and they often want to take a tougher policy approach to the country. (For more on partisan differences in views on China, see “Republicans see China more negatively than Democrats, even as criticism rises in both parties”.)\n\nRepublicans are much more critical of China’s handling of COVID-19 and have more negative views of the country\n\n% who say ...\n\nThe Chinese government’s initial handling of the coronavirus outbreak in Wuhan is a great deal to blame for the global spread of the virus\n\nThe U.S. should hold China responsible for the role it played in the outbreak of the coronavirus, even if it means worsening relations with China\n\nIt is more important to get tougher than to build a strong relationship with China on economic issues\n\nChina has done a bad job handling the coronavirus outbreak\n\nChina is an enemy of the U.S.\n\nThey have an unfavorable view of China\n\nThe U.S. should try to promote human rights in China, even if it harms economic relations with China\n\nCurrent economic ties between the U.S. and China are bad\n\nSource: Survey of U.S. adults conducted June 16-July 14, 2020. Q8b, Q10b, Q16, Q17, Q18, Q19, Q20 & Q20a.\n“Americans Fault China for Its Role in the Spread of COVID-19”\n\nPEW RESEARCH CENTER"
    },
    "8": {
      "summary": "73% of Americans have an unfavorable view of China today – the most negative reading in the 15 years that Pew Research Center has been measuring these views. This July survey also marks the third survey over the past two years in which unfavorable views of China have reached historic highs. Negative views have increased by 7 percentage points over the last four months alone and have shot up 26 points since 2018.\n\nThe percent who say they have a very unfavorable view of China is also at a record high of 42%, having nearly doubled since the spring of 2019, when 23% said the same.\n\nNegative views of China are consistent across education levels. Around seven-in-ten of those who have completed at least a college degree and those who have less schooling voice this opinion. Men and women also differ little in their views of China.\n\nMost Americans have an unfavorable view of China\n\n% who say they have a(n) opinion of China\n\n| Total | Unfavorable | Favorable |\n|-------|------------|-----------|\n| Ages 18-29 | 56         | 36        |\n| 30-49   | 71         | 23        |\n| 50+     | 81         | 14        |\n\nSource: Survey of U.S. adults conducted June 16-July 14, 2020. Q8b.\n“Americans Fault China for Its Role in the Spread of COVID-19”\n\nPEW RESEARCH CENTER"
    },
    "9": {
      "summary": "8\n\nPEW RESEARCH CENTER\n\nWhile majorities of every age group now have an unfavorable view of China, Americans ages 50 and older are substantially more negative (81%) than those ages 30 to 49 (71%) or those under 30 (56%). For those ages 50 and older, this represents an increase of 10 percentage points since March.\n\n**Older Americans turn even more negative toward China in recent months**\n\n% who say they have an unfavorable opinion of China\n\n100%\n\n50 and older\n\n51\n\n52\n\n53\n\n54\n\n55\n\n56\n\n57\n\n58\n\n59\n\n60\n\n61\n\n62\n\n63\n\n64\n\n65\n\n66\n\n67\n\n68\n\n69\n\n70\n\n71\n\n72\n\n73\n\n74\n\n75\n\n76\n\n77\n\n78\n\n79\n\n80\n\n81\n\n82\n\n83\n\n84\n\n85\n\n86\n\n87\n\n88\n\n89\n\n90\n\n91\n\n92\n\n93\n\n94\n\n95\n\n96\n\n97\n\n98\n\n99\n\n100\n\n2005\n\n2010\n\n2015\n\n2020\n\nSource: Survey of U.S. adults conducted June 16-July 14, 2020. Q8b.\n“Americans Fault China for Its Role in the Spread of COVID-19”\n\nPEW RESEARCH CENTER"
    },
    "10": {
      "summary": "83% of the last 15 years, Republicans continue to hold more unfavorable views of China than Democrats, 83% vs. 68%, respectively. Republicans are also much more likely to say they have a very unfavorable view of China (54%) than Democrats (35%).\n\nIn the past four months, negative views toward China among Republicans have increased 11 percentage points. Over the same period of time, unfavorable views among Democrats have increased 6 points, resulting in a 15 point gap between the parties.\n\nRepublicans remain more unfavorable toward China, but all partisans are increasingly negative\n\n% who say they have an unfavorable opinion of China\n\n100%\n\n\n\n\nSource: Survey of U.S. adults conducted June 16-July 14, 2020. Q8b. \"Americans Fault China for Its Role in the Spread of COVID-19\"\n\nPEW RESEARCH CENTER"
    },
    "11": {
      "summary": "10\n\nPEP RESEARCH CENTER\n\nAmericans are critical of China’s role in the spread of COVID-19\n\nAmericans are highly critical of the way China has handled the coronavirus outbreak. Around two-thirds (64%) say China has done a bad job, including 43% who say it has done a very bad job. (When a slightly different question was administered online in April and May, 63% of Americans said China was doing only a fair or a poor job dealing with the coronavirus outbreak, including 37% who said it was doing a poor job.)\n\nRepublicans and Republican-leaning independents are significantly more likely than Democrats and Democratic leaners to say China has done a bad job dealing with the coronavirus: 82% vs. 54%, respectively. And they are about twice as likely to think China has done a very bad job (61% vs. 30%). Older people, too, are more critical, with 73% of those ages 50 and older finding fault in China’s pandemic response, compared with 59% of those 30 to 49 and 54% of those under 30. But education has little relationship to how people think China has handled the novel coronavirus: Around two-thirds of those with and without a college degree say China has not done well in its response.\n\nRepublicans, older Americans more critical of China’s response to COVID-19\n\n% who say China has done a __ job dealing with the coronavirus outbreak\n\n| Bad | Good |\n|-----|------|\n| Total | 64% | 31% |\n\n| Ages 18-29 | 54 | 41 |\n| 30-49 | 59 | 35 |\n| 50+ | 73 | 23 |\n\n| Rep/Lean Rep | 82 | 15 |\n| Dem/Lean Dem | 54 | 42 |\n\nNote: Don’t know responses not shown.\nSource: Survey of U.S. adults conducted June 16-July 14, 2020.\nQ10b.\n“Americans Fault China for Its Role in the Spread of COVID-19”\n\nPEP RESEARCH CENTER"
    },
    "12": {
      "summary": "73% believe China’s early handling of the pandemic contributed a great deal to its spread, compared with 38% of Democrats who say the same. Older people, too, are especially likely to lay the blame on China.\n\n**Most in U.S. say China’s initial response to coronavirus contributed to its spread**\n\n*% who say the Chinese government’s initial handling of the coronavirus outbreak in Wuhan is __ to blame for the global spread of the virus*\n\n| A great deal | A fair amount | Not too much | Not at all |\n|--------------|---------------|----------------|-------------|\n| 51%           | 27             | 12              | 8            |\n\nNote: Don’t know responses not shown.\nSource: Survey of U.S. adults conducted June 16-July 14, 2020.\nQ20.\n“Americans Fault China for Its Role in the Spread of COVID-19”\n\n**PEW RESEARCH CENTER**"
    },
    "13": {
      "summary": "12\n\nHalf of Americans think the U.S. should hold China responsible for its role in the outbreak of the coronavirus, even if it means worsening economic relations, while 38% think the U.S. should prioritize strong U.S.-China relations, even if it means overlooking any role China played in the outbreak of the virus.\n\nThose who think China has done a poor job handling the outbreak or who fault its role in the virus’s global spread are significantly more likely to have negative views of the country. For example, 85% of those who say China had done a poor job handling the COVID-19 pandemic have an unfavorable view of the country, compared with 53% among those who think it’s doing a good job dealing with the outbreak.\n\nHalf of Americans think the U.S. should hold China responsible for its role in the pandemic\n\n% who say the Chinese government’s initial handling of the coronavirus outbreak in Wuhan is __ to blame for the global spread of the virus\n\nA great deal Not at all Fair amount DK/Refused Not too much\n\n51% 27 12 8 2\n\n% who say ...\n\nThe U.S. should prioritize strong U.S.-China relations, even if it means overlooking any role China played in the outbreak of the coronavirus\n\n38%\n\n5%\n\n8%\n\n50%\n\nThe Chinese government's initial handling of the coronavirus outbreak in Wuhan is not at all to blame for the global spread of the virus\n\nThe U.S. should hold China responsible for the role it played in the outbreak of the coronavirus, even if it means worsening relations with China\n\nNote: Based on total sample. Those who said the Chinese government’s initial handling of the virus is not at all to blame for the global spread of the virus were not asked how the U.S. should handle China’s perceived role.\nSource: Survey of U.S. adults conducted June 16-July 14, 2020. Q20 & Q20_tot.\n“Americans Fault China for Its Role in the Spread of COVID-19”\n\nPEW RESEARCH CENTER"
    },
    "14": {
      "summary": "13\n\nPEP RESEARCH CENTER\n\nAmericans divided on getting tougher with China on trade\n\nWhen it comes to the bilateral economic relationship, Americans, by a more than two-to-one margin, say economic ties are bad (68%) rather than good (30%). And a quarter say economic relations are very bad.\n\nWhile more than half thought economic ties were bad in the spring of 2019, when the question was last posed, this sense has increased by 15 percentage points over the past year. These shifts are visible across the political spectrum. Among Republicans and Republican-leaning independents, who were split nearly evenly last year, a majority (63%) now believe bilateral economic ties are bad, a 15-point increase. Democrats and Democratic-leaning independents have also become more negative – roughly three-quarters (73%) say ties are bad, up 12 points from a year prior.\n\nRising share say U.S. economic ties with China are bad\n\n% who say current economic ties between the U.S. and China are ...\n\n100%\n\nBad\n\nGood\n\n0\n\n2019\n\n2020\n\nNote: Don’t know responses not shown.\nSource: Survey of U.S. adults conducted\nJune 16-July 14, 2020. Q16.\n“Americans Fault China for Its Role in the Spread of COVID-19”\n\nPEW RESEARCH CENTER"
    },
    "15": {
      "summary": "14\n\nPEW RESEARCH CENTER\n\nAnd Americans have mixed preferences on how to best shape economic and trade policies with China. Around half say it is more important to build a stronger relationship with China, while 46% place more value on getting tougher with China. In the past year, the share endorsing a tougher stance with China on economic and trade policy has grown by 11 percentage points.\n\nRepublicans and Democrats have both shifted their views over the past year in favor of getting tougher on China on economics and trade. Today, roughly two-thirds of Republicans support this position, 12 points higher than in 2019. Democrats, for their part, are 14 points more likely this year to favor getting tough on China, though only a third pick this option over building relations.\n\nU.S. public increasingly seeking tougher stance toward China on trade\n\n% who say that when it comes to our economic and trade policy toward China, it is more important to ...\n\n100%\n\nBuild a stronger relationship with China\n\nChina\n\n51\n\n49\n\n53\n\n40\n\n42\n\n41\n\nGet tougher with China\n\n35\n\n46\n\n0\n\n2011\n\n2014\n\n2017\n\n2020\n\n% who say it is more important to get tougher with China on economic issues\n\n100%\n\n64\n\n51\n\n32\n\n37\n\n35\n\nDem/Lean Dem\n\n19\n\n0\n\n2011\n\n2014\n\n2017\n\n2020\n\nNote: Don’t know responses not shown.\nSource: Survey of U.S. adults conducted June 16-July 14, 2020.\nQ17.\n“Americans Fault China for Its Role in the Spread of COVID-19”\n\nPEW RESEARCH CENTER"
    },
    "16": {
      "summary": "15\n\nPEP RESEARCH CENTER\n\nMajority favors promoting human rights in China over prioritizing economic relations\n\nIn recent months the Chinese government has come under fire on several human rights fronts, including a new national security law in Hong Kong, mass surveillance and detention of ethnic Muslim Uighurs, drastic responses to the coronavirus and mistreatment of Africans in the country.\n\nWhen asked whether the U.S. should prioritize economic relations with China or promote human rights in China, nearly three-quarters of Americans choose human rights, even if it harms economic relations with China.\n\nDemocrats are more likely than Republicans to emphasize human rights over economic gain, though at least seven-in-ten of both groups hold this opinion. Younger and older Americans alike prefer more emphasis on human rights than economic relations when it comes to China. Less than a quarter of all age groups say the U.S. should prioritize economic relations with China, even if it means not addressing human rights issues.\n\nMost Americans say human rights a higher priority than economic relations for U.S.-China relationship\n\n% who say the U.S. should ...\n\n| Priorities Economic Relations with China | Promote human rights in China |\n|---|---|\n| Total    | 23%    | 73%    |\n\n| Ages 18-29    | 21    | 76    |\n| 30-49    | 22    | 75    |\n| 50+    | 24    | 71    |\n\n| Rep/Lean Rep    | 26    | 70    |\n| Dem/Lean Dem    | 20    | 78    |\n\nNote: Don’t know responses not shown.\nSource: Survey of U.S. adults conducted June 16-July 14, 2020.\nQ19.\n“Americans Fault China for Its Role in the Spread of COVID-19”\n\nPEW RESEARCH CENTER"
    },
    "17": {
      "summary": "16\n\nPEP RESEARCH CENTER\n\nMost Americans see China as a competitor, but share seeing the country as an enemy grows\n\nWhen asked if they see China as a competitor, enemy or partner, a majority of Americans say they see the country as a competitor (57%). This is a significant decline from last time the question was asked in 2012, when 66% said the same. The share of Americans who consider China an enemy has increased by 11 percentage points over the same period, from 15% to 26%. The proportion of Americans who see China as a partner has remained steady at 16%.\n\nThe share of Republicans and Republican-leaning independents who see China as an enemy has increased 21 percentage points since the question was last asked in 2012. In comparison, there has been an 8 percentage point increase among Democrats and Democratic-leaning independents, widening the gap between the two parties.\n\nPerceptions of China’s relationship with the U.S. differ by age. While roughly a quarter of those ages 18 to 29 see China as a partner, only 6% of those 50 and older say the same. Conversely, older Americans are nearly three times as likely as their younger counterparts to see China as an enemy (36% vs. 13%). Americans of all age groups are equally likely to see China as a competitor.\n\nAmericans who see China’s initial handling of the coronavirus outbreak as at least somewhat responsible for the global pandemic are more likely to see China as an enemy.\n\nFew Americans see China as a partner\n\n% who think of China as a(n) ...\n\n100%\n\n66\n\nCompetitor\n\n67\n\nEnemy\n\n16\n\nPartner\n\n0\n\n2012\n\n2020\n\n% of ... who think of China as an enemy\n\n100%\n\nRep/Lean Rep\n\n38\n\n17\n\n19\n\n11\n\nDem/Lean Dem\n\n0\n\n2012\n\n2020\n\nNote: Don’t know responses not shown.\nSource: Survey of U.S. adults conducted\nJune 16-July 14, 2020. Q18.\n“Americans Fault China for Its Role in the\nSpread of COVID-19”\n\nPEW RESEARCH CENTER"
    },
    "18": {
      "summary": "17\n\nPEP RESEARCH CENTER\n\nAmericans’ views of their international economic standing falters\n\nSince the coronavirus outbreak was declared a pandemic in March, the U.S. unemployment rate has skyrocketed, and the International Monetary Fund predicts the U.S. gross domestic product will shrink in 2020, while the Chinese economy will achieve positive growth. The American public’s economic confidence has also declined. While 52% of Americans still see their country as the world’s leading economic power, this is down from 59% in March, an unprecedented high in Pew Research Center’s surveys on this question.\n\nThe share of Americans who see China as the world’s top economy continues to hold steady at about a third (32%). No more than one-in-ten name either Japan or the European Union as the world’s leading economy (5% and 6%, respectively).\n\nAmerican men are significantly more likely than women to see the U.S. as the world’s top economy. But there are few differences in opinion across different age groups or education levels.\n\nAmericans still see their country as the world’s leading economy – but this is down since March\n\n% who say ___ is the world’s leading economic power\n\n100%\n\nU.S.\n\nChina\n\n0\n\n2008\n\n2011\n\n2014\n\n2017\n\n2020\n\nNote: Data for “Japan” and “The countries of the European Union” and for the volunteered categories “Other” and “None/There is no leading economic power” not shown. Don’t know responses not shown.\nSource: Survey of U.S. adults conducted June 16-July 14, 2020. Q14.\n“Americans Fault China for Its Role in the Spread of COVID-19”\n\nPEP RESEARCH CENTER"
    },
    "19": {
      "summary": "18\n\nPEW RESEARCH CENTER\n\nWhile Republicans’ views on this question have mostly held steady over the past four months, Democrats have become significantly less likely to see the U.S. as the leading global economy: 54% of Democrats held this opinion in March, compared with 44% today.\n\nSince March, decline in share of Democrats who see the U.S. as the world’s top economy\n\n% of __ who say the U.S. is the world’s leading economic power\n\n100%\n\nRep/Lean Rep\n\n49 42 39 44 43 52 53 56 59 64 40 37 41 44 43 40\n\nDem/Lean Dem\n\n0 2011 2014 2017 2020\n\nSource: Survey of U.S. adults conducted June 16-July 14, 2020. Q14. “Americans Fault China for Its Role in the Spread of COVID-19”\n\nPEW RESEARCH CENTER"
    },
    "20": {
      "summary": "19\n\nPEP RESEARCH CENTER\n\nFew have faith in President Xi\n\nWhen asked how much confidence they have in Chinese President Xi Jinping to do the right thing regarding world affairs, about three-quarters of Americans say they have not too much confidence or no confidence at all (77%). And, for the first time since the question was first asked in 2014, a majority (55%) now say they have no confidence at all in the Chinese president. This is a 10-point increase from March and more than double the share who said so last year.\n\nThe low confidence in President Xi is tied to concerns over how China has handled the coronavirus pandemic. Americans who say the Chinese government has done a bad job dealing with the coronavirus outbreak are significantly more likely to have no confidence in Xi (64%) than those who say it has done a good job (39%). The same is also true for those who blame China for the global spread of the virus.\n\nAs Xi and Trump discuss execution of the Phase 1 trade agreement, signed in January, Americans’ views of the bilateral economic relationship also are associated with their opinion of Xi. Those who think Sino-U.S. economic relations are bad are significantly more likely to have no confidence in him (61%) than those who think relations are good (44%).\n\nAmericans ages 50 and older are about 20 percentage points more likely than their younger counterparts to have no confidence at all in Xi (62% vs. 40%). And a partisan divide in evaluations of Xi has reemerged. Republicans and Republican-leaning independents are now 10 points more likely than their Democratic counterparts to have no confidence at all in Xi. In comparison, partisans were equally likely to lack confidence in the Chinese leader in March, as well as in 2019 and 2018.\n\nAmericans continue to lose faith in Xi\n\n% who say they have in Chinese President Xi Jinping to do the right thing regarding world affairs\n\n100%\n\nNET\n\n58\n\n60\n\n50\n\n50\n\n70\n\n71\n\nNot too much confidence\n\nNo confidence at all\n\nSource: Surv"
    },
    "21": {
      "summary": "20\n\nPEW RESEARCH CENTER\n\nAcknowledgments\n\nThis report is a collaborative effort based on the input and analysis of the following individuals.\n\nLaura Silver, Senior Researcher\nKat Devlin, Research Associate\nChristine Huang, Research Analyst\n\nJames Bell, Vice President, Global Strategy\nAlexandra Castillo, Research Methodologist\nJeremiah Cha, Research Assistant\nAidan Connaughton, Research Assistant\nStefan S. Cornibert, Communications Manager\nClaudia Deane, Vice President, Research\nMoira Fagan, Research Analyst\nJanell Fetterolf, Research Associate\nShannon Greenwood, Digital Producer\nMichael Keegan, Senior Information Graphics Designer\nDavid Kent, Copy Editor\nNicholas O. Kent, Research Assistant\nColin Lahiff, Communications Associate\nGar Meng Leong, Communications Associate\nClark Letterman, Senior Survey Manager\nGracie Martinez, Administrative Coordinator\nJ.J. Moncus, Research Assistant\nMartha McRoy, Research Methodologist\nMara Mordecai, Research Assistant\nPatrick Moynihan, Associate Director, International Research Methods\nStacy Pancratz, Research Methodologist\nJacob Poushter, Associate Director, Global Attitudes Research\nShannon Schumacher, Research Associate\nRichard Wike, Director, Global Attitudes Research"
    },
    "22": {
      "summary": "21\n\nPEW RESEARCH CENTER\n\nMethodology\n\nAbout Pew Research Center’s Summer 2020 Global Attitudes Survey\n\nResults for the survey are based on telephone interviews conducted under the direction of Abt Associates. The results are based on national samples, unless otherwise noted. More details about our international survey methodology and country-specific sample designs are available here."
    }
  }
}
