{
  "doc_id": "PG_2021.03.04_US-Views-on-China_FINAL.pdf",
  "pages": {
    "1": {
      "summary": "2021\n\n# Most Americans Support Tough Stance Toward China on Human Rights, Economic Issues\n\nFewer have confidence in Biden to handle U.S.-China relationship than other foreign policy issues\n\nBY Laura Silver, Kat Devlin and Christine Huang\n\nFOR MEDIA OR OTHER INQUIRIES:\n\nLaura Silver, Senior Researcher\nStefan Cornibert, Communications Manager\n\n202.419.4372\nwww.pewresearch.org\n\nRECOMMENDED CITATION\nPew Research Center, March, 2021, “Most Americans Support Tough Stance Toward China on Human Rights, Economic Issues”"
    },
    "2": {
      "summary": "1\n\nPEP RESEARCH CENTER\n\nAbout Pew Research Center\n\nPew Research Center is a nonpartisan fact tank that informs the public about the issues, attitudes and trends shaping America and the world. It does not take policy positions. The Center conducts public opinion polling, demographic research, content analysis and other data-driven social science research. It studies U.S. politics and policy; journalism and media; internet, science and technology; religion and public life; Hispanic trends; global attitudes and trends; and U.S. social and demographic trends. All of the Center’s reports are available at www.pewresearch.org. Pew Research Center is a subsidiary of The Pew Charitable Trusts, its primary funder.\n\n© Pew Research Center 2021"
    },
    "3": {
      "summary": "2\n\nPEW RESEARCH CENTER\n\n# How we did this\n\nPew Research Center conducted this study to understand American views toward China. For this analysis, we surveyed 2,596 U.S. adults from Feb. 1 to 7, 2021. Everyone who took part in this survey is a member of the Center’s American Trends Panel (ATP), an online survey panel that is recruited through national, random sampling of residential addresses. This way nearly all U.S. adults have a chance of selection. The survey is weighted to be representative of the U.S. adult population by gender, race, ethnicity, partisan affiliation, education and other categories. Read more about the ATP’s methodology.\n\nWhile Pew Research Center has been tracking attitudes toward China since 2005, prior to 2020, most of this work was done using nationally representative phone surveys. As a result, some long-standing trends may not appear in this report and others will indicate the shift in mode in the text and graphics, as appropriate. (For details on this shift and what it means for key measures of U.S. favorability toward China, see “What different survey modes and question types can tell us about Americans’ views of China.”)\n\nWe also draw on an open-ended question: “We’d like to learn a little bit about what you think about when you think about China. Please share the first things that come to mind when you think about China.” To analyze this question, we hand-coded 2,010 responses using a researcher-developed codebook. For more on this particular question, see “In their own words: What Americans think about China.”\n\nHere are the questions used for the report, along with responses and survey methodology."
    },
    "4": {
      "summary": "3\n\nPEP RESEARCH CENTER\n\nMost Americans Support Tough Stance Toward China on Human Rights, Economic Issues\n\nFewer have confidence in Biden to handle U.S.-China relationship than other foreign policy issues\n\nPresident Joe Biden has inherited a complicated U.S.-China relationship that includes a trade war, mutually imposed sanctions on high-ranking officials, tensions flaring over human rights issues, Hong Kong and Taiwan, and an American public with deeply negative feelings toward China.\n\nRoughly nine-in-ten U.S. adults (89%) consider China a competitor or enemy, rather than a partner, according to a new Pew Research Center survey. Many also support taking a firmer approach to the bilateral relationship, whether by promoting human rights in China, getting tougher on China economically or limiting Chinese students studying abroad in the United States.\n\nMore broadly, 48% think limiting China’s power and influence should be a top foreign policy priority for the U.S., up from 32% in 2018.\n\nToday, 67% of Americans have “cold” feelings toward China on a “feeling thermometer,” giving the country a rating of less than 50 on a 0 to 100 scale. This is up from just 46% who said the same in\n\nMajority supports a more assertive stance on bilateral relations with China across a range of issues\n\n% who say the U.S. should ...\n\nPrioritize strengthening economic relations with China, even if it means not addressing human rights issues\n\nTry to promote human rights in China, even if it harms economic relations with China\n\n26%\n\n70%\n\n% who ... limiting Chinese students studying in the U.S.\n\nOppose\n\nSupport\n\n43%\n\n55%\n\n% who say it is more important to ...\n\nBuild a strong relationship with China on economic issues\n\nGet tougher with China on economic issues\n\n44%\n\n53%\n\nNote: Those who did not answer not shown.\nSource: Survey of U.S. adults conducted Feb. 1-7, 2021. Q20, Q50 & Q55.\n“Most Americans Support Tough Stance Toward China on Human Rights, Economic Issues”\n\nPEP RESEARCH CENTER\n\nwww.pewre"
    },
    "5": {
      "summary": "2018. The intensity of these negative feelings has also increased: The share who say they have “very cold” feelings toward China (0-24 on the same scale) has roughly doubled from 23% to 47%.\n\nAmericans have many specific concerns when it comes to China, and the sense that certain issues in the bilateral relationship – including cyberattacks, job losses to China, and China’s growing technological power – are major problems has grown over the past year alone. Half of Americans now say China’s policy on human rights is a very serious problem for the U.S. – up 7 percentage points since last year. And nine-in-ten Americans say China does not respect the personal freedoms of its people.\n\nSharp rise in share of Americans who view China negatively, driven mostly by Republicans\n\n% who ...\n\n\n\n\\[\\begin{array}{c}\n\\text{Rep/Lean Rep} \\\\\n\\text{Total} \\\\\n\\text{China} \\\\\n\\text{Dem/Lean Dem} \\\\\n\\text{Total} \\\\\n\\text{China} \\\\\n\\text{Dem/Lean Dem} \\\\\n\\text{Total} \\\\\n\\text{China} \\\\\n\\text{Dem/Lean Dem} \\\\\n\\text{Total} \\\\\n\\text{China} \\\\\n\\text{Dem/Lean Dem} \\\\\n\\text{Total} \\\\\n\\text{China} \\\\\n\\text{Dem/Lean Dem} \\\\\n\\text{Total} \\\\\n\\text{China} \\\\\n\\text{Dem/Lean Dem} \\\\\n\\text{Total} \\\\\n\\text{China} \\\\\n\\text{Dem/Lean Dem} \\\\\n\\text{Total} \\\\\n\\text{China} \\\\\n\\text{Dem/Lean Dem} \\\\\n\\text{Total} \\\\\n\\text{China} \\\\\n\\text{Dem/Lean Dem} \\\\\n\\text{Total} \\\\\n\\text{China} \\\\\n\\text{Dem/Lean Dem} \\\\\n\\text{Total} \\\\\n\\text{China} \\\\\n\\text{Dem/Lean Dem} \\\\\n\\text{Total} \\\\\n\\text{China} \\\\\n\\text{Dem/Lean Dem} \\\\\n\\text{Total} \\\\\n\\text{China} \\\\\n\\text{Dem/Lean Dem} \\\\\n\\text{Total} \\\\\n\\text{China} \\\\\n\\text{Dem/Lean Dem} \\\\\n\\text{Total} \\\\\n\\text{China} \\\\\n\\text{Dem/Lean Dem} \\\\\n\\text{Total} \\\\\n\\text{China} \\\\\n\\text{Dem/Lean Dem} \\\\\n\\text{Total} \\\\\n\\text{China} \\\\\n\\text{Dem/Lean Dem} \\\\\n\\text{Total} \\\\\n\\text{China} \\\\\n\\text{Dem/Lean Dem} \\\\\n\\text{Total} \\\\\n\\text{China} \\\\\n\\text{Dem/Lean Dem} \\\\\n\\text{Total} \\\\\n\\text{China} \\\\\n\\text{Dem/Lean Dem} \\\\\n\\text{Total} \\\\\n\\text{China} \\\\\n\\text{Dem/Lean Dem} \\\\\n\\text{Tot"
    },
    "6": {
      "summary": "20%\n\n\n\n**When Americans think of China, human rights and the economy are top of mind**\n\n_What’s the first thing you think about when you think about China? (%)_\n\n_[OPEN-END]_\n\n|Human rights|Col2|\n|---|---|\n|Lack of freedoms Genocide, Uyghurs Economy \"Made in China,\" manufacturing Bad products, knockoffs High growth rate Political system Dictatorship Communism/CCP Threats China wants to be the most powerful country U.S.-China relationship China hurts the U.S. economy General threat to the U.S.|9|\n||3|\n||19|\n||4|\n||3|\n||17|\n||8|\n||8|\n||13|\n||6|\n||12|\n||5|\n||4|\n||12|\n||7|\n||5|\n||4|\n||3|\n||3|\n||4|\n||3|\n||3|\n\n\n\n**General negatively adjectives**\n\n**COVID-19**\n\n**Population size**\n\n**Generally positive adjectives**\n\n**Pollution**\n\n**Biden**\n\n**People**\n\n\nNote: Open-ended question. Responses that were given by fewer than 3% of respondents not shown. Refusals, don’t knows and “other” responses not shown. See topline for full details. Numbers may exceed 100% due to multiple responses (first five mentions included).\nSource: Survey of U.S. adults conducted Feb. 1-7, 2021, Q39.\n“Most Americans Support Tough Stance Toward China on Human Rights, Economic Issues”\n\n**PEW RESEARCH CENTER**\n\n\nHuman rights concerns also are frequently cited when Americans are asked, in an open-ended format, about the first thing that comes to mind when they think of China. One-in-five mention human rights concerns, with 3% specifically focused on Uyghurs in Xinjiang. (For more on the open-ended responses, as well as how they were coded, see “In their own words: What Americans think about China.” Quotations from this open-ended question appear throughout this report to provide context for the survey findings. They do not represent the opinion of all Americans on any given topic. They have been edited lightly for grammar and clarity.)\n\n_“The Chinese people as individuals are no different than other people, but their government is a totalitarian Communist regime bent on conquering its neighbors and land-g"
    },
    "7": {
      "summary": "6\n\nPEP RESEARCH CENTER\n\nMany also mentioned China’s powerful economy, its dominance as a manufacturing center — sometimes at the expense of the environment or workers — and issues related to the U.S.-Chinese economic relationship. Overall, Americans see current economic ties with China as fraught: Around two-thirds (64%) describe economic relations between the superpowers as somewhat or very bad.\n\n“Leader in technology. Makes a lot of cheap products. A possible threat.”\n\n—Man, 54\n\n---\n\n### Rising concerns about China on many issues\n\n% who say __ would be a very serious problem for the U.S.\n\n| Cyberattacks from China | China’s policies on human rights | The loss of U.S. jobs to China | China’s growing military power |\n|---|---|---|---|\n| 100%    |    |    |    |\n| 2020-2021 change: +7 | +7    | +6    | +6    |\n| 58    | 65    | 43    | 47    |\n| 53    | 46    | 52    |\n\n| China’s growing technological power | Tensions between mainland China and Hong Kong | The U.S. trade deficit with China | Tensions between mainland China and Taiwan |\n|---|---|---|---|\n| 100%    |    |    |    |\n| 2020    |    |    |    |\n| 2021    |    |    |    |\n| 2020    |    |    |    |\n| 2021    |    |    |    |\n\nNote: Statistically significant differences shown in bold. Tensions between mainland China and Taiwan was not asked in 2020.\nSource: Survey of U.S. adults conducted Feb. 1-7, 2021. Q51a-h.\n“Most Americans Support Tough Stance Toward China on Human Rights, Economic Issues”\n\nPEW RESEARCH CENTER\n\nAmericans are also critical of how China is dealing with some key issues. When it comes to dealing with global climate change, for example, a broad 79% majority thinks China is doing a bad job,\n\nwww.pewresearch.org"
    },
    "8": {
      "summary": "45% who think it’s doing a very bad job. More Americans also think China is doing a bad job (54%) than a good one (43%) dealing with the coronavirus pandemic. Still, people are about as critical of America’s own handling of the pandemic (58% say it is doing a bad job).\n\nAs President Biden seeks to navigate this tumultuous relationship, few Americans put much stock in his Chinese counterpart, President Xi Jinping. Only 15% have confidence in Xi to do the right thing regarding world affairs, whereas 82% do not – including 43% who have no confidence in him at all.\n\nWhile 60% of Americans have confidence in Biden to do the right thing regarding world affairs in general, when it comes to dealing effectively with China, only 53% say they have confidence in him. This is fewer than say they have confidence in him to handle any of the other foreign policy issues asked about on the survey. Partisans are also worlds apart on this issue: 83% of Democrats and Democratic-leaning independents have confidence in Biden to deal effectively with China, compared with only 19% of Republicans and Republican leaners.\n\nMany other issues related to China are also quite divided across party lines. Republicans are significantly more likely to say the U.S. should get tougher on China on economic issues (instead of trying to strengthen economic relations), to describe China as an enemy of the U.S. – rather than as competitor or partner – and to have very cold feelings toward China. They are also more likely to support limiting the ability of Chinese students to study in the U.S.\n\nAmerica has less faith in Biden to deal with China than to handle other foreign policy issues\n\n% who have __ in President Joe Biden to ...\n\n| Confidence | Confidence |\n|-----------|------------|\n| 32%       | 67%        |\n| 39        | 60        |\n| 39        | 60        |\n| 41        | 59        |\n| 40        | 59        |\n\nDeal effectively with China\n\nNote: Those who did not answer not shown.\nSource: Survey of U.S. a"
    },
    "9": {
      "summary": "8\n\nPEW RESEARCH CENTER\n\nRepublicans are also more likely than Democrats to describe most issues in the bilateral relationship as very serious problems for the U.S., including the loss of U.S. jobs to China (by 24 percentage points) and the U.S. trade deficit with China (19 points). The gap between the parties on these issues has grown over the past year, too, with Republicans increasingly describing these issues as very serious but Democratic opinion changing little.\n\nOnly on human rights-related issues — both the perception that China’s human rights policies are a major problem and support for promoting human rights in China — do Democrats and Republicans largely agree. The sense that China’s human rights policies are an issue in the bilateral relationship also increased a similar amount among both Republicans and Democrats over the past year.\n\nLarge partisan divides on many China-related issues – but not in concerns about human rights\n\n% who ...\n\nSay it is more important to get tougher than build a strong relationship with China on economic issues\n\nThink of China, on balance, as an enemy of the U.S.\n\nSupport limiting Chinese students studying in the U.S.\n\nHave “very cold” feelings toward China\n\nSay the U.S. should try to promote human rights in China, even if it harms economic relations\n\nSay China’s policies on human rights are a very serious problem for the U.S.\n\nNote: Statistically significant differences shown in bold. “Very cold” refers to ratings of 0-24 on a feeling thermometer. Thermometer was asked as: “We’d like to get your feelings toward some different countries in the world on a ‘feeling thermometer.’ A rating of zero degrees means you feel as cold and negative as possible. A rating of 100 degrees means you feel as warm and positive as possible. You would rate the country at 50 degrees if you don’t feel particularly positive or negative toward the country. How do you feel toward China?”\n\nSource: Survey of U.S. adults conducted Feb. 1-7, 2021. Thermchin"
    },
    "10": {
      "summary": "0.5pt\n\n## 9\n\n**Pew Research Center**\n\n### Growing share of Americans express cold feelings toward China\n\nA majority of Americans have negative feelings toward China, up substantially since 2018.\n\nRespondents indicated their feelings using a “feeling thermometer” where a rating of zero degrees means they feel as cold and negative as possible, a rating of 100 degrees means they feel as warm and positive as possible, and a rating of 50 degrees means they don’t feel particularly positively or negatively toward China. Based on this, 67% of Americans today feel “cold” toward China (a rating of 0 to 49). This is up 21 percentage points from the 46% who said the same in 2018.\n\n---\n\n### Negative views of China up substantially since 2018\n\n*% who rate China as ___ on a feeling thermometer from 0 (coldest rating) to 100 (warmest rating)*\n\n|    | Total | Rep/Lean Rep | Dem/Lean Dem |\n|---|---|---|---|\n| Very warm | 8%    | 4    | 2    |\n| Somewhat warm | 13%   | 7    | 4    |\n| Neutral    | 20%   | 9    | 15    |\n| Somewhat cold | 23%   | 24    | 17    |\n| Very cold  | 23%   | 31    | 62    |\n\nNote: Those who did not answer not shown. “Very cold” refers to ratings of 0-24 out of 100. “Somewhat cold” refers to ratings of 25-49. “Neutral” refers to ratings of exactly 50, and “somewhat warm” and “very warm” refer to ratings of 51-75 and 76-100, respectively.\n\nThermometer was asked as: “We’d like to get your feelings toward some different countries in the world on a ‘feeling thermometer’. A rating of zero degrees means you feel as cold and negative as possible. A rating of 100 degrees means you feel as warm and positive as possible. You would rate the country at 50 degrees if you don’t feel particularly positive or negative toward the country. How do you feel toward China?”\n\nSource: Survey of U.S. adults conducted Feb. 1-7, 2021. Thermchina.\n\n“Most Americans Support Tough Stance Toward China on Human Rights, Economic Issues”\n\n**Pew Research Center**\n\nNearly half (47%) of Americans "
    },
    "11": {
      "summary": "7% of Americans have “warm” feelings (51-75) toward China and even fewer (4%) say they have “very warm” evaluations of the country (76-100). One-in-five Americans have neutral feelings toward the country, giving it a rating of exactly 50 on the thermometer.\n\nWhile negative feelings toward China have increased among both Republicans and Democrats, the size of the partisan gap has also grown since 2018. Today, 62% of Republicans feel “very cold” (0-24) toward China — up 31 points since 2018. In comparison, 38% of Democrats report “very cold” feelings, up 21 points over the same period.\n\nUnderstanding the over-time change in views of China\n\nSince 2005, Pew Research Center has used telephone polling to measure Americans’ views of China as part of the Global Attitudes annual survey. Using the same four-point question each year, which asks people whether they have a “very favorable, somewhat favorable, somewhat unfavorable or very unfavorable view of China,” we have tracked the ups and downs in Americans’ views of the superpower, including the 26-point increase in negative views that has taken place since 2018.\n\nBeginning this year, however, Pew Research Center has shifted to conducting the U.S. portion of its annual Global Attitudes survey using the American Trends Panel (ATP), a nationally representative online panel of adults that is the Center’s principal source of data for U.S. public opinion research. To prepare for this transition, we fielded two surveys simultaneously in early 2020 – one on the phone and one on the ATP –"
    },
    "12": {
      "summary": "11\n\nPEW RESEARCH CENTER\n\nasking the same question about Americans’ favorability of China. Results indicated there were substantial differences by survey mode: 66% of those surveyed by phone had an unfavorable view of China, compared with 79% of those surveyed online.\n\nBecause of these mode differences, we fielded two different survey questions on the ATP this year. The first is a “feeling thermometer,” which asks people to evaluate their opinion of China on a 0 to 100 scale, where a rating of 51 or higher is “warm,” 50 is neutral and below 50 is “cold.” This question, which is the predominant focus of this report, was previously asked on the ATP in 2018 and 2016. Looking at these three points in time, we can see that the sharp increase in negative views of China that we have been documenting via our phone surveys is also evident via these online surveys. On this measure, those who say they are “cold” (0-49) toward China has increased from 46% in 2018 to 67% in 2021, or 21 percentage points.\n\nSecond, we also asked our traditional four-point favorability question. Because of the mode differences previously identified, we decided that this number from the online survey was not directly comparable to the phone surveys previously conducted. But we want to “restart” this trend, beginning to measure it consistently on the ATP going forward, much as we have done so on the phone for the past 15 years. Results of this question indicate that a majority of Americans (76%) have an unfavorable view of China. This is consistent with the majority who say they are “cool” toward China on the feeling thermometer rating, though there are differences between the two measures due, in part, to the fact that the feeling thermometer has an explicit “neutral” category. (For more on how these two measures are similar and different, see “What different survey modes and question types can tell us about Americans’ views of China.”)\n\nThanks to these two questions, we can see that unfavorable view"
    },
    "13": {
      "summary": "2023\n\nConservative Republicans are even more likely to say they have “very cold” feelings toward China (72%) than moderate or liberal Republicans (48%). Among Democrats, conservatives and moderates (45%) are more likely than liberals (30%) to have very cold feelings toward China.\n\nMen (51%) are more likely than women (43%) to have “very cold” feelings toward China. A majority of those 50 and older (55%) have “very cold” opinions of China, whereas only 40% of those under 50 report the same. Americans with lower levels of education are more likely to feel “very cold” toward China: 51% of those who have not completed college feel this way, compared with 39% of those with at least a bachelor’s degree.\n\nWhile most Americans have unfavorable views toward China, results of an open-ended question about China indicate that opinions can be multifaceted. Even among those who say have “cold” feelings toward China, there are instances where people report good and bad things.\n\n“I think about the human rights abuses, such as the indefensible treatment of the Uyghurs, as well as the infringements of personal freedoms suffered by all citizens. I think about the gender imbalances still present from the one-child laws of the past, which further harms their society. I [also] think about the centuries of rich culture and history that created incredible art and architecture, as well as incredible inventions that furthered humanity as a whole.”\n\n—Woman, 35\n\n---\n\n### Most Americans see China negatively\n\n% who rate China as ___ on a feeling thermometer from 0 (coldest rating) to 100 (warmest rating)\n\n| Very cold (0-24) | Somewhat cold (25-49) | Total |\n|---|---|---|\n| Men    | 47%    | 20%   |\n| Women    | 51%    | 21%   |\n| White    | 50%    | 23%   |\n| Black    | 44%    | 10%   |\n| Hispanic    | 44%    | 15%   |\n| Ages 18-49    | 40%    | 20%   |\n| 50+    | 55%    | 20%   |\n| College grad+    | 39%    | 26%   |\n| No college degree | 51%    | 17%   |\n| Rep/Lean Rep    | 62%    | 17%   |\n| "
    },
    "14": {
      "summary": "13\n\nPEW RESEARCH CENTER\n\nRepublicans are much more likely to describe China as enemy of the U.S.\n\nA majority of Americans describe China as a competitor (55%) rather than as an enemy (34%) or a partner (9%).\n\nPartisans differ substantially in their evaluations of the U.S.-China relationship. Whereas 53% of Republicans and independents who lean toward the Republican Party describe China as an enemy, only 20% of Democrats and Democratic-leaning independents say the same. Nearly two-thirds of conservative Republicans say China is an enemy (64%), while only 37% of moderate or liberal Republicans say the same.\n\nWhile Democrats are more likely than Republicans to describe China as a partner, they are also more likely to describe it as a competitor, with nearly two-thirds of Democrats and Democratic leaners (65%) describing the relationship in this way.\n\nBlack, White and Hispanic adults also differ in their evaluations of the U.S.-China relationship. White adults (42%) are significantly more likely than Hispanic (21%) or Black adults (12%) to describe China as an enemy. White Americans are also much less likely to describe China as a partner (6%) than are Black (19%) or Hispanic (15%) Americans.\n\nNearly two-thirds of conservative Republicans view China as an ‘enemy’ – far more than other groups\n\n% who, on balance, think of China as a __ of the U.S.\n\n| Partner | Competitor | Enemy |\n|---------|-----------|-------|\n| Total   | 9%        | 34%   |\n| Men     | 7         | 57    |\n| Women   | 11        | 33    |\n| White   | 6         | 52    |\n| Black   | 19        | 66    |\n| Hispanic| 15       | 62    |\n| Ages 18-29 | 14 | 63 | 20 |\n| 30-49  | 14       | 56    |\n| 50-64  | 6        | 53    |\n| 65+    | 2        | 48    |\n| College grad+ | 9 | 60 | 30 |\n| No college degree | 10 | 52 | 36 |\n| Rep/Lean Rep | 4 | 43 | 53 |\n| Conserv | 3        | 33    |\n| Mod/Lib | 5        | 58    |\n| Dem/Lean Dem | 14 | 65 | 20 |\n| Cons/Mod | 14 | 60 | 24 |\n| Liberal | 12 | 71 | 16 |\n\nNote: Tho"
    },
    "15": {
      "summary": "14\n\nPEP RESEARCH CENTER\n\nOlder adults, too, are significantly more likely than younger ones to describe China as an enemy. Whereas around half (49%) of those ages 65 and older say that China is an enemy, only 20% of those under 30 say the same. Those who have not completed college are somewhat more likely than those who have a college degree to describe China as an enemy (36% vs. 30%, respectively).\n\nAmericans increasingly prioritize limiting China’s power and influence\n\nNearly half of Americans (48%) think limiting the power and influence of China should be a top foreign policy priority for the country, and another 44% think that it should be given some priority. Only 7% think limiting China’s influence should not be a priority at all. The share of Americans who think limiting China’s power and influence should be a top priority is also up 16 percentage points since 2018.\n\nRepublicans are much more likely than Democrats to say limiting China’s power and influence is a top priority (63% vs. 36%, respectively). Conservative Republicans (68%) are even more likely than moderate or liberal Republicans to say this (54%). And, while support for limiting China’s influence has increased since 2018 among both Republicans and Democrats, the rise has been especially steep among Republicans.\n\nBoth parties grow more supportive of curtailing China’s influence\n\n% who say limiting the power and influence of China should be given **top priority** as a long-range foreign policy goal\n\n100%\n\nRep/Lean Rep\n\nTotal\n\n39%\n\n32\n\n26\n\nDem/Lean Dem\n\n0\n\n2018\n\n2021\n\nSource: Survey of U.S. adults conducted Feb. 1-7, 2021. Q41h. “Most Americans Support Tough Stance Toward China on Human Rights, Economic Issues”\n\nPEW RESEARCH CENTER\n\nLimiting China’s power and influence is one of the top priorities cited by Americans among 20 foreign policy goals asked about in the survey. The only issues of the 20 tested that are named as a top priority by more Americans are protecting the jobs of American workers (7"
    },
    "16": {
      "summary": "15\n\nPEW RESEARCH CENTER\n\nTackling China is a top-five priority for Republicans among policy goals polled\n\n% who say, when thinking about long-range foreign policy goals for the U.S., ___ should be a top priority.\n\namong ...\n\nRep/Lean Rep\n\nDem/Lean Dem\n\n85% Protecting the jobs of American workers\n\n80% Reducing the spread of infectious diseases\n\n81 Taking measures to protect the U.S. from terrorist attacks\n\n70 Dealing with global climate change\n\n68 Maintaining the U.S. military advantage over all other countries\n\n67 Protecting the jobs of American workers\n\n66 Preventing the spread of weapons of mass destruction\n\n63 Limiting the power and influence of China\n\n63 Improving relationships with our allies\n\n60 Reducing the spread of infectious diseases\n\n50 Limiting the power and influence of Russia\n\n57 Getting other countries to assume more of the costs of maintaining world order\n\n42 Promoting and defending human rights in other countries\n\n51 Limiting the power and influence of Iran\n\n40 Aiding refugees fleeing violence around the world\n\n48 Reducing our trade deficit with foreign countries\n\n39 Strengthening the United Nations\n\n45 Limiting the power and influence of North Korea\n\n37 Limiting the power and influence of North Korea\n\n44 Improving relationships with our allies\n\n36 Limiting the power and influence of China\n\n35 Reducing legal immigration into the U.S.\n\n33 Reducing our trade deficit with foreign countries\n\n30 Maintaining the U.S. military advantage over all other countries\n\n29 Reducing U.S. military commitments overseas\n\n23 Promoting and defending human rights in other countries\n\n29 Reducing U.S. military commitments overseas\n\n19 Strengthening the United Nations\n\n27 Limiting the power and influence of Iran\n\n15 Promoting democracy in other nations\n\n24 Promoting democracy in other nations\n\n14 Dealing with global climate change\n\n16 Reducing illegal immigration into the U.S.\n\n14 Aiding refugees fleeing violence around the world\n\n11 Reducing legal immigration into the U.S."
    },
    "17": {
      "summary": "27-point gap between Republicans and Democrats when it comes to whether limiting China’s power and influence is a top priority is one of the largest partisan gaps across the 20 issues tested. The only more divisive issues are dealing with global climate change (Democrats 56 points more likely to name this), reducing illegal immigration into the U.S. (48 points higher among Republicans), and maintaining the U.S. military advantage over all other countries (Republicans 38 points more likely).\n\nOlder Americans are more likely to say limiting China’s power and influence should be a top priority: 58% of those ages 50 and older say this, compared with 39% of those under 50. Those with lower levels of education are also more likely to call limiting China a top priority: 50% of those who have not completed a bachelor’s degree compared with 43% of those who have.\n\n“I personally fear China’s powers more than any other country.”\n\n—Woman, 80\n\nAmericans – especially Republicans – prioritize limiting China’s power and influence more than other countries\n\n% who say, when thinking about long-range foreign policy goals, it should be a top priority to limit the power and influence of...\n\nSource: Survey of U.S. adults conducted Feb. 1-7, 2021. Q41e, h, n & t.\n“Most Americans Support Tough Stance Toward China on Human Rights, Economic Issues”\n\nPEW RESEARCH CENTER"
    },
    "18": {
      "summary": "17\n\nPEP RESEARCH CENTER\n\n**Partisans sharply divided over confidence in Biden to deal with China**\n\n**Americans have less faith in Biden to deal with China than on other foreign policy issues**\n\n% who are __ confident that Joe Biden can do each of the following\n\n| Not at all | Not too | Somewhat | Very |\n|-----------|---------|----------|------|\n| Improve relationships with our allies | 32 | 18% | 14% | 29% | 38% | 67 |\n| Deal effectively with the threat of terrorism | 39 | 22 | 17 | 34 | 26 | 60 |\n| Deal effectively with global climate change | 39 | 20 | 19 | 34 | 26 | 60 |\n| Make good decisions about the use of military force | 40 | 23 | 17 | 30 | 29 | 59 |\n| Make good decisions about international trade | 41 | 23 | 18 | 33 | 26 | 59 |\n\n**Deal effectively with China**  \n46 | 26 | 20 | 34 | 19 | 53\n\nNote: No answer responses not shown.\n\nSource: Survey of U.S. adults conducted Feb. 1-7, 2021. Q42a-f.\n\n“Most Americans Support Tough Stance Toward China on Human Rights, Economic Issues”\n\n**PEW RESEARCH CENTER**"
    },
    "19": {
      "summary": "59% are more confident than men (48%) in Biden’s ability to deal effectively with China. Black (82%) and Hispanic adults (70%) also express more confidence than White adults (43%). Those with a college degree expect Biden will be able to deal effectively with China at a higher rate than those with less schooling (60% vs. 50%, respectively).\n\nPartisan differences are particularly large. Whereas 83% of Democrats and leaners toward the Democratic Party have confidence in Biden on China, only 19% of Republicans and leaners say the same. Conservative Republicans have even less confidence (10%) than moderate or liberal Republicans (30%), though conservative and moderate Democrats (86%) are about as confident in Biden on dealing with China as liberal Democrats (81%).\n\n\n\n**Few Republicans have confidence in Biden to deal effectively with China**\n\n% who have __ in President Joe Biden to deal effectively with China\n\n| No confidence | Confidence |\n|----------------|-------------|\n| Total          | 46%         |\n| Men            | 51%         |\n| Women          | 40%         |\n| White          | 56%         |\n| Black          | 18%         |\n| Hispanic       | 30%         |\n| Ages 18-29     | 43%         |\n| 30-49          | 45%         |\n| 50-64          | 46%         |\n| 65+           | 49%         |\n| College grad+   | 39%         |\n| No college degree | 49%         |\n| Rep/Lean Rep  | 81%         |\n| Conserv        | 89%         |\n| Mod/Lib        | 69%         |\n| Dem/Lean Dem   | 16%         |\n| Cons/Mod       | 14%         |\n| Liberal        | 18%         |\n\nNote: Those who did not answer not shown. White and Black adults include those who report being only one race and are not Hispanic. Hispanics are of any race.\n\nSource: Survey of U.S. adults conducted Feb. 1-7, 2021. Q42f. “Most Americans Support Tough Stance Toward China on Human Rights, Economic Issues”\n\n**PEW RESEARCH CENTER**"
    },
    "20": {
      "summary": "19\n\nPEP RESEARCH CENTER\n\nAmericans anxious about China’s technological and military power\n\nAmericans express substantial concern when asked about eight specific issues in the U.S.-China relationship. About three-quarters or more say that each issue is at least somewhat serious. Still, four problems stand out for being ones that half or more describe as very serious: cyberattacks from China, the loss of U.S. jobs to China, China’s growing military power and China’s policies on human rights.\n\nCyberattacks from China evoke the most concern: Roughly two-thirds consider digital attacks to be a very serious problem. This is a 7 percentage point increase from 2020.\n\nThe share who see the loss of U.S. jobs to China as a very serious problem has increased by 6 points since 2020, to 53%. A similar share sees China’s growing military power as a very serious problem (largely unchanged from the 49% who said the same last year).\n\nChina’s policies on human rights are seen as a very substantial problem for the U.S. by half of American adults, a 7-point increase since 2020. China’s treatment of Uyghurs in Xinjiang was recently labeled a “genocide” by former U.S. Secretary of State Mike Pompeo. Results of previous telephone polls indicate that concerns about China’s human rights policies increased between 2018 and 2020 as well.\n\nAbout four-in-ten Americans see the U.S. trade deficit with China — which decreased for the second year in a row — as a very serious problem, unchanged from 2020. Those with less than a college degree are more likely than those with a college degree or more education to see the trade deficit with China as a very serious problem. Similarly, those with lower levels of education are more likely to call the loss of U.S. jobs to China a very serious problem — but when it comes to other problems, people with different educational attainment levels largely agree.\n\n| Very serious | Somewhat serious | Total |\n|--------------|------------------|-------|\n| Cyberattacks "
    },
    "21": {
      "summary": "20\n\nPEW RESEARCH CENTER\n\nTensions between mainland China and Hong Kong or Taiwan are seen as less serious problems for most Americans. While about three-quarters say these two geopolitical issues are at least somewhat serious problems, only about three-in-ten say they are very serious. Still, the share who see Hong Kong’s tensions with mainland China as a very serious problem has increased by 5 percentage points since last year. (Last year’s survey did not ask about tensions between mainland China and Taiwan.)\n\n“They are actively working to take over the U.S. economically rather than militarily. They are pulling our manufacturing abilities, copying advanced technologies, buying up large-scale U.S. corporations and they own much of our debt. They are methodically taking over control of our economy.”\n\n—Man, 82\n\nAcross age groups, older Americans express more concern about China-related issues. Americans ages 65 and older are at least 20 points more likely than those ages 18 to 29 to say most issues asked about in the survey are very serious problems.\n\nRepublicans and Republican-leaning independents tend to be more concerned about most of these eight bilateral issues than Democrats and Democratic leaners. And conservative Republicans are particularly likely to call most of these issues very serious problems for the U.S. For example, 73% of conservative Republicans see the loss of U.S. jobs to China as a very serious problem, while only 55% of moderate or liberal Republicans agree.\n\nWhen it comes to China’s human rights policies and tensions between Taiwan and mainland China, however, partisans largely agree.\n\nCompared with 2020, concern about various China-related issues generally increased more among Republicans than among Democrats. For instance, while the share of Republicans who say the loss of U.S. jobs to China poses a very serious problem increased by 14 percentage points, there was no significant change among Democrats. On issues where concern rose overall, inc"
    },
    "22": {
      "summary": "2020 in views of whether U.S. job loss, trade deficit and China’s military and technological power are very serious problems for the U.S.\n\n% who say the following would be a very serious problem for the U.S. among ...\n\nThe loss of U.S. jobs to China\n\nChina’s growing military power\n\nThe U.S. trade deficit with China\n\nChina’s growing technological power\n\nRep-Dem difference:\n\n+24R\n\n+19R\n\n+18R\n\n52\n\n43\n\n42\n\n63\n\n44\n\n45\n\n40\n\n54\n\n35\n\n39\n\n37\n\nDem/Lean Dem\n\n2020\n\n2021\n\nTensions between mainland China and Hong Kong\n\n2020\n\n2021\n\nTensions between mainland China and Taiwan\n\n2020\n\n2021\n\nChina’s policies on human rights\n\nCyberattacks from China\n\n100%\n\n60\n\n+13R\n\n73\n\n+5R\n\n+4R\n\n55\n\n26\n\n34\n\n29\n\n31\n\n27\n\n45\n\n49\n\n0\n\n2020\n\n2021\n\n2020\n\n2021\n\n2020\n\n2021\n\nNote: Statistically significant differences shown in bold. Tensions between mainland China and Taiwan was not asked in 2020.\nSource: Survey of U.S. adults conducted Feb. 1-7, 2021. Q51a-h.\n“Most Americans Support Tough Stance Toward China on Human Rights, Economic Issues”\n\nPEW RESEARCH CENTER"
    },
    "23": {
      "summary": "22\n\nPEP RESEARCH CENTER\n\nChina’s handling of coronavirus and climate\n\nMore than a year after the coronavirus became a widespread public health issue in the U.S., more than half of Americans say China has done a bad job dealing with the outbreak (54%). Around a quarter (28%) even think China’s pandemic response has been very bad.\n\nJust 43% think China has done a good job dealing with the coronavirus outbreak, with only 12% saying China has done a very good job.\n\nAnd, while more Americans say China has done a bad job than a good job dealing with the pandemic, they are just as critical of the U.S.’s handling of the pandemic, which 58% describe as bad.\n\nRepublicans (71%) are much more likely than Democrats (39%) to see China as having done a bad job with the COVID-19 outbreak. Those with less than a college degree are more likely to say China has done a bad job compared with those have at least a bachelor’s. White Americans also give China worse ratings than do Black or Hispanic Americans.\n\n“China is the origin country for COVID-19 but they managed to keep the virus from spreading further, way better than the U.S.”\n\n—Woman, 30\n\nMore than half of Americans say China and U.S. have handled COVID-19 poorly\n\n% who say China/U.S. has done a __ dealing with the coronavirus outbreak\n\n| Bad job | Good job |\n|---------|----------|\n| China   | 54%      |\n| U.S.    | 58%      |\n\nNote: Those who did not answer not shown.\nSource: Survey of U.S. adults conducted Feb. 1-7, 2021. Q7b & c.\n“Most Americans Support Tough Stance Toward China on Human Rights, Economic Issues”\n\nPEW RESEARCH CENTER"
    },
    "24": {
      "summary": "23\n\nPEP RESEARCH CENTER\n\nOne area where Americans think China could do much more is climate change. The world’s largest contributor of carbon emissions, China has pledged to become carbon neutral by 2060 while still espousing its right to develop. By a nearly four-to-one ratio, Americans think China has done a bad job handling climate change, with 45% saying China has done a very bad job. On the other hand, just 2% think China’s approach to global warming thus far has been very good. No more than a quarter rate China’s climate change approach positively regardless of age, education or political affiliation.\n\nAmericans want to prioritize human rights in U.S.-China relations\n\nHuman Rights Watch called 2020 “the darkest period for human rights in China” since the 1989 Tiananmen Square protests. Amid crackdowns in Hong Kong, continued persecution of ethnic minorities such as the Muslim Uyghur population and detaining dissidents, Americans, too, have taken notice. Fully 90% of adults in the U.S. say the Chinese government does not respect the personal freedoms of its people. This perspective is shared among large majorities of Americans across age, education and political groups.\n\nOn climate change, most Americans view China’s response negatively\n\n% who say China has done a ___ job dealing with global climate change\n\n| Very bad | Somewhat bad | Somewhat good | Very good |\n|----------|--------------|----------------|-----------|\n| 45%      | 34%          | 16%            | 2%        |\n\nNote: Those who did not answer not shown.\nSource: Survey of U.S. adults conducted Feb. 1-7, 2021. Q33d.\n“Most Americans Support Tough Stance Toward China on Human Rights, Economic Issues”\n\nPEP RESEARCH CENTER\n\nIn U.S., China seen as not respecting citizens’ rights\n\n% who say the government of China __ the personal freedoms of its people\n\n| Does not respect | Respects |\n|-------------------|----------|\n| 90%              | 8%       |\n\n% who say the U.S. should ...\n\n- Prioritize economic rela"
    },
    "25": {
      "summary": "24\n\nPEW RESEARCH CENTER\n\nLarge shares of conservative Republicans, liberal Democrats prioritize human rights over economic ties with China\n\n% who say the U.S. should ...\n\n| Total | 26% | 70% |\n|---|---|---|\n| Rep/Lean Rep | 24 | 72 |\n| Conserv | 21 | 77 |\n| Mod/Lib | 29 | 66 |\n| Dem/Lean Dem | 29 | 69 |\n| Cons/Mod | 34 | 64 |\n| Liberal | 23 | 76 |\n\nNote: Those who did not answer not shown.\nSource: Survey of U.S. adults conducted Feb. 1-7, 2021. Q20.\n“Most Americans Support Tough Stance Toward China on Human Rights, Economic Issues”\n\nPEW RESEARCH CENTER\n\nWhen I think of China, the first thing that comes to mind is the oppressive measures it takes on those within its borders, especially the plight of Uyghur Muslims, but also the restrictions placed by the Communist government on free speech and dissent by its citizens. After that, America’s weakening role as a superpower in global competition against China comes to mind.”\n\n—Man, 30"
    },
    "26": {
      "summary": "25\n\nPEP RESEARCH CENTER\n\nAmericans favor tougher stance on China economic policies, question efficacy of tariffs\n\nTargeted tariffs and increased intellectual property scrutiny set the backdrop of the U.S.-China trade war and the bilateral economic relationship during the four years of the Trump administration. While President Biden has indicated he would change tack in bilateral economic dealings, he has also described China as America’s “most serious competitor” and has kept some Trump-era China policies in place, at least for now.\n\nAmericans, too, see a precarious economic relationship between the two nations: 64% believe current economic relations between the U.S. and China are bad. Among those who say economic relations are good, just 1% say they are very good. (Results of a similar question asked on the phone indicates that Americans increasingly saw bilateral economic ties to be in poor shape over the course of the trade war.)\n\n“I work in tech and my company does a lot of business in China. The trade war and bans on sales to certain companies have hurt our business and seem arbitrary. I have been to China many times. I don’t agree with all of China’s policies but I also don’t agree with how the U.S. government has managed its relationship under Trump.”\n\n—Woman, 49\n\nOnly about a third of Americans see U.S.-China economic ties positively\n\n% who say current economic relations between the U.S. and China are ...\n\n| Very bad | Somewhat bad | Somewhat good | Very good |\n|----------|--------------|----------------|------------|\n| 14%       | 50%           | 33%            | 1%         |\n\nNote: Those who did not answer not shown.\nSource: Survey of U.S. adults conducted Feb. 1-7, 2021. Q49.\n“Most Americans Support Tough Stance Toward China on Human Rights, Economic Issues”\n\nPEP RESEARCH CENTER"
    },
    "27": {
      "summary": "26\n\nPEP RESEARCH CENTER\n\nWhen thinking about economic and trade policies with China, more Americans want the U.S. to get tougher with China rather than to focus on building a stronger relationship. This opinion is particularly prevalent among Republicans and Republican-leaning independents (72% of whom want the U.S. to get tougher on China), and especially among those who identify as conservative Republicans (81% of whom say the same). About six-in-ten Democrats and Democrat-leaning independents would rather focus on building stronger ties with China, a feeling that is largely consistent among liberal and more moderate or conservative Democrats.\n\nYounger people — those ages 18 to 29 — are also more likely than their older counterparts to stress building a stronger relationship with China over getting tougher with Beijing.\n\n“I think China has grown too big. That normally wouldn’t be a problem but some of the things they have done lately is concerning to me. I don’t like that we owe them so much money. I don’t trust them anymore.”\n\n—Woman, 57\n\nMore want to see U.S. get tougher with China on trade; views differ by party\n\n% who say that, when it comes to our economic and trade policy toward China, it is more important to __ with China on economic issues\n\n| Get tougher | Build a strong relationship |\n|-------------|---------------------------|\n| Total       | 53%                       |\n| White      | 61                        |\n| Black      | 27                        |\n| Hispanic   | 39                        |\n| Ages 18-29  | 37                        |\n| 30-49       | 49                        |\n| 50-64       | 63                        |\n| 65+         | 61                        |\n\n| College grad+ | 54                        |\n| No college degree | 52                        |\n| Rep/Lean Rep | 72                        |\n| Conserv     | 81                        |\n| Mod/Lib     | 58                        |\n| Dem/Lean Dem | 37                        |\n| Cons/Mod    |"
    },
    "28": {
      "summary": "27\n\nPEP RESEARCH CENTER\n\nPart of the Trump administration’s trade policy with China involved imposing tariffs on steel, aluminum and assorted other goods from China in the name of national security and American manufacturing.\n\nThe U.S. public offers varied reviews of the tariff policies. When asked about the effects of increased tariffs on goods from foreign countries, including from China, more say they were ultimately bad for the U.S. (44%) than good (30%), while about a quarter of Americans think the tariffs had no discernable effect on the U.S. In terms of how the tariffs affected their own life personally, a majority say they had no real effect on them. Opinions on the tariffs’ personal effects differ little based on people’s own incomes or where they are located geographically in the country.\n\nMajority of Americans say they have not been affected by U.S. tariffs on Chinese products and other foreign goods\n\n% who say increased tariffs on imported goods from China were ___ for ...\n\n| Bad | No real effect | Good |\n|-----|--------------|------|\n| The U.S. | 44% | 23% | 30% |\n\nYou personally | 30 | 56 | 12 |\n\nNote: Those who did not answer not shown. Full question wording: “As you may know, over the past few years the U.S. has imposed tariffs, or fees on imported goods from foreign countries, including China. Other countries have responded by increasing their own tariffs on American goods. Overall, do you think these increased tariffs were ...”\n\nSource: Survey of U.S. adults conducted Feb. 1-7, 2021. Q52-Q53. “Most Americans Support Tough Stance Toward China on Human Rights, Economic Issues”\n\nPEW RESEARCH CENTER"
    },
    "29": {
      "summary": "28\n\nPEP RESEARCH CENTER\n\nSome partisan differences arise, especially when assessing how tariffs affect the country overall. About half of Republicans say increased tariffs on Chinese and other foreign products were good for the U.S. This sentiment is especially strong among conservative Republicans. Republicans who identify as moderate or liberal are divided, with nearly equal shares describing the tariffs as good and bad. Democrats, on the other hand, most often say the tariffs were bad for the U.S.\n\nThose who think that the U.S. economy is in good shape are more likely to describe the tariffs as good for the country than those who say the American economy is not doing well – 49% vs. 20%, respectively.\n\nRepublicans see tariffs on Chinese and other foreign goods as having positive effect for U.S.; Democrats disagree\n\n% who say increased tariffs on imported goods from China were ...\n\nBad for U.S. No real effect Good for U.S.\n\nRep/Lean Rep 25% 21% 51%\n\nConserv 19 18 61\n\nMod/Lib 36 26 37\n\nDem/Lean Dem 60 24 14\n\nCons/Mod 57 25 16\n\nLiberal 63 24 11\n\nNote: Those who did not answer not shown. Full question wording: “As you may know, over the past few years the U.S. has imposed tariffs, or fees on imported goods from foreign countries, including China. Other countries have responded by increasing their own tariffs on American goods. Overall, do you think these increased tariffs were ...”\n\nSource: Survey of U.S. adults conducted Feb. 1-7, 2021. Q52. “Most Americans Support Tough Stance Toward China on Human Rights, Economic Issues”\n\nPEW RESEARCH CENTER"
    },
    "30": {
      "summary": "29\n\nPEP RESEARCH CENTER\n\nAmericans generally welcome international pupils, but widespread support for limits on Chinese students\n\nAlthough international student enrollment in the U.S. fell dramatically in 2020 because of COVID-19, during the 2019-2020 school year, more than 1 million international students studied at U.S. colleges and universities, comprising 5.5% of all student enrollment in American tertiary education. And generally speaking, the U.S. public sees these students in a positive light: Eight-in-ten Americans say it is good for U.S. colleges and universities to accept international students, while just 19% think the opposite.\n\nThis sentiment is especially strong among certain subgroups in the U.S. population. Black and Hispanic Americans are more likely than White Americans to see international students as an asset. Likewise, younger people and those with a college degree say it is good for U.S. universities to accept international students. Partisanship also plays a role in views of international students. While at least two-thirds of supporters of each party see visiting students in a positive light, 92% of Democrats and Democrat-leaning independents hold this perspective, versus just 67% of Republicans and Republican leaners.\n\nSince 2009, the largest share of international students in the U.S. have come from China, according to the Institute of International Education. In 2019-2020, Chinese students comprised roughly a third of international students in American colleges and universities, and the number of Chinese students in U.S. academic institutions had nearly tripled over the previous decade.\n\nMost in U.S. see international students as an asset\n\n% who think it is ___ for U.S. colleges and universities to accept international students\n\n| Bad | Good |\n|-----|------|\n| Total | 19% | 80% |\n| White | 22 | 76 |\n| Black | 13 | 86 |\n| Hispanic | 13 | 86 |\n\nAges 18-29 | 8 | 92 |\n30-49 | 15 | 83 |\n50-64 | 27 | 73 |\n65+ | 25 | 72 |\n\nCollege grad+ | 11 | 89"
    },
    "31": {
      "summary": "30-49\n\n50-64\n\n65+\n\nCollege grad+ No college degree\n\nRep/Lean Rep\n\nConserv Mod/Lib\n\nDem/Lean Dem\n\nCons/Mod Liberal\n\nNote: Those who did not answer not shown. White and Black adults include those who report being only one race and are not Hispanic. Hispanics are of any race.\n\nSource: Survey of U.S. adults conducted Feb. 1-7, 2021. Q55. “Most Americans Support Tough Stance Toward China on Human Rights, Economic Issues”\n\nPew Research Center\n\n“We rely TOO MUCH on goods from China. China is trying to dominate the whole world and we are supporting that with the stuff we buy from them. Too bad their scientists seem to be smarter than ours. And they are welcomed here as students. We have to stop kissing up to China.”\n\n—Man, 79"
    },
    "32": {
      "summary": "31\n\nPEP RESEARCH CENTER\n\nConfidence in Xi stays low\n\nWhen asked how much they trust Chinese President Xi Jinping to do the right thing regarding world affairs, roughly eight-in-ten Americans (82%) say they have little or no confidence in the Chinese leader. The share who say they have no confidence at all in Xi has increased by 5 percentage points from 38% last spring to 43%. Previously, levels of distrust in the Chinese president increased sharply after the coronavirus outbreak began.\n\nNegative ratings for Xi are high across demographic and partisan groups, though there are a few modest differences. Men are somewhat more likely than women to distrust Xi, with half of American men saying they have no confidence at all in Xi. Half of White adults likewise say have no confidence at all in Xi. In comparison, 31% of Hispanic adults and 29% of Black adults hold the same opinion.\n\nAcross age groups, older Americans are more likely to have no confidence in the Chinese president. While 53% of those 65 and older say they have no confidence at all in Xi, only 35% of those 18 to 29 say the same.\n\nAmong Republicans and Republican-leaning independents, a majority (57%) say they have no confidence at all in Xi. Conservative Republicans are nearly 20 points more likely than moderate or liberal Republicans to hold this view.\n\nDemocrats and Democratic-leaning independents have slightly more confidence in Xi; only a third say they have no confidence at all in the Chinese president. And, while conservative or moderate\n\n| No confidence at all | Not too much confidence |\n|----------------------|------------------------|\n| Some confidence      | A lot of confidence     |\n\n| Total | 43% | 39% | 13% | 2% |\n|-------|-----|-----|-----|----|\n\n| Male | 50 | 37 | 10 | 1 |\n| Female | 38 | 41 | 16 | 1 |\n\n| White | 50 | 37 | 10 | 0 |\n| Black | 29 | 37 | 24 | 6 |\n| Hispanic | 31 | 50 | 15 | 1 |\n\n| Ages 18-29 | 35 | 39 | 18 | 4 |\n| 30-49 | 41 | 39 | 16 | 2 |\n| 50-64 | 44 | 42 | 10 | 1 |\n| 65+ | 53 |"
    },
    "33": {
      "summary": "32\n\nPEW RESEARCH CENTER\n\nDemocrats are the least likely to distrust Xi, a majority of them lack confidence in the Chinese president.\n\n“China is a country to be feared. Their leadership cannot be trusted. We should be harder on China in every way.”\n\n—Man, 76"
    },
    "34": {
      "summary": "33\n\nPEW RESEARCH CENTER\n\n**Acknowledgments**\n\nThis report is a collaborative effort based on the input and analysis of the following individuals.\n\nLaura Silver, Senior Researcher\nKat Devlin, Research Associate\nChristine Huang, Research Analyst\n\nSara Atske, Associate Digital Producer\nJames Bell, Vice President, Global Strategy\nNick Bertoni, Senior Panel Manager\nAlexandra Castillo, Research Methodologist\nAidan Connaughton, Research Assistant\nStefan S. Cornibert, Communications Manager\nClaudia Deane, Vice President, Research\nCarroll Doherty, Director, Political Research\nMoira Fagan, Research Analyst\nJanell Fetterloff, Research Associate\nShannon Greenwood, Digital Producer\nHannah Hartig, Research Associate\nMichael Keegan, Senior Information Graphics Designer\nDavid Kent, Senior Copy Editor\nNicholas O. Kent, Research Assistant\nJocelyn Kiley, Associate Director, Political Research\nArnold Lau, Research Analyst\nGar Meng Leong, Communications Associate\nAndrew Mercer, Senior Research Methodologist\nClark Letterman, Senior Survey Manager\nGracie Martinez, Administrative Coordinator\nIsaac Mei, Associate Social Media Strategist\nMara Mordecai, Research Assistant\nMartha McRoy, Research Methodologist\nJ.J. Moncus, Research Assistant\nPatrick Moynihan, Associate Director, International Research Methods\nJulia O’Hanlon, Communications Associate\nStacy Pancratz, Research Methodologist\nJacob Poushter, Associate Director, Global Attitudes Research\nShannon Schumacher, Research Associate\nRichard Wike, Director, Global Attitudes Research"
    },
    "35": {
      "summary": "34\n\nPEW RESEARCH CENTER\n\nMethodology\n\nThe American Trends Panel survey methodology\n\nOverview\n\nThe American Trends Panel (ATP), created by Pew Research Center, is a nationally representative panel of randomly selected U.S. adults. Panelists participate via self-administered web surveys. Panelists who do not have internet access at home are provided with a tablet and wireless internet connection. Interviews are conducted in both English and Spanish. The panel is being managed by Ipsos.\n\nData in this report is drawn from the panel wave conducted Feb. 1 to Feb. 7, 2021. A total of 2,596 panelists responded out of 2,943 who were sampled, for a response rate of 88%. This does not include one panelist who was removed from the data due to extremely high rates of refusal or straightlining. The cumulative response rate accounting for nonresponse to the recruitment surveys and attrition is 4%. The break-off rate among panelists who logged on to the survey and completed at least one item is 2%. The margin of sampling error for the full sample of 2,596 respondents is plus or minus 2.7 percentage points.\n\nPanel recruitment\n\nThe ATP was created in 2014, with the first cohort of panelists invited to join the panel at the end of a large, national, landline and cellphone random-digit-dial survey that was conducted in both English and Spanish. Two additional recruitments were conducted using the same method in 2015 and 2017, respectively. Across these three surveys, a total of 19,718 adults were invited to join the ATP, of whom 9,942 (50%) agreed to participate.\n\nIn August 2018, the ATP switched from telephone to address-based recruitment. Invitations were sent to a random, address-based sample of households selected\n\nAmerican Trends Panel recruitment surveys\n\n| Recruitment dates | Mode | Invited | Joined | Active panelists remaining |\n|------------------|------|---------|--------|---------------------------|\n| Jan. 23 to March 16, 2014 | Landline/ cell RDD | 9,809   | 5,338   | 2,184"
    },
    "36": {
      "summary": "35\n\nPEW RESEARCH CENTER\n\n\nfrom the U.S. Postal Service’s Delivery Sequence File. Two additional recruitments were conducted using the same method in 2019 and 2020, respectively. Across these three address-based recruitments, a total of 17,161 adults were invited to join the ATP, of whom 15,134 (88%) agreed to join the panel and completed an initial profile survey. In each household, the adult with the next birthday was asked to go online to complete a survey, at the end of which they were invited to join the panel. Of the 25,076 individuals who have ever joined the ATP, 13,553 remained active panelists and continued to receive survey invitations at the time this survey was conducted.\n\nThe U.S. Postal Service’s Delivery Sequence File has been estimated to cover as much as 98% of the population, although some studies suggest that the coverage could be in the low 90% range. The American Trends Panel never uses breakout routers or chains that direct respondents to additional surveys.\n\nSample design\n\nThe overall target population for this survey was non-institutionalized persons ages 18 and older, living in the U.S., including Alaska and Hawaii.\n\nThis study featured a stratified random sample from the ATP. The sample was allocated according to the following strata, in order: tablet households, U.S.-born Hispanics, foreign-born Hispanics, high school education or less, foreign-born Asians, not registered to vote, people ages 18 to 34, uses internet weekly or less, non-Hispanic Black adults, nonvolunteers and all other categories not already falling into any of the above.\n\nQuestionnaire development and testing\n\nThe questionnaire was developed by Pew Research Center in consultation with Ipsos. The web program was rigorously tested on both PC and mobile devices by the Ipsos project management team and Pew Research Center researchers. The Ipsos project management team also populated test data which was analyzed in SPSS to ensure the logic and randomizations were working as in"
    },
    "37": {
      "summary": "36\n\nPEP RESEARCH CENTER\n\nDifferential incentive amounts were designed to increase panel survey participation among groups that traditionally have low survey response propensities.\n\nData collection protocol\n\nThe data collection field period for this survey was Feb. 1 to Feb. 7, 2021. Postcard notifications were mailed to all ATP panelists with a known residential address on Feb. 1, 2021.\n\nOn Feb. 1 and Feb. 2, invitations were sent out in two separate launches: Soft Launch and Full Launch. Sixty panelists were included in the soft launch, which began with an initial invitation sent on Feb. 1, 2021. The ATP panelists chosen for the initial soft launch were known responders who had completed previous ATP surveys within one day of receiving their invitation. All remaining English- and Spanish-speaking panelists were included in the full launch and were sent an invitation on Feb. 2, 2021.\n\nAll panelists with an email address received an email invitation and up to two email reminders if they did not respond to the survey. All ATP panelists that consented to SMS messages received an SMS invitation and up to two SMS reminders.\n\n| Invitation and reminder dates | Soft Launch | Full Launch |\n|----------------------------------|-------------|-------------|\n| Initial invitation                 | Feb. 1, 2021 | Feb. 2, 2021 |\n| First reminder                   | Feb. 4, 2021 | Feb. 4, 2021 |\n| Final reminder                  | Feb. 6, 2021 | Feb. 6, 2021 |\n\nData quality checks\n\nTo ensure high-quality data, the Center’s researchers performed data quality checks to identify any respondents showing clear patterns of satisficing. This includes checking for very high rates of leaving questions blank, as well as always selecting the first or last answer presented. As a result of this checking, one ATP respondent was removed from the survey dataset prior to weighting and analysis.\n\nWeighting\n\nThe ATP data was weighted in a multistep process that accounts for multiple stages of sampling "
    },
    "38": {
      "summary": "37\n\nPEW RESEARCH CENTER\n\nrespondents were invited).\nThe base weights for panelists recruited in different years are scaled to be proportionate to the effective sample size for all active panelists in their cohort. To correct for nonresponse to the initial recruitment surveys and gradual panel attrition, the base weights for all active panelists are calibrated to align with the population benchmarks identified in the accompanying table to create a full-panel weight.\n\nFor ATP waves in which only a subsample of panelists are invited to participate, a wave-specific base weight is created by adjusting the full-panel weights for subsampled panelists to account for any differential probabilities of selection for the particular panel wave. For waves in which all active panelists are invited to participate, the wave-specific base weight is identical to the full-panel weight.\n\nIn the final weighting step, the wave-specific base weights for panelists who completed the survey are again calibrated to match the population benchmarks specified above. These weights are trimmed (typically at about the 1st and 99th percentiles) to reduce the loss in precision stemming from variance in the weights. Sampling errors and test of statistical significance take into account the effect of weighting.\n\n| Variable                  | Benchmark source                                      |\n|----------------------------|--------------------------------------------------------|\n| Age x Gender               | 2019 American Community Survey                        |\n| Education x Gender        |                                                    |\n| Education x Age            |                                                    |\n| Race/Ethnicity x Education  |                                                    |\n| Born inside vs. outside the U.S. among Hispanics and Asian Americans |                                                    |\n| Years lived in the U.S.     |                                  "
    },
    "39": {
      "summary": "38\n\nPEW RESEARCH CENTER\n\nThe following table shows the unweighted sample sizes and the error attributable to sampling that would be expected at the 95% level of confidence for different groups in the survey.\n\n| Group                  | Unweighted sample size | Weighted % | Plus or minus ... |\n|-----------------------|------------------------|-----------|-------------------|\n| Total sample          | 2,596                   |           | 2.7 percentage points |\n| Half sample           | At least 1,287           |           | 3.7 percentage points |\n| Rep/Lean Rep         | 1,106                   | 44        | 3.9 percentage points |\n| Half sample           | At least 549              |           | 5.6 percentage points |\n| Dem/Lean Dem         | 1,410                   | 49        | 3.7 percentage points |\n| Half sample           | At least 688              |           | 5.2 percentage points |\n\nSample sizes and sampling errors for other subgroups are available upon request. In addition to sampling error, one should bear in mind that question wording and practical difficulties in conducting surveys can introduce error or bias into the findings of opinion polls."
    },
    "40": {
      "summary": "39\n\nPEP RESEARCH CENTER\n\nDispositions and response rates\n\n| Final dispositions | AAPOR code | Total |\n|-------------------|------------|-------|\n| Completed interview | 1.1        | 2,596 |\n| Logged onto survey; broke off | 2.12      | 41    |\n| Logged onto survey; did not complete any items | 2.1121   | 23    |\n| Never logged on (implicit refusal) | 2.11     | 282   |\n| Survey completed after close of the field period | 2.27     | 0     |\n| Completed interview but was removed for data quality | 1       |\n| Screened out | N/A       |\n\nTotal panelists in the survey\n\n| Total panelists in the survey | 2,943 |\n|------------------------------|-------|\n| Completed interviews | I      | 2,596 |\n| Partial interviews | P      | 0     |\n| Refusals | R      | 346   |\n| Non-contact | NC     | 1     |\n| Other | O      | 0     |\n| Unknown household | UH     | 0     |\n| Unknown other | UO     | 0     |\n| Not eligible | NE     | 0     |\n\nTotal\n\n| Total | 2,943 |\n|------|------|\n\nAAPOR RR1 = I / (I+P+R+NC+O+UH+UO)\n\n88%\n\nCumulative response rate\n\n| Cumulative response rate | Total |\n|--------------------------|-------|\n| Weighted response rate to recruitment surveys | 12% |\n| % of recruitment survey respondents who agreed to join the panel, among those invited | 72% |\n| % of those agreeing to join who were active panelists at start of Wave 82 | 57% |\n| Response rate to Wave 82 survey | 88% |\n\nCumulative response rate\n\n| Cumulative response rate | 4% |\n\n© Pew Research Center, 2021"
    }
  }
}
