{
  "doc_id": "PH_2016.06.08_Economy-Final.pdf",
  "pages": {
    "1": {
      "summary": "2016\n\n# Latinos Increasingly Confident in Personal Finances, See Better Economic Times Ahead\n\n*Yet many economic indicators show few gains for the community since the Great Recession*\n\n**BY Mark Hugo Lopez, Rich Morin and Jens Manuel Krogstad**\n\n\n\n\n**FOR MEDIA OR OTHER INQUIRIES:**\n\nMark Hugo Lopez, Director of Hispanic Research\nBrian Mahl, Communications Assistant\n\n202.419.4372\nwww.pewresearch.org"
    },
    "2": {
      "summary": "1\n\nPEP RESEARCH CENTER\n\nAbout Pew Research Center\n\nPew Research Center is a nonpartisan fact tank that informs the public about the issues, attitudes and trends shaping America and the world. It does not take policy positions. The Center conducts public opinion polling, demographic research, content analysis and other data-driven social science research. It studies U.S. politics and policy; journalism and media; internet, science and technology; religion and public life; Hispanic trends; global attitudes and trends; and U.S. social and demographic trends. All of the Center’s reports are available at www.pewresearch.org. Pew Research Center is a subsidiary of The Pew Charitable Trusts, its primary funder.\n\n© Pew Research Center 2016\n\nTerminology\n\nThe terms “Latino” and “Hispanic” are used interchangeably in this report.\n\nThe terms “whites,” “blacks” and “Asians” are used to refer to single-race, non-Hispanic components of their populations.\n\n“U.S. born” refers to persons who say they were born in the United States, Puerto Rico or other U.S. territories.\n\n“Foreign born” refers to persons who say they were born outside of the United States, Puerto Rico or other U.S. territories. The terms “foreign born” and “immigrant” are used interchangeably."
    },
    "3": {
      "summary": "2\n\nPEW RESEARCH CENTER\n\nTable of Contents\n\nAbout Pew Research Center 1\n\nOverview 3\n\n1. Latinos are increasingly positive about current finances, but many say family income is not keeping pace with cost of living 8\n\nViews of current personal finances rebound 8\n\nFor many Latinos, family income is not keeping pace with the cost of living 10\n\n2. Latinos are optimistic about their finances in the next year and upward economic mobility for their children 12\n\nFinances expected to improve in the next year 12\n\nLatinos see upward economic mobility for their children 16\n\nAcknowledgments 17\n\nMethodology 18\n\nAppendix A: References 21\n\nAppendix B: 2015 National Survey of Latinos Topline 23"
    },
    "4": {
      "summary": "3\n\nPew Research Center\n\nLatinos Increasingly Confident in Personal Finances, See Better Economic Times Ahead\n\nYet many economic indicators show few gains for the community since the Great Recession\n\nLatinos have become considerably more upbeat about their personal finances and optimistic about their financial future since the Great Recession, according to newly released results from a national survey of Latino adults. The survey also shows that Latinos have pulled even with the general U.S. population in their views of their personal finances and continue to outpace them on optimism about the future. However, community economic indicators show limited progress since the Great Recession.\n\nFour-in-ten Latinos say their personal finances are in “excellent” or “good” shape, a 17 percentage point increase since 2008, when only 23% made a similarly positive assessment of their finances (the Great Recession began in December 2007).1 By contrast, the share of all Americans who have a similarly positive view of their finances remained essentially flat during the same seven-year period (41% in 2008 vs. 43% in 2015).\n\nThe survey also shows that Hispanics are more upbeat in their financial expectations for the upcoming year than they were in 2008. About eight-in-ten Hispanic adults (81%) say they expect their family’s financial situation to improve in the next year, up from 67% who said the same in 2008. By comparison, the U.S. public is not as upbeat –\n\nHispanics more confident in personal finances than in 2008, see better economic times ahead\n\n% who say their personal financial situation is in excellent/good shape\n\n% who expect their family’s financial situation to improve “a lot” or “some” in the next year\n\nNote: Shaded area marks the Great Recession, which ran from December 2007 to June 2009.\nSource: National Survey of Latinos conducted Oct. 21-Nov. 30, 2015; surveys conducted Dec. 8-13, 2015; Oct. 24-28, 2012; Sept. 12-16, 2012; Dec. 7-11, 2011; Dec. 3-8, 2008; Oct. 9-12, "
    },
    "5": {
      "summary": "61% say they expect their family’s financial situation to improve, up from 56% who said this in 2008.\n\nLatino adults also see upward mobility in their children’s futures. Fully 72% say they expect their children will be better off financially than they themselves are now.²\n\nThese findings emerge from the 2015 National Survey of Latinos, a nationally representative bilingual telephone survey of 1,500 adults conducted on both landline and cellular telephones. It was fielded from Oct. 21 to Nov. 30, 2015, and has a margin of error of plus or minus 3.3 percentage points at the 95% confidence level.\n\nThe nation’s Latino population is its largest minority group, numbering 55.3 million in 2014. They are also one of its fastest-growing groups – the U.S. Latino population grew 57% between 2000 and 2014. With this fast demographic growth has come a growing impact on the nation’s economy. Between 2009 and 2013, Latinos accounted for 43.4% of total jobs growth, with U.S.-born Latinos driving most of that job growth. And the group’s purchasing power is on the rise. According to the University of Georgia’s Selig Center for Economic Growth, the purchasing power of the U.S. Latino community was $1.3 trillion in 2014, a gain of 155% since 2000 and higher than that of blacks ($1.1 trillion) and Asians ($770 billion).\n\nLatinos see economic upward mobility for their children\n\n% of Latinos who say, in their lifetime, their children will be ...financially than they themselves are now\n\nNote: Volunteered responses of “Don’t have children/don’t plan to have children” and “Don’t know/refused” shown but not labeled.\nSource: National Survey of Latinos conducted Oct. 21-Nov. 30, 2015.\n“Latinos Increasingly Confident in Personal Finances, See Better Economic Times Ahead”\n\nPEW RESEARCH CENTER\n\n² This finding is little changed from 2009, when 75% of Latino adults ages 26 and older said they expect their children will be better off financially than they themselves are."
    },
    "6": {
      "summary": "5\n\nPEW RESEARCH CENTER\n\nDespite growing confidence and a larger economic footprint, federal government data shows a mixed economic picture for the Hispanic community recently. For example, the group’s unemployment rate has improved since the Great Recession (just as it has for all Americans), falling from a high of 12.8% in the first quarter of 2010 to 6.4% in the last quarter of 2015 (and 5.6% in the first quarter of 2016). Still, it remains above its low of 5% in the fourth quarter of 2006 and is higher than that for non-Hispanic workers in the fourth quarter of 2015.\n\nU.S. Latino unemployment rate is declining, but remains above its 2006 low\n\nQuarterly unemployment rate Hispanic vs. non-Hispanic\n\nRECESSION\n\nNon-Hispanic\n\n2000\n\n2005\n\n2010\n\n2015\n\nNote: Among those ages 16 and older. Estimates are seasonally adjusted. Shaded areas mark recessions. The Great Recession ran from December 2007 to June 2009. In 2001, a recession ran from March to November.\nSource: Pew Research Center tabulations of Bureau of Labor Statistics data.\n“Latinos Increasingly Confident in Personal Finances, See Better Economic Times Ahead”\n\nPew Research Center\n\nAt the same time, median household income for Hispanics has stagnated since the Great Recession—in 2014 it was $42,491, a level essentially unchanged since the Great Recession (income is also little changed among the U.S. public), according to the latest Census Bureau data. In addition, the same Census Bureau report shows that the Hispanic poverty rate – 23.6% in 2014 – is less than a peak of 26.5% in 2010 but remains above pre-recession levels (as it does for all Americans). On wealth, Hispanic households had the largest percentage decline in their net worth through 2009 of any major racial or ethnic group. Unlike white households, however, their net worth continued to fall after the recession.\n\n3 The unemployment rate for Hispanics was 5.6% in May 2016."
    },
    "7": {
      "summary": "6\n\nPEP RESEARCH CENTER\n\nNonetheless, Hispanics remain upbeat about national economic conditions. According to a December 2015 Pew Research Center survey of U.S. adults, 35% of Hispanics said economic conditions today are good or excellent, a higher share than among whites (25%). And the same survey shows that one-third of Hispanics (34%) say U.S. economic conditions will be better in the coming year, a share about twice as high as seen among other groups of Americans.\n\nLatinos lag behind U.S. public on income and wealth and have higher poverty rates\n\nReal median household income, Poverty rate in 2014 dollars\n\nMedian net worth of households, in 2013 dollars\n\n$60 thousand\n\nAll households\n\n$53,700\n\n$40\n\nHispanic\n\n$42,500\n\n20\n\nAll households\n\n14.8%\n\n10\n\nHispanic\n\n23.6%\n\n0\n\n2000\n\n2014\n\n2000\n\n2014\n\n2001\n\n2013\n\n$150 thousand\n\n$135,700\n\n$80\n\nAll households\n\n$81,400\n\n$40\n\nHispanic\n\n$13,700\n\n2000\n\n2014\n\n2000\n\n2014\n\n2001\n\n2013\n\nNote: Shaded areas mark recessions. The Great Recession was from December 2007 to June 2009. In 2001, a recession ran from March to November. The lines break after 2013 because the income question was redesigned.\nSource: For real median household income and the poverty rate, U.S. Census Bureau. For median net worth, Pew Research Center tabulations of the Survey of Consumer Finances public-use data.\n“Latinos Increasingly Confident in Personal Finances, See Better Economic Times Ahead”\n\nPEP RESEARCH CENTER\n\nEconomic issues have long been among the top issues identified by Hispanics when asked about those that are more important to them personally. For example, in 2014, the issues of education and the economy and jobs were rated more important than health care and immigration among registered voters. And on such issues as the minimum wage, Hispanics are more likely than the general U.S. public to support an increase – 84% versus 73%, according to the Pew Research Center’s December 2015 survey."
    },
    "8": {
      "summary": "7\n\nPEW RESEARCH CENTER\n\nAmong the report’s other findings:\n\n- In 2015, Latinos with some college experience or more (56%) and U.S.-born Latinos (50%) were most likely to say their personal financial situation is either excellent or good.\n- The lowest personal financial ratings in 2015 were among Latinos with less than a high school education and immigrant Latinos – 23% and 31%, respectively, say their personal finances are “excellent” or “good.”\n- Even though 59% of Hispanics ages 65 and older say they expect their family finances to improve in the next year, this is the lowest share among major Hispanic demographic subgroups.\n- Hispanics who say their personal finances in 2015 were “excellent” or “good” are more likely to say they expect an improvement in the next year compared with other Hispanics. Some 45% of those whose personal finances in 2015 were “excellent” expect their family’s finances to improve “a lot,” as do 30% of those who characterized their personal finances in 2015 as “good.”"
    },
    "9": {
      "summary": "8\n\nPEP RESEARCH CENTER\n\n1. Latinos are increasingly positive about current finances, but many say family income is not keeping pace with cost of living\n\nThe share of Latinos who rate their personal finances as “excellent” or “good” has nearly doubled since the Great Recession, and this growing optimism extends across nearly all Latino demographic subgroups. However, half of Latinos say their family income is not keeping up with the cost of living.\n\nViews of current personal finances rebound\n\nOverall four-in-ten Hispanics say their personal financial situation is in “excellent” (8%) or “good” (33%) shape, according to the latest Pew Research Center National Survey of Latinos. Still, a substantial majority (59%) describe their financial condition as “only fair” (47%) or “poor” (12%).\n\nThe latest results contrast sharply with those in November 2008, in the midst of the Great Recession, when only 4% of Latinos reported that they were in excellent financial shape and 19% said their financial condition was good. At the other end of the financial spectrum, 30% rated their financial condition as poor in 2008 – more than double the share expressing that view in the latest survey.\n\nThe latest Hispanic survey also suggests that the share of Hispanics with a positive view of their pocketbook finances has essentially caught up to the general public: 43% of the general public versus 40% of Hispanics\n\nLatino perceptions of personal finances rebound strongly since the recession\n\n% who say their personal financial situation is in “excellent” or “good” shape\n\nNote: Shaded area marks the Great Recession, which ran from December 2007 to June 2009.\nSource: National Survey of Latinos conducted Oct. 21-Nov. 30, 2015; surveys conducted Dec. 8-13, 2015; Oct. 24-28, 2012; Dec. 7-11, 2011; Oct. 9-12, 2008; Aug. 5-10, 2004.\n“Latinos Increasingly Confident in Personal Finances, See Better Economic Times Ahead”\n\nPEW RESEARCH CENTER"
    },
    "10": {
      "summary": "2008\n\nThe gap has closed significantly since 2008 when the difference between Latinos and the public stood at 18 percentage points (41% for all Americans and 23% of Latinos), roughly the same-sized gap as in earlier years.\n\nLooking back to before the recession reveals another striking difference between Hispanic economic perceptions and those of the U.S. population as a whole. Latino views of their financial situation are more positive now than they were in 2004, when roughly a third (31%) rated their financial condition as excellent or good. By contrast, the public’s view of its finances is lower now than in 2004, when about half (51%) had a positive view.\n\nMost key Latino demographic subgroups see gains in personal finance ratings since 2008\n\nAn analysis of 2008 and 2015 survey data finds that Latino perceptions of their economic well-being have increased among most major Latino demographic subgroups.\n\nYounger Hispanic adults tended to have bigger gains than older Hispanics.\n\nAbout half (48%) of Latinos ages 18 to 29 report that they were in excellent or good financial shape in 2015, a 27 percentage point increase from 2008 and more than double the share who had a similarly positive view of their\n\n\n### Ratings of personal finances improve among most Latino groups\n\n*% who say their personal financial situation is in “excellent” or “good” shape*\n\n---\n\n#### Among Latinos\n\n- **U.S. born**: 50 (+17)\n- **Foreign born**: 14 (+18)\n- **2nd generation n/a**: 46 (+18)\n- **3rd generation or higher n/a**: 53 (+18)\n- **Male**: 40 (+16)\n- **Female**: 22 (+18)\n- **Less than high school**: 11 (+12)\n- **High school graduate**: 39 (+16)\n- **Some college or more**: 56 (+17)\n- **Ages 18-29**: 21 (+24)\n- **30-49**: 36 (+14)\n- **50-64**: 26 (+14)\n- **65 and older**: 28 (+9)\n\n---\n\n**PEW RESEARCH CENTER**\n\nNote: Percentage point change calculated before rounding. Data for second- and third-generation Hispanics not available for 2008. Source: National Survey of Latinos conducted Oct. 21-No"
    },
    "11": {
      "summary": "10\n\nPEW RESEARCH CENTER\n\nfinances that year.\n\nBy contrast, gains in perceptions of economic well-being among Latinos 65 years old or older were more modest, standing at 37% in 2015.\n\nThese differences by age are the exception, not the rule, as similar-sized gains are recorded among most other demographic subgroups. For example, ratings of personal finances rose by 17 percentage points among U.S.-born Hispanics and by 18 points among those born in another country. Positive views of economic well-being rose by 16 percentage points among Latino men and by 18 points among Latina women. These rosy assessments also increased by double digits among those with less than a high school education (+12 points) and high school graduates (+16) as well as those who had attended college (+17).\n\nFor many Latinos, family income is not keeping pace with the cost of living\n\nTwo other Pew Research Center surveys of U.S. adults conducted in 2014 and 2015 show that many Hispanics say their family income is falling behind the cost of living.\n\nIn 2015, about half (53%) of Latinos said their family income is not keeping up with the cost of living. Meanwhile, 37% said their income is staying about even with the cost of living, and 10% said it is going up faster than the cost of living. In 2015, blacks and whites held similar views as Hispanics on this issue.\n\nIn 2015, half of Hispanic adults said their family income was falling behind the cost of living, unchanged from 2014\n\n% who say their family’s income is ... the cost of living\n\n| Year | Percentage |\n|------|------------|\n| 2014 | 53         |\n| 2015 | 49         |\n| 2016 | 51         |\n| 2017 | 37         |\n| 2018 | 43         |\n| 2019 | 7          |\n\nNote: Whites and blacks are non-Hispanic. Hispanics are of any race. Don’t know/refused responses not shown.\nSource: Surveys conducted Dec. 8-13, 2015, and Jan. 15-19, 2014.\n“Latinos Increasingly Confident in Personal Finances, See Better Economic Times Ahead”\n\nPew Research Center"
    },
    "12": {
      "summary": "2014 and 2015, Hispanic views of family income in relation to the cost of living were unchanged—about half of all Hispanic adults in both years said they were falling behind financially, as was true for the U.S. public as a whole.\n\nBy contrast, whites reported some improvement in their family income relative to the cost of living across the one-year time period. As a result, overall in 2015, the three racial and ethnic groups looked fairly similar on this measure."
    },
    "13": {
      "summary": "12\n\n**2. Latinos are optimistic about their finances in the next year and upward economic mobility for their children**\n\nMost Hispanics are confident their finances will improve in the next year and also see a bright financial future for their children. Those already prospering are the most likely to be optimistic in their expectations about the next year.\n\n**Finances expected to improve in the next year**\n\nLooking ahead, optimism about their family’s future economic prospects has risen faster among Latinos than in the population as a whole. The share of Latinos who expect their family finances to improve “a lot” or “some” in the coming year is up 14 percentage points, from 67% in 2008 – during the Great Recession – and in 2011 to 81% in 2015. By contrast, the share of all Americans who share this optimistic view of their family’s pocketbook prospects rose 6 percentage points to 61% during that time.\n\nThis analysis shows that all of the increase among Hispanics in perceptions about their family’s finances has occurred since 2011 when, two years after the Great Recession officially ended, 67% of Latinos said they expected their finances to improve “a lot” or “some.” That share then grew by 6 percentage points to 73% in 2012, and now stands at 81%.\n\nAmong the general public, the share of all Americans with a similarly favorable view of their family’s future finances rose by 3 percentage points from 2011 to 2015.\n\n**Financial expectations rising faster among Hispanics since recession**\n\n% who expect their family’s financial situation to improve “a lot” or “some” in the next year\n\nNote: Shaded area marks the Great Recession, which ran from December 2007 to June 2009.\nSource: National Survey of Latinos conducted Oct. 21-Nov. 30, 2015; surveys conducted Dec. 8-13, 2015; Sept. 12-16, 2012; Dec. 7-11, 2011; Dec. 3-8, 2008; Aug. 5-10, 2004.\n“Latinos Increasingly Confident in Personal Finances, See Better Economic Times Ahead”\n\n**PEW RESEARCH CENTER**"
    },
    "14": {
      "summary": "2004, the Pew Research Center’s National Survey of Latinos has found that Latinos are consistently more optimistic about their next year’s finances than the general public. But the current 20 percentage point gap in financial expectations (81% for Latinos vs. 61% for the public) is the largest since the series began.\n\nLatinos’ financial optimism extends across most subgroups\n\nLatinos are broadly optimistic about their economic prospects. Fully eight-in-ten Latinos (81%) say they expect their family’s financial situation will improve in the coming year, a 14 percentage point increase since 2008.\n\nThe 2015 reading includes 23% of Latinos who predict they will fare “a lot” better – the largest share of Hispanics to express this upbeat view since 2004 and an increase of 12 percentage points since December 2011. An additional 58% of Latinos expect “some” improvement in their family’s financial health.\n\nOnly one-in-ten say their finances will get “a lot” worse (3%) or “a little” worse (7%) in the year ahead, down from 16% in 2008 and a 12 percentage point decline from 2011, when 21% expressed a similarly pessimistic view.\n\nNearly all major demographic groups recorded some increase in economic optimism, but some groups gained more than others.\n\nAs with perceptions of their current financial condition, older Latinos were significantly less\n\n\nSince 2008, most Latino subgroups more optimistic about their finances\n\n% who expect their family’s financial situation to improve “a lot” or “some” in the next year\n\n|                        | 2015 | 2008 | Change |\n|------------------------|------|------|---------|\n| General population    | 61   | 56   | +6      |\n| All Hispanics          | 67   | 81   | +14     |\n| **Among Hispanics**   |      |      |         |\n| U.S. born              | 81   | 67   | +14     |\n| Foreign born           | 81   | 67   | +14     |\n| 2nd generation        | 86   |      | n/a     |\n| 3rd generation or higher | 76   |      | n/a     |\n| Male              "
    },
    "15": {
      "summary": "14\n\nPEW RESEARCH CENTER\n\n\nupbeat about their short-term economic future than were younger and middle-aged Hispanics.\n\nAbout six-in-ten Latinos 65 years old or older (59%) say they expect their family’s finances to\nimprove “a lot” or “some” in the coming year, an increase of 7 percentage points since 2008. By\ncontrast, nine-in-ten Hispanic adults under the age of 30 expect their financial condition to get\nbetter, a 13-point rise. The gains in economic optimism are similarly large among Latinos ages 30\nto 49 and 50 to 64 (+16 points for each group). Americans with more education fared better during\nthe Great Recession and were the quickest to recover, a trend reflected in the changes in Latinos’\nexpectations for their family finances.\n\nAccording to the latest survey, those who had completed some college expressed somewhat more\nconfidence in their economic future than those with less than a high school diploma; fully 85% of\ncollege-educated Latinos expect improvements in the year ahead compared with 80% of high\nschool graduates and 77% of Latinos with less than a high school education.\n\nMoreover, economic optimism has grown roughly twice as fast since 2008 among Latinos who had\ncompleted some college (+20 percentage points) than among those with a high school diploma\n(+9) or less education (+11).\n\nTurning to other demographic groups, the latest survey finds that both Latino men (+18 points)\nand Latina women (+11) are more optimistic about their finances now than they were seven years\nago. Among U.S.-born and immigrant Hispanics, hopeful views of their family’s finances rose by\n14 percentage points to 81% in each group."
    },
    "16": {
      "summary": "15\n\nPEW RESEARCH CENTER\n\nViews of current finances color next year’s financial expectations\n\nHow Latinos say they are\nfaring financially today is\nclosely associated with how\nthey predict they will do\nfinancially in the coming\nyear, the latest Latino survey\nfound.\n\nOverall, Hispanics with a\npositive view of their current\nfinancial situation are\nsignificantly more likely than\nthose who rate their\neconomic circumstances as\nonly fair or poor to say their\nfamily’s finances will improve\nover the next 12 months.\n\nAmong the 40% of Hispanics\nwho say they are in excellent\nor good shape financially, a\nthird believe that their\nfamily’s financial situation\nwill improve a lot in the next\nyear while about half (56%)\nsay they expect some\nadvancement.\n\nFuture financial expectations among Hispanics shaped\nby current personal financial situation\n\n% who expect their family’s financial situation in the next year to ..., by\npersonal financial condition\n\n■ Improve a lot ■ Improve some ■ Get a little worse ■ Get a lot worse\n\nExcellent financial condition\n\nGood financial condition\n\nOnly fair financial condition\n\nPoor financial condition\n\nNote: Volunteered responses of “Stay the same” and “Don’t know/refused” not shown. No\nrespondents who reported excellent financial condition said they expect their family’s\nfinances to get a lot worse.\nSource: National Survey of Latinos conducted Oct. 21-Nov. 30, 2015.\n“Latinos Increasingly Confident in Personal Finances, See Better Economic Times Ahead”\n\nPEW RESEARCH CENTER\n\nBy contrast, only about 17% of those who say their current finances are in only fair shape and 15%\nof those who say their finances are in poor shape expect the next year to bring a major\nimprovement in their finances."
    },
    "17": {
      "summary": "16\n\n**Latinos see upward economic mobility for their children**\n\nThe optimism Hispanics hold about their personal finances extends to their children’s financial future. About seven-in-ten (72%) Hispanic adults expect their children will be better off financially than they themselves are, while 16% expect their children’s financial situation will be about the same as theirs. At the same time, 75% of immigrant adults and 70% of U.S.-born adults expect their children will be better off.\n\nViews also differ by age, with older Latinos more pessimistic about their children’s financial futures than younger Latinos. Among those ages 65 and older, 52% say their children will be better off than themselves. By comparison, 75% of Latinos ages 18 to 29 have similar expectations of their children, as do 76% of those ages 30 to 49 and 70% of those ages 50 to 64. Among those ages 65 and older, 13% say their children will be less well off, higher than among Latinos ages 18 to 29 and 30 to 49.\n\nThere are differences by educational attainment among Latinos. Among those with at least some college experience, 69% expect their children will be better off financially, with a similar share (71%) of those with less than a high school education saying the same. However, Latino high school graduates are more optimistic than those with some college experience or more, with 79% predicting that their children will be better off financially.\n\nMost Latinos optimistic about their children’s financial future\n\n% of Latinos who say, in their lifetimes, their children will be ... compared with themselves\n\n| All Hispanics | Less well-off | Better off |\n|---------------|--------------|-----------|\n| U.S. born      | 6            | 70        |\n| Foreign born  | 5            | 75        |\n| 2nd generation| 5            | 72        |\n| 3rd generation or higher | 6 | 68 |\n| Male          | 6            | 72        |\n| Female       | 5            | 73        |\n| Less than high school | 4 | 71 |\n| High school g"
    },
    "18": {
      "summary": "17\n\nPEP RESEARCH CENTER\n\nAcknowledgments\n\nThis report was written by Mark Hugo Lopez, director of Hispanic research; Rich Morin, senior editor; and Jens Manuel Krogstad, writer/editor. Claudia Deane, vice president of research, provided editorial guidance. Michael Keegan, information graphics designer, created charts for the overview. Anna Brown, research assistant, and Gustavo López, research assistant, number checked the report. Marcia Kramer copy edited the report. Find related reports online at pewresearch.org/hispanic."
    },
    "19": {
      "summary": "18\n\nPEP RESEARCH CENTER\n\n\n**Methodology**\n\nResults for this study are based on telephone interviews conducted by SSRS, an independent research company, for the Pew Research Center among a nationally representative sample of 1,500 Latino respondents ages 18 and older. It was conducted on cellular and landline telephones from Oct. 21 through Nov. 30, 2015.\n\nFor the full sample, a total of 705 respondents were U.S. born (including Puerto Rico), and 795 were foreign born (excluding Puerto Rico). For results based on the total sample, one can say with 95% confidence that the error attributable to sampling is plus or minus 3.3 percentage points.\n\n| Sample size | Margin of error 95% confidence level |\n|-------------|---------------------------------------|\n| Total Latinos | 1,500                                | +/- 3.3% points |\n| U.S. born (incl. PR) | 705                                 | +/- 4.8% points |\n| Foreign born (excl. PR) | 795                                 | +/- 4.4% points |\n\nPEP RESEARCH CENTER\n\nFor this survey, SSRS used a staff of bilingual English- and Spanish-speaking interviewers who, when contacting a household, were able to offer respondents the option of completing the survey in either language. A total of 679 respondents (45%) were surveyed in Spanish, and 821 respondents (55%) were interviewed in English. Any person ages 18 or older who said he or she was of Latino origin or descent was eligible to complete the survey.\n\nTo ensure the highest possible coverage of the eligible population, the study employed a dual-frame landline/cellular telephone design. The sample consisted of a landline sampling frame (yielding 449 completed interviews) and a cellphone sampling frame (1,051 interviews).<sup>4</sup> Both the landline and cellphone sampling frames used a stratified sampling design, oversampling areas with higher densities of Latino residents. Overall the study employed six strata. Landline and cellphone samples were provided by Marketing Systems "
    },
    "20": {
      "summary": "19\n\nPEP RESEARCH CENTER\n\nunlisted landline sample was used to generate a stratum with a high incidence of Latinos, based upon the share of Latinos in the sample telephone exchange.\n\nIt is important to note that the existence of a surname stratum does not mean the survey was exclusively a surname sample design. The sample is RDD (random-digit-dial), with the randomly selected telephone numbers divided by whether or not they were found to be associated with a Spanish surname. This was done to ease administration by allowing for more effective assignment of interviewers and labor hours, as well as to increase the efficiency of the sample.\n\nMSG’s GENESYS sample generation system was used to generate the cellphone sample, which was divided into high and medium strata, based upon the share of Latinos in the sample telephone area code.\n\nSamples for the low-incidence landline and low-incidence cell strata were drawn from previously interviewed respondents in SSRS’s weekly dual-frame Excel omnibus survey. Respondents who indicated they were Latino on the omnibus survey were eligible to be re-contacted for this survey. Altogether, a total of 293 previously interviewed respondents were included in this sample.\n\nInterviews by Strata\n\n|                      | Landline Estimated % among U.S. Latino population | Cellphone Estimated % among U.S. Latino population |\n|----------------------|--------------------------------------------------|-------------------------------------------------|\n| Surname              | 224 (50%)                                          | 630 (60%)                                         |\n| High                 | 90 (20%)                                           | 263 (25%)                                         |\n| Medium               | 135 (30%)                                          | 158 (15%)                                         |\n| Low                  | 449                                                 | 1,051                            "
    },
    "21": {
      "summary": "20\n\nPEW RESEARCH CENTER\n\nA multistage weighting procedure was used to ensure an accurate representation of the national Hispanic population.\n\n- An adjustment was made for all persons found to possess both a landline and a cellphone, as they were more likely to be sampled than were respondents who possessed only one phone type. This adjustment also took into account the different sampling rate in the landline and cellphone samples.\n\n- The sample was corrected for a potential bias associated with re-contacting previously interviewed respondents in low-incidence strata.\n\n- The sample was corrected for within-household selection in landline interviews, which depended upon the number of Latino adults living in the household.\n\n- The sample was corrected for the oversampling of telephone number exchanges known to have higher densities of Latinos and the corresponding undersampling of exchanges known to have lower densities of Latinos.\n\n- Finally, the data were put through a post-stratification sample balancing routine. The post-stratification weighting utilized estimates of the U.S. adult Hispanic population based on the 2013 U.S. Census Bureau’s American Community Survey, on gender, age, education, Census region, heritage and years in the U.S. Phone status of the U.S. adult Hispanic population (i.e., cellphone only, dual/landline only) is based on estimates from the January-June 2015 National Health Interview Survey conducted by the U.S. Centers for Disease Control and Prevention; the density of the Latino population is from the 2010 Census.\n\n- Weights are then trimmed to avoid any particular case having too much influence on the overall estimates."
    },
    "22": {
      "summary": "2016. “Wireless Substitution: Early Release of Estimates From the National Health Interview Survey, July-December 2015.” Hyattsville, Md.: National Center for Health Statistics, May. http://www.cdc.gov/nchs/data/nhis/earlyrelease/wireless201605.pdf\n\nDeNavas-Walt, Carmen and Bernadette D. Proctor. 2015. “Income and Poverty in the United States: 2014.” Washington, D.C.: U.S. Census Bureau, September. https://www.census.gov/content/dam/Census/library/publications/2015/demo/p60-252.pdf\n\nKochhar, Rakesh. 2014. “Latino Jobs Growth Driven by U.S. Born: Immigrants No Longer the Majority of Hispanic Workers.” Washington, D.C.: Pew Research Center, June. http://www.pewhispanic.org/2014/06/19/latino-jobs-growth-driven-by-u-s-born/\n\nKochhar, Rakesh and Richard Fry. 2014. “Wealth inequality has widened along racial, ethnic lines since end of the Great Recession.” Washington, D.C.: Pew Research Center, December. http://www.pewresearch.org/fact-tank/2014/12/12/racial-wealth-gaps-great-recession/\n\nKochhar, Rakesh, Richard Fry and Paul Taylor. 2011. “Wealth Gaps Rise to Record Highs Between Whites, Blacks, Hispanics.” Washington, D.C.: Pew Research Center, July. http://www.pewsocialtrends.org/2011/07/26/wealth-gaps-rise-to-record-highs-between-whites-blacks-hispanics/\n\nLopez, Mark Hugo, Ana Gonzalez-Barrera and Jens Manuel Krogstad. 2014. “Latino Support for Democrats Falls, but Democratic Advantage Remains.” Washington, D.C.: Pew Research Center, October. http://www.pewhispanic.org/2014/10/29/latino-support-for-democrats-falls-but-democratic-advantage-remains/\n\nNational Bureau of Economic Research. 2010. “US Business Cycle Expansions and Contractions.” Cambridge, Mass.: National Bureau of Economic Research, September. http://www.nber.org/cycles/cyclesmain.html\n\nPew Research Center. 2015. “As Election Year Nears, Public Sees Mixed Economic Picture: Less economic optimism, but fewer feel like they’re ‘falling behind.’” Washington, D.C.: December. http://www.people-press.org/2015/12/2"
    },
    "23": {
      "summary": "2014. “Most See Inequality Growing, but Partisans Differ Over Solutions.” Washington, D.C.: January. http://www.people-press.org/2014/01/23/most-see-inequality-growing-but-partisans-differ-over-solutions/\n\n: 2009. “Between Two Worlds: How Young Latinos Come of Age in America.” Washington, D.C.: December. http://www.pewhispanic.org/2009/12/11/between-two-worlds-how-young-latinos-come-of-age-in-america/\n\n: 2016. “Statistical Portrait of Hispanics in the United States.” Washington, D.C.: Pew Research Center, April. http://www.pewhispanic.org/2016/04/19/statistical-portrait-of-hispanics-in-the-united-states/\n\n: 2014. “Minorities energize U.S. consumer market, according to UGA Multicultural Economy report.” Athens, GA: Selig Center for Economic Growth, September. http://news.uga.edu/releases/article/multicultural-economy-report-2014/"
    }
  }
}
