{
  "doc_id": "san-francisco-11-contents.pdf",
  "pages": {
    "1": {
      "summary": " All you’ve got to do is decide to go and the hardest part is over.\n\nSo go!”\n\nTONY WHEELER, COFOUNDER – LONELY PLANET\n\nAlison Bing, John A Vlahides, Sara Benson, Ashley Harrell"
    },
    "2": {
      "summary": "34\n\n: "
    },
    "3": {
      "summary": " (above) Clam chowder served in a bread bowl\n\n(left) The ‘Painted Ladies’ Victorian mansions at Alamo Square Park (p181)\n\n(right) Crane in Crissy Field (p55)\n\n\n\n\nThe Marina, Fisherman's Wharf & the Piers p48\n\nGolden Gate Park & the Avenues p193\n\nThe Haight, NoPa & Hayes Valley p178\n\nThe Castro & Noe Valley p167\n\nNorth Beach & Chinatown p112\n\nDowntown, Civic Center & SoMa p74\n\nThe Mission & Potrero Hill p144\n\nThe Mission & Potrero Hill p144"
    },
    "4": {
      "summary": "16\n\n# Top Itineraries\n\n## Day One\n\n### North Beach & Chinatown (p112)\n\n**Grab a leather strap on the Powell-Mason cable car and hold on: you’re in for hills and thrills. Hop off at Washington Square Park, where parrots squawk encouragement for your hike up to Coit Tower for Work Projects Administration (WPA) murals and 360-degree panoramas. Take scenic Filbert Street Steps to the Embarcadero to wander across Fog Bridge and explore the freaky Tactile Dome at the Exploratorium.**\n\n**Lunch Try local oysters and Dungeness crab at the Ferry Building (p79).**\n\n---\n\n### The Marina, Fisherman’s Wharf & the Piers (p48)\n\n**Catch your prebooked ferry to Alcatraz, where D-Block solitary raises goose bumps. Make your island-prison break, taking in Golden Gate Bridge views on the ferry ride back. Take the Powell-Mason cable car to North Beach, to take in free-speech landmark City Lights and mingle with SF’s freest spirits at the Beat Museum.**\n\n**Dinner Reserve North Beach’s best pasta at Cotogna (p88) or a Cal-Chinese banquet at Mister Jiu’s (p121).**\n\n---\n\n### North Beach & Chinatown (p112)\n\n**Since you just escaped prison, you’re tough enough to handle too-close-for-comfort comics at Cobb’s Comedy Club or razor-sharp satire at Beach Blanket Babylon. Toast the wildest night in the west with potent Pisco sours at Comstock Saloon or spiked cappuccinos at Tosca Cafe.**\n\n---\n\n## Day Two\n\n### Golden Gate Park & the Avenues (p193)\n\n**Hop the N Judah to Golden Gate Park to see carnivorous plants enjoying insect breakfasts at the Conservatory of Flowers and spiky dahlias wet with dew in the Dahlia Garden. Follow Andy Goldsworthy’s artful sidewalk fault lines to find Oceanic masks and flawless tower-top views inside the de Young Museum, then take a walk on the wild side in the rainforest dome of the California Academy of Sciences. Enjoy a moment of Zen with green tea at the Japanese Tea Garden and bliss out in the secret redwood grove at the San Francisco Botanical Garden.**\n\n**Lunch Jo"
    },
    "5": {
      "summary": "17\n\nGolden Gate Park (p195)\n\nDay Three\n\nDay Four\n\nNorth Beach & Chinatown (p112) The Mission & Potrero Hill (p144)\n\nTake the California cable car to\npagoda-topped Grant St for an eye-\nopening Red Blossom tea tasting and\nthen a jaw-dropping history of Chinatown\nat the Chinese Historical Society of\nAmerica. Wander temple-lined Waverly\nPlace and notorious Ross Alley to find\nyour fortune at the Golden Gate Fortune\nCookie Company.\n\nLunch Hail dim-sum carts for dump-\nlings at City View (p120).\n\nThe Marina, Fisherman’s Wharf &\nthe Piers (p48)\nTo cover the waterfront, take the\nPowell-Hyde cable car past zigzag-\nging Lombard Street to the San Fran-\ncisco Maritime National Historical\nPark, where you can see what it was like\nto stow away on a schooner. Save the world\nfrom Space Invaders at Musée Mécan-\nique or enter underwater stealth mode\ninside a real WWII submarine: the USS\nPampanito. Watch sea lions cavort as the\n\nDinner Inspired NorCal fare at Rich\nTable (p186) satisfies and surprises.\n\nsun fades over Pier 39, then hop onto the\nvintage F-line streetcar.\n\nThe Haight, NoPa & Hayes\nValley (p178)\nBrowse Hayes Valley boutiques\nbefore your concert at the SF Sym-\n\nWander 24th St past mural-covered\nbodegas to Balmy Alley, where the\nMission muralist movement began in the\n1970s. Stop for a ‘secret breakfast’ (bour-\nbon and cornflakes) ice-cream sundae at\nHumphry Slocombe, then head up Va-\nlencia to Ritual Coffee Roasters. Pause\nfor pirate supplies and Fish Theater at 826\nValencia and duck into Clarion Alley,\nthe Mission’s outdoor graffiti-art gallery.\nSee San Francisco’s first building, Span-\nish adobe Mission Dolores, and visit the\nmemorial to the Native O’Hlone who built it.\n\nLunch Take La Taqueria (p151) burritos\nto Dolores Park, or dine in at Tacolicious\n(p153).\n\nThe Haight, NoPa & Hayes\nValley (p178)\nSpot Victorian ‘Painted Ladies’\naround Alamo Square and browse\nNoPa boutiques. Stroll tree-lined Pan-\nhandle park to Stanyan, then window-shop\nyour way down hippie-historic Haight"
    },
    "6": {
      "summary": "287\n\nSan Francisco\n\nMaps\n\nSights\n\nBeach\n\nBird Sanctuary\n\nBuddhist\n\nCastle/Palace\n\nChristian\n\nConfucian\n\nHindu\n\nIslamic\n\nJain\n\nJewish\n\nMonument\n\nMuseum/Gallery/Historic Building\n\nRuin\n\nShinto\n\nSikh\n\nTaoist\n\nWinery/Vineyard\n\nZoo/Wildlife Sanctuary\n\nOther Sight\n\nActivities,\n\nCourses & Tours\n\nBodysurfing\n\nDiving\n\nCanoeing/Kayaking\n\nCourse/Tour\n\nSento Hot Baths/Onsen\n\nSkiing\n\nSnorkeling\n\nSurfing\n\nSwimming/Pool\n\nWalking\n\nWindsurfing\n\nOther Activity\n\nSleeping\n\nSleeping\n\nCamping\n\nHut/Shelter\n\nEating\n\nEating\n\nDrinking & Nightlife\n\nDrinking & Nightlife\n\nCafe\n\nEntertainment\n\nEntertainment\n\nShopping\n\nShopping\n\nInformation\n\nBank\n\nEmbassy/Consulate\n\nHospital/Medical\n\nInternet\n\nPolice\n\nPost Office\n\nTelephone\n\nToilet\n\nTourist Information\n\nOther Information\n\nGeographic\n\nBeach\n\nGate\n\nHut/Shelter\n\nLighthouse\n\nLookout\n\nMountain/Volcano\n\nOasis\n\nPark\n\nPass\n\nPicnic Area\n\nWaterfall\n\nPopulation\n\nCapital (National)\n\nCapital (State/Province)\n\nCity/Large Town\n\nTown/Village\n\nTransport\n\nAirport\n\nBART station\n\nBorder crossing\n\nBoston T station\n\nBus\n\nCable car/Funicular\n\nCycling\n\nFerry\n\nMetro/Muni station\n\nMonorail\n\nParking\n\nPetrol station\n\nSubway/SkyTrain station\n\nTaxi\n\nTrain station/Railway\n\nTram\n\nUnderground station\n\nOther Transport\n\nRoutes\n\nTollway\n\nFreeway\n\nPrimary\n\nSecondary\n\nTertiary\n\nLane\n\nUnsealed road\n\nRoad under construction\n\nPlaza/Mall\n\nSteps\n\nTunnel\n\nPedestrian overpass\n\nWalking Tour\n\nWalking Tour detour\n\nPath/Walking Trail\n\nBoundaries\n\nInternational\n\nState/Province\n\nDisputed\n\nRegional/Suburb\n\nMarine Park\n\nCliff\n\nWall\n\nHydography\n\nRiver, Creek\n\nIntermittent River\n\nCanal\n\nWater\n\nDry/Salt/Intermittent Lake\n\nReef\n\nAreas\n\nAirport/Runway\n\nBeach/Desert\n\nCemetery (Christian)\n\nCemetery (Other)\n\nGlacier\n\nMudflat\n\nPark/Forest\n\nSight (Building)\n\nSportsground\n\nSwamp/Mangrove\n\nNote: Not all symbols displayed above appear on the maps in this book"
    },
    "7": {
      "summary": "7\n: 8\n: 9\n: 10\n: 11\n: 12\n: 13\n: 14\n: 15\n: 16\n: 17\n: 18\n: 19\n: 20\n: 21\n: 22\n: 23\n: 24\n: 25\n: 26\n: 27\n: 28\n: 29\n: 30\n: 31\n: 32\n: 33\n: 34\n: 35\n: 36\n: 37\n: 38\n: 39\n: 40\n: 41\n: 42\n: 43\n: 44\n: 45\n: 46\n: 47\n: 48\n: 49\n: 50\n: 51\n: 52\n"
    },
    "8": {
      "summary": "400 m\n\n0.2 miles\n\nSan Francisco Bay\n\nPier 39\n\nPier 45\n\nPier 41\n\nPier 43\n\nPier 47\n\nPier 46\n\nPier 48\n\nPier 49\n\nPier 50\n\nPier 51\n\nPier 52\n\nPier 53\n\nPier 54\n\nPier 55\n\nPier 56\n\nPier 57\n\nPier 58\n\nPier 59\n\nPier 60\n\nPier 61\n\nPier 62\n\nPier 63\n\nPier 64\n\nPier 65\n\nPier 66\n\nPier 67\n\nPier 68\n\nPier 69\n\nPier 70\n\nPier 71\n\nPier 72\n\nPier 73\n\nPier 74\n\nPier 75\n\nPier 76\n\nPier 77\n\nPier 78\n\nPier 79\n\nPier 80\n\nPier 81\n\nPier 82\n\nPier 83\n\nPier 84\n\nPier 85\n\nPier 86\n\nPier 87\n\nPier 88\n\nPier 89\n\nPier 90\n\nPier 91\n\nPier 92\n\nPier 93\n\nPier 94\n\nPier 95\n\nPier 96\n\nPier 97\n\nPier 98"
    },
    "9": {
      "summary": "400 m\n0.2 miles\n\n**Top Sights** (p60)\n1 Exploratorium A5\n\n**Sights** (p57)\n2 Aquarium of the Bay A1\nTactile Dome see 1\n\n**Entertainment** (p69)\n3 Pier 23 A4\n\n**Shopping** (p70)\nExploratorium Store see 1\n4 Houdini's Magic Shop A1\n5 SF Salt Co A1\n\n**Sports & Activities** (p72)\n6 Alcatraz Cruises A2"
    },
    "10": {
      "summary": "0.2 miles\n\n|Col1|Col2|Col3|Col4|Col5|Col6|Col7|Col8|Col9|Col10|Col11|Col12|Col13|Col14|Col15|Col16|Col17|Col18|Col19|Col20|Col21|Col22|Col23|Col24|Col25|Col26|Col27|Col28|Col29|Col30|Col31|Col32|Col33|Col34|Col35|Col36|Col37|Col38|Col39|Col40|Col41|Col42|Col43|Col44|Col45|Col46|Col47|Col48|Col49|Col50|Col51|Col52|Col53|Col54|Col55|Col56|Col57|Col58|Col59|Col60|Col61|Col62|Col63|Col64|Col65|Col66|Col67|Col68|Col69|Col70|Col71|Col72|Col73|Col74|Col75|Col76|Col77|Col78|Col79|Col80|Col81|Col82|Col83|Col84|Col85|Col86|Col87|Col88|Col89|Col90|Col91|Col92|Col93|Col94|Col95|Col96|Col97|Col98|Col99|Col100|Col101|Col102|Col103|Col104|Col105|Col106|Col107|Col108|Col109|Col110|Col111|Col112|Col113|Col114|Col115|Col116|Col117|Col118|Col119|Col120|Col121|Col122|Col123|Col124|Col125|Col126|Col127|Col128|Col129|Col130|Col131|Col132|Col133|Col134|Col135|Col136|Col137|Col138|Col139|Col140|Col141|Col142|Col143|Col144|Col145|Col146|Col147|Col148|Col149|Col150|Col151|Col152|Col153|Col154|Col155|Col15"
    },
    "11": {
      "summary": "292"
    },
    "12": {
      "summary": "400 m\n\n0.2 miles\n\nSan Francisco Municipal Pier\n\nSee map p289\n\nHI San Francisco Fisherman's Wharf\n\nAquatic Park\n\nFort Mason\n\nBeach St\n\nFISHERMAN'S WHARF North Point St\n\nBay St\n\nFrancisco St\n\nVann Ness Ave\n\nLombard St\n\nGreenwich St\n\nFilbert St\n\nUnion St\n\nGough St\n\nGreen St\n\nVallejo St\n\nFranklin St\n\nSacramento St\n\nPacific Heights\n\nLafayette Park\n\nClay St\n\nSacramento St\n\nE\n\nF\n\nSights (p61)\n\n1 Baker Street Steps ............................ A6\n\n2 Fort Mason Center ............................ D2\n\n3 Maritime Museum ............................ F2\n\n4 Octagon House ............................ E5\n\n5 Wave Organ ............................ B1\n\nEating (p62)\n\n6 A16 ............................................. A4\n\n7 Balboa Cafe ............................... C5\n\n8 Belga ........................................... D5\n\n9 Blue Barn Gourmet .......................... C4\n\n10 Greens ........................................ D2\n\n11 Izzy's Steaks & Chops ...................... B4\n\n12 Kara's Cupcakes .......................... B4\n\n13 Lite Bite ..................................... E5\n\n14 Lucca Delicatessen ........................ B4\n\n15 Mamacita ..................................... B4\n\n16 Off the Grid ................................. D2\n\n17 Pluto's Fresh Food ........................ B4\n\n18 Roam Artisan Burger ..................... E5\n\n19 Rooster & Rice .............................. C5\n\n20 Rose's Café ................................. C5\n\n21 Seed & Salt ................................. B4\n\nDrinking & Nightlife (p68)\n\n22 California Wine Merchant ............... B4\n\n23 Interval Bar & Cafe ....................... D2\n\n24 MatrixFillmore .............................. C5\n\n25 West Coast Wine & Cheese ............ C5\n\nEntertainment (p69)\n\n26 BATS Improv ................................. D2\n\n27 Magic Theatre ............................... D2\n\nShopping (p70)\n\n28 Ambiance .................................... E5\n\n29 ATYS ............................................. C5\n\n30 Benefit .........."
    },
    "13": {
      "summary": "294"
    },
    "14": {
      "summary": "5\n\n**4**\n\n**3**\n\n**2**\n\n**1**\n\n**0**\n\n**9**\n\n**8**\n\n**7**\n\n**6**\n\n**5**\n\n**4**\n\n**3**\n\n**2**\n\n**1**\n\n**0**\n\n**9**\n\n**8**\n\n**7**\n\n**6**\n\n**5**\n\n**4**\n\n**3**\n\n**2**\n\n**1**\n\n**0**\n\n**9**\n\n**8**\n\n**7**\n\n**6**\n\n**5**\n\n**4**\n\n**3**\n\n**2**\n\n**1**\n\n**0**\n\n**9**\n\n**8**\n\n**7**\n\n**6**\n\n**5**\n\n**4**\n\n**3**\n\n**2**\n\n**1**\n\n**0**\n\n**9**\n\n**8**\n\n**7**\n\n**6**\n\n**5**\n\n**4**\n\n**3**\n\n**2**\n\n**1**\n\n**0**\n\n**9**\n\n**8**\n\n**7**\n\n**6**\n\n**5**\n\n**4**\n\n**3**\n\n**2**\n\n**1**\n\n**0**\n\n**9**\n\n**8**\n\n**7**\n\n**6**\n\n**5**\n\n**4**\n\n**3**\n\n**2**\n\n**1**\n\n**0**\n\n**9**\n\n**8**\n\n**7**\n\n**6**\n\n**5**\n\n**4**\n\n**3**\n\n**2**\n\n**1**\n\n**0**\n\n**9**\n\n**8**\n\n**7**\n\n**6**\n\n**5**\n\n**4**\n\n**3**\n\n**2**\n\n**1**\n\n**0**\n\n**9**\n\n**8**\n\n**7**\n\n**6**\n\n**5**\n\n**4**\n\n**3**"
    },
    "15": {
      "summary": "400 m\n0.2 miles\n\n|Col1|Pine St|Col3|\n|---|---|---|\n||Austin St||\n||24 39 32||\n||See map p310||\n||Myrtle St||\n||Olive St||\n||Ellis St||\n||Willow St||\n||Eddy St||\n\n\n|Bush St|Col2|\n|---|---|\n||Sutter St|\n||30 27 18 22 20 3 9 38 7 4 5 6 8 14 37 9 5 Civic Center 6 35 36 101 9 12 26 10 11 13 15 16 17 19 21 22 23 24 25 28 29 30 31 32 33 34 35 36 37 38 39 40 41 42 43 44 45 46 47 48 49 50 51 52 53 54 55 56 57 58 59 60 61 62 63 64 65 66 67 68 69 70 71 72 73 74 75 76 77 78 79 80 81 82 83 84 85 86 87 88 89 90 91 92 93 94 95 96 97 98 99 100 101 102 103 104 105 106 107 108 109 110 111 112 113 114 115 116 117 118 119 120 121 122 123 124 125 126 127 128 129 130 131 132 133 134 135 136 137 138 139 140 141 142 143 144 145 146 147 148 149 150 151 152 153 154 155 156 157 158 159 160 161 162 163 164 165 166 167 168 169 170 171 172 173 174 175 176 177 178 179 180 181 182 183 184 185 186 187 188 189 190 191 192 193 194 195 196 197 198 199 200 201 202 203 204 205 206 207 208 209 210 211 212 213 214 215 216 217 218 219 220 221 222 223 224 225 226 227 228 229 230 231"
    },
    "16": {
      "summary": "297\n\n| Top Sights | (p78) | 27 Rye. C2 |\n|------------|-------|-----------|\n| Asian Art Museum B5 | 28 Whiskey Thieves B2 |\n\n| Sights | (p85) | 29 Black Cat C3 |\n|--------|-------|--------------|\n| City Hall B5 | 30 Café Royale C2 |\n| Glide Memorial United Methodist Church D2 | 31 Great American Music Hall B3 |\n| Luggage Store Gallery D4 | 32 Hemlock Tavern A2 |\n| San Francisco Main Library C5 | 33 PianoFight D3 |\n| SF Arts Commission Gallery A5 | 34 San Francisco Ballet A5 |\n| SF Camerawork D4 | 35 San Francisco Opera (see 34) |\n| Tenderloin National Forest C3 | 36 San Francisco Symphony A5 |\n| Twitter Headquarters B6 | 37 SoundBox A6 |\n| | 38 Strand Theater C5 |\n\n| Eating | (p93) | 39 Caffe Zitouna A2 |\n|--------|-------|-----------------|\n| Brenda's French Soul Food B3 | 40 Caffe Zitouna A2 |\n| Cafe Zitouna A2 | 41 San Francisco Opera A5 |\n| Cala A6 | 42 San Francisco Symphony A5 |\n| farm:table C1 | 43 San Francisco Opera A5 |\n| Heart of the City Farmers Market C5 | 44 San Francisco Opera A5 |\n| Hooker's Sweet Treats B2 | 45 San Francisco Opera A5 |\n| Lers Ros B3 | 46 San Francisco Opera A5 |\n| Liholiho Yacht Club C1 | 47 San Francisco Opera A5 |\n| Red Chilli C2 | 48 San Francisco Opera A5 |\n| Saigon Sandwich Shop B3 | 49 San Francisco Opera A5 |\n| Shalimar C2 | 50 San Francisco Opera A5 |\n\n| Shopping | (p110) | 51 Gypsy Rosalie's A1 |\n|---------|--------|------------------|\n| Hero Shop B2 | 52 San Francisco Opera A5 |\n| San Francycle B3 | 53 San Francisco Opera A5 |\n| The Magazine B2 | 54 San Francisco Opera A5 |\n\n| Sports & Activities | (p111) | 55 Onsen Bath C3 |\n\n| Sleeping | (p230) | 56 Adelaide Hostel D2 |\n|----------|--------|-------------------|\n| Fitzgerald Hotel D1 | 57 Hi San Francisco City Center B3 |\n| Hi San Francisco City Center B3 | 58 Hotel Carlton B1 |\n| Baker Marketer D2 | 59 Phoenix Hotel B3 |\n| USA Hostels C2 | 60 Phoenix Hotel B3 |"
    },
    "17": {
      "summary": "298\n\n|Col1|Col2|Col3|Col4|Col5|Col6|Col7|Col8|Col9|Col10|Col11|Col12|Col13|Col14|Col15|Col16|Col17|Col18|Col19|Col20|Col21|Col22|Col23|Col24|Col25|Col26|Col27|Col28|Col29|Col30|Col31|Col32|Col33|Col34|Col35|Col36|Col37|Col38|Col39|Col40|Col41|Col42|Col43|Col44|Col45|Col46|Col47|Col48|Col49|Col50|Col51|Col52|Col53|Col54|Col55|Col56|Col57|Col58|Col59|Col60|Col61|Col62|Col63|Col64|Col65|Col66|Col67|Col68|Col69|Col70|Col71|Col72|Col73|Col74|Col75|Col76|Col77|Col78|Col79|Col80|Col81|Col82|Col83|Col84|Col85|Col86|Col87|Col88|Col89|Col90|Col91|Col92|Col93|Col94|Col95|Col96|Col97|Col98|Col99|Col100|Col101|Col102|Col103|Col104|Col105|Col106|Col107|Col108|Col109|Col110|Col111|Col112|Col113|Col114"
    },
    "18": {
      "summary": "500 m\n0.25 miles\n\n|Col1|Col2|Col3|"
    },
    "19": {
      "summary": "300\n\nSOMA Map on p298\n\n◎ Sights (p83)\n\n1 California Historical Society....................E2\n2 Children's Creativity Museum...................E3\n3 Contemporary Jewish Museum.................E3\n4 Crown Point Press...............................F3\n5 Museum of the African Diaspora..............E3\n6 Pacific Telephone & Telegraph Company Building.................F3\n7 Root Division.....................................C5\n8 San Francisco Murals at Rincon Annex Post Office....................G1\n9 San Francisco Museum of Modern Art.....E3\n10 SOMArts.............................................D7\n11 South Park...........................................G4\n12 SPUR Urban Center Gallery...................E2\n13 Yerba Buena Gardens..........................E3\n\n◎ Eating (p91)\n\n14 1601 Bar & Kitchen.............................B7\n15 21st Amendment Brewery.....................G4\n    Amawele's South African Kitchen....(see 8)\n16 Benu................................................F3\n17 Boulevard.............................."
    },
    "20": {
      "summary": "200 m\n0.1 miles\n\n**See map**\np290\n\n**Pier 7**\n\n**San Francisco Bay**\n\n**Pier 3**\n\n**Pier 1**\n\n**Blue & Gold Ferries**\n\n**Vallejo Ferry**\n\n**Pier 1/2**\n\n**Golden "
    },
    "21": {
      "summary": "0.2 miles\n\n|Col1|Col2|Col3|Col4|Col5"
    },
    "22": {
      "summary": "303\n\n|Col1|Col2|Col3|Col4|Col5|Col6|Col7|Col8|Col9|Col10|Col11|Col12|Col13|Col14|Col15|Col16|Col17|Col18|Col19|Col20|Col21|Col22|Col23|Col24|Col25|Col26|Col27|Col28|Col29|Col30|Col31|Col32|Col33|Col34|Col35|Col36|Col37|Col38|Col39|Col40|Col41|Col42|Col43|Col44|Col45|Col46|Col47|Col48|Col49|Col50|Col51|Col52|Col53|Col54|Col55|Col56|Col57|Col58|Col59|Col60|Col61|Col62|Col63|Col64|Col65|Col66|Col67|Col68|Col69|Col70|Col71|Col72|Col73|Col74|Col75|Col76|Col77|Col78|Col79|Col80|Col81|Col82|Col83|Col84|Col85|Col86|Col87|Col88|Col89|Col90|Col91|Col92|Col93|Col94|Col95|Col96|Col97|Col98|Col99|Col100|Col101|Col102|Col103|Col104|Col105|Col106|Col107|Col108|Col109|Col110|Col111|Col112|Col113|Col114|Col115|Col116|Col117|Col118|Col119|Col120|Col121|Col122|Col123|Col124|Col125|Col126|Col127|Col128|Col129|Col130|Col131|Col132|Col133|Col134|Col135|Col136|Col137|Col138|Col139|Col140|Col141|Col142|Col143"
    },
    "23": {
      "summary": "8 Little Paper Planes, CA: 2 Mission St. Andrews, CA: 3 Mission St. Kalamazoo, MI: 4 Mission St. Kalamazoo, MI: 5 Novokoks, KS: 6 Ranbrook Grove, IL: 7 Tigglyberry Farm, WI: 8 Tigglyberry Farm, WI: 9 Waverly, OH: 10 Mission Community, TX: 11 Mission Community, TX: 12 Mission Community, TX: 13 Mission Community, TX: 14 Mission Community, TX: 15 Mission Community, TX: 16 Mission Community, TX: 17 Mission Community, TX: 18 Mission Community, TX: 19 Mission Community, TX: 20 Mission Community, TX: 21 Mission Community, TX: 22 Mission Community, TX: 23 Mission Community, TX: 24 Mission Community, TX: 25 Mission Community, TX: 26 Mission Community, TX: 27 Mission Community, TX: 28 Mission Community, TX: 29 Mission Community, TX: 30 Mission Community, TX: 31 Mission Community, TX: 32 Mission Community, TX: 33 Mission Community, TX: 34 Mission Community, TX: 35 Mission Community, TX: 36 Mission Community, TX: 37 Mission Community, TX: 38 Mission Community, TX: 39 Mission Community,"
    },
    "24": {
      "summary": "400 m\n0.2 miles\n\nMISSION BAY\n\nPOTRERO HILL\n\nAqua Vista Park\n\nDOGPATCH\n\nSan Francisco General Hospital\n\nPOTRERO HILL\n\nMcKinley Square\n\n22nd St\n\nSan Francisco General Hospital\n\nMcKinley Square\n\n22nd St\n\nSan Francisco General Hospital\n\nMcKinley Square\n\n22nd St\n\nSan Francisco General Hospital\n\nMcKinley Square\n\n22nd St\n\nSan Francisco General Hospital\n\nMcKinley Square\n\n22nd St\n\nSan Francisco General Hospital\n\nMcKinley Square\n\n22nd St\n\nSan Francisco General Hospital\n\nMcKinley Square\n\n22nd St\n\nSan Francisco General Hospital\n\nMcKinley Square\n\n22nd St\n\nSan Francisco General Hospital\n\nMcKinley Square\n\n22nd St\n\nSan Francisco General Hospital\n\nMcKinley Square\n\n22nd St\n\nSan Francisco General Hospital\n\nMcKinley Square\n\n22nd St\n\nSan Francisco General Hospital\n\nMcKinley Square\n\n22nd St\n\nSan Francisco General Hospital\n\nMcKinley Square\n\n22nd St\n\nSan Francisco General Hospital\n\nMcKinley Square\n\n22nd St\n\nSan Francisco General Hospital\n\nMcKinley Square\n\n22nd St\n\nSan Francisco General Hospital\n\nMcKinley Square\n\n22nd St\n\nSan Francisco General Hospital\n\nMcKinley Square\n\n22nd St"
    },
    "25": {
      "summary": "200 m\n0.1 miles\n\nSee map p289\n\nNorth Beach Playground\n\nColumbus Ave\n\nLombard St\n\nChestnut St\n\nHyde St\n\nLombard St\n\nGreenwich St\n\nSee map p292\n\nFibert St\n\n20\n\n24\n\nMacondray La.\n\n16\n\n21\n\n9\n\n23\n\n18\n\n7\n\n15\n\nGreen St\n\nVallejo St\n\nGlover St\n\nBroadway Tunnel\n\nBernard St\n\nLynch St\n\n28\n\n14\n\n17\n\n39\n\nJackson St\n\nMini Park\n\n35\n\n38\n\n37\n\nWashington St\n\nPrest St\n\nSacramento St\n\nNOR HILL\n\n27\n\nClay St\n\n29\n\n40\n\n10\n\n26\n\n13\n\nCalifornia St\n\nCable Car Turnaround\n\nSee map p310\n\n30\n\nAustin St\n\nPine St\n\nLeavensworth St\n\n32\n\n44\n\nBush St\n\nSutter St"
    },
    "26": {
      "summary": "30\n\n|Col1|Col2|\n|---|---|\n|||\n|||\n|||\n|||\n|||\n|||\n|||\n|||\n|||\n|||\n|||\n|||\n|||\n|||\n|||\n|||\n|||\n|||\n|||\n|||\n|||\n|||\n|||\n|||\n|||\n|||\n|||\n|||\n|||\n|||\n|||\n|||\n|||\n|||\n|||\n|||\n|||\n|||\n|||\n|||\n|||\n|||\n|||\n|||\n|||\n|||\n|||\n|||\n|||\n|||\n|||\n|||\n|||\n|||\n|||\n|||\n|||\n|||\n|||\n|||\n|||\n|||\n|||\n|||\n|||\n|||\n|||\n|||\n|||\n|||\n|||\n|||\n|||\n|||\n|||\n|||\n|||\n|||\n|||\n|||\n|||\n|||\n|||\n|||\n|||\n|||\n|||\n|||\n|||\n|||\n|||\n|||\n|||\n|"
    },
    "27": {
      "summary": "200 m\n0.1 miles\n\nNORTH BEACH & CHINATOWN\n\nRUSSIAN HILL\nINA\nCoolbri\nPark\n\nBroadway Tunnel\n\nBernard St\n\nNOB HILL\n\nHuntington Park\n\nSacramento St\n\nPine St\n\nSt Mary's Square\n\nSee map p294\n\nSee map p298\n\nBush St"
    },
    "28": {
      "summary": "30\n\n**Top Sights**\n\n1. Coit Tower D2\n\n**Sights**\n\n2. Beat Museum D4\n3. Bob Kaufman Alley C2\n4. Chinatown Alleys C5\n5. Chinese Culture Center D5\n6. Chinese Historical Society of America C6\n7. Chinese Telephone Exchange D5\n8. City Lights Books D4\n9. Columbus Tower D5\n10. Commercial Street D6\n11. Dragon's Gate D7\n12. Filbert Street Steps D2\n13. Francisco Street Steps C1\n14. Good Luck Parking Garage C4\n15. Jack Kerouac Alley D4\n16. Mule Gallery D4\n17. Old St Mary's Cathedral & Square D6\n18. Portsmouth Square D5\n19. Ross Alley C5\n20. Spofford Alley C5\n21. Tin How Temple D6\n22. Washington Square C3\n23. Waverly Place D5\n\n**Eating**\n\n24. Cafe Jacqueline C3\n25. China Live C4\n26. City View E6\n27. E' Tutto Qua D4\n28. Golden Boy C3\n29. House of Nanking D5\n30. Lai Hong Lounge C4\n31. Liguria Bakery C2\n32. Mama's C2\n33. Mario's Bohemian Cigar Store Cafe C3\n34. Mister Jiu's D6\n35. Molinari C4\n36. Naked Lunch D4\n37. Ristorante Ideale C4\n38. Tony's Coal-Fired Pizza & Slice House C3\n39. Tosca Cafe D4\n40. Trestle D5\n41. Z & Y D5\n\n**Drinking & Nightlife**\n\n42. 15 Romolo D4\n43. Buddha Lounge D5\n44. Caffe Trieste C4\n45. Comstock Saloon D4\n46. Devil's Acre (see 27)\n47. PlenTea D7\n48. Réveille D4\n49. Saloon D4\n50. Specs D4\n51. Tony Nik's C3\n52. Vesuvio D4\n\n**Entertainment**\n\n53. Beach Blanket Babylon C3\n54. Bimbo's 365 Club A1\n55. Cobb's Comedy Club A2\n56. Doc's Lab D4\n\n**Shopping**\n\n57. 101 Music C3\n58. Al's Attire D3\n59. Aria C3\n60. Artist & Craftsman Supply D4\n61. Chinatown Kite Shop D6\n62. Eden & Eden D5\n63. Golden Gate Fortune Cookie Company C5\n64. Legion E6\n65. Lyle Tuttle Tattoo Art Museum & Shop A2\n66. Red Blossom Tea Company D5\n67. San Francisco Rock Posters & Collectibles B2\n\n**Sports & Activities**\n\n68. Chinatown Alleyway Tours D5\n69. Chinatown Heritage Walking Tours D5\n\n**Sleeping**\n\n70. Hotel Bohème C3\n71. Orchard Garden Hotel D7\n72. Pacific Tradewinds Hostel D6\n73. San Remo Hotel A1\n74. SW Hotel C4\n75. Washington Square Inn C3"
    },
    "29": {
      "summary": "200 m\n0.1 miles\n\n**PACIFIC HEIGHTS**\n\n**JAPANTOWN & PACIFIC HEIGHTS**\n\n\n**Sights** **(p131)** **16** Wise Sons Bagel & Bakery B4 Japan Center (see 3) Jonathan Adler (see 25)\n\n**Eating** **(p136)** **29 Ichiban Kan (see 3) Japan Center (see 3) Jonathan Adler (see 25)**\n\n**Eating** **(p136)** **30 Katsura Garden (see 3) Kinokuniya Books & Stationery (see 31) Koshri (see 11) Nagarret O'Leary (see 25) New People (see 33) Sanko Kitchen Essentials (see 36) Soko Hardware (see 21) Zinc Details (see 21)\n\n**Eating** **(p136)** **31 Kinokuniya Books & Stationery (see 31) Koshri (see 11) Nagarret O'Leary (see 25) New People (see 33) Sanko Kitchen Essentials (see 36) Soko Hardware (see 21) Zinc Details (see 21)**\n\n**Eating** **(p136)** **32 Marqaret O'Leary (see 25) New People (see 33) Sanko Kitchen Essentials (see 36) Soko Hardware (see 21) Zinc Details (see 21)**\n\n**Eating** **(p136)** **33 Izakaya Kou (see 34) Ninjiya Supermarket (see 35) Out the Door (see 36) Pizzaia Delfina (see 37) Progress (see 38) Roam Artisan Burger (see 39) State Bird Provisions (see 40) B2**\n\n**Eating** **(p136)** **34 New People (see 33) Sanko Kitchen Essentials (see 36) Soko Hardware (see 21) Zinc Details (see 21)**\n\n**Eating** **(p136)** **35 Izakaya Kou (see 34) Ninjiya Supermarket (see 35) Out the Door (see 36) Pizzaia Delfina (see 37) Progress (see 38) Roam Artisan Burger (see 39) State Bird Provisions (see 40) B2**\n\n**Eating** **(p136)** **36 Bun Mee (see 41) Crown & Crumpet (see 42) Izakaya Kou (see 43) Ninjiya Supermarket (see 44) Out the Door (see 45) Pizzaia Delfina (see 46) Progress (see 47) Roam Artisan Burger (see 48) State Bird Provisions (see 49) B2**\n\n**Eating** **(p136)** **37 Bun Mee (see 41) Crown & Crumpet (see 42) Izakaya Kou (see 43) Ninjiya Supermarket (see 44) Out the Door (see 45) Pizzaia Delfina (see 46) Progress (see 47) Roam Artisan Burger (see 48) State Bird Provisions (see 49) B2**\n\n**Eating** **(p136)** **38 Bun Mee (see 41) Crown & Crumpet (see 42) Izakaya Kou (see 43)"
    },
    "30": {
      "summary": "200 m\n0.1 miles\n\nThe Castro\nSee map p312\n\nAlvarado St\n23rd St\nElizabeth St\n24th St\n3\n6\nJersey St\n25th St\nClipper St\n26th St\nDuncan St\n27th St\nCesar Chavez St\nComerford St\n28th St\n\nNOE VALLEY\n\nSee map p302\n\nShopping (p176)\n4 Ambiance B2\n5 Artisana B2\n6 Charlie's Corner A2\n7 Omnivore C3\n8 PlumpJack Wines B2\n9 Podolls B2\n10 Rabat B2"
    },
    "31": {
      "summary": "312"
    },
    "32": {
      "summary": "15th St\n\n: 23 Church St\n\n: 15th St\n\n: 23 Church St\n\n: 15th St\n\n: 23 Church St\n\n: 15th St\n\n: 23 Church St\n\n: 15th St\n\n: 23 Church St\n\n: 15th St\n\n: 23 Church St\n\n: 15th St\n\n: 23 Church St\n\n: 15th St\n\n: 23 Church St\n\n: 15th St\n\n: 23 Church St\n\n: 15th St\n\n"
    },
    "33": {
      "summary": "314\n\n|Col1|A|B|C|D|\n|---|---|---|---|---|\n||||WESTERN ADDITION||\n||||McAllister St||\n||||Masonic Ave||\n||||||\n||||||\n||||||\n||||||\n||||||\n||||||\n||||||\n||||||\n||||||\n||||||\n||||||\n||||||\n||||||\n||||||\n||||||\n||||||\n||||||\n||||||\n||||||\n||||||\n||||||"
    },
    "34": {
      "summary": "400 m\n\n0.2 miles\n\nChateau Tivoli (O.Imi)\n\nGrove St\n\nHayes St\n\nLOWER HAIGHT\n\nPage St\n\nWaller St\n\nBuena Vista Park\n\nBuena Vista Park\n\nBuena Vista Park\n\nBuena Vista Park\n\nBuena Vista Park\n\nBuena Vista Park\n\nBuena Vista Park\n\nBuena Vista Park\n\nBuena Vista Park\n\nBuena Vista Park\n\nBuena Vista Park\n\nBuena Vista Park\n\nBuena Vista Park\n\nBuena Vista Park\n\nBuena Vista Park\n\nBuena Vista Park\n\nBuena Vista Park\n\nBuena Vista Park\n\nBuena Vista Park\n\nBuena Vista Park\n\nBuena Vista Park\n\nBuena Vista Park\n\nBuena Vista Park\n\nBuena Vista Park\n\nBuena Vista Park\n\nBuena Vista Park\n\nBuena Vista Park\n\nBuena Vista Park\n\nBuena Vista Park\n\nBuena Vista Park\n\nBuena Vista Park\n\nBuena Vista Park\n\nBuena Vista Park\n\nBuena Vista Park\n\nBuena Vista Park\n\nBuena Vista Park\n\nBuena Vista Park\n\nBuena Vista Park\n\nBuena Vista Park\n\nBuena Vista Park\n\nBuena Vista Park\n\nBuena Vista Park\n\nBuena Vista Park\n\nBuena Vista Park\n\nBuena Vista Park\n\nBuena Vista Park\n\nBuena Vista Park\n\nBuena Vista Park\n\nBuena Vista Park\n\nBuena Vista Park\n\nBuena Vista Park\n\nBuena Vista Park\n\nBuena Vista Park\n\nBuena Vista Park\n\nBuena Vista Park\n\nBuena Vista Park\n\nBuena Vista Park\n\nBuena Vista Park\n\nBuena Vista Park\n\nBuena Vista Park\n\nBuena Vista Park\n\nBuena Vista Park\n\nBuena Vista Park\n\nBuena Vista Park\n\nBuena Vista Park\n\nBuena Vista Park\n\nBuena Vista Park\n\nBuena Vista Park\n\nBuena Vista Park\n\nBuena Vista Park\n\nBuena Vista Park\n\nBuena Vista Park\n\nBuena Vista Park\n\nBuena Vista Park\n\nBuena Vista Park\n\nBuena Vista Park\n\nBuena Vista Park\n\nBuena Vista Park\n\nBuena Vista Park\n\nBuena Vista Park\n\nBuena Vista Park\n\nBuena Vista Park\n\nBuena Vista Park\n\nBuena Vista Park\n\nBuena Vista Park\n\nBuena Vista Park\n\nBuena Vista Park\n\nBuena Vista Park\n\nBuena Vista Park\n\nBuena Vista Park\n\nBuena Vista Park\n\nBuena Vista Park\n\nBuena Vista Park\n\nBuena Vista Park\n\nBuena Vista Park\n\nBuena Vista Park\n\nBuena Vista Park\n\nBuena Vista Park\n\nBuena Vista Park\n\nBuena Vista Park\n\nBuena Vista Park\n\nBuena Vista Park\n\nBuena Vista Park\n\nBuena Vista Park\n\nBuena Vista Park\n\nBuena Vista Pa"
    },
    "35": {
      "summary": "200 m\n0.1 miles\n\nCIVIC CENTER\n\nVan Ness Ave\n\nSee map p296\n\nLilly St\n\nPage St\n\nHickory St\n\nLily St\n\nPage St\n\nLilly St\n\nPage St\n\nLilly St\n\nPage St\n\nLilly St\n\nPage St\n\nLilly St\n\nPage St\n\nLilly St\n\nPage St\n\nLilly St\n\nPage St\n\nLilly St\n\nPage St\n\nLilly St\n\nPage St\n\nLilly St\n\nPage St\n\nLilly St\n\nPage St\n\nLilly St\n\nPage St\n\nLilly St\n\nPage St\n\nLilly St\n\nP"
    },
    "36": {
      "summary": "317\n\n**GOLDEN GATE PARK & THE AVENUES Map on p318**\n\n**Top Sights** **(p195)** **Drinking & Nightlife** **(p202)**\n\n1 California Academy of Sciences............. G4 540 Club.................................. (see 38)\n\n2 Conservatory of Flowers................. H4 39 Beach Chalet................................... A4\n\n3 de Young Museum............................... G4 40 Hollow............................................ F5\n\n4 Golden Gate Park............................. E4 41 Social.............................................. G5\n\n5 Japanese Tea Garden........................ F4 42 Tommy's Mexican Restaurant.......... E2\n\n6 San Francisco Botanical Garden......... F5 Trad'r Sam............................... (see 53)\n\n43 Trouble Coffee & Coconut Club........ B6\n\n**Sights** **(p198)**\n\n7 Buffalo Paddock.............................. C4 **Entertainment** **(p203)**\n\n8 Children's Playground........................ H4 44 Balboa Theatre................................ C3\n\n9 Cliff House........................................ A3 45 Four Star Theater............................ E2\n\n10 Columbarium..................................... H2 46 Neck of the Woods............................ G2\n\n11 Dahlia Garden................................... H4 47 Plough & Stars............................... H2\n\n12 Hunter S Thompson Crash Pad..............H5\n\n13 Internet Archive................................. F2 **Shopping** **(p203)**\n\n14 Legion of Honor................................ B2 48 Foggy Notion................................... G2\n\n15 Lincoln Park..................................... B1 General Store............................ (see 32)\n\n16 National AIDS Memorial Grove............ H4 49 Green Apple Books........................ G2\n\n17 Ocean Beach..................................... A5 50 Jade Chocolates............................ G2\n\n18 Shakespeare Garden........................ G4 51 Last Straw................................... B5\n\n19 Stow Lake............................"
    },
    "37": {
      "summary": "318\n\nKey on p317\n\nGOLDEN GATE PARK & THE AVENUES\n\nPACIFIC OCEAN\n\nPoint Lobos\n\nCoral Trail\n\n20\n\n9\n\n4\n\n3\n\n2\n\n1\n\n0\n\nUpper Great Highway\n\nSan Francisco Zoo (1.3mi); Fort Funston (2.6mi)\n\nTHE SUNSET\n\n43\n\n32\n\n45\n\n44\n\n43\n\n42\n\n41\n\n40\n\n39\n\n38\n\n37\n\n36\n\n35\n\n34\n\n33\n\n32\n\n31\n\n30\n\n29\n\n28\n\n27\n\n26\n\n25\n\n24\n\n23\n\n22\n\n21\n\n20\n\n19\n\n18\n\n17\n\n16\n\n15\n\n14\n\n13\n\n12\n\n11\n\n10\n\n9\n\n8\n\n7\n\n6\n\n5\n\n4\n\n3\n\n2\n\n1\n\n0\n\nA\n\nB\n\nC\n\nD\n\nLand's End\n\nUncle Wish Mem Rd\n\nLincoln Park\n\n15\n\nEl Camino del Mar\n\nFort\n\nMiley\n\nClement St\n\nAnza St\n\n44\n\n43\n\n42\n\n41\n\n40\n\n39\n\n38\n\n37\n\n36\n\n35\n\n34\n\n33\n\n32\n\n31\n\n30\n\n29\n\n28\n\n27\n\n26\n\n25\n\n24\n\n23\n\n22\n\n21\n\n20\n\n19\n\n18\n\n17\n\n16\n\n15\n\n14\n\n13\n\n12\n\n11\n\n10\n\n9\n\n8\n\n7\n\n6\n\n5\n\n4\n\n3\n\n2\n\n1\n\n0\n\nA\n\nB\n\nC\n\nD\n\nDeidman's Point\n\nChina Beach\n\nGeary Blvd\n\n30th Ave\n\n29th Ave\n\n28th Ave\n\n27th Ave\n\n26th Ave\n\n25th Ave\n\n24th Ave\n\n23rd Ave\n\n22nd Ave\n\n21st Ave\n\n20th Ave\n\n19th Ave\n\n18th Ave\n\n17th Ave\n\n16th Ave\n\n15th Ave\n\n14th Ave\n\n13th Ave\n\n12th Ave\n\n11th Ave\n\n10th Ave\n\n9th Ave\n\n8th Ave\n\n7th Ave\n\n6th Ave\n\n5th Ave\n\n4th Ave\n\n3rd Ave\n\n2nd Ave\n\n1st Ave\n\n"
    },
    "38": {
      "summary": "1 km\n\n0.5 miles\n\nSee map\n\nPresidio\n\nNational Park\n\nMountain\n\nLake Park\n\nMountain\n\nLake\n\nSacramento St\n\nLake St\n\nCalifornia St\n\n45\n\nClement St\n\n42\n\nAnza St\n\n25\n\nBalboa St\n\n31\n\n25\n\n20th Ave\n\n19\n\nGolden 4\n\nGate Park\n\nElk Glen\n\nLake\n\nMartin Luther King Dr\n\nLincoln Way\n\n36\n\nIrving St\n\n40\n\n29\n\nSunset Reservoir"
    },
    "39": {
      "summary": "0\n\n**Our Story**\n\nA beat-up old car, a few dollars in the pocket and a sense of adventure. In 1972 that’s all Tony and Maureen Wheeler needed for the trip of a lifetime – across Europe and Asia overland to Australia. It took several months, and at the end – broke but inspired – they sat at their kitchen table writing and stapling together their first travel guide, *Across Asia on the Cheap*. Within a week they’d sold 1500 copies. Lonely Planet was born. Today, Lonely Planet has offices in Franklin, London, Melbourne, Oakland, Dublin, Beijing and Delhi, with more than 600 staff and writers. We share Tony’s belief that ‘a great guidebook should do three things: inform, educate and amuse’.\n\n---\n\n### Our Writers\n\n#### Alison Bing\n\n**Downtown, Civic Center & SoMa; North Beach & Chinatown; The Mission & Potrero Hill; Golden Gate Park & the Avenues; The Haight, NoPa & Hayes Valley** Alison has done most things travelers are supposed to do and many you definitely shouldn’t, including making room for the chickens, accepting dinner invitations from cults, and trusting the camel to know the way. She has survived to tell tales for Lonely Planet, NPR, BBC Travel, the *Telegraph*, New York Times and other global media. Alison also wrote the Plan Your Trip and Understand San Francisco sections.\n\n---\n\n#### John A Vlahides\n\n**The Marina, Fisherman’s Wharf & the Piers; Nob Hill, Russian Hill & Fillmore; The Castro & Noe Valley** John A Vlahides has been a cook in a Parisian bordello, luxury-hotel concierge, television host, safety monitor in a sex club, French-English interpreter, and he is one of Lonely Planet’s most experienced and prolific guidebook authors. A native New Yorker living in San Francisco, John has contributed to 18 Lonely Planet guidebooks since 2003, ranging from California and the western United States to the Dubai guide. He is co-host of the TV series Lonely Planet: Roads Less Travelled (National Geographic Adventure).\n\n---\n\n#### Sara Benson\n\n**Day Trips from San "
    },
    "40": {
      "summary": " LONELY PLANET PUBLICATIONS PTY LTD\n\n© Lonely Planet Publications Pty Ltd. To make it easier for you to use, access to this chapter is not digitally restricted. In return, we think it’s fair to ask you to use it for personal, non-commercial purposes only. In other words, please don’t upload this chapter to a peer-to-peer site, mass email it to everyone you know, or resell it. See the terms and conditions on our site for a longer way of saying the above - ‘Do the right thing with our content.’"
    }
  }
}
