{
  "doc_id": "SAO-StudentSupport_Guidebook-Content.pdf",
  "pages": {
    "1": {
      "summary": "2023-11-01 00:00:00\n\nWe take this opportunity to welcome you to NTU and wish you a successful and happy stay here.\n\nThis guide has been compiled to help you through most of the formalities and procedures before and after your arrival. You will find information ranging from the important immigration regulations to student life at NTU. We have included in this guidebook the contact details of many services which are available to support you throughout your stay.\n\nIf you have any questions after reading through this guidebook, please contact Student Support at Student Affairs Office via email at SAOstudentsupport@ntu.edu.sg or call on us at Student Services Centre, Level 4."
    },
    "2": {
      "summary": "0\n\n**MESSAGE FROM THE DIRECTOR OF STUDENT AFFAIRS**\n\nWelcome to Nanyang Technological University (NTU).\n\nThank you for choosing us as your partner in this knowledge-driven journey. We believe that your student experience and campus life in NTU will be one of significant personal growth, discovery and learning.\n\nNTU is a cosmopolitan residential campus. In this microcosm of the globe, you will experience meeting talented and dynamic students, professors and researchers representing over 100 nationalities around the world. You may even be engaging intellectual giants, from Nobel Laureates to National Geographic adventurers. Find time to explore the abundant wildlife in our beautiful campus. Immerse in new and exciting teaching, learning and leisure facilities. Take a stroll along our North Spine Plaza and discover the variety of food and services available to suit all tastes and pockets.\n\nHelping you to complete this journey at NTU is the Student Affairs Office (SAO). Our welcome programmes will pave the way for you to adjust to the local environment, learn about local health issues, and forge friendships that open doors to new cultures, fresh ideas and perspectives. Our One-Stop Centre caters for most student support matters such as payment and submission of important documents. If you have a disability, come and talk to our officers at the Accessible Education Unit @SAO. There is always something that we can do to make your stay more enjoyable.\n\nMs Tan Siok San\nDirector, Student Affairs Office\nStudent and Academic Services Department\n\nI wish you an enriching learning experience here with us at NTU!"
    },
    "3": {
      "summary": "4\nAbout Nanyang Technological University. . . . . . . . . . . . . . . . . . . . . . . . . . . . . . . . . . . . . . . . . . . . . . . . . . . . . . . . . . . . . . . . . . . . . . . . . . . . . . . . . . . . . . . . . . . . . . . . . . . . . . . . . . . . . . . . . . . . . . . . . . . . . . . . . . . . . . . . . . . . . . . . . . . . . . . . . . . . . . . . . . . . . . . . . . . . . . . . . . . . . . . . . . . . . . . . . . . . . . . . . . . . . . . . . . . . . . . . . . . . . . . . . . . . . . . . . . . . . . . . . . . . . . . . . . . . . . . . . . . . . . . . . . . . . . . . . . . . . . . . . . . . . . . . . . . . . . . . . . . . . . . . . . . . . . . . . . . . . . . . . . . . . . . . . . . . . . . . . . . . . . . . . . . . . . . . . . . . . . . . . . . . . . . . . . . . . . . . . . . . . . . . . . . . . . . . . . . . . . . . . . . . . . . . . . . . . . . . . . . . . . . . . . . . . . . . . . . . . . . . . . . . . . . . . . . . . . . . . . . . . . . . . . . . . . . . . . . . . . . ."
    },
    "4": {
      "summary": "4,300-strong faculty and research staff bring dynamic international perspectives and years of solid industry experience.\n\nThe university has colleges of Engineering, Business, Science, Humanities, Arts, & Social Sciences, and an Interdisciplinary Graduate School. It also has a medical school, Lee Kong Chian School Of Medicine, set up jointly with Imperial College London.\n\nNTU is also home to world-class autonomous entities such as the National Institute Of Education,\n\nS Rajaratnam School Of International Studies, Earth Observatory of Singapore, and Singapore Centre on Environmental Life Sciences Engineering.\n\nNTU provides a high-quality global education to about 33,000 undergraduate and postgraduate students. The student body includes top scholars and international olympiad medallists from the region and beyond.\n\nHailing from 80 countries, the university’s 4,300-strong faculty and research staff bring dynamic international perspectives and years of solid industry experience."
    },
    "5": {
      "summary": "0\n\n**Nanyang Business School**\n\n**College of Engineering**\n\n- School of Chemical and Biomedical Engineering\n- School of Computer Engineering\n- School of Civil and Environmental Engineering\n- School of Electrical and Electronic Engineering\n- School of Materials Science and Engineering\n- School of Mechanical and Aerospace Engineering\n\n**College of Humanities, Arts & Social Sciences**\n\n- School of Art, Design and Media\n- School of Humanities and Social Sciences\n- Wee Kim Wee School of Communication & Information\n\n**College of Science**\n\n- School of Biological Sciences\n- School of Physical & Mathematical Sciences\n- College of Professional and Continuing Education (PaCE College)\n\n**Interdisciplinary Graduate School**\n\n**Lee Kong Chian School of Medicine**\n\n**Autonomous Institutes**\n\n- Earth Observatory of Singapore\n- National Institute of Education\n- S. Rajaratnam School of International Studies\n- Singapore Centre on Environmental Life Sciences Engineering\n\n**Travelling within Campus**\n\n**Internal Shuttle Bus**\n\nGet the internal shuttle bus arrival information at your fingertips at http://campusbus.ntu.edu.sg/ntubus. The movement of the buses on different routes can also be viewed real-time on the map. You may even view the number plate and speed of the individual bus. You can also download a free iPhone application Traversity that tracks internal shuttle bus services at NTU.\n\n**Public Bus Service**\n\nPublic bus services 179, 179A and 199 ply the Yunnan Garden campus in addition to the NTU shuttle bus service. Visit http://www.ntu.edu.sg/has/Transportation/Pages/GettingToNTU.aspx for more details.\n\n**Interactive Campus map**\n\nThe new interactive Campus Map enables you to locate lecture theatres, tutorial rooms, buildings and landmarks on campus, and find directions between places easily. You may also print the map or send a friend an email with information on a location or direction. Google street view and internal shuttle bus routes are also integrated in the map. Best o"
    },
    "6": {
      "summary": "0.00\n\n**Student Services Section at Student Affairs Office**\n\nThe Student Services Section in Student Affairs Office (SAO) comprises Student Support and the One Stop @ Student Activities Centre (an integrated student services centre).\n\n**Services and Information about Student Support**\n\nWe assist international students with:\n\n- Pre-arrival information\n- Student’s Pass application\n- Immigration matters\n- Insurance\n- Advice on pastoral care\n- Crisis support\n- Part-time employment endorsement\n\nWe also organise programmes to promote cross-cultural understanding and interaction. All NTU students are welcome to attend our events and activities, which include:\n\n- Orientation\n- Campus Tours\n- Coffee Sessions\n- Community Service\n- Cultural Tours and Outings\n- Festive Open House\n- Host Family Programmes\n- Luncheons\n- Pre-Graduation Seminars\n- Grow, Embrace and Learn (G.E.L) Programme\n\n**Contact Student Support**\n\nYou can contact Student Support via our general phone line, email or come personally to our office should you require any assistance.\n\nTelephone: (65) 6790 6823 (during office hours)\n(65) 6790 5200 (24-hour Campus Security Hotline)\nEmail: SAStudentsupport@ntu.edu.sg\n\n**Mailing Address**\n\nStudent Affairs Office (SAO)\nStudent and Academic Services Department\nNanyang Technological University\n42, Nanyang Avenue #04-02,\nStudent Services Centre\nSingapore 639815\n\n**Office Hours**\n\nMonday to Thursday : 8.30am to 5.45pm\nFriday : 8.30am to 5.15pm\nEve of Public Holidays : 8.30am to 12noon\nSaturday, Sunday and Public Holidays : Closed\n\n**Locate Us**\n\nYou can locate us at the 4th level of the Student Services Centre. Visit http://maps.ntu.edu.sg/maps#q:student%20services%20centre"
    },
    "7": {
      "summary": "0.00\n\nServices and Information about One Stop @ Student Activities Centre (SAC)\n\nThe One Stop @ SAC is the nerve centre and information counter for visitors with general enquiries about the university. One Stop is a strategic initiative to deliver high-quality, innovative and integrated student services which include general enquiries, application, submission and collection of documents and payment for NTU services. Additionally, two IT service desk counters are included to assist students. It is important to note that One Stop @ SAC is a cashless office. Students may choose to opt for other modes of payment such as credit card, E-nets, EZ card, Nets flash pay, cheque or telegraphic transfer.\n\nContact One Stop @ SAC\n\nYou can contact One Stop @ SAC via our general hotline, email or come personally to our Centre should you require any assistance.\n\nTelephone: (65) 6592 3626 (during office hours)\nEmail: ossac@ntu.edu.sg\n\nMailing Address\n\nOne Stop @ SAC\nNanyang Technological University\n50 Nanyang Avenue\nNS3-01-03, Academic Complex North\nSingapore 639798\n\nCounter Operating Hours\n\nMonday to Thursday : 8.30am – 5.00pm\nFriday : 8.30am – 4.45pm\nEve of Public Holidays : 8.30am – 12noon\nSaturday, Sunday and Public Holidays : Closed\n\nLocate Us\n\nYou can locate us beside the Student Activities Centre at the North Spine Plaza.\nVisit http://maps.ntu.edu.sg/maps#q:one%20stop%20%40%20sac."
    },
    "8": {
      "summary": ":\n\n\n: :\n\n\n: :\n\n\n: :\n\n\n: :\n\n\n: :\n\n\n: :\n\n\n: :\n\n\n: :\n\n\n: :\n\n\n: :\n\n\n: :\n\n\n: :\n\n\n: :\n\n\n: :\n\n\n: :\n\n\n: :\n\n\n: :\n\n\n: :\n\n\n: :\n\n\n: :\n\n\n: :\n\n\n: :\n\n\n: :\n\n\n: :\n\n\n: :\n\n\n: :\n\n\n: :\n\n\n: :\n\n\n: :\n\n\n: :\n\n\n: :\n\n\n: :\n\n\n: :\n\n\n: :\n\n\n: :\n\n\n: :\n\n\n: :\n\n\n: :\n\n\n: :\n\n\n: :\n\n\n: :\n\n\n: :\n\n\n: :\n\n\n: :\n\n\n: :\n\n\n: :\n\n\n: :\n\n\n: :\n\n\n: :\n\n\n: :\n\n\n: :\n\n\n: :\n\n\n: :\n\n\n: :\n\n\n: :\n\n\n: :\n\n\n: :\n\n\n: :\n\n\n: :\n\n\n: :\n\n\n: :\n\n\n: :\n\n\n: :\n\n\n: :\n\n\n: :\n\n\n: :\n\n\n: :\n\n\n: :\n\n\n: :\n\n\n: :\n\n\n: :\n\n\n: :\n\n\n: :\n\n\n: :\n\n\n: :\n\n\n: :\n\n\n: :\n\n\n: :\n\n\n: :\n\n\n: :\n\n\n: :\n\n\n: :\n\n\n: :\n\n\n: :\n\n\n: :\n\n\n: :\n\n\n: :\n\n\n: :\n\n\n: :\n\n\n: :\n\n\n: :\n\n\n: :\n\n\n: :\n\n\n: :\n\n\n: :\n\n\n: :\n\n\n: :\n\n\n: :\n\n\n: :\n\n\n: :\n\n\n: :\n\n\n: :\n\n\n: :\n\n\n: :\n\n\n: :\n\n\n: :\n\n\n: :\n\n\n: :\n\n\n: :\n\n\n: :\n\n\n"
    },
    "9": {
      "summary": "0\n\n: 0\n\n: 0\n\n: 0\n\n: 0\n\n: 0\n\n: 0\n\n: 0\n\n: 0\n\n: 0\n\n: 0\n\n: 0\n\n: 0\n\n: 0\n\n: 0\n\n: 0\n\n: 0\n\n: 0\n\n: 0\n\n: 0\n\n: 0\n\n: 0\n\n: 0\n\n: 0\n\n: 0\n\n: 0\n\n: 0\n\n: 0\n\n: 0\n\n: 0\n\n: 0\n\n: 0\n\n: 0\n\n: 0\n\n: 0\n\n: 0\n\n: 0\n\n: 0\n\n: 0\n\n: 0\n\n: 0\n\n: 0\n\n: 0\n\n: 0\n\n: 0\n\n: 0\n\n: 0\n\n: 0\n\n: 0\n\n: 0\n\n: 0\n\n: 0\n\n: 0\n\n: 0\n\n: 0\n\n: 0\n\n: 0\n\n: 0\n\n: 0\n\n: 0\n\n: 0\n\n: 0\n\n: 0\n\n: 0\n\n: 0\n\n: 0\n\n: 0\n\n: 0\n\n: 0\n\n: 0\n\n: 0\n\n: 0\n\n: 0\n\n: 0\n\n: 0\n\n: 0\n\n: 0\n\n: 0\n\n: 0\n\n: 0\n\n: 0\n\n: 0\n\n: 0\n\n: 0\n\n: 0\n\n: 0\n\n: 0\n\n: 0\n\n: 0\n\n: 0\n\n: 0\n\n: 0\n\n: 0\n\n: 0\n\n: 0\n\n: 0\n\n: 0\n\n: 0\n\n: 0\n\n: 0\n\n: 0\n\n: 0\n\n: 0\n\n: 0\n\n: 0\n\n: 0\n\n: 0\n\n: 0\n\n: 0\n\n: 0\n\n: 0\n\n: 0\n\n: 0\n\n: 0\n\n"
    },
    "10": {
      "summary": ":\n\n\n: :\n\n\n: :\n\n\n: :\n\n\n: :\n\n\n: :\n\n\n: :\n\n\n: :\n\n\n: :\n\n\n: :\n\n\n: :\n\n\n: :\n\n\n: :\n\n\n: :\n\n\n: :\n\n\n: :\n\n\n: :\n\n\n: :\n\n\n: :\n\n\n: :\n\n\n: :\n\n\n: :\n\n\n: :\n\n\n: :\n\n\n: :\n\n\n: :\n\n\n: :\n\n\n: :\n\n\n: :\n\n\n: :\n\n\n: :\n\n\n: :\n\n\n: :\n\n\n: :\n\n\n: :\n\n\n: :\n\n\n: :\n\n\n: :\n\n\n: :\n\n\n: :\n\n\n: :\n\n\n: :\n\n\n: :\n\n\n: :\n\n\n: :\n\n\n: :\n\n\n: :\n\n\n: :\n\n\n: :\n\n\n: :\n\n\n: :\n\n\n: :\n\n\n: :\n\n\n: :\n\n\n: :\n\n\n: :\n\n\n: :\n\n\n: :\n\n\n: :\n\n\n: :\n\n\n: :\n\n\n: :\n\n\n: :\n\n\n: :\n\n\n: :\n\n\n: :\n\n\n: :\n\n\n: :\n\n\n: :\n\n\n: :\n\n\n: :\n\n\n: :\n\n\n: :\n\n\n: :\n\n\n: :\n\n\n: :\n\n\n: :\n\n\n: :\n\n\n: :\n\n\n: :\n\n\n: :\n\n\n: :\n\n\n: :\n\n\n: :\n\n\n: :\n\n\n: :\n\n\n: :\n\n\n: :\n\n\n: :\n\n\n: :\n\n\n: :\n\n\n: :\n\n\n: :\n\n\n: :\n\n\n: :\n\n\n: :\n\n\n: :\n\n\n: :\n\n\n: :\n\n\n: :\n\n\n: :\n\n\n: :\n\n\n: :\n\n\n: :\n\n\n: :\n\n\n: :\n\n\n: :\n\n\n: :\n\n\n: :\n\n\n: :\n\n\n: :\n\n\n"
    },
    "11": {
      "summary": " You will be busy for the first few weeks at NTU! Use this checklist to settle down\n\n- Know how to get to NTU\n\n- Check-in to your housing\n\n- Register with SAO-Student Support\n  - Complete registration procedures\n  - Be briefed on the completion of the Student's Pass formalities\n\n- Undergo a medical examination at the Fullerton Healthcare@NTU for students on more than 6 months study programme\n  *(Please refer to Medical Examination section)*\n\n- Complete the Student's Pass formalities and collect your Student's Pass\n  *(Please refer to Student's Pass section)*\n\n- Complete all matriculation procedures\n\n- Open a bank account if your study duration is more than 6 months\n\n- Purchase a Singapore mobile line (optional)\n\n- Activate your network and Office 365 EDU accounts\n\n- Update your particulars and contact details via StudentLink (undergraduate students), GSLink (graduate students), or Exchange Portal (exchange students)\n\n- Attend orientation, welcome events and SAO-Student Support activities\n\n- Join a student club or society and plug into NTU's vibrant student life (optional)"
    },
    "12": {
      "summary": "0\n\n**How to Get to NTU**\n\nSingapore has an efficient, safe and affordable public transport system. You can take a taxi, Mass Rapid Transit (MRT) train or bus to campus. If you are travelling to Singapore for the first time and have luggage with you, we recommend you to take a taxi.\n\nFor more information on the public transportation in Singapore, please refer to the *Travelling within Singapore section*.\n\n**Taxi**\n\nYou can hail a taxi at the taxi bays outside the Arrival Hall at the airport, at taxi stand or anywhere safe along public roads in Singapore. Inform the driver the address of your destination. If you are travelling to NTU, request the driver to take the Pan Island Expressway (PIE). The journey will take about 45 minutes. Taxi fares in Singapore are charged by the taxi meter and are based on a flag down rate and distance travels. Please check with the driver or taxi company on the surcharge and ask for a receipt at the end of the trip. Comprehensive information on Singapore taxis is available at www.taxisingapore.com.\n\n**MRT and Bus**\n\nThe nearest train stations to NTU are Boon Lay (EW27) and Pioneer (EW28) on the East West Line operated by SMRT Corporation.\n\nFrom Boon Lay station, make your way to the adjacent bus interchange. Services 179 & 199 will take you into NTU.\n\nFrom Pioneer station, you can hop on the Campus Rider that stops in front of Blk 649A, Jurong West Street 61.\n\nIf you are coming from Changi Airport and are travelling light, you can get on Changi Airport (CG2), transfer at Tanah Merah (EW4) and take the train all the way to Boon Lay or Pioneer station. The journey may take over an hour. Please note that trains and public buses do not operate between midnight and 5.30am daily.\n\nFor a map of MRT stations in Singapore, please visit www.ntu.edu.sg/AboutNTU/visitingntu/Pages/location.aspx."
    },
    "13": {
      "summary": "0\n\n<table><td colspan=\"2\">ARRIVAL</table>\n\n**Check-In to Your Housing**\n\nIf you have applied for and been offered a place in campus housing, please ensure that you have provided your arrival details online. Please refer to your offer email for information on the collection of your room key.\n\nFor further enquiries on housing matters, please contact the Office of Housing and Auxiliary Services (HAS), the office administrating on-campus and off-campus housing, via email. You can also visit www.ntu.edu.sg/has for more information on campus and off-campus housing.\n\n| Category | Contact |\n| --- | --- |\n| Undergraduate Students | has-ug@ntu.edu.sg |\n| Graduate Students | has-pg@ntu.edu.sg |\n| Exchange Students | has-exch@ntu.edu.sg |\n\n**Register with SAO-Student Support** **Matriculation**\n\nPlease settle into your housing before registering with SAO-Student Support during office hours to complete the registration procedures and be briefed on the procedures to complete the Student’s Pass formalities. Do bring along your passport, embarkation card, Letter of Admission/Enrolment, receipts for any NTU’s Miscellaneous Fee payment.\n\nMatriculation refers to the process of registering as a student of the university. After you have completed all matriculation procedures, NTU will issue you with a matriculation card identifying you as its student.\n\n**Bank Account**\n\nFor students whose study period is 6 months or more, you may choose to open an account with the bank of your choice in Singapore. The banks offer a wide range of services and have different types of saving accounts.\n\nThe OCBC bank has a branch on campus at the North Spine at Block N3. Other banks are located near NTU at Jurong Point Shopping Centre. Please contact the banks or visit their website to determine their requirement for opening and maintaining an account.\n\n| Name of Bank | Website | Local Telephone Number |\n| --- | --- | --- |\n| Development Bank of Singapore (DBS) | www.dbs.com.sg | 1800 111 1111 |\n| Overseas-"
    },
    "14": {
      "summary": "365 EDU Accounts\n\nYour network account enables you to access to the NTU computer network, Intranet portal iNTU (https://intu.ntu.edu.sg), e-services (StudentLink, GSLink), e-learning (NTULearn), Library databases and other computer resources. You will receive the details upon registration.\n\nYour Office 365 EDU account enables you to email access to your email and a suite of Office 365 services (such as online storage, office software, etc.) at http://www.outlook.com/e.ntu.edu.sg. This account is a life-long account to serve your needs as a NTU alumnus.\n\nPlease refer to http://www.ntu.edu.sg/cits/news/news/newwstudent/Pages/studentaccounts.aspx for more information on your computer accounts.\n\nPrior to your use of the computer account, you must change your account password according to the instructions stated in the website.\n\nMobile Phone\n\nYou can sign up for a mobile line at Jurong Point Shopping Centre near to NTU or convenience store. Singapore has 3 telecommunication companies. Please visit their website to know more about their plans and rates.\n\n| M1 | www.m1.com.sg |\n|----|-------------|\n| SingTel | www.singtel.com.sg |\n| StarHub | www.starhub.com |\n\nOrientations and Welcome Events\n\nThe Freshmen Welcome Ceremonies, orientations, campus and laboratory tours, and welcome events organised by SAO-Student Support, schools and Halls of Residence provide new students with useful information on student services and campus life. They are also great occasions to interact with fellow students and widen your social network.\n\nUpdate Your Particulars\n\nPlease access StudentLink (undergraduate students), GSLink (graduate students), or Exchange Portal (exchange students) to update your particulars and contact details.\n\nA Vibrant Student Life\n\nImmerse into NTU’s vibrant student life with more than 100 student organisations with diverse interests from astronomy to sports to music. Please visit www.ntu.edu.sg/campuslife/clubs for more details."
    },
    "15": {
      "summary": ":\n\n\n: :\n\n\n: :\n\n\n: :\n\n\n: :\n\n\n: :\n\n\n: :\n\n\n: :\n\n\n: :\n\n\n: :\n\n\n: :\n\n\n: :\n\n\n: :\n\n\n: :\n\n\n: :\n\n\n: :\n\n\n: :\n\n\n: :\n\n\n: :\n\n\n: :\n\n\n: :\n\n\n: :\n\n\n: :\n\n\n: :\n\n\n: :\n\n\n: :\n\n\n: :\n\n\n: :\n\n\n: :\n\n\n: :\n\n\n: :\n\n\n: :\n\n\n: :\n\n\n: :\n\n\n: :\n\n\n: :\n\n\n: :\n\n\n: :\n\n\n: :\n\n\n: :\n\n\n: :\n\n\n: :\n\n\n: :\n\n\n: :\n\n\n: :\n\n\n: :\n\n\n: :\n\n\n: :\n\n\n: :\n\n\n: :\n\n\n: :\n\n\n: :\n\n\n: :\n\n\n: :\n\n\n: :\n\n\n: :\n\n\n: :\n\n\n: :\n\n\n: :\n\n\n: :\n\n\n: :\n\n\n: :\n\n\n: :\n\n\n: :\n\n\n: :\n\n\n: :\n\n\n: :\n\n\n: :\n\n\n: :\n\n\n: :\n\n\n: :\n\n\n: :\n\n\n: :\n\n\n: :\n\n\n: :\n\n\n: :\n\n\n: :\n\n\n: :\n\n\n: :\n\n\n: :\n\n\n: :\n\n\n: :\n\n\n: :\n\n\n: :\n\n\n: :\n\n\n: :\n\n\n: :\n\n\n: :\n\n\n: :\n\n\n: :\n\n\n: :\n\n\n: :\n\n\n: :\n\n\n: :\n\n\n: :\n\n\n: :\n\n\n: :\n\n\n: :\n\n\n: :\n\n\n: :\n\n\n: :\n\n\n: :\n\n\n: :\n\n\n: :\n\n\n: :\n\n\n: :\n\n\n: :\n\n\n: :\n\n\n: :\n\n\n: :\n\n\n: :\n\n\n"
    },
    "16": {
      "summary": "0\n\n**Student’s Pass**\n\n**Back of Student’s Pass**\n\nAll international students who have been accepted by NTU as full-time matriculated or registered students are required to hold a valid Student’s Pass issued by the Immigration & Checkpoints Authority (ICA) of Singapore.\n\n**Application for Student’s Pass**\n\nNew application for Student’s Pass must be submitted at least 1 month and not more than 2 months before the commencement of the course. The application must be submitted through the Student’s Pass Online Application and Registration (SOLAR) system which is accessible through ICA website at www.ica.gov.sg.\n\nInternational students who had pursued pre-university studies in Singapore need to produce their Student’s Pass if these have not been returned to ICA.\n\nYou may wish to email SAO-Student Support should you have further enquiry on Student’s Pass application.\n\n**Front of Student’s Pass**\n\n**Application Fees and Charges**\n\nYou can pay the fees payable to ICA online via the SOLAR system by credit/debit card or internet banking.\n\n| Processing Fee (non-refundable) | $30 |\n|----------------------------------|-----|\n| Issuance Fee                     | $60 |\n| Multiple-Entry Visa fee (for visa required nationals) | $30 |\n\n**Note:**\n\n• A replacement fee of $100 will be imposed if the Student’s Pass is lost or stolen.\n• An additional $30 processing fee will be imposed for amendments made to eForm16 after submission.\n\n**Cancellation of Student’s Pass**\n\nYou are required to surrender your Student’s Pass to ICA for cancellation within 7 days from the date of cessation or termination of your full-time studies, go on leave of absence or convert to part-time study. Please visit www.ica.gov.sg for more information."
    },
    "17": {
      "summary": "0.00\n\n**Medical Examination**\n\nThe offer of admission to NTU is conditional upon the issuance of a valid Student's Pass by ICA. You are required to undergo the medical examination should your period of study be more than 6 months. The examination will include the Human Immunodeficiency (HIV) and Tuberculosis (TB) medical tests. These tests must be done at the Fullerton Healthcare@NTU.\n\nUpon satisfactory completion of the medical examination, the Fullerton Healthcare@NTU will issue you with a medical report which you need to submit with your Student's Pass application. You will be denied admission and must return home at your own expense should you fail any of the medical examination.\n\n**Appointment for Medical Examination**\n\nAll international students will receive instruction on how to complete the medical examination when they report to SAO-Student Support upon their arrival at NTU.\n\n**Overstaying**\n\nOverstaying is a punishable offence under the Immigration Act. You need to note the expiry date of your Social Visit Pass or Student's Pass and apply for an extension at least a month before the expiry.\n\n**Social Visit Pass (For Spouses and Children of Full-Time Graduate Students)**\n\n**Applying for an Entry Visa**\n\nIf your spouse and children require an Entry Visa to visit Singapore, they may apply accordingly at a Singapore embassy in your home country.\n\n**Extending the Social Visit Pass**\n\nYou may approach SAO-Student Support for a letter of support to extend the Social Visit Pass of your spouse and children. Please visit [www.ntu.edu.sg/SAO/Studentsupport](http://www.ntu.edu.sg/SAO/Studentsupport) for more details.\n\n---\n\n### **Useful Contacts of Ministries**\n\n| In-charge of Student's Pass | Immigration & Checkpoints Authority (ICA) | Address: | ICA Building 10 Kallang Road Singapore 208718 |\n|---|---|---|---|\n|    |    | Location: | Next to Lavender MRT station |\n|    |    | Telephone Number: | (65) 6391 6100 (24-hour ICA call centre) |\n|    |    | Website: | www.ic"
    },
    "18": {
      "summary": " HEAL, WELLNESS AND INSURANCE"
    },
    "19": {
      "summary": "0.00\n\n**General Medical Care**\n\n**Fullerton Healthcare@NTU**\n\nThe Medical Service on campus is operated by Fullerton Healthcare Group. Health services provided include general outpatient medical and dental treatment, laboratory and x-ray investigation, as well as minor surgery. They also provide immunisation and travel medical advice.\n\n| Address                                      | Location                                                                 |\n|---------------------------------------------|------------------------------------------------------------------------|\n| Fullerton Healthcare @ NTU                     | University Health Service<br>36 Nanyang Avenue, #01-01 Singapore 639801 |\n| Telephone Number                           | (65) 6793 6828 / (65) 6793 6794                        |\n| Dental: (65) 6790 8331                      |                                                                        |\n| Operating Hours                            |                                                                        |\n| Monday to Friday                          | 8.30am to 9.00pm<br>(last registration at 8.30pm)              |\n| Saturday:                               | 9.30am to 12.00noon                                |\n| Sunday and Public Holidays:                 | Closed                                                         |\n\n**Clinics Near Campus**\n\nThere are several private clinics, that are near NTU. You may wish to visit http://www.singhealth.com.sg/PatientCare/GP/Pages/Home.aspx for a comprehensive list of clinics in Singapore.\n\nPlease note that visits to private clinics are at your own expenses.\n\n**Pharmacies Near Campus**\n\nThese are the pharmacies which are near NTU.\n\n**Guardian Pharmacy**\n\n| Location                                                                 |\n|------------------------------------------------------------------------|\n| Jurong Point Shopping Mall<br>1 Jurong West Central 2 #B1-27/28 (JP2)<br>Singapore 648886 |\n"
    },
    "20": {
      "summary": "0.000\n\n**Medical Emergencies**\n\nIn a medical emergency where immediate specialist treatment is required, please proceed to the hospital’s Emergency department. The nearest government hospital is Ng Teng Fong General Hospital and their contact details are as follows:\n\n| Telephone Number | Email Address |\n|-----------------|---------------|\n| (65) 6716 2000 | enquiries@juronghealth.com.sg |\n| Website         | www.ntfgh.com.sg |\n\n**Seeking Reimbursement for Hospitalisation**\n\nEligible students may seek a reimbursement under the Group Hospitalisation and Surgical Insurance (GHSI) scheme for the hospitalisation fee incurred in Singapore government/restructured hospitals. The insurance company will review and determine the reimbursed amount based on the scheme’s terms and conditions. For more information on GHSI, please refer to *Insurance section*.\n\nFor a list of Singapore Government/Restructured Hospitals and Specialist Clinics, please refer to the table below.\n\n| Singapore Government/Restructured Hospitals | Website |\n|--------------------------------------------------|---------|\n| Alexandra Hospital                             | www.alexhosp.com.sg |\n| Changi General Hospital                        | www.cgh.com.sg |\n| Institute of Mental Health                      | www.imh.com.sg |\n| Khoo Teck Puat Hospital                       | www.ktph.com.sg |\n| KK Women’s and Children’s Hospital              | www.kkh.com.sg |\n| National University Hospital                   | www.nuh.com.sg |\n| Ng Teng Fong General Hospital                  | www.ntfgh.com.sg |\n| Singapore General Hospital                    | www.sgh.com.sg |\n| Tan Tock Seng Hospital                         | www.ttsh.com.sg |\n\n**Seeking Reimbursement for Outpatient Specialist Care**\n\nEligible students are covered up to $1000 per policy year for treatment by a specialist (including diagnostic tests such as x-rays and scans) or A&E department (strictly for accidents and emergencies only) in Singapore govern"
    },
    "21": {
      "summary": "0\n\n**Support for Students with Special Needs**\n\nThe Accessible Education Unit (AEU) offers professional guidance and advice to students with disabilities and special needs. Disabilities may include the following conditions:\n\n- Physical or mobility disability\n- Sensory impairment (hearing or vision loss)\n- Learning disability (e.g. Dyslexia, Autism, ADHD)\n- Neurological deficits (e.g. traumatic head injury)\n\nIf you have special needs and require support services, please email the Accessible Education Unit at aeu@ntu.edu.sg\n\nPlease note that medical evidences or specialist reports are required for verification of disability or special needs.\n\n---\n\n### Academic Counselling\n\nIf you are unable to cope with your studies, please seek help from faculty/staff, tutor or the Assistant Chair of Students in your school.\n\n---\n\n### Pastoral Care\n\nBeing away from home can be an especially lonely experience when you fall ill or are hospitalised. Do contact SAO-Student Support should you need any assistance.\n\n| **Locate SAO-Student Support** |\n|---|\n| Visit us at our office located on level 4 of the Student Services Centre |\n\n| **Telephone Number** |\n|---|\n| (65) 6790 6823 (during office hours) |\n| (65) 6790 5200 (24-hour Campus Security Hotline) |\n\n| **Email** |\n|---|\n| SAO-Studentsupport@ntu.edu.sg |\n\n---\n\n### Counselling\n\nThe Student Wellbeing Centre is available to all students for professional counselling. A team of registered counsellors are experienced in helping students from various backgrounds and with a wide range of issues.\n\nIf you are facing challenges which affect your health, relationships, daily activities, academic performance or eating and sleeping patterns, please seek professional counselling. You may also approach the Centre if you are interested in personal development or self-improvement.\n\nIf you have troubled thoughts or behaviour such as self-harm or harming others, please seek professional counselling or medical help."
    },
    "22": {
      "summary": "0-01,36NanyangAvenue.Consultation is free of charge for students and held in strict confidence.\n\nAfter office hours, you may contact Campus Security at (65) 6790 5200 or approach your Hall Fellow if you live in a Hall of Residence if there is any emergency.\n\n**Peer Helping Programme**\n\nThe Student Wellbeing Centre administers a peer support network for students on campus called the ‘Peer Helping Programme’. Student volunteers in the programme are trained by the Centre’s professional Student Counsellors to befriend and support students with emotional and/or psychological issues. If you wish to find out more about this programme, please call or email the Student Wellbeing Centre at studentwellbeing@ntu.edu.sg.\n\n**Workshops and Self-Help Resources**\n\nThe Student Wellbeing Centre further promotes student well-being through workshops and talks on topics such as strategies for better learning, and stress and relaxation techniques. Resources are also available for students to support them through various periods in the academic journey. Visit www.ntu.edu.sg/studentwellbeing/selfhelp/students or drop by the Centre for these resources.\n\n**Stay Healthy**\n\nLearn how you can adopt an active and healthy lifestyle. Check out www.ntu.edu.sg/has/SnR/Pages/index.aspx for the programmes of the Sports and Recreation Centre and the Healthy Lifestyle Unit.\n\n**Insurance**\n\nNTU has two insurance schemes - Group Hospitalisation and Surgical Insurance and the Group Personal Accident Insurance - to help eligible students meet basic medical cost.\n\n**Group Hospitalisation and Surgical Insurance (GHSI)**\n\nGHSI is compulsory for all full-time international students, including Singapore permanent residents.\n\nFalling ill and being hospitalised in Singapore can be a financial drain on international students who are not entitled to medical subsidies. Further, hospitals require a deposit of the entire estimated cost upon admission. For example, if the estimated cost for a hospital stay is $5,000, you"
    },
    "23": {
      "summary": "0\n\n:\n\n**Additional Insurance Coverage for Overseas Travel**\n\nAll students are strongly advised to have adequate insurance coverage when travelling overseas for internships, conferences, exchange, study programmes, etc. The GHSI scheme does not provide adequate coverage for overseas travels.\n\nPlease refer to the following table for a summary of the insurance scheme.\n\n| Insurance Scheme | Insurance Coverage | Administered By | Eligibility |\n|-----------------|--------------------|-----------------|-------------|\n| **Group Hospitalisation and Surgical Insurance**<br>www.ntu-ghs.com.sg | Accidental death, hospitalisation and surgery as a result of illness (including mental illness), and accidental bodily injury | SAO-Student Support at Student Affairs Office | Full-time International Students, Singapore Permanent Resident |\n| **Group Personal Accident Insurance**<br>www.ntu.edu.sg/<br>Students/Undergraduate/<br>StudentServices/<br>HealthAndCounselling/<br>MedicalInsuranceSchemes/<br>Pages/GPAI.aspx | Death, permanent disability and medical costs arising from an accident | Student Affairs Office | Undergraduates<br>Full-time Graduate students may opt for this insurance |\n\nNote:\n- Full-time international undergraduates who require hospitalisation and/or surgery as a result of an accident should first claim under the GPAI scheme.\n- Information on the GHSI and GPAI is subject to changes."
    },
    "24": {
      "summary": "4\n\n: 7\n\n: 5\n\n: 8\n\n: 6\n\n: 3\n\n: 2\n\n: 1\n\n: 9\n\n: 0\n\n: 4\n\n: 7\n\n: 6\n\n: 5\n\n: 8\n\n: 9\n\n: 3\n\n: 2\n\n: 1\n\n: 0\n\n: 4\n\n: 7\n\n: 6\n\n: 5\n\n: 8\n\n: 9\n\n: 3\n\n: 2\n\n: 1\n\n: 0\n\n: 4\n\n: 7\n\n: 6\n\n: 5\n\n: 8\n\n: 9\n\n: 3\n\n: 2\n\n: 1\n\n: 0\n\n: 4\n\n: 7\n\n: 6\n\n: 5\n\n: 8\n\n: 9\n\n: 3\n\n: 2\n\n: 1\n\n: 0\n\n: 4\n\n: 7\n\n: 6\n\n: 5\n\n: 8\n\n: 9\n\n: 3\n\n: 2\n\n: 1\n\n: 0\n\n: 4\n\n: 7\n\n: 6\n\n: 5\n\n: 8\n\n: 9\n\n: 3\n\n: 2\n\n: 1\n\n: 0\n\n: 4\n\n: 7\n\n: 6\n\n: 5\n\n: 8\n\n: 9\n\n: 3\n\n: 2\n\n: 1\n\n: 0\n\n: 4\n\n: 7\n\n: 6\n\n: 5\n\n: 8\n\n: 9\n\n: 3\n\n: 2\n\n: 1\n\n: 0\n\n: 4\n\n: 7\n\n: 6\n\n: 5\n\n: 8\n\n: 9\n\n: 3\n\n: 2\n\n: 1\n\n: 0\n\n: 4\n\n: 7\n\n: 6\n\n: 5\n\n: 8\n\n: 9\n\n: 3\n\n: 2\n\n: 1\n\n: 0\n\n: 4\n\n: 7\n\n: 6\n\n: 5\n\n"
    },
    "25": {
      "summary": "0.00\n\n**Emergency Hotlines**\n\nPlease make sure that you save these numbers in your mobile or smart phone. They will come in handy in an emergency. For more crisis helplines, please visit www.ntu.edu.sg/studentwellbeing.\n\n| Emergency Party | Telephone Number |\n|-----------------|----------------|\n| Police          | 999 (24-hour)   |\n| Ambulance       | 995 (24-hour)   |\n| NTU Student Wellbeing Centre | 6790 4462 |\n| Fullerton Healthcare@NTU | 6793 6828 |\n| NTU Campus Security | 6790 5200 (24-hour) |\n| NTU Fault Reporting Centre | 6790 4777 (24-hour) |\n\n**Who to Call**\n\n| Scenarios | Procedures |\n|-----------|------------|\n| Medical Emergencies | During office hours: Call Fullerton Healthcare@NTU<br>After office hours: Call Campus Security/Hall Fellow |\n| Emotional Distress/Suicidal Tendencies | During office hours: Call Student Wellbeing Centre<br>After office hours: Call Campus Security/Hall Fellow |\n| Road Accidents | Call Police, Ambulance and Campus Security |\n| Crime | Call Police and Campus Security |\n| Missing Persons | Call Campus Security |\n| Fire | Call Campus Security |\n| Rowdy Behaviour | Call Campus Security |\n| Lift Breakdown/Power Blackouts/Burst Pipes | Call NTU Fault Reporting Centre |\n\n**24-Hour Campus Security**\n\nOur campus is patrolled round-the-clock on a daily basis by a team of security officers. Complementing these patrols are CCTV and security access control systems. A low crime rate, however, does not mean that there is no crime so please guard your safety and belongings.\n\nFire drills and emergency evacuation procedures are in place for students’ security and safety."
    },
    "26": {
      "summary": "2\n\nSUNDAY\n\nMONDAY\n\nTUESDAY\n\nWE\n\n3\n\n5\n\n10\n\n11\n\n12\n\n16\n\nACADEMIC\n\nCALENDAR\n\n18\n\nAND UNIVERSITY\n\nHOLIDAY\n\n25\n\n26"
    },
    "27": {
      "summary": "2016-2017 Academic Calendar\n\n| Academic Year 2016-17 | From       | To         |\n|---------------------|------------|-----------|\n| Semester 1           | 23-Jul-16  | 02-Dec-16  |\n| Freshmen Orientation | 23-Jul-16  | 05-Aug-16  |\n| Teaching Weeks     | 08-Aug-16  | 23-Sep-16  |\n| Recess Week        | 26-Sep-16  | 30-Sep-16  |\n| Teaching Weeks     | 03-Oct-16  | 11-Nov-16  |\n| Revision and Examination | 14-Nov-16 | 02-Dec-16  |\n| Vacation            | 05-Dec-16  | 06-Jan-17  |\n| Semester 2          | 09-Jan-17  | 05-May-17  |\n| Teaching Weeks     | 09-Jan-17  | 24-Feb-17  |\n| Recess Week        | 27-Feb-17  | 03-Mar-17  |\n| Teaching Weeks     | 06-Mar-17  | 14-Apr-17  |\n| Revision and Examination | 17-Apr-17 | 05-May-17  |\n| Vacation            | 08-May-17  | 04-Aug-17  |\n| Special Term I      | 08-May-17  | 16-Jun-17  |\n| Teaching Weeks     | 08-May-17  | 09-Jun-17  |\n| Revision & Examination | 12-Jun-17 | 16-Jun-17  |\n| Special Term II     | 19-Jun-17  | 28-Jul-17  |\n| Teaching Weeks     | 19-Jun-17  | 21-Jul-17  |\n| Revision & Examination | 24-Jul-17 | 28-Jul-17  |\n\n# Research students in postgraduate programmes are expected to work on their research projects throughout the period of their candidature subject to the student terms, requirements and entitlements.\n\n| Events                          | Date          |\n|--------------------------------|---------------|\n| Convocation 2016                 | 25 Jul to 1 Aug 16 |\n| Undergraduate Freshmen Orientation | 23 Jul to 5 Aug 16 |\n| Undergraduate Qualifying English Test | 2 Aug 16 |\n| Freshmen Welcome Ceremony       | 4 & 5 Aug 16   |\n| Students' Union Day / Academic Council Meeting | 25 Aug 16 |\n|                                | No classes for UG programmes from 1030 to 1430 hours |\n| Celebrate NTU!                  |               |\n| Campus-wide celebratory event including the State of the University Address by President | 7 Mar 2017 (TBC) |\n\nFor the full calendar and details, please visit http://www.ntu.edu.s"
    },
    "28": {
      "summary": "0\n\n**University Holidays**\n\nThe university is closed during public holidays in Singapore. Classes will proceed as usual on the following Monday should the public holiday fall on a Saturday.\n\n**2016 and 2017 Public Holidays**\n\nFor a list of public holidays in 2016 and 2017, please refer to the following table or to www.mom.gov.sg/news-room/press-releases/2015/0512-ph-2016.\n\n| National Day       | 9 Aug 2016 | Tuesday |\n|-------------------|------------|---------|\n| Hari Raya Haji    | 12 Sep 2016| Monday   |\n| Deepavali          | 29 Oct 2016| Saturday |\n| Christmas Day      | 25 Dec 2016 *| Sunday  |\n| New Year’s Day     | 1 Jan 2017 *| Sunday  |\n| Chinese New Year   | 28 Jan 2017 | Saturday |\n|                   | 29 Jan 2017 *| Sunday  |\n| Good Friday        | 14 Apr 2017 | Friday  |\n| Labour Day         | 1 May 2017  | Monday  |\n| Vesak Day          | 10 May 2017 | Wednesday|\n| Hari Raya Puasa    | 25 Jun 2017 *| Sunday  |\n\n* The following Monday will be a public holiday.\n\n**Academic Services**\n\nPlease refer to the respective websites for information on:\n\n- The Academic Unit System\n- Curriculum Structure\n- Examinations\n- Course Registration\n- Other Academic Services\n\n**Undergraduate students**\n\nwww.ntu.edu.sg/Students/Undergraduate/AcademicServices/Pages/default.aspx\n\n**Graduate students**\n\nhttp://www.ntu.edu.sg/sasd/oas/ge/Pages/default.aspx"
    },
    "29": {
      "summary": "0\n\n\n: 0"
    },
    "30": {
      "summary": " the interactive campus map, internal shuttle bus information and virtual tour, via web or mobile platform\n\n- subscription to NTU mailing lists and e-newsletters\n\nThe department managing NTU's IT and learning environment is the Centre for IT Services (CITS). Please visit www.ntu.edu.sg/cits to learn more.\n\n**Computer Ownership Scheme**\n\nEach new student is encouraged to have a personal computer for more effective learning. Students will find that laptops are useful tools for formal lessons as well as coursework anytime and anywhere.\n\nBefore you purchase a computer hardware or software, please check out the attractive prices that are offered by the vendors. Please see http://www3.ntu.edu.sg/CITS2/computerdeals/compcategory.htm.\n\nTo take up a computer loan for purchasing a PC/laptop, which is administered by the Office of Admissions and Financial Aid for full-time undergraduates, please visit the website to know more about the scheme:\n\nhttp://admissions.ntu.edu.sg/UndergraduateAdmissions/FinancialAssistance/Pages/PCLoan.aspx.\n\n**Computing Facilities and Learning Spaces**\n\nComputing facilities and learning spaces are available on campus in schools, libraries and the Halls of Residence. One such state-of-the-art learning space is the Learning Pod @ South Spine. This creative learning space provides:\n\n- discussion rooms with LCD screens and glass writing boards\n- an open learning space with comfortable and configurable furniture\n- tables with a flexible power outlet and security bar for laptop users\n- pay-per-use printing service"
    },
    "31": {
      "summary": " NTU Libraries\n\nNTU libraries provide students with access to rich information resources, collaborative learning spaces and research assistance. There are 7 libraries, open to every student in the campus.\n\n- Art, Design and Media Library (ART-01-03): *Print and multimedia collections*\n- Asian Communication Resource Centre (WKWSCl-01-18): *Communication and Information Studies collections*\n- Business Library (N2-B2b-07): *Business collection and media services*\n- Chinese Library (S3.2-85-01): *Chinese collection*\n- Humanities and Social Sciences Library (S4-B3c): *Humanities and Social/Sciences collections*\n- Lee Wee Nam Library (NS3-03-01): *Engineering and Science collections*\n- Wang Gungwu Library (CHC-02) : *Overseas Chinese collection*\n\nFor more information and access to resources, visit www.ntu.edu.sg/library.\n\n\n\n\n<table></table>\n\n**Facebook's international age distribution**\n\n**Age distribution**\n\n**00:18:10**\n\n**00:18:11**\n\n**00:18:12**\n\n**00:18:13**\n\n**00:18:14**\n\n**00:18:15**\n\n**00:18:16**\n\n**00:18:17**\n\n**00:18:18**\n\n**00:18:19**\n\n**00:18:20**\n\n**00:18:21**\n\n**00:18:22**\n\n**00:18:23**\n\n**00:18:24**\n\n**00:18:25**\n\n**00:18:26**\n\n**00:18:27**\n\n**00:18:28**\n\n**00:18:29**\n\n**00:18:30**\n\n**00:18:31**\n\n**00:18:32**\n\n**00:18:33**\n\n**00:18:34**"
    },
    "32": {
      "summary": "南大\n\nSTUDENT LIFE @ NTU"
    },
    "33": {
      "summary": "0\n\n**Student Organisations**\n\nCultural performances, sporting events and many recreational pursuits enliven student life throughout the year. With more than 100 student organisations dedicated to diverse interests from astronomy to ballroom dancing to current affairs and community work, there is bound to be one that will take your fancy.\n\nSearch www.ntu.edu.sg/campuslife/clubs/Pages/Clubssocieties.aspx to know more.\n\n**Sports and Games**\n\nKeen on sports? Whether you are a recreational or a competitive athlete, there are programmes and activities that will suit you. You are welcome to make use of the sporting and recreational facilities at the Sports and Recreation Centre. Visit www.ntu.edu.sg/has/SnR/Pages/index.aspx to learn more.\n\n---\n\n### Adventure/Water Sports\n\n- Canoeing\n- Canoe Polo\n- Climbing\n- Dragon Boat\n- Lifeguard Corps\n- Outdoor Adventure\n- Scuba Diving\n- Swimming\n- Wakeboarding\n- Windsurfing\n- Water Polo\n- Yachting\n\n**Ball Games**\n\n- Basketball\n- Floorball\n- Handball\n- Netball\n- Volleyball\n- Tchoukball\n\n---\n\n### Field Sports\n\n- Cricket\n- Football\n- Rugby\n- Touch Football\n\n**Mind Games**\n\n- Contact Bridge\n- International Chess\n- Weiqi\n\n**Martial Arts**\n\n- Aikido\n- Judo\n- Shitoryu Karate\n- Silat\n- Taekwondo\n\n---\n\n### Racquet Games\n\n- Badminton\n- Squash\n- Tennis\n- Table Tennis\n\n**Other Sports**\n\n- Aquathlon\n- Archery\n- Bowling\n- Cheerleading\n- Fencing\n- Golf\n- Inline Skating\n- Runners' Club\n- Snooker and Pool\n- Sport Shooting\n- Track and Field\n- Ultimate Frisbee"
    },
    "34": {
      "summary": "0\n\nThe NTU canteens, cafes and restaurants offer a wide variety of food. A meal in the canteen costs an average of $4 but is subject to your food preference. Please visit http://www.ntu.edu.sg/has/FnB/Pages/index.aspx for a list of the canteens, cafes and restaurants.\n\nPostal, Banking and Retail\n\nThere are various amenities that can be found on-campus. For an updated list of facilities, please visit http://www.ntu.edu.sg/has/Pages/index.aspx."
    },
    "35": {
      "summary": "0\n\n| Type of Facilities | Location |\n|---|---|\n| SAM (Self-Service Automated Machine) | • North Spine Plaza, Level 2 • South Spine, Level B3 |\n| 7-Eleven @ Hall 2 | Near 7-Eleven, next to Canteen 2 |\n| POPstation | • North Spine Plaza, Level 2 • South Spine • The Quad |\n\n| Bank / ATM (Automated Teller Machine) | OCBBC Bank (NTU Branch) | North Spine Plaza, Level 1 |\n|---|---|---|\n|    | OCBCC ATM | • North Spine Plaza, Level 1 (near OCBCC Bank) • South Spine, Level B3 • Near Canteen 2 |\n|    | POSB ATM | • North Spine Plaza, Level 2 • South Spine, Level B3 • Near Canteen 2 |\n|    | State Bank of India ATM | North Spine Plaza, Level 2 |\n|    | UOB ATM | North Spine Plaza, Level 2 |\n\n| Supermarkets | Giant Super | Hall 2 |\n|---|---|---|\n|    | Prime Supermarket | North Spine Plaza, Level 1 |\n\n| Convenience Stores | 7-Eleven Convenience Store | • Hall 2 • Hall 14, next to canteen |\n|---|---|---|\n|    | Buzz | North Spine Plaza, Level 1 |\n\n| Bookstores | Popular Bookstore | NIE 4-B1-10 |\n|---|---|---|\n|    | Booklink Pte Ltd | Blk S4, Level B5 |\n\n| Travel | STA Travel | North Spine Plaza, Level 1 |\n\n| Lifestyle | Campus Supplies | North Spine Plaza, Level 1 |\n|---|---|---|\n|    | Flower Cottage by Noel | North Spine Plaza, Level 1 |\n|    | HerVelvetVase | North Spine Plaza, Level 1 |\n|    | Mini Toons & More | North Spine Plaza, Level 1 |\n|    | U-shop | North Spine Plaza, Level 1 |\n\n| Computer Store | Eight Flags Computer Systems & Supplies | South Spine, Level B3, near Canteen B |\n\n| Hair Care | Hair Therapy | Next to Canteen 2 |\n|---|---|---|\n|    | K-Cuts | North Spine Plaza, Level 1 |\n\n| Self-service Machines | AXS Machine | • North Spine, Level 2 • South Spine, Level B3 • Near Canteen 2 |\n|---|---|---|\n|    | Photo-Me (Instant photo taking) | • North Spine, Level 2 • South Spine, Level B3, Canteen B |"
    },
    "36": {
      "summary": "0\n\n**Estimated Living Costs**\n\n| Item                                                                 | Estimated Monthly Expenses# |\n|----------------------------------------------------------------------|---------------------------|\n| On-Campus Undergraduate Housing*                               | Refer to www.ntu.edu.sg/has |\n| On-Campus Graduate Housing*                                     |                           |\n| Meals#                                                             | $300 - $400               |\n| Personal Expenses#                                                  | $200 - $400               |\n| Transport for Travel within Singapore                              | $100 - $200               |\n| Textbooks and Course Materials                                      | $300 - $500 per academic year |\n\nNote:\n*Varies with room type and subject to revision\n#Varies according to lifestyle\n\n**Financial Assistance**\n\nNeed financial help? Loans are available for students in need. Learn more about financial assistance schemes from the information provided in the admissions package or from http://www.ntu.edu.sg/Freshmen/FreshmenGuide/FinancialMatters/Pages/FinancialAssistanceSchemes.aspx.\n\n**Part-Time Employment**\n\nThe SAO-Student Support does not recommend that international students rely on part-time work as a source of funds. Doing so is very risky as part-time work may not be available when needed nor will it provide sufficient funds to sustain your stay.\n\nInternational students on exchange or in non-graduating programmes may not engage in any part-time work in Singapore. For more information, please visit http://www.ntu.edu.sg/SAO/studentsupport/ManagingFinances/Pages/ParttimeEmployment.aspx.\n\nFull-time undergraduate and graduate students who wish to take up part-time work for the experience should note the following:\n\n**Part-Time Jobs outside Campus**\n\n- Prior approval from the university is required for matriculated international students to work part"
    },
    "37": {
      "summary": ":\n\n\n: :\n\n\n: :\n\n\n: :\n\n\n: :\n\n\n: :\n\n\n: :\n\n\n: :\n\n\n: :\n\n\n: :\n\n\n: :\n\n\n: :\n\n\n: :\n\n\n: :\n\n\n: :\n\n\n: :\n\n\n: :\n\n\n: :\n\n\n: :\n\n\n: :\n\n\n: :\n\n\n: :\n\n\n: :\n\n\n: :\n\n\n: :\n\n\n: :\n\n\n: :\n\n\n: :\n\n\n: :\n\n\n: :\n\n\n: :\n\n\n: :\n\n\n: :\n\n\n: :\n\n\n: :\n\n\n: :\n\n\n: :\n\n\n: :\n\n\n: :\n\n\n: :\n\n\n: :\n\n\n: :\n\n\n: :\n\n\n: :\n\n\n: :\n\n\n: :\n\n\n: :\n\n\n: :\n\n\n: :\n\n\n: :\n\n\n: :\n\n\n: :\n\n\n: :\n\n\n: :\n\n\n: :\n\n\n: :\n\n\n: :\n\n\n: :\n\n\n: :\n\n\n: :\n\n\n: :\n\n\n: :\n\n\n: :\n\n\n: :\n\n\n: :\n\n\n: :\n\n\n: :\n\n\n: :\n\n\n: :\n\n\n: :\n\n\n: :\n\n\n: :\n\n\n: :\n\n\n: :\n\n\n: :\n\n\n: :\n\n\n: :\n\n\n: :\n\n\n: :\n\n\n: :\n\n\n: :\n\n\n: :\n\n\n: :\n\n\n: :\n\n\n: :\n\n\n: :\n\n\n: :\n\n\n: :\n\n\n: :\n\n\n: :\n\n\n: :\n\n\n: :\n\n\n: :\n\n\n: :\n\n\n: :\n\n\n: :\n\n\n: :\n\n\n: :\n\n\n: :\n\n\n: :\n\n\n: :\n\n\n: :\n\n\n: :\n\n\n: :\n\n\n: :\n\n\n: :\n\n\n: :\n\n\n: :\n\n\n: :\n\n\n: :\n\n\n: :\n\n\n"
    },
    "38": {
      "summary": "0\n\nSingapore, officially the Republic of Singapore, is a Southeast Asian city-state off the southern tip of the Malay Peninsula, 137 kilometres north of the equator. It is an island country made up of 63 islands, separated from Malaysia by the Straits of Johor to its north and from Indonesia’s Riau Islands by the Singapore Strait to its south.\n\nShe has a land area of about 710 square kilometres, making her one of the smallest countries in the world and the smallest in the region – hence the moniker “The Little Red Dot”. Although small in size, Singapore commands an enormous presence in the world today with its free trade economy and highly efficient workforce. With her strategic location in the region, it has enabled her to become a central sea port along major shipping routes.\n\nEnglish is the main language of instruction. The mother tongue is used widely for each major ethnicity. There are 4 major races - namely, Chinese, Malay, Indian and Eurasian. Each community offers a different perspective of life in Singapore in terms of culture, religion, food and language."
    },
    "39": {
      "summary": "0\n\n**Experience Singapore**\n\nBeing a multi-racial, multi-ethnic and multi-religious society, Singapore is as diverse as it is cohesive. Beyond the history, culture, people, shopping and food, there are many more facets to Singapore’s thriving cityscape for you to discover. These can only be experienced as you immerse yourself in the exploration of this once fishing village turned cosmopolitan city. To read more about Singapore, visit www.yoursingapore.com.\n\n**Old World Charm**\n\nIf you are interested to discover the old world charm, you can explore and experience the island’s key historical landmarks or memorials. You can embark on a heritage trail to enjoy the sights and sounds at various cultural precincts, such as,\n\n**Chinatown**\nA visit to Chinatown promises fascinating encounters with local customs and lifestyles.\n\n**Helix Bridge**\nWalk across this architectural and engineering marvel and admire the Singapore skyline.\n\n**Kampong Glam**\nExplore the alleys of Kampong Glam for exotic treats and buys.\n\n**Little India**\nLittle India fascinates with shops selling everything from spices to flower garlands.\n\n**Modern City**\n\nIf you prefer the bright city lights and being amidst the hustle and bustle, then you will be delighted to know that there are numerous shopping malls, museums, and dining and entertainment hotspots to choose from.\n\n**Orchard Road & Marina Bay Sands**\nSpend a day in Orchard Road and Marina Bay Sands. You will understand why Singapore is dubbed a shopper’s paradise.\n\n**Clarke Quay/Boat Quay & Marina Bay**\nExperience Singapore nightlife activities at the club in these locations. You can also find Avalon, one of Hollywood’s hottest clubs at Marina Bay."
    },
    "40": {
      "summary": "0\n\nThe other thing that will strike you most about Singapore is its multifarious offering of food regardless day or night. With a range of dining options from Peranakan to Chinese, Indian to Malay, fusion and more, you’ll be spoilt for choice.\n\n**Chinatown Complex Market**\nBlk 335 Smith Street S050335\nLocated in the heartland of Chinatown. Have a meal with the locals and explore the shops of Chinatown.\n\n**East Coast Lagoon Food Village**\n1220 East Coast Parkway S468960\nTuck into scrumptious local fare after cycling or rollerblading at East Coast Park.\n\n**Chomp Chomp Food Centre**\n20 Kensington Park Road S557269\nLocated at Serangoon Garden, this hawker has a wide variety of food at a reasonable price.\n\n**Geylang Serai Market and Food Centre**\n1 Geylang Serai S402001\nSample traditional Malay fare at this market and the eateries in Geylang Serai\n\n**Golden Mile Food Centre**\n505 Beach Road S199583\nPopular for its wide array of local fare\n\n**Holland Village Market and Food Centre**\n1 Lorong Mambong S277700\nHolland Village is popular for its al fresco café culture\n\n**Maxwell Road Hawker Centre**\n1 Kadayanallur Street S069184\nThis centrally-located food centre is packed to the brim during peak hours.\n\n**Old Airport Road Food Centre**\nBlk 51 Old Airport Road S390051\n\n**Tekka Centre**\nBlk 665 Buffalo Road S210665\nLocated in the heart of Little India\n\n**Clementi Market and Food Centre**\nBlk 353 Clementi Avenue 2 #01-108 S120353\nSurrounded by HDB shops that offer household items at a bargain price\n\n**Lau Pat Sat Festival Market**\n18 Raffles Quay S048582\nLargest remaining Victorian filigree cast-iron structure in Southeast Asia built in 1894 and is now a food centre offering a wide variety of local food\n\n**Newton Circus Food Centre**\n500 Clemenceau Avenue North S229495\nPopular with tourists and locals\n\n**People’s Park Cooked Food Centre**\nBlk 32 New Market Road S050032\nA good destination for traditional local fare after shopping in Chinatown\n\n**Tiong Bahru Market and Food Centr"
    },
    "41": {
      "summary": "0\n\n**Arts and Culture**\n\nSingapore thrives in arts and cultural events. Visit these places to understand and experience more.\n\n**Esplanade – Theatres on the Bay**\n1 Esplanade Drive S038981\nEngage in the arts at this distinctive landmark.\n\n**National Museum of Singapore**\n93 Stamford Road S178897\nVisit its Singapore History and Living Galleries to learn about Singapore culture and also its 11 National Treasures.\n\n**ArtScience Museum at Marina Bay Sands**\n6 Bayfront Avenue S018974\n\n**Chinatown Heritage Centre**\n48 Pagoda Street S059207\n\n**Peranakan Museum**\n39 Armenian Street S179941\n\n**Maritime Experiential Museum and Aquarium**\n8 Sentosa Gateway, Resorts World Sentosa S098269\nStep back in time and learn about the history of the ancient maritime trade.\n\n**Singapore Discovery Centre**\n510 Upper Jurong Road S638365\nLearn more about Singapore through the Centre’s fascinating exhibits.\n\n**Asian Civilisations Museum**\n1 Empress Place S179555\n\n**Malay Heritage Centre**\n85 Sultan Gate S198501\n\n**Community and Sporting Activities**\n\nThe People’s Association promotes social cohesion in Singapore through its network of grassroots organisations and community clubs. Visit www.pa.gov.sg to learn about the activities of the community club near you. For Singapore’s sporting calendar, please visit www.ssc.gov.sg.\n\n**Events**\n\nBesides major holidays, you can look forward to a vibrant calendar of events in Singapore. These are some of the events that are held in Singapore.\n\n- Chingay Parade Singapore\n- Dragon Boat Festival\n- Fashion Steps Out @ Orchard\n- F1 Singapore Grand Prix\n- Great Singapore Sale\n- Mosaic Music Festival\n- National Day Parade and celebrations\n- Singapore International Arts Festival\n- Singapore Food Festival\n- World Gourmet Summit\n- ZoukOut"
    },
    "42": {
      "summary": "0\n\n**Nature**\n\nNational Parks (NParks) oversees the development of Singapore as a Garden City. Visit www.nparks.gov.sg for information on the parks and nature reserves in Singapore as well as information on free nature appreciation walks.\n\n**Bukit Timah Nature Reserve**\nDiscover the rich flora and fauna of this reserve as you climb Bukit Timah – Singapore’s highest hill.\n\n**Gardens By The Bay**\nSpanning 101 hectare, it houses over a quarter of a million rare plants in huge domed conservatories.\n\n**MacRitchie Reservoir Park**\nExplore its scenic and tranquil nature trails and go on a treetop walk.\n\n**Labrador Nature Reserve**\nAn oasis of tranquillity and natural wonder. A staircase built on the edge of the secondary forest offers a prime view of the cliff side vegetation coupled with a panoramic view of the sea.\n\n**Jurong Central Park**\nIt is the first in Singapore to have life-sized board-game features. It is situated across Boon Lay MRT Station.\n\n**Mount Faber Park**\nFrom this park, you can take a cable car to Sentosa Island. A mural wall depicting scenes of local history can be seen at Upper Faber Point, the highest point in the park.\n\n**Youth Olympic Park**\nThe Youth Olympic Park is named after the inaugural Youth Olympic Games held in Singapore in August 2010. A broadwalk connects the Park to Marina Promenade.\n\n**East Coast Park**\nA well-loved destination of Singaporeans for barbecues, cycling, rollerblading and water sports.\n\n**Jurong Bird Park**\nThe largest bird park and a haven for 8,000 birds representing species. Visit www.birdpark.com.sg for details.\n\n**Night Safari**\nAs dusk falls, observe over 1,000 nocturnal animals up-close.\n\n**Istana**\nFronting the main Istana Gate, Istana Park provides a vantage point for people keen to view the monthly changing of guards ceremony at the Istana.\n\n**Marina Barrage**\nCatch the grandeur of the Singapore Flyer and the Central Business District skyline at this first reservoir in the heart of the city.\n\n**Hortpark**\nIt is a"
    },
    "43": {
      "summary": "0.00\n\nTravelling within Singapore is a breeze with its advanced transportation system.\n\nTaxi\n\nThis is a list of phone booking hotlines for the respective taxi companies.\n\n| Common Taxi Booking Number | (+65 6-DIAL-CAB) |\n|----------------------------|-------------------|\n| Comfort & CityCab            | +65 6552-1111    |\n| Premier Taxi                | +65 6363-6888    |\n| Smart Cab                   | +65 6485-7777    |\n| SMRT Taxi                  | +65 6555-8888    |\n| Trans-Cab Services         | +65 6555-3333    |\n| Prime Taxi                  | +65 6778-0808    |\n\nTaxis can be flagged down at any time of the day at a taxi stand and along any public road outside of the Central Business District (CBD). Alternatively you can book a taxi with any of the taxi company via phone call where a booking fee is applicable. To know the booking amount, please check with the individual taxi company.\n\nAll taxis in Singapore are metered. The fares must be charged according to the taxi meter based on the flag down rate, distance travelled and applicable surcharge (such as midnight surcharge, peak hour surcharge, location surcharge and Electronic Road Pricing charges). Please take note that each taxi company imposes different surcharge and flag down rate. You may need to check with the driver or taxi company on the surcharge before boarding the taxi. Should you wish to retain a receipt, you need to request for it at the end of the trip. Payment is usually by cash although some taxi companies do accept credit cards/NETs payment.\n\nBus\n\nPublic buses operate from 5.30am to midnight daily and the frequencies range from 5 minutes to 20 minutes. The information panels at the bus stops provide useful route and fare information for the bus services available at that stop.\n\nThe buses pick up and drop off passengers only at designated bus-stops. You need to flag down the bus you wish to board at the bus-stop. For all bus trips, you can pay using exact cash or ez-link card, please refer to"
    },
    "44": {
      "summary": " Mass Rapid Transit (MRT) & Light Rapid Transit (LRT)\n\nCommuters in Singapore enjoy a comprehensive public transport network similar to other developed cities. There are also LRT systems that link MRT stations within the HDB housing estates. Both MRT and LRT operate from 5.30am to midnight daily. The first and last train departure times vary between stations, as well as weekends and Public Holidays.\n\nFor fare information, you may wish to use the easy-to-use maps at the MRT ticketing machines. Please visit www.transitlink.com.sg or www.publictransport.sg should you wish to know more information on public transport fares and MRT map.\n\n**Queue System**\n\nIt is an unspoken rule that commuters must queue at bus-stops, taxi stands and train stations to board and alight from buses, taxis and trains. This applies to service and retail outlets throughout Singapore as well.\n\n**Contactless Smart (CEPAS-Compliant) Cards**\n\nTo ease the need of carrying sufficient cash for travelling, you may wish to purchase an ez-link card or a NETS FlashPay card. These are contactless tap-and-go Smart cards for public transit use on the MRT, LRT and buses. You can get them from the network of sales points within most MRT stations and 7-Eleven stores. Please visit www.ezlink.com.sg or www.nets.com.sg for more information on the Smart cards.\n\n**Changi Airport**\n\nChangi Airport is the main airport in Singapore and a major aviation hub in Southeast Asia. Please visit www.changiairport.com to view the Airport interactive map and access the guide for arriving passengers."
    }
  }
}
