{
  "doc_id": "watch_d.pdf",
  "pages": {
    "1": {
      "summary": " HUAWEI WATCH D USER GUIDE"
    },
    "2": {
      "summary": "1\n\n: 2\n\n: 4\n\n: 5\n\n: 6\n\n: 6\n\n: 6\n\n: 7\n\n: 7\n\n: 8\n\n: 9\n\n: 9\n\n: 10\n\n: 10\n\n: 11\n\n: 17\n\n: 17\n\n: 17\n\n: 18\n\n: 19\n\n: 20\n\n: 21\n\n: 21\n\n: 21\n\n: 22\n\n: 23\n\n: 23\n\n: 24\n\n: 24\n\n: 25\n\n\n## Contents\n\n### Getting Started\n\nButtons and screen control 1\n\nPairing and connecting to wearable devices 2\n\nMeasure the wrist circumference and select a strap and airbag 4\n\nWearing the watch 5\n\nSetting the time and language 6\n\nSetting the AOD watch face 6\n\nConfiguring Gallery watch faces 6\n\nLocking or unlocking 7\n\nCustomizing the function of the Down button 7\n\nCharging 8\n\nUpdating the watch 9\n\nPowering on, powering off, and restarting your watch 9\n\n### Blood Pressure Management\n\nBlood pressure measurement results are different each time 10\n\nThe blood pressure measured at home is different from that 10\n\nmeasured at the hospital\n\nMeasuring blood pressure 11\n\n### Care for Health\n\nMeasuring SpO2 17\n\nAutomatic SpO2 measurements 17\n\nSleep monitoring 17\n\nMeasuring your skin temperature 18\n\nHealthy Living 19\n\nStarting a workout 20\n\nViewing workout records 21\n\nWorkout status 21\n\nRecording daily activities 21\n\nAutomatic workout detection 22\n\n### Assistant\n\nHUAWEI Assistant-TODAY 23\n\nMessage management 23\n\nRejecting incoming calls 24\n\nControlling music playback 24\n\nFlashlight 24\n\nRemote shutter 24\n\nAdding custom cards 25"
    },
    "3": {
      "summary": "0\n\n:\n\n:\n\n:\n\n:\n\n:\n\n:\n\n:\n\n:\n\n:\n\n:\n\n:\n\n:\n\n:\n\n:\n\n:\n\n:\n\n:\n\n:\n\n:\n\n:\n\n:\n\n:\n\n:\n\n:\n\n:\n\n:\n\n:\n\n:\n\n:\n\n:\n\n:\n\n:\n\n:\n\n:\n\n:\n\n:\n\n:\n\n:\n\n:\n\n:\n\n:\n\n:\n\n:\n\n:\n\n:\n\n:\n\n:\n\n:\n\n:\n\n:\n\n:\n\n:\n\n:\n\n:\n\n:\n\n:\n\n:\n\n:\n\n:\n\n:\n\n:\n\n:\n\n:\n\n:\n\n:\n\n:\n\n:\n\n:\n\n:\n\n:\n\n:\n\n:\n\n:\n\n:\n\n:\n\n:\n\n:\n\n:\n\n:\n\n:\n\n:\n\n:\n\n:\n\n:\n\n:\n\n:\n\n:\n\n:\n\n:\n\n:\n\n:\n\n:\n\n:\n\n:\n\n:\n\n:\n\n:\n\n:\n\n:\n\n:\n\n:\n\n:\n\n:\n\n:\n\n:\n\n:\n\n:\n\n:\n\n:\n\n:\n\n:\n\n:\n\n:\n\n:\n\n:\n\n:\n\n:\n\n:\n\n:\n\n:\n\n:\n\n:\n\n:\n\n:\n\n:\n\n:\n\n:\n\n:\n\n:\n\n:\n\n:\n\n:\n\n:\n\n:\n\n:\n\n:\n\n:\n\n:\n\n:\n\n:\n\n:\n\n:\n\n:\n\n:\n\n:\n\n:\n\n:\n\n:\n\n:\n\n:\n\n:\n\n:\n\n:\n\n:\n\n:\n\n:\n\n:\n\n:\n\n:\n\n:\n\n:\n\n:\n\n:\n\n:\n\n:\n\n:\n\n:\n\n:\n\n:\n\n:\n\n:\n\n:\n\n:\n\n:\n\n:\n\n:\n\n:\n\n:\n\n:\n\n:\n\n:\n\n:\n\n:\n\n:\n\n:\n\n:\n\n:\n\n:\n\n:\n\n:\n\n:\n\n:\n\n:\n\n:\n\n:\n\n:\n\n:\n\n:\n\n:\n\n:\n\n:\n\n:\n\n:\n\n:\n\n:\n\n:\n\n:\n\n:\n\n:\n\n:\n\n:\n\n:\n\n:\n\n:\n\n:\n\n:\n\n:\n\n:\n\n:\n\n:\n\n:\n\n:\n\n:\n\n:\n\n:\n\n:\n\n:\n\n:\n\n:\n\n:\n\n:\n\n:\n\n:\n\n:\n\n:\n\n:\n\n:\n\n:\n\n:\n\n:\n\n:\n\n:\n\n:\n\n:\n\n:\n\n:\n\n:\n\n:\n\n:\n\n:\n\n:\n\n:\n\n:\n\n:\n\n:\n\n:\n\n:\n\n:\n\n:\n\n:\n\n:\n\n:\n\n:\n\n:\n\n:\n\n:\n\n:\n\n:\n\n:\n\n:\n\n:\n\n:\n\n:\n\n:\n\n:\n\n:\n\n:\n\n:\n\n:\n\n:\n\n:\n\n:\n\n:\n\n:\n\n:\n\n:\n\n:\n\n:\n\n:\n\n:\n\n:\n\n:\n\n:\n\n:\n\n:\n\n:\n\n:\n\n:\n\n:\n\n:\n\n:\n\n:\n\n:\n\n:\n\n:\n\n:\n\n:\n\n:\n\n:\n\n:\n\n:\n\n:\n\n:\n\n:\n\n:\n\n:\n\n:\n\n:\n\n:\n\n:\n\n:\n\n:\n\n:\n\n:\n\n:\n\n:\n\n:\n\n:\n\n:\n\n:\n\n:\n\n:\n\n:\n\n:\n\n:\n\n:\n\n:\n\n:\n\n:\n\n:\n\n:\n\n:\n\n:\n\n:\n\n:\n\n:\n\n:\n\n:\n\n:\n\n:\n\n:\n\n:\n\n:\n\n:\n\n:\n\n:\n\n:\n\n:\n\n:\n\n:\n\n:\n\n:\n\n:\n\n:\n\n:\n\n:\n\n:\n\n:\n\n:\n\n:\n\n:\n\n:\n\n:\n\n:\n\n:\n\n:\n\n:\n\n:\n\n:\n\n:\n\n:\n\n:\n\n:\n\n:\n\n:\n\n:\n\n:\n\n:\n\n:\n\n:\n\n:\n\n:\n\n:\n\n:\n\n:\n\n:\n\n:\n\n:\n\n:\n\n:\n\n:\n\n:\n\n:\n\n:\n\n:\n\n:\n\n:\n\n:\n\n:\n\n:\n\n:\n\n:\n\n:\n\n:\n\n:\n\n:\n\n:\n\n:\n\n:\n\n:\n\n:\n\n:\n\n:\n\n:\n\n:\n\n:\n\n:\n\n:\n\n:\n\n:\n\n:\n\n:\n\n:\n\n:\n\n:\n\n:\n\n:\n\n:\n\n:\n\n:\n\n:\n\n:\n\n:\n\n:\n\n:\n\n:\n\n:\n\n:\n\n:\n\n:\n\n:\n\n:\n\n:\n\n:\n\n:\n\n:\n\n:\n\n:\n\n:\n\n:\n\n:\n\n:\n\n:\n\n:\n\n:\n\n:\n\n:\n\n:\n\n:\n\n:\n\n:\n\n:\n\n:\n\n:\n\n:\n\n:\n\n:\n\n:\n\n:\n\n:\n\n:\n\n:\n\n:\n\n:\n\n:\n\n:\n\n:\n\n:\n\n:\n\n:\n\n:\n\n:\n\n:\n\n:\n\n:\n\n:\n\n:\n\n:\n\n:\n\n:\n\n:\n\n:\n\n:\n\n:\n\n:\n\n:\n\n:\n\n:\n\n:\n\n:\n\n:\n\n:\n\n:\n\n:\n\n:\n\n:\n\n:\n\n:\n\n:\n\n:\n\n:\n\n:\n\n:\n\n:\n\n:\n\n:\n\n:\n\n:\n\n:\n\n:\n\n:\n\n:\n\n:\n\n:\n\n:\n\n:\n\n:\n\n:\n\n:\n\n:\n\n:\n\n:\n\n:\n\n:\n\n:\n\n:\n\n:\n\n:\n\n:\n\n:\n\n:\n\n:\n\n:\n\n:\n\n:\n\n:\n\n:\n\n:\n\n:\n\n:\n\n:\n\n:\n\n:\n\n:\n\n:\n\n:\n\n:\n\n:\n\n:\n\n:\n\n:\n\n:\n\n:\n\n:\n\n:\n\n:\n\n:\n\n:\n\n:\n\n:\n\n:\n\n:\n\n:\n\n:\n\n:\n\n:\n\n:\n\n:\n\n:\n\n:\n\n:\n\n:\n\n:\n\n:\n\n:\n\n:\n\n:\n\n:\n\n:\n\n:\n\n:\n\n:\n\n:\n\n:\n\n:\n\n:\n\n:\n\n:\n\n:\n\n:\n\n:\n\n:\n\n:\n\n:\n\n:\n\n:\n\n:\n\n:\n\n:\n\n:\n\n:\n\n:\n\n:\n\n:\n\n:\n\n:\n\n:\n\n:\n\n:\n\n:\n\n:\n\n:\n\n:\n\n:\n\n:\n\n:\n\n:\n\n:\n\n:\n\n:\n\n:\n\n:\n\n:\n\n:\n\n:\n\n:\n\n:\n\n:\n\n:\n\n:\n\n:\n\n:\n\n:\n\n:\n\n:\n\n:\n\n:\n\n:\n\n:\n\n:\n\n:\n\n:\n\n:\n\n:\n\n:\n\n:\n"
    },
    "4": {
      "summary": "0\n\n: 0\n\n: 0\n\n: 0\n\n: 0\n\n: 0\n\n: 0\n\n: 0\n\n: 0\n\n: 0\n\n: 0\n\n: 0\n\n: 0\n\n: 0\n\n: 0\n\n: 0\n\n: 0\n\n: 0\n\n: 0\n\n: 0\n\n: 0\n\n: 0\n\n: 0\n\n: 0\n\n: 0\n\n: 0\n\n: 0\n\n: 0\n\n: 0\n\n: 0\n\n: 0\n\n: 0\n\n: 0\n\n: 0\n\n: 0\n\n: 0\n\n: 0\n\n: 0\n\n: 0\n\n: 0\n\n: 0\n\n: 0\n\n: 0\n\n: 0\n\n: 0\n\n: 0\n\n: 0\n\n: 0\n\n: 0\n\n: 0\n\n: 0\n\n: 0\n\n: 0\n\n: 0\n\n: 0\n\n: 0\n\n: 0\n\n: 0\n\n: 0\n\n: 0\n\n: 0\n\n: 0\n\n: 0\n\n: 0\n\n: 0\n\n: 0\n\n: 0\n\n: 0\n\n: 0\n\n: 0\n\n: 0\n\n: 0\n\n: 0\n\n: 0\n\n: 0\n\n: 0\n\n: 0\n\n: 0\n\n: 0\n\n: 0\n\n: 0\n\n: 0\n\n: 0\n\n: 0\n\n: 0\n\n: 0\n\n: 0\n\n: 0\n\n: 0\n\n: 0\n\n: 0\n\n: 0\n\n: 0\n\n: 0\n\n: 0\n\n: 0\n\n: 0\n\n: 0\n\n: 0\n\n: 0\n\n: 0\n\n: 0\n\n: 0\n\n: 0\n\n: 0\n\n: 0\n\n: 0\n\n: 0\n\n: 0\n\n: 0\n\n: 0\n\n: 0\n\n: 0\n\n: 0\n\n: 0\n\n: 0\n\n: 0\n\n: 0\n\n: 0\n\n: 0\n\n: 0\n\n: 0\n\n: 0\n\n: 0\n\n: 0\n\n: 0\n\n: 0\n\n: 0\n\n: 0\n\n: 0\n\n: 0\n\n: 0\n\n: 0\n\n: 0\n\n: 0\n\n: 0\n\n: 0\n\n: 0\n\n: 0\n\n: 0\n\n: 0\n\n: 0\n\n: 0\n\n: 0\n\n: 0\n\n: 0\n\n: 0\n\n: 0\n\n: 0\n\n: 0\n\n: 0\n\n: 0\n\n: 0\n\n: 0\n\n: 0\n\n: 0\n\n: 0\n\n: 0\n\n: 0\n\n: 0\n\n: 0\n\n: 0\n\n: 0\n\n: 0\n\n: 0\n\n: 0\n\n: 0\n\n: 0\n\n: 0\n\n: 0\n\n: 0\n\n: 0\n\n: 0\n\n: 0\n\n: 0\n\n: 0\n\n: 0\n\n: 0\n\n: 0\n\n: 0\n\n: 0\n\n: 0\n\n: 0\n\n: 0\n\n: 0\n\n: 0\n\n: 0\n\n: 0\n\n: 0\n\n: 0\n\n: 0\n\n: 0\n\n: 0\n\n: 0\n\n: 0\n\n: 0\n\n: 0\n\n: 0\n\n: 0\n\n: 0\n\n: 0\n\n: 0\n\n: 0\n\n: 0\n\n: 0\n\n: 0\n\n: 0\n\n: 0\n\n: 0\n\n: 0\n\n: 0\n\n: 0\n\n: 0\n\n: 0\n\n: 0\n\n: 0\n\n: 0\n\n: 0\n\n: 0\n\n: 0\n\n: 0\n\n: 0\n\n: 0\n\n: 0\n\n: 0\n\n: 0\n\n: 0\n\n: 0\n\n: 0\n\n: 0\n\n: 0\n\n: 0\n\n: 0\n\n: 0\n\n: 0\n\n: 0\n\n: 0\n\n: 0\n\n: 0\n\n: 0\n\n: 0\n\n: 0\n\n: 0\n\n: 0\n\n: 0\n\n: 0\n\n: 0\n\n: 0\n\n: 0\n\n: 0\n\n: 0\n\n: 0\n\n: 0\n\n: 0\n\n: 0\n\n: 0\n\n: 0\n\n: 0\n\n: 0\n\n: 0\n\n: 0\n\n: 0\n\n: 0\n\n: 0\n\n: 0\n\n: 0\n\n: 0\n\n: 0\n\n: 0\n\n: 0\n\n: 0\n\n: 0\n\n: 0\n\n: 0\n\n: 0\n\n: 0\n\n: 0\n\n: 0\n\n: 0\n\n: 0\n\n: 0\n\n: 0\n\n: 0\n\n: 0\n\n: 0\n\n: 0\n\n: 0\n\n: 0\n\n: 0\n\n: 0\n\n: 0\n\n: 0\n\n: 0\n\n: 0\n\n: 0\n\n: 0\n\n: 0\n\n: 0\n\n: 0\n\n: 0\n\n: 0\n\n: 0\n\n: 0\n\n: 0\n\n: 0\n\n: 0\n\n: 0\n\n: 0\n\n: 0\n\n: 0\n\n: 0\n\n: 0\n\n: 0\n\n: 0\n\n: 0\n\n: 0\n\n: 0\n\n: 0\n\n: 0\n\n: 0\n\n: 0\n\n: 0\n\n: 0\n\n: 0\n\n: 0\n\n: 0\n\n: 0\n\n: 0\n\n: 0\n\n: 0\n\n: 0\n\n: 0\n\n: 0\n\n: 0\n\n: 0\n\n: 0\n\n: 0\n\n: 0\n\n: 0\n\n: 0\n\n: 0\n\n: 0\n\n: 0\n\n: 0\n\n: 0\n\n: 0\n\n: 0\n\n: 0\n\n: 0\n\n: 0\n\n: 0\n\n: 0\n\n: 0\n\n: 0\n\n: 0\n\n: 0\n\n: 0\n\n: 0\n\n: 0\n\n: 0\n\n: 0\n\n: 0\n\n: 0\n\n: 0\n\n: 0\n\n: 0\n\n: 0\n\n: 0\n\n: 0\n\n: 0\n\n: 0\n\n: 0\n\n: 0\n\n: 0\n\n: 0\n\n: 0\n\n: 0\n\n: 0\n\n: 0\n\n: 0\n\n: 0\n\n: 0\n\n: 0\n\n: 0\n\n: 0\n\n: 0\n\n: 0\n\n: 0\n\n: 0\n\n: 0\n\n: 0\n\n: 0\n\n: 0\n\n: 0\n\n: 0\n\n: 0\n\n: 0\n\n: 0\n\n: 0\n\n: 0\n\n: "
    },
    "5": {
      "summary": " Search for the Huawei Health app in the app store on your phone, and follow the onscreen instructions to download and install the app.\n\n- **iPhones**\n  \n  Search for the **HUAWEI Health** app in the App Store, and follow the onscreen instructions to download and install the app.\n\n**Pairing and connecting to wearable devices**\n\n- To protect your privacy, your watch will need to be restored to its factory settings in certain scenarios (subject to the onscreen instructions) when it connects to a new phone. Restoring the watch to its factory settings will clear all data from the device. Please exercise caution when performing this operation.\n\n- **HUAWEI/Non-HUAWEI Android phones**\n\n  1. After the device is powered on, select a **language**. Bluetooth is ready for pairing by default.\n  \n  2. Place the device close to your phone, open the Huawei Health app on your phone, touch \\(\\cdot \\cdot \\cdot\\) in the upper right corner, and then touch **ADD**. Your phone will automatically scan for available devices. Select the device you wish to pair with, and touch **LINK**.\n  \n  3. When a pairing request is displayed on the device screen, touch \\(\\checkmark\\), and follow the onscreen instructions to complete the pairing.\n\n- **iPhones**\n\n  1. After the device is powered on, select a **language**. Bluetooth is ready for pairing by default.\n  \n  2. Follow the onscreen instructions to go to **Settings > Bluetooth** and select your device for pairing. Once a pairing request is displayed on the device screen, touch \\(\\checkmark\\).\n  \n  3. You can place your device close to your phone, open the Huawei Health app on your phone, touch \\(\\cdot \\cdot \\cdot\\) in the upper right corner, touch **ADD**, and then follow the onscreen instructions to select your device from the pop-up window.\n  \n    Or you can open the Huawei Health app on your phone, touch \\(\\cdot \\cdot \\cdot\\) in the upper right corner, and then touch **SCAN** to scan the QR code on your device. On your phone, follow the onscree"
    },
    "6": {
      "summary": "5 Wait for several seconds until the Huawei Health app displays a message indicating that the pairing is successful. Touch Done to complete the pairing.\n\n# Measure the wrist circumference and select a strap and airbag\n\n**Measuring your wrist's circumference and selecting a suitable strap**\n\n1. At a position on your wrist that is about the width of two fingers away from the bottom of your palm, put the end of the ruler that comes with the watch through the buckle on the head.\n2. Pull the ruler until it touches your arm, but don't pull it too tightly. Record the position indicated by the arrow.\n\n![Diagram](image)\n\n3. Select the strap and airbag based on the scale value.\n\n**Replacing the strap and airbag with ones in suitable sizes**\n\n1. Open the strap nail buckle and the upper and lower buckles of the airbag.\n2. Press the cover button and pull up the airbag to separate the airbag cover from the body of the watch.\n3. Push the lever inwards and pull the strap outwards.\n4. Align one side of the strap to be installed with the watch body, push the lever inwards, and fasten it.\n\n![Diagram](image)\n\n5. Align the airbag with the air nozzle and press the airbag cover.\n6. Align the end of the strap with the buckle and insert the strap into the buckle."
    },
    "7": {
      "summary": "7 After adjusting the tightness, fasten the airbag buckle.\n\nAdjust the strap based on your wrist's circumference.\n\n1 Open the watch buckle and airbag buckle.\n\n2 Select the size of the strap based on the measurement, and then fasten the nail buckle.\n\n3 Fasten the airbag buckle to finish adjusting the strap.\n\nWearing the watch\n\nTo ensure the accuracy of the measurement, place the watch body in the middle of the back of your wrist. The edge of the watch's body should be below the root of the ulnar styloid process, and should not press the root of the ulnar styloid process or be too far away from it. The center of the watch's face should be on your wrist about two fingers' width away from the palm."
    },
    "8": {
      "summary": "0\n\n**Setting the time and language**\n\nAfter you have synced data between your device and phone/tablet, the system language will be synced to your device as well.\n\nIf you change the language, region, or time on your phone/tablet, the changes will automatically sync to the device as long as it is connected to your phone/tablet via Bluetooth.\n\n**Setting the AOD watch face**\n\nAfter the Always on display (AOD) feature is enabled, the current watch face will be displayed when you raise your wrist if the main watch face doesn't come with a built-in AOD watch face.\n\n**Setting AOD**\n\n1. In the app list, go to **Settings > Watch face** or **Settings > Watch face & home**, and enable **AOD**.\n\n2. Go to **AOD style > Default style** and select your preferred style. The style will then be displayed when the main watch face doesn't come with a built-in AOD watch face and you raise your wrist.\n\n**Configuring Gallery watch faces**\n\nBefore using this feature, update the Huawei Health app and your device to their latest versions.\n\n**Selecting Gallery watch faces**\n\n1. Open the Huawei Health app, touch **Devices** and then your device name, and go to **Watch faces > More > Mine > On watch > Gallery** to access the Gallery settings screen.\n\n2. Touch + and select either **Camera** or **Gallery** as the method for uploading an image.\n\n3. Touch √ in the upper right corner, and then touch **Save**. Your watch will then display the selected image as the watch face."
    },
    "9": {
      "summary": "0\n\n:\n\n- 0\n\n:\n\n- 0\n\n:\n\n- 0\n\n:\n\n- 0\n\n:\n\n- 0\n\n:\n\n- 0\n\n:\n\n- 0\n\n:\n\n- 0\n\n:\n\n- 0\n\n:\n\n- 0\n\n:\n\n- 0\n\n:\n\n- 0\n\n:\n\n- 0\n\n:\n\n- 0\n\n:\n\n- 0\n\n:\n\n- 0\n\n:\n\n- 0\n\n:\n\n- 0\n\n:\n\n- 0\n\n:\n\n- 0\n\n:\n\n- 0\n\n:\n\n- 0\n\n:\n\n- 0\n\n:\n\n- 0\n\n:\n\n- 0\n\n:\n\n- 0\n\n:\n\n- 0\n\n:\n\n- 0\n\n:\n\n- 0\n\n:\n\n- 0\n\n:\n\n- 0\n\n:\n\n- 0\n\n:\n\n- 0\n\n:\n\n- 0\n\n:\n\n- 0\n\n:\n\n- 0\n\n:\n\n- 0\n\n:\n\n- 0\n\n:\n\n- 0\n\n:\n\n- 0\n\n:\n\n- 0\n\n:\n\n- 0\n\n:\n\n- 0\n\n:\n\n- 0\n\n:\n\n- 0\n\n:\n\n- 0\n\n:\n\n- 0\n\n:\n\n- 0\n\n:\n\n- 0\n\n:\n\n- 0\n\n:\n\n- 0\n\n:\n\n- 0\n\n:\n\n- 0\n\n:\n\n- 0\n\n:\n\n- 0\n\n:\n\n- 0\n\n:\n\n- 0\n\n:\n\n- 0\n\n:\n\n- 0\n\n:\n\n- 0\n\n:\n\n- 0\n\n:\n\n- 0\n\n:\n\n- 0\n\n:\n\n- 0\n\n:\n\n- 0\n\n:\n\n- 0\n\n:\n\n- 0\n\n:\n\n- 0\n\n:\n\n- 0\n\n:\n\n- 0\n\n:\n\n- 0\n\n:\n\n- 0\n\n:\n\n- 0\n\n:\n\n- 0\n\n:\n\n- 0\n\n:\n\n- 0\n\n:\n\n- 0\n\n:\n\n- 0\n\n:\n\n- 0\n\n:\n\n- 0\n\n:\n\n- 0\n\n:\n\n- 0\n\n:\n\n- 0\n\n:\n\n- 0\n\n:\n\n- 0\n\n:\n\n- 0\n\n:\n\n- 0\n\n:\n\n- 0\n\n:\n\n- 0\n\n:\n\n- 0\n\n:\n\n- 0\n\n:\n\n- 0\n\n:\n\n- 0\n\n:\n\n- 0\n\n:\n\n- 0\n\n:\n\n- 0\n\n:\n\n- 0\n\n:\n\n- 0\n\n:\n\n- 0\n\n:\n\n- 0\n\n:\n\n- 0\n\n:\n\n- 0\n\n:\n\n- 0\n\n:\n\n- 0\n\n:\n\n- 0\n\n:\n\n- 0\n\n:\n\n- 0\n\n:\n\n- 0\n\n:\n\n- 0\n\n:\n\n- 0\n\n:\n\n- 0\n\n:\n\n- 0\n\n:\n\n- 0\n\n:\n\n- 0\n\n:\n\n- 0\n\n:\n\n- 0\n\n:\n\n- 0\n\n:\n\n- 0\n\n:\n\n- 0\n\n:\n\n- 0\n\n:\n\n- 0\n\n:\n\n- 0\n\n:\n\n- 0\n\n:\n\n- 0\n\n:\n\n- 0\n\n:\n\n- 0\n\n:\n\n- 0\n\n:\n\n- 0\n\n:\n\n- 0\n\n:\n\n- 0\n\n:\n\n- 0\n\n:\n\n- 0\n\n:\n\n- 0\n\n:\n\n- 0\n\n:\n\n- 0\n\n:\n\n- 0\n\n:\n\n- 0\n\n:\n\n- 0\n\n:\n\n- 0\n\n:\n\n- 0\n\n:\n\n- 0\n\n:\n\n- 0\n\n:\n\n- 0\n\n:\n\n- 0\n\n:\n\n- 0\n\n:\n\n- 0\n\n:\n\n- 0\n\n:\n\n- 0\n\n:\n\n- 0\n\n:\n\n- 0\n\n:\n\n- 0\n\n:\n\n- 0\n\n:\n\n- 0\n\n:\n\n- 0\n\n:\n\n- 0\n\n:\n\n- 0\n\n:\n\n- 0\n\n:\n\n- 0\n\n:\n\n- 0\n\n:\n\n- 0\n\n:\n\n- 0\n\n:\n\n- 0\n\n:\n\n- 0\n\n:\n\n- 0\n\n:\n\n- 0\n\n:\n\n- 0\n\n:\n\n- 0\n\n:\n\n- 0\n\n:\n\n- 0\n\n:\n\n- 0\n\n:\n\n- 0\n\n:\n\n- 0\n\n:\n\n- 0\n\n:\n\n- 0\n\n:\n\n- 0\n\n:\n\n- 0\n\n:\n\n- 0\n\n:\n\n- 0\n\n:\n\n- 0\n\n:\n\n- 0\n\n:\n\n- 0\n\n:\n\n- 0\n\n:\n\n- 0\n\n:\n\n- 0\n\n:\n\n- 0\n\n:\n\n- 0\n\n:\n\n- 0\n\n:\n\n- 0\n\n:\n\n- 0\n\n:\n\n- 0\n\n:\n\n- 0\n\n:\n\n- 0\n\n:\n\n- 0\n\n:\n\n- 0\n\n:\n\n- 0\n\n:\n\n- 0\n\n:\n\n- 0\n\n:\n\n- 0\n\n:\n\n- 0\n\n:\n\n- 0\n\n:\n\n- 0\n\n:\n\n- 0\n\n:\n\n- 0\n\n:\n\n- 0\n\n:\n\n- 0\n\n:\n\n- 0\n\n:\n\n- 0\n\n:\n\n- 0\n\n:\n\n- 0\n\n:\n\n- 0\n\n:\n\n- 0\n\n:\n\n- 0\n\n:\n\n- 0\n\n:\n\n- 0\n\n:\n\n- 0\n\n:\n\n- 0\n\n:\n\n- 0\n\n:\n\n- 0\n\n:\n\n- 0\n\n:\n\n- 0\n\n:\n\n- 0\n\n:\n\n- 0\n\n:\n\n- 0\n\n:\n\n- 0\n\n:\n\n- 0\n\n:\n\n- 0\n\n:\n\n- 0\n\n:\n\n- 0\n\n:\n\n- 0\n\n:\n\n- 0\n\n:\n\n- 0\n\n:\n\n- 0\n\n:\n\n- 0\n\n:\n\n- 0\n\n:\n\n- 0\n\n:\n\n- 0\n\n:\n\n- 0\n\n:\n\n- 0\n\n:\n\n- 0\n\n:\n\n- 0\n\n:\n\n- 0\n\n:\n\n- 0\n\n:\n\n- 0\n\n:\n\n- 0\n\n:\n\n- 0\n\n:\n\n- 0\n\n:\n\n- 0\n\n:\n\n- 0\n\n:\n\n- 0\n\n:\n\n- "
    },
    "10": {
      "summary": "2 Select an app and customize the function of the Down button. After you have finished customizing the function, return to the home screen and press the Down button to open the current app.\n\n# Charging\n\n## Charging\n\n1. Connect the charging cradle to a power adapter and then connect the power adapter to a power supply.\n2. Rest your watch on top of the charging cradle and align the metal contacts on your watch to those of the charging cradle until a charging icon appears on the watch screen.\n\n3. Remove the watch and disconnect the power adapter after the watch is fully charged and the charging icon displays 100%.\n\n- You are advised to use a Huawei charger or a non-Huawei charger that complies with corresponding regional or national laws and regulations as well as regional and international safety standards to charge your watch. Other chargers and power banks that do not meet corresponding safety standards may cause issues such as slow charging and overheating. Exercise caution when using them. It is recommended that you purchase a Huawei power adapter from an official Huawei sales outlet.\n- Keep the charging port dry and clean to prevent short circuits or other risks.\n- The charging cradle tends to attract metal objects due to it being magnetic. Therefore, it is necessary to check and clean the charging cradle before use. Do not expose the charging cradle to high temperatures for a long time, as this may cause the charging cradle to demagnetize or cause other exceptions.\n\n## Checking the battery level\n\nMethod 1: Swipe down from the top of the home screen to check the battery level.\nMethod 2: Connect your watch to a power supply and check the battery level on the charging screen.\nMethod 3: View the battery level on a watch face that displays the battery level.\nMethod 4: Connect your watch to the Health app, open the Health app, touch Devices then your device name, and check the battery level on the device details screen."
    },
    "11": {
      "summary": "0.5cm, 0.5cm * 0.5cm, 0.5cm * 0.5cm, 0.5cm * 0.5cm, 0.5cm * 0.5cm, 0.5cm * 0.5cm, 0.5cm * 0.5cm, 0.5cm * 0.5cm, 0.5cm * 0.5cm, 0.5cm * 0.5cm, 0.5cm * 0.5cm, 0.5cm * 0.5cm, 0.5cm * 0.5cm, 0.5cm * 0.5cm, 0.5cm * 0.5cm, 0.5cm * 0.5cm, 0.5cm * 0.5cm, 0.5cm * 0.5cm, 0.5cm * 0.5cm, 0.5cm * 0.5cm, 0.5cm * 0.5cm, 0.5cm * 0.5cm, 0.5cm * 0.5cm, 0.5cm * 0.5cm, 0.5cm * 0.5cm, 0.5cm * 0.5cm, 0.5cm * 0.5cm, 0.5cm * 0.5cm, 0.5cm * 0.5cm, 0.5cm * 0.5cm, 0.5cm * 0.5cm, 0.5cm * 0.5cm, 0.5cm * 0.5cm, 0.5cm * 0.5cm, 0.5cm * 0.5cm, 0.5cm * 0.5cm, 0.5cm * 0.5cm, 0.5cm * 0.5cm, 0.5cm * 0.5cm, 0.5cm * 0.5cm, 0.5cm * 0.5cm, 0.5cm * 0.5cm, 0.5cm * 0.5cm, 0.5cm * 0.5cm, 0.5cm * 0.5cm, 0.5cm * 0.5cm, 0.5cm * 0.5cm, 0.5cm * 0.5cm, 0.5cm * 0.5cm, 0.5cm * 0.5cm, 0.5cm * 0.5cm, 0.5cm * 0.5cm, 0.5cm * 0.5cm, 0.5cm * 0.5cm, 0.5cm * 0.5cm, 0.5cm * 0.5cm, 0.5cm * 0.5cm, 0.5cm * 0.5cm, 0.5cm * 0.5cm, 0.5cm * 0.5cm, 0.5cm * 0.5cm, 0.5cm * 0.5cm, 0.5cm * 0.5cm, 0.5cm * 0.5cm, 0.5cm * 0.5cm, 0.5cm * 0.5cm, 0.5cm * 0.5cm, 0.5cm * 0.5cm, 0.5cm * 0.5cm, 0.5cm * 0.5cm, 0.5cm * 0.5cm, 0.5cm * 0.5cm, 0.5cm * 0.5cm, 0.5cm * 0.5cm, 0.5cm * 0.5cm, 0.5cm * 0.5cm, 0.5cm * 0.5cm, 0.5cm * 0.5cm, 0.5cm * 0.5cm, 0.5cm * 0.5cm, 0.5cm * 0.5cm, 0.5cm * 0.5cm, 0.5cm * 0.5cm, 0.5cm * 0.5cm, 0.5cm * 0.5cm, 0.5cm * 0.5cm, 0.5cm * 0.5cm, 0.5cm * 0.5cm, 0.5cm * 0.5cm, 0.5cm * 0.5cm, 0.5cm * 0.5cm, 0.5cm * 0.5cm, 0.5cm * 0.5cm, 0.5cm * 0.5cm, 0.5cm * 0.5cm, 0.5cm * 0.5cm, 0.5cm * 0.5cm, 0.5cm * 0.5cm, 0.5cm * 0.5cm, 0.5cm * 0.5cm, 0.5cm * 0.5cm, 0.5cm * 0.5cm, 0.5cm * 0.5cm, 0.5cm * 0.5cm, 0.5cm * 0.5cm, 0.5cm * 0.5cm, 0.5cm * 0.5cm, 0.5cm * 0.5cm, 0.5cm * 0.5cm, 0.5cm * 0.5cm, 0.5cm * 0.5cm, 0.5cm * 0.5cm, 0.5cm * 0.5cm, 0.5cm * 0.5cm, 0.5cm * 0.5cm, 0.5cm * 0.5cm, 0.5cm * 0.5cm, 0.5cm * 0.5cm, 0.5cm * 0.5cm, 0.5cm * 0.5cm, 0.5cm * 0.5cm, 0.5cm * 0.5cm, 0.5cm * 0.5cm, 0.5cm * 0.5cm, 0.5cm * 0.5cm, 0.5cm * 0.5cm, 0.5cm * 0.5cm, 0.5cm * 0.5cm, 0.5cm * 0.5cm, 0.5cm * 0.5cm, 0.5cm * 0.5cm, 0.5cm * 0.5cm, 0.5cm * 0.5cm, 0.5cm * 0.5cm"
    },
    "12": {
      "summary": "0\n\n: 0\n\n: 0\n\n: 0\n\n: 0\n\n: 0\n\n: 0\n\n: 0\n\n: 0\n\n: 0\n\n: 0\n\n: 0\n\n: 0\n\n: 0\n\n: 0\n\n: 0\n\n: 0\n\n: 0\n\n: 0\n\n: 0\n\n: 0\n\n: 0\n\n: 0\n\n: 0\n\n: 0\n\n: 0\n\n: 0\n\n: 0\n\n: 0\n\n: 0\n\n: 0\n\n: 0\n\n: 0\n\n: 0\n\n: 0\n\n: 0\n\n: 0\n\n: 0\n\n: 0\n\n: 0\n\n: 0\n\n: 0\n\n: 0\n\n: 0\n\n: 0\n\n: 0\n\n: 0\n\n: 0\n\n: 0\n\n: 0\n\n: 0\n\n: 0\n\n: 0\n\n: 0\n\n: 0\n\n: 0\n\n: 0\n\n: 0\n\n: 0\n\n: 0\n\n: 0\n\n: 0\n\n: 0\n\n: 0\n\n: 0\n\n: 0\n\n: 0\n\n: 0\n\n: 0\n\n: 0\n\n: 0\n\n: 0\n\n: 0\n\n: 0\n\n: 0\n\n: 0\n\n: 0\n\n: 0\n\n: 0\n\n: 0\n\n: 0\n\n: 0\n\n: 0\n\n: 0\n\n: 0\n\n: 0\n\n: 0\n\n: 0\n\n: 0\n\n: 0\n\n: 0\n\n: 0\n\n: 0\n\n: 0\n\n: 0\n\n: 0\n\n: 0\n\n: 0\n\n: 0\n\n: 0\n\n: 0\n\n: 0\n\n: 0\n\n: 0\n\n: 0\n\n: 0\n\n: 0\n\n: 0\n\n: 0\n\n: 0\n\n: 0\n\n: 0\n\n: 0\n\n: 0\n\n: 0\n\n: 0\n\n: 0\n\n: 0\n\n: 0\n\n: 0\n\n: 0\n\n: 0\n\n: 0\n\n: 0\n\n: 0\n\n: 0\n\n: 0\n\n: 0\n\n: 0\n\n: 0\n\n: 0\n\n: 0\n\n: 0\n\n: 0\n\n: 0\n\n: 0\n\n: 0\n\n: 0\n\n: 0\n\n: 0\n\n: 0\n\n: 0\n\n: 0\n\n: 0\n\n: 0\n\n: 0\n\n: 0\n\n: 0\n\n: 0\n\n: 0\n\n: 0\n\n: 0\n\n: 0\n\n: 0\n\n: 0\n\n: 0\n\n: 0\n\n: 0\n\n: 0\n\n: 0\n\n: 0\n\n: 0\n\n: 0\n\n: 0\n\n: 0\n\n: 0\n\n: 0\n\n: 0\n\n: 0\n\n: 0\n\n: 0\n\n: 0\n\n: 0\n\n: 0\n\n: 0\n\n: 0\n\n: 0\n\n: 0\n\n: 0\n\n: 0\n\n: 0\n\n: 0\n\n: 0\n\n: 0\n\n: 0\n\n: 0\n\n: 0\n\n: 0\n\n: 0\n\n: 0\n\n: 0\n\n: 0\n\n: 0\n\n: 0\n\n: 0\n\n: 0\n\n: 0\n\n: 0\n\n: 0\n\n: 0\n\n: 0\n\n: 0\n\n: 0\n\n: 0\n\n: 0\n\n: 0\n\n: 0\n\n: 0\n\n: 0\n\n: 0\n\n: 0\n\n: 0\n\n: 0\n\n: 0\n\n: 0\n\n: 0\n\n: 0\n\n: 0\n\n: 0\n\n: 0\n\n: 0\n\n: 0\n\n: 0\n\n: 0\n\n: 0\n\n: 0\n\n: 0\n\n: 0\n\n: 0\n\n: 0\n\n: 0\n\n: 0\n\n: 0\n\n: 0\n\n: 0\n\n: 0\n\n: 0\n\n: 0\n\n: 0\n\n: 0\n\n: 0\n\n: 0\n\n: 0\n\n: 0\n\n: 0\n\n: 0\n\n: 0\n\n: 0\n\n: 0\n\n: 0\n\n: 0\n\n: 0\n\n: 0\n\n: 0\n\n: 0\n\n: 0\n\n: 0\n\n: 0\n\n: 0\n\n: 0\n\n: 0\n\n: 0\n\n: 0\n\n: 0\n\n: 0\n\n: 0\n\n: 0\n\n: 0\n\n: 0\n\n: 0\n\n: 0\n\n: 0\n\n: 0\n\n: 0\n\n: 0\n\n: 0\n\n: 0\n\n: 0\n\n: 0\n\n: 0\n\n: 0\n\n: 0\n\n: 0\n\n: 0\n\n: 0\n\n: 0\n\n: 0\n\n: 0\n\n: 0\n\n: 0\n\n: 0\n\n: 0\n\n: 0\n\n: 0\n\n: 0\n\n: 0\n\n: 0\n\n: 0\n\n: 0\n\n: 0\n\n: 0\n\n: 0\n\n: 0\n\n: 0\n\n: 0\n\n: 0\n\n: 0\n\n: 0\n\n: 0\n\n: 0\n\n: 0\n\n: 0\n\n: 0\n\n: 0\n\n: 0\n\n: 0\n\n: 0\n\n: 0\n\n: 0\n\n: 0\n\n: 0\n\n: 0\n\n: 0\n\n: 0\n\n: 0\n\n: 0\n\n: 0\n\n: 0\n\n: 0\n\n: 0\n\n: 0\n\n: 0\n\n: 0\n\n: 0\n\n: 0\n\n: 0\n\n: 0\n\n: 0\n\n: 0\n\n: 0\n\n: 0\n\n: 0\n\n: 0\n\n: 0\n\n: 0\n\n: 0\n\n: 0\n\n: 0\n\n: 0\n\n: 0\n\n: 0\n\n: 0\n\n: 0\n\n: 0\n\n: 0\n\n: 0\n\n: 0\n\n: 0\n\n: 0\n\n: 0\n\n: 0\n\n: 0\n\n: 0\n\n: 0\n\n: 0\n\n: 0\n\n: 0\n\n: 0\n\n: 0\n\n: 0\n\n: 0\n\n: 0\n\n: 0\n\n: 0\n\n: 0\n\n: 0\n\n: 0\n\n: 0\n\n: 0\n\n: 0\n\n: 0\n\n: 0\n\n: 0\n\n: 0\n\n: 0\n\n: 0\n\n: 0\n\n: 0\n\n: 0\n\n: 0\n\n: 0\n\n: 0\n\n: 0\n\n: 0\n\n: 0\n\n: 0\n\n: 0\n\n: 0\n\n: 0\n\n: 0\n\n: "
    },
    "13": {
      "summary": " If you are taking antihypertensive drugs, your blood pressure will rise after the drug effects wear off.\n\nThe effects of the antihypertensive drugs will wear off after you take the drugs for a few hours. Then, your blood pressure will rise. Consult a doctor for details.\n\n:  The measured values may also be higher when the watch isn't worn tight.\n\nIf the watch is too loose on your wrist, the pressure cannot reach the blood vessels, resulting in the measurement results being higher than expected.\n\n:  An incorrect measurement posture may also result in higher measurement results.\n\nHigher measurement results may also result from sitting cross-legged, on a low sofa or in front of a low table, or other postures exerting pressure on your abdomen, or placing the watch below the heart.\n\n# Measuring blood pressure\n\nThe blood pressure measurement feature helps you better manage your health.\n\n:  This product can be used as a reference in clinical practice, but the measurement results cannot serve as the basis for diagnosis.\n\n:  If you feel uncomfortable during a measurement due to the airbag inflating excessively or other reasons, stop the measurement immediately to deflate the airbag or unfasten the strap.\n\n:  To prevent injuring your arm, do not keep your arm in the device for a long time when it is inflated.\n\n## Precautions\n\n:  If you feel uncomfortable during a measurement due to the airbag inflating excessively or other reasons, stop the measurement immediately to deflate the airbag or unfasten the strap.\n\n:  Unfasten your strap if the inflation pressure increases to more than 300 mmHg (40 kPa) but does not deflate automatically.\n\n:  To ensure the accuracy of measurement results, comply with the following requirements:\n\n:  The airbag and strap sizes are suitable, you are wearing the device correctly, and your posture during the measurement is correct. For details, see the *Wearing Guide*.\n\n:  Measure your blood pressure during the same time period each day. Measurement res"
    },
    "14": {
      "summary": " Do not measure when you are standing or lying down.\n\n:  Do not measure when your body is under pressure.\n\n:  Do not measure in a moving vehicle.\n\n:  Do not stretch or bend the strap and airbag with force.\n\n:  Rest for 5 minutes before a measurement and keep your body naturally relaxed until the measurement is complete. Do not perform the measurement when you feel emotional or stressed.\n\n:  Perform a measurement in a quiet environment. Do not speak, bend your fingers, or move your body or arms during the measurement.\n\n:  Rest your wrist for 1 to 2 minutes or longer before you perform the next measurement. During this period of time your arteries will return to how they were before the blood pressure was measured.\n\n**Measuring blood pressure**\n\n1. Ensure that you are wearing your device correctly. (Before the first measurement, you can scan the QR code on the device to view the guide.)\n\n2. Press the Up button and select **Blood pressure** from the app list. If you are measuring for the first time, touch **Next**.\n\nYou can set to press the Down button to enter the blood pressure measurement screen by default.\n\n3. On the wrist circumference settings screen, select a range, and touch **Next > Next**.\n\n4. Ensure that your arm being measured is steady (with your arm bent and your palm facing your chest). Your palm should be naturally relaxed and not clenched. Hold the elbow of the arm with your other hand and keep the device at the same height as your heart.\n\n**Measuring posture**"
    },
    "15": {
      "summary": "5 Tap Measure on the measurement screen to start a measurement. After the measurement is complete, the measurement result will be displayed.\n\nYou can also press the Down button twice to start a measurement.\n\n- An error occurred while measuring.\n\nTable 2-1 Inaccurate measurement results\n\n| Error Scenarios | Icon | Possible Causes | Solution |\n|----------------|------|----------------|----------|\n| Not using the standard measuring posture | ![icon] | Your posture was not the standard measuring posture, and your watch was not at the same height as your heart. | Perform the measurement based on the standard measuring posture as shown in the figures. |\n| The measurement was done while you were moving. | ![icon] | The measurement was performed in an environment where you were moving, such as in a vehicle or an elevator. | Do not use this product to measure blood pressure in an environment where you are moving. |"
    },
    "16": {
      "summary": "2-2 Error notifications during a measurement\n\n| Error Scenarios | Possible Causes | Solution |\n|----------------|----------------|----------|\n| Poor signals    | During the measurement, the watch pressed your chest, your body moved, or you breathed deeply. | During the measurement, avoid pressing your chest with the watch, keep your body stable, and breathe evenly. |\n| Not being still | You moved your arms or fingers, or spoke during the measurement. | Keep still. Do not speak or move your arms or fingers. |\n| Irregular heartbeat | Irregular heartbeats were detected during the measurement. | Take a break of one to two minutes and perform the measurement again. If the issue persists multiple times, contact a doctor. |\n| Airbag inflation error | The airbag was installed incorrectly or damaged. | Check the airbag and ensure that it is installed correctly. Check whether the airbag is damaged. If so, replace the airbag in a timely manner. |\n| Worn incorrectly | You did not wear your watch correctly during the measurement. | Wear your watch correctly based on the instructions. |\n| Low battery | Your watch's battery is too low. | Charge your watch to ensure that the battery level is sufficient. |\n| No airbag | There is not an airbag in the watch. | Install a suitable airbag and strap based on your wrist circumstance. |\n\n\n\n\nBlood Pressure Management"
    },
    "17": {
      "summary": "0\n\n:\n\n:\n\n:\n\n:\n\n:\n\n:\n\n:\n\n:\n\n:\n\n:\n\n:\n\n:\n\n:\n\n:\n\n:\n\n:\n\n:\n\n:\n\n:\n\n:\n\n:\n\n:\n\n:\n\n:\n\n:\n\n:\n\n:\n\n:\n\n:\n\n:\n\n:\n\n:\n\n:\n\n:\n\n:\n\n:\n\n:\n\n:\n\n:\n\n:\n\n:\n\n:\n\n:\n\n:\n\n:\n\n:\n\n:\n\n:\n\n:\n\n:\n\n:\n\n:\n\n:\n\n:\n\n:\n\n:\n\n:\n\n:\n\n:\n\n:\n\n:\n\n:\n\n:\n\n:\n\n:\n\n:\n\n:\n\n:\n\n:\n\n:\n\n:\n\n:\n\n:\n\n:\n\n:\n\n:\n\n:\n\n:\n\n:\n\n:\n\n:\n\n:\n\n:\n\n:\n\n:\n\n:\n\n:\n\n:\n\n:\n\n:\n\n:\n\n:\n\n:\n\n:\n\n:\n\n:\n\n:\n\n:\n\n:\n\n:\n\n:\n\n:\n\n:\n\n:\n\n:\n\n:\n\n:\n\n:\n\n:\n\n:\n\n:\n\n:\n\n:\n\n:\n\n:\n\n:\n\n:\n\n:\n\n:\n\n:\n\n:\n\n:\n\n:\n\n:\n\n:\n\n:\n\n:\n\n:\n\n:\n\n:\n\n:\n\n:\n\n:\n\n:\n\n:\n\n:\n\n:\n\n:\n\n:\n\n:\n\n:\n\n:\n\n:\n\n:\n\n:\n\n:\n\n:\n\n:\n\n:\n\n:\n\n:\n\n:\n\n:\n\n:\n\n:\n\n:\n\n:\n\n:\n\n:\n\n:\n\n:\n\n:\n\n:\n\n:\n\n:\n\n:\n\n:\n\n:\n\n:\n\n:\n\n:\n\n:\n\n:\n\n:\n\n:\n\n:\n\n:\n\n:\n\n:\n\n:\n\n:\n\n:\n\n:\n\n:\n\n:\n\n:\n\n:\n\n:\n\n:\n\n:\n\n:\n\n:\n\n:\n\n:\n\n:\n\n:\n\n:\n\n:\n\n:\n\n:\n\n:\n\n:\n\n:\n\n:\n\n:\n\n:\n\n:\n\n:\n\n:\n\n:\n\n:\n\n:\n\n:\n\n:\n\n:\n\n:\n\n:\n\n:\n\n:\n\n:\n\n:\n\n:\n\n:\n\n:\n\n:\n\n:\n\n:\n\n:\n\n:\n\n:\n\n:\n\n:\n\n:\n\n:\n\n:\n\n:\n\n:\n\n:\n\n:\n\n:\n\n:\n\n:\n\n:\n\n:\n\n:\n\n:\n\n:\n\n:\n\n:\n\n:\n\n:\n\n:\n\n:\n\n:\n\n:\n\n:\n\n:\n\n:\n\n:\n\n:\n\n:\n\n:\n\n:\n\n:\n\n:\n\n:\n\n:\n\n:\n\n:\n\n:\n\n:\n\n:\n\n:\n\n:\n\n:\n\n:\n\n:\n\n:\n\n:\n\n:\n\n:\n\n:\n\n:\n\n:\n\n:\n\n:\n\n:\n\n:\n\n:\n\n:\n\n:\n\n:\n\n:\n\n:\n\n:\n\n:\n\n:\n\n:\n\n:\n\n:\n\n:\n\n:\n\n:\n\n:\n\n:\n\n:\n\n:\n\n:\n\n:\n\n:\n\n:\n\n:\n\n:\n\n:\n\n:\n\n:\n\n:\n\n:\n\n:\n\n:\n\n:\n\n:\n\n:\n\n:\n\n:\n\n:\n\n:\n\n:\n\n:\n\n:\n\n:\n\n:\n\n:\n\n:\n\n:\n\n:\n\n:\n\n:\n\n:\n\n:\n\n:\n\n:\n\n:\n\n:\n\n:\n\n:\n\n:\n\n:\n\n:\n\n:\n\n:\n\n:\n\n:\n\n:\n\n:\n\n:\n\n:\n\n:\n\n:\n\n:\n\n:\n\n:\n\n:\n\n:\n\n:\n\n:\n\n:\n\n:\n\n:\n\n:\n\n:\n\n:\n\n:\n\n:\n\n:\n\n:\n\n:\n\n:\n\n:\n\n:\n\n:\n\n:\n\n:\n\n:\n\n:\n\n:\n\n:\n\n:\n\n:\n\n:\n\n:\n\n:\n\n:\n\n:\n\n:\n\n:\n\n:\n\n:\n\n:\n\n:\n\n:\n\n:\n\n:\n\n:\n\n:\n\n:\n\n:\n\n:\n\n:\n\n:\n\n:\n\n:\n\n:\n\n:\n\n:\n\n:\n\n:\n\n:\n\n:\n\n:\n\n:\n\n:\n\n:\n\n:\n\n:\n\n:\n\n:\n\n:\n\n:\n\n:\n\n:\n\n:\n\n:\n\n:\n\n:\n\n:\n\n:\n\n:\n\n:\n\n:\n\n:\n\n:\n\n:\n\n:\n\n:\n\n:\n\n:\n\n:\n\n:\n\n:\n\n:\n\n:\n\n:\n\n:\n\n:\n\n:\n\n:\n\n:\n\n:\n\n:\n\n:\n\n:\n\n:\n\n:\n\n:\n\n:\n\n:\n\n:\n\n:\n\n:\n\n:\n\n:\n\n:\n\n:\n\n:\n\n:\n\n:\n\n:\n\n:\n\n:\n\n:\n\n:\n\n:\n\n:\n\n:\n\n:\n\n:\n\n:\n\n:\n\n:\n\n:\n\n:\n\n:\n\n:\n\n:\n\n:\n\n:\n\n:\n\n:\n\n:\n\n:\n\n:\n\n:\n\n:\n\n:\n\n:\n\n:\n\n:\n\n:\n\n:\n\n:\n\n:\n\n:\n\n:\n\n:\n\n:\n\n:\n\n:\n\n:\n\n:\n\n:\n\n:\n\n:\n\n:\n\n:\n\n:\n\n:\n\n:\n\n:\n\n:\n\n:\n\n:\n\n:\n\n:\n\n:\n\n:\n\n:\n\n:\n\n:\n\n:\n\n:\n\n:\n\n:\n\n:\n\n:\n\n:\n\n:\n\n:\n\n:\n\n:\n\n:\n\n:\n\n:\n\n:\n\n:\n\n:\n\n:\n\n:\n\n:\n\n:\n\n:\n\n:\n\n:\n\n:\n\n:\n\n:\n\n:\n\n:\n\n:\n\n:\n\n:\n\n:\n\n:\n\n:\n\n:\n\n:\n\n:\n\n:\n\n:\n\n:\n\n:\n\n:\n\n:\n\n:\n\n:\n\n:\n\n:\n\n:\n\n:\n\n:\n\n:\n\n:\n\n:\n\n:\n\n:\n\n:\n\n:\n\n:\n\n:\n\n:\n\n:\n\n:\n\n:\n\n:\n\n:\n\n:\n\n:\n\n:\n\n:\n\n:\n\n:\n\n:\n\n:\n\n:\n\n:\n\n:\n\n:\n\n:\n\n:\n\n:\n\n:\n\n:\n\n:\n\n:\n\n:\n\n:\n\n:\n\n:\n\n:\n\n:\n\n:\n\n:\n\n:\n\n:\n\n:\n\n:\n\n:\n\n:\n\n:\n\n:\n\n:\n\n:\n\n:\n\n:\n\n:\n\n:\n\n:\n\n:\n\n:\n\n:\n\n:\n\n:\n\n:\n\n:\n\n:\n\n:\n\n:\n\n:\n\n:\n\n:\n\n:\n\n:\n\n:\n\n:\n\n:\n\n:\n"
    },
    "18": {
      "summary": " Touch Settings to set your wrist circumstance, unit, and other information.\n\n:  Touch Guest measurement to enter the guest measurement mode."
    },
    "19": {
      "summary": " To ensure the accuracy of the SpO2 measurement, wear the watch properly and ensure the strap is fastened. Ensure that the monitoring module is in direct contact with your skin without any obstructions.\n\nSingle SpO2 measurement\n\n1 Wear your watch correctly and keep your arm still.\n\n2 From the home screen, press the Up button, swipe on the screen, and touch SpO2.\n\n3 For some products, touch Measure. The actual product prevails.\n\n4 Keep your body still during the SpO2 measurement.\n\n: The measurement will be interrupted if you swipe right on the watch screen, start a workout with the Health app, or receive a notification for an incoming call or alarm.\n\n- Data provided is for reference only and not for medical use. Consult a doctor as soon as possible if you feel uncomfortable.\n- During the SpO2 measurement, the watch will also measure your heart rate.\n- This measurement may also be affected by some external factors such as low blood perfusion, tattoos, a lot of hair on your arm, a dark complexion, lowering or moving your arm, or low ambient temperatures.\n\nAutomatic SpO2 measurements\n\n1 Open the Huawei Health app, touch Devices and then your device name, touch Health monitoring, and enable Automatic SpO2 measurement. The device will then automatically measure and record your SpO2 when it detects that you are still.\n\n2 Touch Low SpO2 alert to set the lower limit of your SpO2 for you to receive an alert when you are not asleep.\n\nSleep monitoring\n\nRecording sleep data on your wearable device\n\nEnsure that you are wearing your device correctly. The device will automatically record the duration of your sleep, and identify whether you are in a deep sleep, a light sleep, or awake.\n\n- Open the Huawei Health app, touch Devices, then your device name, go to Health monitoring > HUAWEI TruSleep™, and enable HUAWEI TruSleep™. When enabled, the device can accurately recognize when you fall asleep, when you wake up, and whether you"
    },
    "20": {
      "summary": "在 a deep sleep, a light sleep, or REM sleep. The app can then provide you with sleep quality analysis, to help you understand your sleep patterns, and suggestions to help you improve the quality of your sleep.\n\n- If **HUAWEI TruSleep™** has not been enabled, your device will track your sleep in the regular way. When you wear your device while sleeping, it will identify your sleep stages, and record the time that you fall asleep, wake up, and enter or exit each sleep stage, and it will then sync the data to the Huawei Health app.\n\n**Recording sleep data on your phone**\n\n- In the Huawei Health app, touch **Sleep monitoring** on the **Health** screen to enter the sleep monitoring screen. Alternatively, touch the **Sleep** card on the **Health** screen, and swipe to find and touch **Record your sleep**.\n\n- Touch the settings icon in the upper right corner to edit your schedule and enable or disable general sleep settings, such as **Sleep sounds**.\n\n- Touch **Go to sleep** and place your phone within 50 cm of your pillow. Your phone will then monitor and record your sleep data. Press and hold **Hold to end** for 3 seconds to exit sleep recording.\n\n- Touch the icons at the bottom of the screen to select, play, turn off, and set a time for sleep music.\n\n**Productive nap**\n\n- Touch the **Sleep** card on the **Health** screen of the Huawei Health app, swipe to find and touch **Productive nap**. Touch the settings icon in the upper right corner to set an alarm or nap reminder.\n\n- Swipe to select a break time and touch **START** to enable the alarm. Touch the icons at the bottom of the screen to select, play, turn off, and set a time for sleep music.\n\n**Viewing your sleep data**\n\nTouch the **Sleep** card on the **Health** screen of the Huawei Health app to view your daily, weekly, monthly, and yearly sleep data.\n\n# Measuring your skin temperature\n\nSkin temperature measurements are mainly used to monitor the changes in the wrist skin temperature after exercise. After you enable"
    },
    "21": {
      "summary": " The product is not a medical device. Temperature measurements are mainly used to monitor the changes in the wrist skin temperature of healthy people over the age of 18 during and after exercise. Results are for reference only and should not be used as a basis for medical diagnosis or treatment.\n\n- During the measurement, wear the device relatively tightly for more than 10 minutes and stay in a relaxed environment at room temperature (about 25°C). Ensure that there are no water stains or alcohol on your wrist. Do not start a measurement in an environment with direct sunlight, wind, or cold/heat sources.\n\n- After you exercise, shower, or switch between outdoor and indoor environments, wait 30 minutes before you start a measurement.\n\nSingle measurement\n\nIn the watch's app list, go to Skin temperature > Measure to start measuring your temperature.\n\nContinuous measurement\n\n1 Open the Health app, touch Devices and then the device name, go to Health monitoring, and enable Continuous skin temperature measurement.\n\n2 In the watch's app list, touch Skin temperature to view the measurement curve.\n\nHealthy Living\n\nThe Huawei Health app offers Healthy Living to help you develop healthy lifestyle habits and enjoy a healthy new life.\n\n- Due to the different physical conditions of each individual, the health suggestions provided in Healthy Living, especially those related to physical activity, may not be applicable to all users, and may not be able to achieve the desired effect. If you feel uncomfortable during activities or workouts, please stop and take a rest or consult a doctor in a timely manner.\n\n- The health suggestions provided in Healthy Living are for reference only. You shall bear all risks, damages, and liabilities arising from participating in any activities or workouts.\n\nEnabling Healthy Living\n\n1 Open the Huawei Health app, go to Health > EDIT, and add the Healthy Living card.\n\n2 Touch the Healthy Living card, and follow the onscreen instructions to agree to the Use"
    },
    "22": {
      "summary": "在 the Healthy Living screen, touch in the upper right corner, select Health plan, select a check-in task, and touch Goal settings on the task card to set your daily goal.\n\nViewing the task completion status\n\n- Enter the app list, and select Healthy Living to view the completion status of a specific task.\n- Open the Huawei Health app and touch the Healthy Living card on the Health screen to view the task completion status.\n\nReminders\n\n1. On the Healthy Living screen, touch in the upper right corner, and select Health plan.\n2. On the health plan screen, you can set general reminders or reminders for check-in tasks. That is, you can turn on the Weekly report reminders on watch switch or the Reminders switch for a specific task, for example, enabling Reminders for Breath.\n\nWeekly report and sharing\n\nViewing a weekly report: On the Healthy Living screen, touch in the upper right corner, and select Weekly report to view the report details.\n\nSharing: On the Healthy Living screen, touch the share icon in the upper right corner to share it to your WeChat friends, WeChat Moments, or Weibo, or save it to your device.\n\nDisabling Healthy Living\n\nOn the Healthy Living screen, touch in the upper right corner, and go to About > Disable. Once Healthy Living is disabled, all data of goals will be cleared.\n\nStarting a workout\n\nStarting a workout on your watch\n\n1. Enter the app list of your watch and touch Workout.\n2. Select the workout you want to do or your preferred course. Alternatively, swipe up on the screen and touch Custom to add other workout modes.\n3. Touch the Start icon to start a workout session. (Ensure that GPS positioning is working before you start an outdoor workout.)\n4. To end a workout session, press the Up button and touch the Stop icon, or press and hold the Up button.\n5. For devices that support voice broadcasts, press the Up button to pause the workout and then adjust the volume during a workout.\n   - Swipe left or right on the screen to switch between the music"
    },
    "23": {
      "summary": " This feature is not available in the Health app on tablets.\n\nTo start a workout using the Huawei Health app, put your phone and watch close to each other to ensure that they are connected.\n\n1. Open the Huawei Health app, touch **Exercise**, choose a workout mode, and touch the Start icon to start a workout.\n2. Once you have started a workout, your watch will sync and display your workout heart rate, speed, and time. Your workout data, such as the workout time, will be displayed in the Huawei Health app.\n\n## Viewing workout records\n\n**Viewing workout records on the device**\n\n1. On the device, enter the app list and touch **Workout records**.\n2. Select a record and view the corresponding details. The device will display different data types for different workouts.\n\n**Viewing workout records in the Huawei Health app**\n\nYou can also view detailed workout data under **Exercise records** on the **Health** screen in the Huawei Health app.\n\n**Deleting a workout record**\n\nTouch and hold a workout record on **Exercise records** in the Huawei Health app and delete it. However, this record will still be available in **Workout records** on the device.\n\n## Workout status\n\nEnter the watch's app list, touch **Workout status**, and swipe up on the screen to view data including your recovery status, training load, and VO2Max.\n\n- Your training load from the last seven days can be viewed to determine your level based on your fitness status. The watch collects your training load from workout modes that track your heart rate.\n- VO2Max data can be obtained from outdoor running workouts.\n\n## Recording daily activities\n\nWear your watch correctly for it to automatically record data relating to calories burned, distance covered, step count, duration of moderate-to-high intensity activities, and other daily activities."
    },
    "24": {
      "summary": "2023-10-24 11:00:00\n\nPress the Up button to access the app list, swipe until you find Activity records, touch it, and then swipe up or down to view data relating to calories, distance, steps, duration of moderate-to-high intensity activities, and other activities.\n\nAutomatic workout detection\n\nGo to Settings > Workout settings and enable Auto-detect workouts. After this feature is enabled, the device will remind you to start a workout when it detects increased activity. You can ignore the notification or choose to start the corresponding workout.\n\n- The supported workout types are subject to the onscreen instructions.\n- The device will automatically identify your workout mode and remind you to start a workout if you meet the requirements based on the workout posture and intensity and stay in this state for a certain period of time.\n- If the actual workout intensity is lower than that required by the workout mode for a certain period of time, the device will display a message indicating that the workout has ended. You can ignore the message or end the workout."
    },
    "25": {
      "summary": "0\n\n# Assistant\n\n## HUAWEI Assistant·TODAY\n\nThe HUAWEI Assistant·TODAY screen makes it easy to view weather forecast, wake up the voice assistant, access apps that have been opened, and view push messages from the calendar and AI Tips.\n\n### Entering/Exiting HUAWEI Assistant·TODAY\n\nSwipe right on the watch home screen to enter HUAWEI Assistant·TODAY. Swipe left on the screen to exit HUAWEI Assistant·TODAY.\n\n---\n\n## Message management\n\nWhen the Huawei Health app is connected to your device, and the message notifications are enabled, messages pushed to the status bar of your phone/tablet can be synced to your device.\n\n### Enabling message notifications\n\n1. Open the Huawei Health app, touch **Devices** and then your device name, touch **Notifications**, and turn on the switch.\n2. Go to the app list and turn on the switches for apps that you want to receive notifications from.\n3. You can go to **Apps** to view the apps that you can receive notifications from.\n\n---\n\n### Viewing unread messages\n\nYour device will vibrate to notify you of new messages pushed from the status bar of your phone/tablet.\n\nUnread messages can be viewed on your device. To view them, swipe up on the home screen to enter the unread message center.\n\n---\n\n### Replying to messages\n\nThis feature is not supported for iOS phones/tablets.\n\nWhen receiving a message on your watch, you can use quick replies or emoticons to reply to it. The supported message types are subject to the actual situation.\n\n---\n\n### Deleting unread messages\n\nTouch **Clear** or at the bottom of the message list to clear all unread messages."
    },
    "26": {
      "summary": "0\n\n**Rejecting incoming calls**\n\nWhen there is an incoming call, your watch will inform you and display the caller's number or name. You can reject the call.\n\n- Press the Up button to stop the watch from vibrating during an incoming call.\n- Touch the End icon on the screen or touch and hold the Up button on your watch to end the call.\n\n---\n\n**Controlling music playback**\n\nYou can use the device to control music playback on third-party music apps, such as NetEase Music.\n\nThis feature is not available when the device is connected to an iOS phone.\n\n---\n\n1. Open the Huawei Health app, touch **Devices** then your device name, and touch **Music**.\n\n2. After a song is played on your phone/tablet, touch **Music** in the device's app list to pause or play the song, or switch to the previous or next song.\n\n---\n\n**Flashlight**\n\nOn the device, enter the app list and touch **Flashlight**. The screen will light up. Touch the screen to turn off the flashlight, then touch the screen again to turn it back on. Swipe right on the screen or press the side button to close the Flashlight app.\n\nThe flashlight turns on for 5 minutes by default.\n\n---\n\n**Remote shutter**\n\nAfter the watch is connected to your phone/tablet, touch **Remote shutter** in the app list on your watch to enable the camera on your phone/tablet, and then you can touch on the watch screen to take a photo. Touch or to switch between a 2-second and 5-second timer.\n\n- After your watch is paired with your phone/tablet, if Remote shutter is displayed in the app list on your watch, it indicates that this feature is supported. Otherwise, this feature is not supported.\n- To use this feature, ensure that your watch is connected to your phone/tablet and that the Huawei Health app is running in the background."
    },
    "27": {
      "summary": "1 Go to Settings > Custom cards or Settings > Display > Favorites.\n\n2 Touch , and select the cards to be displayed, such as the Sleep, Stress, and Heart rate cards. The actual display prevails.\n\n3 Touch next to a card that you have added, or touch and hold the card to move it to another position (supported on some device models). Touch to delete the card.\n\n4 After the settings are complete, swipe left or right on the home screen to view the added cards."
    }
  }
}
