{
  "doc_id": "welcome-to-nus.pdf",
  "pages": {
    "1": {
      "summary": "2020/21"
    },
    "2": {
      "summary": "2023-01-01 00:00:00\n\n: 2023-01-01 00:00:00\n\n: 2023-01-01 00:00:00\n\n: 2023-01-01 00:00:00\n\n: 2023-01-01 00:00:00\n\n: 2023-01-01 00:00:00\n\n: 2023-01-01 00:00:00\n\n: 2023-01-01 00:00:00\n\n: 2023-01-01 00:00:00\n\n: 2023-01-01 00:00:00\n\n: 2023-01-01 00:00:00\n\n: 2023-01-01 00:00:00\n\n: 2023-01-01 00:00:00\n\n: 2023-01-01 00:00:00\n\n: 2023-01-01 00:00:00\n\n: 2023-01-01 00:00:00\n\n: 2023-01-01 00:00:00\n\n: 2023-01-01 00:00:00\n\n: 2023-01-01 00:00:00\n\n: 2023-01-01 00:00:00\n\n: 2023-01-01 00:00:00\n\n: 2023-01-01 00:00:00\n\n: 2023-01-01 00:00:00\n\n: 2023-01-01 00:00:00\n\n: 2023-01-01 00:00:00\n\n: 2023-01-01 00:00:00\n\n: 2023-01-01 00:00:00\n\n: 2023-01-01 00:00:00\n\n: 2023-01-01 00:00:00\n\n: 2023-01-01 00:00:00\n\n: 2023-01-01 00:00:00\n\n: 2023-01-01 00:00:00\n\n: 2023-01-01 00:00:00\n\n: 2023-01-01 00:00:00\n\n: 2023-01-01 00:00:00\n\n: 2023-01-01 00:00:00\n\n: 2023-01-01 00:00:00\n\n: 2023-01-01 00:00:00\n\n: 2023-01-01 00:00:00\n\n: 2023-01-01 00:00:00\n\n: 2023-01-01 00:00:00\n\n: 2023-01-01 00:00:00\n\n: 2023-01-01 00:00:00\n\n: 2023-01-01 00:00:00\n\n: 2023-01-01 00:00:00\n\n: 2023-01-01 00:00:00\n\n: 2023-01-01 00:00:00\n\n: 2023-01-01 00:00:00\n\n: 2023-01-01 00:00:00\n\n: 2023-01-01 00:00:00\n\n: 2023-01-01 00:00:00\n\n: 2023-01-01 00:00:00\n\n: 2023-01-01 00:00:00\n\n: 2023-01-01 00:00:00\n\n: 2023-01-01 00:00:00\n\n: 2023-01-01 00:00:00\n\n: 2023-01-01 00:00:00\n\n: 2023-01-01 00:00:00\n\n: 2023-01-01 00:00:00\n\n: 2023-01-01 00:00:00\n\n: 2023-01-01 00:00:00\n\n: 2023-01-01 00:00:00\n\n: 2023-01-01 00:00:00\n\n: 2023-01-01 00:00:00\n\n: 2023-01-01 00:00:00\n\n: 2023-01-01 00:00:00\n\n: 2023-01-01 00:00:00\n\n: 2023-01-01 00:00:00\n\n: 2023-01-01 00:00:00\n\n: 2023-01-01 00:00:00\n\n: 2023-01-01 00:00:00\n\n: 2023-01-01 00:00:00\n\n: 2023-01-01 00:00:00\n\n: 2023-01-01 00:00:00\n\n: 2023-01-01 00:00:00\n\n: 2023-01-01 00:00:00\n\n: 2023-01-01 00:00:00\n\n: 2023-01-01 00:00:00\n\n: 2023-01-01 00:00:00\n\n: 2023-01-01 00:00:00\n\n: 2023-01-01 00:00:00\n\n: 2023-01-01 00:00:00\n\n: 2023-01-01 00:00:00\n\n: 2023-01-01 00:00:00\n\n: 2023-01-01 00:00:00\n\n: 2023-01-01 00:00:00\n\n: 2023-01-01 00:00:00\n\n:"
    },
    "3": {
      "summary": "3\n\nCAMPUSES\n\n17\n\nSCHOOLS\n\n11\n\nNUS OVERSEAS\nCOLLEGES\n\n>70\n\nDOUBLE, JOINT AND\nCONCURRENT DEGREE\nPROGRAMMES WITH THE\nWORLD’S TOP UNIVERSITIES\n\n>300\n\nPARTNER UNIVERSITIES\nIN 40+ COUNTRIES FOR\nSTUDENT EXCHANGE\nEXPERIENCES\n\n\nUS commemorates its\n115th year of founding in\n2020. Established in 1905\nas a modest medical school\nwith 23 students, NUS is\ntoday widely known for\nits innovative and rigorous\neducation, research and\nentrepreneurship, which\nhas nurtured generations\nof leaders and luminaries\nacross industries, professions\nand sectors in Singapore and\nbeyond.\n\nWith NUS115, we proudly\ncelebrate the University’s\ntransformative impact over\n115 years and its continual\nefforts at shaping the future\nfor a better world.\n\nFind out more at nus115.sg.\n\n\nStarting\nOUT"
    },
    "4": {
      "summary": "2024\n\n**KENT RIDGE CAMPUS**\nNUS’ main campus since 1980, the sprawling 150-hectare Kent Ridge Campus hosts most of the University’s academic, research and administrative facilities. It is also a bustling hub of student life, with student residences, sports facilities and venues for arts and cultural activities.\n\nUniversity Town (UTown) – an extension of the Kent Ridge Campus – offers a unique residential college experience, as well as a host of educational and recreational spaces for interaction, peer learning and personal development. UTown is also home to Yale-NUS College, Singapore’s first liberal arts college with a full residential programme.\n\n**BUKIT TIMAH CAMPUS**\nThe Bukit Timah Campus houses the Faculty of Law and the Lee Kuan Yew School of Public Policy. The colonial style buildings date back to 1928 when NUS’ predecessor institution, Raffles College, was established.\n\n**OUTRAM CAMPUS**\nLocated among many of the nation’s key medical institutions, the Outram Campus houses the Duke-NUS Medical School (Duke-NUS). Duke-NUS’ innovative medical education programme with a distinctive research focus is designed to develop medical leaders in research, education and patient care."
    },
    "5": {
      "summary": "2023-01-01\n\n**STAYING ON TRACK**\n\nVERY academic year comprises two semesters and a special term. Each semester has 13 weeks of classes and two weeks of examinations.\n\n---\n\n### ORIENTATION WEEK\nThe start of a new academic year. Get a sense of the University and forge new friendships before you get busy with study sessions and project meetings.\n\n---\n\n### RECESS WEEK\nGrab a well-deserved breather from your studies, or catch up on subjects you need more time on.\n\n---\n\n### READING WEEK\nThe last lap before the start of examination season; selected libraries will be open 24 hours.\n\n---\n\n| Semester 1    | Mon 3 Aug 2020 – Sat 5 Dec 2020 | 18 weeks |\n|---|---|---|\n| Orientation Week    | Mon 3 Aug 2020 – Sat 8 Aug 2020    | 1 week   |\n| Instructional Period    | Mon 10 Aug 2020 – Fri 18 Sep 2020    | 6 weeks  |\n| Recess Week    | Sat 19 Sep 2020 – Sun 27 Sep 2020    | 1 week   |\n| Instructional Period    | Mon 28 Sep 2020 – Fri 13 Nov 2020    | 7 weeks  |\n| Reading Week    | Sat 14 Nov 2020 – Fri 20 Nov 2020    | 1 week   |\n| Examination    | Sat 21 Nov 2020 – Sat 5 Dec 2020    | 2 weeks  |\n| Vacation    | Sun 6 Dec 2020 – Sun 10 Jan 2021    | 5 weeks  |\n\n---\n\n### Semester 2\nMon 11 Jan 2021 – Sat 8 May 2021 | 17 weeks |\nInstructional Period    | Mon 11 Jan 2021 – Fri 19 Feb 2021    | 6 weeks  |\nRecess Week    | Sat 20 Feb 2021 – Sun 28 Feb 2021    | 1 week   |\nInstructional Period    | Mon 1 Mar 2021 – Fri 16 Apr 2021    | 7 weeks  |\nReading Week    | Sat 17 Apr 2021 – Fri 23 Apr 2021    | 1 week   |\nExamination    | Sat 24 Apr 2021 – Sat 8 May 2021    | 2 weeks  |\nVacation    | Sun 9 May 2021 – Sun 1 Aug 2021    | 12 weeks|\n\n---\n\n### Special Term\nMon 10 May 2021 – Sat 31 Jul 2021 | 12 weeks |\nMon 10 May 2021 – Sat 19 Jun 2021    | 6 weeks  |\nMon 21 Jun 2021 – Sat 31 Jul 2021    | 6 weeks  |\n\n---\n\n### PUBLIC HOLIDAYS DURING ACADEMIC YEAR 2020/2021\nHari Raya Haji (31 Jul 2020)    Chinese New Year (12 & 13 Feb 2021)    Note: If a public holiday falls on a Sunday, the following"
    },
    "6": {
      "summary": " DISCOVER NUS\n\nSEMESTER ONE\n\nAUGUST\n\nRAG AND FLAG\nSignature event organised by the NUS Students’ Union. Funds are raised in aid of selected beneficiaries on Flag Day and in appreciation of public donation, students display floats and put up colourful performances on Rag Day.\n\nRUNNUS\nAnnual running event organised by NUS Students’ Sports Club. Proceeds from runners’ fees and pledges go toward a selected beneficiary.\n\nKENT RIDGE MINISTERIAL FORUM\nThis event, organised by the NUS Students’ Political Association, offers students a chance to engage with prominent political leaders in Singapore.\n\nHERE! ARTS CARNIVAL\nPresented as a one-night feast for the mind and the body, this curated showcase demonstrates the wealth of creative opportunities that are available at NUS.\n\nOCTOBER/NOVEMBER\n\nSTUDENT LIFE AWARDS\nRecognising performance beyond academics, the Awards acknowledge student contributions in leadership, arts and culture, community service, and campus vibrancy, among others."
    },
    "7": {
      "summary": "2024\n\n**SEMESTER TWO**\n\n**JANUARY**\n\n**GO GLOBAL FAIR**\nLook up the exciting overseas opportunities, including exchange and international summer programmes, that NUS has to offer.\n\n**JANUARY/FEBRUARY**\n\n**CAREER FEST**\nInteract and network with potential employers to get a head start in your career planning.\n\n**MARCH**\n\n**OPEN DAY**\nFind out everything you need to know about learning and living in NUS.\n\n**NUS ARTS FESTIVAL**\nOrganised by NUS Centre For the Arts, this festival brings campus and professional artists together to explore a contemporary theme each year.\n\n**JULY**\n\n**NUS COMMENCEMENT**\nCelebrate with the graduating cohort as they mark the completion of their degrees and the beginning of the next chapter in their lives.\n\n**Look out for these other events which are regularly held throughout the year:**\n\n- **Academic events**\n  like symposiums, talks and forums featuring prominent speakers.\n  \n- **Bazaars, carnivals and fairs**\n  with stalls offering a range of items, from clothing and accessories to food and electronic items.\n  \n- **Arts and music lovers can look forward to a wide range of exhibitions, performances, concerts and recitals organised by NUS Centre For the Arts and NUS Yong Siew Toh Conservatory of Music.**\n\n\n\n\n# DISCOVER NUS\n\n## SEMESTER TWO\n\n### JANUARY\n\n**GO GLOBAL FAIR**\nLook up the exciting overseas opportunities, including exchange and international summer programmes, that NUS has to offer.\n\n### JANUARY/FEBRUARY\n\n**CAREER FEST**\nInteract and network with potential employers to get a head start in your career planning.\n\n---\n\n**GO GLOBAL FAIR**\n\n---\n\n**CAREER FEST**\n\n---\n\n**NUS COMMENCEMENT**\n\n---\n\n**JULY**\n\n**NUS COMMENCEMENT**\n\nCelebrate with the graduating cohort as they mark the completion of their degrees and the beginning of the next chapter in their lives.\n\n---\n\n**Look out for these other events which are regularly held throughout the year:**\n\n- **Academic events**\n  like symposiums, talks and forums featuring prominent speakers.\n  \n"
    },
    "8": {
      "summary": "200\n\nSTUDENT\nORGANISATIONS,\nSOCIETIES AND\nINTEREST GROUPS\n\n>40\nTYPES OF SPORTS\n\n>20\nGROUPS IN MUSIC,\nDANCE, DRAMA AND\nVISUAL ARTS\n\n\nUS provides a holistic\neducation. You can hone\nyour entrepreneurial skills,\nor make an impact in the\ncommunity, while making\nnew friends.\n\nBeyond the\nCLASSROOM"
    },
    "9": {
      "summary": "0\n\n**BLOCK71**\nBLOCK71 is an initiative by NUS Enterprise in collaborative and strategic partnerships with established corporates and government agencies. It forms part of a global network of innovation and entrepreneurial gateways to and from NUS, through providing programmes as a technology ecosystem builder and business connector with an objective to catalyse, aggregate and develop competencies of the start-up community.\n\nBLOCK71 Singapore, located at JTC Launchpad, houses a thriving community of entrepreneurs, investors, developers and mentors, and is home to hundreds of tech-related start-ups, venture capitalists and incubators.\n\nBLOCK71 has expanded beyond Singapore to BLOCK71 San Francisco, BLOCK71 Jakarta, BLOCK71 Suzhou, BLOCK71 Bandung, BLOCK71 Yogyakarta and BLOCK71 Saigon (opening in 2nd quarter 2020). These locations enable a two-way flow of talent, technologies and start-ups between Singapore and other entrepreneurial hubs, while facilitating even greater information exchange, connectivity and access to programmes for start-ups and entrepreneurs.\n\nTo find out more about the NUS entrepreneurial ecosystem, visit enterprise.nus.edu.sg.\n\n**THE HANGAR BY NUS ENTERPRISE**\nThe Hangar by NUS Enterprise is the campus base where like-minded individuals gather to pursue their entrepreneurial curiosity and passion, as well as nurture business ideas and start-ups. Entrepreneurs can enjoy the use of a wide range of workspaces and benefit from other amenities and services like dedicated mentorship, idea validation and test-bedding capabilities while they focus on their entrepreneurial pursuits.\n\n**NUS ENTERPRISE@SINGAPORE SCIENCE PARK**\nStrategically located next to the University, NUS Enterprise@Singapore Science Park leverages a ready pool of students, academics and researchers to create a deep technology community. It focuses on innovation in the nascent deep technology space, such as in the areas of food science and technology, artificial intelligence, future hea"
    },
    "10": {
      "summary": " AKE your pick of student organisations, societies and interest groups offering a wide array of social and professional opportunities.\n\nDevelop your leadership skills, pursue your passion and expand your network of friends by engaging in a diverse range of student-university activities.\n\n\n\n\n**NUSSU CLUBS AND COMMITTEES**\n\nnussu.org.sg\n\nAll full-time undergraduate students are members of the NUS Students’ Union (NUSSU) and their respective faculty constituent clubs. NUSSU, led by the NUSSU Council and Executive Committee, comprises a total of 15 constituent clubs and nine committees.\n\n**CONSTITUENT CLUBS**\n\n- Arts and Social Sciences Club\n- Business Club\n- Community Service Club\n- Computing Club\n- Conservatory Club\n- Cultural Activities Club\n- Dental Club\n- Design & Environment Club\n- Engineering Club\n- Law Club\n- Medical Club\n- Political Association\n- Science Club\n- Sports Club\n- University Scholars Club\n\n**NUSSU traces its roots to its early predecessor, the University of Malaya Students’ Union (UMSU), which was established in 1949. UMSU then evolved into the University of Singapore Students’ Union (USSU), and took its present form as NUSSU in 1980, following the inception of NUS.**\n\nGenerations of NUSSU executive committee members and volunteers gathered at the NUS Student Ridge Guild House on 23 August 2019 to reconnect with old friends and celebrate the Union’s 70th anniversary.\n\n**NUSSU COMMITTEES**\n\n- Business Committee\n- Committee for Information Technology\n- Global Relations Unit\n- International Student Relations\n- Public Relations Unit\n- Students’ Fund Committee\n- The Ridge\n- Video and Photographic Committee\n- Welfare Committee"
    },
    "11": {
      "summary": "0\n\n- 0\n\n- 0\n\n- 0\n\n- 0\n\n- 0\n\n- 0\n\n- 0\n\n- 0\n\n- 0\n\n- 0\n\n- 0\n\n- 0\n\n- 0\n\n- 0\n\n- 0\n\n- 0\n\n- 0\n\n- 0\n\n- 0\n\n- 0\n\n- 0\n\n- 0\n\n- 0\n\n- 0\n\n- 0\n\n- 0\n\n- 0\n\n- 0\n\n- 0\n\n- 0\n\n- 0\n\n- 0\n\n- 0\n\n- 0\n\n- 0\n\n- 0\n\n- 0\n\n- 0\n\n- 0\n\n- 0\n\n- 0\n\n- 0\n\n- 0\n\n- 0\n\n- 0\n\n- 0\n\n- 0\n\n- 0\n\n- 0\n\n- 0\n\n- 0\n\n- 0\n\n- 0\n\n- 0\n\n- 0\n\n- 0\n\n- 0\n\n- 0\n\n- 0\n\n- 0\n\n- 0\n\n- 0\n\n- 0\n\n- 0\n\n- 0\n\n- 0\n\n- 0\n\n- 0\n\n- 0\n\n- 0\n\n- 0\n\n- 0\n\n- 0\n\n- 0\n\n- 0\n\n- 0\n\n- 0\n\n- 0\n\n- 0\n\n- 0\n\n- 0\n\n- 0\n\n- 0\n\n- 0\n\n- 0\n\n- 0\n\n- 0\n\n- 0\n\n- 0\n\n- 0\n\n- 0\n\n- 0\n\n- 0\n\n- 0\n\n- 0\n\n- 0\n\n- 0\n\n- 0\n\n- 0\n\n- 0\n\n- 0\n\n- 0\n\n- 0\n\n- 0\n\n- 0\n\n- 0\n\n- 0\n\n- 0\n\n- 0\n\n- 0\n\n- 0\n\n- 0\n\n- 0\n\n- 0\n\n- 0\n\n- 0\n\n- 0\n\n- 0\n\n- 0\n\n- 0\n\n- 0\n\n- 0\n\n- 0\n\n- 0\n\n- 0\n\n- 0\n\n- 0\n\n- 0\n\n- 0\n\n- 0\n\n- 0\n\n- 0\n\n- 0\n\n- 0\n\n- 0\n\n- 0\n\n- 0\n\n- 0\n\n- 0\n\n- 0\n\n- 0\n\n- 0\n\n- 0\n\n- 0\n\n- 0\n\n- 0\n\n- 0\n\n- 0\n\n- 0\n\n- 0\n\n- 0\n\n- 0\n\n- 0\n\n- 0\n\n- 0\n\n- 0\n\n- 0\n\n- 0\n\n- 0\n\n- 0\n\n- 0\n\n- 0\n\n- 0\n\n- 0\n\n- 0\n\n- 0\n\n- 0\n\n- 0\n\n- 0\n\n- 0\n\n- 0\n\n- 0\n\n- 0\n\n- 0\n\n- 0\n\n- 0\n\n- 0\n\n- 0\n\n- 0\n\n- 0\n\n- 0\n\n- 0\n\n- 0\n\n- 0\n\n- 0\n\n- 0\n\n- 0\n\n- 0\n\n- 0\n\n- 0\n\n- 0\n\n- 0\n\n- 0\n\n- 0\n\n- 0\n\n- 0\n\n- 0\n\n- 0\n\n- 0\n\n- 0\n\n- 0\n\n- 0\n\n- 0\n\n- 0\n\n- 0\n\n- 0\n\n- 0\n\n- 0\n\n- 0\n\n- 0\n\n- 0\n\n- 0\n\n- 0\n\n- 0\n\n- 0\n\n- 0\n\n- 0\n\n- 0\n\n- 0\n\n- 0\n\n- 0\n\n- 0\n\n- 0\n\n- 0\n\n- 0\n\n- 0\n\n- 0\n\n- 0\n\n- 0\n\n- 0\n\n- 0\n\n- 0\n\n- 0\n\n- 0\n\n- 0\n\n- 0\n\n- 0\n\n- 0\n\n- 0\n\n- 0\n\n- 0\n\n- 0\n\n- 0\n\n- 0\n\n- 0\n\n- 0\n\n- 0\n\n- 0\n\n- 0\n\n- 0\n\n- 0\n\n- 0\n\n- 0\n\n- 0\n\n- 0\n\n- 0\n\n- 0\n\n- 0\n\n- 0\n\n- 0\n\n- 0\n\n- 0\n\n- 0\n\n- 0\n\n- 0\n\n- 0\n\n- 0\n\n- 0\n\n- 0\n\n- 0\n\n- 0\n\n- 0\n\n- 0\n\n- 0\n\n- 0\n\n- 0\n\n- 0\n\n- 0\n\n- 0\n\n- 0\n\n- 0\n\n- 0\n\n- 0\n\n- 0\n\n- 0\n\n- 0\n\n- 0\n\n- 0\n\n- 0\n\n- 0\n\n- 0\n\n- 0\n\n- 0\n\n- 0\n\n- 0\n\n- 0\n\n- 0\n\n- 0\n\n- 0\n\n- 0\n\n- 0\n\n- 0\n\n- 0\n\n- 0\n\n- 0\n\n- 0\n\n- 0\n\n- 0\n\n- 0\n\n- 0\n\n- 0\n\n- 0\n\n- 0\n\n- 0\n\n- 0\n\n- 0\n\n- 0\n\n- 0\n\n- 0\n\n- 0\n\n- 0\n\n- 0\n\n- 0\n\n- 0\n\n- 0\n\n- 0\n\n- 0\n\n- 0\n\n- 0\n\n- 0\n\n- 0\n\n- 0\n\n- 0\n\n- 0\n\n- 0\n\n- 0\n\n- 0\n\n- 0\n\n- 0\n\n- 0\n\n- 0\n\n- 0\n\n- 0\n\n- 0\n\n- 0\n\n- 0\n\n- 0\n\n- 0\n\n- 0\n\n- 0\n\n- 0\n\n- 0\n\n- 0\n\n- 0\n\n- 0\n\n- 0\n\n- 0\n\n- 0\n\n- 0\n\n- 0\n\n- 0\n\n- 0\n\n- 0\n\n- 0\n\n- 0\n\n- 0\n\n- 0\n\n- 0\n\n- 0\n\n- 0\n\n- 0\n\n- 0\n\n- 0\n\n- 0\n\n- 0\n\n- 0\n\n- 0\n\n- 0\n\n- 0\n\n- 0\n\n- 0\n\n- 0\n\n- 0\n\n- 0\n\n- 0\n\n- 0\n\n- 0\n\n- 0\n\n- 0\n\n- 0\n\n- 0\n\n- 0\n\n- 0\n\n- 0\n\n- 0\n\n- 0\n\n- 0\n\n- 0\n\n- 0\n\n- "
    },
    "12": {
      "summary": " For sports enthusiasts, we have more than 40 types of sports to cater to your sporting pursuits. Interested students may join our NUS Sports' Sports Club and its member clubs.\n\nSPORTS\n\nCatch some sporting action at the University Sports Centre on the Kent Ridge Campus which offers a wide range of facilities such as two Olympic-sized swimming pools, an outdoor training pool and an indoor sports hall.\n\nSPORTS TEAMS\n\n- Aquathlon\n- Archery\n- Badminton\n- Basketball\n- Bowling\n- Canoeing\n- Canoe Polo\n- Cheerleading\n- Climbing\n- Cricket\n- Cross-country\n- Rugby\n- Sailing\n- Shooting\n- Softball\n- Soccer\n- Squash\n- Swimming\n- Table Tennis\n- Taekwondo\n- Powerlifting\n- Trench\n- Touch football\n- Track and Field\n- Ultimate Frisbee\n- Volleyball\n- Water Polo\n- Weigh\n- Wushu\n\nSTUDENTS' SPORTS CLUBS\n\nLAND\n\n- Archery\n- Basketball\n- Netball\n- Skating\n- Volleyball\n- Indoor Games\n\nINDOOR\n\n- Aerobics\n- Climbing\n- Cuesports\n- Intellectual Games\n\nMARTIAL ARTS\n\n- Aikido\n- Boxing\n- Capoeira\n- Karate\n- Kendo\n- Muay Thai\n- Nam Wah Pai\n- Wushu\n\nWATER\n\n- Lifesaving\n\nOUTDOOR EDUCATION NETWORK\n\nGet your adrenaline pumping with adventure and outdoor activities organised by these student groups:\n\n- Facilitators@NUS\n- NUS Dive\n- NUS Kayaking\n- NUS Mountaineering (Make It Real)\n- NUS Outdoor Activities Club (ODAC)\n- NUS Rovers\n\nTo find out more about NUS student organisations, societies and interest groups, visit [nus.edu.sg/osa](http://nus.edu.sg/osa).\n\n\n\n\nCOMMUNITY ENGAGEMENT NETWORK\n\nYou may also wish to check out the network of religious and cultural groups, which promotes awareness and understanding of the various faiths and cultures within the NUS student community.\n\n- Buddhist Society\n- Catholic Students’ Society\n- Chinese Society\n- Hindu Society\n- Indian Cultural Society\n- Legion of Mary\n- Malay Language Society\n- Muslim Society\n\n- NUS Cru\n- NUS Interfaith\n- Sikh Cultural & Literary Society\n- Tamil Language Society\n- The Navigators\n- Uni-YMCA Interest Group\n- Varsity Christian Fellowship"
    },
    "13": {
      "summary": "2024\n\n<table>STUDENT ARTS GROUPStutored by dedicated industry artists, cover traditional Asian dances to the latest in hip-hop, and from classical symphonies to avant-garde electronic music.cfa.nus.edu.sgParticipation in the arts encourages creativity to flourish and positively enhances students’ development and academic outcomes. The NUS Centre for the Arts (CFA) inspires students to unleash their passion through the arts – visual arts, dance, music and theatre.NUS unveiled its very own University Cultural Centre (UCC) in 2000. Besides hosting the annual NUS commencement ceremonies, the UCC is a popular venue for various performances by students and staff, Singaporean arts companies and international artists, and state events.Augment your studies by getting involved with one of NUS’ Arts Excellence Groups. These groups, supported by CFA and</table>\n\n\n\n\n<table>UNIVERSITY CULTURAL CENTRE</table>\n\n<table>"
    },
    "14": {
      "summary": "大学\n\n**NUS DAY OF SERVICE**\nThe annual NUS Day of Service on 7 September 2019 saw a record 2,411 NUS staff, students and alumni participating in community service activities for more than 5,500 beneficiaries. It featured some 54 activities across 10 categories ranging from animal welfare, environment and sports, to the elderly, children and youth.\n\n**RAG AND FLAG**\nThe annual charity event organised by the NUS Students’ Union (NUSSU) is a unique tradition established since the 1950s to inculcate a spirit of giving and volunteerism among NUS students. It also provides a platform for new undergraduates to integrate into the NUS community. Over the past five years, nearly $52 million has been raised for beneficiaries through NUSSU Rag and Flag.\n\n**NUS DAY OF SERVICE**\n\nThe annual NUS Day of Service on 7 September 2019 saw a record 2,411 NUS staff, students and alumni participating in community service activities for more than 5,500 beneficiaries. It featured some 54 activities across 10 categories ranging from animal welfare, environment and sports, to the elderly, children and youth.\n\n**RAG AND FLAG**\n\nThe annual charity event organised by the NUS Students’ Union (NUSSU) is a unique tradition established since the 1950s to inculcate a spirit of giving and volunteerism among NUS students. It also provides a platform for new undergraduates to integrate into the NUS community. Over the past five years, nearly $52 million has been raised for beneficiaries through NUSSU Rag and Flag."
    },
    "15": {
      "summary": "2023\n\n<table>NUS VOLUNTEER NETWORK Established in December 2007, the NUS Volunteer Network comprises the NUS Volunteer Action Committee, Red Cross Youth – NUS Chapter, Rotaract NUS and NUS Students’ Community Service Club (CSC). This network seeks to provide a platform to share ideas, experiences and best practices relating to volunteering. It also serves as a platform to provide a wider range of volunteering opportunities to the NUS community.STUDENT VOLUNTEERS FROM NUS CSC COLLABORATED WITH TRANSSIENT WORKERS COUNT TOO ON A NEW INITIATIVE “PROJECT WE ARE ONE”</table>\n\nimage[[227, 43, 462, 362]]\n\ntext[[39, 41, 145, 62]]\n**SEEDS OF GOOD PROGRAMME**\n\ntext[[38, 67, 192, 359]]\nThe community development learning programme, jointly launched by NUS Office of Student Affairs and NUS Office of Alumni Relations on 20 March 2019, seeks to empower NUS students to collaborate with the community, social service organisations and corporations to promote social causes or address issues faced by communities both within NUS and beyond. The student teams have since initiated over 80 projects with community partners of their choice and engaged in activities to enhance the well-being of the community and/or environment.\n\ntext[[228, 400, 451, 542]]\npromote social causes or address issues faced by communities both within NUS and beyond. The student teams have since initiated over 80 projects with community partners of their choice and engaged in activities to enhance the well-being of the community and/or environment.\n\nimage[[40, 574, 461, 920]]\n\ntitle[[536, 47, 604, 61]]\n# GREEN NUS\n\ntext[[535, 66, 725, 157]]\nOur environmental student groups play a big part in promoting campus sustainability and acting as a catalyst for change in areas such as resource consumption and sustainable lifestyles.\n\nimage[[635, 241, 674, 294]]\n\ntitle[[609, 307, 703, 321]]\n# GREEN BAZAAR\n\ntext[[569, 326, 739, 458]]\nTo promote responsible consumption, yearly or biannual clothing swap events are organised for stu"
    },
    "16": {
      "summary": "14\n\nSTUDENT\nACCOMMODATION\nOPTIONS ON CAMPUS\n\n7\n\nMODERN LIBRARIES\nWITH LEARNING\nRESOURCES AND\nSTUDY FACILITIES\n\n>70\n\nFOOD & RETAIL\nOUTLETS\n\n\nStudent accommodation\non campus gives you a\ntaste of independent\nliving, and our halls\nof residence, student\nresidences and residential\ncolleges offer you the\ncomforts of “a home away\nfrom home” environment.\nYou will also meet new\npeople, participate in\nsocial events and forge\nlifelong friendships.\n\nExplore\nCAMPUS LIFE"
    },
    "17": {
      "summary": "2024\n\n**HALLS OF RESIDENCE**\nThe Halls are vibrant communities dedicated to experiential learning. Through a myriad of programmes and activities, students get a chance to explore new interests and pursue new experiences, as well as hone their analytical and leadership skills. The Halls are well known for their vibrant co-curricular activities, as well as their rich history and culture. Each Hall is led by a Hall Master, a team of Resident Fellows and an elected student committee.\n\n- Eusoff Hall\n- Kent Ridge Hall\n- King Edward VII Hall\n- Prince George’s Park (PGP) House\n- Raffles Hall\n- Sheares Hall\n- Temasek Hall\n\n**STUDENT RESIDENCES**\nEach Residence is a melting pot of nationalities and cultures where like-minded peers from diverse backgrounds meet and expand social circles. Students participate in activities and programmes organised by the Residences. Each Residence has a team of Resident Advisors and Resident Assistants who takes care of the welfare of the students.\n\n- Prince George’s Park Residences\n- UTown Residence"
    },
    "18": {
      "summary": "4 and Tembusu College. Designed as a coherent delivery of general education, the UTCP emphasises multidisciplinary learning and active small-group learning. Students from different disciplines, cultures and nationalities are put together in each class, which helps them to assimilate and synthesise cross-disciplinary knowledge, facilitating multispecialty thinking.\n\nThe two-year Ridge View Residential College Programme adopts an integrated interdisciplinary approach that is designed to cultivate students’ holistic development to prepare them for life in the University of Tuck (UTCP) is a two-year residential programme offered at College of Alice & Peter Tan, Residential College 4 and Tembusu College. Designed as a coherent delivery of general education, the UTCP emphasises multidisciplinary learning and active small-group learning. Students from different disciplines, cultures and nationalities are put together in each class, which helps them to assimilate and synthesise cross-disciplinary knowledge, facilitating multispecialty thinking.\n\nCinnamon College\nCollege of Alice & Peter Tan\nResidential College 4\nRidge View Residential College\nTembusu College\n\nThe University Town College Programme (UTCP) is a two-year residential programme offered at College of Alice & Peter Tan, Residential College 4 and Tembusu College. Designed as a coherent delivery of general education, the UTCP emphasises multidisciplinary learning and active small-group learning. Students from different disciplines, cultures and nationalities are put together in each class, which helps them to assimilate and synthesise cross-disciplinary knowledge, facilitating multispecialty thinking.\n\nThe two-year Ridge View Residential College Programme adopts an integrated interdisciplinary approach that is designed to cultivate students’ holistic development to prepare them for life in the University of Tuck (UTCP) is a two-year residential programme offered at College of Alice & Peter Tan, Residential College 4 "
    },
    "19": {
      "summary": "多\n\nA\n\nC\n\nt\n\nl\n\nm\n\nu\n\nt\n\ni\n\nt\n\nu\n\nd\n\ne\n\no\n\nf\n\ns\n\nt\n\na\n\nt\n\ne\n\n- o\n\nf\n\nt\n\nh\n\ne\n\na\n\nr\n\nt\n\nu\n\nl\n\nm\n\ni\n\nt\n\ne\n\nd\n\ni\n\na\n\nf\n\na\n\nc\n\ni\n\nl\n\ni\n\nt\n\ni\n\ne\n\ns\n\na\n\nr\n\ne\n\na\n\nv\n\na\n\ni\n\na\n\nl\n\nb\n\ne\n\na\n\nr\n\ni\n\nl\n\nl\n\ne\n\na\n\nr\n\ns\n\nw\n\ni\n\nt\n\nh\n\nr\n\no\n\nu\n\ng\n\nh\n\no\n\nu\n\nt\n\nt\n\nh\n\ne\n\nc\n\na\n\nm\n\np\n\nu\n\ns\n\nw\n\nh\n\ni\n\nl\n\ne\n\no\n\nu\n\nr\n\nm\n\no\n\nd\n\ne\n\nr\n\nn\n\nl\n\ni\n\nb\n\nr\n\na\n\nr\n\ni\n\ne\n\ns\n\na\n\nr\n\ne\n\nw\n\ne\n\nl\n\nl\n\n- s\n\nt\n\no\n\nc\n\nk\n\ne\n\nd\n\ne\n\nc\n\nt\n\nh\n\ne\n\nc\n\na\n\nm\n\np\n\nu\n\ns\n\nw\n\nh\n\ni\n\nl\n\ne\n\nr\n\ne\n\ns\n\nu\n\nr\n\no\n\nu\n\ns\n\na\n\nn\n\nd\n\ns\n\nt\n\nu\n\nd\n\ny\n\nf\n\na\n\nc\n\ni\n\nl\n\ni\n\nt\n\ni\n\ne\n\ns.\n\n**COMPUTING COMMONS**\n\n**Education Resource Centre, Level 1**\n**University Town**\n**Open 24 hours**\nThe Computing Commons offer iMacs\n(Mac Commons) and Windows desktops\n(PC Commons) for use. Within these\nCommons are smaller rooms fitted with\nLCD TVs to facilitate meetings and group\ndiscussions.\n\n**MULTIMEDIA HUB**\n**Education Resource Centre, Level 1**\n**University Town**\nThe Multimedia Hub enables students\nto hone their skills in media content\ncreation. The Audio Recording Booth\nis equipped for recording talking head\npresentations and voice presentations.\nThe Visualisation Suite supports audio-\nvideo post-production and web content\ncreation.\n\n**COLLABORATIVE LEARNING**\n**ACTIVITY ROOM**\n**Central Library, Level 1**\nThis multi-purpose space provides a\nplug-n-play environment for learning\nprogrammes (such as gamification for\nlearning) or simply a collaboration space\nto meet your learning needs.\n\n\n**DIGITAL SCHOLARSHIP LAB**\n**Central Library, Level 4**\nThe Digital Scholarship Lab offers a\ndedicated space for users working on\nhumanistic research projects. It offers\nfacilities such as high-performance\nworkstations, big multi-touch screens,\ncloud data storage access and specialised\nsoftware to support computationally\nintensive processing and visualisation.\n\n**TEL IMAGINARIUM**\n**Central Library, Level 4**\nThe TEL (‘Technology Enhanced Learning’)\nImaginarium showcases immersive tech\ntools that facilitate experiential learning\nand teaching. These tools include a mixed\nreality"
    },
    "20": {
      "summary": "0\n\n**YUSOF ISHAK HOUSE CommIT**\n**Yusof Ishak House, Level 3**\nTucked away in a corner at the Yusof Ishak House, CommIT offers desktops, as well as printing and scanning facilities for students’ use.\n\n**THINKLAB**\n**Computer Centre, Level 3**\nThe first lab in NUS to provide a virtual desktop experience, ThinkLab is NUS IT’s initiative to offer highly efficient computing using a fraction of the energy of traditional PCs. Equipped with virtual Windows desktops and iMacs, this lab runs 24/7 to provide a comfortable and quiet place for students to work. Printing services are also available.\n\n**AS8 CommIT**\n**AS8, Level 2**\nCentrally located near the Central Library, this centre houses computers for your computing needs. Printing services are also available here.\n\n---\n\n### NUS LIBRARIES\n\n#### CENTRAL LIBRARY\n- **Above Central Forum**\n  - Mon - Fri: 8.30am to 9pm\n  - Sat: 10am to 5pm\n  - Sun: Closed\n\n#### CHINESE LIBRARY\n- **Central Library Building, Level 6**\n  - Mon - Fri: 8.30am to 9pm\n  - Sat: 10am to 5pm\n  - Sun: Closed\n\n#### CJ KOH LAW LIBRARY\n- **Bukit Timah Campus**\n  - Mon - Fri: 8.30am to 9pm\n  - Sat: 10am to 5pm\n  - Sun: Closed\n\n#### HON SUI SEN MEMORIAL LIBRARY\n- **NUS Business School**\n  - Mon - Fri: 8.30am to 9pm\n  - Sat: 10am to 5pm\n  - Sun: Closed\n\n---\n\n### MEDICAL LIBRARY\n- **Block MD6**\n  - Mon - Fri: 8.30am to 9pm\n  - Sat: 10am to 5pm\n  - Sun: Closed\n\n### MUSIC LIBRARY\n- **Yong Siew Toh Conservatory of Music**\n  - Mon - Fri: 8.30am to 9pm\n  - Sat & Sun: Closed\n\n### SCIENCE LIBRARY\n- **Block S6**\n  - Mon - Fri: 8.30am to 9pm\n  - Sat: 10am to 5pm\n  - Sun: Closed\n\nNote: Opening hours of the respective libraries will vary during vacation and exam periods. For more details, please refer to libportal.nus.edu.sg/frontend/opening-hours-calendar"
    },
    "21": {
      "summary": "0\n\n**BUSINESS SCHOOL** **ENGINEERING**\n\n\n**INNOVATION 4.0** **PRINCE GEORGE’S**\nNAMI **PARK RESIDENCES**\n\n\n**ALICE LEE PLAZA**\n\nBAR BAR BLACK SHEEP\n\n**ARTS AND SOCIAL**\n**SCIENCES**\n\nLIANG BAN KUNG FU\n_The Deck, Level 2_\n\nSALAD EXPRESS X PASTA\nEXPRESS\n_The Deck, Level 2_\n\nTHE COFFEE HUT\n_Block A52_\n\nTHE COFFEE ROASTER\n_Block A58_\n\nTHE DECK\nUNCLE PENYET\n_The Deck, Level 2_\n\n\n\n\n**BUSINESS SCHOOL** **ENGINEERING**\n\nTHE SPREAD\n_Mochtar Riady Building_\n_Level 1_\n\n**CENTRAL LIBRARY**\n\nMAXX COFFEE\n_Level 1_\n\nNUS CO-OP\n_Level 1_\n\n**COMPUTING**\n\nOMO STORE\n_Block COM1_\n\n**DESIGN AND**\n**ENVIRONMENT**\n\nPLATYPUS FOOD BAR\n_Block SDA_\n\n**BUSINESS SCHOOL** **ENGINEERING**\n\nARISE & SHINE\n_Block E4_\n\nE2 HALAL CAFETERIA\n_Block E2_\n\nPASTA NATION BY\nPLATYPUS\n_Block E2A_\n\nPLATYPUS FOOD BAR\n_Block E2A_\n\nSPINELLI\n_Block EA_\n\nSUBWAY\n_Block E4_\n\nCHEERS\n_Block E3_\n\n**INNOVATION 4.0**\n\nNAMI\n_Level 1_\n\n**LEE KONG CHIAN**\n**NATURAL HISTORY**\n**MUSEUM**\n\nMUSEUM GIFT SHOP\n\n**MEDICINE**\n\nEUREKA TASTE\n_Block MD6_\n\nJEWEL COFFEE\n_Block MD11_\n\n**SCIENCE**\n\nARISE & SHINE\n_Block S16_\n\nSTARBUCKS\n_Block S9_\n\nTAIWAN ICHIBAN\n_Frontier_\n\nUNCL E PENYET\n_Frontier_\n\nCHEERS\n_Frontier_\n\nGONG CHA\n_Frontier_\n\nLI JI COFFEEHOUSE\n_Frontier_\n\n**SHOW FOUNDATION**\n**ALUMNI HOUSE**\n\nPRIVE GRILL AT THE\nUNIVERSITY CLUB\n_Shaw Foundation Alumni_\n_House, Level 4_\n\nREEDZ CAFÉ\n_Shaw Foundation Alumni_\n_House, Level 1_\n\n**UNIVERSITY HALL**\n\nSPINELLI\n_Tan Chin Tuan Wing_\n_Level 1_\n\n**UNIVERSITY SPORTS**\n**CENTRE**\n\nTHE TEA PARTY\n_Level 3_"
    },
    "22": {
      "summary": "0\n\n: 0\n\n: 0\n\n: 0\n\n: 0\n\n: 0\n\n: 0\n\n: 0\n\n: 0\n\n: 0\n\n: 0\n\n: 0\n\n: 0\n\n: 0\n\n: 0\n\n: 0\n\n: 0\n\n: 0\n\n: 0\n\n: 0\n\n: 0\n\n: 0\n\n: 0\n\n: 0\n\n: 0\n\n: 0\n\n: 0\n\n: 0\n\n: 0\n\n: 0\n\n: 0\n\n: 0\n\n: 0\n\n: 0\n\n: 0\n\n: 0\n\n: 0\n\n: 0\n\n: 0\n\n: 0\n\n: 0\n\n: 0\n\n: 0\n\n: 0\n\n: 0\n\n: 0\n\n: 0\n\n: 0\n\n: 0\n\n: 0\n\n: 0\n\n: 0\n\n: 0\n\n: 0\n\n: 0\n\n: 0\n\n: 0\n\n: 0\n\n: 0\n\n: 0\n\n: 0\n\n: 0\n\n: 0\n\n: 0\n\n: 0\n\n: 0\n\n: 0\n\n: 0\n\n: 0\n\n: 0\n\n: 0\n\n: 0\n\n: 0\n\n: 0\n\n: 0\n\n: 0\n\n: 0\n\n: 0\n\n: 0\n\n: 0\n\n: 0\n\n: 0\n\n: 0\n\n: 0\n\n: 0\n\n: 0\n\n: 0\n\n: 0\n\n: 0\n\n: 0\n\n: 0\n\n: 0\n\n: 0\n\n: 0\n\n: 0\n\n: 0\n\n: 0\n\n: 0\n\n: 0\n\n: 0\n\n: 0\n\n: 0\n\n: 0\n\n: 0\n\n: 0\n\n: 0\n\n: 0\n\n: 0\n\n: 0\n\n: 0\n\n: 0\n\n: 0\n\n: 0\n\n: 0\n\n: 0\n\n: 0\n\n: 0\n\n: 0\n\n: 0\n\n: 0\n\n: 0\n\n: 0\n\n: 0\n\n: 0\n\n: 0\n\n: 0\n\n: 0\n\n: 0\n\n: 0\n\n: 0\n\n: 0\n\n: 0\n\n: 0\n\n: 0\n\n: 0\n\n: 0\n\n: 0\n\n: 0\n\n: 0\n\n: 0\n\n: 0\n\n: 0\n\n: 0\n\n: 0\n\n: 0\n\n: 0\n\n: 0\n\n: 0\n\n: 0\n\n: 0\n\n: 0\n\n: 0\n\n: 0\n\n: 0\n\n: 0\n\n: 0\n\n: 0\n\n: 0\n\n: 0\n\n: 0\n\n: 0\n\n: 0\n\n: 0\n\n: 0\n\n: 0\n\n: 0\n\n: 0\n\n: 0\n\n: 0\n\n: 0\n\n: 0\n\n: 0\n\n: 0\n\n: 0\n\n: 0\n\n: 0\n\n: 0\n\n: 0\n\n: 0\n\n: 0\n\n: 0\n\n: 0\n\n: 0\n\n: 0\n\n: 0\n\n: 0\n\n: 0\n\n: 0\n\n: 0\n\n: 0\n\n: 0\n\n: 0\n\n: 0\n\n: 0\n\n: 0\n\n: 0\n\n: 0\n\n: 0\n\n: 0\n\n: 0\n\n: 0\n\n: 0\n\n: 0\n\n: 0\n\n: 0\n\n: 0\n\n: 0\n\n: 0\n\n: 0\n\n: 0\n\n: 0\n\n: 0\n\n: 0\n\n: 0\n\n: 0\n\n: 0\n\n: 0\n\n: 0\n\n: 0\n\n: 0\n\n: 0\n\n: 0\n\n: 0\n\n: 0\n\n: 0\n\n: 0\n\n: 0\n\n: 0\n\n: 0\n\n: 0\n\n: 0\n\n: 0\n\n: 0\n\n: 0\n\n: 0\n\n: 0\n\n: 0\n\n: 0\n\n: 0\n\n: 0\n\n: 0\n\n: 0\n\n: 0\n\n: 0\n\n: 0\n\n: 0\n\n: 0\n\n: 0\n\n: 0\n\n: 0\n\n: 0\n\n: 0\n\n: 0\n\n: 0\n\n: 0\n\n: 0\n\n: 0\n\n: 0\n\n: 0\n\n: 0\n\n: 0\n\n: 0\n\n: 0\n\n: 0\n\n: 0\n\n: 0\n\n: 0\n\n: 0\n\n: 0\n\n: 0\n\n: 0\n\n: 0\n\n: 0\n\n: 0\n\n: 0\n\n: 0\n\n: 0\n\n: 0\n\n: 0\n\n: 0\n\n: 0\n\n: 0\n\n: 0\n\n: 0\n\n: 0\n\n: 0\n\n: 0\n\n: 0\n\n: 0\n\n: 0\n\n: 0\n\n: 0\n\n: 0\n\n: 0\n\n: 0\n\n: 0\n\n: 0\n\n: 0\n\n: 0\n\n: 0\n\n: 0\n\n: 0\n\n: 0\n\n: 0\n\n: 0\n\n: 0\n\n: 0\n\n: 0\n\n: 0\n\n: 0\n\n: 0\n\n: 0\n\n: 0\n\n: 0\n\n: 0\n\n: 0\n\n: 0\n\n: 0\n\n: 0\n\n: 0\n\n: 0\n\n: 0\n\n: 0\n\n: 0\n\n: 0\n\n: 0\n\n: 0\n\n: 0\n\n: 0\n\n: 0\n\n: 0\n\n: 0\n\n: 0\n\n: 0\n\n: 0\n\n: 0\n\n: 0\n\n: 0\n\n: 0\n\n: 0\n\n: 0\n\n: 0\n\n: 0\n\n: 0\n\n: 0\n\n: 0\n\n: 0\n\n: 0\n\n: 0\n\n: 0\n\n: 0\n\n: 0\n\n: 0\n\n: 0\n\n: 0\n\n: 0\n\n: 0\n\n: 0\n\n: 0\n\n: 0\n\n: 0\n\n: 0\n\n: 0\n\n: 0\n\n: 0\n\n: 0\n\n: 0\n\n: 0\n\n: 0\n\n: 0\n\n: 0\n\n: 0\n\n: 0\n\n: 0\n\n: 0\n\n: 0\n\n: 0\n\n: 0\n\n: 0\n\n: 0\n\n: 0\n\n: 0\n\n: 0\n\n: 0\n\n: 0\n\n: 0\n\n: 0\n\n: 0\n\n: 0\n\n: 0\n\n: 0\n\n: 0\n\n: 0\n\n: 0\n\n: 0\n\n: 0\n\n: 0\n\n: 0\n\n: 0\n\n: 0\n\n: "
    },
    "23": {
      "summary": "0\n\nHETHER you’re looking for career advice, information on admissions and financial aid, student housing or urgent medical attention, help is always available.\n\nYUSOF ISHAK HOUSE\nThe Yusof Ishak House (YIH) is a vibrant student hub, housing the NUS Students’ Union (NUSSU) and various societies. It is also a meeting place where students take a break, gather over meals, or study at the student lounge, training rooms or outdoor plaza. The Centre for Future-ready Graduates, Student Service Centre and Student Support Services Unit are located at the YIH.\n\nCENTRE FOR FUTURE-READY GRADUATES\nThe Centre for Future-ready Graduates (CFG) prepares students to thrive in a world of constant change, ensuring that they are ready for their future careers. CFG offers access to career-readiness programmes, career and internship opportunities, professional career advisory and valuable industry insights.\n\nUNIVERSITY HEALTH CENTRE\n20 Lower Kent Ridge Road, Level 1\nThe University Health Centre has three divisions – Health Service, University Counselling Services, and Wellness Outreach – to tend to the community’s physical and mental well-being.\n\nVICTIM CARE UNIT\nThe Victim Care Unit provides a central point of contact for NUS students affected by sexual misconduct. Facilitated by trained professionals, it offers a private and safe place where students can seek support in confidence.\n\nSTUDENT SERVICE CENTRE\nThe Student Service Centre is the convenient contact point for information on frontline services like academic and administrative matters, student bills as well as student housing applications.\n\nVISITORS CENTRE\nStephen Riady Centre, Level 1\nThe Office of Admissions is co-located with the Visitors Centre in the Stephen Riady Centre at University Town. Visitors and students – prospective and current – can find out more about NUS, including admission matters, undergraduates programmes, scholarships and financial aid schemes, and booking of campus facilities.\n\nDISABILITY SUPPORT OFFICE\nNUS "
    },
    "24": {
      "summary": " NUS\nNational University of Singapore\n\nFOLLOW US\nfacebook.com/nus.singapore\ninstagram.com/nus_singapore\nnus.edu/linkedin\ntwitter.com/NUSingapore\nNUS_Singapore"
    }
  }
}
