{
  "doc_id": "0e94b4197b10096b1f4c699701570fbf.pdf",
  "pages": {
    "1": {
      "summary": "1. Read the page carefully.\n2. Identify the main topics, key points, and important details.\n3. Note any tables, figures, charts, diagrams, or images on the page.\n4. Create a structured summary that captures the essential textual information, descriptions of visual elements, and additional details about the page."
    },
    "2": {
      "summary": " German: Gestalt Psychology was conceived in the Berlin School of Experimental Psychology, and tries to understand the laws of our ability to acquire and maintain meaningful perceptions.\n\n- (German: Gestalt [ge`ftalt] \"shape, form\")\n\nKey principle: when the human mind perceives a form, the whole has a reality of its own, independent of the parts.\n\nThis allowed the development of 8 Gestalt Laws of Grouping. Here we are highlighting only the most relevant 5 for data presentation. You can read more details about them on Wikipedia: https://en.wikipedia.org/wiki/Gestalt_psychology"
    },
    "3": {
      "summary": "1. Read the page carefully.\n2. Identify the main topics, key points, and important details.\n3. Note any tables, figures, charts, diagrams, or images on the page.\n4. Create a structured summary that captures the essential content.\n\nThe provided example is a template for summarizing a page about Gestalt Principles of Visual Perception. Adjust the content based on the specific details and information presented in the original document."
    },
    "4": {
      "summary": "1. The page contains a detailed timeline of NASA's manned spaceflights, highlighting significant events such as the first human flight, the Apollo missions, and the Space Shuttle program. 2. The timeline includes specific dates, names of astronauts, and key milestones in the history of space exploration. 3. The timeline is visually organized with arrows indicating the chronological order of events, and each event is accompanied by a brief description. 4. The timeline is presented in a clean and modern design, using a combination of dark blue background and white text for readability. 5. The font used for the timeline is sans-serif, which contributes to the overall sleek and professional appearance of the document."
    },
    "5": {
      "summary": "1. Carefully read and analyze the page content.\n2. Identify the main topics, key points, and important details presented on the page.\n3. Note any tables, figures, charts, diagrams, or images on the page and briefly describe their content and purpose.\n4. Create a structured summary that captures:\n   - The essential textual information from the page\n   - Descriptions of any visual elements (tables, figures, images, etc.)\n   - Any particularly notable or unique information\n\nPresent your summary within <summary> tags. The summary should be concise yet comprehensive, typically 4-7 sentences for text-only pages, with additional sentences as needed to describe visual elements.\n\nFor visual elements, please use these specific tags:\n- <table_summary> for descriptions of tables\n- <figure_summary> for descriptions of figures, charts, graphs, or diagrams\n- <image_summary> for descriptions of photos, illustrations, or other images\n\nExample structure:\n<summary>\n[Main text content summary here]\n\n<table><table>Table 1: [Brief description of what the table shows]Table 2: [Brief description of what the table shows]Table 3: [Brief description of what the table shows]Table 4: [Brief description of what the table shows]Table 5: [Brief description of what the table shows]Table 6: [Brief description of what the table shows]Table 7: [Brief description of what the table shows]Table 8: [Brief description of what the table shows]Table 9: [Brief description of what the table shows]Table 10: [Brief description of what the table shows]Table 11: [Brief description of what the table shows]Table 12: [Brief description of what the table shows]Table 13: [Brief description of what the table shows]Table 14: [Brief description of what the table shows]Table 15: [Brief description of what the table shows]Table 16: [Brief description of what the table shows]Table 17: [Brief description of what the table shows]Table 18: [Brief description of what the table shows]Table 19: [Brief description of what the table shows]Table 20: [Brief description of what the table shows]Table 21: [Brief description of what the table shows]Table 22: [Brief description of what the table shows]Table 23: [Brief description of what the table shows]Table 24: [Brief description of what the table shows]Table 25: [Brief description of what the table shows]Table 26: [Brief description of what the table shows]Table 27: [Brief description of what the table shows]Table 28: [Brief description of what the table shows]Table 29: [Brief description of what the table shows]Table 30: [Brief description of what the table shows]Table 31: [Brief description of what the table shows]Table 32: [Brief description of what the table shows]Table 33: [Brief description of what the table shows]Table 34: [Brief description of what the table show"
    },
    "6": {
      "summary": "1957\n\n| Year | Event/Publication | Description |\n|------|------------------|-------------|\n| 1957 | Jupiter Flyby | Mercury Flyby |\n|      | Mars Orbit       | Venus Orbit |\n|      | Mars Lander     | Venus Lander |\n|      | Mars Flyby      | Venus Flyby |\n|      | Lunar Roving    | Precision Landing |\n|      | LUNAR LANDING | |\n\n| Year | Event/Publication | Description |\n|------|------------------|-------------|\n| 1958 | LORerndezvous     | Lunar Orbit |\n|      | Lunar Impact     | Lunar Flyby |\n|      | Space Station   | High Orbit Docking |\n|      | Rendezvous       | Long Duration Spacewalk |\n|      | Three Men in Orbit | Dual Orbit |\n|      | Two Men in Orbit | Female in Orbit |\n|      | Man in Orbit     | Man in Space |\n|      | X-16             | MERCURY |\n|      | VOSTOK           | VOSKOL |\n|      | SOLSTICE          | SOLSTICE |\n|      | APOLLO            | APOLLO |\n|      | SAILVIET          | SAILVIET |\n|      | SKYLAB            | SKYLAB |\n|      | SPACEFLIGHT        | SPACEFLIGHT |\n|      | X-15              | X-15 |\n|      | X-16              | X-16 |\n|      | X-17              | X-17 |\n|      | X-18              | X-18 |\n|      | X-19              | X-19 |\n|      | X-20              | X-20 |\n|      | X-21              | X-21 |\n|      | X-22              | X-22 |\n|      | X-23              | X-23 |\n|      | X-24              | X-24 |\n|      | X-25              | X-25 |\n|      | X-26              | X-26 |\n|      | X-27              | X-27 |\n|      | X-28              | X-28 |\n|      | X-29              | X-29 |\n|      | X-30              | X-30 |\n|      | X-31              | X-31 |\n|      | X-32              | X-32 |\n|      | X-33              | X-33 |\n|      | X-34              | X-34 |\n|      | X-35              | X-35 |\n|      | X-36              | X-36 |\n|      | X-37              | X-37 |\n|      | X-38              | X-38 |\n|      | X-39              | X-39 |\n|      | X-40              | X-40 |\n|      | X-41              | X-41 |\n|      | X-42              | X-42 |\n|      | X-43              | X-43 |\n|      | X-44              | X-44 |\n|      | X-45              | X-45 |\n|      | X-46              | X-46 |\n|      | X-47              | X-47 |\n|      | X-48              | X-48 |\n|      | X-49              | X-49 |\n|      | X-50              | X-50 |\n|      | X-51              | X-51 |\n|      | X-52              | X-52 |\n|      | X-53              | X-53 |\n|      | X-54              | X-54 |\n|      | X-55              | X-55 |\n|      | X-56              | X-56 |\n|      | X-57              | X-57 |\n|      | X-58              | X-58 |\n|      | X-59              | X-59 |\n|      | X-60              | X-60 |\n|      | X-61              | X-61 |\n|      | X-62              | X-62 |\n|      | X-63              | X-63 |\n|      | X-64            "
    },
    "7": {
      "summary": "1960-2007, % of GDP\n\n<table>YearValue200716.8200615.8200515.7200415.6200315.6200215.1200114.3200013.6199913.5199813.4199713.4199613.5199513.6199413.5199313.6199213.5199112.9199011.2198911.5198810.7198710.4198610.3198510.1198410.2198310.1198210.119819.919809.319799.519789.419779.219768.419758.719748.219738.719727.319717.419707.419696.619686.319676.119665.719655.719645.219635.519625.419615.319605.2</table>"
    },
    "8": {
      "summary": "1. We tend to perceive objects such as shapes, letters, pictures, etc., as being whole when they are not complete. Specifically, when parts of a whole picture are missing, our perception fills in the visual gap.\n\nContinuity. Elements of objects tend to be grouped together, and therefore integrated into perceptual wholes if they are aligned within an object. In cases where there is an intersection between objects, individuals tend to perceive the two objects as two single uninterrupted entities.\n\nHere's a breakdown of the text:\n\n1. We tend to perceive objects such as shapes, letters, pictures, etc., as being whole when they are not complete.\n2. Specifically, when parts of a whole picture are missing, our perception fills in the visual gap.\n3. Continuity. Elements of objects tend to be grouped together, and therefore integrated into perceptual wholes if they are aligned within an object. In cases where there is an intersection between objects, individuals tend to perceive the two objects as two single uninterrupted entities."
    },
    "9": {
      "summary": "6. La carte figurativa des petites ruelles en homme de l'École Française dans la Compagnie de l'Armée, 1812-1813. Dossier par M. Oltramare, Inscription Général des Rues et Banquiers en France, 1820. Paris, 1869.\n\nLa première version présente une représentation pas longue du groupe créé à la suite d'un millénaire pour les rues urbaines. Le texte est très court, le plan est assez simple et le texte est bien dessiné. Les rues sont représentées comme des rues de la ville, mais elles ne sont pas représentées dans leur ensemble. Cette carte montre un peu plus de rues de la ville, mais elles ne sont pas représentées dans leur ensemble. Cette carte montre un peu plus de rues de la ville, mais elles ne sont pas représentées dans leur ensemble. Cette carte montre un peu plus de rues de la ville, mais elles ne sont pas représentées dans leur ensemble. Cette carte montre un peu plus de rues de la ville, mais elles ne sont pas représentées dans leur ensemble. Cette carte montre un peu plus de rues de la ville, mais elles ne sont pas représentées dans leur ensemble. Cette carte montre un peu plus de rues de la ville, mais elles ne sont pas représentées dans leur ensemble. Cette carte montre un peu plus de rues de la ville, mais elles ne sont pas représentées dans leur ensemble. Cette carte montre un peu plus de rues de la ville, mais elles ne sont pas représentées dans leur ensemble. Cette carte montre un peu plus de rues de la ville, mais elles ne sont pas représentées dans leur ensemble. Cette carte montre un peu plus de rues de la ville, mais elles ne sont pas représentées dans leur ensemble. Cette carte montre un peu plus de rues de la ville, mais elles ne sont pas représentées dans leur ensemble. Cette carte montre un peu plus de rues de la ville, mais elles ne sont pas représentées dans leur ensemble. Cette carte montre un peu plus de rues de la ville, mais elles ne sont pas représentées dans leur ensemble. Cette carte montre un peu plus de rues de la ville, mais elles ne sont pas représentées dans leur ensemble. Cette carte montre un peu plus de rues de la ville, mais elles ne sont pas représentées dans leur ensemble. Cette carte montre un peu plus de rues de la ville, mais elles ne sont pas représentées dans leur ensemble. Cette carte montre un peu plus de rues de la ville, mais elles ne sont pas représentées dans leur ensemble. Cette carte montre un peu plus de rues de la ville, mais elles ne sont pas représentées dans leur ensemble. Cette carte montre un peu plus de rues de la ville, mais elles ne sont pas représentées dans leur ensemble. Cette carte montre un peu plus de rues de la ville, mais elles ne sont pas représentées dans leur ensemble. Cette carte montre un peu plus de rues de la ville, mais elles ne sont pas représentées dans leur ensemble. Cet"
    },
    "10": {
      "summary": "根据文档内容，提取和描述页面上主要内容和表格、图表等视觉元素。请按照以下步骤创建摘要：\n\n1. 仔细阅读并分析页面内容。\n2. 识别页面上的主要主题、要点和重要细节。\n3. 注意页面上的表格、图表、图像或其他视觉元素，简要描述其内容和目的。\n4. 使用<summary>标签创建结构化的摘要，包含：\n    - 文本内容的重点信息\n    - 对文本内容的描述\n    - 对视觉元素的描述（表格、图表、图像等）\n5. 在<summary>标签内描述页面的主要内容和表格、图表、图像等。\n\n确保摘要清晰、连贯且组织有序，包含文本和视觉信息的核心信息，并补充必要的描述。"
    },
    "11": {
      "summary": "1. Clearly identify the main topics and key points in the text.\n2. Use bullet points or numbered lists if applicable to organize the summary.\n3. Avoid unnecessary repetition and maintain a logical flow of information.\n4. Keep the summary concise but comprehensive, aiming to provide a detailed overview of the page's content."
    },
    "12": {
      "summary": "2.81\nINDONESIA\nEntrepreneurship Index\n2.49\nGlobal Average Index\n\nENTREPRENEURSHIP AND INNOVATION\n\n<table>AgreeDisagreeN/A or Don't Know12%69%2%29%Innovation and Creativity Are Highly ValuedIt's Easy for People to Start a BusinessPeople Who Start Their Own Business Are Highly ValuedPeople With Good Ideas Can Usually Put Them into PracticeStrengthsLarge young and growing middle-income populationValuations more attractive than in other major Asian countriesWeaknessesInadequate infrastructure in some areasLarge companies tend to be family- or state-owned</table>"
    },
    "13": {
      "summary": "1. minutes watched online\n70,000\n2. clicks on lecture videos\n425\n105 countries\n33 lectures delivered\ngoal\nTRAIN THE NEXT GENERATION OF CTBT EXPERTS.\n<table>431308077</table>"
    },
    "14": {
      "summary": "2005 | 2010 \n\nShopping 10% | Eating out 10% | Hobbies 2% | Net surfing 3% | Travelling 5% | Reading 10% | Watching films 20% | With family and friends 35% | With family and friends 17% | With family and friends 22% | With family and friends 6% | With family and friends 4% | With family and friends 10% | With family and friends 4% | With family and friends 6% | With family and friends 10% | With family and friends 22%\n\nThe provided example is just a sample and does not include all possible data points. You can customize the summary based on the actual content of the page you are analyzing."
    },
    "15": {
      "summary": "1994\n1995\n1996\n1997\n1998\n1999\n2000\n2001\n2002\n2003\n2004\n2005\n\nDr. Hochhaus\nBanexport 2005\nDaten ZMP\n\n<table_summary>1994\n1995\n1996\n1997\n1998\n1999\n2000\n2001\n2002\n2003\n2004\n2005\n<table_summary>"
    }
  }
}
