{
  "doc_id": "12-15-15-ISIS-and-terrorism-release-final.pdf",
  "pages": {
    "1": {
      "summary": " FOR MEDIA OR OTHER INQUIRIES:\nCarroll Doherty, Director of Political Research\nBridget Jameson, Communications Associate\n202.419.4372\nwww.pewresearch.org"
    },
    "2": {
      "summary": "1\n\nPew Research Center\n\nViews of Government’s Handling of Terrorism Fall to Post-9/11 Low\n\nLittle change in views of relationship between Islam and violence\n\nFollowing the terrorist attacks in Paris and San Bernardino, Calif., the public's concerns about terrorism have surged and positive ratings of the government's handling of terrorism have plummeted. But other attitudes relating to terrorism and security, as well as perceptions of whether Islam is more likely than other religions to encourage violence, have shown far less change.\n\nThe latest national survey by Pew Research Center, conducted Dec. 8-13 among 1,500 adults, finds that since the start of this year, the share of Americans who say the government is doing well in reducing the threat of terrorism has fallen by 26 percentage points – from 72% to 46% – and now stands at its lowest point in the post-9/11 era.\n\nApproval of the way Barack Obama is handling the threat of terrorism also has declined, even as his overall job rating (currently 46%) – and his ratings on immigration, the economy and other issues – is little changed. Just 37% approve of the way Obama is handling of terrorism while 57% disapprove, the lowest rating of his presidency for this issue.\n\nTerrorism has reshaped the public's agenda, both at home and abroad. Currently, 29% cite terrorism (18%), national security (8%) or ISIS (7%) as the most important problem facing the country today. One year ago, just 4% of the public cited any of these issues. And while ISIS already ranked high among leading international dangers, 83% now regard ISIS as a major threat to the well-being of the U.S., up from 67% in August 2014.\n\nSource: Survey conducted Dec. 8-13, 2015. Don't know responses not shown.\n\nPew Research Center"
    },
    "3": {
      "summary": "2\n\nPEW RESEARCH CENTER\n\n---\n\n**Growing partisan gap in views of whether Islam encourages violence**\n\n% who say the Islamic religion is more likely than others to encourage violence among its believers ...\n\nSource: Survey conducted Dec. 8-13, 2015.\n\n**PEW RESEARCH CENTER**\n\n---\n\n**Most say more scrutiny of Muslims not warranted**\n\n% saying U.S. Muslims should be ... solely because of their religion\n\nSource: Survey conducted Dec. 8-13, 2015.\n\n**PEW RESEARCH CENTER**\n\n---\n\nPublic concerns that anti-terrorism policies have gone too far in restricting civil liberties have fallen to their lowest level in five years (28%); twice as many (56%) now say their greater concern is that these policies have not gone far enough to adequately protect the country.\n\nHowever, Americans are not much more likely today to support the use of U.S. ground forces against ISIS than they were before the recent terror attacks. Currently, 47% favor the use of U.S. ground forces against ISIS, little changed from July (44%). And overall concerns about the rise of Islamic extremism at home and abroad, while high, are no higher than they were in September 2014.\n\nPerceptions about the relationship between Islam and violence also have not changed significantly since last year – though these opinions, already politically polarized, have become even more so. Currently, 46% say the Islamic religion is more likely than others to encourage violence among its believers; about as many (45%) say the Islamic religion does not encourage violence more than other religions.\n\nAbout two-thirds (68%) of Republicans say Islam is more likely to encourage violence, little changed from September 2014 (67%), but the highest share saying this on a question that dates to 2002. In contrast, the share of Democrats associating Islam with violence has declined 12 percentage points since last year, from 42% to 30%.\n\nIn general, the public rejects by a wide margin the idea of holding U.S. Muslims to increased scrutiny because of their religion. About six-in-ten Americans (61%) say Muslims living in the United States should not be subject to additional scrutiny solely because of their religion; 32% say Muslims"
    },
    "4": {
      "summary": "3\nPEW RESEARCH CENTER\n\nGOP favored on terrorism, gun control; Democrats lead on climate change\n\nWhich party could do a better job ... (%)\nDemocratic Party Republican Party\n\n<table>Terrorist threat34%46%R+12Gun control3743R+6Economy3742R+5Immigration4042R+2Climate change4632D+14Environment5330D+23</table>\n\nSource: Survey conducted Dec. 8-13, 2015.\n\nPEW RESEARCH CENTER\n\nNeither party has a significant advantage on the economy or immigration, while the Democratic Party holds wide leads over the GOP on both climate change (46% to 32%) and the environment (53% to 30%)."
    },
    "5": {
      "summary": "4\n\n**Perceptions of Islam and violence**\n\nAmericans are divided about whether they see Islam as more likely than other religions to encourage violence among its believers: 46% say it is more likely, while 45% say it is not more likely. The share of the public saying that Islam is more likely than other religions to encourage violence has dropped four percentage points since a historical high of 50% in September 2014. For much of the past decade, public views on this measure have been closely divided.\n\nThe partisan divide over whether Islam encourages violence is now as wide as it has ever been. Fully 68% of Republicans say Islam encourages violence more than other religions, a historical high but little changed since last fall. By contrast, just 30% of Democrats say Islam is more likely to encourage violence than other religions, down from 42% in September 2014, but on par with Democratic opinion at other points in recent years.\n\nIndependents remain split over this question: 45% say Islam is more likely to encourage violence than other religions, while the same proportion (45%) say it is not.\n\nIdeological divides are even starker, and growing: About three-quarters (77%) of conservative Republicans say that Islam is more likely to encourage violence than other religions (just 16% say it does not). Liberal Democratic opinion is nearly the inverse: 73% of liberal Democrats say Islam is no more likely than other religions to encourage violence, while 21% believe that it does.\n\n---\n\n**Does the Islamic religion encourage violence more than other religions?**\n\n% who say the Islamic religion is ...\n\nSource: Survey conducted Dec. 8-13, 2015. Don't know responses not shown.\n\n**PEW RESEARCH CENTER**\n\n---\n\n**Wide partisan divide over whether Islam is more likely to encourage violence**\n\n% who say the Islamic religion is more likely than others to encourage violence among its believers ...\n\nSource: Survey conducted Dec. 8-13, 2015.\n\n**PEW RESEARCH CENTER**\n\n---\n\n**Wide partisan divide over whether Islam is more likely to encourage violence**\n\n% who say the Islamic religion is more likely than others to encourage violence among its believers ...\n\nSource: Survey conducted Dec. 8-13, 2015.\n\n**PEW RESEARCH CENTER**\n\n---\n\n**Wide partisan divide over whether Islam is more likely to encourage violence**\n\n% who say the Islamic religion is more likely than others to encourage violence among its believers ...\n\nSource: Survey conducted Dec. 8-13, 2015.\n\n**PEW RESEARCH CENTER**\n\n---\n\n**Wide partisan divide over whether Islam is more likely to encourage violence**\n\n% who say the Islamic religion is more likely than others to encourage violence among its believers ...\n\nSource: Survey conducted Dec. 8-13, 2015.\n\n**PEW RESEARCH CENTER**\n\n---\n\n**Wide partisan divide over whether "
    },
    "6": {
      "summary": "5\nPEW RESEARCH CENTER\n\n---\n\n### Demographic divides in views of Islam and violence\n\n% who say the Islamic religion is more likely than others to encourage violence among its believers ...\n\n|                      | July 2014 | Sept 2014 | Dec 2015 | Sept-Dec diff |\n|----------------------|-----------|-----------|-----------|--------------|\n| Total               | 43        | 50        | 46        | -4           |\n| Men                 | 46        | 53        | 51        | -2           |\n| Women               | 40        | 48        | 41        | -7           |\n| White               | 47        | 53        | 50        | -3           |\n| Black               | 41        | 38        | 30        | -8           |\n| Hispanic            | 36        | 49        | 40        | -9           |\n| 18-29              | 27        | 33        | 32        | -1           |\n| 30-49              | 46        | 49        | 47        | -2           |\n| 50-64              | 47        | 56        | 54        | -2           |\n| 65+                | 52        | 64        | 51        | -13          |\n| Postgrad            | 41        | 44        | 35        | -9           |\n| College grad       | 40        | 50        | 40        | -10          |\n| Some college       | 41        | 49        | 47        | -2           |\n| HS or less         | 47        | 53        | 51        | -2           |\n| Conservative Rep    | 68        | 72        | 77        | +5           |\n| Mod/Lib Rep       | 44        | 52        | 51        | -1           |\n| Cons/Mod Dem      | 36        | 46        | 39        | -7           |\n| Liberal Dem       | 35        | 35        | 21        | -14          |\n| Protestant         | 53        | 59        | 55        | -4           |\n| White evangelical | 64        | 70        | 70        | 0            |\n| White mainline     | 47        | 54        | 51        | -3           |\n| Black Protestant  | 40        | 43        | 33        | -10          |\n| Catholic          | 38        | 53        | 49        | -4           |\n| Unaffiliated      | 30        | 35        | 35        | 0            |\n\nSource: Survey conducted Dec. 8-13, 2015.\nWhites and blacks include only those who are not Hispanic; Hispanics are of any race.\n\n**PEW RESEARCH CENTER**\n\n---\n\nThe share of liberals saying Islam is more likely to encourage violence is down 14-points since the fall of 2014.\n\nJust 32% of those ages 18 to 29 say Islam encourages violence to a greater degree than other faiths, compared with roughly half of those in other age groups. But the age gap in these views is narrower than it was last fall. Today, 51% of Americans 65 and older say Islam is more likely than other religions to encourage violence; last September, 64% said this.\n\nThe view that Islam is more violent than othe"
    },
    "7": {
      "summary": "6\n\nPew Research Center\n\nLittle call for greater scrutiny of Muslims on religious grounds\n\nAbout six-in-ten (61%) Americans say that there should not be additional scrutiny of Muslims living in the U.S. solely based on their religion as a part of the federal government’s efforts to prevent terrorism. About a third (32%) say Muslims should be subject to greater scrutiny than people in other religious groups.\n\nThere are wide partisan and ideological divisions on this question. Republicans are roughly evenly divided (49% greater scrutiny, 44% no additional scrutiny), while clear majorities of independents (62%) and Democrats (76%) say U.S. Muslims should not be subject to greater scrutiny because of their religion.\n\nConservative Republicans, in particular, stand apart from other groups as the sole partisan or ideological group in which a majority supports greater scrutiny of Muslims because of their religion: 57% say this, while just 35% say Muslims should not be subject to more attention. In contrast, 59% of moderate and liberal Republicans say they do not think Muslims should be subject to additional scrutiny; about a third (35%) say they should.\n\nLiberal Democrats are particularly likely to reject the idea of subjecting Muslims living in the U.S. to closer examination than people of other faiths: 87% say Muslims should not be subject to greater scrutiny than those in other groups, while just 12% say they should. And by greater than two-to-one (67% to 27%), more conservative and moderate Democrats say Muslims should not be scrutinized more than others than say they should.\n\nSource: Survey conducted Dec. 8-13, 2015. Don’t know responses not shown.\n\nPew Research Center"
    },
    "8": {
      "summary": "7\n\nPew Research Center\n\nEight-in-ten (80%) young adults (those 18-29) say scrutiny of U.S. Muslims solely because of their religion should not be a part of the federal government's efforts to prevent terrorism. And by about two-to-one (63% vs. 30%), those 30 to 49 years old also say this.\n\nViews are more divided among those ages 50 and older: half (50%) say Muslims living in the U.S. should be subject to more scrutiny than people in other religious groups, while 41% say they should not be subject to additional scrutiny.\n\nNon-whites are more likely than whites to reject the idea of scrutiny of Muslims based on religion: 74% of blacks, along with 66% of Hispanics say Muslims living in the U.S. should not face greater scrutiny solely because of their faith, compared with a narrower majority (57%) of whites.\n\nNearly seven-in-ten postgraduates (69%) and 65% of college graduates say Muslims should not be subject to greater scrutiny. Those without a college degree are somewhat more likely to say Muslims should face more scrutiny because of their religion (34% say this, while 59% say they should not).\n\nYoung people, minorities, less likely to say Muslims should receive greater scrutiny because of their faith\n\nAs part of the federal government's efforts to prevent terrorism, should Muslims living in the U.S. ... (%)\n<table>TotalNot subject to additional scrutiny because of religionBe subject to more scrutiny than people in other religious groupsWhite6132Black5736Hispanic741718-29801730-49633050-64504065+5041Postgrad6928College grad6528Some coll5933HS or less5834Republican4449Independent6231Democrat7620White evangelist4350White mainline5636Black Prot7120Catholic5538Unaffiliated7224</table>\n\nSource: Survey conducted Dec. 8-13, 2015. Whites and blacks include only those who are not Hispanic; Hispanics are of any race Don't know responses not shown.\n\nPew Research Center"
    },
    "9": {
      "summary": "8\n\nPew Research Center\n\n---\n\n### Growing share cite terrorism as the most important problem facing the U.S.\n\nMost important problem facing nation ...\n\n| Dec | Dec | Change |\n|---|---|---|\n| **2014** | **2015** | **Change** |\n| %   | %    |    |\n| Terrorism | 1 | 18 | +17 |\n| Economy (general) | 14 | 9 | -5 |\n| Defense/National security | 2 | 8 | +6 |\n| Immigration | 12 | 7 | -5 |\n| Unemployment | 10 | 7 | -3 |\n| ISIS/War in Iraq/War in Syria | 2 | 7 | +5 |\n| Dissatisfaction with government, Obama | 10 | 6 | -4 |\n| Gun control/Too many guns/Mass shootings | 1 | 5 | +4 |\n| Political gridlock/division | 8 | 5 | -3 |\n\n**NET: Foreign/International**  \n**NET: Terrorism/ISIS/National security**  \n**NET: Economic issues**\n\nSource: Survey conducted Dec. 8-13, 2015.  \nNote: see topline for all mentions and full trend.\n\nPew Research Center"
    },
    "10": {
      "summary": "6\nRep: 16\nDem: 5\nInd: 5\nR+D diff: R+11\nDefense/National security: 14\nImmigration: 24\nTerrorism: 8\nISIS/War in Iraq/War in Syria: 7\nEconomy (general): 4\nDissatisfaction with government, Obama: 4\nGun control/Too many guns/Mass shootings: 4\nUnemployment: 4\nPolitical gridlock/Division: 2\nNET: Foreign/International: 42\nNET: Terrorism/ISIS/National security: 41\nNET: Economic issues: 21\nUnweighted N: 198\nSource: Survey conducted Dec. 8-13, 2015. Differences in bold are statistically significant.\nPew Research Center\n\nThe provided example demonstrates how to extract and summarize key information from a document, focusing on the main topics, tables, figures, and images present on the page."
    },
    "11": {
      "summary": "10\nPEW RESEARCH CENTER\n\nViews of how the government is handling the terrorist threat\n\nAmericans' ratings of the government's efforts to reduce the threat of terrorism are now lower than at any point since the September 2001 terrorist attacks. For the first time, more now say the government is doing not too well or not at all well in reducing the threat of terrorism (52%) than say the government is doing either very or fairly well (46%). Positive ratings have fallen 26 points since January (when 72% said very/fairly well).\n\nCompared to early 2015, assessments of government efforts to combat terrorism are more negative across the political spectrum. Democrats are now the only partisan group in which a majority (64%) say the government is doing at least fairly well (down from 85% in January). Independents' positive ratings have dropped 25 points, from 69% to 44%. And just 27% of Republicans now say the government is doing very or fairly well reducing the terrorist threat, down from 63% at the beginning of the year.\n\nThe views of conservative Republicans, in particular, have turned sharply critical: In January, 59% said the government was doing very well or fairly well; today, only 18% say this.\n\nAcross-the-board drop in ratings of govt efforts to reduce terrorist threat\n\n% saying govt is doing very/fairly well in reducing the threat of terrorism\n\nSource: Survey conducted Dec. 8-13, 2015.\n\nPew Research Center"
    },
    "12": {
      "summary": "11\nPEW RESEARCH CENTER\n\n---\n\n**Older and less educated Americans are somewhat more likely than younger and more highly educated Americans to give the government low marks for the job it is doing reducing the threat of terrorism.**\n\nAmong those 50 and older, a majority (57%) say the government is not doing well reducing the terrorist threat (42% say that it is). In contrast, 46% of younger adults (those 18-29 years old) give the government’s performance a negative rating, while 53% say it is doing very or fairly well.\n\nEvaluations of the government’s job reducing the threat of terrorism are more positive among those with a postgraduate degree than among other educational groups: 58% say the government is doing very or fairly well, while 40% say it is doing not too or not at all well. By comparison, 48% of those with a bachelor’s degree, and 44% of those with less education, rate the government’s performance positively.\n\n---\n\n**Older, less educated give more negative ratings of govt efforts against terrorism**\n\nHow well is govt doing reducing threat of terrorism?\n\n|                      | Very/Fairly well | Not too/Not at all well | DK |\n|-----------------------|------------------|-------------------------|----|\n| Total               | 46               | 52                     | 2=100|\n| 18-29               | 53               | 46                     | 2=100|\n| 30-49               | 47               | 51                     | 2=100|\n| 50-64               | 43               | 56                     | 1=100|\n| 65+                 | 40               | 58                     | 2=100|\n| Postgrad             | 58               | 40                     | 2=100|\n| College degree      | 48               | 51                     | 1=100|\n| Some college        | 44               | 54                     | 2=100|\n| HS or less          | 43               | 55                     | 2=100|\n| Republican          | 27               | 72                     | 1=100|\n| Conservative       | 18               | 81                     | *=100|\n| Mod/Liberal        | 46               | 54                     | 0=100|\n| Independent        | 44               | 55                     | 1=100|\n| Democrat           | 64               | 34                     | 2=100|\n| Conserv/Mod       | 54               | 45                     | 2=100|\n| Liberal            | 76               | 23                     | 1=100|\n\nSource: Survey conducted Dec. 8-13, 2015. Figures may not add to 100% because of rounding. Whites and blacks include only those who are not Hispanic; Hispanics are of any race.\n\n**PEW RESEARCH CENTER**"
    },
    "13": {
      "summary": "12\nPEW RESEARCH CENTER\n\n---\n\nBy two-to-one, Americans now say that they are more concerned that the government's anti-terror policies have not gone far enough to protect the country (56%), rather than that these policies have gone too far in restricting the average person’s civil liberties (28%). Since the start of the year, there has been a seven percentage-point rise in the share expressing concern that these policies have not gone far enough.\n\nConcern over government restrictions on civil liberties has fallen dramatically since July 2013, following Edward Snowden’s leaked details about NSA surveillance programs. At that time, more expressed concern that government policies had gone too far restricting civil liberties (47%) than that they did not go far enough to protect the country (35%).\n\nThe share expressing greater concern that policies do not go far enough to protect the country is now roughly the same as the historical high seen in early 2010, shortly after the failed Christmas-Day terrorist attack on an airliner en route to Detroit (when 58% said policies did not go far enough).\n\nSource: Survey conducted Dec. 8-13, 2015. Don't know responses not shown.\n\nPEW RESEARCH CENTER"
    },
    "14": {
      "summary": "13\n\nThe provided code snippet is a sample HTML document containing a paragraph about Republicans and Democrats having more liberal policies than anti-terrorism policies. It includes a table summarizing the percentage of each party's policies in 2013 compared to the percentage of Republicans who support stricter gun control laws. The table is followed by a section titled \"Most Republicans say govt anti-terror policies have not gone 'far enough'.\"\n\nHere's a breakdown of the HTML structure and the corresponding output:\n\n```html\n<!DOCTYPE html>\n<html lang=\"en\">\n<head>\n    <meta charset=\"UTF-8\">\n    <title>Pew Research Center</title>\n</head>\n<body>\n    <h1>Pew Research Center</h1>\n    <p>Both Republicans and Democrats have become more likely to say that the government’s anti-terrorism policies do not go far enough to protect the country (rather than that they have gone too far restricting civil liberties) since Snowden’s disclosures in 2013. But the shift has been more pronounced among Republicans. Slightly more than seven-in-ten Republicans (71%) now say their greater concern is that anti-terrorism policies do not go far enough, up 14 points since January (57%) and 33 points since July 2013 (38%).</p>\n    <p>A narrower majority of Democrats (54%) now say their greater concern is that government policies do not go far enough, up somewhat since January and 16 points since 2013.</p>\n    <p>Today, similar proportions of conservative Republicans (71%), moderate and liberal Republicans (74%) and conservative and moderate Democrats (67%) say their greater concern is that anti-terrorism policies have not gone far enough. By contrast, equal shares of liberal Democrats say their greater concern is that policies have gone too far in restricting average people’s civil liberties as say they worry more that these policies have not gone far enough to protect the country (41% each).</p>\n    <p>Adults under 30 are split between concerns that U.S. policies place too many restrictions on civil liberties (43%) and that they do not go far enough to protect the country (44%). Majorities in every other age group are more concerned about security than civil liberties, though this concern is more pronounced among those 65 and older (71% say this) than those 30-49 (52%) or 50-64 (60%).</p>\n    <table><tbody>\nTotal285616=10018-29434413=10030-49325216=10050-64216020=10065+157114=100</tbody></table>\nSource: Survey conducted Dec. 8-13, 2015. Figures may not add to 100% because of rounding.\n\n<Pew Research Center\n```\n\nThis HTML snippet provides a detailed analysis of public opinion regarding government policies related to civil liberties and national security, comparing Republican and Democratic views on the topic. The table summarizes the percentage of Republicans and Democrats who be"
    },
    "15": {
      "summary": "14\nPEW RESEARCH CENTER\n\n---\n\n### ISIS ranks high as the top global threat to U.S.\n\nThe Islamic militant group known as ISIS has risen higher atop the public’s list of global threats to the U.S. Overall, 83% say ISIS is a major threat to the well-being of the United States, while 13% say it is a minor threat and just 3% say it is not a threat. Since August 2014, the public has become 16 points more likely to view ISIS as a major threat to the U.S.\n\nFor the public, no other international concern comes close to posing the same level of threat as ISIS. Ranking second on the global threats list is Iran’s nuclear program: 62% say this is a major threat to the well-being of the U.S. – 21 points fewer than say the same about ISIS.\n\nAnd while major concern over ISIS is up 16 points from August 2014, no other concern has seen a significant rise in the share viewing it as a major threat to the U.S. since the summer of 2014.\n\n---\n\nSource: Survey conducted Dec. 8-13, 2015.\n* August 2014 survey asked about ‘growing tension between Russian and its neighbors.’\n\n**PEW RESEARCH CENTER**\n\n---\n\nThe survey, which was in the field during the UN climate change conference in Paris, finds 49% say global climate change is a major threat to the U.S., little different than the 48% who said this in August 2014."
    },
    "16": {
      "summary": "15\nPEW RESEARCH CENTER\n\n---\n\n### Partisan differences in views of top threats to U.S.\n\n% saying each is a major threat to well-being of the United States ...\n\n| Category | Percentage |\n|----------|------------|\n| Republican | 79        |\n| Democrat | 52        |\n| Independent | 60       |\n| R-D diff | 56        |\n| Israel-Palestinian conflict | 38      | +18 |\n| China's emergence as a world power | 44     | +18 |\n| The Islamic militant group in Iraq and Syria, known as ISIS | 39    | +14 |\n| North Korea's nuclear program | 70    | +13 |\n| Growing authoritarianism in Russia | 50    | +10 |\n| Global climate change | 40    | +10 |\n| Global climate change | 22    | -51 |\n\nSource: Survey conducted Dec. 8-13, 2015.\n\n---\n\nBy contrast, on the issue of global climate change, far more Democrats (73%) than independents (49%) or Republicans (22%) view this as a major threat to the U.S. The 51-point gap in the share of Democrats and Republicans who view global climate change as a major threat is as large a gap measured since Pew Research began asking the question in the fall of 2009."
    },
    "17": {
      "summary": "16\nPEW RESEARCH CENTER\n\n---\n\n**Views of the U.S. campaign against ISIS**\n\nThe recent attacks in Paris, France and San Bernardino, Calif. have not led to a fundamental shift in how the public views the U.S. military campaign against Islamic militants in Iraq and Syria.\n\nOverall, a 64%-majority continues to say they approve of the U.S. military campaign against Islamic militants in Iraq and Syria, while just 28% say they disapprove. Support for the U.S. military effort has been steady over the course of 2015.\n\nDemocrats (67%) and Republicans (69%) continue to be about equally likely to approve of the military campaign. Slightly fewer (60%) independents express approval.\n\n---\n\nMost continue to support U.S. military campaign against ISIS\n\n% who ___ of the U.S. military campaign against Islamic militants in Iraq and Syria\n\nSource: Survey conducted Dec. 8-13, 2015.\nDon't know responses not shown.\n* September 2014 survey asked about Barack Obama's plan for a military campaign against militants in Iraq and Syria. August 2014 survey asked about U.S. airstrikes against militants in Iraq only.\n\nPEW RESEARCH CENTER"
    },
    "18": {
      "summary": "17\nPEW RESEARCH CENTER\n\n---\n\n### Current assessments of U.S. military campaign, prospects for success\n\nCurrent ratings of how well the U.S. military effort against ISIS is going remain negative, but there has been an uptick in the view that the U.S. and its allies will ultimately be successful.\n\nAbout six-in-ten (58%) say the U.S. effort against Islamic militants in Iraq and Syria is going either not too well (39%) or not at all well (19%); 35% say the campaign is going either very (7%) or fairly (28%) well. Views have changed little on this question over the course of the past year, with majorities consistently offering negative assessments of the current state of the campaign.\n\nViews are more positive when it comes to whether the U.S. and its allies will succeed or fail in their military campaign against ISIS.\n\nTwo-thirds (66%) now say they think the U.S. and its allies will either definitely or probably succeed in their campaign against Islamic militants in Iraq and Syria, while just 27% say they will definitely or probably fail. The share who say the U.S. and its allies will succeed is up 11 points from July (from 55%).\n\nThere are wide partisan divides in current assessments of the campaign against ISIS, but more modest ones in predictions of its ultimate success: 45% of Democrats, compared with 33% of independents and just 26% of Republicans say the campaign is going at least fairly well. Six-in-ten or more Republicans (65%), Democrats (72%) and independents (62%) say it will ultimately be successful.\n\n---\n\n### Few say current military effort in Iraq and Syria is going well\n\n% who say U.S. military campaign against Islamic militants in Iraq and Syria is going ...\n\n| Dec 2015 | Not too/at all well | Very/Fairly well |\n|----------|-------------------|----------------|\n| 58        | 35                | 3              |\n| 62        | 30                | 8              |\n| 58        | 36                | 6              |\n| 58        | 34                | 12             |\n\nSource: Survey conducted Dec. 8-13, 2015.\nDon’t know responses not shown.\n\n---\n\n### More long-term optimism in ISIS fight\n\n% who say U.S. and its allies will in their military campaign against Islamic militants in Iraq and Syria\n\n| 56 | 27 | 15 | 10 |\n|----|----|----|----|\n\nSource: Survey conducted Dec. 8-13, 2015.\nDon’t know responses not shown.\n\n---\n\n**PEW RESEARCH CENTER**\n\n---\n\nwww.pewresearch.org"
    },
    "19": {
      "summary": "18 years old, 55 years old, 37 years old, 8 years old, 50 years old, 52 years old, 8 years old, 11 years old, 35 years old, 55 years old, 11 years old, 7 years old, 6 years old, 9 years old, 6 years old, 27 years old, 6 years old, 6 years old, 6 years old, 6 years old, 6 years old, 6 years old, 6 years old, 6 years old, 6 years old, 6 years old, 6 years old, 6 years old, 6 years old, 6 years old, 6 years old, 6 years old, 6 years old, 6 years old, 6 years old, 6 years old, 6 years old, 6 years old, 6 years old, 6 years old, 6 years old, 6 years old, 6 years old, 6 years old, 6 years old, 6 years old, 6 years old, 6 years old, 6 years old, 6 years old, 6 years old, 6 years old, 6 years old, 6 years old, 6 years old, 6 years old, 6 years old, 6 years old, 6 years old, 6 years old, 6 years old, 6 years old, 6 years old, 6 years old, 6 years old, 6 years old, 6 years old, 6 years old, 6 years old, 6 years old, 6 years old, 6 years old, 6 years old, 6 years old, 6 years old, 6 years old, 6 years old, 6 years old, 6 years old, 6 years old, 6 years old, 6 years old, 6 years old, 6 years old, 6 years old, 6 years old, 6 years old, 6 years old, 6 years old, 6 years old, 6 years old, 6 years old, 6 years old, 6 years old, 6 years old, 6 years old, 6 years old, 6 years old, 6 years old, 6 years old, 6 years old, 6 years old, 6 years old, 6 years old, 6 years old, 6 years old, 6 years old, 6 years old, 6 years old, 6 years old, 6 years old, 6 years old, 6 years old, 6 years old, 6 years old, 6 years old, 6 years old, 6 years old, 6 years old, 6 years old, 6 years old, 6 years old, 6 years old, 6 years old, 6 years old, 6 years old, 6 years old, 6 years old, 6 years old, 6 years old, 6 years old, 6 years old, 6 years old, 6 years old, 6 years old, 6 years old, 6 years old, 6 years old, 6 years old, 6 years old, 6 years old, 6 years old, 6 years old, 6 years old, 6 years old, 6 years old, 6 years old, 6 years old, 6 years old, 6 years old, 6 years old, 6 years old, 6 years old, 6 years old, 6 years old, 6 years old, 6 years old, 6 years old, 6 years old, 6 years old, 6 years old, 6 years old, 6 years old, 6 years old, 6 years old, 6 years old, 6 years old, 6 years old, 6 years old, 6 years old, 6 years old, 6 years old, 6 years old, 6 years old, 6 years old, 6 years old, 6 years old, 6 years old, 6 years old, 6 years old, 6 years old, 6 years old, 6 years old, 6 years old, 6 years old, 6 years old, 6 years old, 6 years old, 6 years old, 6 years old, 6 years old, 6 years old, 6 years old, 6 years old, 6 years old, 6 years old, 6 years old, 6 years old, 6 years old, 6 years old, 6 years old, 6 years old, 6 years old, 6 years old, 6 years old, 6 years old, 6 years old, 6 years old, 6 years old, 6 years old, 6 years old, 6 years old, 6 years old, 6 years old, 6 years "
    },
    "20": {
      "summary": "19\nPEW RESEARCH CENTER\n\n---\n\n**Public split over use of ground troops**\n\n% who say they would ___ the U.S. sending ground troops to fight Islamic militants in Iraq and Syria\n\nSource: Survey conducted Dec. 8-13, 2015.\nDon't know responses not shown.\n\n**PEW RESEARCH CENTER**\n\n---\n\n**Two-thirds of Republicans favor sending U.S. ground troops to Iraq and Syria**\n\n% who say they would ___ the U.S. sending ground troops to fight Islamic militants in Iraq and Syria\n\nSource: Survey conducted Dec. 8-13, 2015.\nFigures may not add to 100% because of rounding.\n\n**PEW RESEARCH CENTER**\n\n---\n\n**Public split over use of ground troops**\n\n% who say they would ___ the U.S. sending ground troops to fight Islamic militants in Iraq and Syria\n\nSource: Survey conducted Dec. 8-13, 2015.\nFigures may not add to 100% because of rounding.\n\n**PEW RESEARCH CENTER**\n\n---\n\n**Two-thirds of Republicans favor sending U.S. ground troops to Iraq and Syria**\n\n% who say they would ___ the U.S. sending ground troops to fight Islamic militants in Iraq and Syria\n\nSource: Survey conducted Dec. 8-13, 2015.\nFigures may not add to 100% because of rounding.\n\n**PEW RESEARCH CENTER**\n\n---\n\n**Two-thirds of Republicans favor sending U.S. ground troops to Iraq and Syria**\n\n% who say they would ___ the U.S. sending ground troops to fight Islamic militants in Iraq and Syria\n\nSource: Survey conducted Dec. 8-13, 2015.\nFigures may not add to 100% because of rounding.\n\n**PEW RESEARCH CENTER**\n\n---\n\n**Two-thirds of Republicans favor sending U.S. ground troops to Iraq and Syria**\n\n% who say they would ___ the U.S. sending ground troops to fight Islamic militants in Iraq and Syria\n\nSource: Survey conducted Dec. 8-13, 2015.\nFigures may not add to 100% because of rounding.\n\n**PEW RESEARCH CENTER**\n\n---\n\n**Two-thirds of Republicans favor sending U.S. ground troops to Iraq and Syria**\n\n% who say they would ___ the U.S. sending ground troops to fight Islamic militants in Iraq and Syria\n\nSource: Survey conducted Dec. 8-13, 2015.\nFigures may not add to 100% because of rounding.\n\n**PEW RESEARCH CENTER**\n\n---\n\n**Two-thirds of Republicans favor sending U.S. ground troops to Iraq and Syria**\n\n% who say they would ___ the U.S. sending ground troops to fight Islamic militants in Iraq and Syria\n\nSource: Survey conducted Dec. 8-13, 2015.\nFigures may not add to 100% because of rounding.\n\n**PEW RESEARCH CENTER**\n\n---\n\n**Two-thirds of Republicans favor sending U.S. ground troops to Iraq and Syria**\n\n% who say they would ___ the U.S. sending ground troops to fight Islamic militants in Iraq and Syria\n\nSource: Survey conducted Dec. 8-13, 2015.\nFigures may not add to 100% because of rounding.\n\n**PEW RESEARCH CENTER**\n\n---\n\n**Two-thirds of Republicans favor sending U.S. ground troops to Iraq and Syria**\n\n% who say they would ___ the"
    },
    "21": {
      "summary": "20\nPEW RESEARCH CENTER\n\nViews of military force and terrorism\n% who say ...\n\nRelying too much on force creates hatred, more terrorism\n\nSource: Survey conducted Dec. 8-13, 2015.\nDon’t know responses not shown.\n\nPEW RESEARCH CENTER\n\nMost Republicans see overwhelming military force as best to defeat terrorism\n% who say ...\n\nRelying too much on force creates hatred, more terrorism\n\nTotal\n\nRepublican\n\nDemocrat\n\nIndependent\n\nSource: Survey conducted Dec. 8-13, 2015.\nDon’t know responses not shown.\n\nPEW RESEARCH CENTER\n\nBoth Republicans' and independents' support for overwhelming military force as the best way to defeat terrorism rose sharply in February of this year, compared with surveys over the last decade. Since February 2015, however, partisan views have shown little change.\n\nSource: Pew Research Center"
    },
    "22": {
      "summary": "21\nPEW RESEARCH CENTER\n\nWhile the public is divided on the wisdom of using overwhelming force to defeat terrorism, most see the U.S. as doing more good than harm when it comes to confronting world problems more generally.\n\nOverall, 55% say that problems in the world would be even worse without U.S. involvement, compared with fewer (38%) who say U.S. efforts to solve problems around the world usually end up making things worse. Views on this question are unchanged from March of last year, the first time it was asked by the Pew Research Center.\n\nComparable majorities of both Republicans (62%) and Democrats (56%) say world problems would be worse without U.S. involvement.\n\nBut there is an ideological divide on this question within the Democratic Party. By two to one (62%-31%) more conservative and moderate Democrats say problems in the world would be worse without U.S. efforts. Among liberal Democrats, about as many say U.S. efforts to solve problems usually end up making things worse (45%) as say problems in the world would be even worse without U.S. involvement (50%)."
    },
    "23": {
      "summary": "22\nPEW RESEARCH CENTER\n\nConcern over Islamic extremism at home and abroad\n\nConcern over Islamic extremism\n\n% who say they are concerned about the rise of ...\n\n<table>VerySomewhatNot too/Not at allIslamic extremism around the world"
    },
    "24": {
      "summary": "23\nPEW RESEARCH CENTER\n\n---\n\n**Obama’s rating on dealing with terrorist threat slides**\n\nThe public continues to have divided views of Barack Obama's job performance: 46% approve and 49% disapprove of the way he is handling his job as president. His overall rating is little changed over the course of 2015.\n\nObama’s ratings for handling the economy (43% approve) and immigration policy (37% approve) are more negative than positive. He receives mixed ratings for his handling of global climate change (45% approve, 40% disapprove) and race relations (44% approve, 47% disapprove).\n\nAnd for the first time in his presidency, more Americans say they disapprove of the way Obama is handling the threat of terrorism (57%) than approve (37%).\n\nOver the course of his first term, the public generally gave Obama positive marks for his handling of the threat of terrorism, peaking at 69% approval in May 2011 following the killing of Osama bin Laden. But his ratings were divided earlier this year (46% approval in May) and now are in negative territory.\n\n---\n\n**Obama’s performance on key issues**\n\nDo you approve or disapprove of the way Barack Obama is handling ... (%)\n- Disapprove\n- Approve\n\nGlobal climate change 49 40 45\nRace relations 47 44 43\nEconomy 51 37 37\nThreat of terrorism 57 36 37\nImmigration policy 56 37\n\nSource: Survey conducted Dec. 8-13, 2015.\nDon't know responses not shown.\n\nPEW RESEARCH CENTER\n\n---\n\n**Majority of Americans now disapprove of Obama’s handling of terrorism**\n\nDo you approve or disapprove of the way Barack Obama is handling the threat of terrorism (%)\n- Disapprove\n- Approve\n\n09 10 11 12 13 14 15\n\nSource: Survey conducted Dec. 8-13, 2015.\nDon't know responses not shown.\n\nPEW RESEARCH CENTER"
    },
    "25": {
      "summary": "24\nPEW RESEARCH CENTER\n\nViews of Obama’s handling of the threat of terrorism have always been strongly associated with partisanship. And his ratings have dropped across all partisan groups.\n\nToday, Democrats continue to largely approve of Obama’s handling of the terrorist threat, though to a lesser extent than earlier in his presidency. Nearly two-thirds (64%) of Democrats now say they approve, while 29% disapprove. In May, 72% of Democrats approved of his handling of the terrorist threat.\n\nOnly 11% of Republicans approve of Obama’s handling of the threat posed by terrorism while nearly nine-in-ten (87%) disapprove.\n\nApproval on this issue among independents has also reached a historical low. Only a third of independents (33%) now approve of the way Obama is handling the threat of terrorism; roughly six-in-ten (61%) offer a negative appraisal.\n\nObama’s rating on handling of terrorist threat drops across the board\n\n% who approve of the way Barack Obama is handling the threat of terrorism ...\n\nSource: Survey conducted Dec. 8-13, 2015. Don't know responses not shown.\n\nPew Research Center"
    },
    "26": {
      "summary": "25\nPEW RESEARCH CENTER\n\n---\n\n### More say Obama ‘not tough enough’ on foreign policy\n\n**Majority says Obama is ‘not tough enough’ on foreign policy**\n\n% saying when it comes to foreign policy and national security, Obama is ...\n\n|                      | June 2009 | April 2010 | Sept 2010 | Nov 2013 | Aug 2014 | Jan 2015 | July 2015 | Dec 2015 |\n|----------------------|----------|------------|------------|-----------|-----------|-----------|-----------|---------|\n| Too tough            | 2        | 2          | 2          | 2         | 5         | 3         | 5         | 4       |\n| Not tough enough     | 38       | 47         | 41         | 51        | 54        | 55        | 53        | 58      |\n| About right          | 51       | 41         | 42         | 37        | 36        | 37        | 37        | 34      |\n| Don't know          | 8        | 10         | 15         | 6         | 7         | 3         | 3         | 6       |\n\nSource: Survey conducted Dec. 8-13, 2015.\nFigures may not add to 100% because of rounding.\n\n---\n\n### Partisan views on Obama’s approach to foreign policy\n\n% saying Barack Obama is ______ in his approach to foreign policy and national security issues ...\n\n|                     | Too tough | Not tough enough | About right | DK |\n|---------------------|------------|--------------------|-------------|-----|\n| Total               | 2          | 58                 | 34          | 6=100 |\n| Republican           | 1          | 84                 | 9           | 6=100 |\n| Conservative        | 1          | 89                 | 4           | 5=100 |\n| Mod/Liberal        | 1          | 72                 | 19          | 7=100 |\n| Independent        | 3          | 61                 | 30          | 6=100 |\n| Democrat           | 2          | 35                 | 58          | 5=100 |\n| Conserv/Mod        | 3          | 45                 | 47          | 6=100 |\n| Liberal            | 2          | 26                 | 69          | 3=100 |\n\nSource: Survey conducted Dec. 8-13, 2015.\nFigures may not add to 100% because of rounding.\n\n---\n\n**PEW RESEARCH CENTER**\n\n---\n\nwww.pewresearch.org"
    },
    "27": {
      "summary": "26\nPEW RESEARCH CENTER\n\n---\n\nThe analysis in this report is based on telephone interviews conducted December 8-13, 2015 among a national sample of 1,500 adults, 18 years of age or older, living in all 50 U.S. states and the District of Columbia (525 respondents were interviewed on a landline telephone, and 975 were interviewed on a cell phone, including 582 who had no landline telephone). The survey was conducted by interviewers at Princeton Data Source under the direction of Princeton Survey Research Associates International. A combination of landline and cell phone random digit dial samples were used; both samples were provided by Survey Sampling International. Interviews were conducted in English and Spanish. Respondents in the landline sample were selected by randomly asking for the youngest adult male or female who is now at home. Interviews in the cell sample were conducted with the person who answered the phone, if that person was an adult 18 years of age or older. For detailed information about our survey methodology, see http://www.pewresearch.org/methodology/u-s-survey-research/\n\n---\n\nThe combined landline and cell phone sample are weighted using an iterative technique that matches gender, age, education, race, Hispanic origin and nativity and region to parameters from the 2013 Census Bureau's American Community Survey and population density to parameters from the Decennial Census. The sample also is weighted to match current patterns of telephone status (landline only, cell phone only, or both landline and cell phone), based on extrapolations from the 2014 National Health Interview Survey. The weighting procedure also accounts for the fact that respondents with both landline and cell phones have a greater probability of being included in the combined sample and adjusts for household size among respondents with a landline phone. The margins of error reported and statistical tests of significance are adjusted to account for the survey’s design effect, a measure of how much efficiency is lost from the weighting procedures."
    },
    "28": {
      "summary": "27\nPEW RESEARCH CENTER\n\nThe following table shows the unweighted sample sizes and the error attributable to sampling that would be expected at the 95% level of confidence for different groups in the survey:\n\n| Group       | Unweighted sample size | Plus or minus ... |\n|-------------|--------------------------|-------------------|\n| Total sample | 1,500                   | 2.9 percentage points |\n| Republican  | 416                     | 5.5 percentage points |\n| Conservative Republican | 291 | 6.6 percentage points |\n| Moderate/Liberal Republican | 121 | 10.2 percentage points |\n| Independent | 557                    | 4.8 percentage points |\n| Democrat    | 446                    | 5.3 percentage points |\n| Conserv/Moderate Democrat | 217 | 7.6 percentage points |\n| Liberal Democrat | 222                  | 7.5 percentage points |\n\nForm 1: 731\nForm 2: 769\n\nSample sizes and sampling errors for other subgroups are available upon request.\n\nIn addition to sampling error, one should bear in mind that question wording and practical difficulties in conducting surveys can introduce error or bias into the findings of opinion polls.\n\nPew Research Center is a nonprofit, tax-exempt 501(c)(3) organization and a subsidiary of The Pew Charitable Trusts, its primary funder.\n\n© Pew Research Center, 2015"
    }
  }
}
