{
  "doc_id": "2021-Apple-Catalog.pdf",
  "pages": {
    "1": {
      "summary": "2021 Product Catalog"
    },
    "2": {
      "summary": "2020-12-31\n\nInVue Overview.................................................................................................................. iii\nOneKEY ecosystem ............................................................................................................ iv\nInVue and Brands ............................................................................................................. v\niPhone & iPad Solutions ................................................................................................... 1\niPad + Keyboard Solutions ...............................................................................................10\nMacBook Solutions ......................................................................................................... 13\nApple Watch Solutions ................................................................................................. 18\nHomePod Solutions ...................................................................................................... 27\nApple Accessory Solutions ....................................................................................... 31\nOther InVue Solutions for Apple Merchandise ............................................................ 35\nOneKEY™ ecosystem .................................................................................................. 36\nOrdering Instructions .................................................................................................. 38\nInVue Customer Service Centers ................................................................................. 48"
    },
    "3": {
      "summary": "1. Carefully read and analyze the page content.\n2. Identify the main topics, key points, and important details presented on the page.\n3. Note any tables, figures, charts, diagrams, or images on the page and briefly describe their content and purpose.\n4. Create a structured summary that captures:\n   - The essential textual information from the page\n   - Descriptions of any visual elements (tables, figures, images, etc.)\n   - Any particularly notable or unique information\n\nPlease follow these steps to create your summary:\n\n1. Carefully read and analyze the page content.\n2. Identify the main topics, key points, and important details presented on the page.\n3. Note any tables, figures, charts, diagrams, or images on the page and briefly describe their content and purpose.\n4. Create a structured summary that captures:\n   - The essential textual information from the page\n   - Descriptions of any visual elements (tables, figures, images, etc.)\n   - Any particularly notable or unique information\n\nPlease follow these steps to create your summary:\n\n1. Carefully read and analyze the page content.\n2. Identify the main topics, key points, and important details presented on the page.\n3. Note any tables, figures, charts, diagrams, or images on the page and briefly describe their content and purpose.\n4. Create a structured summary that captures:\n   - The essential textual information from the page\n   - Descriptions of any visual elements (tables, figures, images, etc.)\n   - Any particularly notable or unique information\n\nPlease follow these steps to create your summary:\n\n1. Carefully read and analyze the page content.\n2. Identify the main topics, key points, and important details presented on the page.\n3. Note any tables, figures, charts, diagrams, or images on the page and briefly describe their content and purpose.\n4. Create a structured summary that captures:\n   - The essential textual information from the page\n   - Descriptions of any visual elements (tables, figures, images, etc.)\n   - Any particularly notable or unique information\n\nPlease follow these steps to create your summary:\n\n1. Carefully read and analyze the page content.\n2. Identify the main topics, key points, and important details presented on the page.\n3. Note any tables, figures, charts, diagrams, or images on the page and briefly describe their content and purpose.\n4. Create a structured summary that captures:\n   - The essential textual information from the page\n   - Descriptions of any visual elements (tables, figures, images, etc.)\n   - Any particularly notable or unique information\n\nPlease follow these steps to create your summary:\n\n1. Carefully read and analyze the page content.\n2. Identify the main topics, key points, and important details presented on the page.\n3. Note any tables, figures, ch"
    },
    "4": {
      "summary": "1. Assign a unique code per store, 12 hour time-out feature for greater protection, and ability to create zones and audit employee use.\n2. Monitor, understand and manage associate interactions through software analytics. Know who did what, where and when.\n3. The synergy gained from aligning brand displays with existing retailer technology results in increased profits.\n4. The synergy gained from aligning brand displays with existing retailer technology results in increased profits.\n5. The synergy gained from aligning brand displays with existing retailer technology results in increased profits.\n6. The synergy gained from aligning brand displays with existing retailer technology results in increased profits.\n7. The synergy gained from aligning brand displays with existing retailer technology results in increased profits.\n8. The synergy gained from aligning brand displays with existing retailer technology results in increased profits.\n9. The synergy gained from aligning brand displays with existing retailer technology results in increased profits.\n10. The synergy gained from aligning brand displays with existing retailer technology results in increased profits.\n11. The synergy gained from aligning brand displays with existing retailer technology results in increased profits.\n12. The synergy gained from aligning brand displays with existing retailer technology results in increased profits.\n13. The synergy gained from aligning brand displays with existing retailer technology results in increased profits.\n14. The synergy gained from aligning brand displays with existing retailer technology results in increased profits.\n15. The synergy gained from aligning brand displays with existing retailer technology results in increased profits.\n16. The synergy gained from aligning brand displays with existing retailer technology results in increased profits.\n17. The synergy gained from aligning brand displays with existing retailer technology results in increased profits.\n18. The synergy gained from aligning brand displays with existing retailer technology results in increased profits.\n19. The synergy gained from aligning brand displays with existing retailer technology results in increased profits.\n20. The synergy gained from aligning brand displays with existing retailer technology results in increased profits.\n21. The synergy gained from aligning brand displays with existing retailer technology results in increased profits.\n22. The synergy gained from aligning brand displays with existing retailer technology results in increased profits.\n23. The synergy gained from aligning brand displays with existing retailer technology results in increased profits.\n24. The synergy gained from aligning brand displays with existing retailer technology results in increased profits."
    },
    "5": {
      "summary": "1. Investing over 7%+ yearly in research and development. Custom designed testing equipment to simulate actual in-store use.\n   90,000 sq. ft innovation, quality, design and service center in Charlotte, NC\n\n: 1. Leveraging extensive retail experience and investments to bring innovative solutions to market.\n    Broad merchandising and security portfolio alongside data and analytics that give insight into customer behavior and interactions\n\n: A history working with brands at the Headquarter, Regional and Retail level to maintain a comprehensive understanding of the brands ecosystem.\nOffering products that balance the desire for high experience with the need for security.\n\n: Global presence and local support in 90+ countries.\nInnovative concepts that are informed by a global retail landscape.\nDedicated white-glove service for brands at the HQ, Regional and Local levels.\n\n: Global presence and local support in 90+ countries.\nInnovative concepts that are informed by a global retail landscape.\nDedicated white-glove service for brands at the HQ, Regional and Local levels.\n\n: A history working with brands at the Headquarter, Regional and Retail level to maintain a comprehensive understanding of the brands ecosystem.\nOffering products that balance the desire for high experience with the need for security.\n\n: Global presence and local support in 90+ countries.\nInnovative concepts that are informed by a global retail landscape.\nDedicated white-glove service for brands at the HQ, Regional and Local levels.\n\n: Global presence and local support in 90+ countries.\nInnovative concepts that are informed by a global retail landscape.\nDedicated white-glove service for brands at the HQ, Regional and Local levels.\n\n: Global presence and local support in 90+ countries.\nInnovative concepts that are informed by a global retail landscape.\nDedicated white-glove service for brands at the HQ, Regional and Local levels.\n\n: Global presence and local support in 90+ countries.\nInnovative concepts that are informed by a global retail landscape.\nDedicated white-glove service for brands at the HQ, Regional and Local levels.\n\n: Global presence and local support in 90+ countries.\nInnovative concepts that are informed by a global retail landscape.\nDedicated white-glove service for brands at the HQ, Regional and Local levels.\n\n: Global presence and local support in 90+ countries.\nInnovative concepts that are informed by a global retail landscape.\nDedicated white-glove service for brands at the HQ, Regional and Local levels.\n\n: Global presence and local support in 90+ countries.\nInnovative concepts that are informed by a global retail landscape.\nDedicated white-glove service for brands at the HQ, Regional and Local levels.\n\n: Global presence and local support in 90+ countries.\nInnovative co"
    },
    "6": {
      "summary": "1. Carefully read and analyze the page content.\n2. Identify the main topics, key points, and important details presented on the page.\n3. Note any tables, figures, charts, diagrams, or images on the page and briefly describe their content and purpose.\n4. Create a structured summary that captures:\n   - The essential textual information from the page\n   - Descriptions of any visual elements (tables, figures, images, etc.)\n   - Any particularly notable or unique information\n\nPlease follow these steps to create your summary:\n\n1. Carefully read and analyze the page content.\n2. Identify the main topics, key points, and important details presented on the page.\n3. Note any tables, figures, charts, diagrams, or images on the page and briefly describe their content and purpose.\n4. Create a structured summary that captures:\n   - The essential textual information from the page\n   - Descriptions of any visual elements (tables, figures, images, etc.)\n   - Any particularly notable or unique information\n\nPresent your summary within <summary> tags. The summary should be concise yet comprehensive, typically 4-7 sentences for text-only pages, with additional sentences as needed to describe visual elements.\n\nFor visual elements, please use these specific tags:\n<table_summary>Table 1: [Brief description of what the table shows]</table_summary>\n\n<table><tr><td>iPhone SE</td><iPhone 11 Pro</td><iPhone 11</td><iPhone Xs</td><iPhone XR</td><iPhone 13</td><iPhone 13 Pro</td><iPad Pro</td><iPad Air</td><iPad</td><iPad mini 4</td></table>"
    },
    "7": {
      "summary": "1. Carefully read and analyze the page content.\n2. Identify the main topics, key points, and important details presented on the page.\n3. Note any tables, figures, charts, diagrams, or images on the page and briefly describe their content and purpose.\n4. Create a structured summary that captures:\n   - The essential textual information from the page\n   - Descriptions of any visual elements (tables, figures, images, etc.)\n   - Any particularly notable or unique information\n\nPlease follow these steps to create your summary:\n\n1. Carefully read and analyze the page content.\n2. Identify the main topics, key points, and important details presented on the page.\n3. Note any tables, figures, charts, diagrams, or images on the page and briefly describe their content and purpose.\n4. Create a structured summary that captures:\n   - The essential textual information from the page\n   - Descriptions of any visual elements (tables, figures, images, etc.)\n   - Any particularly notable or unique information\n\nPresent your summary within <summary> tags. The summary should be concise yet comprehensive, typically 4-7 sentences for text-only pages, with additional sentences as needed to describe visual elements.\n\nFor visual elements, please use these specific tags:\n<table_summary>Table 1: [Brief description of what the table shows]</table_summary>\n\n<table><tr><td>iPhone SE</td><iPhone 11 Pro</td><iPhone 11</td><iPhone Xs</td><iPhone XR</td><iPhone 13</td><iPhone 13 Pro</td><iPad Pro</td><iPad Air</td><iPad</td><iPad mini 4</td></table>"
    },
    "8": {
      "summary": "1. Flexible, multi-position system with quick disconnect sensor\n2. Smart voltage regulation compensates for voltage loss between the Power Box and device\n3. Ultra Low Profile sensor makes the product the hero and delivers a great customer experience\n\n: 1. Above counter POD with internal recoiler\n2. Compatible with InVue's software suite for data analytics\n3. Scalable security with consistent look and feel\n\n: 1. Above counter POD with exposed cable\n2. Allows for cross-merchandising of accessories\n3. Compatible with InVue's software suite for data analytics"
    },
    "9": {
      "summary": "1. Designed for branded ecosystems, mixed-use displays and category specific displays\n2. Quick disconnect feature for customer interaction and easy nightly removal\n3. Ultra Low Profile sensor makes the product the hero and delivers a great customer experience\n4. Smart voltage regulation compensates for voltage loss between the Power Box and device\n5. Up to 24 powered and 24 alarming positions or 48 alarming only positions\n6. Under counter components are future-proof and easily remarchandised for the addition of new products\n\nFor more detailed instructions, please refer to the provided documentation or contact our support team for assistance."
    },
    "10": {
      "summary": "1. Scalar security allows devices to be lifted or locked down depending on retail environment\n2. 2 or 4-way unibody steel security arms available/optional\n\nFor more detailed instructions, please refer to the provided documentation or contact our support team."
    },
    "11": {
      "summary": "1. **Content**: \n- Internal Recoiler\n- Lift Length\n- Standard Security\n- Enhanced Security\n- High Security\n- Cross-Merchandising Port\n- Data Analytics\n- Quick Release\n- Split-Level Recoiler Option\n- Brackets\n\n: 2. **Tables**:\n- Table 1: [Description of table 1]\n- Table 2: [Description of table 2]\n\n: 3. **Figures**:\n- Figure 1: [Description of figure 1]\n- Figure 2: [Description of figure 2]\n\n: 4. **Images**:\n- Image 1: [Description of image 1]\n- Image 2: [Description of image 2]\n\n: 5. **Textual Content**:\n- Don't let thieves design your customer experience.\n\n: 6. **Additional Notes**:\n- One Design\n- For consistent visual merchandising.\n\n: 7. **Experience**:\n- ONE EXPERIENCE\n- Delivering an inviting and meaningful customer experience even in a high security environment. Enabling you to engage customers with high value accessory cross-merchandising.\n\n: 8. **Platform**:\n- ONE PLATFORM\n- One common platform that allows you to control where and how much security is needed.\n\n: 9. **Recommendation**:\n- Recommended"
    },
    "12": {
      "summary": " Above counter POD simplifies installation\n:  Minimal contemporary design\n:  High consumer experience\n\n:  Ability to layer bracket arms\n:  Allows for cross-merchandising of accessories\n:  Compatible with InVue's software suite for data analytics\n\nFor ordering instructions see p. 39"
    },
    "13": {
      "summary": "1. Industry leading mechanical security with power and alarm\n2. 4-way unibody steel security arms; adjustable arms adapt to all iPhone and iPad models\n3. Steel anchor cable tethers display to fixture for ultimate security\n\n: 1. Adhesive mounted with no required holes in table\n2. All above counter recoiler with steel cable and 15\" pull length — visible steel cable resists 250+lbs pull force\n\n**COMPATIBILITY**\n\n<table>iPhone SEiPhone 11 ProiPhone 11iPhone XsiPhone XRiPhone 13iPhone 13 ProiPad ProiPad AiriPadiPad mini 4</table>"
    },
    "14": {
      "summary": "1. Industry leading mechanical security\n2. Solid steel construction; full time lockdown with 400 lbs resistance\n3. Quick release at sensor for nightly removal with OneKEY\n\n: 4-way unibody steel security arms\n: OEM feed through power\n: Access Manager compatible\n\n<image_summary>iPhone SE | iPhone 11 Pro | iPhone 11 | iPhone Xs | iPhone XR | iPhone 13 | iPhone 13 Pro | iPad Pro | iPad Air | iPad mini 4</image_summary>"
    },
    "15": {
      "summary": " [InVue logo]"
    },
    "16": {
      "summary": "1. Optional steel bracket arms depending on security requirements\n2. Wedge display pedestal for angle and height, not lift\n3. OEM power cable passed through for integrated charging. Installed separately through tether underpass\n4. Optional screw mount kit available for add-on when possible with fixtures\n5. InVue steel core tether cable\n6. iPad can be mounted in portrait or landscape mode for display"
    },
    "17": {
      "summary": " [COMPATIBILITY]"
    },
    "18": {
      "summary": "1. Security and power are provided to iPad and Smart Keyboard and Magic Keyboard by a single cable secured to the device with minimal aesthetic impact\n2. Protects Apple Pencil while allowing full customer interaction\n3. Allows Apple Pencil to be mounted on iPad for charging and display\n4. Magic Keyboard and Smart Keyboard Folio sensor works in conjunction with iPad sensor and allows keyboard to be removed from iPad. Alternative mounting option for sensor on Magic Keyboard available, enables power via keyboard to iPad for demonstration methods\n\nFor ordering instructions see p. 40"
    },
    "19": {
      "summary": "1. Threaded connection to the power cable\n2. Magic and Smart Folio keyboards fully captured in all directions of movement, with the hinge allowing for various display placements of 11\" & 12.9\" iPad Pro\n3. Configured with Type C cable\n4. Adhesive in addition to mechanical mounting\n5. Bracket arms capture iPad Pro, vertical dislodge direction is prevented by Type C connector\n6. Steel core cable is co-molded, connected under-table to OneKEY Padlock for added strength\n\nFor ordering instructions see p. 40"
    },
    "20": {
      "summary": " [MacBook Solutions](#)"
    },
    "21": {
      "summary": "1. Power and alarm provided by single cable with minimal aesthetic impact\n2. Power injection delivers optimum current and voltage to power hungry Macbooks\n\n**COMPATIBILITY**\n\nMacBook Air MacBook Pro MacBook Air MacBook Pro"
    },
    "22": {
      "summary": "1. Ability to power/alarm MacBook with USB-C Port\n2. Metal tabs with rubber pads prevents closing of MacBook for added security and accidental damage during installation\n3. Stable, molded feet prevent rocking and protect fixture table\n\nFor ordering instructions see p. 41"
    },
    "23": {
      "summary": "1. Enhanced laptop security with alarm-on-product to deter theft\n2. Cut resistant steel cable with 24\" lift capability and 45lb pull force\n\n: 1. Can be mounted above or below counter\n2. “Anti-grip” design that mounts to flat and curved surfaces\n3. Compatible with InVue's software suite for data analytics\n\nFor ordering instructions see p. 41"
    },
    "24": {
      "summary": " At a glance:\n## FEATURES AND BENEFITS\n- High security, cut resistant steel cable\n- 200 lbs of pull force security\n- Sleek, modern design to complement laptops\n- Simple installation, no tools required\n- Alarming option compatible with Zips\n- Non-alarming, mechanical option available\n\n### COMPATIBILITY\nMacBook MacBook Air MacBook Pro\n\nFor ordering instructions see p. 41"
    },
    "25": {
      "summary": " [Provide a brief overview of the page's contents, highlighting the main ideas and takeaways.]\n\n:  [Summarize the key findings or conclusions drawn from the page's content.]"
    },
    "26": {
      "summary": "1. Universal, self-service solution allows customers to try on product without store staff assistance\n2. Magnets on both the cradle and band clamp attract for perfect placement\n3. Anti-slip pad on cradle ensures device stability while on display\n4. Easy-to-install flex sensors protect both Apple Watch head and band, minimizing false alarms\n5. Integrated Apple charging and OEM charging available\n\n**COMPATIBILITY**\n\nApple Watch Series 3\nApple Watch Series 4\nApple Watch Series 5\nApple Watch Series 6\nApple Watch Series SE\nApple Watch Series 7"
    },
    "27": {
      "summary": "1. Available in exposed cord or recoiler displays\n2. Magnets on both cradle and band clamp attract for perfect placement\n3. Anti-slip pad on cradle ensures device stability while on display\n4. Easy-to-install flex sensors protect both Apple Watch head and band, and minimize false alarms\n5. Compatible with new Zips platform\n6. Integrated Apple charging and OEM charging available\n\nFor more detailed instructions, please refer to the provided documentation or contact support for assistance."
    },
    "28": {
      "summary": "1. OnePOD platform design allows merchandise to be the hero. Clean aesthetics create appealing and consistent storewide visual merchandising\n2. Harness bands secure Apple Watch to sensor for enhanced security\n3. Open hoop sensor design encourages customer interaction\n4. Compatible with One55, One60, One65 and One40 standard and split-level stands\n5. Compatible with OneKEY ecosystem and Access Manager\n6. OEM charging compatibility for Apple Watch models\n\n**COMPATIBILITY**\n\nApple Watch Series 3 | Apple Watch Series 4 | Apple Watch Series 5 | Apple Watch Series 6 | Apple Watch Series SE | Apple Watch Series 7\nApple Watch Series 3 | Apple Watch Series 4 | Apple Watch Series 5 | Apple Watch Series 6 | Apple Watch Series SE | Apple Watch Series 7"
    },
    "29": {
      "summary": "1. OnePOD platform design allows merchandise to be the hero. Clean aesthetics create appealing and consistent storewide visual merchandising\n2. Harness bands secure Apple Watch to sensor for enhanced security\n3. Secured with screw mount or adhesive with steel tether\n4. Compatible with OneKEY ecosystem and Access Manager\n5. OEM charging compatibility for Apple Watch Series 4, 5, 6 & SE\n\n**High Security One60 Wearable**\n\n**FEATURES AND BENEFITS**\n- OnePOD platform design allows merchandise to be the hero. Clean aesthetics create appealing and consistent storewide visual merchandising\n- Harness bands secure Apple Watch to sensor for enhanced security\n- Secured with screw mount or adhesive with steel tether\n- Compatible with OneKEY ecosystem and Access Manager\n- OEM charging compatibility for Apple Watch Series 4, 5, 6 & SE\n\n**COMPATIBILITY**\n\n| Feature | Compatibility |\n|--------|--------------|\n| Apple Watch Series 3 | Compatible |\n| Apple Watch Series 4 | Compatible |\n| Apple Watch Series 5 | Compatible |\n| Apple Watch Series 6 | Compatible |\n| Apple Watch Series SE | Compatible |\n| Apple Watch Series 7 | Compatible |\n\nNote: The above table is an example and may not perfectly match the actual table structure in the provided image."
    },
    "30": {
      "summary": "1. Compatible with OneKEY ecosystem and Access Manager software\n2. Integrated OEM charging compatibility for Apple Watch Series 4, 5, 6 & SE\n3. Secured with screw mount or adhesive with steel tether\n4. Alarming Sensor\n9. Hoop Tray\n\n---\n\n**High Security One60 Wearable**\n\n**FEATURES AND BENEFITS**\n\n1. OnePOD platform design allows merchandise to be the hero\n2. Harness bands secure wearable to sensor for enhanced security\n3. Open hoop sensor design encourages customer interaction\n4. Clean aesthetics create appealing and consistent storewide visual merchandising\n\n---\n\n**2**\n\n---\n\n**3**\n\n---\n\n**8**\n\n---\n\n**9**\n\n---\n\n**2**\n\n---\n\n**8**\n\n---\n\n**3**\n\n---\n\n**8**\n\n---\n\n**2**\n\n---\n\n**8**\n\n---\n\n**3**\n\n---\n\n**8**\n\n---\n\n**2**\n\n---\n\n**8**\n\n---\n\n**3**\n\n---\n\n**8**\n\n---\n\n**2**\n\n---\n\n**8**\n\n---\n\n**3**\n\n---\n\n**8**\n\n---\n\n**2**\n\n---\n\n**8**\n\n---\n\n**3**\n\n---\n\n**8**\n\n---\n\n**2**\n\n---\n\n**8**\n\n---\n\n**3**\n\n---\n\n**8**\n\n---\n\n**2**\n\n---\n\n**8**\n\n---\n\n**3**\n\n---\n\n**8**\n\n---\n\n**2**\n\n---\n\n**8**\n\n---\n\n**3**\n\n---\n\n**8**\n\n---\n\n**2**\n\n---\n\n**8**\n\n---\n\n**3**\n\n---\n\n**8**\n\n---\n\n**2**\n\n---\n\n**8**\n\n---\n\n**3**\n\n---\n\n**8**\n\n---\n\n**2**\n\n---\n\n**8**\n\n---\n\n**3**\n\n---\n\n**8**\n\n---\n\n**2**\n\n---\n\n**8**\n\n---\n\n**3**\n\n---\n\n**8**\n\n---\n\n**2**\n\n---\n\n**8**\n\n---\n\n**3**\n\n---\n\n**8**\n\n---\n\n**2**\n\n---\n\n**8**\n\n---\n\n**3**\n\n---\n\n**8**\n\n---\n\n**2**\n\n---\n\n**8**\n\n---\n\n**3**\n\n---\n\n**8**\n\n---\n\n**2**\n\n---\n\n**8**\n\n---\n\n**3**\n\n---\n\n**8**\n\n---\n\n**2**\n\n---\n\n**8**\n\n---\n\n**3**\n\n---\n\n**8**\n\n---\n\n**2**\n\n---\n\n**8**\n\n---\n\n**3**\n\n---\n\n**8**\n\n---\n\n**2**\n\n---\n\n**8**\n\n---\n\n**3**\n\n---\n\n**8**\n\n---\n\n**2**\n\n---\n\n**8**\n\n---\n\n**3**\n\n---\n\n**8**\n\n---\n\n**2**\n\n---\n\n**8**\n\n---\n\n**3**\n\n---\n\n**8**\n\n---\n\n**2**\n\n---\n\n**8**\n\n---\n\n**3**\n\n---\n\n**8**\n\n---\n\n**2**\n\n---\n\n**8**\n\n---\n\n**3**\n\n---\n\n**8**\n\n---\n\n**2**\n\n---\n\n**8**\n\n---\n\n**3**\n\n---\n\n**8**\n\n---\n\n**2**\n\n---\n\n**8**\n\n---\n\n**3**\n\n---\n\n**8**\n\n---\n\n**2**\n\n---\n\n**8**\n\n---\n\n**3**\n\n---\n\n**8**\n\n---\n\n**2**\n\n---\n\n**8**\n\n---\n\n**3**\n\n---\n\n**8**\n\n---\n\n**2**\n\n---\n\n**8**\n\n---\n\n**3**\n\n---\n\n**8**\n\n---\n\n**2**\n\n---\n\n**8**\n\n---\n\n**3**\n\n---\n\n**8**\n\n---\n\n**2**\n\n---\n\n**8**\n\n---\n\n**3**\n\n---\n\n**8**\n\n---\n\n**2**\n\n---\n\n**8**\n\n---\n\n**3**\n\n---\n\n**8**\n\n---\n\n**2**\n\n---\n\n**8**\n\n---\n\n**3**\n\n---\n\n**8**\n\n---\n\n**2**\n\n---\n\n**8**\n\n---\n\n**3**\n\n---\n\n**8**\n\n---\n\n**2**\n\n---\n\n**8**\n\n---\n\n**3**\n\n---\n\n**8**\n\n---\n\n**2**\n\n---\n\n**8**\n\n---\n\n**3**\n\n---\n\n**8**\n\n---\n\n**2**\n\n---\n\n**8**\n\n---\n\n**3**\n\n---\n\n**8**\n\n---\n\n**2**\n\n---\n\n**8**\n\n---\n\n**3**\n\n---\n\n**8**\n\n---\n\n**2**\n\n---\n\n**8**\n\n---\n\n**3**\n\n---\n\n**8**\n\n---\n\n**2**\n\n---\n\n**8**\n\n---\n\n**3**\n\n---\n\n**8**\n\n---\n\n**2**\n\n---\n\n**8**\n\n---\n\n**3**\n\n---\n\n**8**\n\n---\n\n**2**\n\n---\n\n**8**\n\n---\n\n**3**\n\n---\n\n**8**\n\n---\n\n**2**\n\n---\n\n**8**\n\n---\n\n**3**\n\n---\n\n**8**\n\n---\n\n**2**\n\n---\n\n**8**\n\n---\n\n**3**\n\n---\n\n**8**\n\n---\n\n**2**\n\n---\n\n**8**\n\n---\n\n**3**\n\n---\n\n**8**\n\n---\n\n**2**\n\n---\n\n**8**\n\n---\n\n**3**\n\n---\n\n**8**\n\n---\n\n**2**\n\n---\n\n**8**\n\n--"
    },
    "31": {
      "summary": "<summary>\n[Main text content summary here]\n\n<table><table>Table 1: [Brief description of what the table shows]</table></summary>"
    },
    "32": {
      "summary": "1. Heavy-duty, all-metal construction delivers a truly secure display solution\n2. Clean, minimal, low-profile stand complements environment and engages customers, while reducing leverage points and theft access\n3. Three (3) fit-for-purpose harness bands for both large and small Apple Watches\n\n**COMPATIBILITY**\n\n<table>Apple Watch Series 3Apple Watch Series 4Apple Watch Series 5Apple Watch Series 6Apple Watch Series SEApple Watch Series 7Apple Watch Series 3Apple Watch Series 4Apple Watch Series 5Apple Watch Series 6Apple Watch Series SEApple Watch Series 7Apple Watch Series 3Apple Watch Series 4Apple Watch Series 5Apple Watch Series 6Apple Watch Series SEApple Watch Series 7Apple Watch Series 3Apple Watch Series 4Apple Watch Series 5Apple Watch Series 6Apple Watch Series SEApple Watch Series 7Apple Watch Series 3Apple Watch Series 4Apple Watch Series 5Apple Watch Series 6Apple Watch Series SEApple Watch Series 7Apple Watch Series 3Apple Watch Series 4Apple Watch Series 5Apple Watch Series 6Apple Watch Series SEApple Watch Series 7Apple Watch Series 3Apple Watch Series 4Apple Watch Series 5Apple Watch Series 6Apple Watch Series SEApple Watch Series 7Apple Watch Series 3Apple Watch Series 4Apple Watch Series 5Apple Watch Series 6Apple Watch Series SEApple Watch Series 7Apple Watch Series 3Apple Watch Series 4Apple Watch Series 5Apple Watch Series 6Apple Watch Series SEApple Watch Series 7Apple Watch Series 3Apple Watch Series 4Apple Watch Series 5Apple Watch Series 6Apple Watch Series SEApple Watch Series 7Apple Watch Series 3Apple Watch Series 4Apple Watch Series 5Apple Watch Series 6Apple Watch Series SEApple Watch Series 7Apple Watch Series 3Apple Watch Series 4Apple Watch Series 5Apple Watch Series 6Apple Watch Series SEApple Watch Series 7Apple Watch Series 3Apple Watch Series 4Apple Watch Series 5Apple Watch Series 6Apple Watch Series SEApple Watch Series 7Apple Watch Series 3Apple Watch Series 4Apple Watch Series 5Apple Watch Series 6Apple Watch Series SEApple Watch Series 7Apple Watch Series 3Apple Watch Series 4Apple Watch Series 5Apple Watch Series 6Apple Watch Series SEApple Watch Series 7Apple Watch Series 3Apple Watch Series 4Apple Watch Series 5Apple Watch Series 6Apple Watch Series SEApple Watch Series 7Apple Watch Series 3Apple Watch Series 4Apple Watch Series 5Apple Watch Series 6Apple Watch Series SEApple Watch Series 7Apple Watch Series 3Apple Watch Series 4Apple Watch Series 5Apple Watch Series 6Apple Watch Series SEApple Watch Series 7Apple Watch Series 3Apple Watch Series 4Apple Watch Series 5Apple Watch Series 6Apple Watch Series SEApple Watch Series 7Apple Watch Series 3Apple Watch Series 4Apple Watch Series 5Apple Watch Series 6Apple Watch Series SEApple Watch Series 7Apple Watch Series 3Apple Watch Series 4Apple Watch Series 5"
    },
    "33": {
      "summary": "1. Heavy-duty, all-metal construction delivers a truly secure display solution\n2. Clean, minimal, low-profile stand complements environment and engages customers, while reducing leverage points and theft access\n3. One (1) fit-for-purpose harness band for square Apple Watch faces (38-44mm)\n4. Two (2) mounting stud sizes for scalability and enhanced security\n\n---\n\n**FEATURES AND BENEFITS**\n\n1. Heavy-duty, all-metal construction delivers a truly secure display solution\n2. Clean, minimal, low-profile stand complements environment and engages customers, while reducing leverage points and theft access\n3. One (1) fit-for-purpose harness band for square Apple Watch faces (38-44mm)\n4. Two (2) mounting stud sizes for scalability and enhanced security\n\n---\n\n**5.** Four (4) simple screws, inaccessible from tabletop, secure watch frame to stand\n6. Undercounter hardware that protects fixtures and countertops\n7. Integrated OEM power capability for Apple Watch"
    },
    "34": {
      "summary": " [HomePod Solutions](https://www.homepod-solutions.com)"
    },
    "35": {
      "summary": "1. Part of the Zips for Connected Home platform\n2. Ultra-thin flex sensor protects HomePod while maintaining intended sound quality and acoustic experience\n3. Sensor is discreetly secured and can be easily replaced with the quick disconnect cable\n4. Alarming sensor attaches to multiple InVue USB alarming systems"
    },
    "36": {
      "summary": "1. Delivers a meaningful experience with lock-down capabilities\n: 2. Allows customer to evaluate full acoustic experience\n: 3. Mechanical security powered through OEM charger\n: 4. Metal enclosure and reinforced structural base\n: 5. Hard mounts to multiple fixture designs with stud mount kit"
    },
    "37": {
      "summary": "1. Universal, modular design complements the device and provides versatility\n2. Compact design is ideal when space is limited\n3. Powered option allows user interaction with the device\n\nAt a glance:\n\nFEATURES AND BENEFITS\n\n- Universal, modular design complements the device and provides versatility\n- Compact design is ideal when space is limited\n- Powered option allows user interaction with the device\n\nWhen used with Zips, you can power up to 4 positions\nAlarm units can be mounted under counter for a clean display (not shown)\n\nFor ordering instructions see p. 44-45"
    },
    "38": {
      "summary": " [Provide a brief overview of the page's content, including any relevant context or background information.]\n\n:  [Describe the main topics, key points, and important details presented on the page, using bullet points if necessary.]\n\n:  [Include any tables, figures, charts, diagrams, or images on the page and provide a brief description of each.]\n\n:  [Summarize the main takeaways or conclusions drawn from the page's content, emphasizing the most significant findings or insights.]\n\n:  [Provide a brief conclusion or final thoughts on the page's content, summarizing the key points and reinforcing the overall message.]"
    },
    "39": {
      "summary": "1. ZIPS provides secure protection for a wide range of merchandise and consumer electronic devices on display. As the only complete solution for powered and non-powered accessories or consumer electronics, Zips offers multiple attachment and power sensors for both standard and high security applications. With Zips, create dynamic displays with minimal operational investment to increase sales.\n2. Attachments and power sensors for both standard and high security applications. With Zips, create dynamic displays with minimal operational investment to increase sales."
    },
    "40": {
      "summary": "苹果Pencil Solutions for 1st Generation Apple Pencil\n\n**POWERED APPLE PENCIL SENSOR**\n\n- Protects and powers Apple Pencil while allowing full customer interaction\n- Smart sensor detects and charges Pencil when in resting position. Allows instant connection to iPad and iPad Pro when in use\n- Protect and power up to four Apple Pencils at a time using Zips Power Multiport\n\n**ALARM ONLY APPLE PENCIL SENSOR**\n\n- Protects Apple Pencil while allowing full customer interaction\n- Detachable sensor for easy daily removal or periodic charging of Apple Pencil\n- Protect up to four Apple Pencils at a time using Zips Power Multiport\n- Compatible with all USB auxiliary port alarm units\n\nSolution for 2nd Generation Apple Pencil\n\n**ALARM ONLY GEN 2 APPLE PENCIL SENSOR**\n\n- Mechanical alarming sensor protects Apple Pencil while allowing full customer interaction\n- Allows Apple Pencil to be mounted on iPad for charging and display\n- Compatible with all InVue auxiliary ports\n- Protect and power up to four Apple Pencils at a time using Zips Power Multiport"
    },
    "41": {
      "summary": "1. Fully integrated audio cable for playback in the headphones, promoting an optimal customer experience\n2. Reliable security to openly and safely display wireless headphones\n\n: Supports multiple audio barrel sizes: 2.5mm and 3.5mm\n: Integration with Zips platform"
    },
    "42": {
      "summary": "1. Clear visual case protects the product and promotes engagement\n2. Compact design ideal for showing smaller items with limited space\n3. Choose from a variety of sensor options for power and alarm\n\n: Cover fits Zips universal display platform to quickly refresh the shopping experience\n: Compatible with OneKEY. Option to combine Zips Alarm Unit with Access Manager to track display position"
    },
    "43": {
      "summary": "1. **OVERVIEW**\nOneKEY is the most secure and convenient key system that enables associates to assist customers quickly and easily. Each interaction from OneKEY instantly transfers to Access Manager, where you can assign access zones, deauthorize keys, as well as understand who interacted with what, and when. Operating on InVue LIVE, OneKEY allows you to monitor and manage all key interactions real time.\n\n: 2. **SECURITY & MERCHANDISE**\n\n[Advanced Technology & Software](#)\n\nUsing unique infrared technology, OneKEY transfers power and data to a complete ecosystem of merchandise and mobile point-of-sale solutions, providing industry-leading protection to your high-theft products and essential operating systems.\n\n[ACCESS CONTROL](#)"
    },
    "44": {
      "summary": "1. The synergy gained from aligning brand displays with existing retailer technology results in increased profits.\n2. The synergy gained from aligning brand displays with existing retailer technology results in increased profits.\n3. The synergy gained from aligning brand displays with existing retailer technology results in increased profits.\n4. The synergy gained from aligning brand displays with existing retailer technology results in increased profits.\n5. The synergy gained from aligning brand displays with existing retailer technology results in increased profits.\n6. The synergy gained from aligning brand displays with existing retailer technology results in increased profits.\n7. The synergy gained from aligning brand displays with existing retailer technology results in increased profits.\n8. The synergy gained from aligning brand displays with existing retailer technology results in increased profits.\n9. The synergy gained from aligning brand displays with existing retailer technology results in increased profits.\n10. The synergy gained from aligning brand displays with existing retailer technology results in increased profits.\n11. The synergy gained from aligning brand displays with existing retailer technology results in increased profits.\n12. The synergy gained from aligning brand displays with existing retailer technology results in increased profits.\n13. The synergy gained from aligning brand displays with existing retailer technology results in increased profits.\n14. The synergy gained from aligning brand displays with existing retailer technology results in increased profits.\n15. The synergy gained from aligning brand displays with existing retailer technology results in increased profits.\n16. The synergy gained from aligning brand displays with existing retailer technology results in increased profits.\n17. The synergy gained from aligning brand displays with existing retailer technology results in increased profits.\n18. The synergy gained from aligning brand displays with existing retailer technology results in increased profits.\n19. The synergy gained from aligning brand displays with existing retailer technology results in increased profits.\n20. The synergy gained from aligning brand displays with existing retailer technology results in increased profits.\n21. The synergy gained from aligning brand displays with existing retailer technology results in increased profits.\n22. The synergy gained from aligning brand displays with existing retailer technology results in increased profits.\n23. The synergy gained from aligning brand displays with existing retailer technology results in increased profits.\n24. The synergy gained from aligning brand displays with existing retailer technology results in increased profits.\n25. The synergy gained fr"
    },
    "45": {
      "summary": "1. To complete a display, select one stand and sensor.\n2. All display positions requires S2865 below counter components for recoiler, alarm unit and power boxes.\n3. Brackets optional.\n\nTo configure a display:\n- To complete a display, select one stand and sensor.\n- All display positions requires S2865 below counter components for recoiler, alarm unit and power boxes.\n- Brackets optional.\n\nTo configure a display:\n- To complete a display, select one stand and sensor.\n- All display positions requires S2865 below counter components for recoiler, alarm unit and power boxes.\n- Brackets optional.\n\nTo configure a display:\n- To complete a display, select one stand and sensor.\n- All display positions requires S2865 below counter components for recoiler, alarm unit and power boxes.\n- Brackets optional.\n\nTo configure a display:\n- To complete a display, select one stand and sensor.\n- All display positions requires S2865 below counter components for recoiler, alarm unit and power boxes.\n- Brackets optional.\n\nTo configure a display:\n- To complete a display, select one stand and sensor.\n- All display positions requires S2865 below counter components for recoiler, alarm unit and power boxes.\n- Brackets optional.\n\nTo configure a display:\n- To complete a display, select one stand and sensor.\n- All display positions requires S2865 below counter components for recoiler, alarm unit and power boxes.\n- Brackets optional.\n\nTo configure a display:\n- To complete a display, select one stand and sensor.\n- All display positions requires S2865 below counter components for recoiler, alarm unit and power boxes.\n- Brackets optional.\n\nTo configure a display:\n- To complete a display, select one stand and sensor.\n- All display positions requires S2865 below counter components for recoiler, alarm unit and power boxes.\n- Brackets optional.\n\nTo configure a display:\n- To complete a display, select one stand and sensor.\n- All display positions requires S2865 below counter components for recoiler, alarm unit and power boxes.\n- Brackets optional.\n\nTo configure a display:\n- To complete a display, select one stand and sensor.\n- All display positions requires S2865 below counter components for recoiler, alarm unit and power boxes.\n- Brackets optional.\n\nTo configure a display:\n- To complete a display, select one stand and sensor.\n- All display positions requires S2865 below counter components for recoiler, alarm unit and power boxes.\n- Brackets optional.\n\nTo configure a display:\n- To complete a display, select one stand and sensor.\n- All display positions requires S2865 below counter components for recoiler, alarm unit and power boxes.\n- Brackets optional.\n\nTo configure a display:\n- To complete a display, select one stand and sensor.\n- All display positions requires S2865 below counter components f"
    },
    "46": {
      "summary": "1. All display positions requires power supply below counter.\n2. To complete a display, select one stand, sensor, compatible power connector and brackets (as needed).\n\nTo configure a display:\n- All display positions requires power supply below counter.\n- To complete a display, select one stand, sensor, compatible power connector and brackets (as needed)."
    },
    "47": {
      "summary": "1. All display positions requires power supply below counter.\n2. To complete a display, select one stand, sensor, compatible power connector and brackets (as needed).\n\nTo configure a display:\n- All display positions requires power supply below counter.\n- To complete a display, select one stand, sensor, compatible power connector and brackets (as needed).\n\nTo configure a display:\n- All display positions requires power supply below counter.\n- To complete a display, select one stand, sensor, compatible power connector and brackets (as needed).\n\nTo configure a display:\n- All display positions requires power supply below counter.\n- To complete a display, select one stand, sensor, compatible power connector and brackets (as needed).\n\nTo configure a display:\n- All display positions requires power supply below counter.\n- To complete a display, select one stand, sensor, compatible power connector and brackets (as needed).\n\nTo configure a display:\n- All display positions requires power supply below counter.\n- To complete a display, select one stand, sensor, compatible power connector and brackets (as needed).\n\nTo configure a display:\n- All display positions requires power supply below counter.\n- To complete a display, select one stand, sensor, compatible power connector and brackets (as needed).\n\nTo configure a display:\n- All display positions requires power supply below counter.\n- To complete a display, select one stand, sensor, compatible power connector and brackets (as needed).\n\nTo configure a display:\n- All display positions requires power supply below counter.\n- To complete a display, select one stand, sensor, compatible power connector and brackets (as needed).\n\nTo configure a display:\n- All display positions requires power supply below counter.\n- To complete a display, select one stand, sensor, compatible power connector and brackets (as needed).\n\nTo configure a display:\n- All display positions requires power supply below counter.\n- To complete a display, select one stand, sensor, compatible power connector and brackets (as needed).\n\nTo configure a display:\n- All display positions requires power supply below counter.\n- To complete a display, select one stand, sensor, compatible power connector and brackets (as needed).\n\nTo configure a display:\n- All display positions requires power supply below counter.\n- To complete a display, select one stand, sensor, compatible power connector and brackets (as needed).\n\nTo configure a display:\n- All display positions requires power supply below counter.\n- To complete a display, select one stand, sensor, compatible power connector and brackets (as needed).\n\nTo configure a display:\n- All display positions requires power supply below counter.\n- To complete a display, select one stand, sensor, compatible power connector"
    },
    "48": {
      "summary": "1. iPad Pro, Magic Keyboard, Smart Keyboard & Gen 2 Pencil (optional)\n2. To complete a display without Pencil, select either:\n    - DNL203W or\n    - ZA3200-W\n3. To complete a display with Pencil, add ZA2720-W to your selected sensor configuration.\n\n---\n\n### Series 960 Product Ordering for iPad\niPad, iPad mini, iPad Air and iPad Pro (without keyboard)\n\n| Stand | Model |\n|------|-------|\n| DGD100-W | S960 TALL ANGLED STAND WHITE |\n| Sensor | DGT202-W S960 TABLET SENSOR LIGHTNING - WHITE |\n|       | DGT208-W S960 TABLET USB TYPE C SENSOR - WHITE |\n| Bracket | DGT204-W S960 TABLET ARM BRACKETS & MOUNTING PLATE - WHITE |\n\n---\n\n### iPad Pro + Keyboard Sensors\n| Model | Sensor Type |\n|-------|-------------|\n| DNL203W | S2800 LAPTOP/TABLET POWER INJECTED TYPE C SENSOR WHITE |\n| ZA3200-W | IPAD PRO INJECTED TYPE C DUAL WITH Q/C WHITE |\n\n| Gen 2 Pencil Sensor | Sensor Type |\n|-----------------------|-------------|\n| ZA2720-W | CUSTOM ALARM ONLY APPLE PENCIL SENSOR WHITE |\n\n| iPad Pro Keyboard Adhesives & Replacements | Sensor Type |\n|------------------------------------------|-------------|\n| ADH2306 | REPLACEMENT PSA ZA2860/ZA2720/ZA2908/ZA2909 1 PK |\n| ADH2332 | ADHESIVE KIT ZA3200/ZA3300 IPAD PRO 3 PK |\n\n---\n\n### High Security iPad Pro, Magic Keyboard + Smart Folio Keyboard & Gen 2 Pencil (optional)\n\n| Model | Sensor Type |\n|-------|-------------|\n| ZA2885-W | NEW ZIPS HS IPAD TYPE C CABLE WITH ANCHOR - WHITE |\n| Bracket | Sensor Type |\n| AF7575 | NEW ZIPS IPAD PRO 11 KEYBOARD HS BRACKET |\n| AF7576 | NEW ZIPS IPAD PRO 12.9 KEYBOARD HS BRACKET |\n\n| Padlock Kit | Sensor Type |\n|------------|-------------|\n| PL690 | KIT BUILD PADLOCK AND ANCHOR PLATE APPLE FIXTURES |\n\n| Adhesive Pack | Sensor Type |\n|--------------|-------------|\n| ADH2364 | SERVICE ADHESIVES PACK IPAD HIGH SECURITY - 2 PACK |"
    },
    "49": {
      "summary": "1. All display positions requires power supply below counter.\n2. All display positions requires power supply below counter.\n3. To complete a display, select one sensor, alarm and medallion. Bracket Kit optional.\n\n---\n\n### Laptop AOP Product Ordering for MacBook\n\n**MacBook, MacBook Air & MacBook Pro**\n\n| Sensor | ZL1000-W | LAPTOP - ALARM ON PRODUCT SECURITY - WHITE |\n|---|---|---|\n| Sensor | ZB2010-W | ZIPS 3.0 K-LOCK SENSOR - WHITE |\n| Alarm | ZB1000-W | NEW ZIPS SINGLE PORT ALARM UNIT - WHITE |\n| Medallion | ZT2001 | ZIPS K-LOCK MEDALLION 1-PACK |\n| Optional Alarm Counter Bracket Kit | ZB3002 | NEW ZIPS SINGLE PORT AU HIGH SECURITY PLATE W/NUTS |\n\n---\n\n### Type C Product Ordering for MacBook\n\n**MacBook, MacBook Air & MacBook Pro**\n\n| Sensor | DNL203-W | S2800 LAPTOP/TABLET POWER INJECTED TYPE C SENSOR-W |\n|---|---|---|\n| Alarm | ZB1000-W | NEW ZIPS SINGLE PORT ALARM UNIT - WHITE |\n\n---\n\n### High Security Ordering for MacBook\n\n| CABLE | ZA2750-W | NEW ZIPS HS TYPE C CABLE WITH ANCHOR WHITE |\n|---|---|---|\n| BRACKET FRAMES | AF7561 | NEW ZIPS MAC AIR/PRO-13 HS BRACKET FRAME - 2020 MODELS |\n|    | AF7562 | NEW ZIPS MAC PRO-16 HS BRACKET FRAME - 2020 MODELS |\n| PADLOCK KIT | PL690 | KIT BUILD PADLOCK AND ANCHOR PLATE APPLE FIXTURES |\n| Adhesive Pack | ADH2370 | SERVICE ADHESIVES PACK MACBOOK HIGH SECURITY - 2 PACK |\n\n---\n\n### TO CONFIGURE A DISPLAY\n\n- All display positions requires power supply below counter.\n- To complete a display, select one sensor, alarm and medallion. Bracket Kit optional.\n\n---\n\n### TO CONFIGURE A DISPLAY\n\n- All display positions requires OEM power supply.\n- To complete a display, select one sensor and alarm."
    },
    "50": {
      "summary": "1. Apple Watch Product Ordering\n2. Apple Watch 4, 5, 6, &amp; 7\n3. High Security One60 Wearable\n4. Apple Watch 4, 5, 6, &amp; 7\n5. High Security HSW100 Wearables Product Ordering\n6. Apple Watch 4, 5, 6, &amp; 7\n7. High Security HSW100 Wearables Product Ordering"
    },
    "51": {
      "summary": "1. To complete a display, select one stand, sensor, charging cradle, OEM trim kit and power supply.w\n2. To complete a display, select one stand, sensor, charging cradle, OEM trim kit and power supply.w\n\nTo configure a display:\n1. To complete a display, select one stand, sensor, charging cradle and OEM trim kit. A Zips Power Alarm Unit and Power Supply are required.\n2. Cradle has integrated Apple charger.\n\n---\n\n### W2000 Wearables Product Ordering for Apple Watch\n\n#### Apple Watch 3, 4, 5, 6, &amp; 7, Apple Watch Nike and Apple Watch Hermes\n\n| Stand | Description |\n|------|-------------|\n| ZW1014 | WS2/W2000 APPLE TRAY SENSOR - 38MM SENSOR WHITE |\n| ZW1012 | WS2/W2000 APPLE TRAY SENSOR - 42MM SENSOR WHITE |\n\n#### Apple Watch 4, 5, 6 &amp; 7\n\n| Stand | Description |\n|------|-------------|\n| ZW1005 | WS2/W2000 APPLE CHARGECRADLE |\n| ZW1017 | WS2/W2000 APPLE OEM KIT |\n\n#### Charging Cradle &amp; OEM Trim Kit\n\n| Stand | Description |\n|------|-------------|\n| PS515 | 5V USB-A POWER SUPPLY |\n\n---\n\n### W2 Wearables Product Ordering\n\n#### Apple Watch 3, 4, 5, 6, &amp; 7, Apple Watch Nike and Apple Watch Hermes\n\n| Stand | Description |\n|------|-------------|\n| ZW1001 | WS2 RECOILER STAND |\n| ZW1002 | WS2 EXPOSED CORD STAND |\n\n#### Apple Watch 3\n\n| Stand | Description |\n|------|-------------|\n| ZW1014 | WS2/W2000 APPLE TRAY SENSOR - 38MM SENSOR WHITE |\n| ZW1012 | WS2/W2000 APPLE TRAY SENSOR - 42MM SENSOR WHITE |\n\n#### Apple Watch 4, 5, 6 &amp; 7\n\n| Stand | Description |\n|------|-------------|\n| ZW1011 | WS2/W2000 APPLE TRAY SENSOR - 40MM |\n| ZW1013 | WS2/W2000 APPLE TRAY SENSOR - 44MM |\n\n#### Charging Cradle &amp; OEM Trim Kit\n\n| Stand | Description |\n|------|-------------|\n| ZW1005 | WS2/W2000 APPLE CHARGECRADLE |\n| ZW1017 | WS2/W2000 APPLE OEM KIT |\n\n---\n\n### TO CONFIGURE A DISPLAY:\n\n- To complete a display, select one stand, sensor, charging cradle, OEM trim kit and power supply.w"
    },
    "52": {
      "summary": "1. Carefully read and analyze the page content.\n2. Identify the main topics, key points, and important details presented on the page.\n3. Note any tables, figures, charts, diagrams, or images on the page and briefly describe their content and purpose.\n4. Create a structured summary that captures:\n   - The essential textual information from the page\n   - Descriptions of any visual elements (tables, figures, images, etc.)\n   - Any particularly notable or unique information\n\nPlease follow these steps to create your summary:\n\n1. Carefully read and analyze the page content.\n2. Identify the main topics, key points, and important details presented on the page.\n3. Note any tables, figures, charts, diagrams, or images on the page and briefly describe their content and purpose.\n4. Create a structured summary that captures:\n   - The essential textual information from the page\n   - Descriptions of any visual elements (tables, figures, images, etc.)\n   - Any particularly notable or unique information\n\nPlease follow these steps to create your summary:\n\n1. Carefully read and analyze the page content.\n2. Identify the main topics, key points, and important details presented on the page.\n3. Note any tables, figures, charts, diagrams, or images on the page and briefly describe their content and purpose.\n4. Create a structured summary that captures:\n   - The essential textual information from the page\n   - Descriptions of any visual elements (tables, figures, images, etc.)\n   - Any particularly notable or unique information\n\nPlease follow these steps to create your summary:\n\n1. Carefully read and analyze the page content.\n2. Identify the main topics, key points, and important details presented on the page.\n3. Note any tables, figures, charts, diagrams, or images on the page and briefly describe their content and purpose.\n4. Create a structured summary that captures:\n   - The essential textual information from the page\n   - Descriptions of any visual elements (tables, figures, images, etc.)\n   - Any particularly notable or unique information\n\nPlease follow these steps to create your summary:\n\n1. Carefully read and analyze the page content.\n2. Identify the main topics, key points, and important details presented on the page.\n3. Note any tables, figures, charts, diagrams, or images on the page and briefly describe their content and purpose.\n4. Create a structured summary that captures:\n   - The essential textual information from the page\n   - Descriptions of any visual elements (tables, figures, images, etc.)\n   - Any particularly notable or unique information\n\nPlease follow these steps to create your summary:\n\n1. Carefully read and analyze the page content.\n2. Identify the main topics, key points, and important details presented on the page.\n3. Note any tables, figures, ch"
    },
    "53": {
      "summary": "苹果AccessoryProductOrdering\n\nGen 1 Pencil\n\n| Sensor | ZA2906-W | Custom Alarm Only Apple Pencil Sensor White |\n|-------|----------|--------------------------------------------|\n|       | ZA2976    | Custom Powered Apple Pencil Sensor White     |\n|       | ZA2502    | Gen 1 Pencil Tray White                       |\n\nAlarm Unit\n\n| Alarm Unit | ZB1000-B/W | New ZIPS Single Port Alarm Unit Black OR White |\n|-----------|------------|------------------------------------------------|\n|           | ZB1001-B/W | New ZIPS 4-Port Alarm Unit Black OR White      |\n\nGen 2 Pencil\n\n| Sensor | ZA2720-W | ZIPS STYLUS SENSOR ADHESIVE MOUNT WHITE |\n|-------|----------|-----------------------------------------------|\n|       | Alarm Unit | New ZIPS Single Port Alarm Unit Black OR White |\n|       | ZB1000-B/W | New ZIPS 4-Port Alarm Unit Black OR White      |\n\nMagic Mouse\n\n| Sensor | ZA2717-W | ZIPS 2.0 Mouse Accessory Sensor White |\n|-------|----------|---------------------------------------------|\n|       | Alarm Unit | New ZIPS Single Port Alarm Unit - White         |\n\nThe provided example showcases a sample document layout with various sections and elements. The summary should focus on the main content and visual elements, ensuring clarity and coherence in presenting the information."
    },
    "54": {
      "summary": "苹果AccessoryProductOrdering\n\n### Apple Accessory Product Ordering\n\n**Beats Headphones**\n\n| Recorder | ZIPS HEADPHONE RECOILER 2.5MM JACK BLACK OR WHITE |\n|---------|-----------------------------------------------|\n| ZB2012-B/W | NEW ZIPS SINGLE PORT ALARM UNIT BLACK OR WHITE |\n|         | ZB1000-B/W NEW ZIPS SINGLE PORT ALARM UNIT BLACK OR WHITE |\n|         | ZB1001-B/W NEW ZIPS 4-PORT ALARM UNIT BLACK OR WHITE |\n\n**Magic Keyboard & Smart Keyboard**\n\n| Sensor | ZA2714 NEW ZIPS SINGLE PORT ALARM UNIT BLACK OR WHITE |\n|--------|----------------------------------------------------------|\n| Alarm Unit | ZB1000-B/W NEW ZIPS SINGLE PORT ALARM UNIT BLACK OR WHITE |\n|        | ZB1001-B/W NEW ZIPS 4-PORT ALARM UNIT BLACK OR WHITE |\n\n**Airpods & Smart Tags**\n\n| Order Code | Description |\n|-----------|-------------|\n| ZC1000-W   | Zips IoT Display Base Unit - White |\n| ZC1000-B   | Zips IoT Display Base Unit - Black |\n| ZC1002-W   | Zips IoT Dummy Display Base Unit - White |\n| ZC1002-B   | Zips IoT Dummy Display Base Unit - Black |\n| ZC1901-W   | Zips Display Case with Small Cover - White |\n| ZC1003-W   | Zips IoT Single Plunger Sensor Connector - White |\n| ZC1003-B   | Zips IoT Single Plunger Sensor Connector - Black |\n| ZC1004-W   | Zips IoT Dual Plunger Sensor Connector - White |\n| ZC1004-B   | Zips IoT Dual Plunger Sensor Connector - Black |\n| ZC1005-W   | Zips IoT Powered Micro-USB Sensor Connector - White |\n| ZC1005-B   | Zips IoT Powered Micro-USB Sensor Connector - Black |\n| ZC1006-W   | Zips IoT Powered USB-C Sensor Connector - White |\n| ZC1006-B   | Zips IoT Powered USB-C Sensor Connector - Black |\n| ZC1013-W   | Zips IoT Flex Tear Sensor Connector - White |\n| ZC1013-B   | Zips IoT Flex Tear Sensor Connector - Black |\n| DBG400    | Lockdown/Magnet Release Tool - 4 pack |\n| ADH2317    | Zips IoT Adhesive Replacement Kit - 3 Kits |"
    },
    "55": {
      "summary": "1. Carefully read and analyze the page content.\n2. Identify the main topics, key points, and important details presented on the page.\n3. Note any tables, figures, charts, diagrams, or images on the page and briefly describe their content and purpose.\n4. Create a structured summary that captures:\n   - The essential textual information from the page\n   - Descriptions of any visual elements (tables, figures, images, etc.)\n   - Any particularly notable or unique information\n\nPlease follow these steps to create your summary:\n\n1. Carefully read and analyze the page content.\n2. Identify the main topics, key points, and important details presented on the page.\n3. Note any tables, figures, charts, diagrams, or images on the page and briefly describe their content and purpose.\n4. Create a structured summary that captures:\n   - The essential textual information from the page\n   - Descriptions of any visual elements (tables, figures, images, etc.)\n   - Any particularly notable or unique information\n\nPlease follow these steps to create your summary:\n\n1. Carefully read and analyze the page content.\n2. Identify the main topics, key points, and important details presented on the page.\n3. Note any tables, figures, charts, diagrams, or images on the page and briefly describe their content and purpose.\n4. Create a structured summary that captures:\n   - The essential textual information from the page\n   - Descriptions of any visual elements (tables, figures, images, etc.)\n   - Any particularly notable or unique information\n\nPlease follow these steps to create your summary:\n\n1. Carefully read and analyze the page content.\n2. Identify the main topics, key points, and important details presented on the page.\n3. Note any tables, figures, charts, diagrams, or images on the page and briefly describe their content and purpose.\n4. Create a structured summary that captures:\n   - The essential textual information from the page\n   - Descriptions of any visual elements (tables, figures, images, etc.)\n   - Any particularly notable or unique information\n\nPlease follow these steps to create your summary:\n\n1. Carefully read and analyze the page content.\n2. Identify the main topics, key points, and important details presented on the page.\n3. Note any tables, figures, charts, diagrams, or images on the page and briefly describe their content and purpose.\n4. Create a structured summary that captures:\n   - The essential textual information from the page\n   - Descriptions of any visual elements (tables, figures, images, etc.)\n   - Any particularly notable or unique information\n\nPlease follow these steps to create your summary:\n\n1. Carefully read and analyze the page content.\n2. Identify the main topics, key points, and important details presented on the page.\n3. Note any tables, figures, ch"
    }
  }
}
