{
  "doc_id": "2303.05039v2.pdf",
  "pages": {
    "1": {
      "summary": "2023 Association for Computing Machinery\nACM ISBN 978-1-4503-XXXX-X/18/06...$15.00\nhttps://doi.org/XXXXXXX.XXXXXXXXX\n\n---\n\n**Abstract**\n\nPersonality is a psychological factor that reflects people's preferences, which in turn influences their decision-making. We hypothesize that accurate modeling of users' personalities improves recommendation systems' performance. However, acquiring such personality profiles is both sensitive and expensive. We address this problem by introducing a novel method to automatically extract personality profiles from public product review text. We then design and assess three context-aware recommendation architectures that leverage the profiles to test our hypothesis.\n\nExperiments on our two newly contributed personality datasets — Amazon-beauty and Amazon-music — validate our hypothesis, showing performance boosts of 3–28%. Our analysis uncovers that varying personality types contribute differently to recommendation performance: open and extroverted personalities are most helpful in music recommendation, while a conscientious personality is most helpful in beauty product recommendation.\n\n**CCS CONCEPTS**\n\n• Information systems → Recommender systems; • Applied computing → Psychology.\n\n**KEYWORDS**\n\nRecommendation Systems, Psychology, Personality, Review Texts\n\n**ACM Reference Format:**\n\nXinyuan Lu¹,²\nMin-Yen Kan², ¹Integrative Sciences and Engineering Programme (ISEP), NUS Graduate School, ²School of Computing, National University of Singapore, Singapore, luxinyuan@u.nus.edu\nkanny@comp.nus.edu.sg, 2023. Improving Recommendation Systems with User Personality Inferred from Product Reviews. In Workshop on Interactive Recommender Systems of the 16th ACM International Conference on Web Search and Data Mining (IRSA@WSDM’23), February 27-March 3, 2023, Singapore. ACM, New York, NY, USA, 9 pages. https://doi.org/XXXXXXXX. XXXXXXXXX\n\n---\n\n**1 INTRODUCTION**\n\nOnline recommendation systems are algorithms that help users to find their favorite items. In recommendation systems, the user's profile is important as people with different ages, educational backgrounds exhibit different preferences. Besides static attributes such as gender, the user's psychological factors, especially personality, can be viewed as a user's dynamic profile are also vital in recommendations.\n\nPeople with similar personalities are more likely to have similar interests and preferences [23]. Therefore, accurate modeling of the user's personality plays a vital role in recommendation systems. For example, in movie recommendation, an outgoing person may favour watching comedic movies over romantic ones [23]. Other studies [11] have shown that in music recommendation, a user's degree of openness strongly determines their preference for energetic music genres. These ex"
    },
    "2": {
      "summary": "2. **RELATED WORK**\n\nThe current study investigates how to extract personality traits from texts and how personality traits can be utilized in recommendation systems. Therefore, the review below focuses on the literature that discusses personality detection and personality-based recommendation systems. We first give an introduction of the OCEAN personality models (Section 2.1) before reviewing two topics related to our work: personality detection (Section 2.2) and personality-based recommendation systems (Section 2.3).\n\n**2.1 The OCEAN Model**\n\nPersonality involves a pattern of behavior that is not likely to change over a short period of time [1]. It can be detected either explicitly by a questionnaire or implicitly by observing user behaviors [12]. The most commonly-used model describing personality traits is the OCEAN model [12], which we use to model a user's personality traits. The five fundamental personality dimensions defined by OCEAN are:\n\n(1) **Openness to Experience (O)**, which describes the breadth and depth of people's life, including the originality and complexity of their experiences. Individuals with high openness tend to be knowledgeable, analytical, and more investigative.\n(2) **Conscientiousness (C)** This trait involves how individuals control, regulate and direct their impulses. For example, highly conscientious people are usually cautious.\n(3) **Extroversion (E)** Extroversion indicates how much people are in touch with the outside world. Extroverts are more willing to talk to others about their thoughts.\n(4) **Agreeableness (A)** This trait reflects individual differences and social harmony in cooperation. Highly agreeable people are more willing to share tasks than to complete tasks independently.\n(5) **Neuroticism (N)** This refers to the tendency of experiencing negative emotions. People with high neuroticism are often in a bad mood, therefore they prefer to respond emotionally.\n\n**2.2 Personality Detection**\n\nThere are two common ways to measure a person's personality traits using a personality model: personality assessment questionnaires and automatic personality detection.\n\n2.2.1 **Personality Assessment Questionnaires**. Self-reporting personality questionnaires are commonly used to reveal personality differences among individuals. Responses to questions usually take the form of a five-point Likert scale (strongly agree, agree, disagree,"
    },
    "3": {
      "summary": "2.2.2 Automatic Personality Detection. To make personality detection more convenient and reproducible, practitioners prefer automated personality detection, which infers a personality type based on user data. Such methods are less accurate than personality questionnaires — as it relies on the input user data manifesting personality traits — but has the advantage of not requiring inputs to be answers to questionnaires. For example, social media posts that exhibit opinions and viewpoints are a prime source of text data useful for personality detection. Individuals have different language use behaviors that reveal personality traits [10]. Automatic, text-based personality detection infer users' personalities by analyzing users' word choice (lexical selection) and sentence structure (grammatical selection). Such technology has been sufficiently proven, making them commonplace and deployed at scale in production, and available as a service through cloud-based application APIs.\n\nWe study whether knowing users' personality information can lead to better recommendations, and also, how users' personality information be best modeled in recommendation systems to improve performance. While large-scale recommendation datasets exist, they universally lack users' personality information. It is infeasible to ask to obtain this information via questionnaires since the identity of users is usually confidential. Therefore, we utilize automatic personality detection to infer personality from product reviews written by users. Product reviews are ideal: they are widely available on online commercial websites, they often demonstrate personality traits, and they are public (the texts are meant to be read by others). Hence, they can serve as a good source for automatically detecting personality in an economic but accurate way.\n\n2.3 Personality-based Recommendation Systems\n\nSince personality traits are characteristics that do not change sharply over time and do not depend on a certain context or stimulus, they are more easily used to create personalized recommendation systems. Earlier work by Winoto and Tang [21] [4] focused on extending Matrix Factorization by adding a personality latent factor. Their model used implicit feedback data, such as user-item interactions, beyond just ratings. They only considered the OCEAN scores as one attribute, so the effects that are attributable just to personality are not clear. Besides, personality traits have been used to determine a neighborhood of similar users by calculating personality similarity. Thus, for example, Asabere et al. [3] proposed a recommendation system for attendees of conferences that integrates personality traits and social bonds of attendees.\n\nIn their work, user similarity was equated as personality similarity, calc"
    },
    "4": {
      "summary": "3.2 Dataset Construction\n\nSince we do not know the personality for each user in the Amazon dataset, we need to infer them. We first retrieve each user's review texts and then use the Receptiviti API, a computational language psychology platform for understanding human behavior, to infer a personality. The API can take a long piece of human-written text (more than 300 words), and output a faceted personality score with 35 factors, including OCEAN scores.\n\nFor each user that wrote reviews in either of the two domains, we collect all his/her review texts and concatenate them together into a single document. Afterward, we send the concatenated text to Receptiviti to infer a personality. We select the personality scores corresponding to the five-dimensional personality traits defined in the OCEAN model [12] (Table 2). Each personality score is normalized to a range from 1 to 100. The higher the score, the more overt the personality trait. Note that each of the five OCEAN scores is independent of the other.\n\n| User ID | AGR | CON | NEU | EXT | OPEN |\n|---------|-----|-----|-----|-----|------|\n| A2GBIFL43U1LK | 54.05 | 34.87 | 25.96 | 54.39 | 42.71 |\n\nTable 2: An example of Receptiviti score for a specific, anonymized user.\n\nTo improve the personality prediction process, we only analyze the personality traits for active users who bought many products and wrote a sufficient number of product reviews. To be specific, we select users that 1) wrote product reviews for at least 10 different items they purchased, and where 2) each product review contains between 30 to 80 words. Table 3 shows the statistics after the filtration. For example, using these criteria, 1,791 active users are selected for the Amazon-music dataset. Each user in the Amazon-music dataset has an average of 990.48 review words over all of his/her reviews, averaging 51.01 words for each review.\n\n3.3 Dataset Statistics\n\nAside from our constructed Amazon-beauty and Amazon-music dataset, we also include an existing dataset Personality 2018 in our study. Personality 2018 [14] is a version of the MovieLens dataset that includes each user's personality information obtained through questionnaires. It contains 21,776 movies, 339,000 ratings, and 678 users with the OCEAN personality questionnaire scores from 1 to 7. This dataset is included to study the difference between questionnaire-based personality trait scores with our review-based automatic personality trait detection scores.\n\nTable 3 shows the final statistics of the datasets used in our study. We can observe that the Amazon-beauty / Amazon-music dataset has the largest / smallest percentage of interactions. The Personality2018 dataset contains the largest number of items and the smallest number of users. We can see that these datasets differ i"
    },
    "5": {
      "summary": "1. **NCF + Most Salient Personality.** In this model, we introduce a 4-dimensional personality vector for each of the five types of personalities, which are learned during training. We treat the most salient personality as the user's personality label and concatenate the corresponding personality vector with the user's latent vector.\n\n2. **NCF + Soft-labeled Personality.** In this model, we make full use of all five personality trait scores. We first apply a Softmax function to map the personality scores into a probability distribution of personality. Afterward, the probability distribution is used as the weight to calculate the weighted sum of the five personality vectors. The output vector is then concatenated with the user's latent vector as the input of the MLP.\n\n3. **NCF + Hard-coded Personality.** This model also considers all the user's five personality traits information. However, instead of introducing learnable personality vectors, we directly scale each personality score to sum to a unit value (here, 100) to get a hard-coded 5-dimensional vector to represent the user's personality information. This vector is concatenated with the user's latent vector, but is fixed during training.\n\n**5 EXPERIMENTS**\n\nWe evaluate our proposed method on our three datasets by answering the following four research questions. We first evaluate whether we can accurately detect personality from texts (RQ1, Section 5.1). Afterward, we analyze the distribution of personality in review texts (RQ2, Section 5.2). Then, we explore whether adding personality information can improve recommendation performance (RQ3, Section 5.3). Finally, we analyze the influence of personality information on different domains (RQ4, Section 5.4).\n\n**5.1 Can we accurately detect personality from texts? (RQ1)**\n\nTo evaluate whether we can accurately detect personality traits from texts, we analyze the personality scores inferred by the Receptiviti API for each user. Since there are over 2,500 users in total in our two constructed datasets, it is time-consuming to manually evaluate them all. As a compromise, we choose to manually examine the users that receive extremely high scores for certain personality traits. We believe those examples are more easily evaluated by humans. Specifically, for each personality trait, we select the users that receive the top 10 highest scores on this type. We analyze both the Amazon-beauty and the Amazon-music datasets, resulting in a total of 100 samples. These samples are evaluated by two graduate students. Both were trained with a detailed explanation of the OCEAN personality model. We ask them to choose whether the sampled review texts accurately match their inferred personality, choosing between three options of yes, no, or not sure. We then calculate the"
    },
    "6": {
      "summary": "1. Clearly identify the main topic or theme of the page.\n2. Summarize the key points or findings in a concise manner.\n3. Avoid unnecessary elaboration; focus on the most important aspects.\n4. Use a logical flow to guide the reader through the summary.\n\nHere's an example of a summary for the page you provided:\n\n**Table 4: The data sample of extreme personality cases to the annotators. Each data sample contains the user’s personality labels, personality scores, and review texts.**\n\n| Personality label | Personality Score | Review Texts |\n|------------------|--------------------|--------------|\n| Openness         | 63.07              | Near perfect exfoliating gloves my only complaint is a matter of preference rather than product defect. I prefer the harder surface area to use on round areas of the body or potentially harder like the feet, elbows, etc. |\n| Openness         | 62.62              | Azur is always my favorite in the Thymes collection because of its clean, fresh scent. I like that my skin feels moisturized when using this product in the shower. |\n| Conscientiousness | 75.38             | I have had this shower gel once before, and it’s amazing. Hard to find, too. One of The Body Shop’s best scents, and it’s usually only available seasonally! wish they sold it in bigger bottles, but I was happy to find it. |\n| Conscientiousness | 71.02             | Don’t just take my word for it, you must try it. A dear friend got me this from Italy 12 years ago and has been using it since, very hard to find it in the US. This shower cream will transform your shower experience. |\n| Extroversion     | 75.06             | Love this shampoo! Recommended by a friend! The color really lasts!!! |\n| Extroversion     | 72.90             | Looked all over to find where to purchase this product and we are very happy to be able to finally find it. The PRELL Conditioner is by far the best you can buy. We love it!! |\n| Agreeableness    | 80.06             | Great product - my wife loves it |\n| Agreeableness    | 78.18             | Great deal and leaves my kids smelling awesome! I bought a box of them years ago and we still have some left!!! Great deal and leaves my kids smelling awesome! |\n| Neuroticism      | 67.81             | Too expensive for such poor quality. There was no improvement and I am starting to think my scalp is worse off than it was before I started using this product. I do agree with other reviews that it feels watered. |\n| Neuroticism      | 62.28             | Nope. It smells like artificial bananas, and this smell does linger. It’s pure liquid, there is no thickness to it at all, it’s like pouring banana water on your head that lathers. It does not help with an itchy scalp either. |\n\nTable 4: The data sample of extreme personality cases to the anno"
    },
    "7": {
      "summary": "5.3 Does incorporating personality improvement recommendations perform better than other interventions?\n\nNext, we want to explore whether adding the induced user personality benefits the recommendation quality. To this end, we compare the personality-enhanced NCF with the following two baseline models that do not utilize personality information.\n\n1. **NCF with random personality (NCF + Random).** We randomly assign each user with a random personality label, regardless of his/her original, inferred personality scores.\n\n2. **NCF with same personality (NCF + Same).** We assign each user to a single personality trait. To be specific, we assume every user is “open” and assign the corresponding personality vector to NCF. Although the personality vector does not provide any additional signal to the model in this case, it can serve as a placeholder to keep the network structure identical to the personality-enhanced model, resulting in a fair comparison.\n\nEvaluation Metrics. We use two metrics to measure the performance of our proposed recommendation models: Hit Rate (HR) @ K and Normalized Discounted Cumulative Gain (NDCG) @ K (K = 3, 5, 10). Larger HR and NDCG demonstrate better accuracy.\n\nExperiment Results. Table 5 shows the experimental results in the Amazon-beauty and the Amazon-music, and Personality2018 datasets, respectively. In Amazon-beauty and Amazon-music, we find that the three personality-enhanced NCF models outperform the two baseline models, in terms of both NDCG and HR. Especially, the first three rows show that the NCF with the most salient personality label outperforms NCF with the same or random personality label. This indicates that adding personality information into NCF improves recommendation performance. From the last three rows, we further find that NCF + Soft-labeled/Hard-coded outperforms NCF + Most salient personality in terms of NDCG. This shows that utilizing all five personality traits is better than using the most salient personality trait in NCF.\n\nIn the Personality 2018 dataset, the trend in the Amazon-beauty and Amazon-music also holds for it. For example, the NCF + Soft-labeled model outperforms the other models, showing that adding personality information improves performance. However, the improvement in the Personality 2018 is less obvious than that in the Amazon-beauty dataset. We hypothesize the reason might be due to the difference in the sizes of the datasets. Since Amazon-beauty is a small dataset, adding personality information may better help to address the data sparsity problem, therefore exhibiting a better performance gain.\n\n5.4 How does personality information improve the performance of recommendation system? (RQ4)\n\nTo gain a better understanding of the improvement brought by incorporating personality, we sep"
    },
    "8": {
      "summary": "5. **Conclusion and Future Works**\n\nIn this section, we explore a new way of automatically extracting personality information from review texts and applying it to recommendation systems. We first construct two new datasets based on the Amazon dataset in the beauty and music domains and include OCEAN personality scores automatically inferred by the Receptiviti API, a commercial service. We then analyze the accuracy of using texts to obtain personality profiles and output personality score distributions. To explore the effectiveness of using personality in current recommendation systems, we conduct a few experiments with the standard neural collaborative filtering (NCF) recommendation algorithm and our variants, finding that incorporating personality information improves recommendation performance by 3% to 28%. In terms of the relationship between personality and domain, we find that openness, extroversion, and agreeableness are helpful in music recommendation, while conscientiousness is most helpful in the beauty recommendation.\n\nIn the future, more advanced models graph recommendation models can be used in the experiments. In addition, collecting more information beyond review texts (e.g., purchase history, browsing history) is a potential direction. Moreover, except for the accuracy-based performance, it is possible to improve the fairness by using the OCEAN model [13]. To explore the inner relationship between personality and recommendation systems, doing a user study is also a possible way to further validate the findings.\n\n**ACKNOWLEDGEMENT**\n\nWe sincerely appreciate Dr. Liangming Pan's efforts in his help in proofreading this work.\n\n**REFERENCES**\n\n[1] G.W. Allport. 1961. Pattern and Growth in Personality. Holt, Rinehart and Winston. https://books.google.com.sg/books?id=GVRAAAAQAAJ\n[2] Anton Aluja, Oscar Garcia, Jerome Rossier, and Luis F. Garcia. 2005. Comparison of the NEO-PI, the NEO-PFI-R and an alternative short version of the NEO-PI-R (NEO-60) in Swiss and Spanish samples. Personality and Individual Differences 38, 3 (2005), 591–604. https://doi.org/10.1016/j.paid.2004.05.014\n[3] Nana Yaw Asabere, Amevi Acakpovi, and Mathias Bennet Michael. 2018. Improving Socially-Aware Recommendation Accuracy Through Personality. IEEE Trans. Affect. Comput. 9, 3 (2018), 351–361. https://doi.org/10.1109/TAFFC.2017.2695605\n[4] Deger Ayata, Yusuf Yaslan, and Mustafa E Kamasak. 2018. Emotion based music recommendation system using wearable physiological sensors. IEEE transactions on consumer electronics 64, 2 (2018), 196–203.\n[5] J. Cohen. 1968. Weighted kappa: nominal scale agreement with provision for scaled disagreement or partial credit. Psychological bulletin 70 4 (1968), 213–20.\n[6] Paul T Costa Jr and Robert R McCrae. 2008. The Revised Neo Personality"
    },
    "9": {
      "summary": "213-217. https://doi.org/10.1016/j.paid.2011.10.022\n\n[17] James W Pennebaker and Laura A King. 1999. Linguistic styles: language use as an individual difference. Journal of personality and social psychology 77, 6 (1999), 1296.\n\n[18] Beatrice Rammstedt and Oliver P John. 2007. Measuring personality in one minute or less: A 10-item short version of the Big Five Inventory in English and German. Journal of research in Personality 41, 1 (2007), 203–212.\n\n[19] Sanja Stajner and Seren Yenikent. 2020. A Survey of Automatic Personality Detection from Texts. In Proceedings of the 28th International Conference on Computational Linguistics, COLING 2020, Barcelona, Spain (Online), December 8-13, 2020, Dania Scott, Núria Bel, and Chengqing Zong (Eds.). International Committee on Computational Linguistics, 6284–6295. https://doi.org/10.18653/v1/2020.coling-main.553\n\n[20] Ewa Topolewska, Ewa Skimina, WLODZIMIERZ Strus, Jan Cieciuch, and Tomasz Rowiński. 2014. The short IPIP-BFM-20 questionnaire for measuring the Big Five. Roczniki Psychologiczne 17, 2 (2014), 385–402.\n\n[21] Pinata Winoto and Tiffany Ya Tang. 2010. The role of user mood in movie recommendations. Expert Syst. Appl. 37, 8 (2010), 6086–6092. https://doi.org/10.1016/j.eswa.2010.02.117\n\n[22] Wen Wu, Li Chen, and Yu Zhao. 2018. Personalizing recommendation diversity based on user personality. User Model. User Adapt. Interact. 28, 3 (2018), 237–276. https://doi.org/10.1007/s11257-018-9205-x\n\n[23] Hsin-Chang Yang and Zi-Rui Huang. 2019. Mining personality traits from social messages for game recommender systems. Knowl. Based Syst. 165 (2019), 157–168. https://doi.org/10.1016/j.knosys.2018.11.025\n\n[24] Wu Youyou, David Stillwell, H. Andrew Schwartz, and Michal Kosinski. 2017. Birds of a Feather Do Flock Together: Behavior-Based Personality-Assessment Method Reveals Personality Similarity Among Couples and Friends. Psychological Science 28, 3 (2017), 276–284. https://doi.org/10.1177/0956797616678187 arXiv:https://doi.org/10.1177/0956797616678187 PMID: 28059682."
    }
  }
}
