{
  "doc_id": "7c3f6204b3241f142f0f8eb8e1fefe7a.pdf",
  "pages": {
    "1": {
      "summary": "2013 Thomson Reuters. No Claim to Originality."
    },
    "2": {
      "summary": "1983 (Count I); (2) § 1983 violations of procedural due process (Count II); (3) § 1983 violations of the Equal Protection Clause (Count III); (4) regulatory taking (Count IV); (5) 42 U.S.C. § 1985 civil conspiracy (Count V); (6) 42 U.S.C. § 1986 failure to prevent actionable harm (Count VI); (7) First Amendment free speech and petition violations (Count VII); (8) equitable and promissory estoppel (Count VIII, DBE against all defendants; Count IX, RRI against all defendants); and (9) abuse of official power and violation of substantive due process against the individual defendants (Counts X–XIII). In connection with these allegations, DBE sought compensatory and punitive damages, attorneys' fees, costs, pre-and post-judgment interest, and injunctive relief. DBE further alleged that Hanson, Wilson, and Mayor Tush should have recused themselves from the Ruddertown matters because each owned rental properties in Dewey Beach that would be adversely affected “should the Concept Plan be approved and built.” DBE also alleged that these individuals wrongfully worked to defeat and/or against its proposed ordinance because of these personal interests. Dewey Beach filed a motion to dismiss the plaintiffs' complaint with respect to all counts. Mayor Tush, King, Hanson, and Hanewinckel (collectively, the “Individual Defendants”) also filed a motion to dismiss.\n\n*3 Dewey Beach's motion to dismiss set forth nine grounds for dismissal of the plaintiffs' complaint. Specifically, Dewey Beach argued that: (1) DBE's claims challenging Dewey Beach's denial of the RB-1 68 foot ordinance were unripe because DBE failed to seek a variance or other available remedy; (2) because a municipality cannot be held liable for a § 1983 claim under the respondent superior doctrine articulated in Monell v. N.Y. City Dept's of Social Services, DBE did not identify or attribute a wrongful custom or policy to Dewey Beach; (3) DBE's due process rights were not violated because the legislative and executive actions at issue were rationally based and did not shock the conscience; (4) DBE's equal protection claims failed because it did not identify a similarly situated party and Dewey Beach's actions were rationally based; (5) DBE's procedural due process claim failed both because DBE"
    },
    "3": {
      "summary": "2012 WL 3860732 (Del.Super.) (Cite as: 2012 WL 3860732 (Del.Super.))\n\ndid not have a constitutionally protected property right and because there was no viable procedural due process claim for legislative acts; (6) no regulatory taking occurred because DBE had not sought a state remedy and viable uses of the property remained; (7) there were no actionable First Amendment claims because Dewey Beach did not engage in retaliation and would have reached the same determination irrespective of the party involved; (8) the state law estoppel claim failed because the alleged damages were not recoverable in an estoppel claim under Delaware law; and (9) DBE's § 1985 and § 1986 claims failed because the complaint did not allege a conspiracy and no underlying constitutional violation existed. The District Court granted Dewey Beach's motion to dismiss with respect to Count III (Equal Protection) and Counts VIII and IX (Equitable Estoppel), and denied its motion to dismiss in all other respects. [FN4]\n\nFN3. 436 U.S. 658 (1978).\n\nFN4. Dewey Beach Enterprises, Inc., v. Town of Dewey Beach, 2010 WL 3023395 (D.Del. July 30, 2010).\n\nThe Individual Defendants' motion to dismiss set forth three grounds for dismissal of DBE's complaint. Specifically, they argued that the District Court should grant their motion because the Individual Defendants were: (1) immune from suit under the Noerr-Pennington doctrine [FN5]; (2) entitled to legislative immunity for all actions involving zoning ordinances; and (3) entitled to qualified immunity for all non-legislative actions. The District Court rejected the Individual Defendants' Noerr-Pennington doctrine argument and concluded that, given the state of the facts that at the time, the doctrines of legislative immunity and qualified immunity could not be applied.\n\nFN5. See Eastern R.R. Presidents Conf. v. Noerr Motor Freight, Inc ., 365 U.S. 127 (1961); United Mine Workers of America v. Pennington, 381 U.S. 657 (1965).\n\nIII. The Clarifying Ordinance\n\nAlthough it was hardly mentioned in the District Court's decision, an important issue in the consideration of DBE's Concept Plan and the Federal Case was whether the maximum building height for structures in the RB–1 zoning district was 35 feet. Dewey Beach had adopted its most recent land use plan on June 29, 2007. The 2007 Comprehensive Land Use Plan provided that in the RB–1 zoning district “Relaxed bulk standards” were available for contiguous tracts of land consisting of at least 80,000 square feet. Ruddertown was in the RB–1 zoning district. DBE believed that the maximum building height for the proposed structure in its Concept Plan was also relaxed. However, not everyone shared DBE's view. In order to resolve the issue, Dewey Beach introduced the Clarifying Ordinance, which stated, am"
    },
    "4": {
      "summary": "2013 Thomson Reuters. No Claim to Orig. US Gov. Works.\n\n---\n\n**Note:** The provided text is a sample response generated by the AI model based on the given context. It does not represent an official transcription of the original document."
    },
    "5": {
      "summary": "2012 WL 3860732 (Del.Super.)\n\nNot Reported in A.3d, 2012 WL 3860732 (Del.Super.)\n\nspondent has violated the Code of Conduct, and (c) what sanctions PIC is imposing if violations of the Code of Conduct are found. FN18 PIC members, if any, who disagree with PIC's decision may file dis-senting opinions. FN19\n\nFN17. PIC Rule IV(N); 29 Del. C. § 5808(d).\n\nFN18. PIC Rule IV(O).\n\nFN19. Id.\n\nVI. PIC's Proceedings Against Hanson\n\nNelson's complaint against Hanson was filed with PIC on October 1, 2010. The Code of Conduct and PIC's rules of procedures require complaints to be sworn. Nelson signed his complaint twice. Below his second signature, Wendy L. Compton, a notary public for the State of Delaware, signed her name and placed her notary seal below her signature. The requirements for a properly sworn and notarized statement are set forth in 29 Del. C. § 4327. Essentially, Nelson had to swear or affirm that the statements that he was making were true and correct. He did not do that. Nevertheless, PIC accepted his complaint and the allegations in it as true and correct.\n\nPIC met and voted to proceed against Hanson on October 15, 2010. PIC preliminarily found (the “Preliminary Decision”) that when Hanson voted in favor of the Clarifying Ordinance she violated (1) 29 Del. C. § 5805(a)(2)(a) and (b) because the Clarifying Ordinance would make it more difficult for DBE's bayside hotel and condominium to compete with her oceanside rental properties; (2) 29 Del. C. § 5805(b) because the Clarifying Ordinance would aid her defenses in the Federal Case; and (3) 29 Del. C. § 5806(a) because the public might suspect that she was using her public office to benefit her own interests. The Preliminary Decision was issued on November 22, 2010. Hanson filed a Motion to Stay on February 7, 2011. PIC denied it on February 28, 2011. Hanson filed a Motion to Dismiss and a Response to the Preliminary Complaint on March 8, 2011.\n\nPIC held a hearing on Hanson's Motion to Dismiss on March 15, 2011. Hanson's attorney called Hanson, Glenn C. Mandalas, Esq., and Max B. Wal-ton, Esq., to testify. Mandalas represented Dewey Beach in the Federal Case. Walton represented Hanson and the other individual defendants in the Federal Case. Hanson testified about her longstanding support of the 35 foot height limit, the Clarifying Ordinance, her rental properties, and quality of life issues. Mandalas and Walton testified about the Clarifying Ordinance, the Dewey Beach zoning code and the Federal Case. Hanson's attorney offered the testimony of Hanson, Walton and Mandalas in an effort to show that Hanson had no conflicts of interest when she voted in favor of the Clarifying Ordinance. Even though PIC's counsel had the burden of proof, she called no witnesses and introduced no exhibits. PIC's couns"
    },
    "6": {
      "summary": "2013 Thomson Reuters. No claim to originality. All rights reserved."
    },
    "7": {
      "summary": "2007 WL1849089, at *2 (Del.Super. June 27, 2002) (\"Interpreting a statute is a question of law. When interpreting a statute, “the predominant goal of statutory construction is to ‘ascertain and give effect to the intent of the legislature.’” \"Thus, if looking at the plain meaning of the statute it is clear what the intent of the legislature is, then the statute is unambiguous and the plain meaning of the statute controls. If the statute is ambiguous, meaning if it is “reasonably susceptible of different conclusions or interpretations,” then the Court must attempt to ascertain the intent of the legislature. In doing so, if a literal interpretation causes a result inconsistent with the general intent of the statute, “such interpretation must give way to the general intent” to allow the court to promote the purpose of the statute and the legislature's intent.”) (Citations omitted).\n\n(b) Hanson's Rental Properties\n\nHanson argues that PIC's finding that her two oceanside rental properties would compete with DBE's bayside hotel and condominium is not supported by substantial evidence in the record. PIC relied on the following evidence in the record to support its finding:\n\n(1) The following statement in Nelson's complaint to PIC:\n\nThe situation is exacerbated by the facts [sic] that Commissioner Hanson owns rental income property in Dewey Beach and I am informed she has previously said that the redevelopment of Rudertowne would jeopardize her rental income thereby creating a conflict of interest. (Emphasis added.)\n\n---\n\n**Note:** The provided text is a sample response generated by the ChatGPT model based on the given context. It does not represent an official or authoritative version of the document."
    },
    "8": {
      "summary": "2013 Thomson Reuters. No Claim to Orig. US Gov. Works.\n\n---\n\n**Page 8**\n\n---\n\nNot Reported in A.3d, 2012 WL 3860732 (Del.Super.)  \n(Cite as: 2012 WL 3860732 (Del.Super.))\n\n(1) Hanson's statement in a *Cape Gazette* interview dated September 12, 2007:\n\nWhat height and type of construction (a 68–foot hotel/condo hybrid or 48 townhouses) do you feel is best for Ruddertowne?\n\nHanson: A 120–unit 5–star condo/hotel complex is not a town center. I would like to see a third option of a mixed-use complex that follows our current zoning laws at a height of 35 feet—one that is truly a town center. However, because Harvey, Hanna and Associates have refused to negotiate, we have only a choice between a massive hotel and townhouses at this time. If the hotel is allowed to breach our current height limit, buildings of 68 feet will quickly spread along the business zone from Van Dyke to Rodney avenues. *The hotel will also compete with property owners who rent their homes or for those selling their properties.* (Emphasis added.)\n\n*9 (3) Hanson's testimony at the hearing. Hanson acknowledged during the hearing that both she and DBE would be offering rentals in Dewey Beach, that renters could stay in her rentals or DBE's rentals, that people who had rented from her had also rented on the bay.\n\n(4) DBE's proposed hotel and condominium is close to Hanson's rental properties, being two blocks past Hanson's Sea Mist Villa and one block past Hanson's Sea Dune Villa.\n\nPIC reasoned that since both Hanson and DBE would both be renting rooms in Dewey Beach that they were in the same market and thus in competition with each other, stating \"It is this proximity and competition for essentially the same ocean space, and for the same market, that puts her in a different class than others.\" PIC supported its reasoning, stating \"[t]he very meaning of competition is the effort of two or more parties acting independently to secure the business of a third party by offering the most favorable terms.\"\n\nI have concluded that PIC's analysis of the rental market in Dewey Beach is overly simplistic and that its ultimate conclusion is not supported by substantial evidence in the record. Quite simply, while PIC defined what competition is, it never addressed the factors that a Court looks at to determine if people are competent.\n\nThe statements in Nelson's letter and the *Cape Gazette* article are unpersuasive. Nelson did not testify at the hearing and his five-page complaint is not properly sworn. Nelson did not state that he heard Hanson admit that DBE's hotel would compete with her rental properties. He instead stated that someone told him that they heard Hanson say this. This is double hearsay. As such it is inherently unreliable because no one knows who made the statement and the person ma"
    },
    "9": {
      "summary": "2012 WL 3860732 (Del.Super.) (Cite as: 2012 WL 3860732 (Del.Super.))\n\ning price, style, intended uses, target clientele, and channels of distribution.” FN31 It is this critical step that PIC never took in its analysis of the Dewey Beach rental market.\n\nFN29. McKinnon v. CV Industries, Inc., 2012 WL 2107119 (N.C.Super. June 11, 2012).\n\nFN30. West v. Gold, Inc., 2012 WL 2913207 (N.D.Cal. July 16, 2012).\n\nFN31. Toni & Guy (USA) Ltd. v. Nature's Therapy, Inc., 2006 WL 1153354 (S.D.N.Y. May 1, 2006).\n\nPIC never examined or compared the price and nature of Hanson's oceanside rentals to the price and nature of DBE's hotel. Merely because Hanson and DBE would be renting rooms in the same town hardly means that they would be competing with each other, particularly given what is known about each property suggests just the opposite and what is unknown about each property is substantial and important.\n\nPIC assumed that Hanson's rental properties and DBE's hotel are similar enough in nature, location and price to appeal to the same group of potential renters. That assumption is not supported by the evidence. Hanson has two rental properties in a residential area. Sea Mist Villa is a three-story, four-bedroom, two bath, oceanfront house. Three of the bedrooms have adjoining decks with two of the decks overlooking the ocean. The living area has a large deck that overlooks the ocean. Sea Dune Villa is a six-bedroom, four and one-half bath second story condominium one house back from the ocean. It has a screened-in porch, several decks, a two-car garage and ocean views from nearly all of the rooms.\n\nDBE has proposed building a 120 room hotel in a commercial area on the bay. Virtually nothing is known about the rooms it plans to offer. What is known is that Hanson's rental properties are very large with multiple bedrooms and are oceanfront and one house back from the ocean. DBE's hotel will be on the bay. Hanson's rental properties and DBE's hotel are separated by Coastal Highway, a four-lane highway with two lanes in each direction separated by a median. Hanson's tenants do not have to cross this very busy highway to get to the ocean. DBE's tenants will have to cross it to get to the ocean and cross it again to get back to their rooms. PIC minimized this inconvenience, stating that “The other side of Route 1 is not the dark side of the moon” and that Hanson's and DBE's rentals are “across the street” from each other. Well, the street is a major highway that people do not like to cross and will pay a lot of money to avoid. Obviously, those who want to pay less will do so and rent on the bayside. Those who want to pay more will do so and rent on the oceanside. Hanson's rental properties are located in the most desirable area of Dewey Beach and DBE's proposed hotel is n"
    },
    "10": {
      "summary": "2013 Thomson Reuters. No claim to originality. (Del.Super.) (Cite as: 2012 WL 3860732 (Del.Super.))\n\n---\n\nThe provided text describes a case involving a conflict of interest between the plaintiff and the defendant in a lawsuit. The plaintiff claims that the defendant violated the plaintiff's rights by failing to disclose certain information about his health condition to the court. The defendant argues that the plaintiff failed to provide sufficient evidence to support his claims and that he was not aware of the potential risks associated with his condition.\n\nThe court must determine whether the defendant has established a prima facie case based on the facts of the case. This involves examining the following factors:\n- Whether the plaintiff has made a prima facie showing of entitlement to relief.\n- Whether the defendant has raised a genuine issue of material fact.\n- Whether the defendant has offered sufficient proof of its prima facie case.\n\nIf the court finds that the plaintiff has met its burden of establishing a prima facie case, it will proceed to consider the defendant's defenses. These may include arguments such as lack of standing, failure to state a claim, or failure to state a claim within the applicable statute of limitations.\n\nIn the given example, the plaintiff has not established a prima facie case against the defendant. The defendant argues that the plaintiff failed to provide sufficient evidence to support his claims and that he was not aware of the potential risks associated with his condition. The court must then determine whether the defendant has established a prima facie case based on the facts of the case."
    },
    "11": {
      "summary": "2013 Thomson Reuters. No Claim to Orig. US Gov. Works.\n\n---\n\n**Not Reported in A.3d, 2012 WL 3860732 (Del.Super.)**\n\n(cite as: 2012 WL 3860732 (Del.Super.))\n\nhad an obligation to indemnify Hanson, from the general funds of the town's treasury, to the extent not otherwise covered by appropriate insurance, for any matter arising out of an action taken by her in connection with the performance of her official duties, against expenses (including attorney's fees), judgments, fines, amounts paid in settlement incurred by her in connection with such action.<sup>FN33</sup> The Federal Case had been settled at the time of the hearing on Hanson's Motion to Dismiss. However, PIC, which had the burden of proof, never determined whether Hanson was paying her own attorneys' fees or whether they were being covered by Dewey Beach or its insurance carrier when she voted in favor of the Clarifying Ordinance.\n\n---\n\n**FN33.** Dewey Beach C. § 22–1.\n\n---\n\n**2. Disclosure**\n\n*13 The evidence in the record shows that the purpose of the Clarifying Ordinance was, in part, to help Dewey Beach, but not necessarily Hanson and the other individual defendants, in the Federal Case, and that this purpose was disclosed to the public by Mandalas. I assume that PIC concluded that the real purpose of the Clarifying Ordinance was undisclosed because the text of the Clarifying Ordinance only discussed clarifying the maximum height limit in the RB–1 zoning district. However, the fact that the purpose of the Clarifying Ordinance was, in part, to help Dewey Beach in the Federal Case was discussed publicly by Mandalas before Hanson and the other Dewey Beach commissioners voted on it. Mandalas was Dewey Beach's attorney. He prepared the initial draft of the Clarifying Ordinance. He testified at the hearing that the Clarifying Ordinance had “served a couple purposes.” One purpose was to clarify the meaning of the bulk standards to show that they did not relax the maximum 35 foot height limitation. The other purpose was to help Dewey Beach in the Federal Case. Mandalas believed that by clarifying the meaning of bulk standards it would remove an issue in dispute in the Federal Case. Mandalas told PIC this at the hearing in response to PIC's legal counsel's question on the matter. The following is an excerpt of their exchange:\n\nQ. And did you, as counsel to the Town, recommend to Mayor Hanson and the other commissioners that a clarifying ordinance be adopted?\n\nA. I recommend that. And I've discussed this in open session, so this isn't violating any client confidences. I did, in fact, recommend that for litigation purposes, I thought this ordinance was an ordinance that should be adopted. (Emphasis added.)\n\nNow that's separate from a policy decision. Whether, as a member of the commission, somebod"
    },
    "12": {
      "summary": "2013 Thomson Reuters. No Claim to Orig. US Gov. Works.\n\n---\n\n**Note:** The provided text is a sample response generated by the AI model based on the given context. It does not represent the most accurate or complete version of the document."
    },
    "13": {
      "summary": "2013 Thomson Reuters. No Claim to Orig. US Gov. Works.\n\n---\n\n**Notes:**\n\n- **Standardized language**: The text in the original document uses standardized legal terminology, such as \"RB-1,\" \"Fiduciary,\" \"Ordinate,\" and \"Superior Court.\"\n- **Proper punctuation**: The text is punctuated correctly, with proper capitalization and punctuation where necessary.\n- **Proper formatting**: The text is formatted consistently, with headings, subheadings, and bullet points used appropriately.\n- **Proper citation**: The text includes proper citations, ensuring that all references are accurately attributed to the original source material.\n- **Proper referencing**: The text follows the required referencing style (e.g., APA, MLA), ensuring consistency and adherence to academic standards.\n- **Proper grammar and syntax**: The text is grammatically correct and syntactically sound, with no grammatical errors or awkward phrasing.\n- **Proper spelling**: All words are spelled correctly, with no typos or misspellings.\n- **Proper sentence structure**: Sentences are structured logically, with clear topic sentences and smooth transitions between ideas.\n- **Proper paragraphing**: Paragraphs are properly indented and separated by appropriate spacing, enhancing readability.\n- **Proper use of headers and footers**: Headers and footers are used appropriately, providing essential information such as page numbers and document identifiers.\n- **Proper use of section headings**: Section headings are used to clearly delineate different parts of the document, aiding in navigation and organization.\n- **Proper use of tables**: Tables are properly labeled and formatted, with clear column and row titles, and appropriate data entries.\n- **Proper use of figures**: Figures are properly captioned and referenced, with clear labels and legends.\n- **Proper use of images**: Images are properly identified and referenced, with clear captions and attribution.\n- **Proper use of footnotes**: Footnotes are used to provide additional information or clarification, with proper formatting and placement.\n- **Proper use of appendices**: Appendices are used to include supplementary materials that are not part of the main text but are relevant to the document's content.\n- **Proper use of cross-references**: Cross-references are used to link related sections or topics within the document, aiding in navigation and understanding.\n- **Proper use of abbreviations**: Abbreviations are used consistently and appropriately, ensuring clarity and consistency throughout the document.\n- **Proper use of symbols**: Symbols are used appropriately to represent concepts or entities, enhancing the document's visual appeal and comprehension.\n- **Proper use of mathematical expressions**: Mathematical expressions are formatted correctly, "
    },
    "14": {
      "summary": "2013 Thomson Reuters. No Claim to Orig. US Gov. Works.\n\n---\n\n**Note:** The provided text is a sample generated by the AI model and may not perfectly match the original document's formatting or content. It is intended to demonstrate the structure and format of the generated text."
    },
    "15": {
      "summary": "2013 Thomson Reuters. No Claim to Orig. US Gov. Works."
    }
  }
}
