{
  "doc_id": "8dfc21ec151fb9d3578fc32d5c4e5df9.pdf",
  "pages": {
    "1": {
      "summary": "6/3/2020\n\nCollege Board Search Help\n\nNews\n\nQuick-Start Guide\n\nBeyond the Basics\n\nAbout the Data\n\nFAQs\n\nAccount Maintenance\n\nLicensing\n\nTraining\n\nTraining Resources\n\nCollege Board Events\n\nRecorded Demonstrations\n\nLive and Recorded Webinars\n\nImportant Documents\n\nContact Us\n\n---\n\n**Recorded Demonstrations**\n\nIf you are new to College Board Search or if you're just looking for a refresher, these short videos will help you move ahead. To view videos full screen, you'll need to play them in Internet Explorer 10, Firefox or Google Chrome.\n\n---\n\n**Getting Started with Search for Students®**\n\nLearn how to use cohort, geographic, academic and demographic criteria to conduct research or license the names of students who best fit your institutional goals and strategies. Click the icon at the bottom right of the video to view full screen. (05:40)\n\n---\n\n**Visualizing Your Data in the Dashboard**\n\nLearn how to view and create custom reports, charts and heat maps characterizing the students identified by your search criteria. Click the icon at the bottom right of the video to view full screen. (04:08)\n\n---\n\n**Using Plan Travel to Travel Smart**\n\nFind out how Plan Travel's guided search experience helps you develop a data-driven, comprehensive travel strategy so that you get the most value for your travel time and budget. Click the icon at the bottom right of the video to view full screen. (05:52)\n\n---\n\n**Researching High Schools for Informed Decisions**\n\nDetermine where to focus your recruitment activities using high school and student attributes in line with your institution's goals and strategies. Click the icon at the bottom right of the video to view full screen. (05:19)\n\n---\n\n**Preparing a File for Segment Analysis Service**\n\nhttps://collegeboardsearch.collegeboard.org/pastudentsrch/support/training/recorded-demonstrations"
    },
    "2": {
      "summary": "6/3/2020\n\nLearn the steps to upload a file for Segment Analysis historical or periodic tagging. Click the icon at the bottom right of the video to view full screen. (06:49)"
    },
    "3": {
      "summary": "1. EPS Code\n2. New York (NY)\n3. Erie County\n4. Genesee Valley and Northern Frontier\n5. Rochester and Monroe County\n6. Finger Lakes Region\n7. Central New York\n8. St. Lawrence Valley\n9. Adirondacks\n10. Tri Cities\n11. Central Hudson Valley\n12. Catskills\n13. Southern Tier East\n14. Rockland County\n15. Staten Island\n16. Westchester County\n17. Southern Nassau County\n18. Northern Nassau County\n19. Central Nassau County\n20. Northwest Suffolk County\n21. Southwest Suffolk County\n22. East Suffolk County\n23. Southeast Brooklyn\n24. Northeast Brooklyn\n25. East Bronx\n26. West Bronx\n27. Manhattan\n28. South Queens\n29. Northwest Queens\n30. Northeast Queens\nPennsylvania (PA)\n\n1. Bucks County\n2. Chester County\n3. Delaware County\n4. Montgomery County\n5. Philadelphia County\n6. Lehigh Valley\n7. Northeastern Pennsylvania\n8. North Central Pennsylvania\n9. Northwestern Pennsylvania\n10. Southern Pennsylvania (East)\n11. Southern Pennsylvania (West)\n12. Allegheny County\n13. Southwest Pennsylvania excluding Allegheny County\nDelaware (DE)\n1. New Castle County\n2. Kent and Sussex Counties\nDistrict of Columbia (DC)\n1. District of Columbia\nMaryland (MD)\n1. Western Maryland\n2. Montgomery Metropolitan\n3. Central Maryland excluding Baltimore\n4. Eastern Shore\n5. Prince Georges Metropolitan\n6. Southern Maryland\n7. Baltimore (Urban)\n8. MD01\n9. MD02\n10. MD03\n11. MD04\n12. MD05\n13. MD06\n14. MD07\n15. MD08\n16. MD09\n17. MD10\n18. MD11\n19. MD12\n20. MD13\n21. MD14\n22. MD15\n23. MD16\n24. MD17\n25. MD18\n26. MD19\n27. MD20\n28. MD21\n29. MD22\n30. MD23\n31. MD24\n32. MD25\n33. MD26\n34. MD27\n35. MD28\n36. MD29\n37. MD30\n38. MD31\n39. MD32\n40. MD33\n41. MD34\n42. MD35\n43. MD36\n44. MD37\n45. MD38\n46. MD39\n47. MD40\n48. MD41\n49. MD42\n50. MD43\n51. MD44\n52. MD45\n53. MD46\n54. MD47\n55. MD48\n56. MD49\n57. MD50\n58. MD51\n59. MD52\n60. MD53\n61. MD54\n62. MD55\n63. MD56\n64. MD57\n65. MD58\n66. MD59\n67. MD60\n68. MD61\n69. MD62\n70. MD63\n71. MD64\n72. MD65\n73. MD66\n74. MD67\n75. MD68\n76. MD69\n77. MD70\n78. MD71\n79. MD72\n80. MD73\n81. MD74\n82. MD75\n83. MD76\n84. MD77\n85. MD78\n86. MD79\n87. MD80\n88. MD81\n89. MD82\n90. MD83\n91. MD84\n92. MD85\n93. MD86\n94. MD87\n95. MD88\n96. MD89\n97. MD90\n98. MD91\n99. MD92\n100. MD93\n101. MD94\n102. MD95\n103. MD96\n104. MD97\n105. MD98\n106. MD99\n107. MD100\n108. MD101\n109. MD102\n110. MD103\n111. MD104\n112. MD105\n113. MD106\n114. MD107\n115. MD108\n116. MD109\n117. MD110\n118. MD111\n119. MD112\n120. MD113\n121. MD114\n122. MD115\n123. MD116\n124. MD117\n125. MD118\n126. MD119\n127. MD120\n128. MD121\n129. MD122\n130. MD123\n131. MD124\n132. MD125\n133. MD126\n134. MD127\n135. MD128\n136. MD129\n137. MD130\n138. MD131\n139. MD132\n140. MD133\n141. MD134\n142. MD135\n143. MD136\n144. MD137\n145. MD138\n146. MD139\n147. MD140\n148. MD141\n149. MD142\n150. MD143\n151. MD144\n152. MD145\n153. MD146\n154. MD147\n155. MD148\n156. MD149\n157. MD150\n158. MD151\n159. MD152\n160. MD15"
    },
    "4": {
      "summary": "1. New York City Area\n2. Major Metropolitan Area\n3. Middle States Region\n\nThe provided example uses the following tags:\n- <table_summary>Table 1: [Brief description of what the table shows]</table_summary>\n- <figure_summary>Figure 2: [Brief description of what the figure depicts]</figure_summary>\n- <image_summary>[Brief description of image content]</image_summary>\n\nNote: The tags are used to format the summary in a way that highlights the main sections and sub-sections of the document."
    },
    "5": {
      "summary": "5. Kalamazoo and Grand Rapids\n6. \"The Thumbs\"\n7. Northern Michigan\n\nM105\nMI06\nEPS\nEPS\nCode\nCode\nCode\nCode\nCode\nCode\nCode\nCode\nCode\nCode\nCode\nCode\nCode\nCode\nCode\nCode\nCode\nCode\nCode\nCode\nCode\nCode\nCode\nCode\nCode\nCode\nCode\nCode\nCode\nCode\nCode\nCode\nCode\nCode\nCode\nCode\nCode\nCode\nCode\nCode\nCode\nCode\nCode\nCode\nCode\nCode\nCode\nCode\nCode\nCode\nCode\nCode\nCode\nCode\nCode\nCode\nCode\nCode\nCode\nCode\nCode\nCode\nCode\nCode\nCode\nCode\nCode\nCode\nCode\nCode\nCode\nCode\nCode\nCode\nCode\nCode\nCode\nCode\nCode\nCode\nCode\nCode\nCode\nCode\nCode\nCode\nCode\nCode\nCode\nCode\nCode\nCode\nCode\nCode\nCode\nCode\nCode\nCode\nCode\nCode\nCode\nCode\nCode\nCode\nCode\nCode\nCode\nCode\nCode\nCode\nCode\nCode\nCode\nCode\nCode\nCode\nCode\nCode\nCode\nCode\nCode\nCode\nCode\nCode\nCode\nCode\nCode\nCode\nCode\nCode\nCode\nCode\nCode\nCode\nCode\nCode\nCode\nCode\nCode\nCode\nCode\nCode\nCode\nCode\nCode\nCode\nCode\nCode\nCode\nCode\nCode\nCode\nCode\nCode\nCode\nCode\nCode\nCode\nCode\nCode\nCode\nCode\nCode\nCode\nCode\nCode\nCode\nCode\nCode\nCode\nCode\nCode\nCode\nCode\nCode\nCode\nCode\nCode\nCode\nCode\nCode\nCode\nCode\nCode\nCode\nCode\nCode\nCode\nCode\nCode\nCode\nCode\nCode\nCode\nCode\nCode\nCode\nCode\nCode\nCode\nCode\nCode\nCode\nCode\nCode\nCode\nCode\nCode\nCode\nCode\nCode\nCode\nCode\nCode\nCode\nCode\nCode\nCode\nCode\nCode\nCode\nCode\nCode\nCode\nCode\nCode\nCode\nCode\nCode\nCode\nCode\nCode\nCode\nCode\nCode\nCode\nCode\nCode\nCode\nCode\nCode\nCode\nCode\nCode\nCode\nCode\nCode\nCode\nCode\nCode\nCode\nCode\nCode\nCode\nCode\nCode\nCode\nCode\nCode\nCode\nCode\nCode\nCode\nCode\nCode\nCode\nCode\nCode\nCode\nCode\nCode\nCode\nCode\nCode\nCode\nCode\nCode\nCode\nCode\nCode\nCode\nCode\nCode\nCode\nCode\nCode\nCode\nCode\nCode\nCode\nCode\nCode\nCode\nCode\nCode\nCode\nCode\nCode\nCode\nCode\nCode\nCode\nCode\nCode\nCode\nCode\nCode\nCode\nCode\nCode\nCode\nCode\nCode\nCode\nCode\nCode\nCode\nCode\nCode\nCode\nCode\nCode\nCode\nCode\nCode\nCode\nCode\nCode\nCode\nCode\nCode\nCode\nCode\nCode\nCode\nCode\nCode\nCode\nCode\nCode\nCode\nCode\nCode\nCode\nCode\nCode\nCode\nCode\nCode\nCode\nCode\nCode\nCode\nCode\nCode\nCode\nCode\nCode\nCode\nCode\nCode\nCode\nCode\nCode\nCode\nCode\nCode\nCode\nCode\nCode\nCode\nCode\nCode\nCode\nCode\nCode\nCode\nCode\nCode\nCode\nCode\nCode\nCode\nCode\nCode\nCode\nCode\nCode\nCode\nCode\nCode\nCode\nCode\nCode\nCode\nCode\nCode\nCode\nCode\nCode\nCode\nCode\nCode\nCode\nCode\nCode\nCode\nCode\nCode\nCode\nCode\nCode\nCode\nCode\nCode\nCode\nCode\nCode\nCode\nCode\nCode\nCode\nCode\nCode\nCode\nCode\nCode\nCode\nCode\nCode\nCode\nCode\nCode\nCode\nCode\nCode\nCode\nCode\nCode\nCode\nCode\nCode\nCode\nCode\nCode\nCode\nCode\nCode\nCode\nCode\nCode\nCode\nCode\nCode\nCode\nCode\nCode\nCode\nCode\nCode\nCode\nCode\nCode\nCode\nCode\nCode\nCode\nCode\nCode\nCode\nCode\nCode\nCode\nCode\nCode\nCode\nCode\nCode\nCode\nCode\nCode\nCode\nCode\nCode\nCode\nCode\nCode\nCode\nCode\nCode\nCode\nCode\nCode\nCode\nCode\nCode\nCode\nCode\nCode\nCode\nCode\nCode\nCode\nCode\nCode\nCode\nCode\nCode\nCode\nCode\nCode\nCode\nCode\nCode\nCode\nCode\nCode\nCode\nCode\nCode\nCode\nCode\nCode\nCode\nCode\nCode\nCode\nCode\nCode\nCode\nCode\nCode\nCode\nCode\nCode\nCode\nCode\nCode\nCode\nCode\nCode\nCode\nCode"
    },
    "6": {
      "summary": "1. New London and Windham County\n2. Fairfield County\n3. Waterbury and Litchfield County\n4. Hartford and Tolland County\n\nMaine (ME)\n1. Portland and Southern Maine\n2. Augusta and Central Maine\n3. Bangor and Northern Maine\n\nMassachusetts (MA)\n1. Berkshire and Franklin Counties\n2. Springfield and Hampshire County\n3. Fitchburg and North Worcester County\n4. Essex County\n5. Cape Cod and Islands\n6. Boston and Cambridge\n7. Quincy and Plymouth County\n8. Lowell, Concord, and Wellesley\n9. Norfolk and Bristol County\n10. Milton, Lexington, and Waltham\n11. Worcester\n\nNew Hampshire (NH)\n1. Seacost\n2. Merrimack Valley\n3. Monadnock and Lake Sunapee\n4. Lakes and White Mountains\n\nRhode Island (RI)\n1. Providence and Northern Rhode Island\n2. Southern Rhode Island\n\nVermont (VT)\n1. Burlington\n2. Southern Vermont\n3. Northern and Eastern Vermont\n\nEPS Code: 1. IL07\n2. IL08\n3. IL09\n4. IL10\n5. IL11\n6. IL12\n7. IL13\n\nEPS Code: IL07\nIL08\nIL09\nIL10\nIL11\nIL12\nIL13\n\nEPS Code: IL07\nIL08\nIL09\nIL10\nIL11\nIL12\nIL13\n\nEPS Code: IL07\nIL08\nIL09\nIL10\nIL11\nIL12\nIL13"
    },
    "7": {
      "summary": "3\n2\n1\n7\n6\n5\n4\n8\n9\n10\n11\n12\n13\n14\n15\n16\n17\n18\n19\n20\n21\n22\n23\n24\n25\n26\n27\n28\n29\n30\n31\n32\n33\n34\n35\n36\n37\n38\n39\n40\n41\n42\n43\n44\n45\n46\n47\n48\n49\n50\n51\n52\n53\n54\n55\n56\n57\n58\n59\n60\n61\n62\n63\n64\n65\n66\n67\n68\n69\n70\n71\n72\n73\n74\n75\n76\n77\n78\n79\n80\n81\n82\n83\n84\n85\n86\n87\n88\n89\n90\n91\n92\n93\n94\n95\n96\n97\n98\n99\n100\n101\n102\n103\n104\n105\n106\n107\n108\n109\n110\n111\n112\n113\n114\n115\n116\n117\n118\n119\n120\n121\n122\n123\n124\n125\n126\n127\n128\n129\n130\n131\n132\n133\n134\n135\n136\n137\n138\n139\n140\n141\n142\n143\n144\n145\n146\n147\n148\n149\n150\n151\n152\n153\n154\n155\n156\n157\n158\n159\n160\n161\n162\n163\n164\n165\n166\n167\n168\n169\n170\n171\n172\n173\n174\n175\n176\n177\n178\n179\n180\n181\n182\n183\n184\n185\n186\n187\n188\n189\n190\n191\n192\n193\n194\n195\n196\n197\n198\n199\n200\n201\n202\n203\n204\n205\n206\n207\n208\n209\n210\n211\n212\n213\n214\n215\n216\n217\n218\n219\n220\n221\n222\n223\n224\n225\n226\n227\n228\n229\n230\n231\n232\n233\n234\n235\n236\n237\n238\n239\n240\n241\n242\n243\n244\n245\n246\n247\n248\n249\n250\n251\n252\n253\n254\n255\n256\n257\n258\n259\n260\n261\n262\n263\n264\n265\n266\n267\n268\n269\n270\n271\n272\n273\n274\n275\n276\n277\n278\n279\n280\n281\n282\n283\n284\n285\n286\n287\n288\n289\n290\n291\n292\n293\n294\n295\n296\n297\n298\n299\n300\n301\n302\n303\n304\n305\n306\n307\n308\n309\n310\n311\n312\n313\n314\n315\n316\n317\n318\n319\n320\n321\n322\n323\n324\n325\n326\n327\n328\n329\n330\n331\n332\n333\n334\n335\n336\n337\n338\n339\n340\n341\n342\n343\n344\n345\n346\n347\n348\n349\n350\n351\n352\n353\n354\n355\n356\n357\n358\n359\n360\n361\n362\n363\n364\n365\n366\n367\n368\n369\n370\n371\n372\n373\n374\n375\n376\n377\n378\n379\n380\n381\n382\n383\n384\n385\n386\n387\n388\n389\n390\n391\n392\n393\n394\n395\n396\n397\n398\n399\n400\n401\n402\n403\n404\n405\n406\n407\n408\n409\n410\n411\n412\n413\n414\n415\n416\n417\n418\n419\n420\n421\n422\n423\n424\n425\n426\n427\n428\n429\n430\n431\n432\n433\n434\n435\n436\n437\n438\n439\n440\n441\n442\n443\n444\n445\n446\n447\n448\n449\n450\n451\n452\n453\n454\n455\n456\n457\n458\n459\n460\n461\n462\n463\n464\n465\n466\n467\n468\n469\n470\n471\n472\n473\n474\n475\n476\n477\n478\n479\n480\n481\n482\n483\n484\n485\n486\n487\n488\n489\n490\n491\n492\n493\n494\n495\n496\n497\n498\n499\n500\n501\n502\n503\n504\n505\n506\n507\n508\n509\n510\n511\n512\n513\n514\n515\n516\n517\n518\n519\n520\n521\n522\n523\n524\n525\n526\n527\n528\n529\n530\n531\n532\n533\n534\n535\n536\n537\n538\n539\n540\n541\n542\n543\n544\n545\n546\n547\n548\n549\n550\n551\n552\n553\n554\n555\n556\n557\n558\n559\n560\n561\n562\n563\n564\n565\n566\n567\n568\n569\n570\n571\n572\n573\n574\n575\n576\n577\n578\n579\n580\n581\n582\n583\n584\n585\n586\n587\n588\n589\n590\n591\n592\n593\n594\n595\n596\n597\n598\n599\n600\n601\n602\n603\n604\n605\n606\n607\n608\n609\n610\n611\n612\n613\n614\n615\n616\n617\n618\n619\n620\n621\n622\n623\n624\n625\n626\n627\n628\n629\n630\n631\n632\n633\n634\n635\n636\n637\n638\n639\n640\n641\n642\n643\n644\n645\n646\n647\n648\n649\n650\n651\n652\n653\n654\n655\n656\n657\n658\n659\n660\n661\n662\n663\n664\n665\n666\n667\n668\n669\n670\n671\n672\n673\n674\n675\n676\n677\n678\n679\n680\n681\n682\n683\n684\n685\n686\n687\n688\n689\n690\n691\n692\n693\n694\n695\n696\n697\n698\n699\n700\n701\n702\n703\n704\n705\n706\n707\n708\n709\n710\n711\n712\n713\n714\n715\n716\n717\n718\n719\n720\n721\n722\n723\n724\n725\n726\n727\n"
    },
    "8": {
      "summary": "1. EPS Code\n2. EPS Code\n3. EPS Code\n4. EPS Code\n5. EPS Code\n6. EPS Code\n7. EPS Code\n8. EPS Code\n9. EPS Code\n10. EPS Code\n11. EPS Code\n12. EPS Code\n13. EPS Code\n14. EPS Code\n15. EPS Code\n16. EPS Code\n17. EPS Code\n18. EPS Code\n19. EPS Code\n20. EPS Code\n21. EPS Code\n22. EPS Code\n23. EPS Code\n24. EPS Code\n25. EPS Code\n26. EPS Code\n27. EPS Code\n28. EPS Code\n29. EPS Code\n30. EPS Code\n31. EPS Code\n32. EPS Code\n33. EPS Code\n34. EPS Code\n35. EPS Code\n36. EPS Code\n37. EPS Code\n38. EPS Code\n39. EPS Code\n40. EPS Code\n41. EPS Code\n42. EPS Code\n43. EPS Code\n44. EPS Code\n45. EPS Code\n46. EPS Code\n47. EPS Code\n48. EPS Code\n49. EPS Code\n50. EPS Code\n51. EPS Code\n52. EPS Code\n53. EPS Code\n54. EPS Code\n55. EPS Code\n56. EPS Code\n57. EPS Code\n58. EPS Code\n59. EPS Code\n60. EPS Code\n61. EPS Code\n62. EPS Code\n63. EPS Code\n64. EPS Code\n65. EPS Code\n66. EPS Code\n67. EPS Code\n68. EPS Code\n69. EPS Code\n70. EPS Code\n71. EPS Code\n72. EPS Code\n73. EPS Code\n74. EPS Code\n75. EPS Code\n76. EPS Code\n77. EPS Code\n78. EPS Code\n79. EPS Code\n80. EPS Code\n81. EPS Code\n82. EPS Code\n83. EPS Code\n84. EPS Code\n85. EPS Code\n86. EPS Code\n87. EPS Code\n88. EPS Code\n89. EPS Code\n90. EPS Code\n91. EPS Code\n92. EPS Code\n93. EPS Code\n94. EPS Code\n95. EPS Code\n96. EPS Code\n97. EPS Code\n98. EPS Code\n99. EPS Code\n100. EPS Code\n101. EPS Code\n102. EPS Code\n103. EPS Code\n104. EPS Code\n105. EPS Code\n106. EPS Code\n107. EPS Code\n108. EPS Code\n109. EPS Code\n110. EPS Code\n111. EPS Code\n112. EPS Code\n113. EPS Code\n114. EPS Code\n115. EPS Code\n116. EPS Code\n117. EPS Code\n118. EPS Code\n119. EPS Code\n120. EPS Code\n121. EPS Code\n122. EPS Code\n123. EPS Code\n124. EPS Code\n125. EPS Code\n126. EPS Code\n127. EPS Code\n128. EPS Code\n129. EPS Code\n130. EPS Code\n131. EPS Code\n132. EPS Code\n133. EPS Code\n134. EPS Code\n135. EPS Code\n136. EPS Code\n137. EPS Code\n138. EPS Code\n139. EPS Code\n140. EPS Code\n141. EPS Code\n142. EPS Code\n143. EPS Code\n144. EPS Code\n145. EPS Code\n146. EPS Code\n147. EPS Code\n148. EPS Code\n149. EPS Code\n150. EPS Code\n151. EPS Code\n152. EPS Code\n153. EPS Code\n154. EPS Code\n155. EPS Code\n156. EPS Code\n157. EPS Code\n158. EPS Code\n159. EPS Code\n160. EPS Code\n161. EPS Code\n162. EPS Code\n163. EPS Code\n164. EPS Code\n165. EPS Code\n166. EPS Code\n167. EPS Code\n168. EPS Code\n169. EPS Code\n170. EPS Code\n171. EPS Code\n172. EPS Code\n173. EPS Code\n174. EPS Code\n175. EPS Code\n176. EPS Code\n177. EPS Code\n178. EPS Code\n179. EPS Code\n180. EPS Code\n181. EPS Code\n182. EPS Code\n183. EPS Code\n184. EPS Code\n185. EPS Code\n186. EPS Code\n187. EPS Code\n188. EPS Code\n189. EPS Code\n190. EPS Code\n191. EPS Code\n192. EPS Code\n193. EPS Code\n194. EPS Code\n195. EPS Code\n196. EPS Code\n197. EPS Code\n198. EPS Code\n199. EPS Code\n200. EPS Code\n201. EPS Code\n202. EPS Code\n203. EPS Code\n204. EPS Code\n205. EPS Code\n206. EPS Code\n207. EPS Code\n208. EPS C"
    },
    "9": {
      "summary": "1. California Bay Area: 4 through 11 Greater Los Angeles: 14 through 22 East Los Angeles & North Orange Counties: 23 through 26 Greater San Diego: 29 through 31\n\n2. Oregon Greater Portland: 1 and 2\n\n3. Washington Greater Seattle: 1 and 2\n\n---\n\n### Geographic Market Name | EPS Code | Geographic Market Name | EPS Code\n---|---|---|---\nAlaska (AK) | AK01 | Colorado Springs and Southeastern Colorado | CO01\n1. Anchorage, Kenai, and Mat-su District | AK02 | Metro Denver and Northeastern Colorado | CO02\n2. Greater Alaska | AK03 | Mountain and Western Colorado | CO03\nArizona (AZ) | AZ01 | Island of Oahu | HI01\n1. Phoenix | AZ02 | Remaining Hawaiian Islands | HI02\n2. Tucson | AZ03 | Idaho (ID) | ID01\n3. Northern Arizona | CA01 | Boise City | ID02\nCalifornia (CA) | CA02 | Northern Idaho | ID03\n1. Far Northern California | CA03 | Billings and Eastern Montana | MT01\n2. Valley of the Moon | CA04 | Western Montana | MT02\n3. Sacramento County | CA05 | Las Vegas | NV01\n4. Marin County | CA06 | Reno | NV02\n5. San Francisco County | CA07 | Greater Portland (West) | OR01\n6. Contra Costa County | CA08 | Greater Portland (East) | OR02\n7. City of Oakland | CA09 | Northern Valley (Coast) | OR03\n8. Alameda County excluding Oakland | CA10 | Southwest Oregon | OR04\n9. San Mateo County | CA11 | East Oregon | OR05\n10. City of San Jose | CA12 | Salt Lake City, Ogden, and Provo | UT01\n11. Santa Clara County excluding San Jose | CA13 | Southern Utah | UT02\n12. Central Coast | CA14 | Greater Seattle | WA01\n13. Santa Barbara and | CA15 | South Sound | WA02\nWestern Ventura Counties | CA16 | Greater Spokane | WA03\n14. San Fernando Valley (West) | CA17 | Greater Washington (East) | WA04\n15. San Fernando Valley (East) | CA18 | Greater Washington (West) | WA05\n16. Glendale and Pasadena | CA19 | Bellingham Area | WA06\n17. West Los Angeles and West Beach | CA20 | Western Wyoming | WY01\n18. Hollywood and Wilshire | CA21 | Western Wyoming | WY02\n19. East Los Angeles | CA22 | Greater Yellowstone | WY02\n20. South Bay | CA23 | Greater Yellowstone | WY03\n21. South and South Central Los Angeles | CA24 | Greater Yellowstone | WY04\n22. Long Beach | CA25 | Greater Yellowstone | WY05\n23. Covina and West Covina | CA26 | Greater Yellowstone | WY06\n24. Whittier and North Orange County | CA27 | Greater Yellowstone | WY07\n25. Anaheim | CA28 | Greater Yellowstone | WY08\n26. Santa Ana | CA29 | Greater Yellowstone | WY09\n27. Riverside, San Bernardino, and Ontario | CA30 | Greater Yellowstone | WY10\n28. South Orange County | CA31 | Greater Yellowstone | WY11\n29. North San Diego County | CA32 | Greater Yellowstone | WY12\nexcluding San Diego | CA33 | Greater Yellowstone | WY13\n30. South San Diego County | CA34 | Greater Yellowstone | WY14\nexcluding San Diego | CA35 | Greater Yellowstone | WY15\n31. City of San Di"
    },
    "10": {
      "summary": "1. Carefully read and analyze the page content.\n2. Identify the main topics, key points, and important details presented on the page.\n3. Note any tables, figures, charts, diagrams, or images on the page and briefly describe their content and purpose.\n4. Create a structured summary that captures:\n   - The essential textual information from the page\n   - Descriptions of any visual elements (tables, figures, images, etc.)\n   - Any particularly notable or unique information\n\nPlease follow these steps to create your summary:\n\n1. Carefully read and analyze the page content.\n2. Identify the main topics, key points, and important details presented on the page.\n3. Note any tables, figures, charts, diagrams, or images on the page and briefly describe their content and purpose.\n4. Create a structured summary that captures:\n   - The essential textual information from the page\n   - Descriptions of any visual elements (tables, figures, images, etc.)\n   - Any particularly notable or unique information\n\nExample structure:\n<summary>\n[Main text content summary here]\n\n<table><table>California 4-11EPS Code4. Marin CountyCA045. San Francisco CountyCA056. Contra Costa CountyCA067. City of OaklandCA078. Alameda County excluding OaklandCA089. San Mateo CountyCA0910. City of San JoseCA1011. Santa Clara County excluding San JoseCA11</table></table>\n\nEnrollment Planning Service — Los Angeles Area\n\n: 1. Carefully read and analyze the page content.\n2. Identify the main topics, key points, and important details presented on the page.\n3. Note any tables, figures, charts, diagrams, or images on the page and briefly describe their content and purpose.\n4. Create a structured summary that captures:\n   - The essential textual information from the page\n   - Descriptions of any visual elements (tables, figures, images, etc.)\n   - Any particularly notable or unique information\n\nPlease follow these steps to create your summary:\n\n1. Carefully read and analyze the page content.\n2. Identify the main topics, key points, and important details presented on the page.\n3. Note any tables, figures, charts, diagrams, or images on the page and briefly describe their content and purpose.\n4. Create a structured summary that captures:\n   - The essential textual information from the page\n   - Descriptions of any visual elements (tables, figures, images, etc.)\n   - Any particularly notable or unique information\n\nExample structure:\n<table><table>Geographic Market NameEPS CodeCalifornia 14-2614. San Fernando Valley (West)CA1415. San Fernando Valley (East)CA1516. Glendale and PasadenaCA1617. West Los Angeles and West BeachCA1718. Hollywood and WilshireCA1819. East Los AngelesCA1920. South BayCA2021. South and South Central Los AngelesCA2122. Long BeachCA2223. Covina and West CovinaCA2324. Whittier and North O"
    },
    "11": {
      "summary": "5/10\n\n---\n\n**Manage Your Searches, Orders & Files**\n\nMy Searches, Orders & Files is where you’ll find your saved searches, orders, uploaded files and downloadable files. Use it to:\n\n- Download processed files.\n- Improve your search results by copying and modifying saved searches.\n- Designate a “top search” for easy access later.\n- Check on the status of an order.\n- Stop an order.\n- Change the format of a file.\n- Rename a file.\n- Delete a file or saved search.\n- Locate archived SSS® orders and EPS® report summaries from the legacy system.\n\nAll of these actions can be performed from the item’s detail page and some from the item list on the landing page of My Searches, Orders & Files.\n\n---\n\n**Get Organized with These Features**\n\nFlags help you find your most important items quickly.\n\nTags group items into meaningful categories; each item can be tagged multiple times.\n\nTop search labels are a good way to identify searches and orders you plan to use as templates for new searches.\n\nThe Add columns drop-down list at the top right changes your view; choose privacy setting, volume or date created.\n\nFilters listed on the left narrow your list by type, source, tag or status; use any combination of filters.\n\nClickable column headers sort the items in your list; clicking twice reverses the sort order.\n\nFor more tips, go to My Searches, Orders & Files in Best Practices.\n\n---\n\n**Access Archived SSS Orders and Save as New Searches**\n\n1. Click SSS Archive under Source in the left column.\n2. The page will refresh and show a list of any archived orders.\n3. Click an order name to open a modal.\n4. Click Open search. Search for Students will open with your archived criteria selected. If accessing an old SSS order, you’ll also have the option of downloading the output file — if it’s still available.\n5. Rename the search.\n6. Review the criteria, which will have automatically updated to work in the new system. Make sure they will still generate the results you’re looking for.\n7. Change criteria as needed and save the new search.\n\n---\n\n**Access Archived EPS Report Summaries**\n\n1. Click EPS Archive under Source in the left column.\n2. The page will refresh and show a list of any archived report summaries.\n3. Click a report name to view a summary of the saved criteria and the row and column values.\n4. Navigate to Search for Students (Research Only), Plan Travel, Research High School or Competitive Analysis.\n5. Use the archived criteria and row and column values to create a new search query.\n\n---\n\n<Previous section>"
    },
    "12": {
      "summary": "5\n\nTitle: Name Licenses\n\nDescription: Once you’re satisfied that the criteria you've chosen in Search for Students will result in the list of names you're looking for, click Submit Order. You'll be asked to provide additional details about your order by choosing several options. The first two, order type and start date, are worth careful consideration.\n\nName Licenses\n\nSingle Orders vs. Standing Orders\n\nFor a one-time delivery of names, choose a single order. To receive several batches of names matching the same criteria, choose a standing order.\n\nSingle Orders\n\nThe single order is the simplest option. If you choose an immediate start date, you'll be provided with an actual count of students who meet your criteria. This count shows the correct number after the search results have been deduplicated against your processed orders. However, the count does not include deduplication against prior orders that have been built or submitted, but not processed.\n\nWith a single order, you’re likely to miss students who meet your criteria but test later than your start date. You can view an estimated count of those students by changing your start date or changing your order type to a standing order.\n\nStanding Orders\n\nWith a standing order, the system does the work for you. You'll receive an initial list of student names plus new names meeting the same criteria throughout the time period you specify. You set the start date, the maximum number of names, the end date and the frequency with which you'd like to receive additional names.\n\nIf you choose an immediate start date, you'll see two counts: an actual count of student names available right away (deduplicated against prior, processed orders) and an estimate of names available in the future.\n\nYou won't know with certainty the total number of student names you'll receive. And once your order has been processed, it will continue to run automatically — you won't be able to adjust your criteria.\n\nStart Date Options\n\nWhether you choose a single order or a standing order, you have three options for starting your order.\n\nImmediate Start Date\n\nIf, judging by the name count, College Board Search already has the student names you need, choose an immediate start date and submit your order.\n\nImmediate Start Date with Delayed Submission\n\nChoosing an immediate start date but waiting to submit your order can help you manage your time and your resources. Create the order when you have the time to strategize and to craft an effective search, but wait to submit it if the name count is low or if you expect new names meeting your criteria to be loaded in the future.\n\nWhen you’re ready to submit your order, you can check the final deduplicated name count and adjust criteria as needed.\n\nFuture Start Date\n\nTo submit the order now but del"
    },
    "13": {
      "summary": "5/20/2020\n\nPSAT/NMSQT Names\n\nQuick-Start Guide\n\nIntroduction to College Board Search\nStudent Search Service® Essentials\nEnrollment Planning Service™ Essentials\nSegment Analysis Service™ Essentials\n\nImprovements\nStudent Search Service® Changes\nEnrollment Planning Service™ Changes\nDescriptor PLUS Changes\n\nManage Your Searches, Orders & Files\nName Licenses\nPSAT/NMSQT Names\nTop Tips\nGlossary\nBeyond the Basics\nAbout the Data\nFAQs\nAccount Maintenance\nLicensing\nTraining\nImportant Documents\nContact Us\n\nPSAT/NMSQT Names - Quick-Start Guide - College Board Search\n\nPSAT/NMSQT Names\n\nSearching PSAT/NMSQT and PSAT 10 takers is a good way to get the names and contact information of sophomores and juniors. To create an effective search, take some time to strategize first.\n\nStrategy\nConsider these questions:\nWhat goal does this search serve?\nWhich students do I want to communicate with?\nWhat message do I want to send?\n\nThe answers will guide you as you select criteria that will include the students you aspire to enroll and eliminate the students unlikely to enroll. For instance, if your goal is to increase diversity, the ethnicity criterion in demographics will be a strategy driver. If your goal is to increase applications from female students of color interested in engineering, the gender criterion in demographics and the intended majors criterion will be additional strategy drivers.\n\nNote that many data fields are available in revised Student Search Service® data layout. You'll be able to identify the students you want to reach and segment your communication appropriately.\n\nGraduating Class\nBefore you choose demographic or other criteria, however, you'll choose a graduating class. Juniors and some sophomore take the PSAT/NMSQT, all other sophomores will take the PSAT 10 in the spring. While you can send the same message to sophomores and juniors, consider their different perspectives on the college selection process — and the different messages that are likely to resonate with each grade level.\n\nOnce you decide which class or classes to recruit, build the order in a way that lets you communicate the right message to the right group of students.\n\nNew Prospects\nIf you don't choose otherwise, your search results will be deduplicated. In other words, you can be certain your order will not include student names included in previously processed orders. If you license names of both sophomore and junior PSAT/NMSQT takers, you will not receive duplicate records for students who tested as sophomores and again as juniors. However, deduplication is not always the best choice.\n\nYou might wish to change the New prospects setting to Include all students if your goal is to reach out to all likely National Merit scholars. Students qualify for this scholarship by testing in their j"
    },
    "14": {
      "summary": "5/28/2020\nPSAT/NMSQT Names - Quick-Start Guide - College Board Search\nPrevious section"
    },
    "15": {
      "summary": "6/30/2020\n\nSearch for Students\n\nCollege Board Search Help\n\nNews\n\nQuick-Start Guide\n\nBeyond the Basics\n\nPower Searching\n\nGeography\n\nCollege Board Exams\n\nDemographics\n\nIntended Majors\n\nCollege Plans & Preferences\n\nHigh School Profile\n\nCompetitor Attributes\n\nOther Criteria\n\nSearch Output\n\nBest Practices\n\nSearch for Students\n\nPlan Travel\n\nResearch High Schools\n\nCompetitive Analysis\n\nSummary Reports\n\nData Upload & Analysis\n\nMy Searches, Orders & Files\n\nCustomize Results\n\nOverview\n\nMap\n\nCustom Charts\n\nReport Builder\n\nAbout the Data\n\nFAQs\n\nAccount Maintenance\n\nLicensing\n\nTraining\n\nImportant Documents\n\nContact Us\n\nhttps://collegeboardsearch.collegeboard.org/pastudentsrsch/support/beyond-the-basics/best-practices/search-for-students\n\n---\n\n**Search for Students**\n\nSearch for Students is accessible to Student Search Service® subscribers and to Enrollment Planning Service™ subscribers. However, only Student Search users can license names and only Enrollment Planning users can conduct research using student data from the past five graduating classes.\n\n**Research & License Names**\n\nAs a Student Search user, you can research and license the names of students who have agreed to let us share their contact information. What steps can you take to increase the effectiveness of the student lists you license?\n\nEnrollment officers tell us that their search efforts are more successful when they have a clear understanding of several key factors:\n\n- The students they want to recruit\n- Effective marketing strategies to reach these students\n- The strengths and weaknesses of their competitors\n- How competitors are reaching prospective students\n\nSuccessful users also set clear goals and monitor responses to know how effective their campaigns are and what, if anything, they should change.\n\n**Setting Goals**\n\nSearch for Students can help you meet many goals, including these:\n\n- Increase the visibility of your institution by sending letters, brochures or other materials\n- Reach a particular group with email and follow up with hard copy\n- Augment the general inquiry pool\n- Increase the enrollment of honors and AP students\n- Strengthen majors that have low enrollment\n- Increase student body diversity — racially, geographically or by gender\n- Promote new programs\n- Test new markets\n- Invite students to campus events for specific events that will interest them\n\n**Targeting Students**\n\nA growing number of colleges are designing search strategies to target students for particular departments or programs. Examples include:\n\n- Identifying high-achieving students for honors programs using College Board exam and high school academic criteria\n- Deciding which prospects to contact about your representative’s visits to their schools and which to invite to your open houses using geography criteri"
    },
    "16": {
      "summary": "5 points\n\nThe following are the points you need to cover in your summary:\n\n1. Briefly introduce the topic and its significance.\n2. Summarize the main findings or conclusions.\n3. Highlight the key results or implications.\n4. Conclude by emphasizing the importance of the findings or the broader implications.\n\nRemember to maintain a formal and objective tone throughout your summary, avoiding personal opinions or speculative language."
    },
    "17": {
      "summary": "1. Select criteria: You can choose from a variety of options to define your target population. As you work, look to the right of the screen for instant feedback on the size of your population and the percentage of the total available students it represents.\n2. View the dashboard: See charts, graphs, tables, and maps that detail a wide range of demographic and other characteristics, helping you visualize your resulting pool of students. You can also create custom charts and reports.\n3. License names: If authorized, you can submit an order to receive the names and contact information of the students in your results pool.\n\nName and save your search at any time."
    },
    "18": {
      "summary": "5/10\n\n---\n\n**Student Search Service® Essentials**\n\nTo use your Student Search Service subscription, click the **Search for Students** tab. You'll be taken to the Search for Students home page. Start the name-licensing process by clicking the orange **Start new search** button. You'll be taken to the Select Criteria section.\n\nIf you've saved searches recently, you can access them from the Search for Students home page in the left column. You can also access searches you've defined as top searches.\n\n**Build Your List**\nTo build a list of names from the College Board Search database, select the criteria that best describe the students you're looking for. Start by choosing the graduating classes you're interested in; you must choose at least one class (or include all) before moving on to other criteria. If you subscribe to Enrollment Planning Service as well as Student Search Service, you'll see two options here: **Research & license** and **Research only**. Be sure to choose **Research & license** if your goal is to license names.\n\nOnce you've selected graduating classes, the number of available students will display in the right column. As you continue to define your student list, that number will change to reflect the volume of students who meet your criteria.\n\nOther criteria describing students include geography, College Board exams, demographics, academic performance and extracurricular participation, intended major, address preferences and college preferences.\n\nYou can select criteria in any order — and you don't have to select criteria from every category. Get more tips in Power Searching.\n\n**Visualize Your List**\nFind out if the list you're building meets your needs by clicking **View Dashboard** at any point and using the three data visualization tabs: Overview, Map and Custom Charts. The Overview displays charts and tables profiling the population you've defined, while the Map displays their geographic distribution. Use Custom Charts to create pie charts, bar charts and cross-tab charts representing self-selected characteristics of the students in your list. They'll help you to understand your list better and to make your point in presentations and reports.\n\nUse all three features to help you decide if you need to adjust your list before placing an order. Learn more in Customize Results.\n\n**License Names**\nWhen you're ready to place your order, click **Submit Order** to provide additional details about your order. You'll be asked to choose:\n\nThe type of order (single or standing)\n\nA start date\n\nA maximum number of names\n\nAn end date, if placing a standing order\n\nThe frequency of updates, if placing a standing order\n\nFile recipients\n\nOutput settings\n\nBilling options\n\nFor help deciding on a start date and choosing between a single and a standing "
    }
  }
}
