{
  "doc_id": "afe620b9beac86c1027b96d31d396407.pdf",
  "pages": {
    "1": {
      "summary": "1. **General Economic Environment**\n   - Discuss the impact of GDP growth of 6.7% in India and its implications for the country's economic landscape.\n   - Analyze the factors contributing to this growth rate and their effects on various sectors.\n   - Predict future trends based on current economic conditions.\n\n2. **Agriculture Growth**\n   - Explain the significance of the drought-reduced growth of 5.7% in India.\n   - Describe the agricultural sector's contribution to the overall economy.\n   - Discuss the challenges faced by Indian agriculture and potential solutions.\n\n3. **Indian Economy**\n   - Summarize the current state of the Indian economy, including GDP growth rates and their implications.\n   - Highlight the role of the government in managing the economy.\n   - Mention the importance of foreign investment in driving economic growth.\n\n4. **Government Policies**\n   - Outline recent government policies aimed at boosting the economy.\n   - Evaluate the effectiveness of these policies.\n   - Predict future policy directions based on current economic conditions.\n\n5. **Conclusion**\n   - Summarize the key findings and their implications.\n   - Offer recommendations for future economic policies and strategies.\n\nFormatting Tips:\n- Use bullet points or numbered lists for easy readability.\n- Keep the summary concise but comprehensive.\n- Avoid unnecessary jargon and technical terms.\n- Proofread the summary carefully to correct any grammatical errors.\n\nRemember to maintain a formal, professional tone throughout the summary while ensuring clarity and conciseness."
    },
    "2": {
      "summary": "1. Clearly state the main topic of the document.\n2. Summarize the key findings or conclusions in a concise manner.\n3. Use appropriate headings and subheadings to organize the content.\n4. Provide a brief overview of the document's contents at the beginning.\n\nSource: The Tax Revenue from India\n\nThe graph below shows that a 7-fold increase in export earning can be achieved by obtaining just a 5% share in the world tobacco trade. Continued discrimination against the domestic cigarette industry will result in whatever little share of world tobacco export trade India has (0.7%) moving to our more competitive neighbours, including China.\n\nSource: The Tobacco Institute of India\n\nThe graph below shows that a 7-fold increase in export earnings can be achieved by obtaining just a 5% share in the world tobacco trade. Continued discrimination against the domestic cigarette industry will result in whatever little share of world tobacco export trade India has (0.7%) moving to our more competitive neighbours, including China."
    },
    "3": {
      "summary": "1. **Export Potential for Tobacco**  \nThe Company undertook a number of developmental activities in different tobacco areas to help uplift the farming community by transferring latest farm technology to achieve higher yield per hectare and better produce, enabling them to realise better prices and earnings per hectare. We also helped them introduce an Integrated Pest Management System and supply of pheromone traps, nuclear polyhydro virus solution and neem products to reduce the pesticide residue in tobacco production. We also did trials on production of flavorful tobacco to help farmers produce more exportable tobaccos and realise better profits, with very promising results. These efforts have been duly recognised by Government scientists and Tobacco Board officials.\n\n2. **Source: The Tobacco Institute of India**  \nvery promising results. These efforts have been duly recognised by Government scientists and Tobacco Board officials.\n\n---\n\nPROGRESS IN 2002/03\n\nNot unaccustomed to working in difficult environments, your Company has managed to launch three new brands and grow our market share of the domestic cigarette industry to over 11%. This is a 10+% increase on 2001-02 and was undertaken at a time when the industry had only marginal growth.\n\nThis year saw the most significant investment in new and existing brands, including the launch of Piper, Tipper and Prince. Both Piper and Tipper involved new innovations in the Indian market, with Tipper's technology being copied by competitors. Prince was launched in a totally revamped version with improved smoke as well as packaging. New campaigns were undertaken for Four Square and Cavanders brands.\n\nThe Company also launched three cigar brands, Phillies, Hav-a-tampa and Don Diego in the domestic market in 2002. These cigars are imported by the Company under an arrangement with Altadis of USA, one of the World's leading cigar manufacturers.\n\nTo ensure that these new brands and your Company's existing brands are well presented and accessible to customers, investments have been made in the sales and distribution system resulting in significant increase in retail servicing and brand presence. At the same time, we are investing in building stronger relationships with our trade partners.\n\nA major investment was made in R & D facilities at the Mumbai factory to establish a state-of-the-art facility. Further investments were made in upgrading both the manufacturing facilities. Continued training and the application of the \"Kaizen Teian\" scheme have again resulted in improvement in overall operating efficiencies and reduction in manufacturing costs. In recognition of these efforts, the Company won the highest award from INSAAN for the sixth successive year.\n\nTEA\n\nThe global over supply of tea led to bearish trends i"
    },
    "4": {
      "summary": "2002-2003 Rs. in lac\n\n| Financial Results | 2002-2003 Rs. in lac |\n|------------------|--------------------|\n| Gross Profit     | 8873.49            |\n| Less : Depreciation | 913.01           |\n| Provision for Taxation-current | 2918.00         |\n| - deferred       | (1018.22)          |\n| Profit after tax for the year | 6060.70        |\n| Exceptional item | --                |\n| (Refer note 15 to accounts) | 2270.09        |\n|                  | 3790.61           |\n| Profit Brought Forward | 16233.07        |\n|                  | 14377.30          |\n|                  | 20023.68          |\n|                  | 19156.85          |\n\nThe provided example showcases how to extract financial results from a page, including the gross profit, expenses, and profit before taxation. The summary should clearly state the financial performance of the company over the specified period, highlighting key figures and trends."
    },
    "5": {
      "summary": "1. The internal control system of the company has been designed to ensure compliance with the requirements of the Companies Act, 2003. It includes various controls such as segregation of duties, authorization procedures, and regular audits. 2. The company's internal control system is effective in preventing frauds and ensuring the accuracy of financial statements. However, there have been instances where internal control measures were not properly implemented or followed, leading to potential risks. 3. The company has established an independent audit committee that meets regularly to review the effectiveness of the internal control system and make recommendations for improvement. 4. The company has also appointed a dedicated internal auditor who conducts regular audits to verify the accuracy of financial records and identify any irregularities. 5. The company has implemented a whistleblower policy to encourage employees to report any suspected frauds or irregularities without fear of retaliation. 6. The company has also set up a hotline for employees to report any suspicious activities anonymously.\n\nThe internal control system of the company is considered effective in achieving its objectives. However, there is still room for improvement in terms of enhancing the effectiveness of the internal control system through better training and awareness programs for employees.\n\nRESEARCH AND DEVELOPMENT\n\nNew Developments:\n\n1. Smoke quality improvement of the cut rolled stem."
    },
    "6": {
      "summary": "2. Development of low tar/nicotine cigarettes.\n\nImprovement as a result of these developments:\n\n1. Improvement in blend/taste of existing cigarettes.\n2. Improvement in smoke consistency of all brands of cigarettes.\n\nTECHNOLOGICAL ABSORPTION, ADOPTION AND INNOVATION\n\nThe measures initiated/implemented are:\n\n1. Commissioning of Cigarette Inspection Device on makers which has improved the quality of cigarettes.\n2. Successful commercial production of innovative Piper and Tipper cigarette packs.\n3. Commissioning of Coupon feed facility on all packers.\n4. Date code printing by Ink Jet Printers on all Hinge Lid packers.\n5. Autocontrol in Cut Tobacco Store/Dry Room's relative humidity giving guarantee of product quality in 'In Process Material'.\n\nFOREIGN EXCHANGE EARNINGS AND OUTGO\n\nThe earnings in foreign exchange during the year under report by way of exports and other income amounted to Rs. 53.26 crore (previous year Rs. 11.68 crore) as against the foreign exchange outgo on imports, dividends and other expenditure aggregating to Rs. 40.05 crore (previous year Rs. 26.14 crore).\n\nFIXED DEPOSITS\n\nAt the end of the financial year, the balance on account of Fixed Deposits accepted from the Public and Members stood at Rs. 4,29,32,000, which included 69 deposits totaling Rs. 6,85,000 not claimed on due dates. Out of these, 24 deposits for an aggregate amount of Rs. 2,65,000 have since been repaid or renewed at the option of the depositors leaving a balance of Rs. 4,20,000 for completion of formalities.\n\nPresently the Company is neither accepting fresh deposits nor renewing the existing ones as it is no longer economical for the Company to raise money through this mode of finance.\n\nDIRECTORS\n\nMr. R.A. Shah, Mr. S.V. Shanbhag and Mr. C.M. Maniar, Directors, will retire by rotation at the forthcoming Annual General Meeting and, being eligible, have offered themselves for re-election.\n\nThe three year term of Mr. K.K. Modi as Managing Director shall expire on the date of the ensuing Annual General Meeting. A resolution for his re-appointment for further period of three years is being put up for your consideration at the forthcoming Annual General Meeting.\n\nDIRECTORS' RESPONSIBILITY STATEMENT\n\nPursuant to the requirement under Section 217(2AA) of the Companies Act, 1956 with respect to Directors' Responsibilities Statement, it is hereby confirmed:\n\n(i) that in the preparation of the Annual Accounts for the financial year ended 31st March, 2003, the applicable Accounting Standards had been followed along with proper explanation relating to material departures;\n\n(ii) that the directors had selected such Accounting Policies and applied them consistently and made judgements and estimates that were reasonable and prudent so as to give a true and fair view of the state of a"
    },
    "7": {
      "summary": "1. The report includes a detailed analysis of the financial statements for the year ended December 31, 2005.\n2. It discusses the company's financial performance, including revenue, expenses, and profitability.\n3. The report also covers the company's cash flow, investments, and financing activities.\n4. The analysis is supported by relevant financial ratios and benchmarks.\n5. The report concludes with recommendations for future financial planning and decision-making.\n\nThe report is written in a formal, professional style, adhering to standard business writing conventions. It uses clear, concise language and avoids unnecessary jargon or technical terms. The tone is objective and informative, aimed at providing stakeholders with a thorough understanding of the company's financial health and future prospects."
    },
    "8": {
      "summary": "1. Read the page carefully and identify its main topics and key points.\n2. Note any tables, figures, charts, diagrams, or images on the page.\n3. Create a structured summary that captures the essential information.\n4. Use the provided tags (<table_summary>, <figure_summary>, <image_summary>) to describe the visual elements.\n5. Ensure the summary is concise and to the point, providing a clear overview of the page's content."
    },
    "9": {
      "summary": "1. **The Directors present the Company’s Report on Corporate Governance.**\n\n**1. THE COMPANY’S GOVERNANCE PHILOSOPHY**\n\nGPI’s Corporate Governance initiatives are devised for achieving basic objective of wealth creation for the benefit of all its stakeholders namely the shareholders, employees, business associates and the society at large. The Company believes in giving its executives ample freedom to operate and secure the Company’s target by putting in best of their efforts.\n\nThe Board of Directors is primarily responsible for protecting and enhancing shareholders’ values besides fulfilling the Company’s obligations towards other stakeholders. The role of the Board of Directors is to provide strategic superintendence over the Company’s management. The day to day management of the Company is vested in the managerial personnel and sufficient authority is delegated at different operating levels. Delegation of authority in the operating people helps generation of creativity and innovation. This also helps in harnessing potential of employees to the best advantage of the Company.\n\n**2. BOARD OF DIRECTORS**\n\ni) **Composition**\n\nThe Board of Directors of the Company consists of executive and non-executive directors and more than half of the Board comprises of non-executive directors. The non-executive directors are independent professionals drawn from amongst persons with experience in business /law/finance. At present the total strength of the Board of Directors is nine out of which five are non-executive Directors. The Chairman of the Board is a non-executive director and the minimum requirement of one-third of the Board consists of independent directors is duly complied with.\n\nii) **Attendance at the Board Meetings and the last Annual General Meeting, directorships and memberships/chairmanships of Board Committees of other Companies**\n\n| Director | Executive/ Non-Executive Independent | No. of Board Meetings attended | Attendance at last AGM | Membership of Board of other Companies * | Membership/ chairmanship of other Board Committees # |\n|----------|----------------------------------------|-------------------------------|---------------------|---------------------------------------|---------------------------------------------------|\n| Mr. R.A. Shah | Non-Executive & Independent | 7 | Yes | 14 | 8 (includes 4 as Chairmanships) |\n| Mr.K.K. Modi | Executive | 6 | Yes | 11 | 2 (includes 1 as Chairmanship) |\n| Mr. S.V. Shanbhag | Executive | 7 | Yes | 5 | None |\n| Mr. Lalit Bhasin | Non-Executive & Independent | 7 | Yes | 6 | 8 (includes 3 as Chairmanships) |\n| Mr. Anup N. Kothari | Non-Executive & Independent | 6 | Yes | 2 | None |\n| Mr. Lalit Kumar Modi | Executive | 3 | Yes | 9 | None |\n| Mr. C.M. Maniar | Non-Executive & Independent | 5 | Yes | 11 | "
    },
    "10": {
      "summary": "1. Brief resume, experience and other directorships/board committee memberships\nAs per the Articles of Association of the Company, one-third of the total strength of the Board (i.e. three directors at present namely Mr. R.A. Shah, Mr. S.V. Shanbhag and Mr. C.M. Maniar shall retire by rotation at the forthcoming Annual General Meeting of the Company and being eligible shall be re-appointed subject to shareholders approval.\n\n| Name of the director | Qualifications | Experience | Names of other companies in which he holds directorships of the Board and membership/ chairmanship of committees of the Board |\n|---|---|---|---|\n| 1. Mr. R.A. Shah    | —    | - He is a Solicitor and Senior Partner of Messrs Crawford Bayley & Co.<br>- Specialises in a broad spectrum of Corporate Laws in general with special focus on Foreign Investments, Joint Ventures Technology and Licence Agreement, Intellectual Property Rights, Mergers and Acquisitions, Industrial Licensing, Anti Trust Laws, Company Law and Taxation.<br>- Member of the Managing Committee of Bombay Chamber of Commerce.<br>- Member of Indo German Chamber of Commerce.<br>- Member of the Committee for revision of SEBI Takeover Code.<br>- President of Society of Indian Law firms (Western Region). | 1. Pfizer Limited<br>(Also Chairman of Audit Committee).<br>2. Colgate Palmolive India Limited.<br>(Also Chairman of Audit Committee).<br>3. Asian Paints (India) Limited.<br>4. Atul Limited<br>5. The Bombay Dyeing &amp; Mfg. Company Limited.<br>(Also Chairman of Audit committee)<br>6. BASF India Limited<br>(Also a Member of Audit Committee)<br>7. Colour Chem Limited.<br>(Also a Member of Audit Committee)<br>8. Deepak Fertilisers &amp; Petrochemicals Corporation Limited.<br>9. Abbott India Limited<br>(Also a Member of Audit Committee)<br>10. Procter &amp; Gamble Hygiene and Healthcare Limited.<br>(Also a Member of Audit Committee)<br>11. Nicholas Piramal India Limited<br>(Also Chairman of Audit Committee)<br>12. Philips India Limited<br>13. Prudential ICICI Trust Limited<br>14. Clariant India Limited |\n| 2. Mr. S.V. Shanbhag    | M.Com., LL.B., ACS    | - Worked for 2 years in M/s. A.F. Fergusson &amp; Co. Chartered Accountants.<br>- Joined the Company in 1949 and has considerable experience in the field of Finance, Accounts, Legal & Secretariat matters.<br>- Appointed as Company Secretary in the year 1963.<br>- Since 1983 he has been working as Wholetime Director.| 1. International Tobacco Company Limited<br>2. Kamanwala Industries Limited<br>3. City Leasing and Finance Limited<br>4. Chase Investments Limited<br>5. Manhattan Credits and Finance Limited |\n| 3. Mr. C.M. Maniar    | B.Com, M.A. (Eco.& Politics) & LL.B. Solicitor.| - Presently acting as a Partner in Crawford Bayley &amp; Co., Solicitors &amp; Advocates Mu"
    },
    "11": {
      "summary": "5. Machine Tools (India) Limited  \n(Also a Member of Audit Committee)\n\n6. Mafatlal Dyes & Chemicals Limited\n\n7. Pennzoil- Quaker State India Limited\n\n8. Pioneer Investcorp Limited  \n(Also a Member of Audit Committee and Shareholders/Investors Grievance Committee)\n\n9. Sudal Industries Limited\n\n10. Twenty- First Century Printers Limited  \n(Also a Member of Audit Committee)\n\n11. Varun Shipping Company Limited  \n(Also Chairman of Shareholders/Investors Grievance Committee and a Member of Audit Committee.)\n\n---\n\n### 3. AUDIT COMMITTEE\n\n#### i) Composition and terms of reference\n\nThe Board of Directors of the Company at their meeting held on January 31, 2001 constituted an Audit Committee comprising of three non-executive independent directors namely Mr.O.P.Vaish, Mr.Anup N.Kothari and Mr.Lalit Bhasin, in pursuance of the provisions of Section 292A of the Companies Act, 1956. Subsequently the Board at their meeting held on April 18, 2001 revised the terms of reference of the Audit Committee so as to cover all the areas specified in Section 292A of the Companies Act, 1956 as well as those specified in clause 49 of the Listing Agreement. Mr. O.P. Vaish who has financial and accounting knowledge, is the Chairman of the Audit Committee. Mr. R. Joshi, Company Secretary acts as the Secretary to the Committee.\n\nThe Chairman attended the Annual General Meeting held on September 24, 2002 to answer the shareholder’s queries.\n\nThe terms of reference of the audit committee are in accordance with clause 49 of the listing agreement entered into with the stock exchanges, and provisions of Section 292A of the Companies Act, 1956 and inter-alia include overseeing financial reporting process, reviewing disclosures and the financial statements before submission to the Board, reviewing internal control systems and internal audit functions etc.\n\nAudit Committee meetings are attended by members of Audit Committee. Managing Director also being director in charge of finance, Director –Finance, Company Secretary, Internal Auditors and the Statutory Auditors attend the meetings on the invitation of the Company.\n\n#### ii) Details of meetings and attendance of each member of the Committee\n\nDuring the financial year 2002-03, the Audit Committee met three times on August 22, 2002, October 31st, 2002 and March 21, 2003.\n\n| Sl. No. | Name                          | Category of directors | No. of Committee Meetings attended (Total Meetings held 3) |\n|--------|-------------------------------|------------------------|----------------------------------------------------------|\n| 1      | Mr. O.P. Vaish               | Non-Executive & Independent | 3                                                |\n| 2      | Mr. Lalit Bhasin              | Non-Executive & Independent | 2                     "
    },
    "12": {
      "summary": "1. **Details of remuneration to the directors**\n\n| Name of the Director | Salary and other allowances | Perquisites | Commission | Sitting Fees Board/ Committee Meetings | Total |\n|----------------------|-----------------------------|--------------|------------|----------------------------------|-------|\n| Mr. R.A. Shah         | Nil                         | Nil          | Nil         | 35,000                            | 35,000 |\n| Mr. K.K. Modi          | 6,000,000                   | Nil          | 4,000,000   | Nil                                | 10,000,000 |\n| Mr.S.V. Shanbhag        | 312,000                     | Nil          | Nil         | Nil                                | 380,262 |\n| Mr. Lalit Bhasin       | Nil                         | Nil          | Nil         | 45,000                            | 45,000 |\n| Mr. Anup N. Kothari    | 600,000                     | Nil          | Nil         | 45,000                            | 45,000 |\n| Mr. Lalit Kumar Modi     | Nil                         | Nil          | Nil         | Nil                                | 1,649,512 |\n| Mr. C.M. Maniar        | Nil                         | Nil          | Nil         | 25,000                            | 25,000 |\n| Mr. O.P. Vaish          | Nil                         | Nil          | Nil         | 45,000                            | 45,000 |\n| Mr. Samir Kumar Modi     | 672,000                     | Nil          | Nil         | Nil                                | 1,236,508 |\n\nTotal: 7,584,000\n\n2. **Details of service contract, notice period, severance fees etc. of directors**\n\nThe Company has service contract with Mr.K.K. Modi, Managing Director for a period of three years with effect from August 14, 2000 which has been extended for a further period of three years with effect from August 14, 2003, subject to approval by the shareholders at the forthcoming Annual General Meeting. The notice period is six calendar months by either party. No severance fees is payable to him.\n\nThe Company has service contract with Mr.S.V. Shanbhag, Whole-time Director for a period of three years with effect from October 1, 2001. The notice period is three months by either party. However, the Company has the right to terminate appointment forthwith upon payment of three months salary only in lieu of notice and in that case he is not entitled to any benefits or perquisites.\n\nThe Company has service contract with Mr.L.K. Modi, Executive Director for the period from September 24, 2002 till the Annual General Meeting to be held for the approval of the audited accounts for the financial year ended March 31, 2005. The notice period is six calendar months by either party. No severance fees is payable to him.\n\nThe Company has service contract with Mr.Samir Kumar Modi, Execut"
    },
    "13": {
      "summary": "8. MEANS OF COMMUNICATION\n\nThe quarterly, half yearly and annual results are generally published by the Company in all editions of Economic Times (English) and in Maharashtra Times (Marathi). The quarterly and yearly results are also available on the Company’s website : www.godfreyphillips.com as well as on Mumbai and National Stock Exchange website: www.bseindia.com & www.nseindia.com .The half-yearly reports are not sent to household of shareholders. During the year, the Company had no occasion to make any official news releases and no formal presentations were made to the institutional investors/analysts.\n\nThe Management Discussion and Analysis Report forms a part of the Directors’ Report.\n\n9. GENERAL SHAREHOLDER INFORMATION\n\ni) Annual General Meeting\n\nDate and Time : September 26, 2003 at 4.00 P.M.\n\nVenue : Y.B Chavan Auditorium, General Jagannath Bhosle Marg, Mumbai-400021\n\nii) Financial Calendar for 2003-04\n\nFirst Quarter Results : July 2003\n\nSecond Quarter Results : October 2003\n\nThird Quarter Results : January 2004\n\nFourth Quarter Results : April 2004\n\niii) Date of Book Closure : September 23, 2003 to September 26, 2003 (both days inclusive)\n\niv) Dividend Payment Date : Dividend payments shall be made on or after October 3, 2003 to those shareholders whose names shall appear on the Members’ Register as on September 26, 2003.\n\nv) Listing on the Stock Exchange:\n\nThe Company’s shares are listed on National Stock Exchange (Stock Code GODFRYPHLP), Mumbai Stock Exchange (Stock Code 500163) and the Calcutta Stock Exchange (Stock Code 1001735 for shares in Demat form and 17335 for physical form.)\n\nvi) Market Price Data of equity shares in the Company\n\nHigh, Low during each month in the financial year 2002-03, on The Mumbai Stock Exchange\n\n| Month | High (Rs.) | Low (Rs.) |\n|-------|------------|-----------|\n| April 2002 | 390.00 | 340.00 |\n| May 2002 | 397.00 | 320.00 |\n| June 2002 | 395.00 | 369.00 |\n| July 2002 | 420.00 | 350.00 |\n| August 2002 | 410.00 | 340.00 |\n| September 2002 | 371.00 | 310.00 |\n| October 2002 | 415.00 | 320.00 |\n| November 2002 | 360.00 | 318.50 |\n| December 2002 | 350.00 | 300.00 |\n| January 2003 | 343.25 | 318.50 |\n| February 2003 | 334.90 | 310.00 |\n| March 2003 | 329.00 | 286.00 |\n\nvii) Performance in comparison to BSE Sensex\n\nGPI vs BSE Sensex at average of monthly high and low\n\nNormalised Price Index on a scale of 100\n\nMonths"
    },
    "14": {
      "summary": "1. **Registrar and Share Transfer Agent**\n   - Share Service\n   - Satam Estate\n   - 3rd Floor, Above Bank of Baroda\n   - Cardinal Gracious Road, Chakala Andheri (East), Mumbai-400099\n\n2. **Share Transfer System**\n   - The Company's share transfers and related operations are handled by Sharepro Services, Registrars and Transfer Agent (RTA) which is registered with the SEBI as a Category 1 registrar.\n   - The shares for transfers received in physical mode by the Company/RTA, are transferred expeditiously and thereafter option letter for simultaneous dematerialisation of shares are sent within 15 days from the date of receipt, provided the documents are complete and shares under transfer are not under dispute. The share certificates duly endorsed are returned immediately to those who do not opt for simultaneous transfer cum dematerialisation. Confirmation in respect of the request for dematerialisation of shares is sent to the respective depositories NSDL/CDSL within 15 days.\n\n3. **Distribution of shareholding as on March 31, 2003**\n\n| Number of equity share holdings | Number of shareholders | Percentage of shareholders | Number of shares | Percentage of shares |\n|----------------------------------|------------------------|-----------------------------|-------------------|---------------------|\n| 1-50                           | 4,523                  | 34.61                       | 89,639           | 0.86               |\n| 51-100                          | 3,118                  | 23.86                       | 288,924          | 2.78               |\n| 101-500                         | 4,928                  | 37.71                       | 1,036,983        | 9.97               |\n| 501-1000                        | 287                    | 2.20                        | 200,831          | 1.93               |\n| 1001-5000                       | 141                   | 1.08                        | 283,064          | 2.72               |\n| 5001-10000                      | 18                    | 0.14                        | 139,863          | 1.34               |\n| 10001 & Above                   | 53                    | 0.41                        | 8,359,480        | 80.39              |\n\n**TOTAL:** 13,068 100.00 10,398,784 100.00\n\n4. **Category of Shareholding as on March 31, 2003**\n\n| Sl. No. | Category of share holders | No. of shares held | Percentage of Shareholding |\n|--------|----------------------------|--------------------|-------------------------|\n| A      | Promoter's Holding            |                    |                         |\n| 1      | Promoters                    |                    |                         |\n|        | Indian Promoters             | 3,771,244           | 36.27                  |\n|        | Foreign Promoters  "
    },
    "15": {
      "summary": "1. **Outstanding GDRs/ADRs/Warrants or any Convertible Instruments**\n   - The Company has no outstanding GDRs/ADRswarrants or any convertible instruments.\n\n: 2. **Plant Locations**\n   - The Company's plant is situated at Andheri(Mumbai) and the other one owned by the Company's wholly owned subsidiary, International Tobacco Company Limited, is located at Guldhar (Ghaziabad).\n\n: 3. **Andheri Plant**\n   - V.K.K. Menon Road (Sahar Road), Chakala, Andheri (East), Mumbai-400099\n\n: 4. **Guldhar (Ghaziabad Plant)**\n   - International Tobacco Company Ltd. Delhi-Meerut Road Guldhar, Ghaziabad\n\n: 5. **Address for Correspondence**\n   - Shareholders should address all their correspondence concerning shares to the Company’s Registrars and Share Transfer Agent, Sharepro Services at the address mentioned above or at:\n\n    Sharepro Services\n    2, Raheja Centre,\n    Free Press Journal Road\n    Nariman Point, Mumbai- 400021\n\n: 6. **NON- MANDATORY CLAUSES**\n   - The Company has not adopted any of the non-mandatory requirements as mentioned in annexure 3 of clause 49 of the Listing Agreement.\n\nFor and on behalf of the Board\n\nPlace : Mumbai\nDate : 11th August, 2003\n\nR.A. SHAH\nChairman\n\n: 7. **CERTIFICATE**\n\nTo the Members of Godfrey Phillips India Limited\n\nWe have examined the compliance of conditions of Corporate Governance by Godfrey Phillips India Limited for the year ended March 31, 2003, as stipulated in clause 49 of the Listing Agreement of the said Company with stock exchanges.\n\nThe compliance of conditions of Corporate Governance is the responsibility of the management. Our examination was limited to procedures and implementation thereof, adopted by the Company for ensuring the compliance of the conditions of the Corporate Governance. It is neither an audit nor an expression of opinion on the financial statements of the Company.\n\nIn our opinion and to the best of our information and according to the explanations given to us, we certify that the Company has complied with the conditions of Corporate Governance as stipulated in the above mentioned Listing Agreement.\n\nWe state that in respect of investor grievances received during the year ended March 31, 2003, no investor grievances are pending for a period exceeding one month against the Company as per the records maintained by the Company.\n\nWe further state that such compliance is neither an assurance as to the future viability of the Company nor the efficiency or effectiveness with which the management has conducted the affairs of the Company.\n\nFor A.F. FERGUSON & CO.\nChartered Accountants\n\nPlace: New Delhi\nDate: 11th August, 2003.\n\nJ.M.SETH\nPartner"
    },
    "16": {
      "summary": "1. We have audited the attached balance sheet of Godfrey Phillips India Limited as at March 31, 2003 and also the profit and loss account and the cash flow statement for the year ended on that date, annexed thereto. These financial statements are the responsibility of the Company’s management. Our responsibility is to express an opinion on these financial statements based on our audit.\n\n2. We conducted our audit in accordance with auditing standards generally accepted in India. Those Standards require that we plan and perform the audit to obtain reasonable assurance about whether the financial statements are free of material misstatement. An audit includes examining, on a test basis, evidence supporting the amounts and disclosures in the financial statements. An audit also includes assessing the accounting principles used and significant estimates made by management, as well as evaluating the overall financial statement presentation. We believe that our audit provides a reasonable basis for our opinion.\n\n3. As required by the Manufacturing and Other Companies (Auditor’s Report) Order, 1988 issued by the Central Government of India in terms of Section 227(4A) of the Companies Act, 1956, we give in the Annexure, a statement on the matters specified in paragraphs 4 and 5 of the said Order.\n\n4. Further to our comments in the Annexure referred to in paragraph 3 above:\n\n(i) we have obtained all the information and explanations which to the best of our knowledge and belief were necessary for the purposes of our audit;\n\n(ii) in our opinion, proper books of account as required by law have been kept by the Company so far as appears from our examination of those books;\n\n(iii) the balance sheet, profit and loss account and cash flow statement dealt with by this report are in agreement with the books of account;\n\n(iv) in our opinion, the balance sheet, profit and loss account and cash flow statement dealt with by this report comply with the requirements of the accounting standards referred to in sub-section (3C) of Section 211 of the Companies Act, 1956;\n\n(v) on the basis of the written representations received from the directors, and taken on record by the Board of Directors, we report that none of the directors is disqualified as on March 31, 2003 from being appointed as a director in terms of clause (g) of sub-section (1) of Section 274 of the Companies Act, 1956;\n\n(vi) in our opinion and to the best of our information and according to the explanations given to us, the accounts give the information required by the Companies Act, 1956, in the manner so required and give a true and fair view in conformity with the accounting principles generally accepted in India:\n\n(a) in the case of the balance sheet, of the state of affairs of the Company as at March 31, 2003;"
    },
    "17": {
      "summary": "1. The Company has maintained proper records showing full particulars, including quantitative details and situation of fixed assets. As explained to us, the Company has a system of physical verification of fixed assets once in a period of three years and in accordance therewith no physical verification was due in the current year. In our opinion, the frequency of verification is reasonable having regard to the size of the Company and the nature of its fixed assets.\n2. None of the fixed assets has been revalued during the year.\n3. The stocks of finished goods, stores, spare parts and raw materials have been physically verified during the year by the management. In our opinion, the frequency of verification is reasonable.\n4. The procedures of physical verification of stocks followed by the management are reasonable and adequate in relation to the size of the Company and the nature of its business.\n5. The discrepancies noticed on physical verification of stocks as compared to book records were not material and have been properly dealt with in the books of account.\n6. On the basis of our examination of stock records, we are of the opinion that the valuation of stocks is fair and proper in accordance with normally accepted accounting principles. The basis of valuation of stocks is the same as in the preceding year.\n7. According to the information and explanations given to us, the Company has not taken any loans from companies, firms or other parties listed in the register maintained under Section 301 of the Companies Act, 1956 and/or from the companies under the same management as defined under Section 370(1B) of the Companies Act, 1956.\n8. According to the information and explanations given to us, the Company has not granted any loans to companies, firms or other parties listed in the register maintained under Section 301 of the Companies Act, 1956 and/or from the same management as defined under Section 370(1B) of the Companies Act, 1956.\n9. In respect of loans and advances in the nature of loans given to employees, the repayment of the principal amount and the interest, where applicable, are as per the stipulations. Further, loans aggregating Rs.1151 lacs given to a subsidiary company are repayable on demand and according to the information and explanations given to us, these loans have not been recalled.\n10. In our opinion and according to the information and explanations given to us, there are adequate internal control procedures commensurate with the size of the Company and the nature of its business for the purchase of stores, raw materials including components, plant and machinery, equipment and other assets and for the sale of goods.\n11. In our opinion and according to the information and explanations given to us, the transactions of purchase of "
    },
    "18": {
      "summary": "1. **Balance sheet as at March 31, 2003**\n   - **Schedule Number**: 31.3.2003\n   - **As at**: As at 31.3.2002\n   - **Sources of Funds**\n     - **Shareholders' funds**\n       - Share capital: 1\n       - Reserves and surplus: 2\n     - **Loan funds**\n       - Secured: 3\n       - Unsecured: 445.67\n       - Deferred credits: 526.81\n     - **Total**: 29274.75\n     - **Rupees in lacs**\n       - As at 31.3.2002: 24316.93\n       - As at 31.3.2001: 24169.83\n     - **Total**: 29274.75\n     - **APPLICATION OF FUNDS**\n       - **Fixed assets**\n         - Gross block: 12802.91\n         - Less: Depreciation: 5437.67\n         - Net block: 7365.24\n         - Capital work-in-progress and advances on capital account: 48.24\n       - **Investments**\n         - Current assets, loans and advances\n           - Income accrued on investments: 36.04\n           - Inventories: 6\n           - Sundry debtors: 1162.30\n           - Cash and bank balances: 1636.89\n           - Loans and advances: 4158.09\n         - Total: 17347.13\n       - **Less:**\n         - Current liabilities and provisions\n           - Current liabilities: 10\n           - Provisions: 11\n         - Total: 11198.29\n       - **Net current assets**\n         - Deferred tax (net): 12\n       - **Total**: 29274.75\n       - **Notes to the accounts**: 16\n\nFor more detailed breakdowns, please refer to the provided table."
    },
    "19": {
      "summary": "1. Carefully read and analyze the page content.\n2. Identify the main topics, key points, and important details presented on the page.\n3. Note any tables, figures, charts, diagrams, or images on the page and briefly describe their content and purpose.\n4. Create a structured summary that captures:\n   - The essential textual information from the page\n   - Descriptions of any visual elements (tables, figures, images, etc.)\n   - Any particularly notable or unique information\n\nPresent your summary within <summary> tags. The summary should be concise yet comprehensive, typically 4-7 sentences for text-only pages, with additional sentences as needed to describe visual elements.\n\nFor visual elements, please use these specific tags:\n- <table_summary> for descriptions of tables\n- <figure_summary> for descriptions of figures, charts, graphs, or diagrams\n- <image_summary> for descriptions of photos, illustrations, or other images\n\nExample structure:\n<summary>\n[Main text content summary here]\n\n<table><table></table></table>\n\n<table><table></table></table>\n\n<table></table>\n\n<table></table>\n\n<table></table>\n\n<table></table>\n\n<table></table>\n\n<table></table>\n\n<table></table>\n\n<table></table>\n\n<table></table>\n\n<table></table>\n\n<table></table>\n\n<table></table>\n\n<table></table>\n\n<table></table>\n\n<table></table>\n\n<table></table>\n\n<table></table>\n\n<table></table>\n\n<table></table>\n\n<table></table>\n\n<table></table>\n\n<table></table>\n\n<table></table>\n\n<table></table>\n\n<table></table>\n\n<table></table>\n\n<table></table>\n\n<table></table>\n\n<table></table>\n\n<table></table>\n\n<table></table>\n\n<table></table>\n\n<table></table>\n\n<table></table>\n\n<table></table>\n\n<table></table>\n\n<table></table>\n\n<table></table>\n\n<table></table>\n\n<table></table>\n\n<table></table>\n\n<table></table>\n\n<table></table>\n\n<table></table>\n\n<table></table>\n\n<table></table>\n\n<table></table>\n\n<table></table>\n\n<table></table>\n\n<table></table>\n\n<table></table>\n\n<table></table>\n\n<table></table>\n\n<table></table>\n\n<table></table>\n\n<table></table>\n\n<table></table>\n\n<table></table>\n\n<table></table>\n\n<table></table>\n\n<table></table>\n\n<table></table>\n\n<table></table>\n\n<table></table>\n\n<table></table>\n\n<table></table>\n\n<table></table>\n\n<table></table>\n\n<table></table>\n\n<table></table>\n\n<table></table>\n\n<table></table>\n\n<table></table>\n\n<table></table>\n\n<table></table>\n\n<table></table>\n\n<table></table>\n\n<table></table>\n\n<table></table>\n\n<table></table>\n\n<table></table>\n\n<table></table>\n\n<table></table>\n\n<table></table>\n\n<table></table>\n\n<table></table>\n\n<table></table>\n\n<table></table>\n\n<table></table>\n\n<table></table>\n\n<table></table>\n\n<table></table>\n\n<table></table>\n\n<table></table>\n\n<table></table>\n\n<table></table>\n\n<table></table>\n\n<table></table>\n\n<table></table>\n\n<table></table>\n\n<table></table>\n\n<table></table>\n\n<table>"
    },
    "20": {
      "summary": "1. Carefully read and analyze the page content.\n2. Identify the main topics, key points, and important details presented on the page.\n3. Note any tables, figures, charts, diagrams, or images on the page and briefly describe their content and purpose.\n4. Create a structured summary that captures:\n   - The essential textual information from the page\n   - Descriptions of any visual elements (tables, figures, images, etc.)\n   - Any particularly notable or unique information\n\nPresent your summary within <summary> tags. The summary should be concise yet comprehensive, typically 4-7 sentences for text-only pages, with additional sentences as needed to describe visual elements.\n\nFor visual elements, please use these specific tags:\n- <table_summary> for descriptions of tables\n- <figure_summary> for descriptions of figures, charts, graphs, or diagrams\n- <image_summary> for descriptions of photos, illustrations, or other images\n\nExample structure:\n<summary>\n[Main text content summary here]\n\n<table>Net cash used in financing activitiesNet increase in cashNet decrease in cashNet cash used in financing activitiesNet increase in cashNet decrease in cashNet cash used in financing activitiesNet increase in cashNet decrease in cashNet cash used in financing activitiesNet increase in cashNet decrease in cashNet cash used in financing activitiesNet increase in cashNet decrease in cashNet cash used in financing activitiesNet increase in cashNet decrease in cashNet cash used in financing activitiesNet increase in cashNet decrease in cashNet cash used in financing activitiesNet increase in cashNet decrease in cashNet cash used in financing activitiesNet increase in cashNet decrease in cashNet cash used in financing activitiesNet increase in cashNet decrease in cashNet cash used in financing activitiesNet increase in cashNet decrease in cashNet cash used in financing activitiesNet increase in cashNet decrease in cashNet cash used in financing activitiesNet increase in cashNet decrease in cashNet cash used in financing activitiesNet increase in cashNet decrease in cashNet cash used in financing activitiesNet increase in cashNet decrease in cashNet cash used in financing activitiesNet increase in cashNet decrease in cashNet cash used in financing activitiesNet increase in cashNet decrease in cashNet cash used in financing activitiesNet increase in cashNet decrease in cashNet cash used in financing activitiesNet increase in cashNet decrease in cashNet cash used in financing activitiesNet increase in cashNet decrease in cashNet cash used in financing activitiesNet increase in cashNet decrease in cashNet cash used in financing activitiesNet increase in cashNet decrease in cashNet cash used in financing activitiesNet increase in cashNet decrease in cashNet cash used in financing "
    }
  }
}
