{
  "doc_id": "b3m5kaeqm2w8n4bwcesw-140602121350-phpapp02_95.pdf",
  "pages": {
    "1": {
      "summary": "1. Carefully read and analyze the page content.\n2. Identify the main topics, key points, and important details presented on the page.\n3. Note any tables, figures, charts, diagrams, or images on the page and briefly describe their content and purpose.\n4. Create a structured summary that captures:\n   - The essential textual information from the page\n   - Descriptions of any visual elements (tables, figures, images, etc.)\n   - Any particularly notable or unique information\n\nPresent your summary within <summary> tags. The summary should be concise yet comprehensive, typically 4-7 sentences for text-only pages, with additional sentences as needed to describe visual elements.\n\nFor visual elements, please use these specific tags:\n- <table_summary> for descriptions of tables\n- <figure_summary> for descriptions of figures, charts, graphs, or diagrams\n- <image_summary> for descriptions of photos, illustrations, or other images\n\nExample structure:\n<summary>\n[Main text content summary here]\n\n<table><table>## Table 1: [Brief description of what the table shows]\n### Table 1: [Brief description of what the table shows]\n### Table 2: [Brief description of what the table shows]\n### Table 3: [Brief description of what the table shows]\n### Table 4: [Brief description of what the table shows]\n### Table 5: [Brief description of what the table shows]\n### Table 6: [Brief description of what the table shows]\n### Table 7: [Brief description of what the table shows]\n### Table 8: [Brief description of what the table shows]\n### Table 9: [Brief description of what the table shows]\n### Table 10: [Brief description of what the table shows]\n### Table 11: [Brief description of what the table shows]\n### Table 12: [Brief description of what the table shows]\n### Table 13: [Brief description of what the table shows]\n### Table 14: [Brief description of what the table shows]\n### Table 15: [Brief description of what the table shows]\n### Table 16: [Brief description of what the table shows]\n### Table 17: [Brief description of what the table shows]\n### Table 18: [Brief description of what the table shows]\n### Table 19: [Brief description of what the table shows]\n### Table 20: [Brief description of what the table shows]\n### Table 21: [Brief description of what the table shows]\n### Table 22: [Brief description of what the table shows]\n### Table 23: [Brief description of what the table shows]\n### Table 24: [Brief description of what the table shows]\n### Table 25: [Brief description of what the table shows]\n### Table 26: [Brief description of what the table shows]\n### Table 27: [Brief description of what the table shows]\n### Table 28: [Brief description of what the table shows]\n### Table 29: [Brief description of what the table shows]\n### Table 30: [Brief description of what the table shows]\n### "
    },
    "2": {
      "summary": "<summary> tags. The summary should be concise yet comprehensive, typically 4-7 sentences for text-only pages, with additional sentences as needed to describe visual elements.\n\nFor visual elements, please use these specific tags:\n- <table_summary> for descriptions of tables\n- <figure_summary> for descriptions of figures, charts, graphs, or diagrams\n- <image_summary> for descriptions of photos, illustrations, or other images\n\nExample structure:\n<summary>\n[Main text content summary here]\n\n<table><table>Table 1: [Brief description of what the table shows]</table></summary>"
    },
    "3": {
      "summary": "1a: Temperature and Energy\n\nThings are hot because the average energy is high\n\nTemperature: the average of thermal energy per particle\n\nThermal Energy: the total amount of energy alotogether\n\nThermal Energy: the total amount of energy altogether\n\nTemperature is an arbitrary scale.\n\nArbitrary: comparing things to each other\n\nHeat travels: Hot to Cold\n-Thermal energy is lost by hot objects\n-Keep losing heat until equilibrium is reached\n-Thermal energy is lost quicker by hot objects than cold objects"
    },
    "4": {
      "summary": "1. Specific Heat Capacity is also known as SHC\n2. SHC: helps figure out how much energy you need for a substance.\n3. The amount of the substance matters as it changes the amount of energy needed.\n4. The substance also matters as different substances need different amount of energy.\n5. SHC is about how much energy is needed to warm a material up-to increase the temperature up by an amount . It is different for every substance!\n\nThe formula:\nEnergy = SHC x Mass x Temperature\n(J/Kg°C) (Kg) (°C)\n\nManipulate the formula to the questions need\n\nP1a: Specific Heat Capacity\n\n*Change the mass to KG if needed\n\nDouble the amount- Double the energy\n\nDouble the time- Double the energy"
    },
    "5": {
      "error": "LLM query failed"
    },
    "6": {
      "summary": " There are several ways to lose heat; they are: Convection, Conduction and Radiation\n\nConvection: is the transfer of thermal energy as it is carried by a particle. Warm particles are less dense and rise whereas cold particles are more dense and fall. This is called a current- and occurs in fluids (LIQUIDS and GASES)\n\nRadiation: is the transfer of thermal energy from hot objects; it is energy passed on a WAVE and doesn’t need any particles to pass on thermal energy. Travels in all directions.\n\nP1b: How to Lose Heat\n\nThrough the roof: fit loft insulation\n\nHot radiator\n\nCool air falling\n\nThrough the windows: fit double glazing and curtains\n\nThrough gaps around doors: fit draught excluders\n\nHeat losses from a house and how to reduce them\n\nThrough the walls: fit cavity wall insulation\n\nThrough the floor: fit carpet"
    },
    "7": {
      "summary": "1b: Efficiency and Payback Time\n\nThe Formula:\n\nEfficiency = Useful Energy output / Total Energy Input\n\nManipulate the formula to the questions need (x100 for percentage)\n\nP1b: Efficiency and Payback Time\n\nThe Formula:\n\nPayback Time = Cost / Savings\n\nManipulate the formula to the questions need"
    },
    "8": {
      "summary": " A wave moves energy but no matter i.e. if you place a cork in the middle of a tank and put your hand in and out of it you get a wave however the cork doesn't move only the energy produced\n\nThere are two types of wave:\n- Transverse\n- Longitudinal\n\nTransverse:\nThey are like a mexican wave because it ripples around a stadium by the people as they stand up and sit down.\nWater particles move up and down as the wave spreads out from where a pebble is dropped in the water.\nThey travel in right-angles to the wave vibration.\n\nP1c: Waves\n\nLight is an example of a transverse wave.\n\nThey can be:\n- reflected: bounce back towards you\n- refracted: bend as they enter/ leave a material\n- diffracted: spread out when doing through a gap or hit a barrier"
    },
    "9": {
      "summary": "1C: Reflection, Refraction, Diffraction\n\nThey slow down because the substance would be a different density to another substance.\n\nDiffraction: Spreads the wave out when going through a gap or barrier\n\nMaximum diffraction occurs when: the gap is equal to the wave.\n\nMinimum diffraction occurs when: the gap is smaller or larger than the wave.\n\nReflection surface, e.g. shiny object or mirror\n\nAll wave can be reflected and refracted\n\nLaw of Reflection: Angle of incidence = Angle of Reflection"
    },
    "10": {
      "summary": "1c: Electromagnetic Waves\n\nThe Formula:\nWave Speed = Frequency x Wavelength\n\nManipulate the formula to the questions need"
    },
    "11": {
      "summary": "1. Fibre Optics:\nfibre optics are solid cables that are made of the a substance that is denser than the air around.\nThe cables must be thin because the thinner the wire the more likely it will reflects\n\n*this is opposite for thicker cables\n\n---\n\n**TIR occurs when the angle of light is larger than the critical angle**\n\nThe critical angle is the angle at which the wave is neither reflected nor refracted\n\nIf the angle:\n-is bigger than the critical angle the light is reflected\n-is smaller than the critical angle the light is refracted\n\nIf all the ave is reflected then it is called Total Internal Reflection\n\n---\n\n**P1d: TIR and Fibre Optics**\n\n![Diagram of TIR and Fibre Optics](https://example.com/diagram)\n\nMedium 1 (optically denser)\nMedium 2 (optically less dense)\n\n---\n\n**Uses of TIR:**\n-Endoscopes to look into peoples bodies and look for any defects\n-Communications\n-TV"
    },
    "12": {
      "summary": " Light has been used for sending messages. This allowed messages to be sent quickly. However the disadvantage of this was that a code as needed.\n\nLasers are another way of using light.\n\nLasers are:\n-in phase; in sync- all crests and trough match up\n-Monochromatic; one colour usually red but also green, blue and purple\n-Coherent; in phase\n-Low Divergence; doesn’t spread out, narrow beam of light even over long distances\n\nLasers are used in CDs and DVDs\n\nP1d: Using Light\n\nCDs and DVDs have microscopic pits which act like the absence of light in morse code. The laser reflects when it hits a shiny surface and doesn’t reflect when it hits a pit. This then sends a message to computer chips which then send a visual or audio track to the player.\n\nWhite light spreads out when travelling long distances.\n\nWhite light travels long distances.\n\nLasers are used in CDs and DVDs"
    },
    "13": {
      "summary": "1e: Cooking with Infrared and Microwaves\n\n| Infrared Radiation | Microwaves |\n|------------------|-----------|\n| Shiny surfaces at the bottom; reflects infrared rays back towards food | Kinetic energy is given to water or fat molecules |\n| Helps heat surfaces of the food | energy is transferred by conduction or convection |\n| Energy is transferred by conduction (solid) and convection (fluids) | Shiny surfaces reflect any waves back to food |\n| Travels to the centre of the food | Sent 1 cm into the food |\n\nPlease note that this is an example structure and you may need to adjust it based on the specific content and layout of the page you are summarizing."
    },
    "14": {
      "summary": "3x10^8 m/s\n\nThe waves are transmitted and received.\nIf the are not 'in line of sight' the signal may be lost.\n\nAll types of phones receive waves\n\nWhen you talk into your phone; it converts the sound into a microwave signal and is sent to the nearest phone mast.\n\nMicrowave signals are affected by:\n-Poor weather conditions\n-large surfaces of water\n\nWeather conditions can scatter the signal\nRadiowaves spread out (diffract) signals when passing through a gap i.e. between buildings\n\nClear Line-of-Sight (LOS)\nNear Line-of-Sight (Visual LOS vs Fresnel zone obstructions)\n\nNon-Line-of-Sight (NLOS)\nMobile phones can damage your brain by heating; but there is not answer that is set in stone that they can radically damage your brain"
    },
    "15": {
      "summary": "1. Analog signals are signals that continuously change in values i.e. analogue clocks.; It can be anything from the lowest value to the highest value. \n\n2. Digital Signals: have signals that are of set values i.e. on/off Morse code is a digital signal \n\n3. Multiplexing: is when joining multiple digital signals together in one transmission \n\n4. How they are Converted: \n\nAnalog -> ADC (analogue-digital converter) \n\nDigital -> DAC (digital-analogue converter) \n\nP1f: Analogue and Digital Signals"
    },
    "16": {
      "summary": "1g: Wireless Communication\n\n| Term | Description |\n| --- | --- |\n| Radiowave | part of the electromagnetic spectrum; mainly used for communication |\n| Refraction | the change in direction of a wave when passing through one medium to another of different density |\n| Frequency | the number of waves passing through a point in a space of time i.e 300 m/s |\n| Microwaves | the shortest wavelength of radiowaves in the electromagnetic spectrum |\n| Aerial | a device for receiving and transmitting radio signals |\n| Ionosphere | a layer of the upper atmosphere |\n| Interference | poor radio reception caused by overlapping waves |\n| Electromagnetic Spectrum | the complete range of observed electromagnetic aves |\n| Wavelength | Distance occupied by one complete cycle of a wave |\n| Ghosting | the effect of two signals from the same source which have travelled distances to reach an aerial |"
    },
    "17": {
      "summary": "1g: Wireless Communications\n\nProblems that can occur:\n-signal can spread out\n-waves can refract when passing through different layers of atmosphere\n-makes it difficult to send signals when you want to drop in quality\n\nAppliances that use wireless means:\n-TV's and radios\n-Smartphones\n-laptops\n\nDisadvantages:\n-wireless signals can be reflected or refracted off buildings or by the atmosphere\n-drop-in-quality: signal becomes weak or lose energy\n-too many reflections can drop in quality\n-signal be blocked by hills or buildings"
    },
    "18": {
      "summary": " Line of sight is a 'line' that is free from any obstructions i.e. tall building or trees\n\nWhen there are obstructions the signal can drop in quality; so to fix this the microwave transmitters are placed close together on high hills to avoid the obstructions. Line of sight is an assured way of sending signals but we are not always in sight of them\n\nWe use Bluetooth or Wi-Fi for short range communication. To send long distance communication we use different methods\n\nYou can't send a signal to a receiver if it far away because the Earth's curvature gets in the way like a large wall of water between the transmitter and aerial. Also only certain waves can be reflected in different parts of the atmosphere i.e. radiowaves are reflected off the ionosphere.\n\nP1g: Receiving Signals\n\nAn advantage of wired communication is that you can send rapid amount of data very quickly\n\nradio waves reflected from a charged layer of the upper atmosphere\n\nmicrowaves pass through the atmosphere\n\nsignal received even though transmitter and receiver are not in the line of sight"
    },
    "19": {
      "summary": " There are two major waves:\nP-Waves: they are the primary waves\nS-Waves: they are the secondary waves\n\nP-Waves are the 'invincible' waves as they travel through solids and liquids.\nS-Waves: these are the less 'invincible' waves as they can only go through solids\n\nThe other wave is an L-Wave: this travel the surface of the Earth. This help find the epicentre of the earthquake after looking at the P and S waves.\n\nThey are recorded by seismometers. These are embedded into bedrock (rock that doesn't fall loose). The simplest version is: a pen in a box with a roll of paper; and when a wave hits the pen will record it by marking the paper when dangling side to side\n\nP-Waves are longitudinal in longitudinal waves, the vibrations are along the same direction as the direction of travel.\n\nEarthquakes\n\nS-Waves are transverse in transverse waves, the vibrations are at right angles to the direction of travel."
    },
    "20": {
      "summary": " UV radiation can damage people in a variety of ways; it can affect us damaging our: \n-skin \n-eyes \nare just two ways \n\nSkin: \nUV radiation can damage cells in our skin; this damage can cause cancer so you have to be wary when out in the sun. It can also cause our skin to age quicker \n\nEyes: \nUV radiation can also affect your eyes; the damage by the radiation can cause cataracts \n\nThe sun gives off radiation \n\nSun cream and sunblock filter the radiation \n\nP1h: \nUV Radiation on People \n\nMelanin is produced in your body; it is natural chemical that acts like sun cream \n\nYou get the burn time from the radiation; then multiply it by the SPF number on your sun cream (SPF: Skin Protection Factor) \n\nSunbeds use UV lights to give people a tan. It is an artificial sun that has increased in use; it is also the reason why skin cancer is increasing \n\nUV rays, for example, are necessary for our body to produce vitamin D, a substance that helps strengthen bones and safeguards against diseases"
    },
    "21": {
      "summary": "1. The ozone is a layer of gas in the atmosphere; majority of the ozone reside in the stratosphere.\n2. The ozone is thinning though by CFCs\n3. CFCs are also known as Chlorofluorocarbons\n4. The ozone filters the amount of radiation that goes into the Earth; however the radiation intake is increasing\n5. Satellites are used to survey the ozone layer; this also showed scientist that the ozone was thinning in colder places i.e. Antarctica.\n6. To stop the Ozone thinning fast an international agreement was made in 1980; to stop using CFCs This was signed by many countries\n7. The colder the area the faster the chemical reaction involving CFCs, the quicker the Ozone thins. The cold is a catalyst for the reaction\n8. UV rays AND THEIR EFFECT ON SKIN"
    }
  }
}
