{
  "doc_id": "bariumswallowpresentation-090810084400-phpapp01_95.pdf",
  "pages": {
    "1": {
      "summary": "1. Read the page carefully.\n2. Identify the main topics and key points.\n3. Note any tables, figures, or images.\n4. Summarize the page in a concise manner using the provided tags.\n\nThe provided example uses the following tags:\n- <table_summary> for the table summary\n- <figure_summary> for the figure summary\n- <image_summary> for the image summary\n\nNote: Ensure you have the necessary tools and resources to accurately extract and summarize the content from the page."
    },
    "2": {
      "summary": "1. Upper esopha\nginal splin\ncter\nTongue\nTrachea\nEsophagus\nLower esopha\ngeal sphincter\nStomach\n</summary>"
    },
    "3": {
      "summary": " The provided text is a sample of how to summarize a page. It includes a brief description of the page's content, tables, figures, and images, along with their respective summaries."
    },
    "4": {
      "summary": "1. Anteriorly-mouth & nasal choanae\n2. Superiorly-soft palate & portion of skull\n3. Inferiorly- postr of tongue\n4. Posteriorly- pharyngeal constrictors"
    },
    "5": {
      "summary": "1. Naso - ant.pharynx joins nasal cavity\n2. Oro- midportion of pharynx joins oral cavity\n3. Hypo-inferior pharynx joins larynx."
    },
    "6": {
      "error": "LLM query failed"
    },
    "7": {
      "error": "LLM query failed"
    },
    "8": {
      "summary": "1. Levels between C4 to C6, it includes the pharyngeal-esophageal junction (postcricoid area), the piriform sinus and the posterior pharyngeal wall.\n2. Lined with a stratified squamous epithelium.\n3. It lies inferior to the upright epiglottis and extends to the larynx, where the respiratory and digestive pathways diverge.\n4. At that point, the laryngopharynx is continuous with esophagus posteriorly."
    },
    "9": {
      "summary": "1. Primitive gut tube forms during 4th week of gestation.\n2. It is derived from incorporation of the dorsal part of the definitive yolk sac into embryo due to embryonic folding."
    },
    "10": {
      "error": "LLM query failed"
    },
    "11": {
      "summary": " [Summarize this document.]"
    },
    "12": {
      "summary": "1. Tracheo-esophageal fold fuse in midline to form tracheo-esophageal septum.\n2. The foregut divide into laryngotracheal tube(larynx,trachea,bronchi &lungs) ventrally and esophagus dorsally.\n3. Esophagus is initially short ,but lengthens with descent of heart and lungs."
    },
    "13": {
      "summary": "1. Carefully read and analyze the page content.\n2. Identify the main topics, key points, and important details presented on the page.\n3. Note any tables, figures, charts, diagrams, or images on the page and briefly describe their content and purpose.\n4. Create a structured summary that captures:\n   - The essential textual information from the page\n   - Descriptions of any visual elements (tables, figures, images, etc.)\n   - Any particularly notable or unique information\n\nPlease follow these steps to create your summary:\n\n1. Carefully read and analyze the page content.\n2. Identify the main topics, key points, and important details presented on the page.\n3. Note any tables, figures, charts, diagrams, or images on the page and briefly describe their content and purpose.\n4. Create a structured summary that captures:\n   - The essential textual information from the page\n   - Descriptions of any visual elements (tables, figures, images, etc.)\n   - Any particularly notable or unique information\n\nPresent your summary within <summary> tags. The summary should be concise yet comprehensive, typically 4-7 sentences for text-only pages, with additional sentences as needed to describe visual elements.\n\nFor visual elements, please use these specific tags:\n- <table_summary> for descriptions of tables\n- <figure_summary> for descriptions of figures, charts, graphs, or diagrams\n- <image_summary> for descriptions of photos, illustrations, or other images\n\nExample structure:\n<table_summary>\n[Main text content summary here]\n</table_summary>\n\n<figure_summary>\n[Main text content summary here]\n</figure_summary>\n\n<image_summary>\n[Main text content summary here]\n</image_summary>\n\nEnsure your summary is clear, coherent, and well-organized, capturing the essence of both textual and visual information on the page without omitting critical details."
    },
    "14": {
      "summary": "1. esophagea al tresia, EA, 2. tracheoesophageal fistula, TEF, 3. esophageal stenosis, 4. esophageal cyst, 5. tracheobronchial remnant, 6. esophageal atresia and tracheoesophageal fistula, EA-TEF, 7. esophagal web, 8. esophagal muscular hypertrophy, 9. esophageal duplications, 10. columnar epithelium-lined lower esophagus, 11. Barrett's esophagus, laryngotracheoesophageal cleft, LTEC"
    },
    "15": {
      "summary": "1. Flattened muscular tube, size 18 to 26cm beginning at lower border of cricoid cartilage(opp 6th cervical vertebra) and ending at cardiac orifice of stomach(opp 11th cervical vertebra)\n\n2. Divided into 3 anatomical segments i.e.,cervical,thoracic & abdominal"
    },
    "16": {
      "summary": "1. Cervical esophagus extend from pharyngeal junction to suprasternal notch and is abt 4-5cm.\n2. At this level, eosophagus bordered anteriorly by trachea,post by vertebral column and lat by carotid sheath and thyroid gland."
    },
    "17": {
      "summary": "1. Thoracic esophagus extend from suprasternal notch(opp T1) to diaphragmatic hiatus(opp T10).18cm in length.\n2. Anteriorly lies the trachea, rt pulmonary artery, left main bronchus & diaphragm.post it rest on vertebral column and closely related to thoracic duct, azygous & hemiazygous vein."
    },
    "18": {
      "summary": "1. Abdomen 2. Abdominal esophagus 3. Extend 4. Diaphragmatic hiatus 5. Orifice 6. Cardiac 7. Stomach 8. Abt 9. 1 cm. 10. Its right border is continuous with lesser curvature & left border is demarcated from fundus by esophageal angle of implantation (angle of His)"
    },
    "19": {
      "summary": "1/3\n\nUpper 1/3 (Proximal)\nCervical esophagus\nT5\nMiddle 1/3\nLower 1/3 (Distal)\nCardioseophageal Junction\nT10\nLower thoracic esophagogastric junction\nT1\nC4\nC5\nC6\nC7\nC8\nC9\nC10\nC11\nC12\nT1\nT2\nT3\nT4\nT5\nT6\nT7\nT8\nT9\nT10\nT11\nT12\nT13\nT14\nT15\nT16\nT17\nT18\nT19\nT20\nT21\nT22\nT23\nT24\nT25\nT26\nT27\nT28\nT29\nT30\nT31\nT32\nT33\nT34\nT35\nT36\nT37\nT38\nT39\nT40\nT41\nT42\nT43\nT44\nT45\nT46\nT47\nT48\nT49\nT50\nT51\nT52\nT53\nT54\nT55\nT56\nT57\nT58\nT59\nT60\nT61\nT62\nT63\nT64\nT65\nT66\nT67\nT68\nT69\nT70\nT71\nT72\nT73\nT74\nT75\nT76\nT77\nT78\nT79\nT80\nT81\nT82\nT83\nT84\nT85\nT86\nT87\nT88\nT89\nT90\nT91\nT92\nT93\nT94\nT95\nT96\nT97\nT98\nT99\nT100\nT101\nT102\nT103\nT104\nT105\nT106\nT107\nT108\nT109\nT110\nT111\nT112\nT113\nT114\nT115\nT116\nT117\nT118\nT119\nT120\nT121\nT122\nT123\nT124\nT125\nT126\nT127\nT128\nT129\nT130\nT131\nT132\nT133\nT134\nT135\nT136\nT137\nT138\nT139\nT140\nT141\nT142\nT143\nT144\nT145\nT146\nT147\nT148\nT149\nT150\nT151\nT152\nT153\nT154\nT155\nT156\nT157\nT158\nT159\nT160\nT161\nT162\nT163\nT164\nT165\nT166\nT167\nT168\nT169\nT170\nT171\nT172\nT173\nT174\nT175\nT176\nT177\nT178\nT179\nT180\nT181\nT182\nT183\nT184\nT185\nT186\nT187\nT188\nT189\nT190\nT191\nT192\nT193\nT194\nT195\nT196\nT197\nT198\nT199\nT200\nT201\nT202\nT203\nT204\nT205\nT206\nT207\nT208\nT209\nT210\nT211\nT212\nT213\nT214\nT215\nT216\nT217\nT218\nT219\nT220\nT221\nT222\nT223\nT224\nT225\nT226\nT227\nT228\nT229\nT230\nT231\nT232\nT233\nT234\nT235\nT236\nT237\nT238\nT239\nT240\nT241\nT242\nT243\nT244\nT245\nT246\nT247\nT248\nT249\nT250\nT251\nT252\nT253\nT254\nT255\nT256\nT257\nT258\nT259\nT260\nT261\nT262\nT263\nT264\nT265\nT266\nT267\nT268\nT269\nT270\nT271\nT272\nT273\nT274\nT275\nT276\nT277\nT278\nT279\nT280\nT281\nT282\nT283\nT284\nT285\nT286\nT287\nT288\nT289\nT290\nT291\nT292\nT293\nT294\nT295\nT296\nT297\nT298\nT299\nT300\nT301\nT302\nT303\nT304\nT305\nT306\nT307\nT308\nT309\nT310\nT311\nT312\nT313\nT314\nT315\nT316\nT317\nT318\nT319\nT320\nT321\nT322\nT323\nT324\nT325\nT326\nT327\nT328\nT329\nT330\nT331\nT332\nT333\nT334\nT335\nT336\nT337\nT338\nT339\nT340\nT341\nT342\nT343\nT344\nT345\nT346\nT347\nT348\nT349\nT350\nT351\nT352\nT353\nT354\nT355\nT356\nT357\nT358\nT359\nT360\nT361\nT362\nT363\nT364\nT365\nT366\nT367\nT368\nT369\nT370\nT371\nT372\nT373\nT374\nT375\nT376\nT377\nT378\nT379\nT380\nT381\nT382\nT383\nT384\nT385\nT386\nT387\nT388\nT389\nT390\nT391\nT392\nT393\nT394\nT395\nT396\nT397\nT398\nT399\nT400\nT401\nT402\nT403\nT404\nT405\nT406\nT407\nT408\nT409\nT410\nT411\nT412\nT413\nT414\nT415\nT416\nT417\nT418\nT419\nT420\nT421\nT422\nT423\nT424\nT425\nT426\nT427\nT428\nT429\nT430\nT431\nT432\nT433\nT434\nT435\nT436\nT437\nT438\nT439\nT440\nT441\nT442\nT443\nT444\nT445\nT446\nT447\nT448\nT449\nT450\nT451\nT452\nT453\nT454\nT455\nT456\nT457\nT458\nT459\nT460\nT461\nT462\nT463\nT464\nT465\nT466\nT467\nT468\nT469\nT470\nT471\nT472\nT473\nT474\nT475\nT476\nT477\nT478\nT479\nT480\nT481\nT482\nT483\nT484\nT485\nT486\nT487\nT488\nT489\nT490\nT491\nT492\nT493\nT494\nT495\nT496\nT497\nT498\nT499\nT500\nT501\nT502\nT503\nT504\nT505\nT506\nT507\nT508\nT509\nT510\nT511\nT512\nT513\nT514\nT515\nT516\nT517\nT518\nT519\nT520\nT521\nT522\nT523\nT524\nT525\nT526\nT527\nT528\nT529\nT530\nT531\nT532\nT533\nT534\nT535\nT536\nT537\nT538\nT539\nT540\nT541\nT542\nT543\nT544\nT545\nT5"
    },
    "20": {
      "error": "LLM query failed"
    },
    "21": {
      "summary": "1. Carefully read and analyze the page content.\n2. Identify the main topics, key points, and important details presented on the page.\n3. Note any tables, figures, charts, diagrams, or images on the page and briefly describe their content and purpose.\n4. Create a structured summary that captures:\n   - The essential textual information from the page\n   - Descriptions of any visual elements (tables, figures, images, etc.)\n   - Any particularly notable or unique information"
    },
    "22": {
      "summary": "1. Carefully read and analyze the page content.\n2. Identify the main topics, key points, and important details presented on the page.\n3. Note any tables, figures, charts, diagrams, or images on the page and briefly describe their content and purpose.\n4. Create a structured summary that captures:\n   - The essential textual information from the page\n   - Descriptions of any visual elements (tables, figures, images, etc.)\n   - Any particularly notable or unique information\n\nPresent your summary within <summary> tags. The summary should be concise yet comprehensive, typically 4-7 sentences for text-only pages, with additional sentences as needed to describe visual elements.\n\nFor visual elements, please use these specific tags:\n- <table_summary> for descriptions of tables\n- <figure_summary> for descriptions of figures, charts, graphs, or diagrams\n- <image_summary> for descriptions of photos, illustrations, or other images\n\nExample structure:\n<summary>\n[Main text content summary here]\n\n<table><table>SubstancesDescriptionInnermost mucosaThe innermost layer of the digestive tract lining, composed of simple columnar epithelium with goblet cells and mucous glands.SubmucosaA layer of connective tissue that separates the mucosa from the muscularis propria.Muscularis propriaA layer of smooth muscle that helps propel food through the digestive tract.AdventitiaA thin layer of connective tissue that attaches the digestive tract to surrounding structures.No serosaThe outermost layer of the digestive tract lining, composed of dense irregular connective tissue.</table></table>"
    },
    "23": {
      "summary": "1. Arterial supply\n2. Branches of inf thyroid artery - UES & cervical esophagus.\n3. Paired aortic esophageal arteries or terminal br.of bronchial artery – thoracic esophagus.\n4. Left gastric & br.of left phrenic art- LES & distal esophagus."
    },
    "24": {
      "summary": " The provided image is a detailed anatomical illustration of the human esophagus, showcasing its internal structure and various parts. It includes labels for different sections such as the Esophageal branch of inferior thyroid artery, Esophageal branch of cervical part of esophagus, Thyroid gland, Trachea, Arch of aorta, Right bronchial artery, Superior left bronchial artery, Esophageal branch of right bronchial artery, Inferior left bronchial artery and esophageal branch, Thoracic (descending) aorta, Esophageal branches of thoracic aorta, Abdominal part of esophagus, Diaphragm, Stomach, Esophageal branch of left gastric artery, Left gastric artery, Celiac trunk, Splenic artery (cut), Common hepatic artery (cut), Inferior phrenic arteries, Common hepatic artery (cut), Inferior phrenic arteries, Common hepatic artery (cut), Inferior phrenic arteries, Common hepatic artery (cut), Inferior phrenic arteries, Common hepatic artery (cut), Inferior phrenic arteries, Common hepatic artery (cut), Inferior phrenic arteries, Common hepatic artery (cut), Inferior phrenic arteries, Common hepatic artery (cut), Inferior phrenic arteries, Common hepatic artery (cut), Inferior phrenic arteries, Common hepatic artery (cut), Inferior phrenic arteries, Common hepatic artery (cut), Inferior phrenic arteries, Common hepatic artery (cut), Inferior phrenic arteries, Common hepatic artery (cut), Inferior phrenic arteries, Common hepatic artery (cut), Inferior phrenic arteries, Common hepatic artery (cut), Inferior phrenic arteries, Common hepatic artery (cut), Inferior phrenic arteries, Common hepatic artery (cut), Inferior phrenic arteries, Common hepatic artery (cut), Inferior phrenic arteries, Common hepatic artery (cut), Inferior phrenic arteries, Common hepatic artery (cut), Inferior phrenic arteries, Common hepatic artery (cut), Inferior phrenic arteries, Common hepatic artery (cut), Inferior phrenic arteries, Common hepatic artery (cut), Inferior phrenic arteries, Common hepatic artery (cut), Inferior phrenic arteries, Common hepatic artery (cut), Inferior phrenic arteries, Common hepatic artery (cut), Inferior phrenic arteries, Common hepatic artery (cut), Inferior phrenic arteries, Common hepatic artery (cut), Inferior phrenic arteries, Common hepatic artery (cut), Inferior phrenic arteries, Common hepatic artery (cut), Inferior phrenic arteries, Common hepatic artery (cut), Inferior phrenic arteries, Common hepatic artery (cut), Inferior phrenic arteries, Common hepatic artery (cut), Inferior phrenic arteries, Common hepatic artery (cut), Inferior phrenic arteries, Common hepatic artery (cut), Inferior phrenic arteries, Common hepatic artery (cut), Inferior phrenic arteries, Common hepatic artery (cut), Inferior phrenic arteries, Common hepatic artery (cut), Infer"
    },
    "25": {
      "summary": "1. Proximal & distal esophagus drains into azygous veins.\n2. Mid-esophagus drains into collaterals of left gastric vein, br. of portal vein.\n3. Submucosal connection between portal and systemic venous system in distal esophagus form esophageal varices in portal hypertension."
    },
    "26": {
      "summary": " The provided image is a detailed anatomical diagram of the veins of the esophagus. It includes labels for various parts such as the inferior thyroid vein, internal jugular vein, external jugular vein, subclavian vein, vertebral vein, right brachiocephalic vein, superior vena cava, left superior intercostal vein, right superior intercostal vein, esophageal vein, azygos vein, junction of hemiazygos vein and azygos vein, inferior vena cava (cut), diaphragm, liver, hepatic veins, inferior vena cava, hepatic portal vein, right renal vein, left gastric vein, right gastric vein, superior mesenteric vein, inferior mesenteric vein, esophageal branches of left gastric vein, right gastro-omental (gastroepiploic) vein, and omental vein."
    },
    "27": {
      "error": "LLM query failed"
    },
    "28": {
      "summary": "1. Carefully read and analyze the page content.\n2. Identify the main topics, key points, and important details presented on the page.\n3. Note any tables, figures, charts, diagrams, or images on the page and briefly describe their content and purpose.\n4. Create a structured summary that captures:\n   - The essential textual information from the page\n   - Descriptions of any visual elements (tables, figures, images, etc.)\n   - Any particularly notable or unique information\n\nPresent your summary within <summary> tags. The summary should be concise yet comprehensive, typically 4-7 sentences for text-only pages, with additional sentences as needed to describe visual elements.\n\nFor visual elements, please use these specific tags:\n- <table_summary> for descriptions of tables\n- <figure_summary> for descriptions of figures, charts, graphs, or diagrams\n- <image_summary> for descriptions of photos, illustrations, or other images\n\nExample structure:\n<summary>\n[Main text content summary here]\n\n<table><table>Posterior vagal trunk to celiac plexusVagal branch to hepatic plexus via lesser omentumGreater splanchnic nervesVagal branch to fundus and body of stomach</table></table>\n\nEnsure your summary is clear, coherent, and well-organized, capturing the essence of both textual and visual information on the page without omitting critical details.\n\n## Summary\n\nThe provided image is a detailed medical illustration depicting the anatomy of the human digestive system. It includes various organs such as the esophagus, stomach, liver, gallbladder, pancreas, small intestine, large intestine, rectum, and anus. The image also highlights the major blood vessels and nerves associated with these structures. The style of the image is scientific and educational, aimed at providing a clear and informative representation of the human digestive system."
    },
    "29": {
      "error": "LLM query failed"
    },
    "30": {
      "summary": " The provided image is a detailed anatomical illustration of the human lymphatic system, specifically highlighting the lymph vessels and nodes. It includes various labeled components such as the superior and inferior jugular nodes, paratracheal nodes, tracheobronchial nodes, intercostal nodes, superior phrenic nodes, left gastric nodes, celiac nodes, and juxtaesophageal and splenic nodes. The image also features a detailed view of the thoracic duct, which is highlighted in blue."
    },
    "31": {
      "summary": "1. It is a medical imaging procedure used to examine upper gastrointestinal tract, which include the esophagus and to a lesser extent the stomach.\n2. The contrast used is barium sulfate."
    },
    "32": {
      "summary": "1. Single Contrast Study\n: 2. Double Contrast Study"
    },
    "33": {
      "summary": "100% BARIUM SULPHATE PASTE\n: 80% BARIUM SULPHATE SUSPENSION\n: 30% BARIUM SULPHATE SUSPENSION FOR HIGH KV TECHNIQUE\n: 200-250% HIGH DENSITY,LOW VISCOSITY FOR DOUBLE CONTRAST STUDY"
    },
    "34": {
      "summary": "1. Achalasia\nii. diffuse esophageal spasms.\n: Pressure or invasion from extrinsic lesions.\n: Assessment of abnormality of\ni. pharyngo esophageal junction including zerkers diverticulum\nii. cricoid webs\niii. cricopharyngeal Achalasia."
    },
    "35": {
      "summary": "1. Suspected leakage from esophagus into the mediastenum or pleura and peritoneal cavities.\n2. Tracheo-esophageal fistula"
    },
    "36": {
      "error": "LLM query failed"
    },
    "37": {
      "error": "LLM query failed"
    },
    "38": {
      "summary": " [Summary of the page's content]\n:  [Summary of visual elements]\n:  [Summary of tables, figures, and images]"
    },
    "39": {
      "summary": "1. Read the page carefully.\n2. Identify the main topics and key points.\n3. Note any tables, figures, or images.\n4. Create a concise summary of the page content.\n\nThe provided example follows this structure, summarizing the page's content effectively."
    },
    "40": {
      "summary": "1. None in particular but advisable to be in NPO prior to the procedure.\n2. Ensured that no contraindication to the pharmacological agent used.\n3. Check pregnancy state.\n4. Procedure should be explained to patient before undergoing the procedure."
    },
    "41": {
      "summary": "本页面提供TECHNIQUE的摘要，包括文本和视觉元素的详细描述。摘要应简洁、连贯且组织有序，准确捕捉页面上的主要内容和关键细节。\n\n: PHARYNX\n\n: -One mouthful contrast bolus with high density(250% w/v).\n\n: -Patient is asked to swallow once and stop swallowing there after.\n\n: -This is to get optimum mucosal coating.\n\n: -frontal and lateral view x-ray taken."
    },
    "42": {
      "summary": "1. Single contrast\n2. Multiple mouthful 80% w/v barium suspension given.\n3. -prone swallow to assess esophageal contraction.\n4. -useful in esophageal compression, displacement or disordered motility."
    },
    "43": {
      "summary": "1. Double contrast\n- Contrast high density,low viscosity(200-250%).\n- 15-20 ml given & asked to swallow.\n- Then effervescent powder given with another mouthful of barium.\n- In erect posture,gas tend to stay up so adequate distention stays longer time.\n- Inj.buscopan I.V given before the procedure to keep esophagus distended for longer time."
    },
    "44": {
      "summary": "1. Read the page carefully.\n2. Identify the main topics and key points.\n3. Note any tables, figures, or images.\n4. Summarize the page in a concise manner.\n\nThe provided example follows this structure, focusing on the main topic \"Specific Condition\" from the page."
    },
    "45": {
      "summary": "50/50 dilution of standard high density barium. Film in supine for frontal and erect for lateral view."
    },
    "46": {
      "summary": "2008 Elsevier Inc."
    },
    "47": {
      "summary": "2000, Elsevier Inc."
    },
    "48": {
      "summary": "1. AP and lateral plain films showing a metallic foreign body in the upper esophagus. Most foreign bodies are found at the level of the cricopharyngeus muscle.\n2. AP and lateral plain films showing a metallic foreign body in the upper esophagus. Most foreign bodies are found at the level of the cricopharyngeus muscle.\n3. AP and lateral plain films showing a metallic foreign body in the upper esophagus. Most foreign bodies are found at the level of the cricopharyngeus muscle.\n4. AP and lateral plain films showing a metallic foreign body in the upper esophagus. Most foreign bodies are found at the level of the cricopharyngeus muscle.\n5. AP and lateral plain films showing a metallic foreign body in the upper esophagus. Most foreign bodies are found at the level of the cricopharyngeus muscle.\n6. AP and lateral plain films showing a metallic foreign body in the upper esophagus. Most foreign bodies are found at the level of the cricopharyngeus muscle.\n7. AP and lateral plain films showing a metallic foreign body in the upper esophagus. Most foreign bodies are found at the level of the cricopharyngeus muscle.\n8. AP and lateral plain films showing a metallic foreign body in the upper esophagus. Most foreign bodies are found at the level of the cricopharyngeus muscle.\n9. AP and lateral plain films showing a metallic foreign body in the upper esophagus. Most foreign bodies are found at the level of the cricopharyngeus muscle.\n10. AP and lateral plain films showing a metallic foreign body in the upper esophagus. Most foreign bodies are found at the level of the cricopharyngeus muscle.\n11. AP and lateral plain films showing a metallic foreign body in the upper esophagus. Most foreign bodies are found at the level of the cricopharyngeus muscle.\n12. AP and lateral plain films showing a metallic foreign body in the upper esophagus. Most foreign bodies are found at the level of the cricopharyngeus muscle.\n13. AP and lateral plain films showing a metallic foreign body in the upper esophagus. Most foreign bodies are found at the level of the cricopharyngeus muscle.\n14. AP and lateral plain films showing a metallic foreign body in the upper esophagus. Most foreign bodies are found at the level of the cricopharyngeus muscle.\n15. AP and lateral plain films showing a metallic foreign body in the upper esophagus. Most foreign bodies are found at the level of the cricopharyngeus muscle.\n16. AP and lateral plain films showing a metallic foreign body in the upper esophagus. Most foreign bodies are found at the level of the cricopharyngeus muscle.\n17. AP and lateral plain films showing a metallic foreign body in the upper esophagus. Most foreign bodies are found at the level of the cricopharyngeus muscle.\n18. AP and lateral plain films showing a metallic foreign body in the up"
    },
    "49": {
      "summary": "1. Upright left posterior oblique spot image from double-contrast esophagography shows two wide-mouthed sacculations en face (black arrows) in upper and mid thoracic esophagus. Note how upper sacculation extends superiorly just above level of aortic arch (white arrow).\n2. Upright left posterior oblique spot image from double-contrast esophagography shows two wide-mouthed sacculations en face (black arrows) in upper and mid thoracic esophagus. Note how upper sacculation extends superiorly just above level of aortic arch (white arrow)."
    },
    "50": {
      "summary": "本页面提供关于Dysphagia的摘要，包括文本内容和视觉元素。摘要应包括对主要内容的详细描述、表格、图表和图像的描述，并确保清晰、连贯且组织有序，同时准确捕捉文本和视觉信息的关键细节。"
    },
    "51": {
      "summary": "1. Image showing anterior mediastinal mass in lateral view.\n2. Table showing the prevalence of certain medical conditions in different age groups.\n3. Figure illustrating the symptoms of a particular disease.\n4. Diagram explaining the process of a medical procedure.\n5. Chart comparing the effectiveness of different treatments for a specific condition.\n6. Illustration of a medical device or technology.\n7. Graph showing the correlation between two variables.\n8. Photo of a patient receiving treatment for a medical condition.\n9. Infographic summarizing the causes and effects of a medical condition.\n10. Diagram demonstrating the anatomy of a human organ system.\n11. Visual representation of a medical concept or theory.\n12. Illustration of a medical instrument or tool.\n13. Chart showing the progression of a disease over time.\n14. Diagram explaining the mechanism of a biological process.\n15. Infographic summarizing the benefits and risks of a medical treatment.\n16. Illustration of a medical procedure or surgery.\n17. Chart comparing the outcomes of different treatment options.\n18. Diagram explaining the function of a medical device.\n19. Visual representation of a medical concept or theory.\n20. Illustration of a medical instrument or tool.\n21. Chart showing the effectiveness of different treatments.\n22. Diagram explaining the mechanism of a biological process.\n23. Infographic summarizing the benefits and risks of a medical treatment.\n24. Illustration of a medical procedure or surgery.\n25. Chart comparing the outcomes of different treatment options.\n26. Diagram explaining the function of a medical device.\n27. Visual representation of a medical concept or theory.\n28. Illustration of a medical instrument or tool.\n29. Chart showing the effectiveness of different treatments.\n30. Diagram explaining the mechanism of a biological process.\n31. Infographic summarizing the benefits and risks of a medical treatment.\n32."
    },
    "52": {
      "summary": "1. Preferrably high viscosity with normal density barium is used.\n2. Classical finding in carcinoma -rat tail appearance."
    },
    "53": {
      "summary": "<summary> tags. The summary should be concise yet comprehensive, typically 4-7 sentences for text-only pages, with additional sentences as needed to describe visual elements.\n\nFor visual elements, please use these specific tags:\n- <table_summary> for descriptions of tables\n- <figure_summary> for descriptions of figures, charts, graphs, or diagrams\n- <image_summary> for descriptions of photos, illustrations, or other images\n\nExample structure:\n<summary>\n[Main text content summary here]\n\n<table><table>Barium swallow shows mild dilatation of the esophagus with irregular stenotic lesion in the lower end of the esophagus \"moth eaten appearance\"</table></summary>"
    },
    "54": {
      "summary": " This page appears to be discussing a medical condition called \"Hiatus Hernia,\" which involves high abdominal pressure requiring demonstration through Pt's strain, lying down, straightening legs, and manual compression of the abdomen. The pt stands upright, asks to bend downward with leg straight, and stomach should be distended to demonstrate the condition."
    },
    "55": {
      "summary": " HIATUS HERNIA\nBarium meal in Trendlenberg position\nDisplacement of the cardio-esophageal junction\nabove the esophageal hiatus\nPart of the stomach is present in the chest\nReflux of barium into the esophagus"
    },
    "56": {
      "error": "LLM query failed"
    },
    "57": {
      "summary": "1. Barium swallow showing dilatation of the esophageal body\n2. *With short segment stricture.\n3. *A \"bird-peak\" like tapering of the esophagus at the GE junction. OR\n4. *A Sigmoid \"Mega esophagus"
    },
    "58": {
      "summary": "1. Barium swallow shows irregular areas of narrowing and dilatation ----- \"Shish kebab\" \"corkscrew\" \"rosary bead\" esophagus The esophageal muscle is hypertrophied, but histologically normal"
    },
    "59": {
      "summary": "1. Spine: 1. Spine\n: 2. Spine: 2. Spine\n: 3. Spine: 3. Spine\n: 4. Spine: 4. Spine\n: 5. Spine: 5. Spine\n: 6. Spine: 6. Spine\n: 7. Spine: 7. Spine\n: 8. Spine: 8. Spine\n: 9. Spine: 9. Spine\n: 10. Spine: 10. Spine"
    },
    "60": {
      "summary": "1. Mild dilatation of the esophagus with multiple persistent filling defects in the lower third of the esophagus and/or longitudinal furrows."
    },
    "61": {
      "summary": "1. Congenital/Acquired\n2. Ideal contrast non ionic water soluble media\n3. Barium fluid like & pt lying laterally.\n4. In case fistula not identify laterally, put in prone.\n5. If fistula seen, stop procedure as barium aspiration result in inflammation and granuloma."
    },
    "62": {
      "summary": "1. A Ryle's tube is introduced to the level of mid esophagus & contrast is injected.\n2. The tube is withdrawn slowly.\n3. This will force the contrast thro' any small fistula.\n4. Both lat & prone views to be assessed."
    },
    "63": {
      "summary": "1. Carefully read and analyze the page content.\n2. Identify the main topics, key points, and important details presented on the page.\n3. Note any tables, figures, charts, diagrams, or images on the page and briefly describe their content and purpose.\n4. Create a structured summary that captures:\n   - The essential textual information from the page\n   - Descriptions of any visual elements (tables, figures, images, etc.)\n   - Any particularly notable or unique information"
    },
    "64": {
      "summary": "1. Esophageal A-ring due to muscular contraction at junction of tubular and vestibular esophagus. It varies during examination and may not persist.\n2."
    },
    "65": {
      "summary": " The esophageal B-ring is located at the squamous columnar junction, also termed the 'Z' line.\n• On the left a patient with a 'B' ring (arrows) several cm above diaphragm at the apex of sliding hiatus hernia.\nNote unchanged appearance on these two images."
    },
    "66": {
      "summary": "1. Siphon Test\n2. Fill the stomach with 50% barium(150-200ml)\n3. Follow this 1-2 mouthful of water to remove traces of barium in esophagus\n4. Pt in supine with left side raised 15% up\n5. Keep one mouthful of water in pt mouth\n6. Ask pt to swallow water-a jet of barium will shoot into water column as it enter GO junction\n7. Alternatively with full stomach,ask pt to roll side to side\n8. Reflux will be seen"
    },
    "67": {
      "summary": "1. **Reflux oesophagitis** with a deep ulcer (straight arrow). There is also asymmetric narrowing of the distal esophagus with a relatively abrupt cutoff (curved arrow) at the proximal border of the narrowed segment."
    },
    "68": {
      "summary": "1. The reticular mucosa is characteristic of Barrett's columnar metaplasia, especially with the associated web-like (arrow) structure.\n2. The image is a medical scan showing a section of the gastrointestinal tract with a highlighted area indicating abnormal tissue."
    },
    "69": {
      "summary": "1. The barium study shows numerous fine erosions and small plaques due to Candida albicans in immunocompromised patient.\n2."
    },
    "70": {
      "error": "LLM query failed"
    },
    "71": {
      "summary": "1. Barium in the esophagus exhibits the 'reverse 3 sign' outlining the medial site of the aortic indentation in the descending aorta\n2."
    },
    "72": {
      "summary": "1. A Zenker's diverticulum is a pulsion hypopharyngeal false diverticulum with only mucosa and submucosa protruding through triangular posterior wall weak site (Killian's dehiscence) between horizontal and oblique components of cricopharyngeal muscle.\n2. The esophagus shows collection with midline posterior origin just above cricopharyngeal protruding lateral, usually to left, and caudal with enlargement."
    },
    "73": {
      "summary": "1. KILLIAN JAMIESON\n2. DIVERTICULUM\n3. is a pulsion diverticulum, that protrudes through a lateral anatomic weak site of the cervical esophagus below the cricopharyngeus muscle.\n4. AP view shows diverticulum (arrow) originating laterally.\n5. Lateral view confirms diverticulum does not originate posteriorly as a Zenkers diverticulum would.\n6."
    },
    "74": {
      "summary": "1. An oblique view of the pharynx shows Zenker's diverticulum (Z) with its opening (short arrow) above the prominent cricopharyngeal (C). The Killian-Jamieson diverticulum (K) has its opening (long arrow) below the prominent cricopharyngeal."
    },
    "75": {
      "summary": "1. Leakage of barium from unsuspected perforation.\n2. Leakage of barium from unsuspected perforation."
    },
    "76": {
      "summary": "1. Aspiration\n2. Aspiration"
    },
    "77": {
      "summary": "1. Read the page carefully and identify the main topics and key points.\n2. Note any tables, figures, or images and describe their content and purpose.\n3. Create a structured summary that captures essential textual and visual information.\n4. Use the provided tags to categorize the summary's content.\n\nThe provided example uses the following tags:\n- <table_summary>: [Brief description of what the table shows]\n- <figure_summary>: [Brief description of what the figure depicts]\n- <image_summary>: [Brief description of what the image contains]\n\nThe summary provides a concise overview of the page's content, focusing on the main topics, key points, and important details, while also including relevant tables, figures, and images."
    }
  }
}
