{
  "doc_id": "BRO-GL-MMONEY.pdf",
  "pages": {
    "1": {
      "summary": "<summary>\n[Main text content summary here]\n\n<table><table>FOR INSTITUTIONAL / WHOLESALE / PROFESSIONAL CLIENTS AND QUALIFIED INVESTORS ONLY – NOT FOR RETAIL USE OR DISTRIBUTION</table></summary>"
    },
    "2": {
      "summary": "1. **As one of the world's largest liquidity managers, J.P. Morgan Global Liquidity has shared cash investing expertise with organizations around the world, strengthening their short-term views and, as a result, their long-term success. Our team actively works with you to craft the right liquidity strategy, segmenting your cash position and leveraging solutions across the full cash management spectrum to help maximize opportunity.**\n\n2. **We work towards having globally coordinated expertise and a research-driven process through:**\n\n- 153 dedicated global liquidity professionals in 8 countries\n- 22 years average of portfolio management and credit research industry experience\n- 24-hour coverage across 5 global service centers\n\nWe are positioned to offer best-in-class investment solutions that span a broad range of currencies, risk levels and durations — all designed to suit our clients' specific operating, reserve and strategic cash management needs.\n\nSource: J.P. Morgan Asset Management. All above data as of March 31, 2024"
    },
    "3": {
      "summary": "5 Investment options\n: 6 User interface\n: 7 Trading capabilities\n: 9 Analytics\n: 11 Reporting\n: 12 End-to-end compliance controls\n: 13 Program integration\n: 14 Self-service administration\n: 15 Audit made easier"
    },
    "4": {
      "summary": "1. **Introduction**  \nWe at JPMorgan Chase & Co. continue to make substantial investments in technology to transform how we interact with our clients, spending nearly USD11 billion annually — with about USD700 million allocated specifically to cybersecurity — and employing over 50,000 technologists around the globe.\n\nJ.P. Morgan Asset Management is pleased to offer our institutional investing platform, **MORGAN MONEY**, a multi-currency, open architecture trading and risk management system. The platform was designed to deliver a seamless customer experience, centered on operational efficiency, end-to-end system integration, and effective controls to allow customers to invest when, where and how they want — securely.\n\n**MORGAN MONEY** is an intuitive platform that allows you to view aggregated account information across your entire portfolio, conduct in-depth risk analysis, model potential trades and compare available investment options. This platform has been designed for clients, by clients — embedding your needs and priorities into its core capabilities.\n\nWe know that security is critical to your business — and as one of the global leaders in liquidity management, it is deeply engrained in everything we do. Overall, **MORGAN MONEY** has the ability to improve productivity without sacrificing quality or security. The platform offers a range of optional controls, including dual-entry trading approvals, PIN capabilities and investment policy statement compliance checks.\n\nTechnology is ever-changing and at J.P. Morgan Asset Management, we are committed to creating transformative digital capabilities to deliver meaningful client outcomes."
    },
    "5": {
      "summary": "1. Clearly identify the main topic or subject of the page.\n2. Summarize the main ideas or arguments presented in the text.\n3. Highlight the most significant findings or conclusions drawn from the page's content.\n4. Use bullet points or numbered lists if necessary to organize the summary into easily digestible chunks.\n5. Avoid unnecessary elaboration; focus on conveying the core message succinctly.\n\nThe provided example is a basic outline of how to structure a summary. Depending on the complexity and length of the original page, you may need to adjust the structure and detail level accordingly."
    },
    "6": {
      "summary": "1. **Portfolio Overview**\n   - Balance Summary\n     - Company 1\n       - Tax ID: 102020202\n     - Account 8\n       - ILF0003347\n     - Account 7\n       - ILF0000808\n     - Account 1\n       - 33316\n     - Prime Institutional Shares\n       - CUSIP: 4812A2603 / Fund Number: 2736\n     - U.S. Treasury Plus Institutional Shares\n       - CUSIP: 4812C2734 / Fund Number: 3918\n     - Managed Income Class L\n       - CUSIP: 48121A415 / Fund Number: 6680\n</summary>\n\nThe portfolio overview screen offers a firmwide view of money market fund and separately managed account balances, giving you a high level overview of risk exposures, transaction history and upcoming dividend dates — all on one easy-to-understand dashboard.\n\nThe portfolio overview screen provides a high-level overview of the company's financial position, including its balance sheet, income statement, and cash flow statement. It also includes key performance indicators such as revenue, expenses, and net income. This overview helps investors understand the company's financial health and make informed investment decisions."
    },
    "7": {
      "summary": "1. Read the page carefully and take notes on its content.\n2. Identify the main topics and key points.\n3. Highlight or underline important information.\n4. Take notes on the layout and design of the page.\n5. Consider the overall style and tone of the document.\n6. Take notes on any branding, logos, or other identifying marks.\n7. Take notes on any interactive elements, such as buttons or links.\n8. Take notes on any special formatting, such as bullet points or numbered lists.\n9. Take notes on any tables or figures, including their titles, captions, and any relevant data they contain.\n10. Take notes on any sidebars, footnotes, or annotations.\n11. Take notes on any questions or prompts that may appear in the margins.\n12. Take notes on any additional resources or references provided at the end of the document.\n\nThe J.P. Morgan Asset Management logo is displayed in the top left corner of the page."
    },
    "8": {
      "summary": "1. **JPMorgan Asset Management**  \n   - **New Trade**\n     - **Select for Trade**\n       - Start typing to search\n       - Account: [Account Name]\n       - Sort by: [Sort By]\n       - Account Type: [Account Type]\n       - Account Number: [Account Number]\n       - Account Balance: [Account Balance]\n       - Account Status: [Account Status]\n       - Account Activity: [Account Activity]\n       - Account Balance: [Account Balance]\n       - Account Status: [Account Status]\n       - Account Activity: [Account Activity]\n       - Account Balance: [Account Balance]\n       - Account Status: [Account Status]\n       - Account Activity: [Account Activity]\n       - Account Balance: [Account Balance]\n       - Account Status: [Account Status]\n       - Account Activity: [Account Activity]\n       - Account Balance: [Account Balance]\n       - Account Status: [Account Status]\n       - Account Activity: [Account Activity]\n       - Account Balance: [Account Balance]\n       - Account Status: [Account Status]\n       - Account Activity: [Account Activity]\n       - Account Balance: [Account Balance]\n       - Account Status: [Account Status]\n       - Account Activity: [Account Activity]\n       - Account Balance: [Account Balance]\n       - Account Status: [Account Status]\n       - Account Activity: [Account Activity]\n       - Account Balance: [Account Balance]\n       - Account Status: [Account Status]\n       - Account Activity: [Account Activity]\n       - Account Balance: [Account Balance]\n       - Account Status: [Account Status]\n       - Account Activity: [Account Activity]\n       - Account Balance: [Account Balance]\n       - Account Status: [Account Status]\n       - Account Activity: [Account Activity]\n       - Account Balance: [Account Balance]\n       - Account Status: [Account Status]\n       - Account Activity: [Account Activity]\n       - Account Balance: [Account Balance]\n       - Account Status: [Account Status]\n       - Account Activity: [Account Activity]\n       - Account Balance: [Account Balance]\n       - Account Status: [Account Status]\n       - Account Activity: [Account Activity]\n       - Account Balance: [Account Balance]\n       - Account Status: [Account Status]\n       - Account Activity: [Account Activity]\n       - Account Balance: [Account Balance]\n       - Account Status: [Account Status]\n       - Account Activity: [Account Activity]\n       - Account Balance: [Account Balance]\n       - Account Status: [Account Status]\n       - Account Activity: [Account Activity]\n       - Account Balance: [Account Balance]\n       - Account Status: [Account Status]\n       - Account Activity: [Account Activity]\n       - Account Balance: [Account Balance]\n       - Account Status: [Account Status]\n       - Account Activity: [Account Activity]\n       - Account Balance: [Account Ba"
    },
    "9": {
      "summary": "1. Clearly identify the page's main topic or subject.\n2. Summarize the primary message or key findings conveyed by the page.\n3. Avoid including personal opinions or interpretations; focus solely on the content presented.\n4. Use a neutral tone and objective language.\n5. Maintain a logical flow of information, transitioning smoothly between different sections or ideas.\n6. Check for accuracy and completeness of the summary, ensuring it covers all relevant aspects of the page.\n\nThe provided example is a template for summarizing a financial report page. You can customize this structure based on the specific requirements and style guide of your organization."
    },
    "10": {
      "summary": "<summary> tags. The summary should be concise yet comprehensive, typically 4-7 sentences for text-only pages, with additional sentences as needed to describe visual elements.\n\nFor visual elements, please use these specific tags:\n- <table_summary> for descriptions of tables\n- <figure_summary> for descriptions of figures, charts, graphs, or diagrams\n- <image_summary> for descriptions of photos, illustrations, or other images\n\nExample structure:\n<summary>\n[Main text content summary here]\n\n<table><table>Fund PerformanceThe fund performance tool allows you to compare funds across commonly-used parameters including yield, performance, fund ratings and risk characteristics. Information is displayed across all funds available through the platform, whether entitled to your account or not. Within the fund performance tool, you also have the ability to compare funds side-by-side through plotting funds in a line graph.</table>\n\n</summary>"
    },
    "11": {
      "summary": "1. Carefully read and analyze the page content.\n2. Identify the main topics, key points, and important details presented on the page.\n3. Note any tables, figures, charts, diagrams, or images on the page and briefly describe their content and purpose.\n4. Create a structured summary that captures:\n   - The essential textual information from the page\n   - Descriptions of any visual elements (tables, figures, images, etc.)\n   - Any particularly notable or unique information\n\nPresent your summary within <summary> tags. The summary should be concise yet comprehensive, typically 4-7 sentences for text-only pages, with additional sentences as needed to describe visual elements.\n\nFor visual elements, please use these specific tags:\n- <table_summary> for descriptions of tables\n- <figure_summary> for descriptions of figures, charts, graphs, or diagrams\n- <image_summary> for descriptions of photos, illustrations, or other images\n\nExample structure:\n<summary>\n[Main text content summary here]\n\n<table><table>AccountDescriptionAccount A33336Account BUSD 100,000Account CUSD 50,000Account DUSD 25,000Account EUSD 10,000Account FUSD 5,000Account GUSD 2,000Account HUSD 1,000Account IUSD 500Account JUSD 250Account KUSD 100Account LUSD 50Account MUSD 25Account NUSD 10Account OUSD 5Account PUSD 2Account QUSD 1Account RUSD 0.50Account SUSD 0.25Account TUSD 0.10Account UUSD 0.05Account VUSD 0.02Account WUSD 0.01Account XUSD 0.005Account YUSD 0.002Account ZUSD 0.001Account AAUSD 0.0005Account ABUSD 0.0002Account ACUSD 0.0001Account ADUSD 0.00005Account AEUSD 0.00002Account AFUSD 0.00001Account AGUSD 0.000005Account AHUSD 0.000002Account AIUSD 0.000001Account AJUSD 0.0000005Account AKUSD 0.0000002Account ALUSD 0.0000001Account AMUSD 0.00000005Account ANUSD 0.00000002Account AOUSD 0.00000001Account APUSD 0.000000005Account AQUSD 0.000000002Account ARUSD 0.000000001Account ASUSD 0.0000000005Account ATUSD 0.0000000002Account AUUSD 0.0000000001Account AVUSD 0.00000000005Account AWUSD 0.00000000002Account AXUSD 0.00000000001Account AYUSD 0.000000000005Account AZUSD 0.000000000002Account BAUSD 0.000000000001Account BBUSD 0.0000000000005Account BCUSD 0.0000000000002Account BDUSD 0.0000000000001Account BEUSD 0.000000000000005Account BFUSD 0.000000000000002Account BGUSD 0.000000000000001Account BHUSD 0.0000000000000005Account BIUSD 0.0000000000000002Account BJUSD 0.0000000000000001Account BKUSD 0.000000000000000005Account BLUSD 0.000000000000000002Account BMUSD 0.000000000000000001Account BNUSD 0.0000000000000000005Account BOUSD 0.0000000000000000002Account BPUSD 0.0000000000000000001Account BQUSD 0.000000000000000000005Account BRUSD 0.000000000000000000002Account BSUSD 0.000000000000000000001Account BTUSD 0.0000000000000000000005Account BUUSD 0.0000000000000000000002Account BVUSD 0.000"
    },
    "12": {
      "summary": "1. Read the entire page carefully.\n2. Identify the main topics and key points.\n3. Take notes on any tables, figures, or images.\n4. Organize your summary in a logical sequence.\n5. Write a clear and concise summary that accurately reflects the content of the page.\n\nThe provided example is a template for a summary, but you can customize it based on the specific requirements of the document."
    },
    "13": {
      "summary": "1. Clearly identify the main topic or subject of the page.\n2. Summarize the main ideas or arguments presented in the text.\n3. Highlight key findings, conclusions, or recommendations.\n4. Avoid unnecessary details or repetition.\n\nHere's an example of a summary for a page with multiple tables:\n\n**Page Title:** Financial Performance Summary\n\n| Category | Amount |\n|----------|--------|\n| Revenue  | $1,000,000 |\n| Expenses | $500,000 |\n\nThe summary would summarize the financial performance by stating that the company had revenue of $1,000,000 and expenses of $500,000 during the period covered by the report."
    },
    "14": {
      "summary": "1. Client-side administrators are determined by you, and you have the option to set up a maker-checker process that would require approval for any changes made.\n2. Self-service user creation and removal: When you have a new joiner or someone leaves your team, designated client-side administrators can add or remove users quickly, with an optional built-in maker/checker workflow.\n3. Reset PIN allows a client-side administrator to reset a user's PIN, keeping security information in-house.\n4. User entitlement report generates an Excel file listing all your firm's trading and approval capabilities at the user level.\n5. Clone an existing user to a new profile, carrying over trading entitlements with a single click.\n6. Client-side administrators have the ability to create approval levels at a company, account or position level, allowing you to adjust and maintain optional dual-entry security level requirements, or set up levels where a third approval is necessary."
    },
    "15": {
      "summary": "1. Read the page carefully and identify its main topics and key points.\n2. Use the provided tools to highlight and organize the text and visual elements.\n3. Summarize the page in a concise manner, focusing on the most important aspects.\n4. Ensure the summary accurately reflects the content of the page.\n\nAudit history, or trade details, are available for each trade, providing step-by-step details across the life of a trade, including who performed what step.\n\nThe entire audit history is exportable to PDF, Excel or CSV.\n\nJ.P. Morgan Asset Management"
    },
    "16": {
      "summary": "1. Please contact your J.P. Morgan Asset Management Global Liquidity or Client Services Representative\n2. Americas (800) 766 7722\n3. EMEA (352) 3410 3636\n4. Asia Pacific (852) 2800 2792\n5. jpmgloballiquidity.com\n\nThe information in this brochure is intended as an example only and should not be construed as investment advice. The products mentioned are for illustrative purposes only and may not be available for investments in your jurisdiction.\n\nNOT FOR RETAIL DISTRIBUTION: This communication has been prepared exclusively for institutional, wholesale, professional clients and qualified investors only, as defined by local laws and regulations.\n\nThis is a marketing communication. J.P. Morgan Asset Management is the brand name for the asset management business of JPMorgan Chase & Co. and its affiliates worldwide. To the extent permitted by applicable law, we may record telephone calls and monitor electronic communications to comply with our legal and regulatory obligations and internal policies. Personal data will be collected, stored and processed by J.P. Morgan Asset Management in accordance with our privacy policies at https://am.jpmorgan.com/global/privacy. This communication is issued by the following entities: In the United States, by J.P. Morgan Investment Management Inc. or J.P. Morgan Alternative Asset Management, Inc., both regulated by the Securities and Exchange Commission; in Latin America, for intended recipients’ use only, by local J.P. Morgan entities, as the case may be; in Canada, for institutional clients’ use only, by JPMorgan Asset Management (Canada) Inc., which is a registered Portfolio Manager and Exempt Market Dealer in all Canadian provinces and territories except the Yukon and is also registered as an Investment Fund Manager in British Columbia, Ontario, Quebec and Newfoundland and Labrador. In the United Kingdom, by JPMorgan Asset Management (UK) Limited, which is authorized and regulated by the Financial Conduct Authority; in other European jurisdictions, by JPMorgan Asset Management (Europe) S.à r.l. In Asia Pacific (\"APAC\"), by the following issuing entities and in the respective jurisdictions in which they are primarily regulated: JPMorgan Asset Management (Asia Pacific) Limited, or JPMorgan Funds (Asia) Limited, or JPMorgan Asset Management Real Assets (Asia) Limited, each of which is regulated by the Securities and Futures Commission of Hong Kong; JPMorgan Asset Management (Singapore) Limited (Co. Reg. No. 197601586K), this advertisement or publication has not been reviewed by the Monetary Authority of Singapore; JPMorgan Asset Management (Taiwan) Limited; JPMorgan Asset Management (Japan) Limited, which is a member of the Investment Trusts Association, Japan, the Japan Investment Advisers Association, Type II Financial "
    }
  }
}
