{
  "doc_id": "c31e6580d0175ab3f9d99d1ff0bfa000.pdf",
  "pages": {
    "1": {
      "summary": "1. Carefully read and analyze the page content.\n2. Identify the main topics, key points, and important details presented on the page.\n3. Note any tables, figures, charts, diagrams, or images on the page and briefly describe their content and purpose.\n4. Create a structured summary that captures:\n   - The essential textual information from the page\n   - Descriptions of any visual elements (tables, figures, images, etc.)\n   - Any particularly notable or unique information"
    },
    "2": {
      "summary": "1. Read the page carefully and identify the main topics and key points.\n2. Identify the visual elements and provide a brief description of each.\n3. Use the provided tags to structure your summary effectively.\n4. Ensure your summary is concise and captures the main content of the page."
    },
    "3": {
      "summary": "1. What kinds of HIT systems are there?\n2. What major trends are emerging?\n3. What are the benefits to adoption?\n4. What are the barriers to adoption?\n5. What is the current state of adoption?\n6. How can you learn more?"
    },
    "4": {
      "summary": "1. Patient registration/ demographics\n2. Insurance validation\n3. Billing systems\n4. Appointment systems\n5. Computerized Physician Order Entry (CPOE)\n6. EMR/EHR/CPR\n7. Pharmacy systems\n8. Lab systems\n9. Imaging systems\n10. Telemedicine\n11. Patient education\n12. Decision Support\n13. Library resources\n14. Sensors"
    },
    "5": {
      "summary": "1. Medical errors account for more deaths than breast cancer, AIDS and motorcycle accidents.\n2. US has highest HC costs per capita in world\n3. US has worst outcomes of industrialized nations. (infant mortality, lifespan, etc.)\n4. Healthcare is 10-15 yrs behind business in adoption of IT"
    },
    "6": {
      "summary": "1. Microsoft Office OneNote 2003\n2. Windows Journal\n3. Microsoft Educational Pack for Tablet PC\n4. Microsoft Experience Pack for Tablet PC\n5. Sticky Notes\n6. Snipping Tool"
    },
    "7": {
      "summary": "10/05/2000 14:10\nSubject: \n10/06/00 1115 Called pt., Left message for patient to call back. On answering machine (mkr).\nObjective\nAssessment\nPhone call: Lab is excellent.\nPlan\nContinue the same.\nMedications\nContinue the same.\nFollow Up\nComplete Physical (Wellness exam) due. Please schedule an EXTENDED visit and bring in all medications (prescription and otherwise).\nRandall Oates, M.D.\n\nVisits on the Internet at www.docs.com."
    },
    "8": {
      "summary": "17th Annual HIMSS Leadership Survey Sponsored by ACS HealthCare Solutions\nSource: Figure 9"
    },
    "9": {
      "summary": "2006 vs. 2005 Results\nSource: 17th Annual HIMSS Leadership Survey Sponsored by ACS HealthCare Solutions"
    },
    "10": {
      "summary": "2006 vs. 2005 Results\nSource: 17th Annual HIMSS Leadership Survey Sponsored by ACS HealthCare Solutions"
    },
    "11": {
      "summary": "2006 vs. 2005 Results\nFigure 12\n\nSource: 17th Annual HIMSS Leadership Survey Sponsored by ACS HealthCare Solutions"
    },
    "12": {
      "summary": "2006 vs. 2005 Results\nSource: 17th Annual HIMSS Leadership Survey Sponsored by ACS HealthCare Solutions"
    },
    "13": {
      "summary": "17th Annual HIMSS Leadership Survey Sponsored by ACS HealthCare Solutions\nSource: Figure 15"
    },
    "14": {
      "summary": "100%"
    },
    "15": {
      "summary": "2006 vs. 2005 Results\nSource: 17th Annual HIMSS Leadership Survey Sponsored by ACS HealthCare Solutions"
    },
    "16": {
      "summary": "2006 vs. 2005 Results\nSource: 17th Annual HIMSS Leadership Survey Sponsored by ACS HealthCare Solutions"
    },
    "17": {
      "summary": "17th Annual HIMSS Leadership Survey Sponsored by ACS HealthCare Solutions"
    },
    "18": {
      "summary": "17th Annual HIMSS Leadership Survey Sponsored by ACS HealthCare Solutions"
    },
    "19": {
      "summary": "1. Read the page carefully.\n2. Identify the main topics and key points.\n3. Note any tables, figures, or images.\n4. Summarize the page in a concise manner using the provided structure.\n\nThe goal is to provide a clear and accurate representation of the page's content, focusing on its main ideas and visual elements."
    },
    "20": {
      "summary": "1. Carefully read and analyze the page content.\n2. Identify the main topics, key points, and important details presented on the page.\n3. Note any tables, figures, charts, diagrams, or images on the page and briefly describe their content and purpose.\n4. Create a structured summary that captures:\n   - The essential textual information from the page\n   - Descriptions of any visual elements (tables, figures, images, etc.)\n   - Any particularly notable or unique information\n\nPresent your summary within <summary> tags. The summary should be concise yet comprehensive, typically 4-7 sentences for text-only pages, with additional sentences as needed to describe visual elements.\n\nFor visual elements, please use these specific tags:\n- <table_summary> for descriptions of tables\n- <figure_summary> for descriptions of figures, charts, graphs, or diagrams\n- <image_summary> for descriptions of photos, illustrations, or other images\n\nExample structure:\n<summary>\n[Main text content summary here]\n\n<table><table>Ambulatory center (e.g., imaging centers)PhysicianAmbulatoryPublic healthNetwork applicationsData repositoryHealth Information ExchangePayerHospitalLaboratoryPharmacyPaysersRS</table></table>"
    }
  }
}
