{
  "doc_id": "camry_ebrochure.pdf",
  "pages": {
    "1": {
      "summary": "2024 Camry"
    },
    "2": {
      "summary": "2024 CAMRY\nTeach your old commute new tricks.\nThe 2024 Toyota Camry keeps the convenience of a midsize sedan and delivers a drive that amplifies the fun. With you in mind, Camry comes in a wide range of models, so there’s a perfect match for you. Whether giving your adventures a confidence boost with available All-Wheel Drive (AWD) capability or taking your daily commutes as far as they can with hybrid efficiency, there’s a Camry fit for your lifestyle.\nSE Hybrid Nightshade shown in Reservoir Blue.\nSE Hybrid Nightshade shown in Reservoir Blue.\nWorks with Apple CarPlay\nworks with Androidauto\nSiri with ToyotaCare"
    },
    "3": {
      "summary": "1. **More than capable.** By taking advantage of the light and strong Toyota New Global Architecture (TNGA) platform, Camry is engineered for optimized handling and ride quality. And with a low, wide stance, Camry delivers a crisp and responsive feel. Indulge your sporty side and take the long way home.\n\n: 2. **Impressive 4-cylinder and V6 engines** Camry offers a compelling choice of gasoline engines: a proficient 2.5-liter Dynamic Force 4-cylinder and a robust 3.5-liter V6, each delivering a quality blend of performance and efficiency.\n\n: 3. **Hybrid performance** Get the best of both worlds. Camry Hybrid's Dynamic Force 4-cylinder engine, along with a proven electric motor and smooth-shifting transmission, produces ample torque and has a manufacturer-estimated rating of 46 mpg combined. And with available 19-in. wheels, Camry Hybrid proves it doesn't sacrifice style.\n\n: 4. **All-Wheel Drive** Available All-Wheel Drive (AWD) performance gives you peace of mind, no matter the forecast. When sensing slippage at the front wheels, Camry AWD can send up to 50% of the torque to the rear wheels for more grip in gravel, rain or snow.\n\n: 5. **XSE Hybrid drive** XSE Hybrid shown in Celestial Silver Metallic with Midnight Black Metallic roof (extra-cost color) with available Driver Assist Package.\n\n: 6. **XSE Hybrid drive** XSE Hybrid shown in Celestial Silver Metallic with Midnight Black Metallic roof (extra-cost color).\n\n: 7. **XSE Hybrid drive** XSE AWD shown in Supersonic Red with Midnight Black Metallic roof (extra-cost color)."
    },
    "4": {
      "summary": " TRD shown in Wind Chill Pearl with Midnight Black Metallic roof (extra-cost color).\n\n---\n\n**TRD 19-in. alloy wheels with red-painted calipers**\n\nMatte-black alloy wheels on TRD not only look good, but also reduce weight and enhance steering responsiveness. Large 12.9-in.-diameter front rotors and red-painted dual-piston front calipers are designed to give impressive stopping power on every twist and turn.\n\n---\n\n**Not your average four-door.**\n\nWe've turned our Toyota Racing Development (TRD) engineers loose on Camry, improving handling, performance and styling. Aerodynamic elements, from the front splitter and the side aero skirts to the rear diffuser and spoiler, boost Camry TRD's bold impression and help enhance high-speed stability.\n\n---\n\n**TRD purposeful stance**\n\nTRD-tuned shocks help enhance body control, handling agility and steering precision. Thicker underbody braces increase torsional rigidity, and unique coil springs not only drop the vehicle .60 inches for a lower center of gravity, but also enhance the aero kit's downforce and aggressive look.\n\n---\n\n**TRD cat-back dual exhaust**\n\nHit the gas and enjoy the sound of TRD’s standard 301-hp 3.5L V6. The cat-back dual exhaust releases a throatier sound with every press of the pedal. Polished stainless steel TRD exhaust tips punctuate its athletic look."
    },
    "5": {
      "summary": "1. Camry's powerful stance and available black front grille with sport mesh insert announce your arrival with authority.\n2. At night, you'll immediately notice Camry XLE and XSE's LED headlights and fully integrated LED Daytime Running Lights (DRL) that add an illuminating touch.\n\nCamry SE Nightshade\nShow off Camry’s dark side with Camry SE Nightshade. Available in both gas and hybrid powertrains, this Special Edition is designed to be evocative. From unique 19-in. TRD matte bronze-finished alloy wheels to its Midnight Black Metallic, Ice Cap or Reservoir Blue exterior colors, get ready to impress.\n\nSeat details\nA sedan that speaks to your sense of style. Such finely crafted details, like the herringbone seat pattern featured on XLE, ensure Camry will leave a lasting impression.\n\nFloating touchscreen display\nWith Camry’s perfectly placed steering wheel controls, everything you want is right at your fingertips. The floating display with an available 9-in. multimedia touchscreen offers Apple CarPlay®2 and Android Auto™3 compatibility with applicable smartphone devices."
    },
    "6": {
      "summary": "4G network dependent.\n\n---\n\n### Toyota app\n\nWith active applicable Connected Services¹ subscriptions, the Toyota app² allows you to stay connected to your Camry wherever you go. Available for Apple®⁵ and Android™⁷ devices.\n\n- Remote Vehicle Start³ (if equipped) and Lock/Unlock Doors\n- Check Up on Your Toyota’s Health\n- Schedule a Service Appointment\n- Shop for Genuine Toyota Parts and Accessories\n- Make a Payment With Your TFS Account\n\n---\n\n### Safety Connect®\n\nRound-the-clock help when the unexpected happens.⁹\n\n- Emergency Assistance Button (SOS)\n- Enhanced Roadside Assistance¹⁰\n- Automatic Collision Notification\n- Stolen Vehicle Locator¹¹\n\n---\n\n### Service Connect\n\nBeing proactive to help keep your vehicle in peak condition.¹²\n\n- Vehicle Health Report\n- Vehicle Maintenance Alert\n- Maintenance Reminder\n\n---\n\n### Wi-Fi Connect\n\nTurn your Toyota into a hotspot with 4G connectivity.¹³\n\n- AT&T Hotspot\n\n---\n\n### Dynamic Navigation\n\nAvailable Dynamic Navigation¹⁴ provides you with the most up-to-date map data, routes and points of interest (POIs) on your vehicle's factory-installed navigation system, through real-time updates downloaded from the Cloud.\n\n- Dynamic Map\n- Dynamic Route\n- Dynamic POI\n\n---\n\n### Destination Assist\n\nAvailable Destination Assist¹⁵ provides drivers 24-hour access to a live agent who can provide directions through the vehicle's factory-installed navigation system to an address or point of interest.\n\n---\n\n### Available Remote Connect\n\nManage your vehicle through the Toyota app.⁵,⁸\n\n- Remote Vehicle Start (if equipped)\n- Unlock/Lock\n- Remote Notifications\n- Guest Driver\n- Smartwatch Compatibility\n\n---\n\n*To view included trial details, please visit toyota.com/connected-services.*"
    },
    "7": {
      "summary": "1. Carefully read and analyze the page content.\n2. Identify the main topics, key points, and important details presented on the page.\n3. Note any tables, figures, charts, diagrams, or images on the page and briefly describe their content and purpose.\n4. Create a structured summary that captures:\n   - The essential textual information from the page\n   - Descriptions of any visual elements (tables, figures, images, etc.)\n   - Any particularly notable or unique information\n\nPresent your summary within <summary> tags. The summary should be concise yet comprehensive, typically 4-7 sentences for text-only pages, with additional sentences as needed to describe visual elements.\n\nFor visual elements, please use these specific tags:\n- <table_summary> for descriptions of tables\n- <figure_summary> for descriptions of figures, charts, graphs, or diagrams\n- <image_summary> for descriptions of photos, illustrations, or other images\n\nExample structure:\n<summary>\n[Main text content summary here]\n\n<table><table>Home12:3474°SEXMENUMapsYT MusicPodcastsALDOMAPEXITCalendarNewsWazeJBLSiriXM®iPhoneAppsTAKESCHOOL</table></table>\n\nXSE Hybrid interior shown in Black leather trim. Screen depiction accurate at time of posting.\n\n---\n\n**Apple CarPlay®**\n\nBring along a familiar face. With Camry’s Apple CarPlay® compatibility, you can use your compatible iPhone® with the multimedia system to get directions, make calls, send and receive messages and listen to music, all while staying focused behind the wheel.\n\n**Android Auto™**\n\nStay connected on the road. By connecting your compatible Android™ phone with the audio multimedia system, Android AutoTM lets you access your Google Assistant, get real-time traffic alerts, make and receive phone calls, listen to your favorite soundtrack and more.\n\n---\n\n**(SiriusXM®)**\n\nSiriusXM® Platinum Plan 3-month trial\n\nSiriusXM® Premium Audio System\n\nImmersive yourself in quality sound with Camry’s available JBL® Premium Audio system. A 9-speaker, 800-watt audio system, equipped with a subwoofer and amplifier, it provides phenomenal sound that amplifies every drive.\n\n---\n\nFeature availability may vary by model grade. See numbered footnotes in Disclosures section."
    },
    "8": {
      "summary": "2.5+ (TSS 2.5+)  \nPeace of mind comes standard.\n\nToyota Safety Sense™ 2.5+ (TSS 2.5+) is an advanced bundle of active safety features included on many new Toyota vehicles at no additional cost. These innovative features were designed to help protect you and your passengers from harm.\n\nPre-Collision System with Pedestrian Detection²³\n\nDynamic Radar Cruise Control²⁴\n\nLane Departure Alert with Steering Assist²⁵\n\nAutomatic High Beams²⁶\n\nLane Tracing Assist²⁷\n\nRoad Sign Assist²⁸"
    },
    "9": {
      "summary": "1. Carefully read and analyze the page content.\n2. Identify the main topics, key points, and important details presented on the page.\n3. Note any tables, figures, charts, diagrams, or images on the page and briefly describe their content and purpose.\n4. Create a structured summary that captures:\n   - The essential textual information from the page\n   - Descriptions of any visual elements (tables, figures, images, etc.)\n   - Any particularly notable or unique information\n\nPresent your summary within <summary> tags. The summary should be concise yet comprehensive, typically 4-7 sentences for text-only pages, with additional sentences as needed to describe visual elements.\n\nFor visual elements, please use these specific tags:\n- <table_summary> for descriptions of tables\n- <figure_summary> for descriptions of figures, charts, graphs, or diagrams\n- <image_summary> for descriptions of photos, illustrations, or other images\n\nExample structure:\n<summary>\n[Main text content summary here]\n\n<table><table>Table 1: [Brief description of what the table shows]"
    },
    "10": {
      "summary": "1. Carefully read and analyze the page content.\n2. Identify the main topics, key points, and important details presented on the page.\n3. Note any tables, figures, charts, diagrams, or images on the page and briefly describe their content and purpose.\n4. Create a structured summary that captures:\n   - The essential textual information from the page\n   - Descriptions of any visual elements (tables, figures, images, etc.)\n   - Any particularly notable or unique information\n\nPresent your summary within <summary> tags. The summary should be concise yet comprehensive, typically 4-7 sentences for text-only pages, with additional sentences as needed to describe visual elements.\n\nFor visual elements, please use these specific tags:\n- <table_summary> for descriptions of tables\n- <figure_summary> for descriptions of figures, charts, graphs, or diagrams\n- <image_summary> for descriptions of photos, illustrations, or other images\n\nExample structure:\n<summary>\n[Main text content summary here]\n\n<table><table>Table 1: [Brief description of what the table shows]"
    },
    "11": {
      "summary": "<summary> tags. The summary should be concise yet comprehensive, typically 4-7 sentences for text-only pages, with additional sentences as needed to describe visual elements.\n\nFor visual elements, please use these specific tags:\n- <table_summary> for descriptions of tables\n- <figure_summary> for descriptions of figures, charts, graphs, or diagrams\n- <image_summary> for descriptions of photos, illustrations, or other images\n\nExample structure:\n<summary>\n[Main text content summary here]\n\n<table><table>Table 1: [Brief description of what the table shows]</table>\n\n<figure_summary>Figure 2: [Brief description of what the figure depicts]</figure_summary>\n\n<image_summary>[Brief description of image content]</summary>"
    },
    "12": {
      "summary": "1. Carefully read and analyze the page content.\n2. Identify the main topics, key points, and important details presented on the page.\n3. Note any tables, figures, charts, diagrams, or images on the page and briefly describe their content and purpose.\n4. Create a structured summary that captures:\n   - The essential textual information from the page\n   - Descriptions of any visual elements (tables, figures, images, etc.)\n   - Any particularly notable or unique information\n\nPresent your summary within <summary> tags. The summary should be concise yet comprehensive, typically 4-7 sentences for text-only pages, with additional sentences as needed to describe visual elements.\n\nFor visual elements, please use these specific tags:\n- <table_summary> for descriptions of tables\n- <figure_summary> for descriptions of figures, charts, graphs, or diagrams\n- <image_summary> for descriptions of photos, illustrations, or other images\n\nExample structure:\n<summary>\n[Main text content summary here]\n\n<table><table>Table 1: [Brief description of what the table shows]</table>\n\n<figure_summary>Figure 2: [Brief description of what the figure depicts]</figure_summary>\n\n<image_summary>[Brief description of image content]</image_summary>\n\nEnsure your summary is clear, coherent, and well-organized, capturing the essence of both textual and visual information on the page without omitting critical details.\n\n: 1. Carefully read and analyze the page content.\n2. Identify the main topics, key points, and important details presented on the page.\n3. Note any tables, figures, charts, diagrams, or images on the page and briefly describe their content and purpose.\n4. Create a structured summary that captures:\n   - The essential textual information from the page\n   - Descriptions of any visual elements (tables, figures, images, etc.)\n   - Any particularly notable or unique information\n\nPresent your summary within <summary> tags. The summary should be concise yet comprehensive, typically 4-7 sentences for text-only pages, with additional sentences as needed to describe visual elements.\n\nFor visual elements, please use these specific tags:\n- <table_summary> for descriptions of tables\n- <figure_summary> for descriptions of figures, charts, graphs, or diagrams\n- <image_summary> for descriptions of photos, illustrations, or other images\n\nExample structure:\n<summary>\n[Main text content summary here]\n\n<table><table>Table 1: [Brief description of what the table shows]</table>\n\n<figure_summary>Figure 2: [Brief description of what the figure depicts]</figure_summary>\n\n<image_summary>[Brief description of image content]</image_summary>\n\nEnsure your summary is clear, coherent, and well-organized, capturing the essence of both textual and visual information on the page without omitting critical details."
    },
    "13": {
      "summary": "1. **LE and LE Hybrid fabric shown in Ash**\n2. **Midnight Black Metallic Cavalry Blue**\n3. **XLE, XLE V6 and XLE Hybrid leather trim shown in Ash**\n4. **Supersonic Red³⁹**\n5. **Predawn Gray Mica Celestial Silver Metallic**\n6. **Wind Chill Pearl³⁹**\n7. **Ice Edge Ice Cap**\n8. **SE, SE Nightshade and SE Hybrid SofTex®³⁸ trim shown in Black**\n9. **Ash**\n10. **XSE, XSE V6 and XSE Hybrid leather trim shown in Black**\n11. **Supersonic Red, Celestial Silver Metallic³⁹ Wind Chill Pearl³⁹**\n12. **Available Midnight Black Metallic roof³⁹ for TRD models**\n13. **Available Midnight Black Metallic roof³⁹ for TRD models**\n14. **Wind Chill Pearl³⁹ Underground³⁹**\n15. **Ash**\n16. **Cockpit Red**\n17. **TRD SofTex®³⁸ trim shown in Black**\n\nThe provided examples illustrate how to structure and format the summary based on the given page."
    },
    "14": {
      "summary": "1. Carefully read and analyze the page content.\n2. Identify the main topics, key points, and important details presented on the page.\n3. Note any tables, figures, charts, diagrams, or images on the page and briefly describe their content and purpose.\n4. Create a structured summary that captures:\n   - The essential textual information from the page\n   - Descriptions of any visual elements (tables, figures, images, etc.)\n   - Any particularly notable or unique information\n\nPlease follow these steps to create your summary:\n\n1. Carefully read and analyze the page content.\n2. Identify the main topics, key points, and important details presented on the page.\n3. Note any tables, figures, charts, diagrams, or images on the page and briefly describe their content and purpose.\n4. Create a structured summary that captures:\n   - The essential textual information from the page\n   - Descriptions of any visual elements (tables, figures, images, etc.)\n   - Any particularly notable or unique information\n\nPlease follow these steps to create your summary:\n\n1. Carefully read and analyze the page content.\n2. Identify the main topics, key points, and important details presented on the page.\n3. Note any tables, figures, charts, diagrams, or images on the page and briefly describe their content and purpose.\n4. Create a structured summary that captures:\n   - The essential textual information from the page\n   - Descriptions of any visual elements (tables, figures, images, etc.)\n   - Any particularly notable or unique information\n\nPlease follow these steps to create your summary:\n\n1. Carefully read and analyze the page content.\n2. Identify the main topics, key points, and important details presented on the page.\n3. Note any tables, figures, charts, diagrams, or images on the page and briefly describe their content and purpose.\n4. Create a structured summary that captures:\n   - The essential textual information from the page\n   - Descriptions of any visual elements (tables, figures, images, etc.)\n   - Any particularly notable or unique information\n\nPlease follow these steps to create your summary:\n\n1. Carefully read and analyze the page content.\n2. Identify the main topics, key points, and important details presented on the page.\n3. Note any tables, figures, charts, diagrams, or images on the page and briefly describe their content and purpose.\n4. Create a structured summary that captures:\n   - The essential textual information from the page\n   - Descriptions of any visual elements (tables, figures, images, etc.)\n   - Any particularly notable or unique information\n\nPlease follow these steps to create your summary:\n\n1. Carefully read and analyze the page content.\n2. Identify the main topics, key points, and important details presented on the page.\n3. Note any tables, figures, ch"
    },
    "15": {
      "summary": "<summary> tags. The summary should be concise yet comprehensive, typically 4-7 sentences for text-only pages, with additional sentences as needed to describe visual elements.\n\nFor visual elements, please use these specific tags:\n- <table_summary> for descriptions of tables\n- <figure_summary> for descriptions of figures, charts, graphs, or diagrams\n- <image_summary> for descriptions of photos, illustrations, or other images\n\nExample structure:\n<summary>\n[Main text content summary here]\n\n<table><table>TRD carpet floor mats¹TRD carpet trunk matTRD shift knobEvery Toyota Car, Truck and SUV is built to exceptional standards. And that's not idle boasting. We back it up with these Limited Warranty Coverages:<br/>Basic: 36 months/36,000 miles (all components other than normal wear and maintenance items).<br/>Hybrid-Related Component Coverage: Hybrid-related components, including the battery control module, hybrid control module and inverter with converter, are covered for 8 years/100,000 miles. Refer to applicable Warranty and Maintenance Guide for details.<br/>Hybrid Battery: HV battery is covered for 10 years or 150,000 miles, whichever comes first. Warranty coverage is subject to terms and conditions. Refer to applicable Warranty and Maintenance Guide for details.<br/>Powertrain: 60 months/60,000 miles (engine, transmission/transaxle, drive system, seatbelts and airbags).<br/>Rust-Through: 60 months/unlimited miles (corrosion perforation of sheet metal).<br/>Emissions: Coverages vary under Federal and California regulations. Refer to applicable Warranty and Maintenance Guide for details.</table></summary>"
    },
    "16": {
      "summary": "1. **Exterior**\n   - LED headlights with LED accent lights and auto on/off feature\n   - LED headlights with LED accents lights, black trim and auto on/off feature\n   - Bi-LED combination headlights with auto on/off feature\n   - LED Daytime Running Lights (DRL) with on/off feature\n   - LED combination taillights with black trim\n   - LED taillights with black trim\n   - LED headlights with LED accent lights, auto level control and auto on/off feature\n   - Dark gray front grille\n   - Black front grille with sport mesh lower insert\n   - Dark gray front grille with chrome accents\n   - Gloss-black front grille with sport mesh lower insert\n   - Color-keyed sport side rocker panels\n   - Two-tone exterior color (color-keyed body with black roof)\n   - Color-keyed power outside mirrors\n   - Color-keyed heated power outside mirrors with turn signal indicators\n   - Black heated power outside mirrors with turn signal and blind spot warning indicators\n   - Black heated power outside mirrors with turn signal and blind spot warning indicators\n   - Black window trim\n   - Color-keyed outside door handles\n   - Color-keyed outside door handles with touch-sensor lock/unlock feature\n   - Power tilt/slide moonroof\n   - Panoramic glass roof with front power tilt/slide moonroof\n   - 19-in. x 8.5-in. TRD matte-black alloy wheels\n   - 19-in. gloss-black alloy wheels\n   - 19-in. TRD matte bronze-finished alloy wheels\n   - 18-in. dark gray machined-finish alloy wheels\n   - 18-in. black machined-finish alloy wheels\n   - 17-in. alloy wheels\n   - 16-in. steel wheels with wheel covers\n   - Matte-black center cap with red TRD logo\n   - Washer-linked intermittent windshield wipers\n   - High Solar Energy-Absorbing (HSEA) glass\n   - Acoustic noise-reducing front windshield\n   - Color-keyed rear spoiler\n   - Black rear spoiler\n   - TRD gloss-black pedestal rear spoiler\n   - TRD gloss-black front splitter, side aero skirts, and rear diffuser with red pinstriping\n   - TRD cat-back dual exhaust with polished stainless steel tips\n   - Dual exhaust with quad chrome tips\n   - Dual exhaust with chrome tips\n   - Single exhaust\n   - Single exhaust with chrome tip\n   - Single exhaust with dual chrome tips\n   - In-glass AM/FM antenna\n   - Roof-mounted shark-fin antenna\n   - Black roof-mounted shark-fin antenna\n   - Black SE grade badge\n   - Black rear \"Toyota\" emblem and \"CAMRY\" lettering\n   - Red TRD badge\n   - Black AWD badge\n   - Chrome AWD badge\n   - S = Standard\n   - O = Optional\n   - P = Available as part of a package\n\n2. **Exterior**\n   - LED headlights with LED accent lights and auto on/off feature\n   - LED headlights with LED accents lights, black trim and auto on/off feature\n   - Bi-LED combination headlights with auto on/off feature\n   - LED Daytime Running Lights (DRL) with on/off feature"
    },
    "17": {
      "summary": "5 = Standard | O = Optional | P = Available as part of a package\n\n| Category | Description |\n|----------|-------------|\n| Interior | Single-zone automatic climate control with air filter<br>Dual zone automatic climate control with air filter and rear-seat vents<br>Dual zone automatic climate control with air filter, electric compressor and humidity sensor<br>Dual zone automatic climate control with air filter, electric compressor, humidity sensor and rear-seat vents |\n| QI-compatible wireless smartphone charging | 3 with charge indicator light |\n| 4.2-in. TFT Multi-Information Display (MID) with odometer, outside temperature, fuel economy and trip information, current/average fuel economy, distance to empty, average speed, trip distance with timer and warning messages |\n| 4.2-in. TFT Multi-Information Display (MID) with odometer, outside temperature, fuel economy and trip information, current/average fuel economy, distance to empty, average speed, trip distance with timer, TPMS<sup>31</sup> and warning messages |\n| TRD instrumentation with red-illuminated accents |\n| 4.2-in. TFT Multi-Information Display (MID) with odometer, outside temperature, fuel economy and trip information, current/average fuel economy, distance to empty, average speed, trip distance with timer, hybrid system information, energy monitor and warning messages |\n| 4.2-in. TFT Multi-Information Display (MID) with odometer, outside temperature, fuel economy and trip information, current/average fuel economy, distance to empty, average speed, trip distance with timer, hybrid system information, energy monitor, TPMS<sup>31</sup> and warning messages |\n| 7-in. TFT Multi-Information Display (MID) with customizable settings, odometer, outside temperature, fuel economy and trip information, current/average fuel economy, distance to empty, average speed, trip distance with timer, TPMS<sup>31</sup> scheduled maintenance and warning messages |\n| 7-in. TFT Multi-Information Display (MID) with customizable settings, odometer, outside temperature, fuel economy and trip information, current/average fuel economy, distance to empty, average speed, trip distance with timer, TPMS<sup>31</sup> scheduled maintenance, compass and warning messages |\n| 7-in. TFT Multi-Information Display (MID) with customizable settings, odometer, outside temperature, fuel economy and trip information, current/average fuel economy, distance to empty, average speed, trip distance with timer, TPMS<sup>31</sup> scheduled maintenance, warning messages |\n| Tire Pressure Monitor System (TPMS)<sup>31</sup> | 3 |\n| Tire Pressure Monitor System (TPMS)<sup>31</sup> with direct pressure readout | 3 |\n| Fabric-trimmed front seats with passenger-side seatback pocket; 8-way power-adjustable driver's seat with power lumbar support; 6-w"
    },
    "18": {
      "summary": "5 = Standard | O = Optional | P = Available as part of a package\n\n| Category | Description |\n|----------|-------------|\n| Interior (continued) | LE | XLE | XLE V6 | SE | Nightshade | XSE | XSE V6 | TRD | LE Hybrid | SE Hybrid | SE Hybrid | XLE Hybrid | XSE Hybrid |\n| 60/40 split fold-down rear seat with center armrest with cup holders | S | S | S | S | S | S | S | S | S | S | S | S | S |\n| Full-Speed Range Dynamic Radar Cruise Control (DRCC)<sup>24</sup> | S | S | S | S | S | S | S | S | S | S | S | S | S |\n| Dynamic Radar Cruise Control (DRCC)<sup>24</sup> | S | S | S | S | S | S | S | S | S | S | S | S | S |\n| Tilt/telescopic 3-spoke steering wheel with audio, Multi-Information Display (MID) and Bluetooth<sup>844</sup> hands-free phone, voice-command, Dynamic Radar Cruise Control (DRCC)<sup>24</sup> conventional cruise control and Lane Departure Alert (LDA)<sup>25</sup> controls | S | S | S | S | S | S | S | S | S | S | S | S | S |\n| Leather-trimmed tilt/telescopic 3-spoke steering wheel with audio, Multi-Information Display (MID), Bluetooth<sup>844</sup> hands-free phone, voice-command, Dynamic Radar Cruise Control (DRCC)<sup>24</sup> and Lane Departure Alert (LDA)<sup>25</sup> controls | S | S | S | S | S | S | S | S | S | S | S | S | S |\n| Leather-trimmed tilt/telescopic 3-spoke steering wheel with paddleshifters, audio, Multi-Information Display (MID), Bluetooth<sup>844</sup> hands-free phone, voice-command, Dynamic Radar Cruise Control (DRCC)<sup>24</sup> and Lane Departure Alert (LDA)<sup>25</sup> controls | S | S | S | S | S | S | S | S | S | S | S | S | S |\n| Leather-trimmed tilt/telescopic 3-spoke steering wheel with red stitching, paddle shifters, audio, Multi-Information Display (MID), Bluetooth<sup>844</sup> hands-free phone, voice-command, Dynamic Radar Cruise Control (DRCC)<sup>24</sup> and Lane Departure Alert (LDA)<sup>25</sup> controls | S | S | S | S | S | S | S | S | S | S | S | S | S |\n| Heated steering wheel | P | P | P | P | P | P | P | P | P | P | P | P | P | P |\n| 3-mode switch (Eco, Normal, Sport) | S | S | S | S | S | S | S | S | S | S | S | S | S |\n| 4-mode switch (EV<sup>46</sup> Eco, Normal, Sport) | S | S | S | S | S | S | S | S | S | S | S | S | S |\n| 10-in. color Head-Up Display (HUD) with speedometer, shift position, TSS 2.5<sup>+22</sup> indicators, audio, phone, outside temperature and adjustable brightness | S | S | S | S | S | S | S | S | S | S | S | S | S |\n| 10-in. color Head-Up Display (HUD) with speedometer, navigation, shift position, compass, TSS 2.5<sup>+22</sup> indicators, audio, phone, outside temperature and adjustable brightness | P | P | P | P | P | P | P | P | P | P | P | P | P |\n| 10-in. color Head-Up Display (HUD) with speedometer, navigation, shift position, compass, TSS 2.5<sup>+22</sup> indica"
    },
    "19": {
      "summary": "5 = Standard | O = Optional | P = Available as part of a package\n\n| Category | SE | LE | XLE | XLE V6 | SE | NEIGHBORHOOD | XSE | XSE V6 | TRD | LE Hybrid | SE Hybrid | SE NEIGHBORHOOD | XLE Hybrid | XSE Hybrid |\n|----------|----|----|-----|--------|----|--------------|-----|-------|-----|---------|-----------|------------|-----------|-----------|\n| Overhead console with mailplugs and sunglasses storage | S | S | S | S | S | S | S | S | S | S | S | S | S |\n| Overhead console with mailplugs, sunglasses storage and HomeLink™ universal transceiver | P | P | S | P | P | S | P | P | P | S | S | S | S |\n| Covered center console, armrest and storage | S | S | S | S | S | S | S | S | S | S | S | S | S |\n| LED-illuminated glove compartment | S | S | S | S | S | S | S | S | S | S | S | S | S |\n| One 12V auxiliary power outlet | S | S | S | S | S | S | S | S | S | S | S | S | S |\n| One USB and media port | S | S | S | S | S | S | S | S | S | S | S | S | S |\n| One USB-C charge port | S | S | S | S | S | S | S | S | S | S | S | S | S |\n| Dual sun visors with sliding extensions | S | S | S | S | S | S | S | S | S | S | S | S | S |\n| Dual sun visors with sliding extensions and illuminated vanity mirrors | O | O | O | O | O | O | O | O | O | O | O | O | O |\n| LED rear-seat reading lights | P | S | S | P | S | S | P | P | P | P | P | P | P |\n| Ambient lighting | S | S | S | S | S | S | S | S | S | S | S | S | S |\n| Two front cup holders; two front door and two rear bottle holders | S | S | S | S | S | S | S | S | S | S | S | S | S |\n| Two front and two rear cup holders; two front door and two rear bottle holders | S | S | S | S | S | S | S | S | S | S | S | S | S |\n| Electric Parking Brake (EPB) | O | S | S | O | O | S | S | S | S | S | S | S | S |\n\nAudio Multimedia\n\nAudio — 7-in. touchscreen, six speakers, Android Auto™3 & Apple CarPlay® compatible, SiriusXM®19 with 3-month Platinum Plan trial subscription. See toyota.com/audio-multimedia for details. (Dependent on 4G network.)\n\nAudio Plus — 9.0-in. touchscreen, six speakers, Android Auto™3 & Apple CarPlay® compatible, SiriusXM®19 with 3-month Platinum Plan trial subscription. See toyota.com/audio-multimedia for details. (Dependent on 4G network.)\n\nAudio Plus with JBL®21 — 9.0-in.touchscreen, nine JBL®21 speakers including subwoofer and amplifier, Android Auto™3 & Apple CarPlay® compatible, SiriusXM®19 with 3-month Platinum Plan trial subscription. See toyota.com/audio-multimedia for details. (Dependent on 4G network.)\n\nJBL®21 Premium Audio — 9.0-in. touchscreen with Dynamic Navigation,1 nine JBL®21 speakers including subwoofer and amplifier, Android Auto™3 & Apple CarPlay® compatible, SiriusXM®19 with 3-month Platinum Plan trial subscription. See toyota.com/audio-multimedia for details. (Dependent on 4G network.)\n\n"
    },
    "20": {
      "summary": "5 = Standard | O = Optional | P = Available as part of a package\n\n| Category | Description |\n|----------|-------------|\n| Safety and Convenience | Star Safety System™ — includes Enhanced Vehicle Stability Control (VSC), Traction Control (TRAC), 4-wheel Anti-lock Brake System (ABS), Electronic Brake-force Distribution (EBD), Brake Assist (BA) and Smart Stop Technology (SST) |\n| Ten airbags | S |\n| Driver and front passenger | S |\n| Driver and front passenger | S |\n| Driver and front passenger | S |\n| Driver and front passenger | S |\n| Driver and front passenger | S |\n| Driver and front passenger | S |\n| Driver and front passenger | S |\n| Driver and front passenger | S |\n| Driver and front passenger | S |\n| Driver and front passenger | S |\n| Driver and front passenger | S |\n| Driver and front passenger | S |\n| Driver and front passenger | S |\n| Driver and front passenger | S |\n| Driver and front passenger | S |\n| Driver and front passenger | S |\n| Driver and front passenger | S |\n| Driver and front passenger | S |\n| Driver and front passenger | S |\n| Driver and front passenger | S |\n| Driver and front passenger | S |\n| Driver and front passenger | S |\n| Driver and front passenger | S |\n| Driver and front passenger | S |\n| Driver and front passenger | S |\n| Driver and front passenger | S |\n| Driver and front passenger | S |\n| Driver and front passenger | S |\n| Driver and front passenger | S |\n| Driver and front passenger | S |\n| Driver and front passenger | S |\n| Driver and front passenger | S |\n| Driver and front passenger | S |\n| Driver and front passenger | S |\n| Driver and front passenger | S |\n| Driver and front passenger | S |\n| Driver and front passenger | S |\n| Driver and front passenger | S |\n| Driver and front passenger | S |\n| Driver and front passenger | S |\n| Driver and front passenger | S |\n| Driver and front passenger | S |\n| Driver and front passenger | S |\n| Driver and front passenger | S |\n| Driver and front passenger | S |\n| Driver and front passenger | S |\n| Driver and front passenger | S |\n| Driver and front passenger | S |\n| Driver and front passenger | S |\n| Driver and front passenger | S |\n| Driver and front passenger | S |\n| Driver and front passenger | S |\n| Driver and front passenger | S |\n| Driver and front passenger | S |\n| Driver and front passenger | S |\n| Driver and front passenger | S |\n| Driver and front passenger | S |\n| Driver and front passenger | S |\n| Driver and front passenger | S |\n| Driver and front passenger | S |\n| Driver and front passenger | S |\n| Driver and front passenger | S |\n| Driver and front passenger | S |\n| Driver and front passenger | S |\n| Driver and front passenger | S |\n| Driver and front passenger | S |\n| Driver and front passenger | S |\n| Driver and front passenger | S |\n| Driver and front pas"
    },
    "21": {
      "summary": "5 = Standard | O = Optional | P = Available as part of a package\n\n| Package and Options                                                                 | LE | XLE | XLE V6 | SE | Nightshade | XSE | XSE V6 | TRD | LE Hybrid | SE Hybrid | SE Nightshade | XLE Hybrid | XSE Hybrid |\n|-------------------------------------------------------------------------------------------|----|-----|--------|----|------------|-----|---------|-----|----------|-----------|-------------|--------------|-------------|\n| Convenience Package — includes Smart Key System, HomeLink® universal transceiver, auto-dimming rearview mirror | P | P | P | P | P | P | P | P | P | P | P | P | P |\n| Convenience Package (Hybrid) — includes HomeLink® universal transceiver, auto-dimming rearview mirror | P | P | P | P | P | P | P | P | P | P | P | P | P |\n| Audio Upgrade Package | P | P | P | P | P | P | P | P | P | P | P | P | P |\n| Audio Plus with 9-in. touchscreen | P | P | P | P | P | P | P | P | P | P | P | P | P |\n| Qi-compatible wireless smartphone charging® | P | P | P | P | P | P | P | P | P | P | P | P | P |\n| Rear-seat vents | P | P | P | P | P | P | P | P | P | P | P | P | P |\n| Navigation Upgrade Package® — includes Premium Audio with Dynamic Navigation®, 9-in. touchscreen and nine JBL® speakers | O | O | O | O | O | O | O | O | O | O | O | O | O |\n| TRD Premium Audio with nine JBL® speakers | P | P | P | P | P | P | P | P | P | P | P | P | P |\n| Driver Assist Package | P | P | P | P | P | P | P | P | P | P | P | P | P |\n| 10-in. color Head-Up Display (HUD) | P | P | P | P | P | P | P | P | P | P | P | P | P |\n| Panoramic View Monitor® | P | P | P | P | P | P | P | P | P | P | P | P | P |\n| Front and Rear Parking Assist with Automatic Braking (PA w/AB) | P | P | P | P | P | P | P | P | P | P | P | P | P |\n| Multi-stage ventilated front seats | P | P | P | P | P | P | P | P | P | P | P | P | P |\n| Cold Weather Package | P | P | P | P | P | P | P | P | P | P | P | P | P |\n| Heated steering wheel | P | P | P | P | P | P | P | P | P | P | P | P | P |\n| Heated front seats | P | S | S | P | S | S | P | P | P | S | S | S | S |\n| Heated power outside mirrors | P | S | S | P | S | S | P | P | P | S | S | S | S |\n| Power tilt/slide moonroof | O | O | O | O | O | O | O | O | O | O | O | O | O |\n| Power tilt/slide moonroof and dual sun visors with sliding extensions and illuminated vanity mirrors | O | O | O | O | O | O | O | O | O | O | O | O | O |\n| Panoramic glass roof with front power tilt/slide moonroof | O | S | O | O | O | S | O | O | O | O | O | O | O |\n| Blind Spot Monitor (BSM) with Rear Cross-Traffic Alert (RCTA) | O | O | O | O | O | O | O | O | O | O | O | O | O |\n| Two-tone exterior color (color-keyed body with black roof) | O | O | O | O | O | O | O | O | O | O | O | O | O |\n| "
    },
    "22": {
      "summary": "5 = Standard | O = Optional\n\n| Category | Description |\n|----------|-------------|\n| Mechanical/Performance | 2.5-Liter Dynamic Force 4-Cylinder DOHC D-45 Injection Dual Variable Valve Timing with intelligence (VVT-i) and Eco, Normal and Sport drive modes; 203 hp @ 6800 rpm; 184 lb.-ft. @ 5000 rpm | S | S | S | S | S | S | S | S | S | S | S | S | S | S | S | S | S | S | S | S | S | S | S | S | S | S | S | S | S | S | S | S | S | S | S | S | S | S | S | S | S | S | S | S | S | S | S | S | S | S | S | S | S | S | S | S | S | S | S | S | S | S | S | S | S | S | S | S | S | S | S | S | S | S | S | S | S | S | S | S | S | S | S | S | S | S | S | S | S | S | S | S | S | S | S | S | S | S | S | S | S | S | S | S | S | S | S | S | S | S | S | S | S | S | S | S | S | S | S | S | S | S | S | S | S | S | S | S | S | S | S | S | S | S | S | S | S | S | S | S | S | S | S | S | S | S | S | S | S | S | S | S | S | S | S | S | S | S | S | S | S | S | S | S | S | S | S | S | S | S | S | S | S | S | S | S | S | S | S | S | S | S | S | S | S | S | S | S | S | S | S | S | S | S | S | S | S | S | S | S | S | S | S | S | S | S | S | S | S | S | S | S | S | S | S | S | S | S | S | S | S | S | S | S | S | S | S | S | S | S | S | S | S | S | S | S | S | S | S | S | S | S | S | S | S | S | S | S | S | S | S | S | S | S | S | S | S | S | S | S | S | S | S | S | S | S | S | S | S | S | S | S | S | S | S | S | S | S | S | S | S | S | S | S | S | S | S | S | S | S | S | S | S | S | S | S | S | S | S | S | S | S | S | S | S | S | S | S | S | S | S | S | S | S | S | S | S | S | S | S | S | S | S | S | S | S | S | S | S | S | S | S | S | S | S | S | S | S | S | S | S | S | S | S | S | S | S | S | S | S | S | S | S | S | S | S | S | S | S | S | S | S | S | S | S | S | S | S | S | S | S | S | S | S | S | S | S | S | S | S | S | S | S | S | S | S | S | S | S | S | S | S | S | S | S | S | S | S | S | S | S | S | S | S | S | S | S | S | S | S | S | S | S | S | S | S | S | S | S | S | S | S | S | S | S | S | S | S | S | S | S | S | S | S | S | S | S | S | S | S | S | S | S | S | S | S | S | S | S | S | S | S | S | S | S | S | S | S | S | S | S | S | S | S | S | S | S | S | S | S | S | S | S | S | S | S | S | S | S | S | S | S | S | S | S | S | S | S | S | S | S | S | S | S | S | S | S | S | S | S | S | S | S | S | S | S | S | S | S | S | S | S | S | S | S | S | S | S | S | S | S | S | S | S | S | S | S | S | S | S | S | S | S | S | S | S | S | S | S | S | S | S | S | S | S | S | S | S | S | S | S | S | S | S | S | S | S | S | S | S | S | S | S | S | S | S | S | S | S | S | S | S | S | S | S | S | S | S | S | S | S | S | S | S | S | S | S | S | S | S | S | S | S | S | S | S | S | S | S | S | S | S | S | S | S | S | S | S | S | S | S | S | S | S | S | S | S | S | S | S | S | S | S | S | S |"
    },
    "23": {
      "summary": "5 = Standard, O = Optional\n\n| TRANSMISSION | LE | XLE | XLE V6 | SE | Nightshade | XSE | XSE V6 | TRD | LE Hybrid | SE Hybrid | SE Nightshade | XLE Hybrid | XSE Hybrid |\n|-------------|----|-----|---------|----|-----------|-----|--------|-----|----------|------------|-------------|--------------|-------------|\n| Direct Shift-8AT 8-speed<br>Electronically Controlled automatic<br>Transmission with intelligence<br>(ECT-i) with sequential shift mode | S | S | S | S | S | S | S | S | S | S | S | S |\n| Electronically controlled<br>Continuously Variable Transmission<br>(ECVT) with sequential shift mode | S | S | S | S | S | S | S | S | S | S | S | S |\n| DRIVETRAIN | S | S | S | S | S | S | S | S | S | S | S | S |\n| Front-Wheel Drive (FWD) | S | S | S | S | S | S | S | S | S | S | S | S |\n| All-Wheel Drive (AWD) | O | O | O | O | O | O | O | O | O | O | O | O |\n| BODY CONSTRUCTION | S | S | S | S | S | S | S | S | S | S | S | S |\n| Unitized body with front and rear<br>anti-vibration sub-frames | S | S | S | S | S | S | S | S | S | S | S | S |\n| Increased-thickness underbody braces<br>and added rear-seat V-bracing | S | S | S | S | S | S | S | S | S | S | S | S |\n| SUSPENSION | S | S | S | S | S | S | S | S | S | S | S | S |\n| Independent MacPherson strut front<br>suspension with gas-filled shock<br>absorbers and stabilizer bar; multi-link<br>rear suspension with gas-filled shock<br>absorbers and stabilizer bar, and<br>front strut tower bracing | S | S | S | S | S | S | S | S | S | S | S | S |\n| Independent MacPherson strut front<br>suspension with gas-filled shock<br>absorbers and stabilizer bar;<br>multi-link rear suspension with<br>gas-filled shock absorbers and<br>stabilizer bar, sport-tuned shock<br>absorbers and springs, and front<br>strut tower bracing | S | S | S | S | S | S | S | S | S | S | S | S |\n| Independent MacPherson strut<br>front suspension; multi-link rear<br>suspension; front strut tower bracing;<br>TRD track-tuned front and rear<br>coil springs, shock absorbers and<br>stabilizer bars | S | S | S | S | S | S | S | S | S | S | S | S |\n\nSTEERING | S | S | S | S | S | S | S | S | S | S | S | S |\n| Electric Power Steering (EPS);<br>power-assisted rack-and-pinion | S | S | S | S | S | S | S | S | S | S | S | S |\n| Turning circle diameter,<br>curb to curb (ft.) | 37.4 | 38.0 | 38.0 | 38.0 | 38.0 | 38.0 | 38.0 | 38.0 | 37.4 | 38.0 | 38.0 | 38.0 |\n| Turning circle diameter,<br>curb to curb (ft.) (AWD-equipped) | 38.7 | 39.3 | 39.3 | 39.3 | 39.3 | 39.3 | 39.3 | 39.3 | 39.3 | 39.3 | 39.3 | 39.3 |\n\nBRAKES | S | S | S | S | S | S | S | S | S | S | S | S |\n| Power-assisted ventilated 12-in.<br>front disc brakes; solid 11.06-in.<br>rear disc brakes with hydraulic brake<br>booster, Electronically Controlled<br>Braking (ECB) system and<br>Star Safety Syst"
    },
    "24": {
      "summary": "5 = S = S = S = S = S = S = S = S = S = S = S = S = S = S = S = S = S = S = S = S = S = S = S = S = S = S = S = S = S = S = S = S = S = S = S = S = S = S = S = S = S = S = S = S = S = S = S = S = S = S = S = S = S = S = S = S = S = S = S = S = S = S = S = S = S = S = S = S = S = S = S = S = S = S = S = S = S = S = S = S = S = S = S = S = S = S = S = S = S = S = S = S = S = S = S = S = S = S = S = S = S = S = S = S = S = S = S = S = S = S = S = S = S = S = S = S = S = S = S = S = S = S = S = S = S = S = S = S = S = S = S = S = S = S = S = S = S = S = S = S = S = S = S = S = S = S = S = S = S = S = S = S = S = S = S = S = S = S = S = S = S = S = S = S = S = S = S = S = S = S = S = S = S = S = S = S = S = S = S = S = S = S = S = S = S = S = S = S = S = S = S = S = S = S = S = S = S = S = S = S = S = S = S = S = S = S = S = S = S = S = S = S = S = S = S = S = S = S = S = S = S = S = S = S = S = S = S = S = S = S = S = S = S = S = S = S = S = S = S = S = S = S = S = S = S = S = S = S = S = S = S = S = S = S = S = S = S = S = S = S = S = S = S = S = S = S = S = S = S = S = S = S = S = S = S = S = S = S = S = S = S = S = S = S = S = S = S = S = S = S = S = S = S = S = S = S = S = S = S = S = S = S = S = S = S = S = S = S = S = S = S = S = S = S = S = S = S = S = S = S = S = S = S = S = S = S = S = S = S = S = S = S = S = S = S = S = S = S = S = S = S = S = S = S = S = S = S = S = S = S = S = S = S = S = S = S = S = S = S = S = S = S = S = S = S = S = S = S = S = S = S = S = S = S = S = S = S = S = S = S = S = S = S = S = S = S = S = S = S = S = S = S = S = S = S = S = S = S = S = S = S = S = S = S = S = S = S = S = S = S = S = S = S = S = S = S = S = S = S = S = S = S = S = S = S = S = S = S = S = S = S = S = S = S = S = S = S = S = S = S = S = S = S = S = S = S = S = S = S = S = S = S = S = S = S = S = S = S = S = S = S = S = S = S = S = S = S = S = S = S = S = S = S = S = S = S = S = S = S = S = S = S = S = S = S = S = S = S = S = S = S = S = S = S = S = S = S = S = S = S = S = S = S = S = S = S = S = S = S = S = S = S = S = S = S = S = S = S = S = S = S = S = S = S = S = S = S = S = S = S = S = S = S = S = S = S = S = S = S = S = S = S = S = S = S = S = S = S = S = S = S = S = S = S = S = S = S = S = S = S = S = S = S = S = S = S = S = S = S = S = S = S = S = S = S = S = S = S = S = S = S = S = S = S = S = S = S = S = S = S = S = S = S = S = S = S = S = S = S = S = S = S = S = S = S = S = S = S = S = S = S = S = S = S = S = S = S = S = S = S = S = S = S = S = S = S = S = S = S = S = S = S = S = S = S = S = S = S = S = S = S = S = S = S = S = S = S = S = S = S = S = S = S = S = S = S = S = S = S = S = S = S = S = S = S = S = S = S = S = S = S = S = S = S = S = S = S = S = S = S = S = S = S = S = S = S = S = S = S = S = S = S = S = S = S = S = S = S = S = "
    },
    "25": {
      "summary": "1. Provide APA-style in-text citations for all quoted or paraphrased material.\n2. Include a reference list at the end of your summary, formatted according to APA style guidelines.\n3. Ensure your summary is free of plagiarism by using the Turnitin Originality Check (https://turnitin.com/plagiarism-checker) before submitting your assignment.\n\nHere's an example of a summary for the page you provided:\n\n---\n\n**Summary:**\n\nThe document discusses the impact of COVID-19 on the global economy, highlighting the significant disruptions in various sectors such as travel and tourism, hospitality, and retail. It also touches upon the recovery strategies adopted by governments and businesses to mitigate the economic fallout. The summary emphasizes the need for adaptive measures, including financial support mechanisms, policy interventions, and structural reforms to foster sustainable recovery and resilience in the face of the pandemic's long-term effects.\n\n---\n\nThis is a sample summary based on the provided context. For a more detailed and accurate summary, refer to the original document and ensure it aligns with the specific requirements outlined in the assignment guidelines."
    },
    "26": {
      "summary": "1. Ensure all text is formatted correctly (e.g., headings, bullet points, numbered lists).\n2. Use proper grammar, punctuation, and spelling.\n3. Follow any specified formatting guidelines (e.g., APA, MLA).\n\nFor more detailed instructions and examples, please refer to the official Style Guide provided in the document."
    }
  }
}
