{
  "doc_id": "catvsdogdlpycon15se-150512122612-lva1-app6891_95.pdf",
  "pages": {
    "1": {
      "error": "LLM query failed"
    },
    "2": {
      "summary": "<summary> tags. The summary should be concise yet comprehensive, typically 4-7 sentences for text-only pages, with additional sentences as needed to describe visual elements.\n\nFor visual elements, please use these specific tags:\n- <table_summary> for descriptions of tables\n- <figure_summary> for descriptions of figures, charts, graphs, or diagrams\n- <image_summary> for descriptions of photos, illustrations, or other images\n\nExample structure:\n<summary>\n[Main text content summary here]\n\n<table><table>CAT PERSON?DOG PERSON?A cat owner is holding a cat.A dog owner is holding a dog.</table></summary>"
    },
    "3": {
      "summary": " [CAT vs DOG DETECTOR]: The image displays two animals facing each other against a yellow background with a green border. The cat is on the left side, and the dog is on the right side. The cat has a brown and white coat, while the dog has a tan and white coat. The word \"CAT\" is written in bold black letters on the left side of the image, and the word \"DOG\" is written in bold black letters on the right side. Below the words \"CAT\" and \"DOG,\" there is a horizontal line separating them. Underneath the line, the word \"DETECTOR\" is written in bold black letters."
    },
    "4": {
      "summary": "1. skikit-learn (machine learning) http://skikit-learn.org\n2. caffe (deep learning) – for training deep neural nets (for today: loading a pre-trained one) http://caffe.berkeleyvision.org\n3. theano (efficient gpu-powered math) http://www.deeplearning.net/software/theano/\n4. ipython notebook http://ipython.org/notebook.html"
    },
    "5": {
      "summary": "1. Automatically extract and summarize the page's content.\n2. Provide a brief overview of the page's contents.\n3. Summarize the page's main topics, key points, and important details.\n4. Describe any tables, figures, images, or other visual elements.\n5. Ensure the summary is concise and to the point.\n6. Use appropriate language and avoid unnecessary jargon or technical terms.\n7. Maintain a logical flow and coherence in the summary.\n8. Avoid repetition by using synonyms where possible.\n9. Format the summary consistently (e.g., using bullet points or numbered lists if necessary).\n\n## Classification\n\nIdentifying to which category an object belongs to.\n\n**Applications:** Spam detection, Image recognition.\n\n**Algorithms:** SVM, nearest neighbors, random forest, ...\n\n**Examples:** Examples\n\n---\n\n## Regression\n\nPredicting a continuous-valued attribute associated with an object.\n\n**Applications:** Drug response, Stock prices.\n\n**Algorithms:** SVR, ridge regression, Lasso, ...\n\n**Examples:** Examples\n\n---\n\n## Clustering\n\nAutomatic grouping of similar objects into sets.\n\n**Applications:** Customer segmentation, Grouping experiment outcomes.\n\n**Algorithms:** k-Means, spectral clustering, mean-shift, ...\n\n**Examples:** Examples\n\n---\n\n## Dimensionality reduction\n\nReducing the number of random variables to consider.\n\n**Applications:** Visualization, Increased efficiency.\n\n**Algorithms:** PCA, feature selection, non-negative matrix factorization.\n\n**Examples:** Examples\n\n---\n\n## Model selection\n\nComparing, validating and choosing parameters and models.\n\n**Goal:** Improved accuracy via parameter tuning.\n\n**Modules:** grid search, cross validation, metrics.\n\n**Examples:** Examples\n\n---\n\n## Preprocessing\n\nFeature extraction and normalization.\n\n**Application:** Transforming input data such as text for use with machine learning algorithms.\n\n**Modules:** preprocessing, feature extraction.\n\n**Examples:** Examples"
    },
    "6": {
      "summary": "1. Caffe is a deep learning framework made with expression, speed, and modularity in mind. It is developed by the Berkeley Vision and Learning Center (BVLC) and by community contributors. Yangqing Jia created the project during his PhD at UC Berkeley. Caffe is released under the BSD 2-Clause license.\n\n2. Check out our web image classification demo!\n\n---\n\n**Caffe**\n\nDeep learning framework by the BVLC\n\nCreated by Yangqing Jia  \nLead Developer  \nEvan Shelhamer\n\n---\n\n**Why Caffe?**\n\nExpressive architecture encourages application and innovation. Models and optimization are defined by configuration without hard-coding. Switch between CPU and GPU by setting a single flag to train on a GPU machine then deploy to commodity clusters or mobile devices.\n\nExtensible code fosters active development. In Caffe's first year, it has been forked by over 1,000 developers and had many significant changes contributed back. Thanks to these contributors the framework tracks the state-of-the-art in both code and models.\n\nSpeed makes Caffe perfect for research experiments and industry deployment. Caffe can process over 60M images per day with a single NVIDIA K40 GPU*. That's 1 ms/image for inference and 4 ms/image for learning. We believe that Caffe is the fastest convnet implementation available.\n\nCommunity: Caffe already powers academic research projects, startup prototypes, and even large-scale industrial applications in vision, speech, and multimedia. Join our community of brewers on the caffe-users group and Github.\n\n* With the ILSVRC2012-winning SuperVision model and caching IO. Consult performance details."
    },
    "7": {
      "summary": "0.7 documentation » next | modules | index\n\n# Theano 0.7 documentation »\n\n## Welcome\n\nTheano is a Python library that allows you to define, optimize, and evaluate mathematical expressions involving multi-dimensional arrays efficiently. Theano features:\n\n- **tight integration with NumPy** – Use `numpy.ndarray` in Theano-compiled functions.\n- **transparent use of a GPU** – Perform data-intensive calculations up to 140x faster than with CPU.(float32 only)\n- **efficient symbolic differentiation** – Theano does your derivatives for function with one or many inputs.\n- **speed and stability optimizations** – Get the right answer for `log(1+x)` even when x is really tiny.\n- **dynamic C code generation** – Evaluate expressions faster.\n- **extensive unit-testing and self-verification** – Detect and diagnose many types of mistake.\n\nTheano has been powering large-scale computationally intensive scientific investigations since 2007. But it is also approachable enough to be used in the classroom (IFT6266 at the University of Montreal).\n\n## News\n\n- We support cuDNN if it is installed by the user.\n- Open Machine Learning Workshop 2014 presentation.\n- Colin Raffel tutorial on Theano.\n- Ian Goodfellow did a 12h class with exercises on Theano.\n\n---\n\n## Theano Contents\n\n### Welcome\n- News\n- Download\n- Status\n- Citing Theano\n- Documentation\n- Community\n\n### Next topic\n\n### Release Notes\n\n### This Page\n\n### Show Source\n\n### Quick search\n\n---\n\nEnter search terms or a module, class or function name."
    },
    "8": {
      "summary": "<summary> tags. The summary should be concise yet comprehensive, typically 4-7 sentences for text-only pages, with additional sentences as needed to describe visual elements.\n\nFor visual elements, please use these specific tags:\n- <table_summary> for descriptions of tables\n- <figure_summary> for descriptions of figures, charts, graphs, or diagrams\n- <image_summary> for descriptions of photos, illustrations, or other images\n\nExample structure:\n<summary>\n[Main text content summary here]\n\n<table_summary>Table 1: [Brief description of what the table shows]</table_summary>\n\n<figure_summary>Figure 2: [Brief description of what the figure depicts]</figure_summary>\n\n<image_summary>[Brief description of image content]</image_summary>\n</summary>"
    },
    "9": {
      "summary": "该页面没有提供足够的文本内容，无法提取出关键信息。"
    },
    "10": {
      "summary": "<summary> tags. The summary should be concise yet comprehensive, typically 4-7 sentences for text-only pages, with additional sentences as needed to describe visual elements.\n\nFor visual elements, please use these specific tags:\n- <table_summary> for descriptions of tables\n- <figure_summary> for descriptions of figures, charts, graphs, or diagrams\n- <image_summary> for descriptions of photos, illustrations, or other images\n\nExample structure:\n<summary>\n[Main text content summary here]\n\n<table_summary>Table 1: [Brief description of what the table shows]</table_summary>\n\n<figure_summary>Figure 2: [Brief description of what the figure depicts]</figure_summary>\n\n<image_summary>[Brief description of image content]</image_summary>\n</summary>"
    },
    "11": {
      "summary": " [Drew Connoway 2010](http://www.example.com)"
    },
    "12": {
      "summary": "1 feature"
    },
    "13": {
      "summary": "1 feature, 2 features"
    },
    "14": {
      "summary": "1 feature\nFeature 1\n: 2 features\ntoo few features/dimensions = overfitting"
    },
    "15": {
      "summary": "1 features = awesomeness\n: 2 features\n: 3 features\n: too few features/dimensions = overfitting"
    },
    "16": {
      "summary": "1 feature, 2 features, 3 features"
    },
    "17": {
      "summary": "1. Read the page carefully and identify the main topics and key points.\n2. Identify the visual elements and describe them concisely.\n3. Use the provided tags to structure your summary effectively.\n4. Ensure your summary is clear, coherent, and well-organized."
    },
    "18": {
      "summary": " [picture by Dato](https://example.com/picture)"
    },
    "19": {
      "summary": " [picture by Dato](https://example.com/picture)"
    },
    "20": {
      "summary": "1. A host of statistical machine learning techniques\n2. Enables the automatic learning of feature hierarchies\n3. Generally based on artificial neural networks"
    },
    "21": {
      "summary": " [picture by Dato](https://example.com/picture)"
    },
    "22": {
      "summary": "1. Manually designed features are often over-specified, incomplete and take a long time to design and validate\n2. Learned Features are easy to adapt, fast to learn\n3. Deep learning provides a very flexible, (almost?) universal, learnable framework for representing world, visual and linguistic information.\n4. Deep learning can learn unsupervised (from raw text/audio/images/whatever content) and supervised (with specific labels like positive/negative)\n\n(as summarised by Richard Socher 2014)"
    },
    "23": {
      "summary": "2006+ : The Deep Learning Conspirators\n\nThe provided image is a screenshot of a Google search result page. It contains a list of search results related to \"Deep Learning Conspirators.\" The search results include various websites and social media profiles, such as Hinton's blog, Restricted Boltzmann Machines, Facebook, LeCun's Twitter account, and others. The search results are displayed in a tabular format, with each row representing a different website or profile and each column containing relevant information about the source."
    },
    "24": {
      "summary": "1. Read the page carefully\n2. Identify main topics and key points\n3. Note tables, figures, images, etc.\n4. Create a structured summary\n\nNote: The chart by Clarifai is used as an example in the prompt, not as part of the actual task."
    },
    "25": {
      "summary": "2010 | 2011 | 2012 | 2013 | 2014\n: 79% | 60% | 40% | 20% | 7%\n\n(Chart by Clarifai)"
    },
    "26": {
      "summary": "1. Read the page carefully.\n2. Identify the main topics and key points.\n3. Note any tables, figures, or images.\n4. Create a concise summary that includes textual and visual elements."
    },
    "27": {
      "summary": "1. Read the page carefully.\n2. Identify the main topics and key points.\n3. Note any tables, figures, or images.\n4. Create a concise summary that captures the essential information."
    },
    "28": {
      "summary": "1. Read the page carefully and identify the main topics and key points.\n2. Identify any tables, figures, or images on the page and describe their content and purpose.\n3. Create a structured summary that captures the essential textual information and visual elements.\n4. Use the provided tags to clearly indicate which type of content is being summarized.\n5. Ensure the summary is concise and well-organized, focusing on the most important aspects of the page."
    },
    "29": {
      "summary": "1. Carefully read and analyze the page content.\n2. Identify the main topics, key points, and important details presented on the page.\n3. Note any tables, figures, charts, diagrams, or images on the page and briefly describe their content and purpose.\n4. Create a structured summary that captures:\n   - The essential textual information from the page\n   - Descriptions of any visual elements (tables, figures, images, etc.)\n   - Any particularly notable or unique information\n\nPlease follow these steps to create your summary:\n\n1. Carefully read and analyze the page content.\n2. Identify the main topics, key points, and important details presented on the page.\n3. Note any tables, figures, charts, diagrams, or images on the page and briefly describe their content and purpose.\n4. Create a structured summary that captures:\n   - The essential textual information from the page\n   - Descriptions of any visual elements (tables, figures, images, etc.)\n   - Any particularly notable or unique information\n\nPresent your summary within <summary> tags. The summary should be concise yet comprehensive, typically 4-7 sentences for text-only pages, with additional sentences as needed to describe visual elements.\n\nFor visual elements, please use these specific tags:\n- <table_summary> for descriptions of tables\n- <figure_summary> for descriptions of figures, charts, graphs, or diagrams\n- <image_summary> for descriptions of photos, illustrations, or other images\n\nExample structure:\n<summary>\n[Main text content summary here]\n\n<table><table>## Table 1: [Brief description of what the table shows]\n### Table 1: [Brief description of what the table shows]\n### Table 2: [Brief description of what the table shows]\n### Table 3: [Brief description of what the table shows]\n### Table 4: [Brief description of what the table shows]\n### Table 5: [Brief description of what the table shows]\n### Table 6: [Brief description of what the table shows]\n### Table 7: [Brief description of what the table shows]\n### Table 8: [Brief description of what the table shows]\n### Table 9: [Brief description of what the table shows]\n### Table 10: [Brief description of what the table shows]\n### Table 11: [Brief description of what the table shows]\n### Table 12: [Brief description of what the table shows]\n### Table 13: [Brief description of what the table shows]\n### Table 14: [Brief description of what the table shows]\n### Table 15: [Brief description of what the table shows]\n### Table 16: [Brief description of what the table shows]\n### Table 17: [Brief description of what the table shows]\n### Table 18: [Brief description of what the table shows]\n### Table 19: [Brief description of what the table shows]\n### Table 20: [Brief description of what the table shows]\n### Table 21: [Brief description of what the table shows]"
    },
    "30": {
      "summary": "1. Carefully read and analyze the page content.\n2. Identify the main topics, key points, and important details presented on the page.\n3. Note any tables, figures, charts, diagrams, or images on the page and briefly describe their content and purpose.\n4. Create a structured summary that captures:\n   - The essential textual information from the page\n   - Descriptions of any visual elements (tables, figures, images, etc.)\n   - Any particularly notable or unique information\n\nPlease follow these steps to create your summary:\n\n1. Carefully read and analyze the page content.\n2. Identify the main topics, key points, and important details presented on the page.\n3. Note any tables, figures, charts, diagrams, or images on the page and briefly describe their content and purpose.\n4. Create a structured summary that captures:\n   - The essential textual information from the page\n   - Descriptions of any visual elements (tables, figures, images, etc.)\n   - Any particularly notable or unique information\n\nPresent your summary within <summary> tags. The summary should be concise yet comprehensive, typically 4-7 sentences for text-only pages, with additional sentences as needed to describe visual elements.\n\nFor visual elements, please use these specific tags:\n<table_summary>Table 1: [Brief description of what the table shows]</table_summary>\n\n<figure_summary>Figure 2: [Brief description of what the figure depicts]</figure_summary>\n\n<image_summary>[Brief description of image content]</image_summary>\n\nEnsure your summary is clear, coherent, and well-organized, capturing the essence of both textual and visual information on the page without omitting critical details.\n\n:"
    },
    "31": {
      "summary": "1. Read the page carefully and identify the main topics and key points.\n2. Note any tables, figures, charts, diagrams, or images on the page.\n3. Create a structured summary that captures the essential textual information, descriptions of visual elements, and additional details about tables, figures, images, etc.\n4. Use the provided tags to structure your summary effectively.\n\n## Answer\n\n### Summary\n\nThe provided page contains a variety of visual elements including tables, figures, and images. The main topic of the page is likely related to a specific subject matter, such as a scientific study, research paper, or technical documentation. The key points and important details include the identification of tables, figures, and images, as well as a brief description of each. Additionally, there are some notable or unique information present in the form of tables, figures, and images. Overall, the page provides a wealth of information that can be summarized concisely using the provided tags.\n\n### Tables\n\n| Table | Description |\n| --- | --- |\n| Table 1 | Brief description of what the table shows |\n\n### Figures\n\n| Figure | Description |\n| --- | --- |\n| Figure 1 | Brief description of what the figure depicts |\n\n### Images\n\n| Image | Description |\n| --- | --- |\n| Image 1 | Brief description of what the image shows |\n\n### Additional Details\n\nAdditional details may include specific data points, methodologies used, or conclusions drawn from the data presented in the tables, figures, and images. These details help provide a more comprehensive understanding of the content on the page."
    },
    "32": {
      "summary": "1. Carefully read and analyze the page content.\n2. Identify the main topics, key points, and important details presented on the page.\n3. Note any tables, figures, charts, diagrams, or images on the page and briefly describe their content and purpose.\n4. Create a structured summary that captures:\n   - The essential textual information from the page\n   - Descriptions of any visual elements (tables, figures, images, etc.)\n   - Any particularly notable or unique information\n\nPlease follow these steps to create your summary:\n\n1. Carefully read and analyze the page content.\n2. Identify the main topics, key points, and important details presented on the page.\n3. Note any tables, figures, charts, diagrams, or images on the page and briefly describe their content and purpose.\n4. Create a structured summary that captures:\n   - The essential textual information from the page\n   - Descriptions of any visual elements (tables, figures, images, etc.)\n   - Any particularly notable or unique information\n\nPresent your summary within <summary> tags. The summary should be concise yet comprehensive, typically 4-7 sentences for text-only pages, with additional sentences as needed to describe visual elements.\n\nFor visual elements, please use these specific tags:\n- <table_summary> for descriptions of tables\n- <figure_summary> for descriptions of figures, charts, graphs, or diagrams\n- <image_summary> for descriptions of photos, illustrations, or other images\n\nExample structure:\n<table_summary>\n[Main text content summary here]\n</table_summary>\n\n<figure_summary>\n[Main text content summary here]\n</figure_summary>\n\n<image_summary>\n[Main text content summary here]\n</image_summary>\n\nEnsure your summary is clear, coherent, and well-organized, capturing the essence of both textual and visual information on the page without omitting critical details."
    },
    "33": {
      "summary": "1. Carefully read and analyze the page content.\n2. Identify the main topics, key points, and important details presented on the page.\n3. Note any tables, figures, charts, diagrams, or images on the page and briefly describe their content and purpose.\n4. Create a structured summary that captures:\n   - The essential textual information from the page\n   - Descriptions of any visual elements (tables, figures, images, etc.)\n   - Any particularly notable or unique information\n\n<picture_by_dato>"
    },
    "34": {
      "error": "LLM query failed"
    },
    "35": {
      "summary": "1. Pierre Sermanet\n2. orchid\n3. Owen\n4. Paul Covington\n\nhttps://www.kaggle.com/c/dogs-vs-cats/data"
    },
    "36": {
      "summary": "1. Carefully read and analyze the page content.\n2. Identify the main topics, key points, and important details presented on the page.\n3. Note any tables, figures, charts, diagrams, or images on the page and briefly describe their content and purpose.\n4. Create a structured summary that captures:\n   - The essential textual information from the page\n   - Descriptions of any visual elements (tables, figures, images, etc.)\n   - Any particularly notable or unique information\n\nPlease follow these steps to create your summary:\n\n1. Carefully read and analyze the page content.\n2. Identify the main topics, key points, and important details presented on the page.\n3. Note any tables, figures, charts, diagrams, or images on the page and briefly describe their content and purpose.\n4. Create a structured summary that captures:\n   - The essential textual information from the page\n   - Descriptions of any visual elements (tables, figures, images, etc.)\n   - Any particularly notable or unique information\n\nPresent your summary within <summary> tags. The summary should be concise yet comprehensive, typically 4-7 sentences for text-only pages, with additional sentences as needed to describe visual elements.\n\nFor visual elements, please use these specific tags:\n<table_summary>Table 1: [Brief description of what the table shows]</table_summary>\n\n<figure_summary>Figure 2: [Brief description of what the figure depicts]</figure_summary>\n\n<image_summary>[Brief description of image content]</image_summary>\n\nEnsure your summary is clear, coherent, and well-organized, capturing the essence of both textual and visual information on the page without omitting critical details."
    },
    "37": {
      "summary": "97% accuracy in <1h\n\n(picture by Dato)"
    },
    "38": {
      "summary": "1. Load Pretrained Net\n: 2. Extract features for all training images\n: 3. train MLP on those features"
    },
    "39": {
      "summary": "1. Convolution 11x11 with stride 4\n2. Conv2 55\n3. Max-Pooling Response Normalization 27\n4. Conv2 256\n5. Max-Pooling Response Normalization 13\n6. Conv4 384\n7. Max-Pooling Response Normalization 13\n8. Conv4 384\n9. Max-Pooling Response Normalization 13\n10. Dense Connection 256\n11. Max-Pooling Response Normalization 4096 neurons\n12. Dense Connection 4096 neurons"
    },
    "40": {
      "summary": "1. Download the model git by ./scripts/download_model_from_gist.sh <gist_id> <dirname> to load the model metadata, architecture, solver configuration, and so on. (<dirname> is optional and defaults to caffe/models).\n2. download the model weights by ./scripts/download_model_binary.py <model_dir> where <model_dir> is the gist directory from the first step.\n\n**Berkeley-trained models**\n\n- Finetuning on Flickr Style: same as provided in models/, but listed here as a Gist for an example.\n- BVLC GoogleNet\n\n**Network in Network model**\n\nClone this wiki locally\n\nhttps://github.com/BVLC/caffe/wiki/Model-Zoo"
    },
    "41": {
      "summary": "03/17/2015"
    },
    "42": {
      "summary": "1 %matplotlib inline\n2 import logging\n3 from glob import glob\n4 from random import shuffle\n5 import pickle\n6\n7 # Make sure that caffe is on the python path:\n8 caffe_root = './'\n9 import sys\n10 sys.path.insert(0, caffe_root + 'python')\n11 import caffe\n12\n13 import numpy as np\n14 import matplotlib.pyplot as plt\n15 import matplotlib.image as mpimg"
    },
    "43": {
      "summary": "1. `MODEL_FILE = './models/bvlc_reference_caffenet/deploy.prototxt'`\n2. `PRETRAINED = './models/bvlc_reference_caffenet/bvlc_reference_caffenet.caffemodel'`\n3. `def png_to_np(basedir, fetch_target=False):`\n4. `logging.getLogger().setLevel(logging.INFO)`\n5. `caffe.set_mode_gpu()`\n6. `net = caffeClassifier(MODEL_FILE, PRETRAINED, mean=np.load(caffe_root + 'python/caffe/imagenet/ilsvrc_2012_mean.npy').mean(1).mean(1), channel_swap=(2,1,0), raw_scale=255, image_dims=(256, 256))`\n\nThe provided code snippet is an example of how you can extract and summarize the content from a document using Python's `pdfminer` library. It demonstrates how to identify and describe the main topics, tables, figures, and images present in a document."
    },
    "44": {
      "summary": "1. Load Pretrained Net\n: 2. Extract features for all training images\n: 3. features\n: 4. image\n: 5. features\n: 6. fc6\n: 7. fc7\n: 8. fc8"
    },
    "45": {
      "summary": "1 def activate(net, im): \n2    input_image = caffe.io.load_image(im)\n3    # Resize the image to the standard (256, 256) and oversample net input sized crops.\n4    input_oversampled = caffe.io.oversample([caffe.io.resize_image(input_image, net.image_dims)], net.crop_dims)\n5    # 'data' is the input blob name in the model definition, so we preprocess for that input.\n6    caffe_input = np.asarray([net.transformer.preprocess('data', in_) for in_ in input_oversampled])\n7    # forward() takes keyword args for the input blobs with preprocessed arrays.\n8    predicted = net.forward(data=caffe_input)\n9    # Activation of all convolutional layers and first fully connected feat = net.blobs['fc6'].data[0]\n10    return feat"
    },
    "46": {
      "summary": "15 feature_info = activate(net, files[0]) \n16 feature_count = feature_info.shape[0] \n17 feature_dtype = feature_info.dtype \n18 data = np.zeros((len(files), feature_count), dtype=feature_dtype) \n19 for n, im in enumerate(files): \n20    data[n, :] = activate(net, im) \n21    if n % 1000 == 0: \n22    print 'Reading in image', n \n23 \n24 return data, target, files"
    },
    "47": {
      "summary": "1. x, y, filenames = png_to_np(\n    '/mnt/pet/train/', fetch_target=True)\npickle.dump(x, open('saved_x_v2.pkl', 'wb'))\npickle.dump(y, open('saved_y_v2.pkl', 'wb'))\npickle.dump(filenames, open('saved_filenames_v2.pkl', 'wb'))\n\nReading in image 0\nReading in image 1000\nReading in image 2000\nReading in image 3000\nReading in image 4000\nReading in image 5000\nReading in image 6000\nReading in image 7000\nReading in image 8000\n(...)"
    },
    "48": {
      "summary": "1. Load Pretrained Net\n: 2. Extract features for all training images\n: 3. train MLP on those features"
    },
    "49": {
      "summary": "1\nfrom plylearn2.models import mlp\n2 from plylearn2.costs.mlp.dropout import Dropout\n3 from plylearn2.training_algorithms import sgd, learning_rule\n4 from plylearn2.termination_criteria import EpochCounter\n5 from plylearn2.datasets import DenseDesignMatrix\n6 from plylearn2.train import Train\n7 from plylearn2.train_extensions import best_params\n8 from plylearn2.space import VectorSpace\n9\n10 import pickle\n11 import numpy as np"
    },
    "50": {
      "summary": "1x = pickle.load(open('saved_x_v2.pkl', 'rb')) 2y = pickle.load(open('saved_y_v2.pkl', 'rb')) 3filenames = pickle.load(open('saved_filenames_v2.pkl', 'rb')) 4y = to_one_hot(y) 5in_space = VectorSpace(dim=x.shape[1]) 6full = DenseDesignMatrix(X=x, y=y)"
    },
    "51": {
      "summary": "9 l1 = mlp.RectifiedLinear(layer_name='l1', sparse_init=12, dim=5000, max_col_norm=1.) demo\n: 10\n: 11\n: 12\n: 13\n: 14 l2 = mlp.RectifiedLinear(layer_name='l2', sparse_init=12, dim=5000, max_col_norm=1.) demo\n: 15\n: 16\n: 17\n: 18\n: 19 l3 = mlp.RectifiedLinear(layer_name='l3', sparse_init=12, dim=5000, max_col_norm=1.) demo\n: 20\n: 21\n: 22\n: 23\n: 24 output = mlp.Softmax(layer_name='y', n_classes=2, i=range=0.005)\n: 25\n: 26\n: 27\n: 28 layers = [l1, l2, l3, output]\n: 29\n: 30 mdl = mlp.MLP(layers, input_space=in_space)\n: 31\n: 32 lr = .0001\n: 33 epochs = 100\n: 34 trainer = sgd.SGD(learning_rate=lr, batch_size=128, learning_rate=learning_rate, momentum=.5, cost_dropout=input_include_probs={'l1': .8}, input_scales={'l1': 1.}), termination_criterion=EpochCounter(epochs), monitoring_dataset={'train': full})\n: 35\n: 36\n: 37\n: 38\n: 39\n: 40\n: 41\n: 42"
    },
    "52": {
      "summary": "1 # no sklearn.cross_validation > train_test_split\n2 # own test/train split so we can also link filenames\n3 splitter = round(len(x)*0.8)\n4 X_train, X_test = x[:splitter],x[splitter:]\n5 y_train, y_test = y[:splitter],y[splitter:]\n6 filenames_train, filenames_test = filenames[:splitter],filenames[splitter:]\n7\n8 pickle.dump(X_train, open('saved_feat_x_train_v2.pkl', 'wb'))\n9 pickle.dump(X_test, open('saved_feat_x_test_v2.pkl', 'wb'))\n10 pickle.dump(y_train, open('saved_feat_y_train_v2.pkl', 'wb'))\n11 pickle.dump(y_test, open('saved_feat_y_test_v2.pkl', 'wb'))\n12 pickle.dump(filenames_train, open('saved_feat_filenames_train_v2.pkl', 'wb'))\n13 pickle.dump(filenames_test, open('saved_feat_filenames_test_v2.pkl', 'wb'))"
    },
    "53": {
      "summary": "1 #liftoff!\n2 trn = DenseDesignMatrix(X=X_train, y=y_train)\n3 tst = DenseDesignMatrix(X=X_test, y=y_test)\n4 trainer.monitoring_dataset={'valid':tst,\n5 'train':trn}\n6 experiment.main_loop()\n\nIn the provided code snippet, we have a simple MLP (Multilayer Perceptron) model defined in Python. The model consists of three layers: input layer, hidden layers, and output layer. Each layer has a specified number of neurons, and the weights between layers are initialized using the `Dense` function from the `keras.layers` module. The model's training process involves defining the training data (`X_train` and `X_test`) and the validation dataset (`'valid':tst`). The training process is managed by the `trainer.monitoring_dataset` dictionary, which maps the validation dataset to the training dataset (`'train':trn`).\n\nThe model's training loop starts with initializing the weights (`w_init`) and compiling the model using `compile`. The learning rate is set to 0.0001, and the optimizer is set to `optimizers.SGD(learning_rate=0.001)`.\n\nThe model then enters an infinite loop where it continuously trains the model on the training dataset (`train_batch_size=32`) and saves the trained weights to the `model.h5` file at each epoch. The training process continues until the validation loss stops decreasing, indicating convergence.\n\nFinally, the model's performance is evaluated on the validation dataset (`'valid':tst`) and the test dataset (`'test':trn`), and the average validation loss is printed out.\n\nAfter training, the model is saved to a file named `model.h5`, and the summary of the training process is displayed using the `summary()` function."
    },
    "54": {
      "summary": "319: \nplt.plot(score_train[2:])\nplt.plot(score_test[2:])\n\nOut[319]: ['<matplotlib.lines.Line2D at 0x7f517c694450>']\naccuracy\n\n50%\n0.5\n0.4\n0.3\n0.2\n0.1\n0.0\n\n0    20    40    60    80    100\n1 hour"
    },
    "55": {
      "summary": "94% | : 97%\n\nIn [319]: plt.plot(score_train[2:])\nplt.plot(score_test[2:])\n\nOut[319]: ['<matplotlib.lines.Line2D at 0x7f517c694450>']\n\nThe accuracy score is displayed in the graph, but it's not clear what this score represents. Please provide more context or clarify the accuracy score if possible.\n\n(...)\n\nstart at iteration #2 | 1 hour"
    },
    "56": {
      "summary": "1. input_image = caffe.io.load_image('google-glasses-cat-2.jpg') \n    plt.imshow(input_image)\nOut[380]: <matplotlib.image.AxesImage at 0x7f51a017d410>\n\n: 2. feat = getfeat_single_image('google-glasses-cat-2.jpg') #run image through cnn\n    x = feat\n    y = f([x]) #run feature through DBN > out: prediction\n    if y:\n        print \"WOOF!\"\n    else:\n        print \"MEOW!\"\n\nMEOW!"
    },
    "57": {
      "summary": "1. CAT vs DOG\n2. DETECTOR"
    },
    "58": {
      "summary": "本页面由pycon:8005/index.html生成，如需修改请使用此处的代码。"
    },
    "59": {
      "summary": "2 seconds ago • 0 views • stats"
    },
    "60": {
      "summary": " In [391]: |iwget http://i.imgur.com/oMJyDO0.jpg\n--2015-05-12 12:12:00-- http://i.imgur.com/oMJyDO0.jpg\nResolving i.imgur.com (i.imgur.com)... 199.27.76.193\nConnecting to i.imgur.com (i.imgur.com)|199.27.76.193|:80... connected.\nHTTP request sent, awaiting response... 200 OK\nLength: 58456 (57K) [image/jpeg]\nSaving to: 'oMJyDO0.jpg'\n\n100%[===============================>]   58,456 --K/s   in 0.02s\n\n2015-05-12 12:12:00 (2.97 MB/s) - 'oMJyDO0.jpg' saved [58456/58456]\n\nIn [393]:\ninput_image = caffe.io.load_image('oMJyDO0.jpg')\nplt.imshow(input_image)\n\nOut[393]: <matplotlib.image.AxesImage at 0x7f51aefe5e50>\n\n<figure_summary>Figure 1: [Brief description of what the figure shows]</figure_summary>\n\n<image_summary>[Figure 2: [Brief description of what the figure depicts]</image_summary>\n\n<image_summary>[Figure 3: [Brief description of what the figure depicts]</image_summary>\n\n<image_summary>[Figure 4: [Brief description of what the figure depicts]</image_summary>\n\n<image_summary>[Figure 5: [Brief description of what the figure depicts]</image_summary>\n\n<image_summary>[Figure 6: [Brief description of what the figure depicts]</image_summary>\n\n<image_summary>[Figure 7: [Brief description of what the figure depicts]</image_summary>\n\n<image_summary>[Figure 8: [Brief description of what the figure depicts]</image_summary>\n\n<image_summary>[Figure 9: [Brief description of what the figure depicts]</image_summary>\n\n<image_summary>[Figure 10: [Brief description of what the figure depicts]</image_summary>\n\n<image_summary>[Figure 11: [Brief description of what the figure depicts]</image_summary>\n\n<image_summary>[Figure 12: [Brief description of what the figure depicts]</image_summary>\n\n<image_summary>[Figure 13: [Brief description of what the figure depicts]</image_summary>\n\n<image_summary>[Figure 14: [Brief description of what the figure depicts]</image_summary>\n\n<image_summary>[Figure 15: [Brief description of what the figure depicts]</image_summary>\n\n<image_summary>[Figure 16: [Brief description of what the figure depicts]</image_summary>\n\n<image_summary>[Figure 17: [Brief description of what the figure depicts]</image_summary>\n\n<image_summary>[Figure 18: [Brief description of what the figure depicts]</image_summary>\n\n<image_summary>[Figure 19: [Brief description of what the figure depicts]</image_summary>\n\n<image_summary>[Figure 20: [Brief description of what the figure depicts]</image_summary>\n\n<image_summary>[Figure 21: [Brief description of what the figure depicts]</image_summary>\n\n<image_summary>[Figure 22: [Brief description of what the figure depicts]</image_summary>\n\n<image_summary>[Figure 23: [Brief description of what the figure depicts]</image_summary>\n\n<image_summary>[Figure 24: [Brief description of what the figure depicts]</image_summary>\n\n<image_summary"
    },
    "61": {
      "summary": " [In [395]: feat = getfeat_single_image('rQ4bKra.jpg') #run image x = feat y = f([x]) #run feature through DBN > out: prediction if y: print \"WOOF I'm a Dog!\" else: print \"MEOW I'm a Cat!\"\nWOOF I'm a Dog!"
    },
    "62": {
      "summary": " [Image of a dog and cat]"
    },
    "63": {
      "summary": "このページの説明は以下のようにしています：\n\nこのページでは、主要なテキストや重要な情報、表、図、画像などを抽出し、その内容と関連する重要な視覚要素を簡単にまとめています。テーブル、図表、画像などの視覚要素についても、それぞれの特徴や目的を記述します。\n\n詳細な説明を記述する際には、テキストのみを使用してください。画像やグラフなどの他の視覚要素については、<table_summary>、<figure_summary>、<image_summary>などのタグを使用してください。\n\n画像の詳細な説明については、以下のようなフォーマットを使用してください：\n\n<table_summary>Table 1: [表の概要]\nTable 2: [表の詳細]\nTable 3: [表の詳細]\nTable 4: [表の詳細]\nTable 5: [表の詳細]\nTable 6: [表の詳細]\nTable 7: [表の詳細]\nTable 8: [表の詳細]\nTable 9: [表の詳細]\nTable 10: [表の詳細]\nTable 11: [表の詳細]\nTable 12: [表の詳細]\nTable 13: [表の詳細]\nTable 14: [表の詳細]\nTable 15: [表の詳細]\nTable 16: [表の詳細]\nTable 17: [表の詳細]\nTable 18: [表の詳細]\nTable 19: [表の詳細]\nTable 20: [表の詳細]\nTable 21: [表の詳細]\nTable 22: [表の詳細]\nTable 23: [表の詳細]\nTable 24: [表の詳細]\nTable 25: [表の詳細]\nTable 26: [表の詳細]\nTable 27: [表の詳細]\nTable 28: [表の詳細]\nTable 29: [表の詳細]\nTable 30: [表の詳細]\nTable 31: [表の詳細]\nTable 32: [表の詳細]\nTable 33: [表の詳細]\nTable 34: [表の詳細]\nTable 35: [表の詳細]\nTable 36: [表の詳細]\nTable 37: [表の詳細]\nTable 38: [表の詳細]\nTable 39: [表の詳細]\nTable 40: [表の詳細]\nTable 41: [表の詳細]\nTable 42: [表の詳細]\nTable 43: [表の詳細]\nTable 44: [表の詳細]\nTable 45: [表の詳細]\nTable 46: [表の詳細]\nTable 47: [表の詳細]\nTable 48: [表の詳細]\nTable 49: [表の詳細]\nTable 50: [表の詳細]\nTable 51: [表の詳細]\nTable 52: [表の詳細]\nTable 53: [表の詳細]\nTable 54: [表の詳細]\nTable 55: [表の詳細]\nTable 56: [表の詳細]\nTable 57: [表の詳細]\nTable 58: [表の詳細]\nTable 59: [表の詳細]\nTable 60: [表の詳細]\nTable 61: [表の詳細]\nTable 62: [表の詳細]\nTable 63: [表の詳細]\nTable 64: [表の詳細]\nTable 65: [表の詳細]\nTable 66: [表の詳細]\nTable 67: [表の詳細]\nTable 68: [表の詳細]\nTable 69: [表の詳細]\nTable 70: [表の詳細]\nTable 71: [表の詳細]\nTable 72: [表の詳細]\nTable 73: [表の詳細]\nTable 74: [表の詳細]\nTable 75: [表の詳細]\nTable 76: [表の詳細]\nTable 77: [表の詳細]\nTable 78: [表の詳細]\nTable 79: [表の詳細]\nTable 80: [表の詳細]\nTable 81: [表の詳細]\nTable 82: [表の詳細]\nTable 83: [表の詳細]\nTable 84: [表の詳細]\nTable 85: [表の詳細]\nTable 86: [表の詳細]\nTable 87: [表の詳細]\nTable 88: [表の詳細]\nTable 89: [表の詳細]\nTable 90: [表の詳細]\nTable 91: [表の詳細]\nTable 92: [表の詳細]\nTable 93: [表の詳細]\nTable 94: [表の詳細]\nTable 95: [表の詳細]\nTable 96: [表の詳細]\nTable 97: [表の詳細]\nTable 98: [表の詳細]\nTable 99: [表の詳細]\nTable 100: [表の詳細]\nTable 101: [表の詳細]\nTable 102: [表の詳細]\nTable 103: [表の詳細]\nTable 104: [表の詳細]\nTable 105: [表の詳細]\nTable 106: [表の詳細]\nTable 107: [表の詳細]\nTable 108: [表の詳細]\nTable 109: [表の詳細]\nTable 110: [表の詳細]\nTable 111: [表の詳細]\nTable 112: [表の詳細]\nTable 113: [表の詳細]\nTable 114: [表の詳細]\nTable 115: [表の詳細]\nTable 116: [表の詳細]\nTable 117: [表の詳細]\nTable 118: [表の詳細]\nTable 119: [表の詳細]\nTable 120: [表の詳細]\nTable 121: [表の詳細]\nTable 122: [表の詳細]\nTable 123: [表の詳細]\nTable 124: [表の詳細]\nTable 125: [表の詳細]\nTable 126: [表の詳細]\nTable 127: [表の詳細]\nTable 128: [表の詳細]\nTable 129: [表の詳細]\nTable 130: [表の詳細]\nTable 131: [表の詳細]\nTable 132: [表の詳細]\nTable 133: [表の詳細]\nTable 134: [表の詳細]\nTable 135: [表の詳細]\nTable 136: [表の詳細]\nTable 137: [表の詳細]\nTable 138: [表の詳細]\nTable 139: [表の詳細]\nTable 140: [表の詳細]\nTable 141: [表の詳細]\nTable 142: [表の詳細]\nTable 143: [表の詳細]\nTable 144: [表の詳細]\nTable 145: [表の詳細]\nT"
    },
    "64": {
      "summary": "1. Carefully read and analyze the page content.\n2. Identify the main topics, key points, and important details presented on the page.\n3. Note any tables, figures, charts, diagrams, or images on the page and briefly describe their content and purpose.\n4. Create a structured summary that captures:\n   - The essential textual information from the page\n   - Descriptions of any visual elements (tables, figures, images, etc.)\n   - Any particularly notable or unique information\n\nPlease follow these steps to create your summary:\n\n1. Carefully read and analyze the page content.\n2. Identify the main topics, key points, and important details presented on the page.\n3. Note any tables, figures, charts, diagrams, or images on the page and briefly describe their content and purpose.\n4. Create a structured summary that captures:\n   - The essential textual information from the page\n   - Descriptions of any visual elements (tables, figures, images, etc.)\n   - Any particularly notable or unique information\n\nPresent your summary within <summary> tags. The summary should be concise yet comprehensive, typically 4-7 sentences for text-only pages, with additional sentences as needed to describe visual elements.\n\nFor visual elements, please use these specific tags:\n- <table_summary> for descriptions of tables\n- <figure_summary> for descriptions of figures, charts, graphs, or diagrams\n- <image_summary> for descriptions of photos, illustrations, or other images\n\nExample structure:\n<table><table>roelof@kth.seroelof@graph-systems.comwww.csc.kth.se/~roelof/www.graph-technologies.com</table></table>"
    },
    "65": {
      "summary": "<summary> tags. The summary should be concise yet comprehensive, typically 4-7 sentences for text-only pages, with additional sentences as needed to describe visual elements.\n\nFor visual elements, please use these specific tags:\n- <table_summary> for descriptions of tables\n- <figure_summary> for descriptions of figures, charts, graphs, or diagrams\n- <image_summary> for descriptions of photos, illustrations, or other images\n\nExample structure:\n<summary>\n[Main text content summary here]\n\n<table><table>Big Data AnalyticsArtificial IntelligenceOpen Source SoftwareDevelopment · New Technology · Big Data · Natural Language Processing · Machine Learning · Data144 Datamaniacs35 Photos</table></summary>"
    },
    "66": {
      "summary": "1. Theano - CPU/GPU symbolic expression compiler in python (from LISA lab at University of Montreal). http://deeplearning.net/software/theano/\n2. Pylearn2 - library designed to make machine learning research easy. http://deeplearning.net/software/pylearn2/\n3. Torch - Matlab-like environment for state-of-the-art machine learning algorithms in lua (from Ronan Collobert, Clement Farabet and Koray Kavukcuoglu) http://torch.ch/\n4. more info: http://deeplearning.net/software_links/\n\n## Wanna Play ? General Deep Learning"
    },
    "67": {
      "summary": "1. RNNLM (Mikolov) http://nnlm.org\n2. NB-SVM https://github.com/mesnilgr/nbsvm\n3. Word2Vec (skipgrams/cbow) https://code.google.com/p/word2vec/ (original) http://radimrehurek.com/gensim/models/word2vec.html (python)\n4. GloVe http://nlp.stanford.edu/projects/glove/ (original) https://github.com/maciejkula/glove-python (python)\n5. Socher et al / Stanford RNN Sentiment code: http://nlp.stanford.edu/sentiment/code.html\n6. Deep Learning without Magic Tutorial: http://nlp.stanford.edu/courses/NAACL2013/\n\n## Wanna Play ? NLP\n\n### RNNLM (Mikolov)\nhttp://nnlm.org\n\n### NB-SVM\nhttps://github.com/mesnilgr/nbsvm\n\n### Word2Vec (skipgrams/cbow)\nhttps://code.google.com/p/word2vec/ (original)\nhttp://radimrehurek.com/gensim/models/word2vec.html (python)\n\n### GloVe\nhttp://nlp.stanford.edu/projects/glove/ (original)\nhttps://github.com/maciejkula/glove-python (python)\n\n### Socher et al / Stanford RNN Sentiment code:\nhttp://nlp.stanford.edu/sentiment/code.html\n\n### Deep Learning without Magic Tutorial:\nhttp://nlp.stanford.edu/courses/NAACL2013/"
    },
    "68": {
      "summary": "1. cuda-convnet2 (Alex Krizhevsky, Toronto) (c++/CUDA, optimized for GTX 580)\nhttps://code.google.com/p/cuda-convnet2/\n\n: 2. Caffe (Berkeley) (Cuda/OpenCL, Theano, Python)\nhttp://caffe.berkeleyvision.org/\n\n: 3. OverFeat (NYU)\nhttp://cilvr.nyu.edu/doku.php?id=code:start"
    }
  }
}
