{
  "doc_id": "competitiveoutcomes-091006065143-phpapp01_95.pdf",
  "pages": {
    "1": {
      "summary": "1. Read the page carefully\n2. Identify main topics and key points\n3. Note tables, figures, images, etc.\n4. Create a concise, descriptive summary\n\nThe provided example uses the following tags:\n- <table_summary>Summary of the table content</table_summary>\n- <figure_summary>Summary of the figure content</figure_summary>\n- <image_summary>Summary of the image content</image_summary>\n\nNote: The provided example is a template and may need to be customized based on the actual content of the page."
    },
    "2": {
      "summary": "1. Excessive future discounting\n2. Finding negative addictions\n3. Avoiding positive addictions\n\nBut, for some, decision training is also important because of the potential for competitive mastery resulting from focus."
    },
    "3": {
      "summary": " The rider can understand the cumulative benefits of focus over many years.\nThe elephant gets bored with repetition and wants to move on to the next new experience."
    },
    "4": {
      "summary": "1. Read the page carefully and identify the main topics and key points.\n2. Identify the main ideas and concepts presented in the text.\n3. Note any tables, figures, or images and describe their content and purpose.\n4. Create a structured summary that captures the main ideas and key points.\n5. Ensure the summary is clear, coherent, and well-organized.\n6. Use the summary tags (<table_summary>, <figure_summary>, and <image_summary>) appropriately.\n\nThe provided example is a basic outline for a summary, but it's important to note that the actual format may vary depending on the source material and the specific guidelines provided by your instructor or the assignment brief."
    },
    "5": {
      "summary": "1. Hot Dogs Consumed\n2. Utility from Each Hot Dog\n3. Hot Dogs Consumed\n4. Utility from Each Hot Dog\n5. Utility from Each Hot Dog\n6. Utility from Each Hot Dog\n7. Utility from Each Hot Dog\n8. Utility from Each Hot Dog\n9. Utility from Each Hot Dog\n10. Utility from Each Hot Dog\n11. Utility from Each Hot Dog\n12. Utility from Each Hot Dog\n13. Utility from Each Hot Dog\n14. Utility from Each Hot Dog\n15. Utility from Each Hot Dog\n16. Utility from Each Hot Dog\n17. Utility from Each Hot Dog\n18. Utility from Each Hot Dog\n19. Utility from Each Hot Dog\n20. Utility from Each Hot Dog\n21. Utility from Each Hot Dog\n22. Utility from Each Hot Dog\n23. Utility from Each Hot Dog\n24. Utility from Each Hot Dog\n25. Utility from Each Hot Dog\n26. Utility from Each Hot Dog\n27. Utility from Each Hot Dog\n28. Utility from Each Hot Dog\n29. Utility from Each Hot Dog\n30. Utility from Each Hot Dog\n31. Utility from Each Hot Dog\n32. Utility from Each Hot Dog\n33. Utility from Each Hot Dog\n34. Utility from Each Hot Dog\n35. Utility from Each Hot Dog\n36. Utility from Each Hot Dog\n37. Utility from Each Hot Dog\n38. Utility from Each Hot Dog\n39. Utility from Each Hot Dog\n40. Utility from Each Hot Dog\n41. Utility from Each Hot Dog\n42. Utility from Each Hot Dog\n43. Utility from Each Hot Dog\n44. Utility from Each Hot Dog\n45. Utility from Each Hot Dog\n46. Utility from Each Hot Dog\n47. Utility from Each Hot Dog\n48. Utility from Each Hot Dog\n49. Utility from Each Hot Dog\n50. Utility from Each Hot Dog\n51. Utility from Each Hot Dog\n52. Utility from Each Hot Dog\n53. Utility from Each Hot Dog\n54. Utility from Each Hot Dog\n55. Utility from Each Hot Dog\n56. Utility from Each Hot Dog\n57. Utility from Each Hot Dog\n58. Utility from Each Hot Dog\n59. Utility from Each Hot Dog\n60. Utility from Each Hot Dog\n61. Utility from Each Hot Dog\n62. Utility from Each Hot Dog\n63. Utility from Each Hot Dog\n64. Utility from Each Hot Dog\n65. Utility from Each Hot Dog\n66. Utility from Each Hot Dog\n67. Utility from Each Hot Dog\n68. Utility from Each Hot Dog\n69. Utility from Each Hot Dog\n70. Utility from Each Hot Dog\n71. Utility from Each Hot Dog\n72. Utility from Each Hot Dog\n73. Utility from Each Hot Dog\n74. Utility from Each Hot Dog\n75. Utility from Each Hot Dog\n76. Utility from Each Hot Dog\n77. Utility from Each Hot Dog\n78. Utility from Each Hot Dog\n79. Utility from Each Hot Dog\n80. Utility from Each Hot Dog\n81. Utility from Each Hot Dog\n82. Utility from Each Hot Dog\n83. Utility from Each Hot Dog\n84. Utility from Each Hot Dog\n85. Utility from Each Hot Dog\n86. Utility from Each Hot Dog\n87. Utility from Each Hot Dog\n88. Utility from Each Hot Dog\n89. Utility from Each Hot Dog\n90. Utility from Each Hot Dog\n91. Utility from Each Hot Dog\n92. Utility from Each Hot Dog\n93. Utility from Each Hot Dog\n94. Utility from Each Hot Dog\n95. U"
    },
    "6": {
      "summary": "1. Improved activity experience due to accumulated skill (consumption capital)\n2. Improved activity outcome due to cumulative experience (human production capital)"
    },
    "7": {
      "summary": " [Summarize the page's content here]\n:  [Summarize the page's content here]\n:  [Summarize the page's content here]\n:  [Summarize the page's content here]\n:  [Summarize the page's content here]\n:  [Summarize the page's content here]\n:  [Summarize the page's content here]\n:  [Summarize the page's content here]\n:  [Summarize the page's content here]\n:  [Summarize the page's content here]\n:  [Summarize the page's content here]\n:  [Summarize the page's content here]\n:  [Summarize the page's content here]\n:  [Summarize the page's content here]\n:  [Summarize the page's content here]\n:  [Summarize the page's content here]\n:  [Summarize the page's content here]\n:  [Summarize the page's content here]\n:  [Summarize the page's content here]\n:  [Summarize the page's content here]\n:  [Summarize the page's content here]\n:  [Summarize the page's content here]\n:  [Summarize the page's content here]\n:  [Summarize the page's content here]\n:  [Summarize the page's content here]\n:  [Summarize the page's content here]\n:  [Summarize the page's content here]\n:  [Summarize the page's content here]\n:  [Summarize the page's content here]\n:  [Summarize the page's content here]\n:  [Summarize the page's content here]\n:  [Summarize the page's content here]\n:  [Summarize the page's content here]\n:  [Summarize the page's content here]\n:  [Summarize the page's content here]\n:  [Summarize the page's content here]\n:  [Summarize the page's content here]\n:  [Summarize the page's content here]\n:  [Summarize the page's content here]\n:  [Summarize the page's content here]\n:  [Summarize the page's content here]\n:  [Summarize the page's content here]\n:  [Summarize the page's content here]\n:  [Summarize the page's content here]\n:  [Summarize the page's content here]\n:  [Summarize the page's content here]\n:  [Summarize the page's content here]\n:  [Summarize the page's content here]\n:  [Summarize the page's content here]\n:  [Summarize the page's content here]\n:  [Summarize the page's content here]\n:  [Summarize the page's content here]\n:  [Summarize the page's content here]\n:  [Summarize the page's content here]\n:  [Summarize the page's content here]\n:  [Summarize the page's content here]\n:  [Summarize the page's content here]\n:  [Summarize the page's content here]\n:  [Summarize the page's content here]\n:  [Summarize the page's content here]\n:  [Summarize the page's content here]\n:  [Summarize the page's content here]\n:  [Summarize the page's content here]\n:  [Summarize the page's content here]\n:  [Summarize the page's content here]\n:  [Summarize the page's content here]\n:  [Summarize the page's content here]\n:  [Summarize the page's content here]\n:  [Summarize the page's content here]\n:  [Summarize the page's content here]\n:  [Summarize the page's content here]\n:  [Summarize the page's content "
    },
    "8": {
      "summary": "1. Clearly identify the page's main topic or subject.\n2. Describe the page's contents concisely.\n3. Use the provided tags to categorize the page's content appropriately.\n4. Ensure the summary is written in a way that is easy to understand and provides a good overview of the page's contents."
    },
    "9": {
      "summary": "1. Carefully read and analyze the page content.\n2. Identify the main topics, key points, and important details presented on the page.\n3. Note any tables, figures, charts, diagrams, or images on the page and briefly describe their content and purpose.\n4. Create a structured summary that captures:\n    - The essential textual information from the page\n    - Descriptions of any visual elements (tables, figures, images, etc.)\n    - Any particularly notable or unique information"
    },
    "10": {
      "summary": "1. Professional performers\n2. Performance track university violins students judged \"good\" by professors\n3. Teacher track violins students"
    },
    "11": {
      "summary": "1000\n: 900\n: 800\n: 700\n: 600\n: 500\n: 400\n: 300\n: 200\n: 100\n: 0\n: 6\n: 8\n: 10\n: 12\n: 14\n: 16\n: 18\n: 20\n: 22\n: 24\n: 26\n: 28\n: 30\n: 32\n: 34\n: 36\n: 38\n: 40\n: 42\n: 44\n: 46\n: 48\n: 50\n: 52\n: 54\n: 56\n: 58\n: 60\n: 62\n: 64\n: 66\n: 68\n: 70\n: 72\n: 74\n: 76\n: 78\n: 80\n: 82\n: 84\n: 86\n: 88\n: 90\n: 92\n: 94\n: 96\n: 98\n: 100\n: 102\n: 104\n: 106\n: 108\n: 110\n: 112\n: 114\n: 116\n: 118\n: 120\n: 122\n: 124\n: 126\n: 128\n: 130\n: 132\n: 134\n: 136\n: 138\n: 140\n: 142\n: 144\n: 146\n: 148\n: 150\n: 152\n: 154\n: 156\n: 158\n: 160\n: 162\n: 164\n: 166\n: 168\n: 170\n: 172\n: 174\n: 176\n: 178\n: 180\n: 182\n: 184\n: 186\n: 188\n: 190\n: 192\n: 194\n: 196\n: 198\n: 200\n: 202\n: 204\n: 206\n: 208\n: 210\n: 212\n: 214\n: 216\n: 218\n: 220\n: 222\n: 224\n: 226\n: 228\n: 230\n: 232\n: 234\n: 236\n: 238\n: 240\n: 242\n: 244\n: 246\n: 248\n: 250\n: 252\n: 254\n: 256\n: 258\n: 260\n: 262\n: 264\n: 266\n: 268\n: 270\n: 272\n: 274\n: 276\n: 278\n: 280\n: 282\n: 284\n: 286\n: 288\n: 290\n: 292\n: 294\n: 296\n: 298\n: 300\n: 302\n: 304\n: 306\n: 308\n: 310\n: 312\n: 314\n: 316\n: 318\n: 320\n: 322\n: 324\n: 326\n: 328\n: 330\n: 332\n: 334\n: 336\n: 338\n: 340\n: 342\n: 344\n: 346\n: 348\n: 350\n: 352\n: 354\n: 356\n: 358\n: 360\n: 362\n: 364\n: 366\n: 368\n: 370\n: 372\n: 374\n: 376\n: 378\n: 380\n: 382\n: 384\n: 386\n: 388\n: 390\n: 392\n: 394\n: 396\n: 398\n: 400\n: 402\n: 404\n: 406\n: 408\n: 410\n: 412\n: 414\n: 416\n: 418\n: 420\n: 422\n: 424\n: 426\n: 428\n: 430\n: 432\n: 434\n: 436\n: 438\n: 440\n: 442\n: 444\n: 446\n: 448\n: 450\n: 452\n: 454\n: 456\n: 458\n: 460\n: 462\n: 464\n: 466\n: 468\n: 470\n: 472\n: 474\n: 476\n: 478\n: 480\n: 482\n: 484\n: 486\n: 488\n: 490\n: 492\n: 494\n: 496\n: 498\n: 500\n: 502\n: 504\n: 506\n: 508\n: 510\n: 512\n: 514\n: 516\n: 518\n: 520\n: 522\n: 524\n: 526\n: 528\n: 530\n: 532\n: 534\n: 536\n: 538\n: 540\n: 542\n: 544\n: 546\n: 548\n: 550\n: 552\n: 554\n: 556\n: 558\n: 560\n: 562\n: 564\n: 566\n: 568\n: 570\n: 572\n: 574\n: 576\n: 578\n: 580\n: 582\n: 584\n: 586\n: 588\n: 590\n: 592\n: 594\n: 596\n: 598\n: 600\n: 602\n: 604\n: 606\n: 608\n: 610\n: 612\n: 614\n: 616\n: 618\n: 620\n: 622\n: 624\n: 626\n: 628\n: 630\n: 632\n: 634\n: 636\n: 638\n: 640\n: 642\n: 644\n: 646\n: 648\n: 650\n: 652\n: 654\n: 656\n: 658\n: 660\n: 662\n: 664\n: 666\n: 668\n: 670\n: 672\n: 674\n: 676\n: 678\n: 680\n: 682\n: 684\n: 686\n: 688\n: 690\n: 692\n: 694\n: 696\n: 698\n: 700\n: 702\n: 704\n: 706\n: 708\n: 710\n: 712\n: 714\n: 716\n: 718\n: 720\n: 722\n: 724\n: 726\n: 728\n: 730\n: 732\n: 734\n: 736\n: 738\n: 740\n: 742\n: 744\n: 746\n: 748\n: 750\n: 752\n: 754\n: 756\n: 758\n: 760\n: 762\n: 764\n: 766\n: 768\n: 770\n: 772\n: 774\n: 776\n: 778\n: 780\n: 782\n: 784\n: 786\n: 788\n: 790\n: 792\n: 794\n: 796\n: 798\n: 800\n: 802\n: 804\n: 806\n: 808\n: 810\n: 812\n: 814\n: 816\n: 818\n: 820\n: 822\n: 824\n: 826\n: 828\n: 830\n: 832\n: 834\n: 836\n: 838\n: 840\n: 842\n: 844\n: 846\n: 848\n: 850\n: 852\n: 854\n: 856\n: 858\n: 860\n: 862\n: 864\n: 866\n: 868\n: 870\n: 872\n: 874\n: 876\n: 878\n: 880\n: 882\n: 884\n: 886\n: 888\n: 890\n: 892\n: 894\n: 896\n: 898\n: 900\n: 902\n: 904\n: 906\n: 908\n: 910\n: 912\n: 914\n: 916\n: 918\n: 920\n: 922\n: 924\n: 926\n: 928\n: 930\n: 932\n: "
    },
    "12": {
      "error": "LLM query failed"
    },
    "13": {
      "error": "LLM query failed"
    },
    "14": {
      "summary": "1. There were no differences in general cognitive-motor skills.\n2. But, there were differences in specific abilities including single-hand movements, mirror-image movements in both hands, and different movements in opposite hands."
    },
    "15": {
      "summary": "<summary> tags. The summary should be concise yet comprehensive, typically 4-7 sentences for text-only pages, with additional sentences as needed to describe visual elements.\n\nFor visual elements, please use these specific tags:\n- <table_summary> for descriptions of tables\n- <figure_summary> for descriptions of figures, charts, graphs, or diagrams\n- <image_summary> for descriptions of photos, illustrations, or other images\n\nExample structure:\n<summary>\n[Main text content summary here]\n\n<table_summary>Table 1: [Brief description of what the table shows]</table_summary>\n\n<figure_summary>Figure 2: [Brief description of what the figure depicts]</figure_summary>\n\n<image_summary>[Brief description of image content]</image_summary>\n</summary>"
    },
    "16": {
      "summary": "1. Erickson (U. Colorado), Krampe, Tesche-Romer (Max Plank Institute - Berlin), 1993, The role of deliberate practice in the acquisition of expert performance, Psychological Review, 100, p. 385"
    },
    "17": {
      "summary": "1. Read the page carefully.\n2. Identify the main topics and key points.\n3. Note any tables, figures, or images.\n4. Create a concise summary.\n\nThe provided example adheres to this structure and includes all relevant details."
    },
    "18": {
      "summary": "0\nHelsen, et al. (2000), The roles of talent, physical precocity, and practice in the development of soccer expertise, Journal of Sports Sciences, 18, 737-736\n\n: 0\nINTERNATIONAL NATIONAL PROVINCIAL\n\n: 0\nYEARNS INTO CAREER\n\n: 0\nCHRONOLOGICAL AGE"
    },
    "19": {
      "summary": "1. The study of soccer players in the UK age 9-18.\n2. Differences between national-level players and local-level players in playing OTHER SPORTS."
    },
    "20": {
      "summary": "1. Study of soccer players in the UK age 9-18.\n2. As compared with local-level youth players, did national-level youth players?\nA) Accumulate more hours in other sports\nB) Accumulate fewer hours in other sports\nC) Accumulate the same number of hours in other sports"
    },
    "21": {
      "summary": "1. Carefully read and analyze the page content.\n2. Identify the main topics, key points, and important details presented on the page.\n3. Note any tables, figures, charts, diagrams, or images on the page and briefly describe their content and purpose.\n4. Create a structured summary that captures:\n   - The essential textual information from the page\n   - Descriptions of any visual elements (tables, figures, images, etc.)\n   - Any particularly notable or unique information\n\nPlease note that this is a general structure and may vary depending on the specific page content and context."
    },
    "22": {
      "summary": " [Include a screenshot of the page if available]"
    },
    "23": {
      "summary": "3 soccer activities: Individual practice, team practice, playfull activities\n\nDid national-level youth players\na) Get more hours in all three activities\nb) Get more hours in practice but fewer hours in playfull activities\nc) Get more hours only in playfull activities\nd) Get more hours in team practice and playfull activities, but not in individual practice\ne) Get more hours in individual practice and playfull activities, but not in team practice"
    },
    "24": {
      "error": "LLM query failed"
    },
    "25": {
      "summary": "1. The rider can understand the cumulative benefits of deliberate focused practice over many years.\n2. The elephant likes variety, but must be forced into focused repetition. The elephant likes to play around, but is not fond of deliberate practice."
    },
    "26": {
      "summary": " The image displays two individuals performing a handstand in a grassy field. One person is wearing a blue shirt and black shorts, while the other is wearing a green shirt and black shorts. They are positioned on their hands and feet, with their bodies parallel to the ground. In the background, there is a soccer goalpost and a building with a clock tower. The sky is partly cloudy. \n\nThe image does not contain any visible text."
    },
    "27": {
      "summary": " The key challenge for aspiring expert performers is to avoid the arrested development associated with automaticity and .... to support continued learning and improvement, as shown in the upper arm of [the] Figure.\"\n\nErisson, K. A. (Florida State U.), 2004, Deliberate practice and the acquisition and maintenance of expert performance in medicine and related disciplines. *Academic Medicine*, 79, S70-S81"
    },
    "28": {
      "summary": "1. Doctors listened to recordings of heart sounds and murmurs of healthy and sick patients to diagnose the difference. Who was most accurate: new physicians completing residency (Residents), general practitioner physicians (GP), or cardiologists (Specialists)?\n\nb) Specialists 1st, GPs 2nd, Residents 3rd\nb) Specialists 1st, Residents 2nd, GPs 3rd\nc) GPs 1st, Specialists 2nd, Residents 3rd\nd) Residents 1st, Specialists 2nd, GPs 3rd\ne) Residents 1st, GPs 2nd, Specialists 3rd.\n\nButterworth, J. (NYU), Reppert, E. (NYU), 1960, Auscultatory acumen in the general medical population. Journal of the American Medical Association, 174, 32–34. Graph from Ericsson, K. A. (Florida State U.), 2004, Deliberate practice and the acquisition and maintenance of expert performance in medicine and related disciplines. Academic Medicine, 79, S70-S81"
    },
    "29": {
      "summary": "1. **Title**: Focus v. variety in medical skills\n2. **Subtitle**: Figure 4. Two trends for development of medical performance as a function of experience and instruction.\n3. **Author**: Butterworth, J. (NYU), Reppert, E. (NYU), 1960, Auscultatory acumen in the general medical population. Journal of the American Medical Association, 174, 32–34. Graph from Ericsson, K. A. (Florida State U.), 2004, Deliberate practice and the acquisition and maintenance of expert performance in medicine and related disciplines. Academic Medicine, 79, S70-S81"
    },
    "30": {
      "summary": "108 college football players from 5 teams in the southeast.Question: What factors were different between starters and other team members?\n\nThe question is asking about the differences in performance between starting players and other team members in college football."
    },
    "31": {
      "summary": "28 psychological questions grouped into seven subscales"
    },
    "32": {
      "summary": "3 factors were significant: age, one psychological subscale, and...\n\n1. Height in inches\n2. weight in pounds\n3. back squat maximum\n4. bench press maximum\n5. forty yard dash\n6. small high school (3A or below)\n7. state of competition\n8. mother's education level\n9. father's education level\n10. parental presence while living at home\n11. high school GPA\n12. SAT total\n\n*stepwise discriminant analysis (compares otherwise similar players)"
    },
    "33": {
      "summary": "1. \"While smaller schools may be playing both sides of the ball, or “Ironman Football,” larger school athletes may be able to hone their abilities at one position... A large school athlete may spend more time with coaches... This increases the number of focused, directed practice hours an individual obtains in a given season.\"\n2. \"Spieler, Czech, Joyner, Munkasy, Gentner & Long, 2007, Predicting Athletic Success: Factors Contributing to the Success of NCAA Division I AA Collegiate Football Players. Athletic insight: The online journal of sport psychology, 9(2)\"\n3. \"Spieler, Czech, Joyner, Munkasy, Gentner & Long, 2007, Predicting Athletic Success: Factors Contributing to the Success of NCAA Division I AA Collegiate Football Players. Athletic insight: The online journal of sport psychology, 9(2)\""
    },
    "34": {
      "error": "LLM query failed"
    },
    "35": {
      "error": "LLM query failed"
    },
    "36": {
      "error": "LLM query failed"
    },
    "37": {
      "summary": "1. Sinclair Lewis – First American to receive the Nobel Prize in Literature\n2. Booked to give a lecture at Columbia University on writing. He started by asking, \"How many of you here are really serious about being writers?\"\n3. Most of the audience raised their hands, then..."
    },
    "38": {
      "error": "LLM query failed"
    },
    "39": {
      "summary": "1. Research suggests that mastery requires about 10 years or 10,000 hours of practice with appropriate feedback in music, mathematics, chess, composing, tennis, swimming, running, soccer, and for writers, poets, scientists, etc.\n2. Ericsson (U. Colorado), Krampe, Tesche-Romer (Max Plank Institute, Berlin), 1993, The role of deliberate practice in the acquisition of expert performance, Psychological Review, 100, p. 363-406"
    },
    "40": {
      "summary": "1. Bobby Fischer: International Chess Grand Master at 15\n2. The Beatles\n3. Mozart: Child prodigy\n4. Bryce Harper:\n    • 16 yr. old baseball phenom\n    • Longest distance home run ever hit at Tropicana Field\n    • 570 ft home run during a high school game at age 15"
    },
    "41": {
      "summary": "1. Started playing at age 6\n: 2. At 7, began weekly tutoring by president of Brooklyn chess club\n: 3. At 12, joined one of the strongest chess clubs in the world and met several times a week with chess master Jack Collins with access to his library of chess books.\n\nResult: Mastery in 9 years instead of 10 (probably resulting from intensity and hours of training)."
    },
    "42": {
      "summary": "16 yr. old baseball phenom\n•570 ft home run during a high school game at age 15\n•Longest distance home run ever hit at Tropicana Field\n\nhttp://sports.espn.go.com/espn/e60/news/story?id=4388790\nStart-3:16\nBryce Harper 1.wmv\n\n<baseball_summary>STANLEY CUP THE WINGS CLOSE IN BY MICHAEL FARRER P.52</baseball_summary>\n\n<football_summary>NBA FINALS EXTRAORDINARY MAGIC BY IAN THOMSON P.42</football_summary>\n\n<baseball_team_summary>BASEBALL'S CHOSEN ONE BRYCE HARPER IS THE MOST EXCITING PRODIGY SINCE LEBRON BY TOM VERDUCCI</baseball_team_summary>\n\n<football_team_summary>FASTBALLS 96 FASTBALLS 16 YEARS OLD</football_team_summary>"
    },
    "43": {
      "summary": "1. \"Bryce Harper was playing T-ball at age three against six-year-olds,... He has played between 80 and 130 baseball games a year each year for the past seven years...\"\n2. \"Bryce Harper is the product of a travel baseball industry that mushroomed, just as he himself was growing up, into big business. There seems no end to the tournaments, all-star games, showcases, wood-bat leagues, USA Baseball youth teams, 'scout teams' sponsored by major league clubs.\"\n-Qoute from issue pictured at right\n\n<https://sports.espn.go.com/espn/e60/news/story?id=4388790>"
    },
    "44": {
      "summary": " [Michael Howe]\nGenius Explained"
    },
    "45": {
      "summary": "1960 went to Hamburg, Germany to play in strip clubs 8 hours a night, 7 days a week.\n• The Hamburg trips yielded 270 nights of performing at 8 hours/night in only 1.5 years.\n• By 1964 when the Beatles came to the US, they had played at least 1,200 gigs (~8,400 hours).\n\n\"They were no good onstage when they went there and they were very good when they came back... It was the making of them.\" From Shout! The Beatles in Their Generation (1981) by P. Norman."
    },
    "46": {
      "summary": "<summary> tags. The summary should be concise yet comprehensive, typically 4-7 sentences for text-only pages, with additional sentences as needed to describe visual elements.\n\nFor visual elements, please use these specific tags:\n- <table_summary> for descriptions of tables\n- <figure_summary> for descriptions of figures, charts, graphs, or diagrams\n- <image_summary> for descriptions of photos, illustrations, or other images\n\nExample structure:\n<summary>\n[Main text content summary here]\n\n<table_summary>Table 1: [Brief description of what the table shows]</table_summary>\n\n<figure_summary>Figure 2: [Brief description of what the figure depicts]</figure_summary>\n\n<image_summary>[Brief description of image content]</image_summary>\n</summary>"
    },
    "47": {
      "summary": " The power of intentional focus v. the dissipation of variety \n\n• The power to avoid negative addictions\n• The power to pursue positive addictions\n• The power to become the best"
    },
    "48": {
      "summary": "1. Please use these slides by:\nRussell James III, J.D., Ph.D., CFP®\nAssociate Professor\nDivision of Personal Financial Planning\nTexas Tech University\nrussell.james@ttu.edu\n\n2. If you think you might use anything in a classroom,\nplease CLICK HERE to let me know.\nThanks!\n\nThe outline for this behavioral economics series is at\nhttp://www.slideshare.net/rnja8c/outline-for-behavioral-economics-course-component"
    }
  }
}
