{
  "doc_id": "disciplined-agile-business-analysis-160218012713_95.pdf",
  "pages": {
    "1": {
      "summary": "<summary> tags. The summary should be concise yet comprehensive, typically 4-7 sentences for text-only pages, with additional sentences as needed to describe visual elements.\n\nFor visual elements, please use these specific tags:\n- <table_summary> for descriptions of tables\n- <figure_summary> for descriptions of figures, charts, graphs, or diagrams\n- <image_summary> for descriptions of photos, illustrations, or other images\n\nExample structure:\n<summary>\n[Main text content summary here]\n\n<table><table>Scott W. AmblerScott Ambler + AssociatesJon SmartBarclays</table></table>\n\n</summary>"
    },
    "2": {
      "summary": "1. Scott [at] scottambler.com\n: @scottwambler\n\nWorks with organizations around the world to help IT departments become awesome\n\n© Disciplined Agile Consortium"
    },
    "3": {
      "error": "LLM query failed"
    },
    "4": {
      "summary": "1. Barclays moves, lends, invests and protects money for 48 million customers worldwide\n2. A major global financial services provider engaged in retail banking, credit cards, corporate and investment banking and wealth and investment management\n3. Operating in over 50 countries\n4. 132,000 employees\n5. 325 years of history, founded in 1690\n\n© Disciplined Agile Consortium"
    },
    "5": {
      "summary": "<summary> tags. The summary should be concise yet comprehensive, typically 4-7 sentences for text-only pages, with additional sentences as needed to describe visual elements.\n\nFor visual elements, please use these specific tags:\n- <table_summary> for descriptions of tables\n- <figure_summary> for descriptions of figures, charts, graphs, or diagrams\n- <image_summary> for descriptions of photos, illustrations, or other images\n\nExample structure:\n<summary>\n[Main text content summary here]\n\n<table_summary>Table 1: [Brief description of what the table shows]</table_summary>\n\n<figure_summary>Figure 2: [Brief description of what the figure depicts]</figure_summary>\n\n<image_summary>[Brief description of image content]</image_summary>\n</summary>"
    },
    "6": {
      "summary": "<summary> tags. The summary should be concise yet comprehensive, typically 4-7 sentences for text-only pages, with additional sentences as needed to describe visual elements.\n\nFor visual elements, please use these specific tags:\n- <table_summary> for descriptions of tables\n- <figure_summary> for descriptions of figures, charts, graphs, or diagrams\n- <image_summary> for descriptions of photos, illustrations, or other images\n\nExample structure:\n<summary>\n[Main text content summary here]\n\n<table_summary>Table 1: [Brief description of what the table shows]</table_summary>\n\n<figure_summary>Figure 2: [Brief description of what the figure depicts]</figure_summary>\n\n<image_summary>[Brief description of image content]</image_summary>\n</summary>"
    },
    "7": {
      "summary": "1. Clearly identify the page's main topic or subject.\n2. Describe the primary message or argument conveyed by the page.\n3. Highlight any significant findings, conclusions, or recommendations presented in the text.\n4. Use appropriate formatting and styling to highlight important sections or ideas.\n5. Ensure the summary is written in a neutral, objective tone, avoiding personal opinions or biases.\n6. Maintain consistency in style and format throughout the summary.\n7. Avoid unnecessary repetition or redundancy.\n8. Provide a brief conclusion or transition to the next page or section.\n\nThe key characteristics of DAD:\n- People-first\n- Goal-driven\n- Hybrid agile\n- Learning-oriented\n- Full delivery lifecycle\n- Solution focused\n- Risk-value lifecycle\n- Enterprise aware\n\nScott W. Ambler • Mark Lines\nForeword by Dave West"
    },
    "8": {
      "summary": "<summary> tags. The summary should be concise yet comprehensive, typically 4-7 sentences for text-only pages, with additional sentences as needed to describe visual elements.\n\nFor visual elements, please use these specific tags:\n- <table_summary> for descriptions of tables\n- <figure_summary> for descriptions of figures, charts, graphs, or diagrams\n- <image_summary> for descriptions of photos, illustrations, or other images\n\nExample structure:\n<summary>\n[Main text content summary here]\n\n<table_summary>Table 1: [Brief description of what the table shows]</table_summary>\n\n<figure_summary>Figure 2: [Brief description of what the figure depicts]</figure_summary>\n\n<image_summary>[Brief description of image content]</image_summary>\n</summary>"
    },
    "9": {
      "summary": "1. Carefully read and analyze the page content.\n2. Identify the main topics, key points, and important details presented on the page.\n3. Note any tables, figures, charts, diagrams, or images on the page and briefly describe their content and purpose.\n4. Create a structured summary that captures:\n   - The essential textual information from the page\n   - Descriptions of any visual elements (tables, figures, images, etc.)\n   - Any particularly notable or unique information\n\nPlease follow these steps to create your summary:\n\n1. Carefully read and analyze the page content.\n2. Identify the main topics, key points, and important details presented on the page.\n3. Note any tables, figures, charts, diagrams, or images on the page and briefly describe their content and purpose.\n4. Create a structured summary that captures:\n   - The essential textual information from the page\n   - Descriptions of any visual elements (tables, figures, images, etc.)\n   - Any particularly notable or unique information\n\nPresent your summary within <summary> tags. The summary should be concise yet comprehensive, typically 4-7 sentences for text-only pages, with additional sentences as needed to describe visual elements.\n\nFor visual elements, please use these specific tags:\n<table_summary>Table 1: [Brief description of what the table shows]</table_summary>\n\n<figure_summary>Figure 2: [Brief description of what the figure depicts]</figure_summary>\n\n<image_summary>[Brief description of image content]</image_summary>\n\nEnsure your summary is clear, coherent, and well-organized, capturing the essence of both textual and visual information on the page without omitting critical details.\n\n:"
    },
    "10": {
      "summary": "1. Carefully read and analyze the page content.\n2. Identify the main topics, key points, and important details presented on the page.\n3. Note any tables, figures, charts, diagrams, or images on the page and briefly describe their content and purpose.\n4. Create a structured summary that captures:\n   - The essential textual information from the page\n   - Descriptions of any visual elements (tables, figures, images, etc.)\n   - Any particularly notable or unique information\n\nThere's more to solution delivery than construction\n\n© Disciplined Agile Consortium"
    },
    "11": {
      "summary": "1. Clearly identify the page's main topic or subject.\n2. Summarize the page's contents concisely.\n3. Describe any visual elements in detail.\n4. Ensure the summary is accurate and free of errors.\n\nThe provided example is a basic outline for a full Scrum-based agile delivery lifecycle summary. Adjustments may be necessary based on the specific guidelines and requirements of your project."
    },
    "12": {
      "summary": "1. Carefully read and analyze the page content.\n2. Identify the main topics, key points, and important details presented on the page.\n3. Note any tables, figures, charts, diagrams, or images on the page and briefly describe their content and purpose.\n4. Create a structured summary that captures:\n    - The essential textual information from the page\n    - Descriptions of any visual elements (tables, figures, images, etc.)\n    - Any particularly notable or unique information\n\nPlease follow these steps to create your summary:\n\n1. Carefully read and analyze the page content.\n2. Identify the main topics, key points, and important details presented on the page.\n3. Note any tables, figures, charts, diagrams, or images on the page and briefly describe their content and purpose.\n4. Create a structured summary that captures:\n    - The essential textual information from the page\n    - Descriptions of any visual elements (tables, figures, images, etc.)\n    - Any particularly notable or unique information\n\nPresent your summary within <summary> tags. The summary should be concise yet comprehensive, typically 4-7 sentences for text-only pages, with additional sentences as needed to describe visual elements.\n\nFor visual elements, please use these specific tags:\n<table_summary>Table 1: [Brief description of what the table shows]</table_summary>\n\n<figure_summary>Figure 2: [Brief description of what the figure depicts]</figure_summary>\n\n<image_summary>[Brief description of image content]</image_summary>\n\nEnsure your summary is clear, coherent, and well-organized, capturing the essence of both textual and visual information on the page without omitting critical details.\n\n: 1. Carefully read and analyze the page content.\n2. Identify the main topics, key points, and important details presented on the page.\n3. Note any tables, figures, charts, diagrams, or images on the page and briefly describe their content and purpose.\n4. Create a structured summary that captures:\n    - The essential textual information from the page\n    - Descriptions of any visual elements (tables, figures, images, etc.)\n    - Any particularly notable or unique information\n\nPlease follow these steps to create your summary:\n\n1. Carefully read and analyze the page content.\n2. Identify the main topics, key points, and important details presented on the page.\n3. Note any tables, figures, charts, diagrams, or images on the page and briefly describe their content and purpose.\n4. Create a structured summary that captures:\n    - The essential textual information from the page\n    - Descriptions of any visual elements (tables, figures, images, etc.)\n    - Any particularly notable or unique information\n\nPresent your summary within <summary> tags. The summary should be concise yet comprehensive, typically 4-7 se"
    },
    "13": {
      "summary": "1. Clearly identify the page's main topic and key points.\n2. Use concise language to summarize the content.\n3. Describe any visual elements in detail.\n4. Ensure the summary is well-structured and easy to understand.\n\nThe provided example is a basic outline of how to structure a summary based on the given page. Adjustments may be necessary depending on the specific requirements and context of the document being summarized."
    },
    "14": {
      "summary": "1. Read the page carefully and identify the main topics and key points.\n2. Identify the main ideas and concepts presented in the page.\n3. Note any tables, figures, or images and describe their content and purpose.\n4. Create a structured summary that captures the essential information from the page.\n5. Use the summary tags to clearly indicate the type of content being summarized.\n6. Ensure the summary is concise and to the point, providing a brief overview of the page's main ideas.\n7. Avoid adding personal opinions or interpretations; focus solely on summarizing the content.\n8. Use the summary to help others understand the page's content quickly and efficiently.\n9. Proofread the summary to ensure it is free of grammatical errors and typos.\n10. Consider including the source of the page if applicable.\n\nYour evolutionary end goal?"
    },
    "15": {
      "summary": " [Text summarization tool link]\n:  [URL link]"
    },
    "16": {
      "summary": "2013 © Disciplined Agile Consortium"
    },
    "17": {
      "summary": " [Text]: \"DAD supports many strategies to explore requirements\""
    },
    "18": {
      "summary": "1. Goals driven\n2. Requirements envisioning (light specification)\n3. Detailed specification\n4. None\n\nUsage modeling\nDomain modeling\nProcess modeling\nUser interface modeling\nNon-functional requirements\n\nInformal modeling sessions\nFormal modeling sessions\nInterviews\nNone\n\nWork item pool\nWork item list\nRequirements backlog\nFormal change management\nNone\n\nAcceptance criteria\nExplicit list\nTechnical stories\nNone\n\n© Disciplined Agile Consortium"
    },
    "19": {
      "summary": "2013-2015 © Disciplined Agile Consortium"
    },
    "20": {
      "summary": "2013-2015 © Disciplined Agile Consortium"
    },
    "21": {
      "summary": "<summary> tags. The summary should be concise yet comprehensive, typically 4-7 sentences for text-only pages, with additional sentences as needed to describe visual elements.\n\nFor visual elements, please use these specific tags:\n- <table_summary> for descriptions of tables\n- <figure_summary> for descriptions of figures, charts, graphs, or diagrams\n- <image_summary> for descriptions of photos, illustrations, or other images\n\nExample structure:\n<summary>\n[Main text content summary here]\n\n<table><table>Table 1: [Brief description of what the table shows]Table 2: [Brief description of what the table shows]</table></summary>"
    },
    "22": {
      "summary": " The provided text is a sample of how you might summarize a page. You can adjust the structure and content based on the specific requirements of your task."
    },
    "23": {
      "summary": "1. Carefully read and analyze the page content.\n2. Identify the main topics, key points, and important details presented on the page.\n3. Note any tables, figures, charts, diagrams, or images on the page and briefly describe their content and purpose.\n4. Create a structured summary that captures:\n    - The essential textual information from the page\n    - Descriptions of any visual elements (tables, figures, images, etc.)\n    - Any particularly notable or unique information\n\nSource: AgileModeling.com"
    },
    "24": {
      "summary": "1. Carefully read and analyze the page content.\n2. Identify the main topics, key points, and important details presented on the page.\n3. Note any tables, figures, charts, diagrams, or images on the page and briefly describe their content and purpose.\n4. Create a structured summary that captures:\n   - The essential textual information from the page\n   - Descriptions of any visual elements (tables, figures, images, etc.)\n   - Any particularly notable or unique information\n\nPlease follow these steps to create your summary:\n\n1. Carefully read and analyze the page content.\n2. Identify the main topics, key points, and important details presented on the page.\n3. Note any tables, figures, charts, diagrams, or images on the page and briefly describe their content and purpose.\n4. Create a structured summary that captures:\n   - The essential textual information from the page\n   - Descriptions of any visual elements (tables, figures, images, etc.)\n   - Any particularly notable or unique information\n\n<table>Initial RequirementsActive stakeholder participationLook-ahead modeling of work itemsBehaviour Driven Development (BDD)InceptionConstructionTransitionInitial release planningDiscuss requirements during iteration planning / modelingIdentify new needs during demosAnalysis of incoming requests from production</table>"
    },
    "25": {
      "summary": "<summary> tags. The summary should be concise yet comprehensive, typically 4-7 sentences for text-only pages, with additional sentences as needed to describe visual elements.\n\nFor visual elements, please use these specific tags:\n- <table_summary> for descriptions of tables\n- <figure_summary> for descriptions of figures, charts, graphs, or diagrams\n- <image_summary> for descriptions of photos, illustrations, or other images\n\nExample structure:\n<summary>\n[Main text content summary here]\n\n<table_summary>Table 1: [Brief description of what the table shows]</table_summary>\n\n<figure_summary>Figure 2: [Brief description of what the figure depicts]</figure_summary>\n\n<image_summary>[Brief description of image content]</image_summary>\n</summary>"
    },
    "26": {
      "summary": "<summary> tags. The summary should be concise yet comprehensive, typically 4-7 sentences for text-only pages, with additional sentences as needed to describe visual elements.\n\nFor visual elements, please use these specific tags:\n- <table_summary> for descriptions of tables\n- <figure_summary> for descriptions of figures, charts, graphs, or diagrams\n- <image_summary> for descriptions of photos, illustrations, or other images\n\nExample structure:\n<summary>\n[Main text content summary here]\n\n<table_summary>Table 1: [Brief description of what the table shows]</table_summary>\n\n<figure_summary>Figure 2: [Brief description of what the figure depicts]</figure_summary>\n\n<image_summary>[Brief description of image content]</image_summary>\n</summary>"
    },
    "27": {
      "summary": "<summary> tags. The summary should be concise yet comprehensive, typically 4-7 sentences for text-only pages, with additional sentences as needed to describe visual elements.\n\nFor visual elements, please use these specific tags:\n- <table_summary> for descriptions of tables\n- <figure_summary> for descriptions of figures, charts, graphs, or diagrams\n- <image_summary> for descriptions of photos, illustrations, or other images\n\nExample structure:\n<summary>\n[Main text content summary here]\n\n<table_summary>Table 1: [Brief description of what the table shows]</table_summary>\n\n<figure_summary>Figure 2: [Brief description of what the figure depicts]</figure_summary>\n\n<image_summary>[Brief description of image content]</image_summary>\n</summary>"
    },
    "28": {
      "summary": "1. Read the page carefully and identify the main topics and key points.\n2. Identify the visual elements and describe them concisely.\n3. Use specific tags to describe tables, figures, images, etc.\n4. Ensure the summary is clear, coherent, and well-organized."
    },
    "29": {
      "summary": "1. We strive to be \"generalizing specialists\"\n- We want to gain a wide range of skills so that we're more productive\n: 2. We are willing to share our skills\n- We learn from each other\n: 3. We are flexible\n- We realize that there is always more than one way of doing things\n: 4. We are collaborative\n- We work together as a team, not as a group of individuals\n: 5. We are enterprise aware\n- We want to do what's best for the organization, not just for ourselves"
    },
    "30": {
      "summary": " [Text summarization tool]"
    },
    "31": {
      "summary": " [Disciplined Agile Delivery (DAD) Roles](#)  \n**Primary Roles**  \n- Team Lead  \n- Product Owner  \n- Architecture Owner  \n- Team Member  \n- Stakeholder  \n\n**Secondary Roles (for Scaling)**  \n- Independent Tester  \n- Specialist  \n- Domain Expert  \n- Technical Expert  \n- Integrator  \n\n© Disciplined Agile Consortium"
    },
    "32": {
      "summary": " The Stakeholder “proxy”\n• Go-to person for information on the solution requirements\n• Prioritizes all work for the team\n• Participant in modeling and acceptance testing\n• Has access to expert stakeholders\n• Facilitates requirements envisioning and modeling\n• Educates team in business domain\n• May demonstrate solution to key stakeholders\n• Monitors and communicates status to stakeholders\n• Negotiates priorities, scope, funding, and schedule"
    },
    "33": {
      "summary": " The view of the delivery team\nThe actual reality faced by the Product Owner"
    },
    "34": {
      "summary": "1. Read the page carefully\n2. Identify main topics and key points\n3. Note tables, figures, images, etc.\n4. Summarize visually rich content\n5. Use relevant tags"
    },
    "35": {
      "summary": " The role of business analysts at Scale has been described in detail, including the various responsibilities they may have at different scales. The text mentions that product owners deal with complex domains and need support, while stakeholders are geographically distributed and may need BAAs at each location. It also discusses the need for regulatory regimes to require additional requirements specification work."
    },
    "36": {
      "summary": "1. Carefully read and analyze the page content.\n2. Identify the main topics, key points, and important details presented on the page.\n3. Note any tables, figures, charts, diagrams, or images on the page and briefly describe their content and purpose.\n4. Create a structured summary that captures:\n   - The essential textual information from the page\n   - Descriptions of any visual elements (tables, figures, images, etc.)\n   - Any particularly notable or unique information\n\nPlease follow these steps to create your summary:\n\n1. Carefully read and analyze the page content.\n2. Identify the main topics, key points, and important details presented on the page.\n3. Note any tables, figures, charts, diagrams, or images on the page and briefly describe their content and purpose.\n4. Create a structured summary that captures:\n   - The essential textual information from the page\n   - Descriptions of any visual elements (tables, figures, images, etc.)\n   - Any particularly notable or unique information\n\nPresent your summary within <summary> tags. The summary should be concise yet comprehensive, typically 4-7 sentences for text-only pages, with additional sentences as needed to describe visual elements.\n\nFor visual elements, please use these specific tags:\n<table_summary>Table 1: [Brief description of what the table shows]</table_summary>\n\n<figure_summary>Figure 2: [Brief description of what the figure depicts]</figure_summary>\n\n<image_summary>[Brief description of image content]</image_summary>\n\nEnsure your summary is clear, coherent, and well-organized, capturing the essence of both textual and visual information on the page without omitting critical details.\n\n© Disciplined Agile Consortium"
    },
    "37": {
      "summary": "<summary> tags. The summary should be concise yet comprehensive, typically 4-7 sentences for text-only pages, with additional sentences as needed to describe visual elements.\n\nFor visual elements, please use these specific tags:\n- <table_summary> for descriptions of tables\n- <figure_summary> for descriptions of figures, charts, graphs, or diagrams\n- <image_summary> for descriptions of photos, illustrations, or other images\n\nExample structure:\n<summary>\n[Main text content summary here]\n\n<table_summary>Table 1: [Brief description of what the table shows]</table_summary>\n\n<figure_summary>Figure 2: [Brief description of what the figure depicts]</figure_summary>\n\n<image_summary>[Brief description of image content]</image_summary>\n</summary>"
    },
    "38": {
      "summary": "1. Carefully read and analyze the page content.\n2. Identify the main topics, key points, and important details presented on the page.\n3. Note any tables, figures, charts, diagrams, or images on the page and briefly describe their content and purpose.\n4. Create a structured summary that captures:\n   - The essential textual information from the page\n   - Descriptions of any visual elements (tables, figures, images, etc.)\n   - Any particularly notable or unique information\n\nPlease follow these steps to create your summary:\n\n1. Carefully read and analyze the page content.\n2. Identify the main topics, key points, and important details presented on the page.\n3. Note any tables, figures, charts, diagrams, or images on the page and briefly describe their content and purpose.\n4. Create a structured summary that captures:\n   - The essential textual information from the page\n   - Descriptions of any visual elements (tables, figures, images, etc.)\n   - Any particularly notable or unique information\n\nPresent your summary within <summary> tags. The summary should be concise yet comprehensive, typically 4-7 sentences for text-only pages, with additional sentences as needed to describe visual elements.\n\nFor visual elements, please use these specific tags:\n<table_summary>Table 1: [Brief description of what the table shows]</table_summary>\n\n<figure_summary>Figure 2: [Brief description of what the figure depicts]</figure_summary>\n\n<image_summary>[Brief description of image content]</image_summary>\n\nEnsure your summary is clear, coherent, and well-organized, capturing the essence of both textual and visual information on the page without omitting critical details.\n\n: 1. Carefully read and analyze the page content.\n2. Identify the main topics, key points, and important details presented on the page.\n3. Note any tables, figures, charts, diagrams, or images on the page and briefly describe their content and purpose.\n4. Create a structured summary that captures:\n   - The essential textual information from the page\n   - Descriptions of any visual elements (tables, figures, images, etc.)\n   - Any particularly notable or unique information\n\nPresent your summary within <summary> tags. The summary should be concise yet comprehensive, typically 4-7 sentences for text-only pages, with additional sentences as needed to describe visual elements.\n\nFor visual elements, please use these specific tags:\n<table_summary>Table 1: [Brief description of what the table shows]</table_summary>\n\n<figure_summary>Figure 2: [Brief description of what the figure depicts]</figure_summary>\n\n<image_summary>[Brief description of image content]</image_summary>\n\nEnsure your summary is clear, coherent, and well-organized, capturing the essence of both textual and visual information on the page without omitt"
    },
    "39": {
      "summary": "1. Carefully read and analyze the page content.\n2. Identify the main topics, key points, and important details presented on the page.\n3. Note any tables, figures, charts, diagrams, or images on the page and briefly describe their content and purpose.\n4. Create a structured summary that captures:\n   - The essential textual information from the page\n   - Descriptions of any visual elements (tables, figures, images, etc.)\n   - Any particularly notable or unique information\n\nPlease follow these steps to create your summary:\n\n1. Carefully read and analyze the page content.\n2. Identify the main topics, key points, and important details presented on the page.\n3. Note any tables, figures, charts, diagrams, or images on the page and briefly describe their content and purpose.\n4. Create a structured summary that captures:\n   - The essential textual information from the page\n   - Descriptions of any visual elements (tables, figures, images, etc.)\n   - Any particularly notable or unique information\n\n<table><table><table><table></table></table>\n\n<table><table></table>\n\n<table></table>\n\n<table></table>\n\n<table></table>\n\n<table></table>\n\n<table></table>\n\n<table></table>\n\n<table></table>\n\n<table></table>\n\n<table></table>\n\n<table></table>\n\n<table></table>\n\n<table></table>\n\n<table></table>\n\n<table></table>\n\n<table></table>\n\n<table></table>\n\n<table></table>\n\n<table></table>\n\n<table></table>\n\n<table></table>\n\n<table></table>\n\n<table></table>\n\n<table></table>\n\n<table></table>\n\n<table></table>\n\n<table></table>\n\n<table></table>\n\n<table></table>\n\n<table></table>\n\n<table></table>\n\n<table></table>\n\n<table></table>\n\n<table></table>\n\n<table></table>\n\n<table></table>\n\n<table></table>\n\n<table></table>\n\n<table></table>\n\n<table></table>\n\n<table></table>\n\n<table></table>\n\n<table></table>\n\n<table></table>\n\n<table></table>\n\n<table></table>\n\n<table></table>\n\n<table></table>\n\n<table></table>\n\n<table></table>\n\n<table></table>\n\n<table></table>\n\n<table></table>\n\n<table></table>\n\n<table></table>\n\n<table></table>\n\n<table></table>\n\n<table></table>\n\n<table></table>\n\n<table></table>\n\n<table></table>\n\n<table></table>\n\n<table></table>\n\n<table></table>\n\n<table></table>\n\n<table></table>\n\n<table></table>\n\n<table></table>\n\n<table></table>\n\n<table></table>\n\n<table></table>\n\n<table></table>\n\n<table></table>\n\n<table></table>\n\n<table></table>\n\n<table></table>\n\n<table></table>\n\n<table></table>\n\n<table></table>\n\n<table></table>\n\n<table></table>\n\n<table></table>\n\n<table></table>\n\n<table></table>\n\n<table></table>\n\n<table></table>\n\n<table></table>\n\n<table></table>\n\n<table></table>\n\n<table></table>\n\n<table></table>\n\n<table></table>\n\n<table></table>\n\n<table></table>\n\n<table></table>\n\n<table></table>\n\n<table></table>\n\n<table></table>\n\n<table></table>\n\n<table></table>\n\n<table></table>\n\n<table></table>\n\n<table></t"
    },
    "40": {
      "summary": "<summary> tags. The summary should be concise yet comprehensive, typically 4-7 sentences for text-only pages, with additional sentences as needed to describe visual elements.\n\nFor visual elements, please use these specific tags:\n- <table_summary> for descriptions of tables\n- <figure_summary> for descriptions of figures, charts, graphs, or diagrams\n- <image_summary> for descriptions of photos, illustrations, or other images\n\nExample structure:\n<summary>\n[Main text content summary here]\n\n<table><table>Table 1: [Brief description of what the table shows]Table 2: [Brief description of what the table shows]</table></summary>"
    },
    "41": {
      "summary": "<summary> tags. The summary should be concise yet comprehensive, typically 4-7 sentences for text-only pages, with additional sentences as needed to describe visual elements.\n\nFor visual elements, please use these specific tags:\n- <table_summary> for descriptions of tables\n- <figure_summary> for descriptions of figures, charts, graphs, or diagrams\n- <image_summary> for descriptions of photos, illustrations, or other images\n\nExample structure:\n<summary>\n[Main text content summary here]\n\n<table_summary>Table 1: [Brief description of what the table shows]</table_summary>\n\n<figure_summary>Figure 2: [Brief description of what the figure depicts]</figure_summary>\n\n<image_summary>[Brief description of image content]</image_summary>\n</summary>"
    }
  }
}
