{
  "doc_id": "DSA-278777.pdf",
  "pages": {
    "1": {
      "summary": "1. **High Performance HMOS Process**  \n2. **Internal Timers/Event Counters**  \n3. **2-Level Interrupt Priority Structure**  \n4. **32 I/O Lines (Four 8-Bit Ports)**  \n5. **64K External Program Memory Space**  \n6. **Security Feature Protects EPROM Parts Against Software Piracy**\n\n---\n\nThe MCS® 51 controllers are optimized for control applications. Byte-processing and numerical operations on small data structures are facilitated by a variety of fast addressing modes for accessing the internal RAM. The instruction set provides a convenient menu of 8-bit arithmetic instructions, including multiply and divide instructions. Extensive on-chip support is provided for one-bit variables as a separate data type, allowing direct bit manipulation and testing in control and logic systems that require Boolean processing.\n\nThe 8751H is an EPROM version of the 8051AH. It has 4 Kbytes of electrically programmable ROM which can be erased with ultraviolet light. It is fully compatible with the 8051AH but incorporates one additional feature: a Program Memory Security bit that can be used to protect the EPROM against unauthorized readout. The 8751H-8 is identical to the 8751H but only operates up to 8 MHz.\n\nThe 8051AHP is identical to the 8051AH with the exception of the Protection Feature. To incorporate this Protection Feature, program verification has been disabled and external memory accesses have been limited to 4K.\n\nThe 8052AH is an enhanced version of the 8051AH. It is backwards compatible with the 8051AH and is fabricated with HMOS II technology. The 8052AH enhancements are listed in the table below. Also refer to this table for the ROM, ROMless and EPROM versions of each product.\n\n| Device | Internal Memory | Timers/ Event Counters | Interrupts |\n|-------|----------------|-------------------------|------------|\n|       | Program          | Data                    |            |\n| 8031AH | none           | 128 x 8 RAM             | 2 x 16-Bit  | 5         |\n| 8051AH | 4K x 8 ROM      | 128 x 8 RAM             | 2 x 16-Bit  | 5         |\n| 8051AHP | 4K x 8 ROM      | 128 x 8 RAM             | 2 x 16-Bit  | 5         |\n| 8751H  | 4K x 8 EPROM    | 128 x 8 RAM             | 2 x 16-Bit  | 5         |\n| 8751H-8 | 4K x 8 EPROM    | 128 x 8 RAM             | 2 x 16-Bit  | 5         |\n| 8751BH | 4K x 8 EPROM    | 128 x 8 RAM             | 2 x 16-Bit  | 5         |\n| 8032AH | none           | 256 x 8 RAM             | 3 x 16-Bit  | 6         |\n| 8052AH | 8K x 8 ROM      | 256 x 8 RAM             | 3 x 16-Bit  | 6         |\n| 8752BH | 8K x 8 EPROM    | 256 x 8 RAM             | 3 x 16-Bit  | 6         |\n\n---\n\nIntel Corporation assumes no responsibility for the use of any circuitry other than circuitry embodied in an Intel product. No other circuit patent licenses are implied"
    },
    "2": {
      "summary": "51 CONTROLLER\n\n**Figure 1. MCS® 51 Controller Block Diagram**\n\n**PROCESS INFORMATION**\n\nThe 8031AH/8051AH and 8032AH/8052AH devices are manufactured on P414.1, an HMOS II process. The 8751H/8751H-8 devices are manufactured on P421.X, an HMOS-E process. The 8751BH and 8752BH devices are manufactured on P422. Additional process and reliability information is available in Intel's Components Quality and Reliability Handbook, Order No. 210997."
    },
    "3": {
      "summary": "51 CONTROLLER\nPACKAGES\n| Part | Prefix | Package Type | θja | θjc |\n|------|--------|--------------|-----|-----|\n| 8051AH | P      | 40-Pin Plastic DIP | 45°C/W | 16°C/W |\n| 8031AH | D      | 40-Pin CERDIP | 45°C/W | 15°C/W |\n| 8052AH | N      | 44-Pin PLCC | 46°C/W | 16°C/W |\n| 8032AH |        |              |     |     |\n| 8752BH* |        |              |     |     |\n| 8751H  | D      | 40-Pin CERDIP | 45°C/W | 15°C/W |\n| 8751H-8 |        |              |     |     |\n| 8051AHP | P      | 40-Pin Plastic DIP | 45°C/W | 16°C/W |\n|          | D      | 40-Pin CERDIP | 45°C/W | 15°C/W |\n| 8751BH | P      | 40-Pin Plastic DIP | 36°C/W | 12°C/W |\n|          | N      | 44-Pin PLCC | 47°C/W | 16°C/W |\n\nNOTE:\n*8752BH is 36°/10° for D, and 38°/22° for N.\n\nAll thermal impedance data is approximate for static air conditions at 1W of power dissipation. Values will change depending on operating conditions and application. See the Intel Packaging Handbook (Order Number 240800) for a description of Intel's thermal impedance test methodology.\n\nFigure 2. MCS® 51 Controller Connections"
    },
    "4": {
      "summary": "51 CONTROLER\n\nPINDESCRIPTIONS\n\nVCC: Supply voltage.\n\nVSS: Circuit ground.\n\nPort 0: Port 0 is an 8-bit open drain bidirectional I/O port. As an output port each pin can sink 8 LS TTL inputs.\n\nPort 0 pins that have 1's written to them float, and in that state can be used as high-impedance inputs.\n\nPort 0 is also the multiplexed low-order address and data bus during accesses to external Program and Data Memory. In this application it uses strong internal pullups when emitting 1's and can source and sink 8 LS TTL inputs.\n\nPort 0 also receives the code bytes during programming of the EPROM parts, and outputs the code bytes during program verification of the ROM and EPROM parts. External pullups are required during program verification.\n\nPort 1: Port 1 is an 8-bit bidirectional I/O port with internal pullups. The Port 1 output buffers can sink/source 4 LS TTL inputs. Port 1 pins that have 1's written to them are pulled high by the internal pullups, and in that state can be used as inputs. As inputs, Port 1 pins that are externally pulled low will source current (I<sub>IL</sub> on the data sheet) because of the internal pullups.\n\nPort 1 also receives the low-order address bytes during programming of the EPROM parts and during program verification of the ROM and EPROM parts.\n\nIn the 8032AH, 8052AH and 8752BH, Port 1 pins P1.0 and P1.1 also serve the T2 and T2EX functions, respectively.\n\n| Port Pin | Alternative Function |\n|----------|-------------------|\n| P1.0     | T2 (Timer/Counter 2 External Input) |\n| P1.1     | T2EX (Timer/Counter 2 Capture/Reload Trigger) |\n\nPort 2: Port 2 is an 8-bit bidirectional I/O port with internal pullups. The Port 2 output buffers can sink/source 4 LS TTL inputs. Port 2 pins that have 1's written to them are pulled high by the internal pullups, and in that state can be used as inputs. As inputs, Port 2 pins that are externally pulled low will source current (I<sub>IL</sub> on the data sheet) because of the internal pullups.\n\nPort 2 emits the high-order address byte during fetches from external Program Memory and during accesses to external Data Memory that use 16-bit addresses (MOVX @DPTR). In this application it uses strong internal pullups when emitting 1's. During accesses to external Data Memory that use 8-bit addresses (MOVX @Ri), Port 2 emits the contents of the P2 Special Function Register.\n\nPort 2 also receives the high-order address bits during programming of the EPROM parts and during program verification of the ROM and EPROM parts.\n\nThe protection feature of the 8051AHP causes bits P2.4 through P2.7 to be forced to 0, effectively limiting external Data and Code space to 4K each during external accesses.\n\nPort 3: Port 3 is an 8-bit bidirectional I/O port with internal pullups. The Port 3 output buffers can sink/sourc"
    },
    "5": {
      "summary": "5.5V ± 0.25V, following guidelines in MIL-STD-883, Method 1015.\n\nPackage types and EXPRESS versions are identified by a one- or two-letter prefix to the part number. The prefixes are listed in Table 1.\n\nFor the extended temperature range option, this data sheet specifies the parameters which deviate from their commercial temperature range limits.\n\n---\n\n**Figure 3. Oscillator Connections**\n\n**XTAL1:** Input to the inverting oscillator amplifier.\n\n**XTAL2:** Output from the inverting oscillator amplifier.\n\n---\n\n**OSCILLATOR CHARACTERISTICS**\n\nXTAL1 and XTAL2 are the input and output, respectively, of an inverting amplifier which can be configured for use as an on-chip oscillator, as shown in Figure 3. Either a quartz crystal or ceramic resonator may be used. More detailed information concerning the use of the on-chip oscillator is available in Application Note AP-155, \"Oscillators for Microcontrollers,\" Order No. 230659.\n\n---\n\n**Figure 4. External Drive Configuration**\n\n---\n\n**EXPRESS Version**\n\nThe Intel EXPRESS system offers enhancements to the operational specifications of the MCS 51 family of microcontrollers. These EXPRESS products are designed to meet the needs of those applications whose operating requirements exceed commercial standards.\n\nThe EXPRESS program includes the commercial standard temperature range with burn-in, and an extended temperature range with or without burn-in.\n\nWith the commercial standard temperature range, operational characteristics are guaranteed over the temperature range of 0°C to +70°C. With the extended temperature range option, operational characteristics are guaranteed over a range of -40°C to +85°C.\n\nThe optional burn-in is dynamic, for a minimum time of 160 hours at 125°C with \\( V_{CC} = 5.5V \\pm 0.25V \\), following guidelines in MIL-STD-883, Method 1015.\n\nPackage types and EXPRESS versions are identified by a one- or two-letter prefix to the part number. The prefixes are listed in Table 1.\n\nFor the extended temperature range option, this data sheet specifies the parameters which deviate from their commercial temperature range limits."
    },
    "6": {
      "summary": "51 CONTROLLER\n\n**Table 1. EXPRESS Prefix Identification**\n\n| Prefix | Package Type | Temperature Range | Burn-In |\n|--------|--------------|------------------|----------|\n| P      | Plastic      | Commercial       | No       |\n| D      | Cerdp        | Commercial       | No       |\n| N      | PLCC         | Commercial       | No       |\n| TD     | Cerdp        | Extended         | No       |\n| TP     | Plastic      | Extended         | No       |\n| TN     | PLCC         | Extended         | No       |\n| LD     | Cerdp        | Extended         | Yes      |\n| LP     | Plastic      | Extended         | Yes      |\n\n**NOTE:**\nContact distributor or local sales office to match EXPRESS prefix with proper device.\n\n**DESIGN CONSIDERATIONS**\n- If an 8751BH or 8752BH is replacing an 8751H in a future design, the user should carefully compare both data sheets for DC or AC Characteristic differences. Note that the \\( V_{IH} \\) and \\( I_{IH} \\) specifications for the EA pin differ significantly between the devices.\n- Exposure to light when the EPROM device is in operation may cause logic errors. For this reason, it is suggested that an opaque label be placed over the window when the die is exposed to ambient light.\n- The 8051AHP cannot access external Program or Data memory above 4K. This means that the following instructions that use the Data Pointer only read/write data at address locations below 0FFFFH:\n  - MOVX A,@DPTR\n  - MOVX @DPTR, A\n\nWhen the Data Pointer contains an address above the 4K limit, those locations will not be accessed.\nTo access Data Memory above 4K, the MOVX @Ri,A or MOVX A,@Ri instructions must be used."
    },
    "7": {
      "summary": "51 CONTROLLER\n\n**ABSOLUTE MAXIMUM RATINGS**\n\nAmbient Temperature Under Bias . -40°C to +85°C  \nStorage Temperature . . . . . . . . . . . . . . . . . . . . . . . . . . . . . . . . . . . . . . . . . . . . . . . . . . . . . . . . . . . . . . . . . . . . . . . . . . . . . . . . . . . . . . . . . . . . . . . . . . . . . . . . . . . . . . . . . . . . . . . . . . . . . . . . . . . . . . . . . . . . . . . . . . . . . . . . . . . . . . . . . . . . . . . . . . . . . . . . . . . . . . . . . . . . . . . . . . . . . . . . . . . . . . . . . . . . . . . . . . . . . . . . . . . . . . . . . . . . . . . . . . . . . . . . . . . . . . . . . . . . . . . . . . . . . . . . . . . . . . . . . . . . . . . . . . . . . . . . . . . . . . . . . . . . . . . . . . . . . . . . . . . . . . . . . . . . . . . . . . . . . . . . . . . . . . . . . . . . . . . . . . . . . . . . . . . . . . . . . . . . . . . . . . . . . . . . . . . . . . . . . . . . . . . . . . . . . . . . . . . . . . . . . . . . . . . . . . . . . . . . . . . . . . . . . . . . . . . . . . . . . . . . . . . . . . . . . . . . . . . . . . . . . . . . . . . . . . . . . . . . . . . . . . . . . . . . . . . . . . . . . . . . . . . . . . . . . . . . . . . . . . . . . . . . . . . . . . . . . . . . . . . . . . . . . . . . . . . . . . . . . . . . . . . . . . . . . . . . . . . . . . . . . . . . . . . . . . . . . . . . . . . . . . . . . . . . . . . . . . . . . . . . . . . . . . . . . . . . . . . . . . . . . . . . . . . . . . . . . . . . . . . . . . . . . . . . . . . . . . . . . . . . . . . . . . . . . . . . . . . . . . . . . . . . . . . . . . . . . . . . . . . . . . . . . . . . . . . . . . . . . . . . . . . . . . . . . . . . . . . . . . . . . . . . . . . . . . . . . . . . . . . . . . . . . . . . . . . . . . . . . . . . . . . . . . . . . . . . . . . . . . . . . . . . . . . . . . . . . . . . . . . . . . . . . . . . . . . . . . . . . . . . . . . . . . . . . . . . . . . . . . . . . . . . . . . . . . . . . . . . . . . . . . . . . . . . . . . . . . . . . . . . . . . . . . . . . . . . . . . . . . . . . . . . . . . . . . . . . . . . . . . . . . . . . . . . . . . . . . . . . . . . . . . . . . . . . . . . . . . . . . . . . . . . . . . . . . . . . . . . . . . . . . . . . . . . . . . . . . . . . . . . . . . . . . . . . . . . . . . . . . . . . . . . . . . . . . . . . . . . . . . . . . . . . . . . . . . . . . . . . . . . . . . . . . . . . . . . . . . . . . . . . . . . . . . . . . . . . . . . . . . . . . . . . . . . . . . . . . . . . . . . . . . . . . . . . . . . . . . . . . . . . . . . . . . . . . . . . . . . . . . . . . . . . . . . . . . . . . . . . . . . . . . . . . . . . . . . . . . . . . . . . . . . . . . . . . . . . . . . . . . . . . . . . . . . . . . . . . . . . . . . . . . . . . . . . . . . . . . . . . . . . . . . . . . . . . . . . . . . . . ."
    },
    "8": {
      "summary": "51 Controller MCS®\n\nDC CHARACTERISTICS (Over Operating Conditions)\n\nAll parameter values apply to all devices unless otherwise indicated (Continued)\n\n| Symbol | Parameter                  | Min  | Max  | Units | Test Conditions |\n|--------|----------------------------|-----|------|-------|---------------|\n| I<sub>IL2</sub> | Logical 0 Input Current (XTAL2) | -3.2 | mA   | V<sub>IN</sub> = 0.45V |\n| I<sub>LI</sub> | Input Leakage Current (Port 0) 8751H and 8751H-8 All Others | ±100 | µA   | 0.45 ≤ V<sub>IN</sub> ≤ V<sub>CC</sub> |\n| I<sub>IH</sub> | Logical 1 Input Current (EA) 8751H and 8751H-8 8751BH/8752BH | 500  | µA   | V<sub>IN</sub> = 2.4V 4.5V < V<sub>IN</sub> < 5.5V |\n| I<sub>IH1</sub> | Input Current to RST to Activate Reset | 500  | µA   | V<sub>IN</sub> < (V<sub>CC</sub> – 1.5V) |\n| I<sub>CC</sub> | Power Supply Current: 8031AH/8051AH/8051AHP 8032AH/8052AH/8751BH/8752BH 8751H/8751H-8 | 125  | mA   | All Outputs Disconnected; EA = V<sub>CC</sub> |\n| C<sub>IO</sub> | Pin Capacitance | 10   | pF   | Test freq = 1 MHz |\n\nNOTES:\n1. Capacitive loading on Ports 0 and 2 may cause spurious noise pulses to be superimposed on the V<sub>OL</sub>s of ALE/PROG and Ports 1 and 3. The noise is due to external bus capacitance discharging into the Port 0 and Port 2 pins when these pins make 1-to-0 transitions during bus operations. In the worst cases (capacitive loading > 100 pF), the noise pulse on the ALE/PROG pin may exceed 0.8V. In such cases it may be desirable to qualify ALE with a Schmitt Trigger, or use an address latch with a Schmitt Trigger STROBE input.\n2. ALE/PROG refers to a pin on the 8751BH. ALE refers to a timing signal that is output on the ALE/PROG pin.\n3. Under steady state (non-transient) conditions, I<sub>OL</sub> must be externally limited as follows:\n   Maximum I<sub>OL</sub> per port pin: 10 mA\n   Maximum I<sub>OL</sub> per 8-bit port - Port 0: 26 mA\n              Ports 1, 2, and 3: 15 mA\n   Maximum total I<sub>OL</sub> for all output pins: 71 mA\nIf I<sub>OL</sub> exceeds the test condition, V<sub>OL</sub> may exceed the related specification. Pins are not guaranteed to sink current greater than the listed test conditions."
    },
    "9": {
      "summary": "51 CONTROLLER\n\nL: Logic level LOW, or ALE\nP: PSEN\nQ: Output data\nR: RD signal\nT: Time\nV: Valid\nW: WR signal\nX: No longer a valid logic level\nZ: Float\n\nFor example,\nTAVLL = Time from Address Valid to ALE Low.\nTLLPL = Time from ALE Low to PSEN Low.\n\nAC CHARACTERISTICS (Under Operating Conditions; Load Capacitance for Port 0, ALE/PROG, and PSEN = 100 pF; Load Capacitance for All Other Outputs = 80 pF)\n\nEXTERNAL PROGRAM MEMORY CHARACTERISTICS\n\n| Symbol | Parameter                  | 12 MHz Oscillator | Variable Oscillator | Units |\n|--------|----------------------------|--------------------|---------------------|-------|\n|        |                            | Min                | Max                 |       |\n| 1/TCLCL | Oscillator Frequency      | 127                | 3.5                | MHz   |\n| TLHLL  | ALE Pulse Width           | 127                | 2TCLCL - 40         | ns    |\n| TAVLL  | Address Valid to ALE Low   | 43                 | TCLCL - 40          | ns    |\n| TLLAX  | Address Hold after ALE Low | 48                 | TCLCL - 35          | ns    |\n| TLLIV  | ALE Low to Valid Instr In   | 183               |                     | ns    |\n|        | 8751H All Others            | 233               |                     | ns    |\n| TLLPL  | ALE Low to PSEN Low        | 58                 | TCLCL - 25          | ns    |\n| TPLPH  | PSEN Pulse Width           | 190               | 3TCLCL - 60         | ns    |\n|        | 8751H All Others            | 215               | 3TCLCL - 35         | ns    |\n| TPLIV  | PSEN Low to Valid Instr In   | 100               |                     | ns    |\n|        | 8751H All Others            | 125               |                     | ns    |\n| TPXIX  | Input Instr Hold after PSEN | 0                  | 0                   | ns    |\n| TPXIZ  | Input Instr Float after PSEN | 63                 |                     | ns    |\n| TPXAV  | PSEN to Address Valid       | 75                 | TCLCL - 8           | ns    |\n| TAVIV  | Address to Valid Instr In     | 267               |                     | ns    |\n|        | 8751H All Others            | 302               |                     | ns    |\n| TPLAZ  | PSEN Low to Address Float    | 20                 | 20                  | ns    |\n| TRLRH  | RD Pulse Width              | 400                | 6TCLCL - 100        | ns    |\n| TWLWH  | WR Pulse Width             | 400                | 6TCLCL - 100        | ns    |\n| TRLDV  | RD Low to Valid Data In     | 252               |                     | ns    |\n| TRHDX  | Data Hold after RD          | 0                  | 0                   | ns    |\n| TRHDZ  | Data Float after RD         | 97                 | 2TCLCL - 70         | ns    |\n| TLLDV  | ALE Low to Valid Data In     | 517               | 8TCLCL - 15"
    },
    "10": {
      "summary": "51 CONTROLLER\n\n**Note: \n*The 8751H-8 is identical to the 8751H but only operates up to 8 MHz. When calculating the AC Characteristics for the 8751H-8, use the 8751H formula for variable oscillators.*"
    },
    "11": {
      "summary": "1. Carefully read and analyze the page content.\n2. Identify the main topics, key points, and important details presented on the page.\n3. Note any tables, figures, charts, diagrams, or images on the page and briefly describe their content and purpose.\n4. Create a structured summary that captures:\n   - The essential textual information from the page\n   - Descriptions of any visual elements (tables, figures, images, etc.)\n   - Any particularly notable or unique information\n\nPlease follow these steps to create your summary:\n\n1. Carefully read and analyze the page content.\n2. Identify the main topics, key points, and important details presented on the page.\n3. Note any tables, figures, charts, diagrams, or images on the page and briefly describe their content and purpose.\n4. Create a structured summary that captures:\n   - The essential textual information from the page\n   - Descriptions of any visual elements (tables, figures, images, etc.)\n   - Any particularly notable or unique information\n\nPlease follow these steps to create your summary:\n\n1. Carefully read and analyze the page content.\n2. Identify the main topics, key points, and important details presented on the page.\n3. Note any tables, figures, charts, diagrams, or images on the page and briefly describe their content and purpose.\n4. Create a structured summary that captures:\n   - The essential textual information from the page\n   - Descriptions of any visual elements (tables, figures, images, etc.)\n   - Any particularly notable or unique information\n\nPlease follow these steps to create your summary:\n\n1. Carefully read and analyze the page content.\n2. Identify the main topics, key points, and important details presented on the page.\n3. Note any tables, figures, charts, diagrams, or images on the page and briefly describe their content and purpose.\n4. Create a structured summary that captures:\n   - The essential textual information from the page\n   - Descriptions of any visual elements (tables, figures, images, etc.)\n   - Any particularly notable or unique information\n\nPlease follow these steps to create your summary:\n\n1. Carefully read and analyze the page content.\n2. Identify the main topics, key points, and important details presented on the page.\n3. Note any tables, figures, charts, diagrams, or images on the page and briefly describe their content and purpose.\n4. Create a structured summary that captures:\n   - The essential textual information from the page\n   - Descriptions of any visual elements (tables, figures, images, etc.)\n   - Any particularly notable or unique information\n\nPlease follow these steps to create your summary:\n\n1. Carefully read and analyze the page content.\n2. Identify the main topics, key points, and important details presented on the page.\n3. Note any tables, figures, ch"
    },
    "12": {
      "summary": "51 CONTROLLER\n\nSERIAL PORT TIMING—SHIFT REGISTER MODE\nTest Conditions: Over Operating Conditions; Load Capacitance = 80 pF\n\n| Symbol | Parameter | 12 MHz Oscillator | Variable Oscillator | Units |\n|-------|-----------|-------------------|--------------------|--------|\n| TXLXL  | Serial Port Clock Cycle Time | 1.0 | 12TCLCL | µs    |\n| TQVXH  | Output Data Setup to Clock Rising Edge | 700 | 10TCLCL – 133 | ns    |\n| TXHQX  | Output Data Hold after Clock Rising Edge | 50 | 2TCLCL – 117 | ns    |\n| TXHDX  | Input Data Hold after Clock Rising Edge | 0 | 0 | ns    |\n| TXHDV  | Clock Rising Edge to Input Data Valid | 700 | 10TCLCL – 133 | ns    |\n\nSHIFT REGISTER MODE TIMING WAVEFORMS"
    },
    "13": {
      "summary": "1. Carefully read and analyze the page content.\n2. Identify the main topics, key points, and important details presented on the page.\n3. Note any tables, figures, charts, diagrams, or images on the page and briefly describe their content and purpose.\n4. Create a structured summary that captures:\n   - The essential textual information from the page\n   - Descriptions of any visual elements (tables, figures, images, etc.)\n   - Any particularly notable or unique information\n\nPlease note that the provided example is a template and may need to be adjusted based on the specific content and layout of the actual document you are analyzing."
    },
    "14": {
      "summary": "51 CONTROLLER\n\nEPROM CHARACTERISTICS\n\n| Mode | RST | PSEN | ALE | EA | P2.7 | P2.6 | P2.5 | P2.4 |\n|------|-----|------|-----|----|-------|-------|-------|------|\n| Program | 1   | 0    | 0*  | VPP | 1     | 0     | X      | X    |\n| Verify | 1   | 0    | 1    | 1   | 0     | 0     | X      | X    |\n| Security Set | 1 | 0 | 0* | VPP | 1     | 1     | X      | X    |\n\nNOTE:\n\"1\" = logic high for that pin\n\"0\" = logic low for that pin\n\"X\" = \"don't care\"\n\nPROGRAMMING THE 8751H\n\nTo be programmed, the part must be running with a 4 to 6 MHz oscillator. (The reason the oscillator needs to be running is that the internal bus is being used to transfer address and program data to appropriate internal registers.) The address of an EPROM location to be programmed is applied to Port 1 and pins P2.0–P2.3 of Port 2, while the code byte to be programmed into that location is applied to Port 0. The other Port 2 pins, and RST, PSEN, and EA/Vpp should be held at the \"Program\" levels indicated in Table 3. ALE/PROG is pulsed low for 50 ms to program the code byte into the addressed EPROM location. The setup is shown in Figure 5.\n\nNormally EA/Vpp is held at a logic high until just before ALE/PROG is to be pulsed. Then EA/Vpp is raised to +21V, ALE/PROG is pulsed, and then EA/Vpp is returned to a logic high. Waveforms and detailed timing specifications are shown in later sections of this data sheet.\n\nFigure 5. Programming Configuration\n\nNote that the EA/VPP pin must not be allowed to go above the maximum specified VPP level of 21.5V for any amount of time. Even a narrow glitch above that voltage level can cause permanent damage to the device. The VPP source should be well regulated and free of glitches.\n\nProgram Verification\n\nIf the Security Bit has not been programmed, the on-chip Program Memory can be read out for verification purposes, if desired, either during or after the programming operation. The address of the Program Memory location to be read is applied to Port 1 and pins P2.0–P2.3. The other pins should be held at the \"Verify\" levels indicated in Table 3. The contents of the addressed location will come out on Port 0. External pulplps are required on Port 0 for this operation.\n\nThe setup, which is shown in Figure 6, is the same as for programming the EPROM except that pin P2.7 is held at a logic low, or may be used as an active-low read strobe.\n\nFigure 6. Program Verification"
    },
    "15": {
      "summary": "51 CONTROLLER\n\nThe provided image is a block diagram of an electronic circuit, not a page from a document. Therefore, it does not contain any text that can be extracted and summarized in the same way as the provided text."
    },
    "16": {
      "summary": "272318-14\n\nFor programming conditions see Figure 5.\nFor verification conditions see Figure 6."
    },
    "17": {
      "summary": "5. **Programming the EPRM Program**  \n**Table 4. EPROM Programming Modes for 875XBH**\n\n| MODE | RST | PSEN | ALE/ PROG | EA/ Vpp | P2.7 | P2.6 | P3.6 | P3.7 |\n|------|-----|------|-----------|---------|------|------|------|------|\n| Program Code Data | 1   | 0    | 0*       | Vpp    | 1    | 0    | 1    | 1    |\n| Verify Code Data | 1   | 0    | 1        | 1      | 0    | 0    | 1    | 1    |\n| Program Encryption Table Use Addresses 0-1FH | 1   | 0    | 0*       | Vpp    | 1    | 0    | 0    | 1    |\n| Program Lock x=1 Bits (LBx) x=2 | 1   | 0    | 0*       | Vpp    | 1    | 1    | 1    | 1    |\n| Read Signature | 1   | 0    | 1        | 1      | 0    | 0    | 0    | 0    |\n\n**NOTES:**\n\"1\" = Valid high for that pin  \n\"0\" = Valid low for that pin  \n\"Vpp\" = +12.75V ±0.25V  \n*ALE/PROG is pulsed low for 100 uS for programming. (Quick-Pulse Programming)\n\n---\n\n**Figure 8. Programming the EPROM**\n\n| MODE | RST | PSEN | ALE/ PROG | EA/ Vpp | P2.7 | P2.6 | P3.6 | P3.7 |\n|------|-----|------|-----------|---------|------|------|------|------|\n| Program Code Data | 1   | 0    | 0*       | Vpp    | 1    | 0    | 1    | 1    |\n| Verify Code Data | 1   | 0    | 1        | 1      | 0    | 0    | 1    | 1    |\n| Program Encryption Table Use Addresses 0-1FH | 1   | 0    | 0*       | Vpp    | 1    | 1    | 1    | 1    |\n| Program Lock x=1 Bits (LBx) x=2 | 1   | 0    | 0*       | Vpp    | 1    | 1    | 0    | 0    |\n| Read Signature | 1   | 0    | 1        | 1      | 0    | 0    | 0    | 0    |"
    },
    "18": {
      "summary": "51 CONTROLLER\n\nQUICK-PULSE PROGRAMMING ALGORITHM\n\nThe 875XBH can be programmed using the Quick-Pulse Programming Algorithm for microcontrollers. The features of the new programming method are a lower Vpp (12.75 volts as compared to 21 volts) and a shorter programming pulse. For example, it is possible to program the entire 8 Kbytes of 875XBH EPROM memory in less than 25 seconds with this algorithm!\n\nTo program the part using the new algorithm, Vpp must be 12.75 ± 0.25 Volts. ALE/PROG is pulsed low for 100 μseconds, 25 times as shown in Figure 9. Then, the byte just programmed may be verified. After programming, the entire array should be verified. The Program Lock features are programmed using the same method, but with the setup as shown in Table 4. The only difference in programming Lock features is that the Lock features cannot be directly verified. Instead, verification of programming is by observing that their features are enabled.\n\nPROGRAM VERIFICATION\n\nIf the Lock Bits have not been programmed, the on-chip Program Memory can be read out for verification purposes, if desired, either during or after the programming operation. The address of the Program Memory location to be read is applied to Port 1 and pins P2.0 - P2.4. The other pins should be held at the \"Verify\" levels indicated in Table 1. The contents of the addressed location will come out on Port 0. External pulps are required on Port 0 for this operation. (If the Encryption Array in the EPROM has been programmed, the data present at Port 0 will be Code Data XNOR Encryption Data. The user must know the Encryption Array contents to manually \"unencrypt\" the data during verify.)\n\nThe setup, which is shown in Figure 10, is the same as for programming the EPROM except that pin P2.7 is held at a logic low, or may be used as an active low read strobe.\n\nFigure 9. PROG Waveforms\n\nFigure 10. Verifying the EPROM"
    },
    "19": {
      "summary": "5. PROGRAM MEMORY LOCK\n\nThe two-level Program Lock system consists of 2 Lock bits and a 32-byte Encryption Array which are used to protect the program memory against software piracy.\n\n| Lock Bits | Logic Enabled |\n|-----------|---------------|\n| U         | Minimum Program Lock features enabled. (Code Verify will still be encrypted by the Encryption Array) |\n| P         | MOVC instructions executed from external program memory are disabled from fetching code bytes from internal memory, EA is sampled and latched on reset, and further programming of the EPROM is disabled |\n| P         | Same as above, but Verify is also disabled |\n| U         | Reserved for Future Definition |\n\nIt is recommended that whenever the Encryption Array is used, at least one of the Lock Bits be programmed as well.\n\n**LOCK BITS**\n\nAlso included in the EPROM Program Lock scheme are two Lock Bits which function as shown in Table 5.\n\n| Lock Bits | Logic Enabled |\n|-----------|---------------|\n| U         | Minimum Program Lock features enabled. (Code Verify will still be encrypted by the Encryption Array) |\n| P         | MOVC instructions executed from external program memory are disabled from fetching code bytes from internal memory, EA is sampled and latched on reset, and further programming of the EPROM is disabled |\n| P         | Same as above, but Verify is also disabled |\n| U         | Reserved for Future Definition |\n\nErasing the EPROM also erases the Encryption Array and the Lock Bits, returning the part to full unlocked functionality.\n\nTo ensure proper functionality of the chip, the internally latched value of the EA pin must agree with its external state.\n\n**READING THE SIGNATURE BYTES**\n\nThe signature bytes are read by the same procedure as a normal verification of locations 030H and 031H, except that P3.6 and P3.7 need to be pulled to a logic low. The values returned are:\n\n(030H) = 89H indicates manufactured by Intel\n(031H) = 51H indicates 8751BH\n52H indicates 8752BH"
    },
    "20": {
      "summary": "51 Controller\n\nERASURE CHARACTERISTICS\n\nErasure of the EPROM begins to occur when the 8752BH is exposed to light with wavelengths shorter than approximately 4,000 Angstroms. Since sunlight and fluorescent lighting have wavelengths in this range, exposure to these light sources over an extended time (about 1 week in sunlight, or 3 years in room-level fluorescent lighting) could cause inadvertent erasure. If an application subjects the device to this type of exposure, it is suggested that an opaque label be placed over the window.\n\nThe recommended erasure procedure is exposure to ultraviolet light (at 2537 Angstroms) to an integrated dose of at least 15 W-sec/cm. Exposing the EPROM to an ultraviolet lamp of 12,000 μW/cm rating for 30 minutes, at a distance of about 1 inch, should be sufficient.\n\nErasure leaves the array in an all 1s state.\n\nEPROM PROGRAMMING AND VERIFICATION CHARACTERISTICS\n\n(T_A = 21°C to 27°C, V_{CC} = 5.0V ± 10%, V_{SS} = 0V)\n\n| Symbol | Parameter                  | Min    | Max    | Units |\n|--------|----------------------------|-------|-------|-------|\n| Vpp    | Programming Supply Voltage | 12.5  | 13.0  | V     |\n| Ipp    | Programming Supply Current | 50    | mA    |       |\n| 1/TCLCL | Oscillator Frequency      | 4     | 6     | MHz  |\n| TAVGL  | Address Setup to PROG Low   | 48TCLCL|       |       |\n| TGHAX  | Address Hold After PROG     | 48TCLCL|       |       |\n| TDVGL  | Data Setup to PROG Low      | 48TCLCL|       |       |\n| TGDHX  | Data Hold After PROG         | 48TCLCL|       |       |\n| TEHSH  | P2.7 (ENABLE) High to Vpp   | 48TCLCL|       |       |\n| TSHGL  | Vpp Setup to PROG Low        | 10    |       | µS    |\n| TGHSL  | Vpp Hold After PROG          | 10    |       | µS    |\n| TGLGH  | PROG Width                   | 90    | 110   | µS    |\n| TAVQV  | Address to Data Valid         |       | 48TCLCL|       |\n| TELQV  | ENABLE Low to Data Valid     |       | 48TCLCL|       |\n| TEHQZ  | Data Float After ENABLE       | 0     | 48TCLCL|       |\n| TGHGL  | PROG High to PROG Low        | 10    |       | µS    |\n\nEPROM PROGRAMMING AND VERIFICATION WAVEFORMS\n\nP1.0-P1.7\nP2.0-P2.4\nPORT 0\nALE/PROG\nTAVG\nTSHGL\nTGLGH\nEA/Vpp\nP2.7\nPROGRAMMING\nADDRESS\nDATA IN\n25\nPULSES\nTGH\nTGH\nTGH\nTGH\nTGH\nTGH\nTGH\nTGH\nTGH\nTGH\nTGH\nTGH\nTGH\nTGH\nTGH\nTGH\nTGH\nTGH\nTGH\nTGH\nTGH\nTGH\nTGH\nTGH\nTGH\nTGH\nTGH\nTGH\nTGH\nTGH\nTGH\nTGH\nTGH\nTGH\nTGH\nTGH\nTGH\nTGH\nTGH\nTGH\nTGH\nTGH\nTGH\nTGH\nTGH\nTGH\nTGH\nTGH\nTGH\nTGH\nTGH\nTGH\nTGH\nTGH\nTGH\nTGH\nTGH\nTGH\nTGH\nTGH\nTGH\nTGH\nTGH\nTGH\nTGH\nTGH\nTGH\nTGH\nTGH\nTGH\nTGH\nTGH\nTGH\nTGH\nTGH\nTGH\nTGH\nTGH\nTGH\nTGH\nTGH\nTGH\nTGH\nTGH\nTGH\nTGH\nTGH\nTGH\nTGH\nTGH\nTGH\nTGH\nTGH\nTGH\nTGH\nTGH\nTGH\nTGH\nTGH\nTGH\nTGH\nTGH\nTGH\nTGH\nTGH\nTGH\nTGH\nTGH\nTGH\nTGH\nTGH\nTGH\nTGH\nTGH\nTGH\nTGH\nTGH\nTGH\nTGH\nTGH\nTGH\nTGH\nTGH\nTGH\nTGH\nTGH\nTGH\nTGH\nTGH\nTGH\nTGH\nTGH\nTGH\nTGH\nTGH\nTGH\nTGH\nTGH\nTGH\nTGH\nTGH\nTGH\nTGH\n"
    },
    "21": {
      "summary": "1. MCS® 51 CONTROLLER\n2. Datasheets are changed as new device information becomes available. Verify with your local Intel sales office that you have the latest version before finalizing a design or ordering devices.\n3. The following differences exist between this datasheet (272318-002) and the previous version (272318-001):\n   1. Removed QP and QD (commercial with extended burn-in) from Table 1. EXPRESS Prefix Identification.\n4. This datasheet (272318-001) replaces the following datasheets:\n   - MCS® 51 Controllers (270048-007)\n   - 8051AHP (270279-004)\n   - 8751BH (270248-005)\n   - 8751BH EXPRESS (270708-001)\n   - 8752BH (270429-004)\n   - 8752BH EXPRESS (270650-002)"
    }
  }
}
