{
  "doc_id": "e79deb02a0c0e87511080836c5d4347b.pdf",
  "pages": {
    "1": {
      "summary": "2023-08-01"
    },
    "2": {
      "summary": "1.5"
    },
    "3": {
      "summary": "1. Executive Summary\n2. Mission, Vision and Values\n3. Strategic Map\n4. Strategic Priorities\n5. Appendices\n    A: Strategic Planning Participants\n    B: Planning and Monitoring Summary\n    C: SWOT Analysis\n    D: Alignment\n    E: Environmental Scan Resources"
    },
    "4": {
      "summary": "1. **Mission – Why do we exist?**\n   To protect, promote and improve the health of all people in Florida through integrated state, county and community efforts.\n\n: 2. **Vision – What do we want to achieve?**\n   To be the Healthiest State in the Nation.\n\n: 3. **Values – What do we use to achieve our mission and vision?**\n   I. innovation: We search for creative solutions and manage resources wisely.\n   C. collaboration: We use teamwork to achieve common goals & solve problems.\n   A. accountability: We perform with integrity & respect.\n   R. responsiveness: We achieve our mission by serving our customers & engaging our partners.\n   E. excellence: We promote quality outcomes through learning & continuous performance improvement.\n\nThe Division of Medical Quality Assurance (MQA) is dedicated to the mission, vision and values of the Department. Working in conjunction with 22 boards and six councils, MQA established the strategic priorities set forth in this plan. Over the next three years, MQA will work diligently to accomplish these goals and further contribute to the Department’s vision to be the healthiest state in the nation."
    },
    "5": {
      "summary": "1. Increase the healthy weight of children and adults.\n2. Improve efficiency of process for disseminating information on emerging health threats to licensees and other interested parties.\n3. By December 31, 2018, increase the division's number of Healthiest Weight Activities from 34 (2015) to 37.\n4. By December 31, 2016, reduce the time to disseminate information on emerging health threats from 8 hours (2015) to 4 hours.\n5. By June 30, 2018, increase the number of communication products from 198 (2015) to 218.\n6. By December 31, 2018, increase the number of MQA employees who participated in one or more professional development opportunities from 98 (2015) to 147.\n7. By December 31, 2018, reduce the average time to issue a license from 65 days (2015) to 49 days.\n8. By December 31, 2018, reduce the average time to issue a facility license from 60 days (2015) to 45 days.\n9. By December 31, 2018, increase the number of applications approved for health care licensure of military spouses and honorably-discharged veterans from 137 (2015) to 206.\n10. By December 31, 2017, establish enterprise solutions for all department regulatory functions.\n11. By December 31, 2017, increase the number of employees with complete Individual Development Plan (vs. completion of Learning Management System activities).\n12. Increase the number of communications products (e.g. press releases, infographics, and social media).\n13. Increase the percentage of employees with complete Individual Development Plan (vs. completion of Learning Management System activities).\n14. Increase the percentage of licensed health professionals.\n15. Standardize department regulatory systems.\n16. By December 31, 2018, increase the division’s number of Healthiest Weight Activities from 34 (2015) to 37.\n17. By December 31, 2016, reduce the time to disseminate information on emerging health threats from 8 hours (2015) to 4 hours.\n18. By June 30, 2018, increase the number of communication products from 198 (2015) to 218.\n19. By December 31, 2018, increase the number of MQA employees who participated in one or more professional development opportunities from 98 (2015) to 147.\n20. By December 31, 2018, reduce the average time to issue a license from 65 days (2015) to 49 days.\n21. By December 31, 2018, reduce the average time to issue a facility license from 60 days (2015) to 45 days.\n22. By December 31, 2018, increase the number of applications approved for health care licensure of military spouses and honorably-discharged veterans from 137 (2015) to 206.\n23. By December 31, 2017, establish enterprise solutions for all department regulatory functions.\n24. By December 31, 2017, increase the number of employees with complete Individual Development Plan (vs. completion of Learning Management System activities)"
    },
    "6": {
      "summary": "1. Establish a strategic priorities list\n2. Prioritize goals\n3. Develop a strategy\n4. Implement the strategy\n5. Monitor progress and make adjustments as needed\n\n---\n\n### Priority 1: Healthy Moms and Babies: Not applicable\n\n#### Priority 2: Long, Healthy Life\nGoal 2.1: Increase healthy life expectancy\n\n| Strategy | Objective |\n|----------|-----------|\n| 2.1.1    | By December 31, 2018, increase the division's number of Healthiest Weight Activities from 34 (2015) to 37. |\n\n---\n\n### Priority 3: Readiness for Emerging Health Threats\nGoal 3.1: Demonstrate readiness for emerging health threats\n\n| Strategy | Objective |\n|----------|-----------|\n| 3.1.1    | By December 31, 2016, reduce the time to disseminate information on emerging health threats from 8 hours (2015) to 4 hours. |\n\n---\n\n### Priority 4: Effective Agency Processes\nGoal 4.1: Establish a sustainable infrastructure, which includes a competent workforce, sustainable process and Effective use of technology, which supports all of the Department’s core business functions\n\n| Strategy | Objective |\n|----------|-----------|\n| 4.1.1    | By June 30, 2018, increase the number of communication products from 198 (2015) to 218. |\n| 4.1.2    | By December 31, 2018, increase the number of MQA employees who participated in one or more professional development opportunities from 98 (2015) to 147. |\n\n---\n\n### Strategic Priority 5: Regulatory Efficiency\nGoal 5.1: Establish a regulatory structure that supports the state’s strategic priorities related to global competitiveness and economic growth\n\n| Strategy | Objective |\n|----------|-----------|\n| 5.1.2    | By December 31, 2018, reduce the average time to issue a license from 65 days (2015) to 49 days. |\n| 5.1.3    | By December 31, 2018, reduce the average time to issue a facility license from 60 days (2015) to 45 days. |\n| 5.1.4    | By December 31, 2018, increase the number of applications approved for health care licensure of military spouses and honorably-discharged veterans from 137 (2015) to 206. |\n| 5.1.5    | By December 31, 2017, establish enterprise solutions for all department regulatory functions. |\n\n---\n\nVersion 1.3"
    },
    "7": {
      "summary": "1. **Division of Medical Quality Assurance Strategic Planning Participants**\nThe following list features all attendees of the division’s strategic planning process meetings, including the MQA Strategic Planning Retreat held in July 2015 and the Healthiest Weight Liaisons and Board Chairs/Vice Chairs Annual Long-range Planning Meetings held in September 2015. Although not included individually in the list, all MQA employees, management and board/council members participated in a Strengths, Weaknesses, Opportunities and Threats (SWOT) survey in 2015.\n\n**MQA Executive Leadership**\nLucy C. Gee, MS\nDirector, Division of Medical Quality Assurance\n\nLola Pouncey\nChief, Bureau of Operations\n\nAdrienne Rodgers, JD, BSN\nChief, Bureau of Health Care Practitioner Regulation\n\nMark Whitten\nChief, Bureau of Enforcement\n\n**DOH Executive Leadership**\nCeleste Philip, MD, MPH\nDeputy Secretary for Health Deputy State Health Officer for CMS\n\nNichole Geary\nGeneral Counsel\n\nJ. Martin Stubblefield\nDeputy Secretary for Administration\n\n**MQA Management**\nBrittain Keen\nOperations and Management Consultant II\n\nSylvia Sanders\nOperations and Management Consultant II\n\nMelinda Simmons\nSenior Health Budget Analyst A\n\nGwendolyn Bailey\nOperations and Management Consultant Manager\n\nDiane Dennin\nSenior Management Analyst Supervisor\n\nDebora Hall\nSenior Management Analyst Supervisor\n\nAnthony Jusevitch\nInvestigation Manager\n\nChristopher Ferguson\nAssistant Chief of Investigative Services\n\nThomas Doughty\nManager, MQA Applications, Information Technology\n\nJennifer Wenhold, MSW\nExecutive Director, Boards of Dentistry, Athletic Training, Hearing Aid Specialists, Clinical Social Work, Marriage and Family Therapy, and Mental Health Counseling, and Opticianry\n\nJoe Baker, Jr.\nExecutive Director, Board of Nursing and Council on Certified Nursing Assistants\n\nAllison Dudley, JD\nExecutive Director, Board of Pharmacy\n\nClaudia J. Kemp, JD\nExecutive Director, Boards of Osteopathic Medicine, Speech-Language Pathology and Audiology, Massage Therapy, Acupuncture and the Council of Licensed Midwifery\n\nAllen Hall\nExecutive Director, Boards of Occupational Therapy, Physical Therapy, Psychology, Respiratory Care, and Councils of Dietetics and Nutrition and Electrolysis\n\nAnthony B. Spivey, DBA\nExecutive Director, Boards of Chiropractic Medicine, Clinical Laboratory Personnel, Nursing Home Administrators, Optometry, Orthotists and Prosthetists, Podiatric Medicine, and Advisory Council of Medical Physicists\n\nSue Foster\nExecutive Director, Boards of Dentistry, Athletic Training, Hearing Aid Specialists, Clinical Social Work, Marriage and Family Therapy, and Mental Health Counseling, and Opticianry\n\nAndre Ourso, JD, MPH\nExecutive Director, Board of Medicine and Council on Physician Assistants\n\n**Board Legal Counsel**\nE"
    },
    "8": {
      "summary": "1. Thoroughly review the page content to identify key points and main ideas.\n2. Use bullet points or numbered lists to summarize each section or paragraph.\n3. Ensure that the summary accurately reflects the content of the page.\n4. Check for accuracy and completeness of the summary.\n\nHere's an example of a summary for the page you provided:\n\n---\n\n**Board and Council Members**\nNicholas Pappas, ATC, LAT  \nChair, Board of Athletic Training\n\nBilly 'Bo' McDougal, ATC, LAT  \nVice Chair, Board of Athletic Training\n\nJamie Buller, LCSW  \nChair, Board of Clinical Social Work, Marriage & Family Therapy and Mental Health Counseling\n\nSusan Gillespy, LMFT  \nVice Chair, Board of Clinical Social Work, Marriage & Family Therapy and Mental Health Counseling\n\nLeonard Britten, DDS  \nVice Chair, Board of Dentistry\n\nWilliam Kochenour, DDS  \nChair, Board of Dentistry\n\nCatherine Cabanzon, RDH  \nMember, Board of Dentistry\n\nDouglas Moore, HAS  \nMember, Board of Hearing Aid Specialists\n\nByron D. Shannon, OD  \nChair, Board of Opticianry\n\nJohn B. Girdler, III  \nVice Chair, Board of Opticianry\n\nKathryn L. Whitson MSN, RN  \nVice Chair, Board of Nursing\n\nLori Desmond, MSN, RN, NE-BC  \nMember, Board of Nursing\n\nDebra Glass, BPharm  \nVice Chair, Board of Pharmacy\n\nJoylynn M. Greenhalgh, DNP, ARNP  \nChair, Electrolysis Council\n\nJackie Shank, MS, RD, LDN  \nVice Chair, Dietetics and Nutrition Practice Council\n\nSheah Rarback, MS, RD, LDN  \nMember, Dietetics and Nutrition Practice Council\n\nPeggy Cooper, MS, RD, LDN  \nChair, Dietetics and Nutrition Practice Council\n\nAnthony J. Hicks, OTR  \nChair, Board of Occupational Therapy\n\nHeidi Roeck-Simmons, DOT/OTR  \nMember, Board of Occupational Therapy\n\nChristina L. Pettie, PT, MHA  \nVice Chair, Board of Physical Therapy\n\nSteven Chenoweth, PT  \nMember, Board of Physical Therapy\n\nDean Aufderheide, PhD  \nChair, Board of Psychology\n\nAndrew S. Rubin, PhD  \nVice Chair, Board of Psychology\n\nJ. Drake Miller, PsyD  \nMember, Board of Psychology\n\nRoberto Garcia, RRT  \nMember, Board of Respiratory Care\n\nRaymond J. Hulley, PA  \nChair, Council on Physician Assistants\n\nBernardo Fernandez, MD  \nChair, Board of Medicine\n\nSarvam TerKonda, MD  \nVice Chair, Board of Medicine\n\nKevin Fogarty, DC, FICA  \nChair, Board of Chiropractic Medicine\n\nDanita Heagy, DC  \nMember, Board of Chiropractic Medicine\n\nLinda Valdes, MS, MT (ASCP)  \nVice Chair, Board of Clinical Laboratory Personnel\n\nCarleen P. Van Siclen, MS, MLS  \nChair, Board of Clinical Laboratory Personnel\n\nHenry Gerrity, III, NHA  \nChair, Board of Nursing Home Administrators\n\nScott Lipman, MHSA, NHA  \nVice Chair, Board of Nursing Home Administrators\n\nChristine Hankerson, MSN, MS/P, PhD, RN  \nMember, Board of Nursing Home Administrators\n\nTimothy Underhill, OD  \nChair, Board of Optometry\n\nStuart Kaplan, OD  \nVice Chair"
    },
    "9": {
      "summary": "<summary> tags. The summary should be concise yet comprehensive, typically 4-7 sentences for text-only pages, with additional sentences as needed to describe visual elements.\n\nFor visual elements, please use these specific tags:\n- <table_summary> for descriptions of tables\n- <figure_summary> for descriptions of figures, charts, graphs, or diagrams\n- <image_summary> for descriptions of photos, illustrations, or other images\n\nExample structure:\n<summary>\n[Main text content summary here]\n\n<table><table><table><table></table></table></summary>"
    },
    "10": {
      "summary": "<summary> tags. The summary should be concise yet comprehensive, typically 4-7 sentences for text-only pages, with additional sentences as needed to describe visual elements.\n\nFor visual elements, please use these specific tags:\n- <table_summary> for descriptions of tables\n- <figure_summary> for descriptions of figures, charts, graphs, or diagrams\n- <image_summary> for descriptions of photos, illustrations, or other images\n\nExample structure:\n<summary>\n[Main text content summary here]\n\n<table_summary>Table 1: [Brief description of what the table shows]</table_summary>\n\n<figure_summary>Figure 2: [Brief description of what the figure depicts]</figure_summary>\n\n<image_summary>[Brief description of image content]</image_summary>\n</summary>"
    },
    "11": {
      "summary": "1. The Division of Medical Quality Assurance (MQA) management team, made up of the division director, bureau chiefs and other key staff, oversaw the development of this strategic plan. Prior to its first strategic planning meeting, a SWOT analysis (Appendix C) was sent out to MQA executive management and employees. The results were analyzed to determine the similarities and differences. Gaps were identified and addressed during a strategic planning retreat in which MQA management met with the division’s Strategic Planning Unit to discuss best practices and solutions. The meeting was the first of many in-depth discussions to develop a strategic plan that promoted MQA’s dedication to making Florida the healthiest state to live, work, practice and retire.\n\nThe following is the strategic plan schedule of meetings:\n\n| DATE       | MEETING TOPIC                                                                 | ATTENDEES                                                                                                                                 |\n|------------|-----------------------------------------------------------------------------|--------------------------------------------------------------------------------------------------------------------------------------------------|\n| 06/30/15   | SWOT sent out to MQA management and employees                                    | MQA management and employees                                                                                                                                 |\n| 07/15/15   | MQA Employee and management SWOT result analysis                                      | Strategic Planning Services Team                                                                                                                                 |\n| 07/23/15   | Strategic Planning Retreat: discussed MQA’s strategic focus aligned with DOH’s strategic plan | Executive Management Team                                                                                                                                 |\n| 07/24/15   | Strategic plan draft development for five years                                       | Executive Management Team, Strategic Planning Services Team                                                                                                                                 |\n| 07/24/15   | Strength, weaknesses, opportunities and threats (SWOT) analysis. Developed SWOT surveys | Executive Management Team, Strategic Planning Services Team                                                                                                                                 |\n| 08/12/15   | SWOT survey sent out to MQA management and board members                              | Executive Management "
    },
    "12": {
      "summary": "1. Ensure the summary accurately reflects the content of the original page.\n2. Avoid plagiarism by paraphrasing the content in your own words.\n3. Use the provided template as a guide, but modify it to fit your specific needs.\n4. Proofread your summary carefully to correct any errors in grammar, spelling, or punctuation.\n\nThe Division of Medical Quality Assurance (MQA) leadership team will be responsible for monitoring and reporting progress on the goals and objectives of this strategic plan. The team meets quarterly to discuss recommendations about tools and methods that integrate performance management into sustainable business practices. Annually, MQA’s strategic plan progress report will be developed and presented to executive leadership, assessing progress toward reaching goals and objectives, and achievements for the year. The plan will be reviewed and revised by January each year, based on an assessment of availability of resources, data and progress.\n\nIn turn, the objectives that come from the Agency Strategic Plan that have been assigned to this division for implementation and quarterly reporting to Florida Health Performers will be reviewed by the Agency’s SPIL Team on a quarterly basis for progress toward goals, and an annual progress report will also be developed. The SPIL Team will revise the Agency Strategic Plan annually, based on their assessment of resources, data and progress.\n\nVersion 1.3"
    },
    "13": {
      "summary": "1.5\n\nThe provided text is a sample of a document's contents, which includes sections like \"Strengths,\" \"Weaknesses,\" \"Opportunities,\" and \"Threats.\" These sections likely represent different aspects of a business plan or project proposal. The text mentions various strengths, weaknesses, opportunities, and threats related to customer service, communication, teamwork, leadership, commitment, expertise, attendance, consumer participation, licensure requirements, standards, rule-making authority, board staff, board legal counsel, health care practitioner licensure process, department of health leadership, board/council meetings, impaired practitioner programs, and expertises of prosecutors, quality of settlement agreements, prosecuting attorney staffing, costs to prosecute, and more."
    },
    "14": {
      "summary": "1. Board/council meetings\nInternal communications\nTimely prosecution\nQuality of settlement agreements\nCosts to prosecute\nProsecuting attorney staffing\nExpertise of prosecutors\n\n: 2. Opportunities\nProcess improvement\nHiring process\nInter-agency information sharing\nInvolving front-line employees in process improvements\nCross-disciplinary collaboration\nConsumer member participation in board/council meetings\nPublic participation in board/council meetings\nRule-making authority of boards/councils\nLegislative change process\nStandards of practice in statute\nExternal communications\nBoard/council meetings\nInternal communications\nHealth care practitioner licensure process\nTimely prosecution\nQuality of settlement agreements\nImpaired practitioner programs: Professionals Recovery Network (PRN) and Intervention Project for Nurses (IPN)\nExpertise of prosecutors\n\n: 3. Threats\nWorkforce turnover/employees recruited by other agencies\nLegislature/legislative mandates\nNon-competitive salaries\nConstant reorganization\nTimely appointments to boards/councils\nCross-disciplinary collaboration\nAttendance at board/council meetings\nExpertise of board/council members\nCommitment of board/council members to the protection of the public\nLegislative change process\nRule-making authority of boards/councils\nStandards of practice in statute\nNorth Carolina State Board of Dental Examiners v. Federal Trade Commission (Supreme Court Ruling-Antitrust Laws)\nExternal communications\nAdministrative allocation of trust fund"
    },
    "15": {
      "summary": "<summary> tags. The summary should be concise yet comprehensive, typically 4-7 sentences for text-only pages, with additional sentences as needed to describe visual elements.\n\nFor visual elements, please use these specific tags:\n- <table_summary> for descriptions of tables\n- <figure_summary> for descriptions of figures, charts, graphs, or diagrams\n- <image_summary> for descriptions of photos, illustrations, or other images\n\nExample structure:\n<summary>\n[Main text content summary here]\n\n<table_summary>Table 1: [Brief description of what the table shows]</table_summary>\n\n<figure_summary>Figure 2: [Brief description of what the figure depicts]</figure_summary>\n\n<image_summary>[Brief description of image content]</image_summary>\n</summary>"
    },
    "16": {
      "summary": "1. Long Range Program Plan\nSHIP: State Health Improvement Plan\nQI: Quality Improvement\n\n**Note:** The provided text is a template and may need to be customized based on the actual content of the document."
    },
    "17": {
      "summary": "2015 State Themes and Strengths Assessment\n2. Agency Strategic Plan Status Report\n3. Division of Medical Quality Assurance Annual Report and Long-range Plan FY 2014-2015\n4. Division of Medical Quality Assurance Employee Training Log\n5. Employee Satisfaction Survey 2015 Results\n6. Florida Board of Acupuncture Twitter\n7. Florida Board of Athletic Training Twitter\n8. Florida Board of Chiropractic Medicine Twitter\n9. Florida Board of Clinical Laboratory Personnel Twitter\n10. Florida Board of Dentistry Twitter\n11. Florida Board of Hearing Aid Specialists Twitter\n12. Florida Board of Massage Therapy Twitter\n13. Florida Board of Medicine Twitter\n14. Florida Board of Clinical Social Work, Marriage & Family Therapy, and Mental Health Counseling Twitter\n15. Florida Board of Nursing Twitter\n16. Florida Board of Nursing Home Administrators Twitter\n17. Florida Board of Occupational Therapy Twitter\n18. Florida Board of Optometry Twitter\n19. Florida Board of Opticianry Twitter\n20. Florida Board of Orthotists and Prosthetists Twitter\n21. Florida Board of Osteopathic Medicine Twitter\n22. Florida Board of Pharmacy Twitter\n23. Florida Board of Physical Therapy Twitter\n24. Florida Board of Podiatric Medicine Twitter\n25. Florida Board of Psychology Twitter\n26. Florida Board of Respiratory Care Twitter\n27. Florida Board of Speech-Language Pathology and Audiology Twitter\n28. Florida Department of Health Facebook\n29. Florida Department of Health, Long Range Program Plan 2015-16 through 2019-20\n30. Florida Department of Health Newsroom\n31. Florida Department of Health, Office of Inspector General Annual Report FY 2013-2014\n32. Florida Department of Health Twitter\n33. Florida Department of Health, Year in Review 2013-2014\n34. Florida Department of Health, Florida Health Impact Report 2014-15 by the Numbers\n35. Florida Strategic Plan for Economic Development\n36. Healthiest Weight State Profile\n37. Physician Workforce Annual Report 2014\n38. State Monthly Economic Updates"
    }
  }
}
