{
  "doc_id": "earthlinkweb-150213112111-conversion-gate02_95.pdf",
  "pages": {
    "1": {
      "summary": "1. Carefully read and analyze the page content.\n2. Identify the main topics, key points, and important details presented on the page.\n3. Note any tables, figures, charts, diagrams, or images on the page and briefly describe their content and purpose.\n4. Create a structured summary that captures:\n   - The essential textual information from the page\n   - Descriptions of any visual elements (tables, figures, images, etc.)\n   - Any particularly notable or unique information\n\nPlease follow these steps to create your summary:\n\n1. Carefully read and analyze the page content.\n2. Identify the main topics, key points, and important details presented on the page.\n3. Note any tables, figures, charts, diagrams, or images on the page and briefly describe their content and purpose.\n4. Create a structured summary that captures:\n   - The essential textual information from the page\n   - Descriptions of any visual elements (tables, figures, images, etc.)\n   - Any particularly notable or unique information\n\nPresent your summary within <summary> tags. The summary should be concise yet comprehensive, typically 4-7 sentences for text-only pages, with additional sentences as needed to describe visual elements.\n\nFor visual elements, please use these specific tags:\n<table_summary>Table 1: [Brief description of what the table shows]</table_summary>\n\n<figure_summary>Figure 2: [Brief description of what the figure depicts]</figure_summary>\n\n<image_summary>[Brief description of image content]</image_summary>\n\nEnsure your summary is clear, coherent, and well-organized, capturing the essence of both textual and visual information on the page without omitting critical details.\n\n:"
    },
    "2": {
      "summary": "<summary> tags. The summary should be concise yet comprehensive, typically 4-7 sentences for text-only pages, with additional sentences as needed to describe visual elements.\n\nFor visual elements, please use these specific tags:\n- <table_summary> for descriptions of tables\n- <figure_summary> for descriptions of figures, charts, graphs, or diagrams\n- <image_summary> for descriptions of photos, illustrations, or other images\n\nExample structure:\n<summary>\n[Main text content summary here]\n\n<table_summary>Table 1: [Brief description of what the table shows]</table_summary>\n\n<figure_summary>Figure 2: [Brief description of what the figure depicts]</figure_summary>\n\n<image_summary>[Brief description of image content]</image_summary>\n</summary>"
    },
    "3": {
      "summary": "<summary> tags. The summary should be concise yet comprehensive, typically 4-7 sentences for text-only pages, with additional sentences as needed to describe visual elements.\n\nFor visual elements, please use these specific tags:\n- <table_summary> for descriptions of tables\n- <figure_summary> for descriptions of figures, charts, graphs, or diagrams\n- <image_summary> for descriptions of photos, illustrations, or other images\n\nExample structure:\n<table_summary>\n[Main text content summary here]\n</table_summary>\n\n<figure_summary>\n[Main text content summary here]\n</figure_summary>\n\n<image_summary>\n[Main text content summary here]\n</image_summary>\n\n</summary>"
    },
    "4": {
      "error": "LLM query failed"
    },
    "5": {
      "error": "LLM query failed"
    },
    "6": {
      "summary": "<summary> tags. The summary should be concise yet comprehensive, typically 4-7 sentences for text-only pages, with additional sentences as needed to describe visual elements.\n\nFor visual elements, please use these specific tags:\n- <table_summary> for descriptions of tables\n- <figure_summary> for descriptions of figures, charts, graphs, or diagrams\n- <image_summary> for descriptions of photos, illustrations, or other images\n\nExample structure:\n<summary>\n[Main text content summary here]\n\n<table><table>Table 1: [Brief description of what the table shows]Table 2: [Brief description of what the table shows]</table></summary>"
    },
    "7": {
      "summary": "1. POS being driven by Distributed Order Management\n2. One version of the truth\n3. Enabling Associate and Consumers via WiFi and Mobile\n4. Centralized Returns/Return Fraud\n5. Ship from Store and other Omni-Channel trends\n6. Beacons and Internet of Things"
    },
    "8": {
      "summary": "1. Read the page carefully.\n2. Identify the main topics and key points.\n3. Note any tables, figures, or images.\n4. Summarize the page in a concise manner using the provided structure."
    },
    "9": {
      "summary": "1. Hospitality\n2. Food, Drug, Conv, Mass\n3. General Merchandise & Specialty\n4. $500M - $1 Billion, 19%\n5. Under $500 Million, 30%\n6. Over $1 Billion, 51%\n\nSource: IHL Group Store Infrastructure Survey 2015"
    },
    "10": {
      "summary": "1. Carefully read and analyze the page content.\n2. Identify the main topics, key points, and important details presented on the page.\n3. Note any tables, figures, charts, diagrams, or images on the page and briefly describe their content and purpose.\n4. Create a structured summary that captures:\n    - The essential textual information from the page\n    - Descriptions of any visual elements (tables, figures, images, etc.)\n    - Any particularly notable or unique information\n\nPlease follow these steps to create your summary:\n\n1. Carefully read and analyze the page content.\n2. Identify the main topics, key points, and important details presented on the page.\n3. Note any tables, figures, charts, diagrams, or images on the page and briefly describe their content and purpose.\n4. Create a structured summary that captures:\n    - The essential textual information from the page\n    - Descriptions of any visual elements (tables, figures, images, etc.)\n    - Any particularly notable or unique information\n\nPresent your summary within <summary> tags. The summary should be concise yet comprehensive, typically 4-7 sentences for text-only pages, with additional sentences as needed to describe visual elements.\n\nFor visual elements, please use these specific tags:\n<table_summary>Table 1: [Brief description of what the table shows]</table_summary>\n\n<figure_summary>Figure 2: [Brief description of what the figure depicts]</figure_summary>\n\n<image_summary>[Brief description of image content]</image_summary>\n\nSource: IHL Group Store Infrastructure Survey 2015"
    },
    "11": {
      "summary": "1. Carefully read and analyze the page content.\n2. Identify the main topics, key points, and important details presented on the page.\n3. Note any tables, figures, charts, diagrams, or images on the page and briefly describe their content and purpose.\n4. Create a structured summary that captures:\n   - The essential textual information from the page\n   - Descriptions of any visual elements (tables, figures, images, etc.)\n   - Any particularly notable or unique information\n\nSource: IHL Group Store Infrastructure Survey 2015"
    },
    "12": {
      "summary": "1. Both Company use and customer WiFi access\n2. Just for Company Use\n3. Just Customer Use\n\nSource: IHL Group Store Infrastructure Survey 2015"
    },
    "13": {
      "summary": " IHL Group Store Infrastructure Survey 2015"
    },
    "14": {
      "summary": "1. Carefully read and analyze the page content.\n2. Identify the main topics, key points, and important details presented on the page.\n3. Note any tables, figures, charts, diagrams, or images on the page and briefly describe their content and purpose.\n4. Create a structured summary that captures:\n    - The essential textual information from the page\n    - Descriptions of any visual elements (tables, figures, images, etc.)\n    - Any particularly notable or unique information\n\nSource: IHL Group Store Infrastructure Survey 2015"
    },
    "15": {
      "summary": "1-5 Critical\n\nSource: IHL Group Store Infrastructure Survey 2015"
    },
    "16": {
      "summary": "1. Carefully read and analyze the page content.\n2. Identify the main topics, key points, and important details presented on the page.\n3. Note any tables, figures, charts, diagrams, or images on the page and briefly describe their content and purpose.\n4. Create a structured summary that captures:\n   - The essential textual information from the page\n   - Descriptions of any visual elements (tables, figures, images, etc.)\n   - Any particularly notable or unique information\n\nSource: IHL Group Store Infrastructure Survey 2015"
    },
    "17": {
      "summary": "<summary> tags. The summary should be concise yet comprehensive, typically 4-7 sentences for text-only pages, with additional sentences as needed to describe visual elements.\n\nFor visual elements, please use these specific tags:\n- <table_summary> for descriptions of tables\n- <figure_summary> for descriptions of figures, charts, graphs, or diagrams\n- <image_summary> for descriptions of photos, illustrations, or other images\n\nExample structure:\n<summary>\n[Main text content summary here]\n\n<table><table>Table 1: [Brief description of what the table shows]Table 2: [Brief description of what the table shows]</table></summary>"
    },
    "18": {
      "summary": "1. Carefully read and analyze the page content.\n2. Identify the main topics, key points, and important details presented on the page.\n3. Note any tables, figures, charts, diagrams, or images on the page and briefly describe their content and purpose.\n4. Create a structured summary that captures:\n   - The essential textual information from the page\n   - Descriptions of any visual elements (tables, figures, images, etc.)\n   - Any particularly notable or unique information"
    },
    "19": {
      "summary": " [Provide a brief overview of the page's content, focusing on the main topics, key points, and important details.]\n\n:  [Describe any tables, figures, charts, diagrams, or images on the page and provide a brief description of their content and purpose.]\n\n:  [Summarize the main takeaways from the page, emphasizing its significance and relevance to the reader.]\n\n:  [Provide a brief conclusion or final thoughts on the page's content.]\n\n:  [Include any relevant contact information or resources for further reading.]\n\n:  [Provide a closing statement or call-to-action, encouraging the reader to explore more or take action.]"
    },
    "20": {
      "summary": " [Provide a brief overview of the page's content and purpose.]"
    },
    "21": {
      "summary": " [Provide a brief overview of the page's content, focusing on the main topics, key points, and important details.]\n\n:  [Describe any tables, figures, charts, diagrams, or images on the page and provide a brief description of each.]\n\n:  [Summarize the main takeaways or conclusions drawn from the page's content.]\n\n:  [Provide a brief overview of the page's content, focusing on the main topics, key points, and important details.]\n\n:  [Describe any tables, figures, charts, diagrams, or images on the page and provide a brief description of each.]\n\n:  [Summarize the main takeaways or conclusions drawn from the page's content.]\n\n:  [Provide a brief overview of the page's content, focusing on the main topics, key points, and important details.]\n\n:  [Describe any tables, figures, charts, diagrams, or images on the page and provide a brief description of each.]\n\n:  [Summarize the main takeaways or conclusions drawn from the page's content.]\n\n:  [Provide a brief overview of the page's content, focusing on the main topics, key points, and important details.]\n\n:  [Describe any tables, figures, charts, diagrams, or images on the page and provide a brief description of each.]\n\n:  [Summarize the main takeaways or conclusions drawn from the page's content.]\n\n:  [Provide a brief overview of the page's content, focusing on the main topics, key points, and important details.]\n\n:  [Describe any tables, figures, charts, diagrams, or images on the page and provide a brief description of each.]\n\n:  [Summarize the main takeaways or conclusions drawn from the page's content.]\n\n:  [Provide a brief overview of the page's content, focusing on the main topics, key points, and important details.]\n\n:  [Describe any tables, figures, charts, diagrams, or images on the page and provide a brief description of each.]\n\n:  [Summarize the main takeaways or conclusions drawn from the page's content.]\n\n:  [Provide a brief overview of the page's content, focusing on the main topics, key points, and important details.]\n\n:  [Describe any tables, figures, charts, diagrams, or images on the page and provide a brief description of each.]\n\n:  [Summarize the main takeaways or conclusions drawn from the page's content.]\n\n:  [Provide a brief overview of the page's content, focusing on the main topics, key points, and important details.]\n\n:  [Describe any tables, figures, charts, diagrams, or images on the page and provide a brief description of each.]\n\n:  [Summarize the main takeaways or conclusions drawn from the page's content.]\n\n:  [Provide a brief overview of the page's content, focusing on the main topics, key points, and important details.]\n\n:  [Describe any tables, figures, charts, diagrams, or images on the page and provide a brief description of each.]\n\n:  [Summarize the main takeaways or con"
    },
    "22": {
      "summary": "1. Clearly identify the page's main topic or subject.\n2. Summarize the page's contents concisely.\n3. Describe any visual elements in detail.\n4. Use the provided tags to structure your response appropriately.\n\nThe provided example is a template for summarizing a page about Wi-Fi guest experiences. You can replace this template with your own content to generate a summary tailored to your specific page."
    },
    "23": {
      "summary": "1. Clearly identify the page's main topic or subject.\n2. Summarize the page's contents concisely.\n3. Describe any visual elements in detail.\n4. Use the provided tags to structure your response appropriately.\n\nThe provided example is a template for summarizing a page about Wi-Fi guest experiences. You can replace this template with your own content to generate a summary tailored to your specific page."
    },
    "24": {
      "summary": "1. Carefully read and analyze the page content.\n2. Identify the main topics, key points, and important details presented on the page.\n3. Note any tables, figures, charts, diagrams, or images on the page and briefly describe their content and purpose.\n4. Create a structured summary that captures:\n   - The essential textual information from the page\n   - Descriptions of any visual elements (tables, figures, images, etc.)\n   - Any particularly notable or unique information\n\nPresent your summary within <summary> tags. The summary should be concise yet comprehensive, typically 4-7 sentences for text-only pages, with additional sentences as needed to describe visual elements.\n\nFor visual elements, please use these specific tags:\n- <table_summary> for descriptions of tables\n- <figure_summary> for descriptions of figures, charts, graphs, or diagrams\n- <image_summary> for descriptions of photos, illustrations, or other images\n\nExample structure:\n<summary>\n[Main text content summary here]\n\n<table><table>Table 1: [Brief description of what the table shows]Table 2: [Brief description of what the table shows]Table 3: [Brief description of what the table shows]Table 4: [Brief description of what the table shows]Table 5: [Brief description of what the table shows]Table 6: [Brief description of what the table shows]Table 7: [Brief description of what the table shows]Table 8: [Brief description of what the table shows]Table 9: [Brief description of what the table shows]Table 10: [Brief description of what the table shows]Table 11: [Brief description of what the table shows]Table 12: [Brief description of what the table shows]Table 13: [Brief description of what the table shows]Table 14: [Brief description of what the table shows]Table 15: [Brief description of what the table shows]Table 16: [Brief description of what the table shows]Table 17: [Brief description of what the table shows]Table 18: [Brief description of what the table shows]Table 19: [Brief description of what the table shows]Table 20: [Brief description of what the table shows]Table 21: [Brief description of what the table shows]Table 22: [Brief description of what the table shows]Table 23: [Brief description of what the table shows]Table 24: [Brief description of what the table shows]Table 25: [Brief description of what the table shows]Table 26: [Brief description of what the table shows]Table 27: [Brief description of what the table shows]Table 28: [Brief description of what the table shows]Table 29: [Brief description of what the table shows]Table 30: [Brief description of what the table shows]Table 31: [Brief description of what the table shows]Table 32: [Brief description of what the table shows]Table 33: [Brief description of what the table shows]Table 34: [Brief description of what the table show"
    },
    "25": {
      "summary": "1. Carefully read and analyze the page content.\n2. Identify the main topics, key points, and important details presented on the page.\n3. Note any tables, figures, charts, diagrams, or images on the page and briefly describe their content and purpose.\n4. Create a structured summary that captures:\n   - The essential textual information from the page\n   - Descriptions of any visual elements (tables, figures, images, etc.)\n   - Any particularly notable or unique information\n\nPlease note that this is a general structure and you may need to adjust it based on the specific requirements of the page you are summarizing."
    },
    "26": {
      "summary": "1. Carefully read and analyze the page content.\n2. Identify the main topics, key points, and important details presented on the page.\n3. Note any tables, figures, charts, diagrams, or images on the page and briefly describe their content and purpose.\n4. Create a structured summary that captures:\n   - The essential textual information from the page\n   - Descriptions of any visual elements (tables, figures, images, etc.)\n   - Any particularly notable or unique information\n\nPlease follow these steps to create your summary:\n\n1. Carefully read and analyze the page content.\n2. Identify the main topics, key points, and important details presented on the page.\n3. Note any tables, figures, charts, diagrams, or images on the page and briefly describe their content and purpose.\n4. Create a structured summary that captures:\n   - The essential textual information from the page\n   - Descriptions of any visual elements (tables, figures, images, etc.)\n   - Any particularly notable or unique information\n\nPresent your summary within <summary> tags. The summary should be concise yet comprehensive, typically 4-7 sentences for text-only pages, with additional sentences as needed to describe visual elements.\n\nFor visual elements, please use these specific tags:\n- <table_summary> for descriptions of tables\n- <figure_summary> for descriptions of figures, charts, graphs, or diagrams\n- <image_summary> for descriptions of photos, illustrations, or other images\n\nExample structure:\n<summary>\n[Main text content summary here]\n\n<table><table>Table 1: [Brief description of what the table shows]Table 2: [Brief description of what the table shows]Table 3: [Brief description of what the table shows]Table 4: [Brief description of what the table shows]Table 5: [Brief description of what the table shows]Table 6: [Brief description of what the table shows]Table 7: [Brief description of what the table shows]Table 8: [Brief description of what the table shows]Table 9: [Brief description of what the table shows]Table 10: [Brief description of what the table shows]Table 11: [Brief description of what the table shows]Table 12: [Brief description of what the table shows]Table 13: [Brief description of what the table shows]Table 14: [Brief description of what the table shows]Table 15: [Brief description of what the table shows]Table 16: [Brief description of what the table shows]Table 17: [Brief description of what the table shows]Table 18: [Brief description of what the table shows]Table 19: [Brief description of what the table shows]Table 20: [Brief description of what the table shows]Table 21: [Brief description of what the table shows]Table 22: [Brief description of what the table shows]Table 23: [Brief description of what the table shows]Table 24: [Brief description of what the table shows]T"
    },
    "27": {
      "summary": "<summary> tags. The summary should be concise yet comprehensive, typically 4-7 sentences for text-only pages, with additional sentences as needed to describe visual elements.\n\nFor visual elements, please use these specific tags:\n- <table_summary> for descriptions of tables\n- <figure_summary> for descriptions of figures, charts, graphs, or diagrams\n- <image_summary> for descriptions of photos, illustrations, or other images\n\nExample structure:\n<summary>\n[Main text content summary here]\n\n<table><table>Table 1: [Brief description of what the table shows]</table>\n\n</summary>"
    },
    "28": {
      "summary": "<summary> tags. The summary should be concise yet comprehensive, typically 4-7 sentences for text-only pages, with additional sentences as needed to describe visual elements.\n\nFor visual elements, please use these specific tags:\n- <table_summary> for descriptions of tables\n- <figure_summary> for descriptions of figures, charts, graphs, or diagrams\n- <image_summary> for descriptions of photos, illustrations, or other images\n\nExample structure:\n<summary>\n[Main text content summary here]\n\n<table><table>Table 1: [Brief description of what the table shows]Table 2: [Brief description of what the table shows]</table></summary>"
    },
    "29": {
      "summary": "1. Ensure your network is safe from wireless intrusions and complies with PCI rules\n2. Secure your Wi-Fi\n3. Observe your space\n4. Integrate Wi-Fi analytics and guest data with your other in-store information systems"
    },
    "30": {
      "summary": "<summary> tags. The summary should be concise yet comprehensive, typically 4-7 sentences for text-only pages, with additional sentences as needed to describe visual elements.\n\nFor visual elements, please use these specific tags:\n- <table_summary> for descriptions of tables\n- <figure_summary> for descriptions of figures, charts, graphs, or diagrams\n- <image_summary> for descriptions of photos, illustrations, or other images\n\nExample structure:\n<summary>\n[Main text content summary here]\n\n<table><table>Table 1: [Brief description of what the table shows]Table 2: [Brief description of what the table shows]</table></summary>"
    },
    "31": {
      "summary": " The provided text is a sample summary of a page from a document. It includes a brief description of the page's content, tables, figures, and images, along with relevant tags for structuring the summary."
    },
    "32": {
      "summary": "1. Carefully read and analyze the page content.\n2. Identify the main topics, key points, and important details presented on the page.\n3. Note any tables, figures, charts, diagrams, or images on the page and briefly describe their content and purpose.\n4. Create a structured summary that captures:\n   - The essential textual information from the page\n   - Descriptions of any visual elements (tables, figures, images, etc.)\n   - Any particularly notable or unique information\n\nPlease follow these steps to create your summary:\n\n1. Carefully read and analyze the page content.\n2. Identify the main topics, key points, and important details presented on the page.\n3. Note any tables, figures, charts, diagrams, or images on the page and briefly describe their content and purpose.\n4. Create a structured summary that captures:\n   - The essential textual information from the page\n   - Descriptions of any visual elements (tables, figures, images, etc.)\n   - Any particularly notable or unique information\n\nPresent your summary within <summary> tags. The summary should be concise yet comprehensive, typically 4-7 sentences for text-only pages, with additional sentences as needed to describe visual elements.\n\nFor visual elements, please use these specific tags:\n<table_summary>Table 1: [Brief description of what the table shows]</table_summary>\n\n<figure_summary>Figure 2: [Brief description of what the figure depicts]</figure_summary>\n\n<image_summary>[Brief description of image content]</image_summary>\n\nEnsure your summary is clear, coherent, and well-organized, capturing the essence of both textual and visual information on the page without omitting critical details.\n\n: 1. Carefully read and analyze the page content.\n2. Identify the main topics, key points, and important details presented on the page.\n3. Note any tables, figures, charts, diagrams, or images on the page and briefly describe their content and purpose.\n4. Create a structured summary that captures:\n   - The essential textual information from the page\n   - Descriptions of any visual elements (tables, figures, images, etc.)\n   - Any particularly notable or unique information\n\nPlease follow these steps to create your summary:\n\n1. Carefully read and analyze the page content.\n2. Identify the main topics, key points, and important details presented on the page.\n3. Note any tables, figures, charts, diagrams, or images on the page and briefly describe their content and purpose.\n4. Create a structured summary that captures:\n   - The essential textual information from the page\n   - Descriptions of any visual elements (tables, figures, images, etc.)\n   - Any particularly notable or unique information\n\nPresent your summary within <summary> tags. The summary should be concise yet comprehensive, typically 4-7 sentences for "
    },
    "33": {
      "summary": "1. Carefully read and analyze the page content.\n2. Identify the main topics, key points, and important details presented on the page.\n3. Note any tables, figures, charts, diagrams, or images on the page and briefly describe their content and purpose.\n4. Create a structured summary that captures:\n   - The essential textual information from the page\n   - Descriptions of any visual elements (tables, figures, images, etc.)\n   - Any particularly notable or unique information\n\nPlease follow these steps to create your summary:\n\n1. Carefully read and analyze the page content.\n2. Identify the main topics, key points, and important details presented on the page.\n3. Note any tables, figures, charts, diagrams, or images on the page and briefly describe their content and purpose.\n4. Create a structured summary that captures:\n   - The essential textual information from the page\n   - Descriptions of any visual elements (tables, figures, images, etc.)\n   - Any particularly notable or unique information\n\nPresent your summary within <summary> tags. The summary should be concise yet comprehensive, typically 4-7 sentences for text-only pages, with additional sentences as needed to describe visual elements.\n\nFor visual elements, please use these specific tags:\n- <table_summary> for descriptions of tables\n- <figure_summary> for descriptions of figures, charts, graphs, or diagrams\n- <image_summary> for descriptions of photos, illustrations, or other images\n\nExample structure:\n<summary>\n[Main text content summary here]\n\n<table><table>Enterprise ApplicationsBw (kbps)Delay (ms)Jitter (ms)Loss (%)Etc.Application nameCritticalitySAPTop5050-200n/a1-3P TeephonyTop8050-10025-500-1TelepresenceHigh2,00050-10040-800-1Logistics/CitrixHigh2050-200n/a1-5File SharingMedium400200-800n/a1-5Salesforce.comMedium50200-800n/a1-5Office 365Medium400200-800n/a1-5SharepointMedium400100-400n/a1-5SkypeLow0n/an/an/aYouTube/FacebookLow400200-1000n/a1-5</table></table>"
    },
    "34": {
      "summary": " [Summary template]"
    },
    "35": {
      "summary": " [Summary of the page's content]\n:  [Summary of visual elements]\n\n---\n\n**STORE LOCATION:**\nIPsec VPN with Integrated Firewall, PCI Compliance Solutions, Managed Security Monitoring\n\n**HQ LOCATION:**\nManaged Security Monitoring\n\n**IPsec Aggregation**\n\n**STORE LOCATION:**\nIPsec VPN with Integrated Firewall, PCI Compliance Solutions, Managed Security Monitoring\n\n**STORE LOCATION:**\nIPsec VPN with Integrated PCI-Compliant Firewall, Managed Security Monitoring\n\n**INTERNET**\n\n**STORE LOCATION:**\nIPSec VPN with Integrated Firewall, Managed Security Monitoring\n\n**Remote User:**\nSecure Remote Access\n\n**STORE LOCATION:**\nIPSec VPN with Integrated Firewall, Managed Security Monitoring\n\n**STORE LOCATION:**\nIPSec VPN with Integrated PCI-Compliant Firewall, Managed Security Monitoring"
    },
    "36": {
      "summary": "<summary> tags. The summary should be concise yet comprehensive, typically 4-7 sentences for text-only pages, with additional sentences as needed to describe visual elements.\n\nFor visual elements, please use these specific tags:\n- <table_summary> for descriptions of tables\n- <figure_summary> for descriptions of figures, charts, graphs, or diagrams\n- <image_summary> for descriptions of photos, illustrations, or other images\n\nExample structure:\n<summary>\n[Main text content summary here]\n\n<table><table>Table 1: [Brief description of what the table shows]</table>\n\n<figure_summary>Figure 2: [Brief description of what the figure depicts]</figure_summary>\n\n</summary>"
    },
    "37": {
      "summary": "1. Carefully read and analyze the page content.\n2. Identify the main topics, key points, and important details presented on the page.\n3. Note any tables, figures, charts, diagrams, or images on the page and briefly describe their content and purpose.\n4. Create a structured summary that captures:\n    - The essential textual information from the page\n    - Descriptions of any visual elements (tables, figures, images, etc.)\n    - Any particularly notable or unique information\n\nPlease follow these steps to create your summary:\n\n1. Carefully read and analyze the page content.\n2. Identify the main topics, key points, and important details presented on the page.\n3. Note any tables, figures, charts, diagrams, or images on the page and briefly describe their content and purpose.\n4. Create a structured summary that captures:\n    - The essential textual information from the page\n    - Descriptions of any visual elements (tables, figures, images, etc.)\n    - Any particularly notable or unique information\n\nSource: IHL Group Store Infrastructure Survey 2015"
    },
    "38": {
      "summary": "1. Carefully read and analyze the page content.\n2. Identify the main topics, key points, and important details presented on the page.\n3. Note any tables, figures, charts, diagrams, or images on the page and briefly describe their content and purpose.\n4. Create a structured summary that captures:\n    - The essential textual information from the page\n    - Descriptions of any visual elements (tables, figures, images, etc.)\n    - Any particularly notable or unique information\n\nPlease follow these steps to create your summary:\n\n1. Carefully read and analyze the page content.\n2. Identify the main topics, key points, and important details presented on the page.\n3. Note any tables, figures, charts, diagrams, or images on the page and briefly describe their content and purpose.\n4. Create a structured summary that captures:\n    - The essential textual information from the page\n    - Descriptions of any visual elements (tables, figures, images, etc.)\n    - Any particularly notable or unique information\n\nSource: IHL Group Store Infrastructure Survey 2015"
    },
    "39": {
      "summary": "1. Leveling the playing field on information\n- Upsell opportunities/Offers to customers\n- Does not include any increase due to increased loyalty\n\nSource: IHL Group Store Infrastructure Survey 2015"
    },
    "40": {
      "summary": "1. Carefully read and analyze the page content.\n2. Identify the main topics, key points, and important details presented on the page.\n3. Note any tables, figures, charts, diagrams, or images on the page and briefly describe their content and purpose.\n4. Create a structured summary that captures:\n   - The essential textual information from the page\n   - Descriptions of any visual elements (tables, figures, images, etc.)\n   - Any particularly notable or unique information\n\nPlease follow these steps to create your summary:\n\n1. Carefully read and analyze the page content.\n2. Identify the main topics, key points, and important details presented on the page.\n3. Note any tables, figures, charts, diagrams, or images on the page and briefly describe their content and purpose.\n4. Create a structured summary that captures:\n   - The essential textual information from the page\n   - Descriptions of any visual elements (tables, figures, images, etc.)\n   - Any particularly notable or unique information\n\nSource: IHL Group Store Infrastructure Survey 2015"
    },
    "41": {
      "summary": " [IHL logo]"
    },
    "42": {
      "error": "LLM query failed"
    },
    "43": {
      "summary": "1. Greg Buzek\n2. President\n3. +1-615-591-2955\n4. greg@ihlservices.com\n\n: Kevin McCauley\n1. Director of Retail Market Development\n2. kevin.mccauley@airtightnetworks.com\n\n: Greg Griffiths\n1. Vice President of Product Alliances\n2. Ggriffiths@elnk.com"
    },
    "44": {
      "summary": "1. Carefully read and analyze the page content.\n2. Identify the main topics, key points, and important details presented on the page.\n3. Note any tables, figures, charts, diagrams, or images on the page and briefly describe their content and purpose.\n4. Create a structured summary that captures:\n   - The essential textual information from the page\n   - Descriptions of any visual elements (tables, figures, images, etc.)\n   - Any particularly notable or unique information\n\nPlease follow these steps to create your summary:\n\n1. Carefully read and analyze the page content.\n2. Identify the main topics, key points, and important details presented on the page.\n3. Note any tables, figures, charts, diagrams, or images on the page and briefly describe their content and purpose.\n4. Create a structured summary that captures:\n   - The essential textual information from the page\n   - Descriptions of any visual elements (tables, figures, images, etc.)\n   - Any particularly notable or unique information\n\nPresent your summary within <summary> tags. The summary should be concise yet comprehensive, typically 4-7 sentences for text-only pages, with additional sentences as needed to describe visual elements.\n\nFor visual elements, please use these specific tags:\n<table_summary>Table 1: [Brief description of what the table shows]</table_summary>\n\n<figure_summary>Figure 2: [Brief description of what the figure depicts]</figure_summary>\n\n<image_summary>[Brief description of image content]</image_summary>\n\nEnsure your summary is clear, coherent, and well-organized, capturing the essence of both textual and visual information on the page without omitting critical details.\n\n: 1. Carefully read and analyze the page content.\n2. Identify the main topics, key points, and important details presented on the page.\n3. Note any tables, figures, charts, diagrams, or images on the page and briefly describe their content and purpose.\n4. Create a structured summary that captures:\n   - The essential textual information from the page\n   - Descriptions of any visual elements (tables, figures, images, etc.)\n   - Any particularly notable or unique information"
    }
  }
}
