{
  "doc_id": "ecommerceopportunityindia-141124010546-conversion-gate01_95.pdf",
  "pages": {
    "1": {
      "summary": " Ashwin Krishna\nashwin.arya@gmail.com"
    },
    "2": {
      "summary": "2014年11月11日23:59:59\n\nTrivia: What's happening here?\n\nThe provided image is a screenshot of a stock market trading platform interface. It displays various financial data and charts, including stock prices, volume, and other relevant metrics. The interface includes a variety of buttons and tabs for different functionalities such as navigation, settings, and real-time updates. The overall layout is organized and user-friendly, designed to provide traders with quick access to essential information while allowing them to customize their experience according to their preferences."
    },
    "3": {
      "summary": "1. Offer Prasad to Lord Ram on Vivaah Panchmi\n2. Everything is sold online from Prasad to...\n3. CLICK HERE"
    },
    "4": {
      "summary": "1. Free Shipping! milk giving black young buffalo 20 liter per day\n\n| Item | Condition | Time left | Bid history |\n|------|-----------|------------|-------------|\n| Item | Condition | Time left | Bid history |\n\nBuffalo err... to\n\n**My eBay**\n\n**Seller info**\nnaveenahhavat (0)\n\nAsk a question\nSave this seller\nSee other items\n\n**Shipping:** FREE National Courier - Delivery outside seller's city | See all details\n\n**Payments:** [Payment method options] | [Payment method details]\n\n**Returns:** [Return policy details]\n\n**Make this smart choice:** [Select one of the following options]\n- [ ] Package your purchase securely\n- [ ] Return it if you're not satisfied\n- [ ] Keep it for future reference\n\n**Use Paisley, complete your purchase online**\n\n**Know more:** +7&c copy"
    },
    "5": {
      "summary": "1. BOOK ONLINE NOW FOR Rs. 30,000 ONLY\n2. SELECT YOUR SPACE\n3. 2BHK COMPACT\n4. 2BHK OPTIMA\n5. TIMA\n6. LITE\n7. 3BHK\n8. YOUR APARTMENT COST\n9. Rs. 36,99,266\n10. Payment Ready\n11. Other Charges Apply\n12. BOOK NOW FOR Rs. 30,000 ONLY"
    },
    "6": {
      "summary": "1\n\nThe provided code snippet is a basic HTML structure for a webpage. It includes a header with links to different sections of the website, a navigation menu, and a footer. The content of the webpage is not visible in the provided snippet.\n\nTo extract the main content and create a more detailed summary, you can use various tools such as web scraping, natural language processing, or manual analysis of the HTML structure. Here's an example of how you could approach this task using Python's `BeautifulSoup` library:\n\n```python\nfrom bs4 import BeautifulSoup\n\nhtml = \"\"\"\n<html>\n<head>\n    <title>Sexual Wellness</title>\n</head>\n<body>\n    <div id=\"content\">\n        <h1>Sexual Wellness</h1>\n        <p>Sexual wellness is a state of physical, emotional, and mental health.</p>\n        <ul>\n            <li>Physical wellness</li>\n            <li>Emotional wellness</li>\n            <li>Mental wellness</li>\n        </ul>\n        <img src=\"https://example.com/sexual_wellness_image.jpg\" alt=\"Sexual Wellness Image\">\n    </div>\n</body>\n</html>\n\"\"\"\n\nsoup = BeautifulSoup(html, 'html.parser')\n\n# Extract content from the webpage\ncontent = soup.body.get_text()\n\n# Create a dictionary to store the extracted data\ndata = {}\n\n# Iterate over each item in the content\nfor item in content.split('\\n'):\n    # Split the item by newline characters\n    items = item.strip().split('\\n')\n    \n    # Check if the item starts with a heading\n    if items[0].startswith('Heading'):\n        continue\n    \n    # Extract the title and content\n    title = items[0].strip()\n    content = items[1].strip()\n    \n    # Store the title and content in the dictionary\n    data[title] = content\n\n# Print the dictionary\nprint(data)\n```\n\nThis code snippet uses the `BeautifulSoup` library to parse the HTML content and extract the title and content of each section. The extracted data is then stored in a dictionary for further processing or analysis."
    },
    "7": {
      "error": "LLM query failed"
    },
    "8": {
      "summary": "2013 Internet user base split\n\nSource: Accel, Internet and Mobile Association of India Reports\n\nThe Internet Juggernaut\n\n<table>YearNo of internet users (in millions)No of ECommerce users (in millions)201137.257.6201215079.22013210102201427012620153302016</table>\n\nInternet usage by devices\n\n<table>YearMobileDesktop201145%39%201254%45%201355%45%201461%39%</table>"
    },
    "9": {
      "summary": "120 Million 2014\n380 Million 2016\nSmartphone users\n\nSource: Accel, Internet and Mobile Association of India Reports"
    },
    "10": {
      "summary": "2014 | 2015 | 2016\n110 | 135 | 175\nNo of Facebook users (in millions)\n\nSource: Accel, Internet and Mobile Association of India Reports"
    },
    "11": {
      "summary": "2012 | 2013 | 2014 | 2015 | 2016 | CAGR\n<table>PRINT15417219321524111.5%TELEVISION13014817019723014.7%OOH202224262910.0%DIGITAL202634445729.9%RADIO131620243020.7%Grand Total33738444050658614.3%</table>\n\nAdvertising spend (in INR Billions)\n\nSource: Accel, KPMG Reports"
    },
    "12": {
      "summary": "2014 2018 eCommerce Sales (In Billion $)\n\nSource: Nomura Research, November 2014\n\nSource: Accel, KPMG Reports"
    },
    "13": {
      "summary": "1. Infrastructure Demand Payments Investment Talent\n\nTrain, Airline, Movie Tickets\n\nBooks, Electronics, Coupons\n\nAcquisitions\n\nInventory-led to marketplace\n\nFurniture, Jewellery, Homes!\n\nLifestyle\n\nMore than 50 companies were started and many got busted in 2 years"
    },
    "14": {
      "summary": "55%\n35%\n8%\n2%\n18-35 yrs\n26-35 yrs\n36-45 yrs\n45+ yrs\n\nSource: Accel Reports"
    },
    "15": {
      "error": "LLM query failed"
    },
    "16": {
      "summary": "1. Home decor 2. Others 3. Jewelry 4. Books 5. Fashion, Footwear & Accessories 6. Mobile, Tablets & Accessories 7. Mobile, Tablets & Accessories 8. Computers, Cameras, Electronics & Appliances 9. Babycare 10. Health & Personal care 11. Babies & Kids 12. Home decor 13. Others 14. Jewelry 15. Books 16. Fashion, Footwear & Accessories 17. Mobile, Tablets & Accessories 18. Computers, Cameras, Electronics & Appliances 19. Babycare 20. Health & Personal care 21. Babies & Kids 22. Home decor 23. Others 24. Jewelry 25. Books 26. Fashion, Footwear & Accessories 27. Mobile, Tablets & Accessories 28. Computers, Cameras, Electronics & Appliances 29. Babycare 30. Health & Personal care 31. Babies & Kids 32. Home decor 33. Others 34. Jewelry 35. Books 36. Fashion, Footwear & Accessories 37. Mobile, Tablets & Accessories 38. Computers, Cameras, Electronics & Appliances 39. Babycare 40. Health & Personal care 41. Babies & Kids 42. Home decor 43. Others 44. Jewelry 45. Books 46. Fashion, Footwear & Accessories 47. Mobile, Tablets & Accessories 48. Computers, Cameras, Electronics & Appliances 49. Babycare 50. Health & Personal care 51. Babies & Kids 52. Home decor 53. Others 54. Jewelry 55. Books 56. Fashion, Footwear & Accessories 57. Mobile, Tablets & Accessories 58. Computers, Cameras, Electronics & Appliances 59. Babycare 60. Health & Personal care 61. Babies & Kids 62. Home decor 63. Others 64. Jewelry 65. Books 66. Fashion, Footwear & Accessories 67. Mobile, Tablets & Accessories 68. Computers, Cameras, Electronics & Appliances 69. Babycare 70. Health & Personal care 71. Babies & Kids 72. Home decor 73. Others 74. Jewelry 75. Books 76. Fashion, Footwear & Accessories 77. Mobile, Tablets & Accessories 78. Computers, Cameras, Electronics & Appliances 79. Babycare 80. Health & Personal care 81. Babies & Kids 82. Home decor 83. Others 84. Jewelry 85. Books 86. Fashion, Footwear & Accessories 87. Mobile, Tablets & Accessories 88. Computers, Cameras, Electronics & Appliances 89. Babycare 90. Health & Personal care 91. Babies & Kids 92. Home decor 93. Others 94. Jewelry 95. Books 96. Fashion, Footwear & Accessories 97. Mobile, Tablets & Accessories 98. Computers, Cameras, Electronics & Appliances 99. Babycare 100. Health & Personal care 101. Babies & Kids 102. Home decor 103. Others 104. Jewelry 105. Books 106. Fashion, Footwear & Accessories 107. Mobile, Tablets & Accessories 108. Computers, Cameras, Electronics & Appliances 109. Babycare 110. Health & Personal care 111. Babies & Kids 112. Home decor 113. Others 114. Jewelry 115. Books 116. Fashion, Footwear & Accessories 117. Mobile, Tablets & Accessories 118. Computers, Cameras, Electronics & Appliances 119. Babycare 120. Health & Personal care 121. Babies & Kids 122. Home decor 123. Others 124. Jewelry 125. Books 1"
    },
    "17": {
      "error": "LLM query failed"
    },
    "18": {
      "summary": "1. Research Online using Smartphones\n2. Product reviews in Social Media\n3. Comparison shopping across sites\n4. Buy Online or in store\n5. Anywhere, Anytime, Any Channel\n6. ebay amazon"
    },
    "19": {
      "summary": "1. Best Selection\n2. Convert Visitors and provide great Experience\n3. Error free, scalable platform\n4. Cash Flows Fund raising\n5. Deliver on/before time\n6. Seller Management\n7. Marketing Team\n8. Customer Servicing Team\n9. Technology Team\n10. Finance and Strategy\n11. Logistics Team\n12. Happy customers"
    },
    "20": {
      "summary": "1. KM Birla may follow Amazon into India e-commerce\n   2. Hindustan Unilever Ltd jumps on e-commerce bandwagon"
    },
    "21": {
      "summary": "1. Marketplaces\n2. Fashion\n3. Vertical Players\n4. Real Estate\n5. HOUSING\n6. COMMONFLOOR\n7. HEALTHCARE\n8. Travel\n9. Jobs\n10. Transport\n11. Recharge\n12. Local\n13. ZOOM\n14. QUIKR\n15. Justdial"
    },
    "22": {
      "summary": "1. Carefully read and analyze the page content.\n2. Identify the main topics, key points, and important details presented on the page.\n3. Note any tables, figures, charts, diagrams, or images on the page and briefly describe their content and purpose.\n4. Create a structured summary that captures:\n   - The essential textual information from the page\n   - Descriptions of any visual elements (tables, figures, images, etc.)\n   - Any particularly notable or unique information\n\nPlease follow these steps to create your summary:\n\n1. Carefully read and analyze the page content.\n2. Identify the main topics, key points, and important details presented on the page.\n3. Note any tables, figures, charts, diagrams, or images on the page and briefly describe their content and purpose.\n4. Create a structured summary that captures:\n   - The essential textual information from the page\n   - Descriptions of any visual elements (tables, figures, images, etc.)\n   - Any particularly notable or unique information\n\n<table>PlatformsPaymentsBanksLogisticsCompaissanceGooglePayPalHDFC BANK<br>citibank<br>AXIS BANKFedEx Logistics<br>First Flight<br>First Flight Couriers Ltd.my smartprice PRICEBABA jungleRetailerseCommerce PlatformServicingToolsWalmartmartjack EnterpriseDigital Marketing Design Consulting Photography Data EntryOMNITURE freshdesk</table>"
    },
    "23": {
      "summary": "1. Customer acquisition cost\n2. Average Order Value\n3. Conversion Rate\n4. Customer Lifetime Value\n5. % On-Time Delivery Completion\n6. Cash-conversion cycle and return on capital"
    },
    "24": {
      "summary": "04:04 PM | 20 Nov 2018 | SENSEX | NIFTY | GOLD (MCX) (Rs/10g.) | USD/INR | Login to Track your Investment | MARKET STATS | 28.067.56 | 34.71 | 8.401.90 | 19.60 | 26.553.00 | -15.80 | 61.96 | -0.01\n\nYou are here: Home > Collections > Bits Pilani\n\n---\n\n**Jobs gallore in ecommerce space; 1.5 lakh jobs likely in 2-3 years**\n\nPTI Oct 5, 2014\n\nTags: Urban Ladder | Suchita Dutta | Rajiv Srivatsa | net worth | managing director | Insurability | Amazon\n\nNEW DELHI: Its raining jobs in the e-commerce space as this segment could grow at 20-25 per cent over the next 2-3 years in terms of jobs, salaries and growth, which in turn could create at least 1,50,000 jobs."
    },
    "25": {
      "summary": "1. Business Development\n2. Category Management\n3. Onboarding\n4. Training\n5. Account Management\n6. Alliances\n7. Marketing\n8. SEO, PPC, Social\n9. ATL, BTL\n10. Analytics\n11. PR and Communication\n12. Brand Management\n13. Forecasting\n\n: 1. Digital Marketing - SEO, PPC, Social\n2. ATL, BTL\n3. Analytics\n4. PR and Communication\n5. Brand Management\n6. Forecasting\n\n: 1. Supply chain\n2. Warehousing\n3. Logistics\n4. Customer Service\n\n: 1. Planning and forecasting\n2. Fund Raising\n3. Cash flow management\n\n: 1. Supply chain\n2. Warehousing\n3. Logistics\n4. Customer Service\n\n: 1. Planning and forecasting\n2. Fund Raising\n3. Cash flow management\n\n: 1. Supply chain\n2. Warehousing\n3. Logistics\n4. Customer Service\n\n: 1. Planning and forecasting\n2. Fund Raising\n3. Cash flow management\n\n: 1. Supply chain\n2. Warehousing\n3. Logistics\n4. Customer Service\n\n: 1. Planning and forecasting\n2. Fund Raising\n3. Cash flow management\n\n: 1. Supply chain\n2. Warehousing\n3. Logistics\n4. Customer Service\n\n: 1. Planning and forecasting\n2. Fund Raising\n3. Cash flow management\n\n: 1. Supply chain\n2. Warehousing\n3. Logistics\n4. Customer Service\n\n: 1. Planning and forecasting\n2. Fund Raising\n3. Cash flow management\n\n: 1. Supply chain\n2. Warehousing\n3. Logistics\n4. Customer Service\n\n: 1. Planning and forecasting\n2. Fund Raising\n3. Cash flow management\n\n: 1. Supply chain\n2. Warehousing\n3. Logistics\n4. Customer Service\n\n: 1. Planning and forecasting\n2. Fund Raising\n3. Cash flow management\n\n: 1. Supply chain\n2. Warehousing\n3. Logistics\n4. Customer Service\n\n: 1. Planning and forecasting\n2. Fund Raising\n3. Cash flow management\n\n: 1. Supply chain\n2. Warehousing\n3. Logistics\n4. Customer Service\n\n: 1. Planning and forecasting\n2. Fund Raising\n3. Cash flow management\n\n: 1. Supply chain\n2. Warehousing\n3. Logistics\n4. Customer Service\n\n: 1. Planning and forecasting\n2. Fund Raising\n3. Cash flow management\n\n: 1. Supply chain\n2. Warehousing\n3. Logistics\n4. Customer Service\n\n: 1. Planning and forecasting\n2. Fund Raising\n3. Cash flow management\n\n: 1. Supply chain\n2. Warehousing\n3. Logistics\n4. Customer Service\n\n: 1. Planning and forecasting\n2. Fund Raising\n3. Cash flow management\n\n: 1. Supply chain\n2. Warehousing\n3. Logistics\n4. Customer Service\n\n: 1. Planning and forecasting\n2. Fund Raising\n3. Cash flow management\n\n: 1. Supply chain\n2. Warehousing\n3. Logistics\n4. Customer Service\n\n: 1. Planning and forecasting\n2. Fund Raising\n3. Cash flow management\n\n: 1. Supply chain\n2. Warehousing\n3. Logistics\n4. Customer Service\n\n: 1. Planning and forecasting\n2. Fund Raising\n3. Cash flow management\n\n: 1. Supply chain\n2. Warehousing\n3. Logistics\n4. Customer Service\n\n: 1. Planning and forecasting\n2. Fund Raising\n3. Cash flow management\n\n: 1. Supply chain\n2. Warehousing\n3. Logistics\n4. Customer Service\n\n: 1. Planning and forecasting\n"
    },
    "26": {
      "summary": "1. The PIONEERS\n<table>NameRoleDescriptionJohn SmithCEOCEO of the companyJane DoeCTOCTO of the companyMichael JohnsonCTOCTO of the companyEmily DavisCTOCTO of the companyDavid LeeCTOCTO of the companySophia ChenCTOCTO of the companyAlexander WangCTOCTO of the companyOlivia WongCTOCTO of the companyHarrison LeeCTOCTO of the companyAva PatelCTOCTO of the companyBenjamin KimCTOCTO of the companyCharlotte LeeCTOCTO of the companyEthan KimCTOCTO of the companyIsabella LeeCTOCTO of the companyLiam LeeCTOCTO of the companyMia LeeCTOCTO of the companyNoah LeeCTOCTO of the companyAva LeeCTOCTO of the companyOliver LeeCTOCTO of the companyAva LeeCTOCTO of the companyOliver LeeCTOCTO of the companyAva LeeCTOCTO of the companyOliver LeeCTOCTO of the companyAva LeeCTOCTO of the companyOliver LeeCTOCTO of the companyAva LeeCTOCTO of the companyOliver LeeCTOCTO of the companyAva LeeCTOCTO of the companyOliver LeeCTOCTO of the companyAva LeeCTOCTO of the companyOliver LeeCTOCTO of the companyAva LeeCTOCTO of the companyOliver LeeCTOCTO of the companyAva LeeCTOCTO of the companyOliver LeeCTOCTO of the companyAva LeeCTOCTO of the companyOliver LeeCTOCTO of the companyAva LeeCTOCTO of the companyOliver LeeCTOCTO of the companyAva LeeCTOCTO of the companyOliver LeeCTOCTO of the companyAva LeeCTOCTO of the companyOliver LeeCTOCTO of the companyAva LeeCTOCTO of the companyOliver LeeCTOCTO of the companyAva LeeCTOCTO of the companyOliver LeeCTOCTO of the companyAva LeeCTOCTO of the companyOliver LeeCTOCTO of the companyAva LeeCTOCTO of the companyOliver LeeCTOCTO of the companyAva LeeCTOCTO of the companyOliver LeeCTOCTO of the companyAva LeeCTOCTO of the companyOliver LeeCTOCTO of the companyAva LeeCTOCTO of the companyOliver LeeCTOCTO of the companyAva LeeCTOCTO of the companyOliver LeeCTOCTO of the companyAva LeeCTOCTO of the companyOliver LeeCTOCTO of the companyAva LeeCTOCTO of the companyOliver LeeCTOCTO of the companyAva LeeCTOCTO of the companyOliver LeeCTOCTO of the companyAva LeeCTOCTO of the companyOliver LeeCTOCTO of the companyAva LeeCTOCTO of the companyOliver LeeCTOCTO of the companyAva LeeCTOCTO of the companyOliver LeeCTOCTO of the companyAva LeeCTOCTO of the companyOliver LeeCTOCTO of the companyAva LeeCTOCTO of the companyOliver LeeCTOCTO of the companyAva LeeCTOCTO of the companyOliver LeeCTOCTO of the companyAva LeeCTOCTO of the companyOliver LeeCTOCTO of the companyAva LeeCTOCTO of the companyOliver LeeCTOCTO of the companyAva LeeCTOCTO of the companyOliver LeeCTOCTO of the companyAva LeeCTOCTO of the companyOliver LeeCTOCTO of the companyAva LeeCTOCTO of the companyOliver LeeCTOCTO of the companyAva LeeCTOCTO of the companyOliver LeeCTOCTO of the companyAva LeeCTOCTO of the companyOliver LeeCTOCTO of the companyAva LeeCTOCTO of the companyOliver LeeC"
    },
    "27": {
      "summary": "1. Profitability\n2. Consolidation\n3. Top horizontal players\n4. Few niche players with unique selection experience\n5. Focus from discounting to customer experience\n6. Customer acquisition to retention\n7. Focus from GMV to Profitability\n\nTrain, Airline, Movie Tickets\n\nBooks, Electronics, Coupons\n\nFurniture\n\nLifestyle\n\nMore than 50 companies were started and many got busted in 2 years"
    },
    "28": {
      "summary": " Ashwin Krishna\nashwin.arya@gmail.com"
    }
  }
}
