{
  "doc_id": "edb88a99670417f64a6b719646aed326.pdf",
  "pages": {
    "1": {
      "summary": "5/4 Page"
    },
    "2": {
      "summary": " Page: \nZip Code\nCountry\nTelephone\nExt.\n\nRedacted by\nNV DOl\nCounty\nRedacted by\nNV DOl\nE-mail Address\n\nNo Agent\nYes Other Party's Insurance Company\nNo\n\nRedacted by DOl\nAgent Name\nStreet/Apt#\nCity\nState\nZip Code\nCountry\nTelephone\nExt\nE-mail Address\n\nRedacted by DOl\nLas Vegas\nNevada\n89101 Province\nCounty\nRedacted by DOl\n\nClark\n\nRedacted by DOl\nInsurance Information\nDoes this complaint involve an individual that is medicare eligible?\n\nPurchased Insurance on the Health\nNo Care Exchange?\nNo\n\nPolicy\nInsurance Card ID Number\nIn what state was this policy sold?\nType of Insurance\n\nPolicy Number\nFidelity/Surety/Bail\nNo\n\nClaim\nClaim Number\nLocation of Loss/Incident\n\nDate of Loss/Incident\n11-07-2014\n\nOther Party\n\nComplaint Details"
    },
    "3": {
      "summary": "5/4"
    },
    "4": {
      "summary": "1 Agree\n☑️ I Agree\n☐ I Disagree\n\nNote: If you check yes, a copy of your complaint will be sent to the respondent, but we will not release information regarding your complaint to anyone else.\n\nDo you want your complaint and the information we obtain during our review to be kept confidential? No\nHow did you hear about us? Other\n\nPage: 5/4"
    },
    "5": {
      "summary": "2501 E. Sahara Ave #302\nLas Vegas, NV 89104\n702-486-4009 Phone\n702-486-4007 Fax\n\n---\n\n**Your contact information**\n\nName: [Redacted by NV DOI]\nAddress: [Redacted by NV DOI]\nCity: [Redacted by NV DOI]\nHome Phone: [Redacted by NV DOI]\nCell Phone: [Redacted by NV DOI]\nPolicyholder information (if complaint is against other party's insurance):\nName of policyholder: [Redacted by NV DOI]\n\n---\n\n**Insurance Information**\n\nInsurance company name: [Redacted by DOI]\nType of policy: [Group, Individual, Unknown]\nPolicy No.: [Redacted by NV DOI]\nClaim No.: [Redacted by NV DOI]\nIf auto related, License Plate No.: [Redacted by NV DOI]\nDate of Loss/Accident/Incident: [Redacted by NV DOI]\nAgent/Agency Name: [Redacted by DOI]\n\n---\n\n**Additional Notes:**\n\n- Use the provided template to fill in the relevant sections.\n- Ensure all fields are filled out based on the information available.\n- Use the provided example as a guide for formatting your summary.\n- Keep it concise but detailed.\n- Avoid unnecessary repetition.\n- Maintain a logical flow of information.\n- Use proper punctuation and grammar.\n- Check for spelling and formatting errors.\n- Ensure all necessary details are included.\n- Double-check the accuracy of the information provided.\n- Provide a clear and concise summary that captures the essence of the document."
    },
    "6": {
      "summary": "1. Carefully read and analyze the page content.\n2. Identify the main topics, key points, and important details presented on the page.\n3. Note any tables, figures, charts, diagrams, or images on the page and briefly describe their content and purpose.\n4. Create a structured summary that captures:\n   - The essential textual information from the page\n   - Descriptions of any visual elements (tables, figures, images, etc.)\n   - Any particularly notable or unique information\n\nPlease follow these steps to create your summary:\n\n1. Carefully read and analyze the page content.\n2. Identify the main topics, key points, and important details presented on the page.\n3. Note any tables, figures, charts, diagrams, or images on the page and briefly describe their content and purpose.\n4. Create a structured summary that captures:\n   - The essential textual information from the page\n   - Descriptions of any visual elements (tables, figures, images, etc.)\n   - Any particularly notable or unique information\n\nPlease follow these steps to create your summary:\n\n1. Carefully read and analyze the page content.\n2. Identify the main topics, key points, and important details presented on the page.\n3. Note any tables, figures, charts, diagrams, or images on the page and briefly describe their content and purpose.\n4. Create a structured summary that captures:\n   - The essential textual information from the page\n   - Descriptions of any visual elements (tables, figures, images, etc.)\n   - Any particularly notable or unique information\n\nPlease follow these steps to create your summary:\n\n1. Carefully read and analyze the page content.\n2. Identify the main topics, key points, and important details presented on the page.\n3. Note any tables, figures, charts, diagrams, or images on the page and briefly describe their content and purpose.\n4. Create a structured summary that captures:\n   - The essential textual information from the page\n   - Descriptions of any visual elements (tables, figures, images, etc.)\n   - Any particularly notable or unique information\n\nPlease follow these steps to create your summary:\n\n1. Carefully read and analyze the page content.\n2. Identify the main topics, key points, and important details presented on the page.\n3. Note any tables, figures, charts, diagrams, or images on the page and briefly describe their content and purpose.\n4. Create a structured summary that captures:\n   - The essential textual information from the page\n   - Descriptions of any visual elements (tables, figures, images, etc.)\n   - Any particularly notable or unique information\n\nPlease follow these steps to create your summary:\n\n1. Carefully read and analyze the page content.\n2. Identify the main topics, key points, and important details presented on the page.\n3. Note any tables, figures, ch"
    },
    "7": {
      "summary": "12/16/2014 20:18 775--322-7529 FEDEX OFFICE 3901 PAGE 03\n\nDefine your problem:\nPlease check all that apply:\n- [ ] Claim denial\n- [ ] Premium increase\n- [ ] Cancellation/non-renewal\n- [ ] Unsatistactory claim settlement\n- [ ] Claim Delay\n- [ ] Misrepresentation\n- [ ] Billing problem\n- [ ] Refusal to insure\n- [ ] Other\n\nGive a brief explanation of the problem:\nRedacted by NV DOI\n\nDesired resolution:\nRedacted by DOI\n\nRelease for Information:\n- I certify that the information furnished by me in support of this Complaint is to the best of my knowledge true and correct.\n- If this Consumer Complaint involves medical records or credit information, I hereby authorize my insurer on any other entity with medical information or credit information to provide the information to the Nevada Division of Insurance. Any medical or financial information released to the Division will be kept confidential.\n- I have read and understand this release. I further represent that I am the person filing this Consumer Complaint and that it is my signature below.\n\nSignature: _________________________\nRedacted by NV DOI\n\nDate: _________________________\n\nDOJ 810 (rev. 07/22/2014 Page 2 of 2)"
    },
    "8": {
      "summary": "2014\n\nSTATE OF NEVADA )\nCOUNTY OF WASHOE )\n\nThis instrument was acknowledged before me on October 2, 2014 by\nRedacted by\nNV DOI\n\nNOTARY PUBLIC, STATE OF NEVADA\nMy Appointment Expires: 12-2-14\n\nThis POA was signed by\nRedacted by\nNV DOI\n\n0254"
    },
    "9": {
      "summary": "1. The defendant, by these presents do make, constitute and appoint MIKES FAMILY BAIL BONUS my true and lawful attorney for me and in my name, place and stead to act for me in the Court of my charges, the county . the State, in connection with the charges I was hailed out with, Now pending against me in said County: am I, enter such plea as he may feel is proper in connection with the said charge, giving and granting unto my said attorney full power and authority to do and perform all and every act and thing whatsoever requisite and necessary to be done in and about the promises as fully, to all intents and purposes, as I might or could do if personally present, with full power of substitution and revocation, hereby ratifying and confirming all that may said attorney or his substitute shall lawfully do or cause to be done by virtue hereof.\nIMPORTANT! American Surety Company accepts and authorizes its representatives to accept only specific forms of collateral as security.\nTHIS ACCEPTABLE COLLATERAL IS LIMITED TO:\n1. CASH including cashier's checks, money orders, and certified check;\n2. Properly assigned SAVINGS ACCOUNTS represented by passbooks, or properly assigned CERTIFICATES OF DEPOSIT;\n3. Properly assigned STOCKS AND BONDS;\n4. REAL ESTATE evidenced by property secured mortgage, deeds of trust or confessions of judgment in accordance with applicable state law.\nIMPORTANT! This collateral security receipt and agreement should not be used except in conjunction with acceptable collateral.\nRepresentatives are not authorized to accept and American Surety Company is not responsible for any type or form of collateral under this collateral agreement.\nTO DEFENDANT AND INDEMNITOR(S): YOU ARE ENTITLED TO A SIGNED RECEIPT FOR COLLATERAL YOU HAVE GIVEN TO THE HONORING AGENT TO SECURE AND INDEMNIFY THIS BOND PURSUANT TO THE TERMS OF THIS AGREEMENT. ANY PROPERTY DEBT OR MORTGAGE MUST BE TAKEN IN THE NAME OF AMERICAN SURETY COMPANY. BE SURE ALL YOUR COLLATERAL IS ITEMIZED ON YOUR COLLATERAL RECEIPT.\nPROMISSORY NOTE\nOn demand after date, for value received. Promise to pay to the order of AMERICAN SURETY COMPANY or assigns at Mikes Family Bail Bonds, with interest thereon at the rate of 0% per cent, per annum from Call Date until fully paid. Interest payable semi-annually. The maker and endorser of this note further agree to waive demand, notice of non-payment and protest; and in case suit shall be brought for the collection hereof, or the same has to be collected upon demand of attorney, to pay reasonable attorney's fees for making such collection. Deferred interest payments to bear interest from maturity at zero per cent, per annum payable semi-annually. It is further agreed and specifically understood that this note shall become Null and Void in the event the sa"
    },
    "10": {
      "summary": "5\n\nRedacted by DOI\n\nThis document was given to complainant purporting to be proof of a signing over the vehicle."
    },
    "11": {
      "summary": "1. **Mail to:** 1818 E. College Pkwy #103 Carson City, NV 89706  \n775-687-0700 Phone  \n775-687-0797 Fax  \n\n**Mail to:** 2501 E. Sahara Ave #302 Las Vegas, NV 89104  \n702-486-4009 Phone  \n702-486-4007 Fax  \n\n---\n\n**Your contact information**\n\nName: Redacted by NV DOI  \nAddress: Redacted by NV DOI  \nCity: Redacted by NV DOI  \nHome Phone: Redacted by NV DOI  \nCell Phone: Redacted by NV DOI  \nEmail: Redacted by NV DOI  \n\nPolicylholder information (if complaint is against other party's insurance)\n\nName of policyholder: Redacted by NV DOI  \n\n---\n\n**Insurance information**\n\nInsurance company the complaint is against:\n\nType of policy: [Check all that apply]  \n□ Group  \n□ Individual  \n□ Unknown  \n\nPolicy No.: [Blank]  \n\nIf auto related, License Plate No.: [Blank]  \n\nDate of Loss/Accident/Incident: [Blank]  \n\n**Type of insurance:**\n\n□ Auto  \n□ Home/Condo/Renters  \n□ Health  \n□ Life  \n□ Dental  \n□ Long Term Care  \n□ Medical Supplemental  \n□ Ext. Warranty/Service Contract  \n□ Other: [Blank]  \n\nAgent/Agency Name: [Blank]  \n\n---\n\nDOI 310 (rev 07/22/2014) Page 1 of 2"
    },
    "12": {
      "summary": "1-8 / 5\n\nDOl 310 (rev 07/22/2014) Page 2 of 2"
    },
    "13": {
      "summary": "517\nNevada Division of Insurance\nCONSUMER COMPLAINT FORM\n\nMail to: 1818 E. College Pkwy #103\nCarson City, NV 890706\n775-687-0700 Phone\n775-687-0797 Fax\n\nMail to: 2501 E. Sahara Ave #302\nLas Vegas, NV 89104\n702-486-4009 Phone\n702-486-4007 Fax\n\nInitial this box if you want the Division of Insurance to treat records of your Consumer Complaint as confidential.\n\nAre you represented by an attorney? Yes ___ No ___\nIf yes, please be advised the Division may not be able to intercede on your behalf.\n\nYour contact information\n\nName: Redacted by NV DOJ\nAddress: Redacted by NV DOJ\nCity: Zip: Redacted by NV DOJ\nHome Phone: Work phone: Redacted by NV DOJ\nCell Phone: Email: Redacted by NV DOJ\n\nPolicyholder information (if different than above)\nRedacted by DOJ\nName of policyholder: ___________________________\n\nInsurance information\n\nInsurance Company: Redacted by DOJ\nType of policy: □ Group □ Individual □ Unknown\nPolicy No: ___________________________\nClaim No: ___________________________\n\nIf DMV related, License Plate No: ___________________________\n\nDate of Loss: 3-1/8-1/4\n\nType of insurance: □ Auto □ Home/Condo/Renters □ Health □ Life □ Dental\n□ Long Term Care □ Medical Supplemental □ Ext. Warranty/Service Contract\n□ Other: 13c:1\n\nAgent/Adjuster Name: 13c:1\n\nDOI 310 (rev 04/23/2014) Page 1 of 2"
    },
    "14": {
      "summary": "1. I certify that the information furnished by me in support of this Consumer Complaint is to the best of my knowledge true and correct.\n2. If this Consumer Complaint involves medical records or credit information, I hereby authorize my insurer on any other entity with medical information or credit information to provide the information to the Nevada Division of Insurance. Any medical or financial information released to the Division will be kept confidential.\n3. I have read and understand this release. I further represent that I am the person filing the Consumer Complaint and that it is my signature below.\nSignature: [Signature]\nDate: [Date]\nDOI: 310 (rev 04/23/2014) Page 2 of 2"
    },
    "15": {
      "summary": "1. The information below must be filled out completely by the Premium and/or Collateral depositor only. Your signature must be notarized for return of collateral.\n2. A legible clear copy of depositor’s Government issued identification must be attached. Drivers license or Matricula Card acceptable.\n3. A copy of the Premium Receipt or Collateral Receipt must be attached.\n4. All documents must be returned by mail to:\nCollateral / Premium Department\nRedacted by DOI\nLas Vegas, Nevada 89101\n5. If your request is returned to you and/or marked “DENIED. BOND NOT YET EXONERATED” do not resubmit within 45 days from date of denial.\n6. All refunds are subject to “Fees Schedule” deductions if applicable\n7. All refunds take a minimum of 15 days to process and may take up to 30 business days, NOT including holidays.\n8. Collateral will be eligible for refund upon receipt of Discharge from the Court ONLY\n\nThe provided text is a sample of a document related to a legal or financial matter. It includes sections for the applicant's information, the reason for denial, and the reasons for the denial. The document also contains placeholders for signatures and dates, indicating where the applicant would sign and when the denial was received."
    },
    "16": {
      "summary": "3/18/14\n\nNAME: [Blank]\nREDACTED BY\nNV DOI\nADDRESS: [Blank]\nREDACTED BY\nNV DOI\nIn Connection with a Bail Bond for: [Blank]\nIn the amount of: $4,157.22\nThe following described collateral: [Blank]\n$2,288.00 Cash, Trust, or any other form of collateral.\n\nREFERENCE TO FIRST COLLATERAL DEPOSIT ON THIS PAGE REQUIRES REQUEST FOR PAYMENT OF THE COLLATERAL.\n\nSaid Collateral is deposited as security for the payment of any sums which may become due to ACME Bail Bonds or its Sureties by the terms of the Bail Bond Agreement executed for said Bond(s) by the said Depositor and Indemnitors, all of the terms which are made a part of this receipt by this reference Collateral will be returned only to depositor. No collateral will be returned until the Court has furnished written evidence the bond has been exonerated and this receipt is returned.\n\nIf collateral taken in connection with this bond, a collateral receipt must be issued.\nPAID BY: [Blank]\nREDACTED BY\nNV DOI\nRECEIVED BY: [Blank]\nAGENT\n\nReturned Collateral\nDate Returned\nReturned By: [Blank]\nReceived By: [Blank]\n\nWITE - PAYER'S COPY - VCR - N..."
    },
    "17": {
      "summary": "0.00 0.00\n04 03 2014 BIENCH WARRANII STANDS 0.00 0.00\n04 03 2014 COURT ORDRIED: II S1000 PAID 0.00 0.00\nQUASI B W & SLT NW COURT DATE\n04 03 2014 EVENT COMPLETED The following 0.00 0.00\nevent: MOIONS scheduled for 04 03 2014 at 8:00 am has been resulted as follows:\nResult: EVENT COMPLETED Judge:\nHOFFFGIN, SHAN I ocuation: NORTH\nLAS VEGAS MUNICIPAL COURT\nDLPTI. 2\n04 03 2014 MOTION DNIED 0.00 0.00\n03 27 2014 ARRAIGNMENT AND SENTENCING 0.00 0.00\nHEARING SCHEDULED Event:\nMOTIONS Date: 04 03 2014 Time: 8:00\nam Judge: HOFFGIN, SHAN I ocuation:\nNORTH LAS VEGAS MUNICIPAL\nCOURT DIPTI. 2 Result: EVENT\nCOMPLETED\n03 27 2014 MOTION IO QUASH NO PI FA Attorney 0.00 0.00\nRedacted by\n03 27 2014 CASE REACTIVATED 0.00 0.00\n03 12 2014 WARRANT PRINTED BW NO PI FA Sent 0.00 0.00\non: 03 12 2014 15:14:24.97\n03 12 2014 ALERT ISSUED ACTIVE WARRANT 0.00 0.00\nissued on: 03 12 2014 For. Redacted by NV DOJ\nNV DOJ\nBond Type: Bond Type: NV DOJ\n03 12 2014 BENCH WARRANT ISSUED NO PI FA - 0.00 0.00\nCNOR FULL BAIL. The following event:\nARRANGEMENT scheduled for 03 12 2014\nat 8:00 am has been resulted as follows:\nResult: BENCH WARRANT ISSUED NO\nPI FA - CNOR FULL BAIL. Judge:\nSCHULKI, KURT I ocuation: NORTH LAS\nVEGAS MUNICIPAL COURT DEPT. 1\n03 12 2014 PRESIDING JUDGE AND STAFF 0.00 0.00\nATTENDING IN-COURT Court Location:\nNORTH LAS VEGAS MUNICIPAL\nCOURT DEPT. 2 Check In: Judge:\nSCHULKI, KURT I ocuation: NORTH LAS\nVEGAS MUNICIPAL COURT DEPT. 2\nStaff: CURTIS, DAVITA - COURT\nCIERK 3: Present PALOMO.\nGUILLERMO - INTERPRETER: Present\nPHILLIPS, KIMBERLY - DEPUTY CITY\nATTORNEY: Present WALLER, DAWNA"
    },
    "18": {
      "summary": "0.00 0.00\n02 18 2014 ARRAIGNMENT AND SLINTENCING 0.00 0.00\nII: ARRANGEMENT OF THE FOLLOWING EVENT: CIVIL ACTION APPEARANCE DATE: 03/26/2014 AT 12:00 AM HAS BEEN RESCHEDULED AS FOLLOWS: EVENT: ARRAIGNMENT DATE: 03/12/2014 TIME: 8:00 AM JUDGE: HOEFFGEN, SIEGEL LOCATION: NORTH I AS VEGAS MUNICIPAL COURT DEPT. 2\n\n02 18 2014 CASI: IS RISET? W O C THE following event: CIVIL ACTION APPEARANCE DATE: SCHEDULED FOR 03/26/2014 AT 12:00 AM has been rescheduled as follows: RESULT: HEARING DATE: NORTH I AS VEGAS MUNICIPAL COURT LOCATION: NORTH I AS VEGAS MUNICIPAL COURT DEPT. 1\n\n01 15 2014 APPEARANCE DATE: SET BY OFFICER 0.00 0.00\nEvent: CIVIL ACTION APPEARANCE DATE: 03/26/2014 TIME: 12:00 AM JUDGE: NORTH I AS VEGAS MUNICIPAL COURT LOCATION: NORTH I AS VEGAS MUNICIPAL COURT DEPT. 1 RESULT: HEARING DATE: NORTH I AS VEGAS MUNICIPAL COURT LOCATION: NORTH I AS VEGAS MUNICIPAL COURT DEPT. 1 RESULT: HEARING DATE: NORTH I AS VEGAS MUNICIPAL COURT LOCATION: NORTH I AS VEGAS MUNICIPAL COURT DEPT. 1 RESULT: HEARING DATE: NORTH I AS VEGAS MUNICIPAL COURT LOCATION: NORTH I AS VEGAS MUNICIPAL COURT DEPT. 1 RESULT: HEARING DATE: NORTH I AS VEGAS MUNICIPAL COURT LOCATION: NORTH I AS VEGAS MUNICIPAL COURT DEPT. 1 RESULT: HEARING DATE: NORTH I AS VEGAS MUNICIPAL COURT LOCATION: NORTH I AS VEGAS MUNICIPAL COURT DEPT. 1 RESULT: HEARING DATE: NORTH I AS VEGAS MUNICIPAL COURT LOCATION: NORTH I AS VEGAS MUNICIPAL COURT DEPT. 1 RESULT: HEARING DATE: NORTH I AS VEGAS MUNICIPAL COURT LOCATION: NORTH I AS VEGAS MUNICIPAL COURT DEPT. 1 RESULT: HEARING DATE: NORTH I AS VEGAS MUNICIPAL COURT LOCATION: NORTH I AS VEGAS MUNICIPAL COURT DEPT. 1 RESULT: HEARING DATE: NORTH I AS VEGAS MUNICIPAL COURT LOCATION: NORTH I AS VEGAS MUNICIPAL COURT DEPT. 1 RESULT: HEARING DATE: NORTH I AS VEGAS MUNICIPAL COURT LOCATION: NORTH I AS VEGAS MUNICIPAL COURT DEPT. 1 RESULT: HEARING DATE: NORTH I AS VEGAS MUNICIPAL COURT LOCATION: NORTH I AS VEGAS MUNICIPAL COURT DEPT. 1 RESULT: HEARING DATE: NORTH I AS VEGAS MUNICIPAL COURT LOCATION: NORTH I AS VEGAS MUNICIPAL COURT DEPT. 1 RESULT: HEARING DATE: NORTH I AS VEGAS MUNICIPAL COURT LOCATION: NORTH I AS VEGAS MUNICIPAL COURT DEPT. 1 RESULT: HEARING DATE: NORTH I AS VEGAS MUNICIPAL COURT LOCATION: NORTH I AS VEGAS MUNICIPAL COURT DEPT. 1 RESULT: HEARING DATE: NORTH I AS VEGAS MUNICIPAL COURT LOCATION: NORTH I AS VEGAS MUNICIPAL COURT DEPT. 1 RESULT: HEARING DATE: NORTH I AS VEGAS MUNICIPAL COURT LOCATION: NORTH I AS VEGAS MUNICIPAL COURT DEPT. 1 RESULT: HEARING DATE: NORTH I AS VEGAS MUNICIPAL COURT LOCATION: NORTH I AS VEGAS MUNICIPAL COURT DEPT. 1 RESULT: HEARING DATE: NORTH I AS VEGAS MUNICIPAL COURT LOCATION: NORTH I AS VEGAS MUNICIPAL COURT DEPT. 1 RESULT: HEARING DATE: NORTH I AS VEGAS MUNICIPAL COURT LOCATION: NORTH I AS VEGAS MUNICIPAL COURT DEPT. 1 RESULT:"
    },
    "19": {
      "summary": "1. Carefully read and analyze the page content.\n2. Identify the main topics, key points, and important details presented on the page.\n3. Note any tables, figures, charts, diagrams, or images on the page and briefly describe their content and purpose.\n4. Create a structured summary that captures:\n   - The essential textual information from the page\n   - Descriptions of any visual elements (tables, figures, images, etc.)\n   - Any particularly notable or unique information\n\nPlease note that this is a general guide and you may need to adjust the structure and content based on the specific requirements of the task."
    },
    "20": {
      "summary": "1. Carefully read and analyze the page content.\n2. Identify the main topics, key points, and important details presented on the page.\n3. Note any tables, figures, charts, diagrams, or images on the page and briefly describe their content and purpose.\n4. Create a structured summary that captures:\n   - The essential textual information from the page\n   - Descriptions of any visual elements (tables, figures, images, etc.)\n   - Any particularly notable or unique information\n\nPlease follow these steps to create your summary:\n\n1. Carefully read and analyze the page content.\n2. Identify the main topics, key points, and important details presented on the page.\n3. Note any tables, figures, charts, diagrams, or images on the page and briefly describe their content and purpose.\n4. Create a structured summary that captures:\n   - The essential textual information from the page\n   - Descriptions of any visual elements (tables, figures, images, etc.)\n   - Any particularly notable or unique information\n\nPlease follow these steps to create your summary:\n\n1. Carefully read and analyze the page content.\n2. Identify the main topics, key points, and important details presented on the page.\n3. Note any tables, figures, charts, diagrams, or images on the page and briefly describe their content and purpose.\n4. Create a structured summary that captures:\n   - The essential textual information from the page\n   - Descriptions of any visual elements (tables, figures, images, etc.)\n   - Any particularly notable or unique information\n\nPlease follow these steps to create your summary:\n\n1. Carefully read and analyze the page content.\n2. Identify the main topics, key points, and important details presented on the page.\n3. Note any tables, figures, charts, diagrams, or images on the page and briefly describe their content and purpose.\n4. Create a structured summary that captures:\n   - The essential textual information from the page\n   - Descriptions of any visual elements (tables, figures, images, etc.)\n   - Any particularly notable or unique information\n\nPlease follow these steps to create your summary:\n\n1. Carefully read and analyze the page content.\n2. Identify the main topics, key points, and important details presented on the page.\n3. Note any tables, figures, charts, diagrams, or images on the page and briefly describe their content and purpose.\n4. Create a structured summary that captures:\n   - The essential textual information from the page\n   - Descriptions of any visual elements (tables, figures, images, etc.)\n   - Any particularly notable or unique information\n\nPlease follow these steps to create your summary:\n\n1. Carefully read and analyze the page content.\n2. Identify the main topics, key points, and important details presented on the page.\n3. Note any tables, figures, ch"
    }
  }
}
