{
  "doc_id": "efd88e41c5f2606c57929cac6c1c0605.pdf",
  "pages": {
    "1": {
      "summary": " The provided image is a placeholder and does not contain any relevant information to extract."
    },
    "2": {
      "summary": "1. Read the page carefully and identify its main topics and content.\n2. Note any tables, figures, images, and their descriptions.\n3. Summarize the page in a concise manner using the provided structure.\n4. Ensure the summary accurately reflects the page's content and purpose."
    },
    "3": {
      "summary": " The provided image is a placeholder and does not contain any relevant information to extract."
    },
    "4": {
      "summary": " This report was produced by the U.S Global Change Research Program.\n1800 G Street, NW, Suite 9100\nWashington, D.C. 20006 USA\nwww.globalchange.gov\n\nFirst Published April 2016\n\nISBN: 978-0-16-093241-0\n\n---\n\n**Recommended Citation:** USGCRP, 2016: *The Impacts of Climate Change on Human Health in the United States: A Scientific Assessment*. Crimmins, A., J. Balbus, J.L. Gamble, C.B. Beard, J.E. Bell, D. Dodgen, R.J. Eisen, N. Fann, M.D. Hawkins, S.C. Herring, L. Jantarasami, D.M. Mills, S. Saha, M.C. Sarofim, J. Tritanj, and L. Ziska, Eds. U.S. Global Change Research Program, Washington, DC, 312 pp. http://dx.doi.org/10.7930/J0R49NQX"
    },
    "5": {
      "summary": "2016\n\nDear Colleagues:\n\nOn behalf of the National Science and Technology Council and the U.S. Global Change Research Program, I am pleased to share this report, *The Impacts of Climate Change on Human Health in the United States: A Scientific Assessment*. It advances scientific understanding of the impacts of climate change on public health, highlights social and environmental disparities that make some communities particularly vulnerable to climate change, and confirms that climate change is a significant threat to the health of all Americans.\n\nThis report was developed by over 100 experts from across the Nation representing eight Federal agencies. I want to thank in particular the efforts of the U.S. Environmental Protection Agency (EPA), the U.S. Department of Health and Human Services (HHS), and the National Oceanic and Atmospheric Administration (NOAA) for leading in the development of this report. It was called for under the President's Climate Action Plan and is a major contribution to the sustained National Climate Assessment process. The report was informed by input gathered in listening sessions and scientific and technical information contributed through open solicitations. It underwent rigorous reviews by the public and by scientific experts inside and outside of the government, including a special committee of the National Academies of Sciences, Engineering, and Medicine.\n\nI applaud the authors, reviewers, and staff who have developed this scientific assessment. Their dedication over the past three years has been remarkable and their work has advanced our knowledge of how human health is impacted by climate change now and in the future.\n\nCombating the health threats from climate change is a top priority for President Obama and a key driver of his Climate Action Plan. I strongly and respectfully urge decision makers across the Nation to use the scientific information contained within to take action and protect the health of current and future generations.\n\nDr. John P. Holdren\nAssistant to the President for Science and Technology\nDirector, Office of Science and Technology Policy\nExecutive Office of the President"
    },
    "6": {
      "summary": "1. The U.S. Global Change Research Program (USGCRP) Climate and Health Assessment has been developed to enhance understanding and inform decisions about the growing threat of climate change to the health and well-being of residents of the United States. This scientific assessment is part of the ongoing efforts of USGCRP's sustained National Climate Assessment (NCA) process and was called for under the President's Climate Action Plan. USGCRP agencies identified human health impacts as a high-priority topic for scientific assessment.\n\nThis assessment was developed by a team of more than 100 experts from 8 U.S. Federal agencies (including employees, contractors, and affiliates) to inform public health officials, urban and disaster response planners, decision makers, and other stakeholders within and outside of government who are interested in better understanding the risks climate change presents to human health.\n\nThe USGCRP Climate and Health Assessment draws from a large body of scientific peer-reviewed research and other publicly available sources; all sources meet the standards of the Information Quality Act (IQA). The report was extensively reviewed by the public and experts, including a committee of the National Academies of Sciences, Engineering, and Medicine, the 13 Federal agencies of the U.S. Global Change Research Program, and the Federal Committee on Environment, Natural Resources, and Sustainability (CENRS).\n\nAbout the National Climate Assessment\nThe Third National Climate Assessment (2014 NCA) assessed the science of climate change and its impacts across the United States, now and throughout this century. The report documents climate change related impacts and responses for various sectors and regions, with the goal of better informing public and private decision making at all levels. The 2014 NCA included a chapter on human health impacts, which formed the foundation for the development of this assessment."
    },
    "7": {
      "summary": "1. Introduction: Climate Change and Human Health .............................................................................25\n2. Temperature-Related Death and Illness ................................................................................43\n3. Air Quality Impacts........................................................................................................69\n4. Impacts of Extreme Events on Human Health...............................................................99\n5. Vector-Borne Diseases ............................................................................................129\n6. Climate Impacts on Water-Related Illness ..............................................................157\n7. Food Safety, Nutrition, and Distribution ..................................................................189\n8. Mental Health and Well-Being ..............................................................................217\n9. Populations of Concern ........................................................................................247\n\nAppendix 1: Technical Support Document: Modeling Future Climate Impacts on Human Health ..287\nAppendix 2: Process for Literature Review .........................................................................301\nAppendix 3: Report Requirements, Development Process, Review, and Approval ................303\nAppendix 4: Documenting Uncertainty: Confidence and Likelihood...................................305\nAppendix 5: Glossary and Acronyms ................................................................................307"
    },
    "8": {
      "summary": "1. The purpose of this assessment is to provide a comprehensive, evidence-based, and, where possible, quantitative estimation of observed and projected climate change related health impacts in the United States. The USGCRP Climate and Health Assessment has been developed to inform public health officials, urban and disaster response planners, decision makers, and other stakeholders within and outside of government who are interested in better understanding the risks climate change presents to human health.\n\nThe authors of this assessment have compiled and assessed current research on human health impacts of climate change and summarized the current state of the science for a number of key topics. This assessment provides a comprehensive update to the most recent detailed technical assessment for the health impacts of climate change, the 2008 Synthesis and Assessment Product 4.6 (SAP 4.6), Analyses of the Effects of Global Change on Human Health and Welfare and Human Systems. It also updates and builds upon the health chapter of the 2014 NCA. While Chapter 1: Introduction: Climate Change and Human Health includes a brief overview of observed and projected climate change impacts in the United States, a detailed assessment of climate science is outside the scope of this report. This report relies on the 2014 NCA and other peer-reviewed scientific assessments of climate change and climate scenarios as the basis for describing health impacts.\n\nEach chapter of this assessment summarizes scientific literature on specific health outcomes or climate change related exposures that are important to health. The chapters emphasize research published between 2007 and 2015 that quantifies either observed or future health impacts associated with climate change, identifies risk factors for health impacts, and recognizes populations that are at greater risk. In addition, four chapters (Temperature-Related Death and Illness, Air Quality Impacts, Vector-Borne Disease, and Water-Related Illness) highlight recent modeling analyses that project national-scale impacts in these areas.\n\nThe geographic focus of this assessment is the United States. Studies at the regional level within the United States, analyses or observations in other countries where the findings have implications for potential U.S. impacts, and studies of global linkages and implications are also considered where relevant. For example, global studies are considered for certain topics where there is a lack of consistent, long-term historical monitoring in the United States. In some instances it is more appropriate to consider regional studies, such as where risk and impacts vary across the Nation.\n\nWhile climate change is observed and measured on long-term time scales (30 years or more), decision frameworks f"
    },
    "9": {
      "summary": "1. The first part of the report discusses the climate impacts of climate change, including its causes, effects, and potential solutions. It also addresses the role of adaptive capacity in managing climate change. 2. The second part focuses on the impacts of climate change on human health, including direct and indirect effects, adaptation strategies, and the importance of mitigation efforts. 3. The third part examines the economic and social impacts of climate change, such as loss of livelihoods, migration, and increased healthcare costs. 4. The fourth part highlights the need for international cooperation and policy frameworks to address climate change effectively. 5. The fifth part emphasizes the urgency of taking immediate action to mitigate climate change and outlines various adaptation measures that can be implemented at different levels (local, national, and global). 6. The sixth part discusses the role of civil society organizations and communities in driving climate action and advocating for sustainable development policies. 7. The seventh part provides an overview of the United Nations Framework Convention on Climate Change (UNFCCC) and its key features, including its institutional framework, decision-making processes, and mechanisms for implementation. 8. The eighth part describes the Paris Agreement and its objectives, which aim to strengthen the global response to climate change through enhanced ambition, transparency, and accountability. 9. The ninth part outlines the key principles and requirements of the Paris Agreement, including the principle of common but differentiated responsibilities, the obligation to pursue ambitious mitigation and adaptation actions, and the provision of financial and technical support to developing countries. 10. The tenth part concludes by summarizing the main findings and recommendations of the report, emphasizing the urgent need for collective action to achieve the goals of the Paris Agreement and limit global warming to well below 2°C above pre-industrial levels.\n\nThe following sections provide more detailed information on each topic:\n\n### Section 1: Climate Impacts of Climate Change\nClimate change has significant impacts on various aspects of human life, including food security, water resources, health, and infrastructure. These impacts are expected to intensify in the coming decades due to continued greenhouse gas emissions and other factors contributing to climate change. The impacts vary depending on the region and the level of vulnerability of the population. However, some of the most vulnerable populations include children, older adults, low-income groups, indigenous peoples, and people living in coastal areas. The impacts of climate change can lead to increased frequency and intensity of extreme wea"
    },
    "10": {
      "summary": "1. Climate change and human health impacts\n2. Climate change and human health\n3. Climate change and human health\n4. Climate change and human health\n5. Climate change and human health\n6. Climate change and human health\n7. Climate change and human health\n8. Climate change and human health\n9. Climate change and human health\n10. Climate change and human health\n11. Climate change and human health\n12. Climate change and human health\n13. Climate change and human health\n14. Climate change and human health\n15. Climate change and human health\n16. Climate change and human health\n17. Climate change and human health\n18. Climate change and human health\n19. Climate change and human health\n20. Climate change and human health\n21. Climate change and human health\n22. Climate change and human health\n23. Climate change and human health\n24. Climate change and human health\n25. Climate change and human health\n26. Climate change and human health\n27. Climate change and human health\n28. Climate change and human health\n29. Climate change and human health\n30. Climate change and human health\n31. Climate change and human health\n32. Climate change and human health\n33. Climate change and human health\n34. Climate change and human health\n35. Climate change and human health\n36. Climate change and human health\n37. Climate change and human health\n38. Climate change and human health\n39. Climate change and human health\n40. Climate change and human health\n41. Climate change and human health\n42. Climate change and human health\n43. Climate change and human health\n44. Climate change and human health\n45. Climate change and human health\n46. Climate change and human health\n47. Climate change and human health\n48. Climate change and human health\n49. Climate change and human health\n50. Climate change and human health\n51. Climate change and human health\n52. Climate change and human health\n53. Climate change and human health\n54. Climate change and human health\n55. Climate change and human health\n56. Climate change and human health\n57. Climate change and human health\n58. Climate change and human health\n59. Climate change and human health\n60. Climate change and human health\n61. Climate change and human health\n62. Climate change and human health\n63. Climate change and human health\n64. Climate change and human health\n65. Climate change and human health\n66. Climate change and human health\n67. Climate change and human health\n68. Climate change and human health\n69. Climate change and human health\n70. Climate change and human health\n71. Climate change and human health\n72. Climate change and human health\n73. Climate change and human health\n74. Climate change and human health\n75. Climate change and human health\n76. Climate change and human health\n77. Climate change and human health\n78. Climate change and human "
    },
    "11": {
      "summary": "1. The Executive Summary describes the impacts of climate change on the health of the American public. It summarizes the overall findings and represents each chapter with a brief overview, the Key Findings, and a figure from the chapter.\n2. Each Key Finding is accompanied by a Traceable Accounts section that documents the process and rationale the authors used in reaching these conclusions and provides additional information on sources of uncertainty. The Traceable Accounts can be found in the Supporting Evidence section of each chapter.\n3. Each chapter assesses the state of the science in terms of observed and projected impacts of climate change on human health in the United States, describes the link between climate change and health outcomes, and summarizes the authors’ assessment of risks to public health. Both positive and negative impacts on health are reported as supported by the scientific literature. Where appropriate and supported by the literature, authors include descriptions of critical non-climate stressors and other environmental and institutional context; social, behavioral, and adaptive factors that could increase or moderate impacts; and underlying trends in health that affect vulnerability (see “Populations of Concern” below). While the report is designed to inform decisions about climate change, it does not include an assessment of literature on climate change mitigation, adaptation, or economic valuation, nor does it include policy recommendations.\n4. Each chapter also includes a section titled \"Key Findings\" that summarizes the key findings of the chapter. These findings are based on the authors' consensus expert judgment of the synthesis of the assessed literature. The Key Findings include confidence and likelihood language as appropriate (see “Documenting Uncertainty” below and Appendix 4: Documenting Uncertainty).\n5. Each chapter also includes a section titled \"Traceable Accounts\" that documents the process and rationale the authors used in reaching these conclusions and provides additional information on sources of uncertainty. The Traceable Accounts can be found in the Supporting Evidence section of each chapter.\n6. Each chapter also includes a section titled \"Traceable Accounts\" that documents the process and rationale the authors used in reaching these conclusions and provides additional information on sources of uncertainty. The Traceable Accounts can be found in the Supporting Evidence section of each chapter.\n7. Each chapter also includes a section titled \"Traceable Accounts\" that documents the process and rationale the authors used in reaching these conclusions and provides additional information on sources of uncertainty. The Traceable Accounts can be found in the Supporting Evidence section of each chapter.\n8. Each "
    },
    "12": {
      "summary": "1. **Exposure Pathway Diagrams**  \nEach topical chapter includes an exposure pathway diagram (see Figure 1). These conceptual diagrams illustrate a key example by which climate change affects health within the area of interest of that chapter. These diagrams are not meant to be comprehensive representations of all the factors that affect human health. Rather, they summarize the key connections between climate drivers and health outcomes while recognizing that these pathways exist within the context of other factors that positively or negatively influence health outcomes.\n\nThe exposure pathway diagram in Chapter 1: Introduction: Climate Change and Human Health is a high-level overview of the main routes by which climate change affects health, summarizing the linkages described in the following chapters. Because the exposure pathway diagrams rely on examples from a specific health topic area, a diagram is not included in Chapter 9: Populations of Concern, as that chapter describes crosscutting issues relevant to all health topics.\n\n---\n\n### Research Highlights\n\nFour chapters include research highlights: Temperature-Related Death and Illness, Air Quality Impacts, Vector-Borne Disease, and Water-Related Illness. Six research highlight sections across these four chapters describe the findings of recently published quantitative analyses of projected impacts conducted for inclusion in this report. Each analysis is summarized with a brief description of the study’s 1) Importance, 2) Objectives, 3) Methods, 4) Results, and 5) Conclusions. The analyses are all published in external peer-reviewed sources, and the full description of modeling methods and findings can be found in those citations. While authors of these analyses were provided with modeling guidance and conferred on opportunities for consistency in approach, no comprehensive set of assumptions, timeframes, or scenarios were applied across modeling analyses. Therefore, these six studies do not represent an integrated modeling assessment. The findings of these analyses are considered as part of the overall assessment of the full body of literature when developing the chapter Key Findings. For more information on modeling methods see Appendix 1: Technical Support Document.\n\n---\n\n### Understanding the Exposure Pathway Diagrams\n\n![Figure 1: Central concept boxes include selected examples of climate drivers, the primary pathways by which humans are exposed to health threats from those drivers, and the key health outcomes that may result from exposure. The left gray box indicates examples of the larger environmental and institutional context that can affect a person’s or community’s vulnerability to health impacts of climate change. The right gray box indicates the social and behavioral context that also "
    },
    "13": {
      "summary": "1. Use clear and concise language.\n2. Avoid unnecessary jargon or technical terms.\n3. Maintain a logical flow of information.\n4. Provide context where necessary to help the reader understand the content.\n\nThe following sections provide detailed instructions for each type of content you might include in your summary:\n\n### Populations of Concern\nOne of the main goals of this assessment was to identify populations that are particularly vulnerable to specific health impacts associated with climate change. Each chapter includes discussion of this topic in addition to the full chapter devoted to populations of concern. In these discussions, the authors identify segments of the general population that the peer-reviewed literature has identified as being at increased risk for health-related climate impacts, now or in the future.\n\n### Emerging Issues\nThe Emerging Issues sections briefly describe emerging areas of research including areas of potential future concern; health impacts not currently prevalent or severe in the United States but with potential to become a health concern; or areas where the links between climate change and a human health outcome are in early stages of study and for which a more comprehensive synthesis is outside the scope of this report.\n\n### Research Needs\nWhile the goal of this assessment is to highlight the current state of the science on climate impacts on health, research needs identified through the development of this assessment are briefly summarized in each chapter. These research needs could inform research beyond the current state of the science or outside the scope of this report.\n\n### Supporting Evidence\nThe Traceable Accounts supporting each Key Finding are provided at the end of each chapter in the Supporting Evidence section.\n\n### Documenting Uncertainty: Confidence and Likelihood\nTwo kinds of language are used when describing the uncertainty associated with specific statements in this report: confidence language and likelihood language (see table below and Appendix 4: Documenting Uncertainty). Confidence in the validity of a finding is based on the type, amount, quality, strength, and consistency of evidence and the degree of expert agreement on the finding. Confidence is expressed qualitatively and ranges from low confidence (inconclusive evidence or disagreement among experts) to very high confidence (strong evidence and high consensus).\n\nLikelihood language describes the likelihood of occurrence based on measures of uncertainty expressed probabilistically (in other words, based on statistical analysis of observations or model results or based on expert judgment). Likelihood, or the probability of an impact, is a term that allows a quantitative estimate of uncertainty to be associated with projections. Thus, likeli"
    },
    "14": {
      "summary": "1. **Lead Coordinator**\n   - **John Balbus**, National Institutes of Health\n   - **Charles B. Beard**, Centers for Disease Control and Prevention\n   - **Rona Birnbaum**, U.S. Environmental Protection Agency\n   - **Neal Fann**, U.S. Environmental Protection Agency\n   - **Janet L. Gamble**, U.S. Environmental Protection Agency\n   - **Jada Garofalo**, Centers for Disease Control and Prevention\n   - **Vito Ilacqua**, U.S. Environmental Protection Agency\n   - **Lesley Jantarasami**, U.S. Environmental Protection Agency\n   - **George Luber**, Centers for Disease Control and Prevention\n   - **Shubhayu Saha**, Centers for Disease Control and Prevention\n   - **Paul Schramm**, Centers for Disease Control and Prevention\n   - **Mark M. Shimamoto**, U.S. Global Change Research Program, National Coordination Office\n   - **Kimberly Thigpen Tart**, National Institutes of Health\n   - **Juli Trtanj**, National Oceanic and Atmospheric Administration\n\n2. **Committee Members**\n   - **John Balbus**, National Institutes of Health\n   - **Charles B. Beard**, Centers for Disease Control and Prevention\n   - **Rona Birnbaum**, U.S. Environmental Protection Agency\n   - **Neal Fann**, U.S. Environmental Protection Agency\n   - **Janet L. Gamble**, U.S. Environmental Protection Agency\n   - **Jada Garofalo**, Centers for Disease Control and Prevention\n   - **Vito Ilacqua**, U.S. Environmental Protection Agency\n   - **Lesley Jantarasami**, U.S. Environmental Protection Agency\n   - **George Luber**, Centers for Disease Control and Prevention\n   - **Shubhayu Saha**, Centers for Disease Control and Prevention\n   - **Paul Schramm**, Centers for Disease Control and Prevention\n   - **Mark M. Shimamoto**, U.S. Global Change Research Program, National Coordination Office\n   - **Kimberly Thigpen Tart**, National Institutes of Health\n   - **Juli Trtanj**, National Oceanic and Atmospheric Administration\n\n3. **Chapter Authors**\n   - **Carl Adrianopoli**, U.S. Department of Health and Human Services\n   - **Allan Auclair**, U.S. Department of Agriculture\n   - **John Balbus**, National Institutes of Health\n   - **Christopher M. Barker**, University of California, Davis\n   - **Charles B. Beard**, Centers for Disease Control and Prevention\n   - **Jesse E. Bell**, Cooperative Institute for Climate and Satellites–North Carolina\n   - **Kaitlin Benedict**, Centers for Disease Control and Prevention\n   - **Martha Berger**, U.S. Environmental Protection Agency\n   - **Karen Bouye**, Centers for Disease Control and Prevention\n   - **Terry Brennan**, Camroden Associates, Inc.\n   - **Joan Brunkard**, Centers for Disease Control and Prevention\n   - **Vince Campbell**, Centers for Disease Control and Prevention\n   - **Karletta Chief**, The University of Arizona\n   - **Tracy Collier**, National Oceanic and Atmosp"
    },
    "15": {
      "summary": "1. **Chapter Coordinators**\n2. **Allison Crimmins**, U.S. Environmental Protection Agency\n3. **Jada F. Garofalo**, Centers for Disease Control and Prevention\n4. **Lesley Jantarasami**, U.S. Environmental Protection Agency\n5. **Andrea Maguire**, U.S. Environmental Protection Agency\n6. **Daniel Malashock**, U.S. Department of Health and Human Services, Public Health Service\n7. **Jennifer Runkle**, Cooperative Institute for Climate and Satellites-North Carolina\n8. **Marcus C. Sarofim**, U.S. Environmental Protection Agency\n9. **Mark M. Shimamoto**, U.S. Global Change Research Program, National Coordination Office\n10. **Ben DeAngelo**, Deputy Executive Director, USGCRP, White House OSTP\n11. **Michael Kuperberg**, Executive Director, USGCRP, White House Office of Science and Technology Policy (OSTP)\n12. **Thomas Karl**, U.S. Department of Commerce\n13. **Michael Freilich**, National Aeronautics and Space Administration\n14. **Gerald Geernaert**, U.S. Department of Energy\n15. **Richard Spinrad**, U.S. Department of Commerce\n16. **Roger Wakimoto**, National Science Foundation\n17. **Jeffrey Arnold**, U.S. Army Corps of Engineers (Adjunct)\n18. **John Balbus**, U.S. Department of Health and Human Services\n19. **William Breed**, U.S. Agency for International Development (Acting)\n20. **Joel Clement**, U.S. Department of the Interior\n21. **Pierre Comizzoli**, Smithsonian Institution\n22. **Wayne Higgins**, U.S. Department of Commerce\n23. **Scott Harper**, U.S. Department of Defense (Acting)\n24. **William Hohenstein**, U.S. Department of Agriculture\n25. **Jack Kaye**, National Aeronautics and Space Administration\n26. **Dorothy Koch**, U.S. Department of Energy\n27. **C. Andrew Miller**, U.S. Environmental Protection Agency\n28. **Craig Robinson**, National Science Foundation\n29. **Arthur Rypinski**, U.S. Department of Transportation (Acting)\n30. **Trigg Talley**, U.S. Department of State\n\n**United States Global Change Research Program**\n\n**Subcommittee on Global Change Research Leadership and Executive Committee**\n\nChair\nThomas Karl, U.S. Department of Commerce\n\nVice Chairs\nMichael Freilich, National Aeronautics and Space Administration\nGerald Geernaert, U.S. Department of Energy\nRichard Spinrad, U.S. Department of Commerce\nRoger Wakimoto, National Science Foundation\nJeffrey Arnold, U.S. Army Corps of Engineers (Adjunct)\n\nPrincipals\nJohn Balbus, U.S. Department of Health and Human Services\nWilliam Breed, U.S. Agency for International Development (Acting)\nJoel Clement, U.S. Department of the Interior\nPierre Comizzoli, Smithsonian Institution\nWayne Higgins, U.S. Department of Commerce\nScott Harper, U.S. Department of Defense (Acting)\nWilliam Hohenstein, U.S. Department of Agriculture\nJack Kaye, National Aeronautics and Space Administration\nDorothy Koch, U.S. Department o"
    },
    "16": {
      "summary": "1. Executive Office of the President Liaisons\n2. Tamara Dickinson, Principal Assistant Director for Environment and Energy, White House OSTP\n3. Afua Bruce, Executive Director, National Science and Technology Council, White House OSTP (from June 2015)\n4. Jayne Morrow, Executive Director, National Science and Technology Council, White House OSTP (through June 2015)\n5. Richard Duke, White House Council on Environmental Quality\n6. Kimberly Miller, White House Office of Management and Budget\n7. Fabien Laurier, Director (Acting), National Climate Assessment, White House OSTP (from December 2013)\n\n---\n\n**USGCRP Climate and Health Assessment Staff**\n\n**USGCRP National Coordination Office**\n1. Michael Kuperberg, Executive Director, USGCRP, White House OSTP\n2. Ben DeAngelo, Deputy Executive Director, USGCRP, White House OSTP\n3. Katharine Jacobs, Director, National Climate Assessment, White House OSTP (through December 2013)\n4. Thomas Armstrong, Executive Director, USGCRP NCO, White House OSTP (through December 2014)\n5. Christopher P. Weaver, Executive Director (Acting, through August 2015), formerly Deputy Director, USGCRP NCO, White House OSTP\n6. Glynis C. Lough, Chief of Staff, National Climate Assessment\n7. Bradley Akamine, Chief Digital Officer\n8. Mark M. Shimamoto, Health Program Lead\n9. Ilya Fischhoff, Senior Scientist, National Climate Assessment\n10. Emily Therese Cloyd, Engagement and Outreach Lead\n11. Steve Aulenbach, GCIS Content Curator (through September 2015)\n12. Samantha Brooks, SGCR Executive Secretary (through July 2015)\n13. Tess Carter, Student Assistant, National Climate Assessment\n14. Brian Duggan, GCIS Lead System Engineer (through September 2015)\n15. Bryce Golden-Chen, Coordinator, National Climate Assessment (through September 2015)\n16. Justin Goldstein, Advance Science Climate Data and Observing Systems Coordinator\n17. Alexa Jay, Science Writer (from December 2015)\n18. Amanda Jensen, Student Assistant, The George Washington University (January-May 2015)\n19. Amanda McQueen, SGCR Executive Secretary (from July 2015)\n20. Alena Marovitz, Student Assistant, Amherst College (June-August 2015)\n21. Tanya Maslak, Chief of Operations (through May 2015)\n22. Julie Morris, Associate Director of Implementation and Strategic Planning\n23. Brent Newman, GCIS Data Coordinator (from January 2015)\n24. Katie Reeves, Engagement Support Associate (from December 2015)\n25. Catherine Wolner, Science Writer (through June 2015)\n26. Robert Wolfe, Technical Lead for the Global Change Information System (GCIS), NASA (through March 2016)\n\n---\n\n**NOAA Technical Support Unit, National Centers for Environmental Information**\n1. David R. Easterling, NCA Technical Support Unit Director, NOAA National Centers for Environmental Information (NCEI)\n2. Paula Ann Hennon, NCA Tech"
    },
    "17": {
      "summary": "1. **Co-Chairs**\nJohn Balbus, National Institutes of Health  \nGeorge Luber, Centers for Disease Control and Prevention  \nJuli Trtanj, National Oceanic and Atmospheric Administration  \n\n**U.S. Department of Housing and Urban Development**\n\n**U.S. Department of Housing and Urban Development**\n\n**U.S. Department of Housing and Urban Development**\n\n**U.S. Department of Housing and Urban Development**\n\n**U.S. Department of Housing and Urban Development**\n\n**U.S. Department of Housing and Urban Development**\n\n**U.S. Department of Housing and Urban Development**\n\n**U.S. Department of Housing and Urban Development**\n\n**U.S. Department of Housing and Urban Development**\n\n**U.S. Department of Housing and Urban Development**\n\n**U.S. Department of Housing and Urban Development**\n\n**U.S. Department of Housing and Urban Development**\n\n**U.S. Department of Housing and Urban Development**\n\n**U.S. Department of Housing and Urban Development**\n\n**U.S. Department of Housing and Urban Development**\n\n**U.S. Department of Housing and Urban Development**\n\n**U.S. Department of Housing and Urban Development**\n\n**U.S. Department of Housing and Urban Development**\n\n**U.S. Department of Housing and Urban Development**\n\n**U.S. Department of Housing and Urban Development**\n\n**U.S. Department of Housing and Urban Development**\n\n**U.S. Department of Housing and Urban Development**\n\n**U.S. Department of Housing and Urban Development**\n\n**U.S. Department of Housing and Urban Development**\n\n**U.S. Department of Housing and Urban Development**\n\n**U.S. Department of Housing and Urban Development**\n\n**U.S. Department of Housing and Urban Development**\n\n**U.S. Department of Housing and Urban Development**\n\n**U.S. Department of Housing and Urban Development**\n\n**U.S. Department of Housing and Urban Development**\n\n**U.S. Department of Housing and Urban Development**\n\n**U.S. Department of Housing and Urban Development**\n\n**U.S. Department of Housing and Urban Development**\n\n**U.S. Department of Housing and Urban Development**\n\n**U.S. Department of Housing and Urban Development**\n\n**U.S. Department of Housing and Urban Development**\n\n**U.S. Department of Housing and Urban Development**\n\n**U.S. Department of Housing and Urban Development**\n\n**U.S. Department of Housing and Urban Development**\n\n**U.S. Department of Housing and Urban Development**\n\n**U.S. Department of Housing and Urban Development**\n\n**U.S. Department of Housing and Urban Development**\n\n**U.S. Department of Housing and Urban Development**\n\n**U.S. Department of Housing and Urban Development**\n\n**U.S. Department of Housing and Urban Development**\n\n**U.S. Department of Housing and Urban Development**\n\n**U.S. Department of Housing and Urban Development**\n\n**U.S. Department of Housing and Urban Development**\n\n**U.S. Department of Ho"
    },
    "18": {
      "summary": "1. Executive Office of the President, 2013: The President's Climate Action Plan. Washington, D.C. https://http://www.whitehouse.gov/sites/default/files/image/president27sclimateactionplan.pdf\n2. National Academies of Sciences Engineering and Medicine, 2015: Review of the Draft Interagency Report on the Impacts of Climate Change on Human Health in the United States. National Academies Press, Washington, D.C. http://www.nap.edu/catalog/21787/review-of-the-draft-interagency-report-on-the-impacts-of-climate-change-on-human-health-in-the-united-states\n3. 2014: Climate Change Impacts in the United States: The Third National Climate Assessment. Melillo, J.M., T.C. Richmond, and G.W. Yohe, Eds. U.S. Global Change Research Program, Washington, D.C., 842 pp. http://dx.doi.org/10.7930/JOZ31WJ2\n4. Luber, G., K. Knowlton, J. Balbus, H. Frumkin, M. Hayden, J. Hess, M. McGehin, N. Sheats, L. Backer, C.B. Beard, K.L. Ebi, E. Maibach, R.S. Ostfeld, C. Wiedinmyer, E. Zielinski-Gutiérrez, and L. Ziska, 2014: Ch. 9: Human health. Climate Change Impacts in the United States: The Third National Climate Assessment. Melillo, J.M., T.C. Richmond, and G.W. Yohe, Eds. U.S. Global Change Research Program, Washington, D.C., 220-256. http://dx.doi.org/10.7930/JOPN93H5\n5. GCRA, 1990: Global Change Research Act of 1990, Pub. L. No. 101-606, 104 Stat. 3096-3104. http://www.gpo.gov/fdsys/pkg/STATUTE-104/pdf/STATUTE-104-Pg3096.pdf\n6. CCSP, 2008: Analyses of the Effects of Global Change on Human Health and Welfare and Human Systems. A Report by the U.S. Climate Change Science Program and the Subcommittee on Global Change Research. 205 pp. Gamble, J. L., (Ed.), Ebi, K.L., F.G. Sussman, T.J. Wilbanks, (Authors). U.S. Environmental Protection Agency, Washington, D.C. http://downloads.globalchange.gov/sap/sap4-6/sap4-6-final-report-all.pdf\n\n---\n\n**PHOTO CREDITS**\n\ncover and title page—Manhattan skyline: © iStockPhoto.com/stockelements; Farmer: © Masterfile/Corbis; Girl getting checkup: © Rob Lewine/Tetra Images/Corbis\nPg. vii—Elderly Navajo woman and her niece, image by © Alison Wright/Corbis; Doctor showing girl how to use stethoscope: © John Fedele LLC/Corbis; Senior man watering the flowers in the garden: © iStockPhoto.com/Alexander Raths\nPg. ix—Large crowd of people: © iStockPhoto.com/Ints Vikmanis"
    },
    "19": {
      "summary": "1. **Lead Authors**\n- Allison Crimmins\n  - U.S. Environmental Protection Agency\n- John Balbus\n  - National Institutes of Health\n- Janet L. Gamble\n  - U.S. Environmental Protection Agency\n- Charles B. Beard\n  - Centers for Disease Control and Prevention\n- Jesse E. Bell\n  - Cooperative Institute for Climate and Satellites–North Carolina\n- Daniel Dodgen\n  - U.S. Department of Health and Human Services, Office of the Assistant Secretary for Preparedness and Response\n- Rebecca J. Eisen\n  - Centers for Disease Control and Prevention\n- Neal Fann\n  - U.S. Environmental Protection Agency\n\n2. **Recommended Citation**\n- Crimmins, A., J. Balbus, J.L. Gamble, C.B. Beard, J.E. Bell, D. Dodgen, R.J. Eisen, N. Fann, M.D. Hawkins, S.C. Herring, L. Jantarasami, D.M. Mills, S. Saha, M.C. Sarofim, J. Tritani, and L. Ziska, 2016: Executive Summary. The Impacts of Climate Change on Human Health in the United States: A Scientific Assessment. U.S. Global Change Research Program, Washington, DC, page 1–24. http://dx.doi.org/10.7930/J00POWXS"
    },
    "20": {
      "summary": "1. Executive Summary of THE IMPACTS OF CLIMATE CHANGE ON HUMAN HEALTH IN THE UNITED STATES\n2. Climate change is a significant threat to the health of the American people. The impacts of human-induced climate change are increasing nationwide. Rising greenhouse gas concentrations result in increases in temperature, changes in precipitation, increases in the frequency and intensity of some extreme weather events, and rising sea levels. These climate change impacts endanger our health by affecting our food and water sources, the air we breathe, the weather we experience, and our interactions with the built and natural environments. As the climate continues to change, the risks to human health continue to grow.\n\nCurrent and future climate impacts expose more people in more places to public health threats. Already in the United States, we have observed climate-related increases in our exposure to elevated temperatures; more frequent, severe, or longer-lasting extreme events; degraded air quality; diseases transmitted through food, water, and disease vectors (such as ticks and mosquitoes); and stresses to our mental health and well-being.\n\nAlmost all of these threats are expected to worsen with continued climate change. Some of these health threats will occur over longer time periods, or at unprecedented times of the year; some people will be exposed to threats not previously experienced in their locations. Overall, instances of potentially beneficial health impacts of climate change are limited in number and pertain to specific regions or populations. For example, the reduction in cold-related deaths is projected to be smaller than the increase in heat-related deaths in most regions.\n\nChanges in aquatic habitats and species may affect subsistence fishing among Indigenous populations."
    }
  }
}
