{
  "doc_id": "efis-140411041451-phpapp01_95.pdf",
  "pages": {
    "1": {
      "summary": "1. Read the page carefully.\n2. Identify the main topics and key points.\n3. Note any tables, figures, or images.\n4. Summarize the page content concisely.\n\nThe provided example follows this structure, focusing on the main topic \"Electronic Fuel Injection\" and its sub-topics."
    },
    "2": {
      "summary": "1. Read the page carefully.\n2. Identify the main topics and key points.\n3. Note any tables, figures, or images.\n4. Create a concise summary that captures the essential content."
    },
    "3": {
      "summary": " This is an example of how to summarize a page using HTML code. You can replace the placeholder text with your own content to generate a summary based on your specific needs."
    },
    "4": {
      "summary": "1. Improved atomization. Fuel is forced into the intake manifold under pressure that helps break fuel droplets into a fine mist.\n* Better fuel distribution. Equal flow of fuel vapors into each cylinder.\n* Smoother idle. Lean fuel mixture can be used without rough idle because of better fuel distribution and low-speed atomization."
    },
    "5": {
      "summary": " Lower emissions. Lean efficient air-fuel mixture reduces exhaust pollution.\n* Better cold weather drivability. Injection provides better control of mixture enrichment than a carburetor.\n* Increased engine power. Precise metering of fuel to each cylinder and increased air flow can result in more horsepower output.\n* Fewer parts. Simpler, late model, electronic fuel injection system have fewer parts than modern computer-controlled carburetors."
    },
    "6": {
      "summary": "<summary> tags. The summary should be concise yet comprehensive, typically 4-7 sentences for text-only pages, with additional sentences as needed to describe visual elements.\n\nFor visual elements, please use these specific tags:\n- <table_summary> for descriptions of tables\n- <figure_summary> for descriptions of figures, charts, graphs, or diagrams\n- <image_summary> for descriptions of photos, illustrations, or other images\n\nExample structure:\n<summary>\n[Main text content summary here]\n\n<table_summary>Table 1: [Brief description of what the table shows]</table_summary>\n\n<figure_summary>Figure 2: [Brief description of what the figure depicts]</figure_summary>\n\n<image_summary>[Brief description of image content]</image_summary>\n</summary>"
    },
    "7": {
      "summary": "1. Single and Multipoint EFI Systems\n2. Fuel injection systems classified by point of injection.\n3. Single Point Fuel Injection (Throttle Body Injection - TBI)\n4. Injector located inside throttle body, sits on top of inlet manifold.\n5. Injector sprays fuel from above throttle valve.\n6. ECU controls injector opening.\n7. Throttle body\n8. Inlet manifold\n9. Air in\n10. Fuel in\n11. Throttle body\n12. Throttle valve\n13. Inlet manifold"
    },
    "8": {
      "summary": "<summary> tags. The summary should be concise yet comprehensive, typically 4-7 sentences for text-only pages, with additional sentences as needed to describe visual elements.\n\nFor visual elements, please use these specific tags:\n- <table_summary> for descriptions of tables\n- <figure_summary> for descriptions of figures, charts, graphs, or diagrams\n- <image_summary> for descriptions of photos, illustrations, or other images\n\nExample structure:\n<summary>\n[Main text content summary here]\n\n<table_summary>Table 1: [Brief description of what the table shows]</table_summary>\n\n<figure_summary>Figure 2: [Brief description of what the figure depicts]</figure_summary>\n\n<image_summary>[Brief description of image content]</image_summary>\n</summary>"
    },
    "9": {
      "summary": "1. Fuel\n2. Air\n3. Throttle Valve\n4. Intake Manifold\n5. Injector\n6. Engine\n\n## Single Point Fuel Injection (TBI)\n\n### Fuel Injection System Diagram\n\nThe diagram illustrates the single point fuel injection system used in internal combustion engines. Here's a detailed description:\n\n1. **Fuel Inlet**: Fuel enters the engine through the fuel inlet, which is connected to the fuel tank.\n2. **Fuel Filter**: The fuel flows into the fuel filter, which removes impurities and contaminants from the fuel before it reaches the injectors.\n3. **Throttle Valve**: The throttle valve regulates the amount of air entering the engine by adjusting the amount of fuel injected.\n4. **Intake Manifold**: The intake manifold distributes the fuel mixture to each cylinder in the engine.\n5. **Injectors**: Each cylinder has its own injector, which sprays the fuel into the intake manifold at precise intervals.\n6. **Engine Block**: The engine block houses the various components of the fuel injection system, including the fuel injectors, sensors, and electronic control unit (ECU).\n\nThe diagram also includes labels for each component, aiding in understanding the flow of fuel and air through the system."
    },
    "10": {
      "error": "LLM query failed"
    },
    "11": {
      "error": "LLM query failed"
    },
    "12": {
      "summary": " The injectors can survive the excessive temperature and pressure of combustion by using the fuel that passes through it as a coolant"
    },
    "13": {
      "error": "LLM query failed"
    },
    "14": {
      "summary": "<summary> tags. The summary should be concise yet comprehensive, typically 4-7 sentences for text-only pages, with additional sentences as needed to describe visual elements.\n\nFor visual elements, please use these specific tags:\n- <table_summary> for descriptions of tables\n- <figure_summary> for descriptions of figures, charts, graphs, or diagrams\n- <image_summary> for descriptions of photos, illustrations, or other images\n\nExample structure:\n<summary>\n[Main text content summary here]\n\n<table_summary>Table 1: [Brief description of what the table shows]</table_summary>\n\n<figure_summary>Figure 2: [Brief description of what the figure depicts]</figure_summary>\n\n<image_summary>[Brief description of image content]</image_summary>\n</summary>"
    },
    "15": {
      "error": "LLM query failed"
    },
    "16": {
      "summary": "1. Automobile electronics, electronic control unit (ECU) is a generic term for any embedded system that controls one or more of the electrical systems or subsystems in a motor vehicle.\n2. An engine control unit (ECU), also known as power-train control module (PCM), or engine control module (ECM) is a type of electronic control unit that determines the amount of fuel, ignition timing and other parameters an internal combustion engine needs to keep running. It does this by reading values from multidimensional maps which contain values calculated by sensor devices monitoring the engine."
    },
    "17": {
      "error": "LLM query failed"
    },
    "18": {
      "summary": "1. Most engine systems have idle speed control built into the ECU. The engine RPM is monitored by the crankshaft position sensor which plays a primary role in the engine timing functions for fuel injection, spark events, and valve timing. Idle speed is controlled by a programmable throttle stop or an idle air bypass control stepper motor."
    },
    "19": {
      "summary": "1. The term \"common rail\" refers to the fact that all of the fuel injectors are supplied by a common fuel rail which is nothing more than a pressure accumulator where the fuel is stored at high pressure. This accumulator supplies multiple fuel injectors with high pressure fuel.\n2. The term \"common rail\" refers to the fact that all of the fuel injectors are supplied by a common fuel rail which is nothing more than a pressure accumulator where the fuel is stored at high pressure. This accumulator supplies multiple fuel injectors with high pressure fuel."
    },
    "20": {
      "summary": "<summary>Summary of the page content</summary>"
    },
    "21": {
      "summary": "1. **Fuel Delivery system**\n   1. **Electrical Fuel Pump** draws fuel from tank and forces it into the regulator.\n   1. **Pressure Regulator** controls the amount of pressure that enters the injector and any extra fuel is returned to the fuel tank.\n   1. **Fuel Injector** is simply a coil or solenoid operated valve.\n   1. Spring pressure holds the injector closed.\n   1. When engaged, the injector sprays fuel into the engine.\n   1. **Injector Pulse Width** indicates the time each injector is energized (Kept Open)."
    },
    "22": {
      "error": "LLM query failed"
    },
    "23": {
      "error": "LLM query failed"
    },
    "24": {
      "error": "LLM query failed"
    },
    "25": {
      "error": "LLM query failed"
    },
    "26": {
      "summary": "1. Measures the amount of outside air entering the engine.\n- Contains an air flap or door that operates a variable resistor.\n- Helps computer to determine how much fuel is needed."
    },
    "27": {
      "summary": "1. Measures the temperature of air entering the engine.\n2. Cold air (more dense) = More fuel for proper AF ratio."
    },
    "28": {
      "error": "LLM query failed"
    },
    "29": {
      "summary": "<summary> tags. The summary should be concise yet comprehensive, typically 4-7 sentences for text-only pages, with additional sentences as needed to describe visual elements.\n\nFor visual elements, please use these specific tags:\n- <table_summary> for descriptions of tables\n- <figure_summary> for descriptions of figures, charts, graphs, or diagrams\n- <image_summary> for descriptions of photos, illustrations, or other images\n\nExample structure:\n<summary>\n[Main text content summary here]\n\n<table_summary>Table 1: [Brief description of what the table shows]</table_summary>\n\n<figure_summary>Figure 2: [Brief description of what the figure depicts]</figure_summary>\n\n<image_summary>[Brief description of image content]</image_summary>\n</summary>"
    },
    "30": {
      "summary": "1. Uses one or two injectors.\n2. Injectors (pulse) spray fuel into the top of throttle body air horn.\n3. Atomized fuel mixes with air and drawn into the engine.\n4. Fuel pressure regulator is spring loaded and is part of the housing.\n5. Fuel is being injected whenever the engine is running, also called CIS: Continuous Injection System."
    },
    "31": {
      "summary": "1. Each cylinder has its own injector\n2. Each cylinder has its own injector\n3. Injectors are pressed into the combustion chamber and spray fuel directly into the combustion chamber.\n4. Each cylinder has its own injector\n5. Injectors are pressed into the combustion chamber and spray fuel directly into the combustion chamber.\n6. Each cylinder has its own injector\n7. Injectors are pressed into the combustion chamber and spray fuel directly into the combustion chamber.\n8. Each cylinder has its own injector\n9. Injectors are pressed into the combustion chamber and spray fuel directly into the combustion chamber.\n10. Each cylinder has its own injector\n11. Injectors are pressed into the combustion chamber and spray fuel directly into the combustion chamber.\n12. Each cylinder has its own injector\n13. Injectors are pressed into the combustion chamber and spray fuel directly into the combustion chamber.\n14. Each cylinder has its own injector\n15. Injectors are pressed into the combustion chamber and spray fuel directly into the combustion chamber.\n16. Each cylinder has its own injector\n17. Injectors are pressed into the combustion chamber and spray fuel directly into the combustion chamber.\n18. Each cylinder has its own injector\n19. Injectors are pressed into the combustion chamber and spray fuel directly into the combustion chamber.\n20. Each cylinder has its own injector\n21. Injectors are pressed into the combustion chamber and spray fuel directly into the combustion chamber.\n22. Each cylinder has its own injector\n23. Injectors are pressed into the combustion chamber and spray fuel directly into the combustion chamber.\n24. Each cylinder has its own injector\n25. Injectors are pressed into the combustion chamber and spray fuel directly into the combustion chamber.\n26. Each cylinder has its own injector\n27. Injectors are pressed into the combustion chamber and spray fuel directly into the combustion chamber.\n28. Each cylinder has its own injector\n29. Injectors are pressed into the combustion chamber and spray fuel directly into the combustion chamber.\n30. Each cylinder has its own injector\n31. Injectors are pressed into the combustion chamber and spray fuel directly into the combustion chamber.\n32. Each cylinder has its own injector\n33. Injectors are pressed into the combustion chamber and spray fuel directly into the combustion chamber.\n34. Each cylinder has its own injector\n35. Injectors are pressed into the combustion chamber and spray fuel directly into the combustion chamber.\n36. Each cylinder has its own injector\n37. Injectors are pressed into the combustion chamber and spray fuel directly into the combustion chamber.\n38. Each cylinder has its own injector\n39. Injectors are pressed into the combustion chamber and spray fuel directly into the combustion chamb"
    },
    "32": {
      "summary": "1. Carefully read and analyze the page content.\n2. Identify the main topics, key points, and important details presented on the page.\n3. Note any tables, figures, charts, diagrams, or images on the page and briefly describe their content and purpose.\n4. Create a structured summary that captures:\n   - The essential textual information from the page\n   - Descriptions of any visual elements (tables, figures, images, etc.)\n   - Any particularly notable or unique information\n\nPlease note that this is a general structure and you may need to adjust it based on the specific content and layout of the page you are summarizing."
    }
  }
}
