{
  "doc_id": "f1f5242528411b262be447e61e2eb10f.pdf",
  "pages": {
    "1": {
      "summary": "1. Professor of Medical Genetics.\nPeer review under responsibility of Ain Shams University.\nhttp://dx.doi.org/10.1016/j.ejmgh.2015.07.002\n1110-8630 © 2015 Production and hosting by Elsevier B.V. on behalf of Ain Shams University.\nThis is an open access article under the CC BY-NC-ND license (http://creativecommons.org/licenses/by-nc-nd/4.0/).\n\n---\n\n### REVIEW\n\n# Pathogenetics. An introductory review\n\n**Mohammad Saad Zaghloul Salem ¹**\n\nFaculty of Medicine, Ain-Shams University, Cairo, Egypt\n\nReceived 1 July 2015; accepted 7 July 2015\nAvailable online 27 July 2015\n\n---\n\n### KEYWORDS\n\nPathogenetics;\nMutagens;\nMutation;\nPathogenetic mechanisms;\nAnti-mutation mechanisms\n\n---\n\n**Abstract** Pathogenetics refers to studying the different aspects of initiation/development/progress of and pathogenesis of genetic defects. It comprises the study of mutagens or factors capable of affecting the structural integrity of the genetic material leading to mutational changes that, in the majority of cases, result in harmful effects due to the resulting disturbances of functions of mutated components of the genome. The study of mutagens depicts different types of mutagenic factors, their nature, their classification according to their effects on the genetic material and their different modes of action. The study of mutation involves different types of mutations classified according to various parameters, e.g. magnitude, severity, target of mutational event as well as its nature, which can be classified, in turn, according to whether it is spontaneous or induced, static or dynamic, somatic or germinal mutation etc. Finally, pathogenetics comprises studying and delineating the different and innumerable pathophysiological alterations and pathogenetic mechanisms that are directly and indirectly involved in, and leading to, the development of genetic disorders, coupled with a parallel study of various anti-mutation mechanisms that play critical roles in minimizing the drastic effects of mutational events on the genetic material and in effective protection against the development of these diseases.\n\n© 2015 Production and hosting by Elsevier B.V. on behalf of Ain Shams University. This is an open access article under the CC BY-NC-ND license (http://creativecommons.org/licenses/by-nc-nd/4.0/)."
    },
    "2": {
      "summary": "6\n7.5. Pathological and non-pathological mutation . . . . . . . . . . . . . . . . . . . . . . . . . . . . . . . . . . . . . . . . . . . . . . . . . . . . . . . . . . . . . . . . . . . . . . . . . . . . . . . . . . . . . . . . . . . . . . . . . . . . . . . . . . . . . . . . . . . . . . . . . . . . . . . . . . . . . . . . . . . . . . . . . . . . . . . . . . . . . . . . . . . . . . . . . . . . . . . . . . . . . . . . . . . . . . . . . . . . . . . . . . . . . . . . . . . . . . . . . . . . . . . . . . . . . . . . . . . . . . . . . . . . . . . . . . . . . . . . . . . . . . . . . . . . . . . . . . . . . . . . . . . . . . . . . . . . . . . . . . . . . . . . . . . . . . . . . . . . . . . . . . . . . . . . . . . . . . . . . . . . . . . . . . . . . . . . . . . . . . . . . . . . . . . . . . . . . . . . . . . . . . . . . . . . . . . . . . . . . . . . . . . . . . . . . . . . . . . . . . . . . . . . . . . . . . . . . . . . . . . . . . . . . . . . . . . . . . . . . . . . . . . . . . . . . . . . . . . . . . . . . . . . . . . . . . . . . . . . . . . . . . . . . . . . . . . . . . . . . . . . . . . . . . . . . . . . . . . . . . . . . . . . . . . . . . . . . . . . . . . . . . . . . . . . . . . . . . . . . . . . . . . . . . . . . . . . . . . . . . . . . . . . . . . . . . . . . . . . . . . . . . . . . . . . . . . . . . . . . . . . . . . . . . . . . . . . . . . . . . . . . . . . . . . . . . . . . . . . . . . . . . . . . . . . . . . . . . . . . . . . . . . . . . . . . . . . . . . . . . . . . . . . . . . . . . . . . . . . . . . . . . . . . . . . . . . . . . . . . . . . . . . . . . . . . . . . . . . . . . . . . . . . . . . . . . . . . . . . . . . . . . . . . . . . . . . . . . . . . . . . . . . . . . . . . . . . . . . . . . . . . . . . . . . . . . . . . . . . . . . . . . . . . . . . . . . . . . . . . . . . . . . . . . . . . . . . . . . . . . . . . . . . . . . . . . . . . . . . . . . . . . . . . . . . . . . . . . . . . . . . . . . . . . . . . . . . . . . . . . . . . . . . . . . . . . . . . . . . . . . . . . . . . . . . . . . . . . . . . . . . . . . . . . . . . . . . . . . . . . . . . . . . . . . . . . . . . . . . . . . . . . . . . . . . . . . . . . . . . . . . . . . . . . . . . . . . . . . . . . . . . . . . . . . . . . . . . . . . . . . . . . . . . . . . . . . . . . . . . . . . . . . . . . . . . . . . . . . . . . . . . . . . . . . . . . . . . . . . . . . . . . . . . . . . . . . . . . . . . . . . . . . . . . . . . . . . . . . . . . . . . . . . . . . . . . . . . . . . . . . . . . . . . . . . . . . . . . . . . . . . . . . . . . . . . . . . . . . . . . . . . . . . . . . . . . . . . . . . . . . . . . . . . . . . . . . . . . . . . . . . . . . . . . . . . . . . . . . . . . . . . . . . . . . . . . . . . . . . . . . . . . . . . . . . . . . . . . . . . . . . . . . . . . . . . . . . . . . "
    },
    "3": {
      "summary": "5. **Pathogenesis**  \nThe pathogenesis of genetic diseases is a complex process involving multiple pathways and mechanisms. Genetic mutations can lead to alterations in gene function, resulting in various phenotypes. These alterations can affect the genetic material, the cellular machinery, and ultimately the development of the disease. Understanding the pathogenesis of genetic diseases is crucial for developing effective treatments and interventions.\n\nPathogenesis involves a series of interconnected events, including the initiation of the disease process, the spread of the pathogenic changes within the cell, and the manifestation of clinical symptoms. The pathogenesis of genetic diseases is influenced by both genetic factors and environmental factors. Genetic mutations can disrupt normal cellular processes, leading to the accumulation of abnormal proteins or the dysregulation of signaling pathways. Environmental factors such as diet, lifestyle choices, and exposure to toxins can also play a role in the pathogenesis of genetic diseases.\n\nUnderstanding the pathogenesis of genetic diseases is essential for developing targeted therapies and preventive measures. By identifying the underlying mechanisms of disease development, researchers can design interventions that target the specific pathways affected by mutations. This approach has the potential to improve patient outcomes and reduce the burden of genetic diseases.\n\n6. **Classification of mutagens**\n\n(A) According to their nature, mutagens are classified into three main categories:\n(1) Chemical mutagens: these compounds are immunogenic in the environment and include, for example, organic compounds, asbestos, insecticides, herbicides, heavy metals, etc.\n(2) Physical mutagens: these include particulate radiations like X-ray, alpha particles, UV waves at 2800 Å wavelength, solar radiation, thermal and mechanical agitation of nucleic acids [1].\n(3) Biological mutagens: these include living microorganisms like some viruses: cytomegalovirus, rubella virus and herpes virus.\n\n(B) According to their pathogenetic effects, mutagens are classified into four main categories:\n(1) Non-specific Mutagens.\n(2) Carcinogens are mutagens that induce malignant transformations in affected cells.\n(3) Clastogens are mutagenic agents that can induce chromosome breaks in affected cells.\n(4) Teratogens are mutagens that cause congenital malformations in exposed fetuses. (Fig. 2)\n\nThe pathogenetic effects of mutagens and the resulting pathological alterations follow disturbed functions of mutated genes. Many types of mutagens have the ability to induce all types of mutagenic damage to the cell. Particulate and non-particulate radiations, for example, are effective carcinogens capable of causing malignant transformation of affect"
    },
    "4": {
      "summary": "4\n\nThe effects of mutation differ widely according to many factors. These factors include the nature and target of the mutagenic factor causing mutation, the timing and magnitude of the resulting damage, the genotype or the genetic constitution of the affected individual and the balance between synergistic mutagenic effects and anti-mutation mechanisms of the genetic material. The damaging effects of mutation are attributed to the defects they cause in functioning of the mutated genes. Since synthesis of proper gene products, necessary for mediating cellular activities, depends primarily on the integrity of the genetic information embodied within the specific base sequence of the gene, changes or mutation of the exact number or the peculiar arrangement of these bases is expected to result in disturbed gene function. This disturbance might express itself as production of structurally defective gene product, deficient synthesis of enough product or disturbances in the construction of regulatory/metabolic networks responsible for monitoring, harmonizing and controlling cellular functions.\n\n7. Classification of mutation\n\n(1) Induced vs spontaneous mutation\n(2) Nuclear vs mitochondrial mutation\n(3) Somatic vs germinal mutation\n(4) Static vs dynamic mutation\n(5) Pathological vs non-pathological mutation\n(6) Point, small, gross and genomic mutation\n(7) Base, sugar, phosphate group mutation\n(8) Persistent vs reversible mutation [Table 1].\n\n6. Mutation\n\nMutation entails any uncoded or unprogramed permanent structural alteration of the genetic material at any of its organizational levels. These levels comprise a spectrum beginning with single nucleotide or a part of the nucleotide (base, sugar, phosphate), DNA, RNA, genes, chromosomes, mitochondrial DNA (mtDNA) up to the whole genome. Mutations may occur without an identifiable cause and are termed spontaneous mutations, or they may occur secondary to exposure to a known cause, and are referred to as induced mutations.\n\n| Classification of mutation |\n|-----------------------------|\n| 1. Induced versus spontaneous mutation |\n| 2. Nuclear versus mitochondrial mutation |\n| 3. Somatic versus germinal mutation |\n| 4. Static versus dynamic mutation |\n| 5. Pathological versus non-pathological mutation |\n| 6. Point, Small, Gross, Genomic mutation |\n| 7. Base, Sugar, Phosphate group mutation |\n| 8. Persistent versus reversible mutation |"
    },
    "5": {
      "summary": "7.1. Induced and spontaneous mutation\n\nInduced mutations are structural alterations of the genetic material that occur due to exposure to the effects of any of the known mutagens. Spontaneous mutations, on the other hand, are mutations that occur without recognizable causes. Spontaneous mutations happen, probably, on a regular basis because of the intrinsic nature of the genome. Possible potential causes of spontaneous mutation of the genome can be delineated and include: transposon activity, tautomerism and changes of energy states of hydrogen bonds of bases. Transposon activity represents a major potential cause of spontaneous mutations [2]. The movement of transposons results in insertional mutagenesis and disruption of targeted genes or other functional genetic elements. Disturbed gene function with resultant deficiency of gene product, production of defective protein/RNA or loss of genetic regulatory mechanisms exerted by mutated genes follows transposon-induced mutations. Tautomerism of bases of the DNA also accounts for a considerable fraction of spontaneous mutations of the genetic material. Changes of energy states of hydrogen bonds between complementary bases of DNA represent a third potential cause of spontaneous mutation. Alterations resulting from changes in electron resonance and/or proton transfer or relocation between the bonds can lead to tautomeric shift or tautomerization and momentary change of one base to another base, thus inducing point mutation, transition mutation [1]. The actual mechanisms underlying the occurrence of these changes are still largely undefined, precisely. Analysis of DNA base dynamics according to quantum, rather than to Newtonian, principles seems essential for clarifying these mechanisms, and the concept of quantum biology, or studying the structure and function of the genetic material based on principles and rules of quantum mechanics, would certainly prevail due to the progressive increase in our knowledge of the structure and function(s) of our genome and our proteome.\n\nReplicative errors occurring during cell division and replication of the DNA are, arbitrarily, considered as one source of spontaneous mutations. These errors occur, and persist, due to many causes including failure of the proof reading system of DNA replication or failure of the DNA repair system to repair or correct the errors. It is estimated that during every somatic cell division cycle of nearly 20 h duration, about 12,000 point mutations occur along the whole genome. The vast majority of these replicative errors are repaired by the DNA repair system of the cell. If some of these errors escape detection and repair they will persist and be transferred to the genome of daughter cells and become fixed mutations.\n\n7.2. Nuclear and mitoch"
    },
    "6": {
      "summary": "6. Static and dynamic mutation\n\nStatic mutations signify that there are no changes in the genetic makeup of an organism. For instance, a father suffering from Marfan syndrome due to a specific mutation in the fibrillin gene may transfer the mutation as it is to some of his offspring. Mutation analysis by molecular diagnostic techniques of the gene of both father and child will reveal identity of the mutation between them in the affected gene. Static mutations characterize the mutational events that underlie the development of most currently defined genetic diseases.\n\nDynamic mutations, on the other hand, represent a peculiar category of genetic mutations that increase in magnitude or extent upon transmission from a carrier parent to an offspring. The discovery of this type of mutation clarified the pathogenic mechanisms responsible for the pathogenesis of a large number of genetic diseases known as triplet repeat expansion disorders. The list of these diseases due to this type of mutation is expanding progressively and includes many common and relevant genetic disorders like fragile X syndrome, Friedreich ataxia, Huntington disease, myotonic dystrophy, some types of spino-cerebellar ataxia and many others.\n\nIn this type of mutation, a normal defined number of codons, triplets of nucleotides, along a specific segment of the gene increases in number when the gene is inherited. A threshold effect characterizes this dynamic mutational process. Within a certain range, we can identify a normal repeat number in the normal gene, a larger repeat number in carriers or pre-mutation state and a much larger number in affected patients. For instance, the fragile X mental retardation gene (FMR1 gene) which is mutated in fragile X syndrome, regulates the synthesis of a protein, fragile X mental retardation protein (FMRP) which acts, partly, as RNA binding protein that regulates in a global fashion cellular protein translation and microRNA regulatory pathways, and has important functions in many organs like the nervous system and the ovaries. The normal transcript of the gene has a sequence consisting of six to forty-five (6–45) repeats of CGG nucleotides at the 5'-untranslated region. Carrier mothers have a larger number of these repeats ranging from 55–200 repeats. When this permutation state of the gene is transmitted to a male offspring, progressive increase, or dynamic expansion of the number of the repeats happens and the gene in the affected male offspring, or full mutation state, is found to contain more than 200, sometimes much more numbers up to hundreds, of these repeats. The deleterious effects of this mutation and the resulting pathological phenotypes of the disease are due to disruption of functions of the FMR1 gene via silencing of the gene activity an"
    },
    "7": {
      "summary": "6.2.1. Same-sense mutation. Due to degeneracy of the genetic code that allows for defining the same amino acid by different codons, a point mutation might involve one base of a specific codon changing it to another codon, that still defines the same amino acid. For example, the amino acid leucine is defined or dictated by six different codons, TTA-TTG-CTT-CTC-CT A-CTG. Replacement of one base of some of these codons, TTA to TTG, CTT to CTC or CTA to CTG, by another base does not change the specified amino acid, leucine, in the synthesized protein, hence the term same-sense because the same amino acid is dictated by the new codon and no change in the synthesized protein results.\n\n6.2.2. Mis-sense mutation. Due to the rigid rules of the genetic code, a change of one base of a codon might turn it into another codon that defines a different amino acid in the synthesized protein. If base replacement results in a new codon that specifies a different amino acid, a mis-sense mutation results. For instance, a point mutation of the codon (TTT) or (thymine-thymine-thymine) that defines phenylalanine may change it to another codon (TCT) or (thymine-cyto sine-thymine) that defines serine. For protein translation system this change is considered as wrong code, hence the term missense, since it dictates a different amino acid. The effects of mis-sense mutation depend on the role played by the original amino acid in protein functioning, e.g. protein stability and aggregation. If it has important roles within fundamental structural or functional domains of the protein that could not be performed by the new different amino acid, then pathophysiological alteration of the structure and/or function of the protein are expected and the pathogenesis of a genetic defect might ensue.\n\n6.2.3. Non-sense mutation. The sixty-four codons of the genetic code include three codons that do not define or dictate any amino acids and are used by the gene to signal the end of the protein synthesis process in order to form the proper protein with the proper number of amino acids. These codons (TAA-TGA-TAG) are termed stop or termination codons because they are recognized by both the mRNA transcript and the translation system as signals or markers of the end of the translation process since they do not define any amino"
    },
    "8": {
      "summary": "7.6.2.5. Frame-shift mutation. Frame shifting signifies changes in the specific sequence of the nucleotides of the gene due to deletion or addition of nucleotide(s) followed by corresponding change of the amino acid sequence of the synthesized protein. Deletion or addition of one base within the gene will result in shifting of the reading frame of the newly formed codons. This type of point mutation is called frame-shift mutation. The resulting effects may lead to the formation of new same-sense, missense or stop termination codons with ultimate consequences similar to the results of the similar aforementioned mechanisms. These same rules apply for mutational events involving the addition or deletion of two bases. If three bases are added or deleted, a whole new codon will be added or removed, respectively. Whereas addition or deletion of one codon to a functional exon of the gene might result in a wide spectrum of alterations as previously explained, whole codon addition or deletion within non-coding parts of the gene, introns, has no effect on translated protein or on gene function. Frame shifting of the gene sequence leads to frame shifting in the amino acid sequence of the synthesized protein and a new protein with new sequence of amino acids might be translated. The similarity between the amino acid sequence of the wild type protein and that of the new protein depends on the start site of the frame shift mutation of the gene sequence. These same rules apply for mutational events involving the addition or deletion of two bases. If three new bases are inserted between existing codons, however, a whole new codon will be added and an additional amino acid will be added to the polypeptide chain of the protein. Also, if three bases constituting a functional codon are removed or deleted from the gene, the amino acid specified by the deleted codon will not be translated and will be missing from the synthesized polypeptide chain. Whereas addition or deletion of one codon to a functional exon of the gene might result in a wide spectrum of alterations as previously explained, whole codon addition or deletion within non-coding parts of the gene, e.g. introns, usually has no effect on translated protein or on gene function [4].\n\nChange in the structure of one base of the gene, e.g. methylation of cytosine, can affect gene transcription through several different mechanisms. Each cell has a specific methylation pattern necessary for normal cell differentiation during development. Changes in this pattern by mutations of regulatory genes controlling its timing and its magnitude can have marked deteriorating effects on the cell during differentiation. This type of mutation must not be confused with epigenetic\n\n**Figure 5**: Splice site mutations."
    },
    "9": {
      "summary": "6. Chromosome formation\n\n1. Deletion\n2. Translocation\n3. Insertion\n4. Ring chromosome formation\n5. Dicentric chromosome formation\n6. Chromosome gaps and breaks\n\n**Figure 6**: Types of chromosomal abnormalities.\n\n---\n\n**Ring Chromosome**\n\n![Diagram of a ring chromosome](image_url)\n\n**Unbalanced Translocation**\n\n![Diagram of unbalanced translocation](image_url)\n\n**Pericentric Inversion**\n\n![Diagram of pericentric inversion](image_url)\n\n**Dicentric Chromosome**\n\n![Diagram of dicentric chromosome](image_url)\n\n---\n\n**Figure 7**: Structural chromosomal abnormalities.\n\n---\n\nmutations that involve structural changes in the chromatin or the DNA-associated proteins rather than the DNA itself [5].\n\n### 7.6.3. Small mutations\n\nSmall mutations are arbitrarily classified so as to comprise structural changes involving more than one base of a gene. Accordingly, they span a very wide spectrum of pathogenetic structural alterations of the genetic material beginning with mutations involving at least two nucleotides and ending with mutations involving part of a gene, a whole gene or, even, few genes. Small mutations include addition or removal of two or more bases, addition or removal of one or more codons, single or multiple exon deletion or duplication, single or multiple intron deletion or duplication, deletion or duplication of a gene or of few genes, amplification of genes, inactivation of genes and transposon-induced mutations.\n\nThe pathophysiological consequences of these mutations depend on the resulting changes in either the genetic regulatory networks or the metabolic networks of the cell secondary to deficient and/or defective synthesis of the gene product. The resulting deterioration of gene function leading to the pathogenesis of a genetic disorder correlates with the extent of deficiency of the gene product, whether due to actual deficiency of the protein or regulatory small RNA coded by the gene due to suppression of gene function and inability to synthesize the gene product, or to relative or absolute deficiency of the"
    },
    "10": {
      "summary": "6.4. Gross mutations\n\nGross mutations are mutations that involve large portions of the genetic material. Chromosomal aberrations represent the prototype of this type of mutation, since even the smallest functional portion of a chromosome may consist of tens to hundreds of genes. Due to the peculiar structural organization of the nuclear human genome, chromosomal abnormalities can involve either the structure of the chromosome, structural chromosomal abnormalities or the number of the chromosomes, numerical chromosomal abnormalities. Mutations of chromosome structure might involve the autosomes, autosomal chromosomal abnormalities, of chromosomes 1–22, or sex chromosomal abnormalities involving the sex chromosomes (X and Y chromosomes). Structural chromosomal aberrations include different pathogenic types like deletions, duplications, inversions, ring chromosome formation, unidirectional translocation, mutual translocations and Robertsonian translocations, chromosome gaps and breaks, and other less common abnormal types. Numerical chromosomal abnormalities that affect the number of chromosome encompass varied group of aberrations including trisomy, monosomy, hypodiploidy, hyperdiploidy, triploidy and tetraploidy (Fig. 6) [6].\n\n7.6.4.1. Types and molecular mechanisms of chromosomal aberrations. (1) Structural chromosomal aberrations (Fig. 7).\n\n(a) Deletion\n\nChromosome deletion means loss of part of the chromosome. It may be terminal deletion when it involves the end piece of the chromosome or interstitial deletion when it affects other parts of the chromosome. Interstitial deletions involving the centromeric region of the chromosome lead to formation of acentric chromosomes. Because chromosome segregation during cell division depends on attachment of the spindle fibrils to specific centromeric receptor proteins, acentric chromosomes are lost during the anaphase stage of cell division and chromosome monosomy of affected daughter cell results. Autosomal monosomy is incompatible with life of the cell in view of the deleterious functional deficiency of the proteome due to loss of hundreds, even thousands, of genes located on the missing chromosome.\n\n(b) Translocation\n\nTranslocation involves breakage of part of the chromosome and its insertion within the genetic material of another chromosome. It may be unidirectional when a segment of the chromosome is broken at both ends, detached from its original site and translocated to another chromosome, or it may be reciprocal when two different chromosomes interchange parts of their genetic material. Translocation can result in functional deficiency and development of genetic disease if the translocated chromosome segments are inserted within intact gene sequences on the recipient chromosome leading to its disrupti"
    },
    "11": {
      "summary": "1. **Invasions, or occur on one arm of the chromosome away from the centromere, paracentric inversions. Since inversions do not result in loss or gain of extra genetic material, inversions do not cause marked functional deficiency. However, if the break points of the inversion disrupt the sequence of an important gene, disease state might ensue. Inversions result in disturbed crossing over during meiosis and production of defective gametes with low recombination frequency. Depending on the extent of chromosome segments affected by the inversion, these defects might be incompatible with normal development and lead to early spontaneous abortions.**\n\n(d) **Ring chromosome formation**\n\nRing chromosomes are incomplete chromosome segments resulting from terminal deletion of variable parts of both chromosome arms with subsequent joining of both arms to form ring structures. The net loss of genetic material from the chromosome depends on the extent of deletion of both arms. Ring chromosome formation can also occur with terminal or total deletion of one chromosome arm only, and in rare cases it occurs when telomeres at the ends of a chromosome fuse without any loss of genetic material from the chromosome. Pathological consequences of ring chromosomes are caused by deletion of genes in the telomeric regions of affected chromosomes.\n\n(e) **Duplication**\n\nChromosome duplication occurs when part of a chromosome is copied abnormally, resulting in extra genetic material from the duplicated segment. Duplications arise from aberrant recombination or unequal crossing-over that occurs between misaligned homologous chromosomes during meiosis with consequent reciprocal deletion of the homologous chromosomes. Chromosome duplications offer the etiological basis of gene duplication and gene amplification. They also offer an explanation for the presence of multiple repetitive sequences along the DNA, since placement of the duplicated regions adjacent to the original sequence results in formation of tandem repeats along the DNA. Gene amplification due to duplication is a common phenomenon for many oncogenes because duplication and amplification of oncogenes results in their over expression with over production of oncoproteins that confer the malignant phenotype on transformed cells. Examples of human cancers due to oncogene duplication and amplification include esophageal cancer, gastric cancer, cervical cancer, colorectal cancer, breast cancer and neuroblastoma.\n\nThe finding that specific genomic regulatory elements, e.g. zinc finger nuclease enzyme, can induce specific chromosomal rearrangements, like duplications and inversions, suggest an evolutionary role for these chromosomal abnormalities. This event might be considered as a mechanism of genomic evolution through forma"
    },
    "12": {
      "summary": "1. Chromosome-dependent genetic functions, and vice versa. Pathological mosaicism, on the other hand, occurs when a mutational event selectively affects one cell and gets transmitted to all descendent daughter cells. It can affect gonadal cells during meiosis resulting in some gametes carrying the mutation with the rest of the germ cells being free from mutation, gonadal mosaicism, as well as somatic cells at any stage along the pathway of cell division after the first post-zygotic division.\n\nAccumulating evidence suggests that chromosomal mosaicism, probably, represents a significant genetic phenomenon with widespread effects on many aspects of human biology and health since a significant proportion of human pathogenic conditions is associated with chromosomal mosaicism. Though mosaicism is a clear demonstration of genetic diversity, its true significance remains, as yet, unknown in view of the contradictory genetic effects attributed to and associated with its occurrence. For instance, mosaicism is quite a frequent finding among human fetuses and is observed in nearly 25% of spontaneous abortions. It also plays a role in the generation of meiotic aneuploidy known to be the leading genetic cause of human prenatal death, congenital malformations, prenatal mortality and postnatal morbidity, many neuropsychiatric disorders, chromosomal syndromes, learning disabilities, cancer and immune diseases. Contrariwise, there is strong and substantial evidence suggesting that increased incidence of mosaic aneuploidy in the developing human brain is an integral component of normal prenatal development of the human central nervous system.\n\n(h) Chromosome gaps and breaks\n\nThese distinctive types of chromosomal abnormalities reflect effects and consequences of mutations leading to interruption of the integrity of the chromosome DNA. They, probably, predispose to development of many other types of structural aberrations of the chromosomes [8].\n\n(2) Numerical chromosomal aberrations\n\nNumerical chromosomal abnormalities refer to chromosomal abnormalities caused by the presence of abnormal number of chromosomes within the cell. These gross mutational events can involve autosomes, e.g. trisomy 21 in Down syndrome and hypodiploidy and hyperdiploidy in cancer cells, or the sex chromosomes like monosomy X (45,X) in Turner syndrome and XXY abnormality in Klinefelter syndrome (47,XXY) (Fig. 9).\n\n(a) Trisomy, or the presence of three copies of a chromosome instead of two, results from non-disjunction, or non-separation, of duplicated chromosomes after replication. Normally, during cell division, replication of DNA occurs and chromosomes duplicate themselves so that each daughter cell receives the same number of chromosomes like the parent cell, in order to keep genetic identit"
    },
    "13": {
      "summary": "6.5. Genomic mutations\n\nGenomic mutations refer to mutations involving the whole genome (either the 23 chromosomes haploid genome or the 46 chromosomes diploid genome). They comprise numerical genomic mutations involving the whole chromosome set of the genome like triploidy (69 chromosomes genome) and tetraploidy (92 chromosomes genome). They, also, include functional genomic mutations leading to disturbed and/or defective expression of the whole genome functions. Genomic functional mutations reveal their consequences in many phenotypes. In humans, the development of vesicular or hydatidiform malls and the formation of dermoid cysts, instead of normal development of the zygote, represent obvious examples of genomic functional mutations. Normally, during the first five days following fertilization and zygote formation, all cellular processes including cell growth, differentiation and division are controlled and mediated exclusively by the maternal genome of the ovum. The sperm genome begins its participation in these processes after these critical five days post-fertilization period. Improper temporal programing of these genomic balances and interactions, e.g. due to genomic imprinting mutations, leads to disturbed genomic regulation of development and differentiation of the developing zygote, with drastic consequences leading to actual cessation and disturbed progress of normal development and differentiation. If the maternal genome fails to start functioning properly after fertilization or fails to maintain its genetic regulation of development over the critical immediate post-fertilization period, or if the paternal genome is prematurely induced to start its roles in genetic regulation of development and differentiation as a result of these genomic imprinting mutations, normal embryogenesis and/or fetal growth is brought to a stand-still [5].\n\nGenomic functional mutations might, also, be caused by other pathogenetic mechanisms, one of these abnormal mechanisms entails exclusive predominance of one parental genome in zygote formation and development. The diploid genome of the zygote may be formed from two maternal haploid genomes (46, XX) without any sperm genome, or from two paternal haploid sperm genomes (46,YY) without participation of any maternal genome. These abnormalities in chromosomal constitution of the zygote can be caused by many pathogenetic mutational events. Endoreduplication of one parental genome of the zygote with suppression, involution and disappearance of the other genome, or fertilization of the ovum by two sperm genomes with consequent disappearance of the ovum genome from the developing zygote can lead to pathogenesis of these genomic chromosomal abnormalities. A well-known wide spectrum of pathological embryonic and fetal ma"
    },
    "14": {
      "summary": "14\n\n### Consequenes Of Genomic Imprinting Defects\n\nMechanism of the genome to harmonize functions and interactions of the large number of genes that constitute it, so that integrity and stability of the genome, hence genomic identity, is maintained, preserved and conserved in spite of the continuously ever changing proteome phenotype and proteome dynamics of living systems. If genes constituting a specific genome are imprinted, either expressed or silenced, without strict regulatory mechanism(s) controlling temporal aspects of their functions, widespread random and conflicting qualitative and quantitative changes of the proteome synthesized by that genome will disturb the stability and integrity of the genome, through many different mechanisms, leading ultimately to decadence and loss of the genomic identity that characterizes living organisms [10].\n\n#### 7.7. Base, sugar, phosphate mutation\n\nMutations, in general, refer to changes of the bases of the nucleic acids (A,G,C,T,U) and represent the commonest types of mutations of the genetic material. However, several kinds of mutations can affect the sugar and the phosphate group, and can have deleterious effects on the genetic material. Several kinds of mutation can affect the sugar portion of the nucleotide. For instance, some physical and chemical mutagens can add oxygen to the deoxyribose of DNA or remove oxygen from the ribose of RNA, or a whole deoxyribonucleotide might be substituted by a ribonucleotide. Such mutations of DNA, containing a ribonucleotide instead of a deoxyribonucleotide are usually silent, but under abnormal conditions they might be attacked by ribonucleases leading to DNA breaks. Another type of mutation of the sugar portion of the nucleotide involves methylation of ribose of a coding nucleotide in mRNA and can lead to silencing or, even, to total suppression of translation.\n\nMutations that affect the phosphorus atom of the nucleotide can cause widespread detrimental effects on the integrity of the DNA strand. Irradiation turns ordinary phosphorus to radioactive phosphorus which, upon release of an electron, changes to non-radioactive sulfur and suffers a recoil in diameter leading to loss of its connection to the adjacent sugar. This results in multiple recoil breaks in the sugar-phosphate backbone of the DNA with ultimate breakage mutations of the nucleic acid [1].\n\n#### 7.8. Persistent and reversible mutation\n\nMutations are frequent structural genetic alterations in view of the dynamic nature of the genome. It almost always accompanies replication of DNA and transcription of RNA. However, most of these mutations are corrected and repaired by the genomic repair mechanisms. Mutations in one cell that escape repair are liable to be transferred to daughter cells upon division and"
    },
    "15": {
      "summary": "8. Pathogenetic mechanisms of genetic diseases\n\nThe genetic material controls life activities of the cell through regulating synthesis of proteins which directly mediate these activities. Regulatory genes, in addition, control the transcription of many classes of small RNAs that have fundamental roles in direct and feed-back regulation of most aspects of the genetic material.\n\nMutations cause structural alterations of the genetic material. Depending on the site, nature, magnitude and effects of the mutational event as well as on the functions and importance of the mutated genes, pathogenetic mechanisms that result in deficient synthesis of gene products, synthesis of defective gene products or disturbed regulation of cellular activities will lead to development of genetic disorders, secondary to the ensuing pathophysiological alterations of cellular functions [9].\n\nMaintaining stability, integrity and species-specific identity of the genome represents a prerequisite, not only for executing cell functions properly, but more fundamentally for beginning, continuation and conservation of life. It is the preservation of the collaborative and integrated intimate relationship of these three aspects of the genome that represent the real kernel and true essence of existence of all forms of life. Many pathogenetic mechanisms that drastically affect genome stability and genome integrity have been defined. These particular groups of mutations constitute important detrimental events that act via different pathways, e.g. defective genetic repair mechanisms or premature induction of apoptosis, leading ultimately to loss of genome stability and integrity and induction of cell death. On molecular or cellular level, these mutations might be considered as life-ending mutations. These mutations might also act in a different way through total loss of reproductive fitness and disappearance of individual genomes from the gene pool of certain species.\n\nThe spectrum of pathogenetic mechanisms and the resulting pathophysiological disturbances that underlie the development of genetic disorders is quite wide in view of the complexity of the structural organization of the genome and the strict functional specialization that characterizes each of its components. Additionally, the obscure nature and unclear functions of many components of the genetic material, undoubtedly, conceal many, still unknown, pathogenetic mechanisms and hinder proper understanding of their exact pathways. It is hoped that final completion of the human genome project might disclose the exact and complete structural organization of the human genome [11]. However, a parallel human genome function project aiming at defining the complete functional spectrum of the genome seems to be an indispensable and impera"
    },
    "16": {
      "summary": "10. Structural features of DNA\n\nDNA exists as a double stranded structure composed of two tightly bound strands, each strand consisting of a straight sugar-phosphate backbone with opposing nitrogenous bases linked by glycosidic linkage to the sugar of one strand and by hydrogen bonds with a complementary base on the other strand. This specific structural organization of DNA serves many purposes. It stabilizes the dynamics of the molecule, permits replication and duplication of the genetic material, protects the interiorly located bases and, most important, stores a template or copy of the genetic information ready for use in case of damage of the other strand. If small or gross mutational events affect important functional portions of the genetic material, repair mechanisms can restore the exact sequence of the damaged or lost or deleted parts through restoration mechanisms based on the complementary information of the other strand. Mutations leading to damage of corresponding segments of both strands represent a catastrophic event to the genome due to the absence of the sequence database needed for the repair mechanism to define the exact base sequence of the newly synthesized segment in place of the deleted or grossly damaged segment.\n\n10.1. Structural organization of the human genome\n\nThe peculiar structural organization of the human genome represents the first innate anti-mutation mechanism in view of the presence of large interspersed portions of non-functional intragenic, introns, and inter-genic DNA sequences and segments that can be mutated without having appreciable deleterious functional effects. In addition to functional sequences needed for synthesis of protein and of regulatory small RNA species, the human genome has a considerable amount of repetitive DNA sequences, including both noncoding repetitive DNA sequences and multiple copy genes and gene fragments, a large number (19,000–21,000) of pseudogenes, a considerable sizable portion (about 1/6th of the total genome size) as pyknons, a quite large portion (nearly 40% of the total genome size) as transposons and large numbers of multiple copies of functional genes that share the same regulatory function and whose suppression or damage by mutation can be tolerated by other genes having the same function. These peculiar structural features of the human genome allows for occurrence of mutational events in many segments of the genome without having appreciable functional defects. Even if some of these genes or DNA sequences have important roles in genome function, their presence in multiple repetitive copies can greatly reduce, or even nullify, the consequences of mutational damage resulting from affecting many copies.\n\nThe presence of multiple copies, hundreds to thousands, of mitochondria"
    },
    "17": {
      "summary": "10. DNA-associated proteins\n\nThe DNA-associated or DNA-binding proteins, in addition to their essential roles in regulating transcriptional processes of most genes, also play fundamental roles in protecting the DNA from the damaging effects of many mutagens, in particular the free radicals that are generated during metabolic activities of the cell. They act as physical barriers and biochemical buffers, modifiers or deactivating biomolecules of many chemical mutagens or damaging factors that might harm the DNA. They mediate this protective role by many mechanisms including modulation of charge transport of oxidative agents within the DNA, limitation of DNA helix distortion and regulation of protein-dependent alterations in DNA base stacking [1].\n\n10.6. Replication proofreading system\n\nPreservation of genomic identity of the organism depends exclusively on accurate replication and synthesis of two identical copies of the genome during cell division, followed by transfer, or inheritance, of each copy to each daughter cell. In this manner, all cells descendent from a parent cell have nuclear genomes identical to those of the mother cell. The majority of spontaneous point mutations of the nuclear genome are prone to occur during cell division, mostly during DNA synthesis or the replication phase of the process. The replication proofreading system acts in a prophylactic way to ensure accurate insertion or addition of the proper nucleotide to the newly synthesized strand of replicating DNA. This prophylactic function is fundamental to reduce the rate of inevitable replication mistakes to minimum levels that could be dealt with efficiently with the DNA repair mechanisms. In spite of the impressively fast and accurate ability of the enzymes responsible for DNA synthesis, the DNA polymerases, most of them have additional proofreading ability to ensure accurate error-free DNA replication and, hence, maintaining and preserving the stability, integrity and identity of the genome during cell division, as well as during transfer of the genetic material from parents to offspring.\n\n10.7. Genetic repair systems\n\nGenetic repair systems responsible for correcting and repairing many different types of point and small mutations that affect the genetic material, whether induced by exogenous mutagens or occurring secondary to endogenous spontaneous alterations, comprise both nuclear DNA repair system and mitochondrial DNA repair system. Genetic function and genetic repair represent two sides of one coin. Without the persevering continuous, active and effective surveillance exerted by the genetic repair systems to detect and repair the continuously and persistently occurring mutations, maintaining stability and integrity of the genome would be an impossible task. These repai"
    },
    "18": {
      "summary": "10.7.1.3. Direct reversal repair. This repair mechanism can directly repair UV-induced pyrimidine dimer formation and alkylation adducts by DNA photolyase enzymes and alkyltransferase proteins, respectively. Direct reversal repair mechanisms are not followed by incision of DNA strands or resynthesis of new DNA since the changed or mutated bases are directly reverted to their original states either by light-dependent photoreactivation process, for pyrimidine dimers repair, or by use of alkyltransferase. Placental mammals do not have photolyase-dependent repair mechanisms and depend on nucleotide excision repair to correct and repair UV-induced pyrimidine dimer formation.\n\n10.7.1.4. Mismatch repair (MMR). The mismatch repair (MMR) system recognizes and corrects mismatched or unpaired bases that result from errors of DNA polymerase during DNA replication. It involves complex reactions and interactions of many enzymes, proteins and signal discrimination factors, probably in collaboration with the proofreading system, to recognize the mutated strand first and then to locate the site of the mismatched pair. This is followed by removal of the mutated sequence by an endonuclease, addition of new pair(s) by DNA polymerase and final regain of the DNA double stranded structure by DNA ligases. Post-replication mismatch repair is achieved by removal of a relatively long tract of mismatch-containing oligonucleotides, a process called long-patch MMR.\n\n10.7.1.5. Recombination repair. Recombination repair mechanisms aim primarily at repairing double-strand breaks of DNA which represent the most devastating mutation-induced lesions of DNA because they can lead to loss of genetic information and chromosomal instabilities with consequent pathological alterations including chromosome breakage syndromes and carcinogenesis. Double-strand breaks can be caused either endogenously during DNA replication due to replication errors, e.g. replication fork collapse, or exogenously by, e.g. ionizing radiation. Recombination repair mechanisms consist of many various steps: end resection, strand invasion, DNA repair synthesis, branch migration and Holliday junction resolution, and include, at least, two different repair pathways: homologous recombination repair (HR) and nonhomologous end-joining repair. HR repair mechanism is the accurate pathway and makes use of undamaged homologous DNA as a template for repair. Non-homologous end-joining repair mechanism directly ligates two double-strand break ends together, and although it is efficient, it is prone to loss of genetic information at the ligation sites. However, there are many anti-recombination mechanisms to suppress excessive recombination that might lead to loss of genetic information and genomic instability [1].\n\n10.7.2. RNA re"
    },
    "19": {
      "summary": "10.7.3. Mitochondrial DNA (mtDNA) repair\nThe pivotal role played by the mitochondrial genome in generating ATP, without which life can neither begin nor persist, in addition to the many other critical metabolic and regulatory functions of mitochondrial genes, requires the presence of an efficient system for repairing mtDNA mutations. The need for mitochondrial genome repair system is further imposed on the cell in view of the high mutation rate of mitochondrial genes which lack many of the anti-mutation and protective mechanisms available to nuclear genes. Similar to the nuclear genome repair system, mitochondrial repair system includes many repair pathways: base excision repair, direct reversal repair, mismatch repair, and recombination repair. Nucleotide excision repair (NER) pathway, however, seems not to be working in the mitochondria [12].\n\n10.8. Protein repair systems\n\nAccurate post-translation structural configuration of newly synthesized polypeptide chains is a fundamental conformational modification for most proteins to become functionally active biomolecules. The maturation from primary to quaternary protein structure involves many changes, e.g. folding and maintenance of steric and spatial relationships between the different domains of the protein. Conformational defects in proteins that might happen during these modifications can lead to the formation of misfolded and/or aggregated non-functional molecules.\n\nHuman genome comprises a large number of genes that code a complex system composed of large numbers of specific protein families and subfamilies known as molecular chaperones. These proteins have many important and diverse functions in cellular activities, e.g. assisting non-covalent folding or unfolding and assembly or disassembly of macromolecular structures, including proteins. Prevention of misfolding and/or aggregation of newly synthesized polypeptide chains, which turn them to nonfunctional biomolecules, is a major and fundamental function of molecular chaperones. Other physiological functions of chaperones include: transport across mitochondrial membranes and the endoplasmic reticulum and assistance in protein degradation.\n\nMolecular chaperones, probably, exert critical roles in maintaining stability and integrity of the proteome. This state of protein homeostasis, proteostasis, is a prerequisite for proper control and regulation of cellular metabolic networks by proteins and is mandatory for efficient mediation of cellular activities. Specific species of molecular chaperones, surveillance chaperones, are responsible for constant surveillance of the proteome to ensure proper protein homeostasis. Age-related decline or mutation-induced defects in proteome stability and integrity results in progressive aggregation and faulty conf"
    },
    "20": {
      "summary": "10.11. Apoptosis of heavily, lethally mutated cells\n\nApoptosis, or programmed cell death, is a universal biological behavior of most living cells necessary, in conjunction with other life-regulating mechanisms, for maintaining the vital balance between life and death that governs optimal life conditions of multicellular organisms. Apoptosis plays fundamental and crucial roles in normal growth and development as well as in normal differentiation and determination of the proper final architecture of cells, tissues and organs. Faulty timing or incorrect accomplishment of specific and selective apoptotic processes during each of these life stages of the cell might result in devastating consequences on cellular functions that range from dysfunction to malformation, and may, even, culminate ultimately in premature cell death and pathogenesis of disease [17].\n\nApoptoisis plays a crucial role in maintaining genomic stability and integrity, not of individual cells, but of the organism as a whole. Induction of apoptotic mechanisms in heavily mutated or lethally mutated cells leads to death of the cell and prevents transfer of these mutations to its putative descendant daughter cells. This fundamental prophylactic anti-mutation role of apoptosis in cellular activities and life prospects of living organisms has more far-reaching effects on many important aspects related to the balance between, and the incidence of, normal and mutant genotypes within species-specific gene pools. Additionally, apoptosis can affect in an appreciable manner genomic identity of living organisms because mutation-induced evolutionary or decadence pathways are largely dependent on the outcome of certain apoptotic mechanisms operating during certain stages of the cell cycle.\n\n10.12. Melatonin\n\nMelatonin is a hormone synthesized by the pineal gland, bone marrow cells, epithelial cells and lymphocytes. Melatonin receptors are distributed in most organs, a finding reflecting its widespread roles in regulating various physiological and psychological processes. Many in vitro and animal studies revealed that melatonin has diverse functions including effective protection of cells against radiation-induced chromosome breakage and inhibition of tumor development in animals exposed to experimental chemical carcinogenesis [18]. Melatonin was shown to have protective effect against oxidative DNA damage by chemical inactivation of DNA-damaging agent as well as by stimulating DNA repair mechanisms. These anti-mutagenic and anti-clastogenic effects of melatonin can be linked with its ability to protect DNA against oxidative damage. It may exert this antioxidant action by eliminating harmful reactive oxygen radicals or by stimulating the repair processes of oxidative stress-induced damage of DNA [19] [T"
    }
  }
}
