{
  "doc_id": "f86d073b0d735ac873a65d906ba82758.pdf",
  "pages": {
    "1": {
      "summary": "1. The Directors present the Company’s Report on Corporate Governance.\n2. ITC Limited has been one of the frontrunners in India to have put in place a formalised system of Corporate Governance.\n3. The Company’s Governance Structure includes the Board of Directors, Executive Committee, Nomination Committee, Audit Committee, and Remuneration Committee.\n4. The Board of Directors is responsible for the overall governance of the Company, including setting the strategic direction, ensuring compliance with laws and regulations, overseeing the management of the Company’s business, and appointing the Chief Executive Officer and Managing Director.\n5. The Executive Committee is responsible for the day-to-day management of the Company, including approving budgets, monitoring performance, and ensuring compliance with the Company’s policies and procedures.\n6. The Nomination Committee is responsible for identifying and evaluating potential candidates for the Board of Directors and recommending them for appointment.\n7. The Audit Committee is responsible for reviewing and approving the audit process, financial reporting, and internal controls.\n8. The Remuneration Committee is responsible for determining the remuneration policy for the Board of Directors and the CEO, approving the annual incentive plan, and ensuring that the compensation of the Board of Directors and the CEO is aligned with the Company’s strategy and objectives.\n9. The Board of Directors meets regularly to review and approve the Company’s strategy, monitor its implementation, and ensure that it is in line with the Company’s legal and regulatory obligations.\n10. The CEO is responsible for the overall management of the Company, including setting the strategic direction, managing the business, and ensuring that the Company achieves its goals.\n11. The CEO reports directly to the Board of Directors and is accountable to it for the effective management of the Company.\n12. The CEO is supported by the Executive Team, which includes the CFO, COO, and other senior executives who provide strategic guidance and support to the CEO.\n13. The Company’s Code of Conduct sets out the ethical standards that all employees must adhere to.\n14. The Company’s Code of Conduct applies to all employees, regardless of their position or level of authority.\n15. The Company’s Code of Conduct covers a wide range of issues, including but not limited to, anti-bribery and corruption, conflicts of interest, bribery and corruption, and environmental, social, and governance (ESG) matters.\n16. The Company’s Code of Conduct is reviewed regularly and updated as necessary to reflect changes in the business environment and to ensure that it remains relevant and effective.\n17. The Company’s Code of Conduct is available on the Company’s website a"
    },
    "2": {
      "summary": "1. The Board sets strategic goals and seeks accountability for their fulfilment. The Board also provides direction and exercises appropriate control to ensure that the Company is managed in a manner that fulfils stakeholders’ aspirations and societal expectations. The Board, as part and parcel of its functioning, also periodically reviews its role.\n\nCorporate Management Committee (CMC): The primary role of the CMC is strategic management of the Company's businesses within Board approved direction / framework. The CMC operates under the strategic supervision and control of the Board.\n\nChairman: The Chairman of ITC is the Chief Executive of the Company. He is the Chairman of the Board and the CMC. His primary role is to provide leadership to the Board and the CMC for realising Company goals in accordance with the charter approved by the Board. He is responsible, inter alia, for the working of the Board and the CMC, for ensuring that all relevant issues are on the agenda and for ensuring that all Directors and CMC members are enabled and encouraged to play a full part in the activities of the Board and the CMC. He keeps the Board informed on all matters of importance. He is also responsible for the balance of membership of the Board, subject to Board and Shareholder approvals. He presides over General Meetings of Shareholders.\n\nDivisional Management Committee (DMC) / SBU Management Committee (SBU MC): The primary role of the DMC / SBU MC is executive management of the Divisional / SBU business to realise tactical and strategic objectives in accordance with Board approved plan.\n\nExecutive Director: The Executive Directors, as members of the CMC, contribute to the strategic management of the Company's businesses within Board approved direction / framework. As Directors accountable to the Board for a business / corporate function, they assume overall responsibility for its strategic management, including its governance processes and top management effectiveness. As Directors accountable to the Board for a wholly owned subsidiary or its wholly owned subsidiary, they act as the custodians of ITC's interests and are responsible for their governance in accordance with the charter approved by the Board.\n\nNon-Executive Director: Non-Executive Directors, including Independent Directors, play a critical role in imparting balance to the Board processes by bringing an independent judgement on issues"
    },
    "3": {
      "summary": "1. **Category**  \n2. **No. of Directors**  \n3. **Percentage to total no. of Directors**\n\n| Category | No. of Directors | Percentage to total no. of Directors |\n|----------|------------------|--------------------------------------|\n| Executive Directors | 4 | 31 |\n| Non-Executive Independent Directors | 7 | 54 |\n| Other Non-Executive Directors | 2 | 15 |\n| Total | 13 | 100 |\n\n*Excludes Directorship in Indian Private Limited Companies, Foreign Companies, Membership of Managing Committees of Chambers of Commerce / Professional Bodies and Alternate Directorship.*\n\n**Represents Membership / Chairmanship of Audit Committee and Investors Grievance Committee of Indian Public Limited Companies.*\n\n***Appointed a Director w.e.f. 30th October, 2006.*\n\n****Appointed a Director w.e.f. 26th May, 2006.*"
    },
    "4": {
      "summary": "1. **Board Agenda**  \nMeetings are governed by a structured agenda. The Board members, in consultation with the Chairman, may bring up any matter for the consideration of the Board. All major agenda items are backed by comprehensive background information to enable the Board to take informed decisions. Agenda papers are generally circulated seven working days prior to the Board meeting.\n\n: 2. **Information placed before the Board**  \nApart from the items that are required to be placed before the Board for its approval, both under the statutes and the Governance Policy, the following are also tabled for the Board's periodic review / information:\n\n- Quarterly performance against plan, including business-wise financials in respect of revenue, profits, cash flow, balance sheet, investments and capex.\n- Half-Yearly summary of all long-term borrowings made, bank guarantees issued and investments made.\n- Treasury Policy, both domestic & forex, as and when changes take place.\n- Internal Audit findings and External Audit Management Reports (through the Audit Committee).\n- Status of safety, security and legal compliance.\n- Status of business risk exposures, its management and related action plans.\n- Company’s management development processes and succession of senior management (through the Nominations Committee).\n- Show Cause, demand, prosecution and adjudication notices, if any, from revenue authorities which are considered materially important, including any exposure that exceeds 1% of the Company's net worth, and their outcome.\n\n: 3. **Post-meeting follow-up system**  \nThe Governance processes in the Company include an effective post-meeting follow-up, review and reporting process for action taken / pending on decisions of the Board, the Board Committees, the Corporate Management Committee and the Divisional / SBU Management Committees.\n\nDetails of Board Meetings during the financial year  \nDuring the financial year ended 31st March, 2007, five meetings of the Board took place as against six, as per the Company’s Governance Policy. The sixth meeting, scheduled for the last week of March, 2007, could be held only on 4th April, 2007. The intervening period between two Board meetings was well within the maximum gap of four months prescribed under Clause 49 of the Listing Agreement. The annual calendar of meetings is broadly determined at the beginning of each year.\n\n: 4. **Board Committees**  \n- Default, if any, in payment of interest and repayment of principal on any public deposit, dues to any major creditor or Financial Institution.\n- Product liability claims of a substantial nature, if any.\n- Information on strikes, lockouts, retrenchment, fatal accidents etc., if any.\n- Significant court judgement or order passing strictures, if any, on the conduct of the"
    },
    "5": {
      "summary": "1. Reliability of financial and other management information and adequacy of disclosures;\n2. Compliance with all relevant statutes.\n\nThe Audit Committee is empowered, pursuant to its terms of reference, inter alia, to:\n- Investigate any activity within its terms of reference and to seek any information it requires from any employee;\n- Obtain legal or other independent professional advice and to secure the attendance of outsiders with relevant experience and expertise, when considered necessary.\n\nThe role of the Committee includes the following:\n(a) Overseeing the Company’s financial reporting process and the disclosure of its financial information to ensure that the financial statements are correct, sufficient and credible;\n(b) Recommending the appointment and removal of external auditors, fixation of audit fee and approval of payment of fees for any other services rendered by the auditors;\n(c) Reviewing with the management the financial statements before submission to the Board, focusing primarily on:\n  - Any changes in accounting policies and practices\n  - Major accounting entries based on exercise of judgement by management\n  - Qualifications in draft audit report\n  - Significant adjustments arising out of audit\n  - The going concern assumption\n  - Compliance with Accounting Standards\n  - Compliance with Stock Exchange and legal requirements concerning financial statements\n  - Related party transactions;\n(d) Reviewing with the management, external and internal auditors, the adequacy of internal control systems and the Company’s statement on the same prior to endorsement by the Board;\n(e) Reviewing the adequacy of the internal audit function, including the structure of the internal audit department, staffing and seniority of the official heading the department, reporting structure, coverage and frequency of internal audit;"
    },
    "6": {
      "summary": "1. Reviewing reports of internal audit and discussion with internal auditors on any significant findings and follow-up thereon; 2. Reviewing the findings of any internal investigations by the internal auditors and the executive management's response on matters where there is suspected fraud or irregularity or failure of internal control systems of a material nature and reporting the matter to the Board; 3. Discussion with the external auditors, before the audit commences, on nature and scope of audit, as well as after conclusion of the audit, to ascertain any areas of concern and review the comments contained in their management letter; 4. Reviewing the Company's financial and risk management policies; 5. Looking into the reasons for substantial defaults, if any, in payment to the depositors, debentureholders, shareholders (in case of non-payment of declared dividends) and creditors; 6. Considering such other matters as may be required by the Board; 7. Reviewing any other areas which may be specified as role of the Audit Committee under the Listing Agreement, Companies Act and other statutes, as amended from time to time.\n\nComposition\n\nThe Audit Committee comprised three Non-Executive Directors, all of whom are Independent Directors. The Director responsible for the Finance function, the Head of Internal Audit and the representative of the Statutory Auditors are Invitees to the Audit Committee. The Head of Internal Audit is the Co-ordinator and the Company Secretary is the Secretary to the Committee. The representative of the Cost Auditors is invited to meetings of the Audit Committee whenever matters relating to cost audit are considered. All members of the Committee are financially literate; two members, including the Chairman of the Committee, have accounting and financial management expertise.\n\nThe names of the members of the Audit Committee, including its Chairman, are provided elsewhere in the Report and Accounts.\n\nMeetings and Attendance\n\nDetails of Audit Committee Meetings during the financial year\n\nDuring the financial year ended 31st March, 2007, nine meetings of the Audit Committee were held, as follows:\n\n| Sl. No. | Date       | Committee Strength | No. of Members present |\n|--------|------------|------------------|------------------------|\n| 1      | 15th May, 2006 | 3                | 3                      |\n| 2      | 26th May, 2006 | 3                | 3                      |\n| 3      | 29th June, 2006 | 3                | 3                      |\n| 4      | 21st July, 2006 | 3                | 3                      |\n| 5      | 5th October, 2006 | 3                | 3                      |\n| 6      | 30th October, 2006 | 3                | 3                      |\n| 7      | 26th November, 2006 | 3                | 3             "
    },
    "7": {
      "summary": "1. **Meeting and Attendance**  \nDetails of Compensation Committee Meetings during the financial year  \n\nDuring the financial year ended 31st March, 2007, three meetings of the Compensation Committee were held, as follows:\n\n| Sl. No. | Date       | Committee Strength | No. of Members present |\n|--------|------------|------------------|------------------------|\n| 1      | 25th & 26th May, 2006 | 5              | 4                      |\n| 2      | 21st July, 2006 | 5              | 4                      |\n| 3      | 29th & 30th October, 2006 | 5              | 5                      |\n\nAttendances at Compensation Committee Meetings during the financial year  \n\n| Director         | No. of meetings attended |\n|-----------------|---------------------------|\n| B. Sen          | 3                         |\n| J. P. Daly       | 2                         |\n| C. R. Green      | 2                         |\n| S. B. Mathur     | 3                         |\n| Ram S. Tarneja   | 3                         |\n\nRemuneration Policy  \nITC's remuneration strategy aims at attracting and retaining high caliber talent. The remuneration policy, therefore, is market-led and takes into account the competitive circumstance of each business so as to attract and retain quality talent and leverage performance significantly.\n\nRemuneration of Directors  \nRemuneration of Executive Directors is determined by the Compensation Committee comprising only Non-Executive Directors. The recommendations of the Compensation Committee are considered and approved by the Board subject to the approval of the Shareholders. The Chairman and Executive Directors are entitled to Performance Bonus for each financial year up to a maximum of 100% and 85% of their consolidated salary, respectively, subject to the approval of the Shareholders, and as may be determined by the Board on the recommendation of the Compensation Committee.\n\nNon-Executive Directors are entitled to remuneration by way of commission for each financial year, up to a maximum of Rs.4,00,000/- individually, as approved by the Shareholders. Non-Executive Directors' commission is determined by the Board based, inter alia, on the Company's performance and regulatory provisions. Such commission is payable on a uniform basis to reinforce the principle of collective responsibility. Non-Executive Directors are also entitled to sitting fees for attending meetings of the Board and Committees thereof, the limits for which have been approved by the Shareholders. The sitting fees, as determined by the Board, are presently Rs.15,000/-, Rs.10,000/- and Rs.5,000/- for each meeting of the Board, Audit Committee and other Board Committees, respectively. Non-Executive Directors are also entitled to coverage under Personal Accident Insurance.\n\nDetails of Re"
    },
    "8": {
      "summary": "1. **Shareholder Information**  \nThe Company received 13 share related complaints during the financial year ended 31st March, 2007, which translate to 0.003% of the total number of Shareholders of the Company. The said complaints have been resolved.\n\n| Date       | Friday, 27th July, 2007 |\n|------------|------------------------|\n| Venue     | Science City            |\n|            | Main Auditorium         |\n|            | JBS Haldane Avenue      |\n|            | Kolkata 700 046        |\n\n| Time       | 10.30 a.m.           |\n|------------|-----------------------|\n| Book Closure Dates | Wednesday, 18th July, 2007 |\n|            | to Friday, 27th July, 2007 |\n|            | (both days inclusive) |\n| Dividend Payment Date | Monday, 30th July, 2007 |\n\n2. **Registrar & Share Transfer Agents**  \nThe in-house Investor Service Centre of the Company (ISC), accredited with ISO 9001:2000 certification for its investor servicing, provides share registration and other related services. The Company is registered with SEBI as Category II Share Transfer Agent.\n\n| Nature of Complaints | Nos. | % |\n|----------------------|-----|----|\n| Non-receipt of Dividend | 5   | 38 |\n| Non-receipt of Share Certificates | 5   | 38 |\n| Transfer of Shares | 1   | 8 |\n| Issue of Duplicate Share Certificates | 1   | 8 |\n| Others               | 1   | 8 |\n\nThe e-mail ID earmarked for investor complaints is: isc@itc.in\n\n---\n\n### Share and Debenture Transfer Committee\n\nThe Share and Debenture Transfer Committee of the Company generally meets every week for approving share transfers. The processing activities with respect to requests received for share transfers are generally completed within five working days from the date of receipt of request. There were no share transfers pending as on 31st March, 2007. The Committee met fifty-one times during the financial year.\n\nThe Committee comprised the following:\n\n- K. Vaidyanath, Executive Director - Chairman\n- B.B. Chatterjee, Company Secretary - Member\n- K.S. Suresh, General Counsel - Member\n\nA. Bose, Assistant Secretary and Head of ISC, is the Secretary to the Committee and is also the Compliance Officer under Securities and Exchange Board of India (Registrars to an Issue and Share Transfer Agents) Regulations, 1993.\n\n### Shareholder / Investor Complaints\n\nThe Company attended to Shareholder / Investor complaints and other correspondence generally within a period of five working days except where constrained by disputes or legal impediments. There are some pending cases relating to disputes over title to Shares in which the Company has been made a party. These cases however are not material in nature.\n\nDuring the year, 1,48,86,346 Shares of the Company, covered in 6,255 requests and constituting 0.4% of the issued and subscribed Share Capi"
    },
    "9": {
      "summary": "1. Summarize the page content in a concise manner.\n2. Highlight the main topics and key points.\n3. Use clear and descriptive language.\n4. Avoid unnecessary details or repetition.\n5. Ensure the summary is accurate and free from errors.\n\nThe provided examples illustrate the expected structure and content for a summary. Please note that the actual format may vary depending on the source material and the specific guidelines provided by the user."
    },
    "10": {
      "summary": "1. The Global Depository Receipts (GDRs) made by the Company in 1993, 5,56,13,501 GDRs, representing 5,56,13,501 underlying Shares of the Company i.e. 1.48% of the issued and subscribed Share Capital, were outstanding as on 31st March, 2007.\n2. The Company's GDRs are listed on the Luxembourg Stock Exchange (Code: 004660919) at Societe de la Bourse de Luxembourg, 11, av de la Porte-Neuve, L-2227 Luxembourg. The Listing Fee for the calendar year 2007 has been paid.\n\nListing of Shares on Stock Exchanges (with Stock Code)\n\n| Stock Exchange | Stock Code |\n|----------------|-----------|\n| National Stock Exchange of India Ltd. | ITC |\n| 'Exchange Plaza', Bandra-Kurla Complex | Mumbai 400 051 |\n| Banda (E) | Mumbai 400 001 |\n| e-mail : ignse@nse.co.in | e-mail : is@bseindia.com |\n| website : www.nseindia.com | website : www.bseindia.com |\n| The Calcutta Stock Exchange Association Ltd. | 10000018 |\n| 7, Lyons Range | Kolkata 700 001 |\n| e-mail : mop@cse-india.com | e-mail : www.cse-india.com |\n\n| Stock Exchange | Reuters Code | Bloomberg |\n|----------------|-------------|------------|\n| National Stock Exchange of India Ltd. | ITC.NS | NITCL IN |\n| Bombay Stock Exchange Ltd. | ITC.BO | ITC IN |\n\nThe Listing Fee for the financial year 2007-08 has been paid to the Stock Exchanges.\n\nMonthly High & Low quotes and Volume of Shares traded on National Stock Exchange (NSE), Bombay Stock Exchange (BSE) and Calcutta Stock Exchange (CSE)\n\n| Year & Month | NSE | BSE | CSE |\n|--------------|-----|-----|-----|\n|              | High (Rs.) | Low (Rs.) | Volume in 000's (Nos.) | High (Rs.) | Low (Rs.) | Volume in 000's (Nos.) | High (Rs.) | Low (Rs.) | Volume in 000's (Nos.) |\n| 2006 APRIL    | 208.50 | 182.00 | 12,49,86 | 207.90 | 181.00 | 2,96,99 | NA | NA | Nil |\n| MAY          | 212.50 | 145.00 | 17,52,70 | 212.70 | 152.10 | 4,19,09 | 203.00 | 164.40 | 2 |\n| JUNE         | 184.00 | 140.50 | 21,09,86 | 183.90 | 140.40 | 5,82,73 | 182.60 | 161.70 | 1 |\n| JULY         | 186.90 | 161.25 | 13,50,11 | 188.00 | 161.30 | 3,06,91 | 186.90 | 164.00 | 11 |\n| AUGUST       | 192.60 | 165.70 | 9,47,66 | 192.00 | 165.30 | 2,41,07 | 181.90 | 166.00 | 23 |\n| SEPTEMBER    | 193.00 | 176.00 | 9,58,02 | 192.95 | 176.10 | 2,23,49 | NA | NA | Nil |\n| OCTOBER      | 196.70 | 182.00 | 7,88,03 | 196.45 | 181.90 | 1,84,10 | NA | NA | Nil |\n| NOVEMBER     | 192.80 | 174.00 | 8,46,24 | 193.00 | 174.00 | 2,14,48 | NA | NA | Nil |\n| DECEMBER     | 191.95 | 166.50 | 8,21,60 | 192.00 | 167.00 | 1,60,15 | NA | NA | Nil |\n| 2007 JANUARY  | 181.00 | 160.10 | 10,40,82 | 180.60 | 160.30 | 2,28,47 | NA | NA | Nil |\n| FEBRUARY     | 180.00 | 155.10 | 9,34,89 | 179.90 | 157.00 | 1,65,69 | NA | NA | Nil |\n| MARCH        | 175.00 | 130.00 | 19,74,25 | 175.00 | 140.15 | 4,51,00 | NA | NA | Nil |"
    },
    "11": {
      "summary": "1. Indicates monthly closing positions.\n2. The ITC Share Price was broadly in line with the S & P CNX Nifty during the first half of the year; sentiments however suffered in the latter half of the financial year on account of the impending imposition of VAT on cigarettes.\n\nITC Share Price & Volume traded on NSE\n\n<table><td rowspan=\"2\"></table>"
    },
    "12": {
      "summary": "1. **Financial Calendar**\n   - **First Quarter Results**: July 2007\n   - **Second Quarter and Half-Year Results**: October 2007\n   - **Third Quarter Results**: January 2008\n   - **Fourth Quarter and Annual Results**: May 2008\n\n**Particulars of past three AGMs**\n\n| AGM | Financial Year | Venue                | Date       | Time          | Special Resolutions passed                                                                 |\n|-----|---------------|---------------------|------------|--------------|---------------------------------------------------------------------------------------------|\n| 95th | 2005-06       | Science City Main Auditorium JBS Haldane Avenue Kolkata 700 046 | 21/07/2006 | 10.30 a.m.  | • Appointment of Auditors.<br>• Appointment of Auditors.<br>• Stock Option limits for Non-Executive Directors.<br>• Amendment of Articles of Association to reflect increase in the Authorised Share Capital. |\n| 93rd | 2003-04       |                     | 30/07/2004 | 10.30 a.m.  | • Appointment of Auditors.<br>• Modification of ITC Employee Stock Option Scheme. |\n\n**Postal Ballot**\n\nDuring the year the Members approved, by means of Postal Ballot, offer and issue of Shares up to five percent of the issued and subscribed Share Capital of the Company as on 31st March, 2006 under a new Employee Stock Option Scheme in accordance with the Securities and Exchange Board of India (Employee Stock Option Scheme and Employee Stock Purchase Scheme) Guidelines, 1999 read with Section 81(1A) of the Companies Act, 1956. Salient features of the Postal Ballot, in respect of the above, are provided below:\n\n- The Board of Directors of the Company, at its meeting held on 30th October, 2006, appointed R. L. Auddy, a Senior Solicitor, as the Scrutinizer for conducting the Postal Ballot voting process;\n- Notice alongwith Postal Ballot Form was despatched to the Members whose names appeared on the Register of Members on 21st November, 2006; such despatch was completed on 11th December, 2006;\n- The last date of receipt of Postal Ballot Forms was 10th January, 2007;\n- The Scrutinizer submitted his Report dated 16th January, 2007 to the Chairman of the Company;\n- Based on the Scrutinizer’s Report, the results of the Postal Ballot were declared on 22nd January, 2007 at the Registered Office of the Company, as follows:\n\nResolution No. 1 - Special Resolution for offer and issue of Shares under an Employee Stock Option Scheme to employees and Directors of the Company.\n\n| No. of Members | No. of Votes (value in Rs.) | % of Votes |\n|----------------|------------------------------|-------------|\n| Total Postal Ballots received | 22,312 | 2,66,12,25,632 | – |\n| ➤ Postal Ballots – Valid | 21,140 | 2,65,96,83,104 | 99.94 |\n| ➤ Postal Ballots – Invalid | 1,172 | 15,42,528 | 0.06 |\n| "
    },
    "13": {
      "summary": "1. The summary should be written in the first person, using the active voice to convey the process of extracting and describing the main content.\n2. It should be written in complete sentences, avoiding contractions and colloquial language.\n3. Use proper grammar, spelling, and punctuation.\n4. Ensure clarity and conciseness, focusing on the most important information.\n5. Write in an appropriate tone and style, adhering to the specified guidelines.\n\nThe provided example is a sample of a financial statement summary. Please note that the actual format and structure may vary depending on the source document and its intended audience."
    },
    "14": {
      "summary": "1. Ensure the summary accurately reflects the content of the original page.\n2. Avoid plagiarism by paraphrasing the content in your own words while maintaining the core meaning.\n3. Use a neutral tone and avoid first-person pronouns (e.g., I, me, my).\n4. Maintain a formal writing style appropriate for academic or professional documents.\n\nHere's an example of a summary for the page you provided:\n\n---\n\n**Electronic Clearing Service (ECS) Facility**\n\nThe Company, with respect to payment of dividend, provides the facility of ECS to Shareholders at the following cities:\n\nAhmedabad, Bengaluru, Bhopal, Bhubaneshwar, Chandigarh, Chennai, Coimbatore, Delhi, Guwahati, Hyderabad, Indore, Jaipur, Kanpur, Kolkata, Lucknow, Ludhiana, Madurai, Mangalore, Mumbai, Nagpur, Nashik, Panaji, Patna, Pune, Surat, Thiruvananthapuram, Vadodara, Vijayawada and Visakhapatnam.\n\nShareholders holding Shares in the physical form, who wish to avail the ECS facility, may send their ECS mandate in the prescribed form to the Company, in the event they have not done so earlier. The ECS mandate form can be furnished by ISC on request or can be downloaded from the Company’s corporate website www.itcportal.com under the section ‘Investor Relations’.\n\n**Nomination Facility**\n\nShareholders who hold Shares in the physical form and wish to make / change nomination in respect of their shareholding in the Company, as permitted under Section 109A of the Companies Act, 1956, may submit to ISC the prescribed Form 2B. This Form can be furnished by ISC on request or can be downloaded from the Company’s corporate website www.itcportal.com under the section ‘Investor Relations’.\n\n**Depository Services**\n\nShareholders may write to the respective Depository or to ISC for guidance on depository services.\n\n**Address for Correspondence with Depository**\n\nNational Securities Depository Limited  \nTrade World, A Wing, 4th floor  \nKamala Mills Compound  \nSenapati Bapat Marg, Lower Parel  \nMumbai 400 013  \n\nTelephone no. : 022-2499 4200  \nFacsimile nos. : 022-2497 2993/2497 6351  \ne-mail : info@nsdl.co.in  \nwebsite : www.nsdl.co.in  \n\nCentral Depository Services (India) Limited  \nPhiroze Jeejeebhoy Towers, 17th floor  \nDalal Street, Fort  \nMumbai 400 023  \n\nTelephone no. : 022-2272 3333  \nFacsimile nos. : 022-2272 3199/2272 2072  \ne-mail : investors@cdsindia.com  \nwebsite : www.cdsindia.com  \n\n**Address for Correspondence with ISC**\n\nInvestor Service Centre  \nITC Limited  \n37 Jawaharlal Nehru Road  \nKolkata 700 071  \nIndia  \n\nTelephone nos. : 033-2288 6426/2288 0034  \nFacsimile no. : 033-2288 2358  \ne-mail : isc@itc.in  \nwebsite : www.itcportal.com  \n\nShareholders holding Shares in the dematerialised form should address their correspondence to their respective DPs, other than for dividend, which should be addres"
    },
    "15": {
      "summary": " The average growth rate over the past four years stands at 8.6%, making it the fastest pace of growth in India's history. While all three sectors of the economy recorded positive growth during 2006/07, the key driver was the industrial sector, which grew by an estimated 10%. Industrial growth was led by the manufacturing sector, which recorded an impressive increase of 11.3% bolstered by capital goods production, which grew by 17.7% over the previous year. The strong showing of the capital goods sector reflects the continuing momentum of the investment cycle. The Services sector posted a robust growth of 11.2% in line with the strong performance trend of the previous years. Agriculture sector recorded a relatively low growth of 2.7%.\n\nThe value of India’s merchandise exports grew by 20.8% to touch USD 124.6 billion during the year. Exports clocked an impressive 21.6% growth for the first 8 months of the year but lost momentum thereafter due to a slowdown in the US economy and the appreciation of the Indian Rupee. India’s trade deficit widened further to touch USD 56.7 billion, an increase of 40.6% over 2005/06, mainly on account of a sharp increase in the value of oil imports. However, net invisibles surplus on account of buoyant service exports helped ameliorate the impact on the current account. The overall position on external balances remains strong with foreign exchange reserves increasing by USD 47 billion during the year. The strong overall economic performance during the year was however accompanied by rising inflation. Several policy measures were announced in response, aimed at curtailing liquidity and improving supply side conditions. These included the increase in the repo rate and cash reserve ratio, duty free imports of wheat and pulses, and reduction in import duties on non-ferrous metals, cement, capital goods etc.\n\nThe strong investment momentum and high levels of business confidence justify the double-digit GDP growth aspirations set in the 11th Plan. High levels of economic growth are essential to realise the oft quoted demographic dividend through the creation of employment opportunities for the 9 to 10 million people expected to enter the job market annually, the majority of whom would be from rural India. However, economic growth does not necessarily translate to sustainable development. The manner of industrial growth so far has taken an immeasurable toll of finite natural resources, and yet left vast numbers of people in poverty. On the one hand, depletion of biodiversity resources – soil, water, air – has considerably increased the fragility of ecological balance. On the other hand, the declining rate of growth of agriculture has led to the present situation where nearly 60% of India’s population shares less than 20% of its "
    },
    "16": {
      "summary": "2007 | 2006\n<table>a) Profit Before Taxation and Exceptional Items3926.703269.19b) Income Tax1226.73988.82c) Profit After Taxation Before Exceptional Items2699.972280.37d) Exceptional Items (net of tax)—(45.02)e) Profit After Tax2699.972235.35f) Add: Profit brought forward from previous year562.06611.41g) Surplus available for Appropriation3262.032846.76h) Transfer to General Reserve1250.001150.00i) Proposed dividend for the financial year at the rate of Rs. 3.10 per Ordinary Share of Re. 1/- each (previous year : Rs. 2.65 per Share)1166.29995.12Income Tax on proposed dividend (2006 - including Rs. 0.02 crore for earlier years)198.21139.58Retained profit carried forward to the following year647.53562.063262.032846.76</table>\n\n**REPORT OF THE DIRECTORS**\n\neducation and entertainment. It can also serve as a strong foundation for linking small and marginal farmers to the futures markets to facilitate farmer risk management. The access to e-Choupals, within walking distance from the farm gate, is supplemented through physical infrastructure – the ITC Choupal Saagar – which functions as a hub for a cluster of villages within tractorable distance. These made-to-design hubs also serve as warehouses, and as rural hypermarkets for a variety of goods. In effect, the e-Choupal infrastructure is potentially an efficient delivery channel for rural development and an instrument for converting village populations into vibrant economic organisations.\n\nGrowth agendas can become sustainable only if they include in their wake strategies to enhance ecological and social capital, thereby translating to development. In line with this philosophy, your Company is engaged in enlarging its contribution across all the three dimensions – economic, ecological and social – through investments in all its businesses and across the value chains, where feasible. Highlights of your Company’s progress in pursuit of the ‘triple bottom line’ objectives are discussed in the sections that follow.\n\n**COMPANY PERFORMANCE**\n\nYour Company completed yet another year of strong performance with robust topline growth and high quality earnings. All business segments posted strong growth in revenues and enhanced their market standing, testifying to the robustness of the corporate strategy of creating multiple drivers of growth. This performance is even more satisfying when viewed in the light of the challenging business environment of the cigarette industry, incubation costs of the new FMCG businesses and the rural marketing initiatives and the gestation costs of fresh investments in the paperboards and hotels businesses.\n\nGross Turnover for the year grew by 20.2% to Rs. 19505 crores. Net Turnover at Rs. 12369 crores grew by 26.3% driven by the non-cigarette FMCG businesses, higher agri-business rev"
    },
    "17": {
      "summary": "1. **REPORT OF THE DIRECTORS**\n\n**FOREIGN EXCHANGE EARNINGS**\n\nYour Company continues to view foreign exchange earnings as a key priority. All businesses in the ITC portfolio are mandated to engage with overseas markets with a view to testing international competitiveness and seeking growth opportunities. The ITC Group’s contribution to foreign exchange earnings over the last ten years amounted to nearly USD 2.8 billion, of which agri exports constituted nearly 65%. Earnings from agri exports is an indicator of your Company’s contribution to the rural economy through effectively linking small farmers with international markets.\n\nDuring the financial year 2006/07, your Company, its subsidiaries and the ITC Welcomgroup hotel chain together earned Rs. 2444 crores in foreign exchange. Direct foreign exchange earned by your Company amounted to Rs. 2283 crores. Your Company’s expenditure in foreign currency amounted to Rs. 1219 crores, comprising purchase of raw materials, spares and other expenses at Rs. 737 crores, and import of capital goods at Rs. 482 crores.\n\nDetails of foreign exchange earnings and outgo are provided in Schedule 19 to the Accounts.\n\n**BUSINESS SEGMENTS**\n\n**A. FAST MOVING CONSUMER GOODS**\n\n**FMCG – Cigarettes**\n\nYour Company’s uncompromising commitment to providing superior value to consumers through world-class products helped in sustaining its leadership position in the cigarette industry. The year also saw significant growth in exports, with sales increasing by nearly 60% over the previous year.\n\nIn line with your Company’s mantra of continuous and consistent offering of value added world-class products to the Indian consumer, a unique IT-enabled ‘Six Sigma’ based product development process was implemented during the year. This strategic intervention enabled the launch of several key initiatives across the brand portfolio in terms of pack modernisation, limited edition offerings in different flavours and the introduction of ‘Silk Cut’ in the King Size and Regular Filter formats. The success of these initiatives is evidenced by the significant enhancement of your Company’s market standing in the Premium categories and higher market shares in all segments in key competitive markets across the country. Strategies borne out of deep consumer insights nurtured by your Company and supported by substantial investments have resulted in three of your Company’s brands featuring, once again, amongst the top 5 FMCG brands in India.\n\nIn keeping with the policy of maintaining global standards across the value chain, your Company continued to induct state-of-the-art and cutting-edge technology in its manufacturing facilities such as high speed cigarette making and packing machines, round corner/beveled edge packers and automatic filter feed syst"
    },
    "18": {
      "summary": "1. **REPORT OF THE DIRECTORS**\n\nWhile the Kolkata unit was awarded the 'CII SHE Award' for Occupational Health and Safety by CII Eastern Region, the 'Environment Excellence Award' by the Indian Chamber of Commerce and West Bengal Pollution Control Board and the '1st National Security Today Award' for the Best Maintained Fire Safety System.\n\nA major cause for concern, however, remains the severe taxation and regulatory milieu for cigarettes in India. Cigarettes continue to be discriminated against cheaper and revenue inefficient tobacco products like bidis and chewing tobacco. Excise duty rates on cigarettes were increased for the second successive year. However, while duty rates on cigarettes went up in excess of 6% in the Union Budget 2007, the same were left unchanged in respect of most of the other tobacco products. Moreover, with effect from 1st April, 2007, cigarettes have been brought under the ambit of Value Added Tax (VAT) by the States at a rate of 12.5% on invoice price, without a reduction/set off in excise duties collected in lieu of State level sales tax. Such a move is against the opinion of Expert Committees on taxation which have, for more than a decade, repeatedly and consistently recommended the exclusion of cigarettes from ad-valorem duties in favour of a single-point specific excise duty structure.\n\nSince taxes already constitute around 130% of the net realisation value of cigarettes, the combined impact of the 6% increase in excise duty and the imposition of 12.5% ad-valorem VAT is equivalent to a 33% increase in excise tax incidence on cigarettes – the highest ever increase that the industry has faced. Bidis, on the other hand, have been exempted from VAT by most States. An ad-valorem levy such as VAT on a highly taxed product like cigarettes can have grievous consequences on the livelihood of more than a million farmers and farm-workers. It is pertinent to note that studies conducted by the Central Tobacco Research Institute (CTRI) have established that the Indian flue cured Virginia tobacco farmer does not, as yet, have an alternative to a remunerative crop like tobacco.\n\nApart from the distressing impact on farmer livelihoods, such punitive ad-valorem taxes will also severely restrict the ability of manufacturers to offer world-class products to the Indian consumer.\n\nAs evidenced in the past, as cigarettes become more and more expensive due to increasing levels of taxation, tobacco consumption migrates to cheaper, revenue inefficient products like bidis and chewing tobaccos. This phenomenon sub-optimises the economic value per unit of tobacco consumption since the revenue yield from the other tobacco products is low and is declining in spite of an increase in consumption. This is borne out by the following:\n\n**Tobacco Consump"
    },
    "19": {
      "summary": "1. The document is about the history of tobacco production in India.\n2. It discusses the government's efforts to regulate the industry.\n3. The government has taken various measures to control tobacco production and consumption.\n4. These measures include imposing taxes on tobacco products, regulating advertising and promotion, and increasing penalties for violations.\n5. The government aims to reduce tobacco-related diseases and promote public health.\n6. Despite these efforts, the tobacco industry continues to operate illegally, and the government is working to enforce regulations and increase enforcement efforts.\n7. The government has also implemented programs to provide support to tobacco farmers and help them transition to more sustainable farming practices.\n8. The government is also investing in research and development to find alternative crops for tobacco cultivation.\n9. The government is collaborating with international organizations to share best practices and learn from each other's experiences.\n10. The government is also providing training and technical assistance to farmers to improve their skills and knowledge.\n11. The government is also working to raise awareness among consumers about the dangers of tobacco use.\n12. The government is also promoting the use of alternative crops for tobacco cultivation, such as spices, herbs, and medicinal plants.\n13. The government is also working to create a favorable regulatory environment for the tobacco industry.\n14. The government is also working to increase investment in tobacco research and development.\n15. The government is also working to improve the quality and safety of tobacco products.\n16. The government is also working to ensure that all tobacco products sold in the country comply with relevant regulations.\n17. The government is also working to ensure that all tobacco products sold in the country are produced in accordance with good agricultural practices.\n18. The government is also working to ensure that all tobacco products sold in the country are packaged and labeled in compliance with relevant regulations.\n19. The government is also working to ensure that all tobacco products sold in the country are marketed in a transparent and ethical manner.\n20. The government is also working to ensure that all tobacco products sold in the country are marketed through authorized channels.\n21. The government is also working to ensure that all tobacco products sold in the country are marketed through legitimate channels.\n22. The government is also working to ensure that all tobacco products sold in the country are marketed through legal channels.\n23. The government is also working to ensure that all tobacco products sold in the country are marketed through fair trade channels.\n24. The government is also w"
    },
    "20": {
      "summary": "1. The report sets out in Schedule 20 to the Accounts reflects the outcome of this rapid scaling up. Segment Revenues grew by 68% over 2005/06 to touch Rs. 1704 crores during the year. The table below illustrates the rapid growth of these businesses over the last few years:\n\nThe year ahead, however, presents an extremely challenging operating ambience. In view of the bleak taxation and regulatory scenario for tobacco, exacerbated by debilitating discontinuities like VAT etc., it is quite likely that industry volumes will be under pressure. Your Company though is confident that its leadership position can be retained, even in a shrinking basket of tobacco consumption, by the vitality of its strategies and the continuing loyalty of its value seeking consumers.\n\nFMCG – Others\n\nAs discussed in detail in earlier years’ Report of the Directors, it is the strategic intent of your Company to secure long-term growth by synergising and blending the diverse pool of competencies residing in its various businesses to exploit emerging opportunities in the FMCG sector. Your Company remains bullish on the prospects of the FMCG sector. The key demand drivers for FMCG products in India include rising disposable incomes and a favourable demographic profile; the relatively low levels of per capita consumption and penetration of these products; growing urbanisation; growing population of working women and the increasing penetration of organised retail.\n\nDuring the year under review, your Company continued to rapidly scale up the newer FMCG businesses comprising Branded Packaged Foods, Lifestyle Retailing, Greeting, Gifting & Stationery and Safety Matches & Incense Sticks (Agarbattis).\n\nIt is a matter of deep satisfaction to report that your Company continues to be the number one FMCG Company in the country in terms of distribution reach. Your Company services the largest number of markets and retail outlets in the FMCG sector across the country. This formidable distribution infrastructure is the result of strategic initiatives including deeper penetration into grocery and modern format stores, strengthening of the stationery channel and expansion of the e-Choupal based rural distribution model.\n\nSegment Results reflect the gestation costs of these businesses largely comprising costs associated with brand building, product development and infrastructure creation. Highlights of progress in each category are set out below.\n\nBranded Packaged Foods\n\nThe Branded Packaged Foods business continued to expand rapidly with sales recording an impressive growth of 51% over the previous year. The range of offerings now comprises more than 150 distinct food products under six brands. Your Company’s unwavering commitment to internationally benchmarked quality standards enabled it to fur"
    }
  }
}
