{
  "doc_id": "f8d3a162ab9507e021d83dd109118b60.pdf",
  "pages": {
    "1": {
      "summary": "1. **Business Management and Entrepreneurship**  \n**Title:** Business Management and Entrepreneurship  \n**Transcript abbreviations:** Business M&E 10 (Tex Acosta will create Aeries account)  \n**Length of course:** Full Year Lecture Hours: Normal: 54 Range: 48 - 54 Outside of Class Hours: Normal: 108 Range: 96 - 108  \n**Subject area:** College-Preparatory Elective (\"g\") / Interdisciplinary  \n**UC honors designation?** NO  \n**Articulated?** - YES WITH BUSINESS 10  \n**Yes with Chaffey College in Partnership with CSUSB**  \n**Chaffey College will offer 3 units of articulated credit for this class.**  \n**CSUSB has guaranteed direct transferrable credit for course.**  \n**Both Department Chairs and Deans of Chaffey College (Dr. Vanessa Thomas and CSUSB (Dr. Tony Coulson) have agreed to oversee articulation each year in partnership with SBCUSD.**  \nStudent should be in Logistics & Business Management Pathway N/A  \nNo; but course is taught by CTE Teacher  \n11th, 12th  \nClassroom Based  \n\n**Prerequisites:**  \nCo-requisites: Integrated (Academics / CTE)? Grade levels: Course learning environment:  \n\n**Course Overview (Chaffey Catalogue Description)**  \nA survey in business providing a multidisciplinary examination of how culture, society, economic systems, legal, international, political, financial institutions, and human behavior interact to affect a business organization’s policy and practices within the U.S. and a global society. Demonstrates how these influences impact the primary areas of business including: organizational structure and design; leadership, human resource management, organized labor practices; marketing; organizational communication; technology; entrepreneurship; legal, accounting, financial practices; the stock and securities market; and therefore affect a business’ ability to achieve its organizational goals.\n\nThis course is the 3rd year of the Logistics and Business Management Pathway that is connected w/ CSUSB Department Business and Public Administration in Supply Chain and Transportation Management. Overview for this course continues from 2nd year course of Global Logistics and Concepts:\n\n- Industries are in the third phase of development. The first phase was when companies worked to optimize the individual functions within companies. They tried to make marketing, operations or finance all work well. Some 30 years ago managers recognized that simply optimizing functions within a company wasn’t adequate. They had to find a way to optimize the total firm. Therefore, concepts such as “reengineering the corporation” advanced the kind of cross-functional process thinking that became popular in the 1980s and 1990s. They “broke down silos” and implemented process thinking.\n- As good as these efforts were, today’s enlightened companies are rec"
    },
    "2": {
      "summary": "1. Current market conditions are creating lucrative opportunities for firms that provide supply-chain/logistics consulting, implementation, operations management, training support, and e-supply-chain/logistics services.\n2. In summary, this course explains the importance of effective and efficient logistical system within the broad spectrum of global supply chain. And, it is aimed at presenting the management and the science of moving, storing and distributing goods within supply chain.\n3. In summary, this course explains the importance of effective and efficient logistical system within the broad spectrum of global supply chain. And, it is aimed at presenting the management and the science of moving, storing and distributing goods within supply chain.\n\n---\n\n**CSUBS & CHAFFEY COURSE OBJECTIVES:**\n\n- This course treats SCM/Logistics as the continuous process of integrating suppliers and trading partners into an organization’s operations to optimize resources and streamline the flow of information, goods, and services from the point of origination to the point of sale.\n- Its objective is to make student think about how SCM/logistics impacts all areas of the firm, and to show how managers can improve their competitive position by addressing the major issues in SCM/logistics which include a wide array of topics as purchasing, operation, and distribution.\n- The course focuses on the operations and logistics parts of a supply chain, where resources are transformed into goods and services. Emphasis is on management, an interactive cycle of planning, organizing, staffing, execution and control for continuing improvement. Relevant quantitative techniques that are essential to management decision-making process are emphasized and discussed in detail.\n- Specific Objectives include:\n  A. Determine the importance of effective and efficient utilization of information for logistics management including general types of information systems and their logistical applications.\n  B. Compare and contrast customer service objectives.\n  C. Analyze the utilization of unit loads in materials handling.\n  D. Identify functions performed by packaging.\n  E. Evaluate the role of freight forwarders and other transportation specialists.\n  F. Assess a site's specialized location characteristics.\n  G. Differentiate various inventory flow patterns.\n  H. Analyze the issue of employee safety in warehousing.\n  I. Compare and contrast the various alternatives available in warehouse design.\n  J. Differentiate between transportation and inventory considerations in international trade distribution\n\n**CSUBS & CHAFFEY COURSE LEARNING OUTCOMES:**\n\nUpon successful completion of this course, students should be able to:\n\n- Compare and contrast the rolls, relationships and effects of small and large"
    },
    "3": {
      "summary": "1. How do businesses and not-for-profit organizations help create our standard of living?\n2. What are the sectors of the business environment, and how do changes in them influence business decisions?\n3. What are the primary features of the world's economic systems, and how are the three sectors of the U.S. economy linked?\n4. How do economic growth, full employment, price stability, and inflation indicate a nation's economic health?\n5. How does the government use monetary policy and fiscal policy to achieve its macroeconomic goals?\n6. What are the basic microeconomic concepts of demand and supply, and how do they establish prices?\n7. What are the four types of market structure? Which trends are reshaping the business, microeconomic, and macroeconomic environments and competitive arena?\n\nUnit 1 Key Assignments:\n- **Predicting Your Success:** TED TALK, GRIT: The Power of Passion and Perseverance; submit a written response on Google Classroom.\n- **Unit 1 & 2 Team Activity** Form five to seven teams. Each team is responsible for one of the sectors of the external business environment discussed in the chapter (economic, political/legal, demographic, social, competitive, global, and technological). Your boss, the company president, has asked each team to report on the changes in that area of the external environment and how they will affect the firm over the next five years. The firm is the Boeing Company. Each team should use the library, the internet, and other data sources to make its projections. Each team member should examine at least one data source. The team should then pool the data and prepare its response. A spokesperson for each team should present the findings to the class. (Interpersonal, Resources, Information)\n\nUNIT 2: Making Ethical Decisions and Managing a Socially Responsible Business\n\nSWBAT TO ANSWER THESE LEARNING OUTCOMES:\n- What philosophies and concepts shape personal ethical standards?\n- How can organizations encourage ethical business behavior?\n- What is corporate social responsibility?\n- How do businesses meet their social responsibilities to various stakeholders?\n- What are the trends in ethics and corporate social responsibility?\n\nUnit 2 Key Assignments:\n- **Quiz #1: Twenty core concepts from Unit 1 and 2**\n- **Critical Thinking Case Study--UBER Hits a Bumpy Road:**\n  - Critical Thinking Activity Questions:\n    - Question 1. According to recent data, only 36 percent of Uber’s current employees are women. How do you think this situation helped perpetuate a flawed corporate culture?\n    - Question 2. What can Uber do to ensure its competitors are not chipping away at its dominant market share as a result of such bad press?\n    - Question 3. Do you think installing an experienced female CEO would help the company change its culture"
    },
    "4": {
      "summary": "4 Key Assignments:\n- **Unit 3 & 4 Team Activity**: Divide the class into teams. Each team should choose a country and research its infrastructure to determine how it will help or hinder trade. Include a variety of countries, ranging from the most highly developed to the least developed. Report your findings.\n  - (Resources, Interpersonal, Information, Technology)\n- **Critical Thinking Case Study--We Want Our MTV (International)**:\n  - Critical Thinking Questions:\n    - Question 1. Do you think that MTV’s future lies mostly in its international operations? Explain your reasoning.\n    - Question 2. What types of political, economic, and competitive challenges does MTV Networks International face by operating worldwide?\n    - Question 3. How has MTV Networks International overcome cultural differences to create a world brand? (Written Submission in Google Classroom and/or TurnItIn.com & Present)\n\nUNIT 4: Forms of Business Ownership\n\nSWBAT TO ANSWER THESE LEARNING OUTCOMES:\n- What are the advantages and disadvantages of the sole proprietorship form of business organization?\n- What are the advantages of operating as a partnership, and what downside risks should partners consider?\n- How does the corporate structure provide advantages and disadvantages to a company, and what are the major types of corporations?\n- What other options for business organization does a company have in addition to sole proprietorships, partnerships, and corporations?\n- What makes franchising an appropriate form of organization for some types of business, and why does it continue to grow in importance?\n- Why are mergers and acquisitions important to a company's overall growth?\n- What current trends will affect the business organizations of the future?\n\nUnit 4 Key Assignments:\n- **Quiz #2: Twenty Core Concepts on Unit 3 & 4**\n  - ...Continued Unit 3 & 4 Team Activity Divide the class into teams. Each team should choose a country and research its infrastructure to determine how it will help or hinder trade. Include a variety of countries, ranging from the most highly developed to the least developed. Report your Findings\n  - (Resources, Interpersonal, Information, Technology)\n- **Preparing for Tomorrow's Workplace Skills**:\n  - Do you have what it takes to be a successful franchisee? Start by making a list of your interests and skills, and do a self-assessment using some of the suggestions in this chapter.\n  - Next you need to narrow the field of thousands of different franchise systems. At Franchise Handbook Online (http://www.franchisehandbook.com), you'll find articles with checklists to help you thoroughly research a franchise and its industry, as well as a directory of franchise opportunities.\n  - Armed with this information, develop a questionnaire to evaluate a prospective fr"
    },
    "5": {
      "summary": "5. **UNIT 5: Entrepreneurship: Starting and Managing Your Own Business**\n\n**SWBAT TO ANSWER THESE LEARNING OUTCOMES:**\n\n- Why do people become entrepreneurs, and what are the different types of entrepreneurs?\n- What characteristics do successful entrepreneurs share? How do small businesses contribute to the U.S. economy?\n- What are the first steps to take if you are starting your own business?\n- Why does managing a small business present special challenges for the owner?\n- What are the advantages and disadvantages facing owners of small businesses?\n- How does the Small Business Administration help small businesses?\n- What trends are shaping entrepreneurship and small-business ownership?\n\n**Unit 5 Key Assignments:**\n\n- **Preparing for Tomorrow's Workplace Skills:** *Interview*\n  - What does it really take to become an entrepreneur?\n  - Find out by interviewing a local entrepreneur or researching an entrepreneur you’ve read about in this chapter or in the business press.\n  - Get answers to the following questions, as well as any others you'd like to ask:\n    - How did you research the feasibility of your idea?\n    - How did you develop your vision for the company?\n    - How long did it take you to prepare your business plan?\n    - Where did you obtain financing for the company?\n    - Where did you learn the business skills you needed to run and grow the company?\n    - What are the most important entrepreneurial characteristics that helped you succeed?\n    - What were the biggest challenges you had to overcome?\n    - What are the most important lessons you learned by starting this company?\n    - What advice do you have for would-be entrepreneurs?\n      - (Submission on Google Slides in Google Classroom & Present)\n\n- **Preparing Working the Net:** *Business Plan*\n  - Visit Sample Business Plans at http://www.bplans.com to review examples of all types of business plans.\n  - Select an idea for a company in a field that interests you and, using information from the site, prepare an outline for its business plan.\n\n**UNIT 6: Management and Leadership in Today's Organizations**\n\n**SWBAT TO ANSWER THESE LEARNING OUTCOMES:**\n\n- What is the role of management?\n- What are the four types of planning?\n- What are the primary functions of managers in organizing activities?\n- How do leadership styles influence a corporate culture?\n- How do organizations control activities?\n- What roles do managers take on in different organizational settings?\n- What set of managerial skills is necessary for managerial success?\n- What trends will affect management in the future?\n\nWriter-ER Kackery/Cajon/SBCUSD"
    },
    "6": {
      "summary": "6 Key Assignments:\n- Quiz #3: Comprehension of Twenty Core Concepts from Unit 5 & 6\n- Preparing for Tomorrow's Workplace Skills: Self Reflection (1 paragraph per question submitted into Google Classroom)\n  - Question 1: Would you be a good manager? Do a self-assessment that includes your current technical, human relations, and conceptual skills. What skills do you already possess, and which do you need to add? Where do your strengths lie? Based on this exercise, develop a description of an effective manager. (Resources, Information)\n  - Question 2: Successful managers map out what they want to do with their time (planning), determine the activities and tasks they need to accomplish in that time frame (organizing), and make sure they stay on track (controlling). How well do you manage your time? Do you think ahead, or do you tend to procrastinate? Examine how you use your time, and identify at least three areas where you can improve your time management skills. (Resources)\n  - Question 3: Often researchers cast leadership in an inspirational role in a company and management in more of an administrative role. That tendency seems to put leadership and management in a hierarchy. Do you think one is more important than the other? Do you think a company can succeed if it has bad managers and good leaders? What about if it has good managers and bad leaders? Are managers and leaders actually the same? (Systems)\n  - Question 4: Today’s managers must be comfortable using all kinds of technology. Do an inventory of your computer skills, and identify any gaps. After listing your areas of weakness, make a plan to increase your computer competency by enrolling in a computer class on or off campus. You may want to practice using common business applications such as Microsoft Excel by building a spreadsheet to track your budget, Microsoft PowerPoint by creating slides for your next class project, and Microsoft Outlook by uploading your semester schedule. (Information, Technology)\n\nUNIT 7: Designing Organizational Structures\n\nSWBAT TO ANSWER THESE LEARNING OUTCOMES:\n- What are the traditional forms of organizational structure?\n- What contemporary organizational structures are companies using?\n- Why are companies using team-based organizational structures?\n- What tools do companies use to establish relationships within their organizations?\n- How can the degree of centralization/decentralization be altered to make an organization more successful?\n- How do mechanistic and organic organizations differ?\n- How does the informal organization affect the performance of the company?\n- What trends are influencing the way businesses organize?\n\nUnit 7 Key Assignments:\n- Unit 7 Ethics Activity-Ethics Report: Training IT Replacement\n  - Using a web search tool, locate articles abou"
    },
    "7": {
      "summary": "1. What types of training and development do organizations offer their employees?\n2. How are performance appraisals used to evaluate employee performance?\n3. What are the types of compensation and methods for paying workers?\n4. What is a labor union and how is it organized, what is collective bargaining, and what are some of the key negotiation issues?\n5. How are grievances between management and labor resolved, and what tactics are used to force a contract settlement?\n6. What are the key laws and federal agencies affecting human resource management and labor relations?\n7. What trends and issues are affecting human resource management and labor relations?\n\nUnit 8 Key Assignments:\n- Quiz #4-Comprehension of Twenty Core Concepts from Unit 7 & 8\n- Critical Thinking Case Study-Discrimination in the Workplace Continues—submit on Google Docs\n  - Critical Thinking Questions: Using the knowledge you gained from Unit 8 to answer Qs below:\n    - 1. Why is workplace diversity so important in today's business environment?\n    - 2. What are the major sources of workplace discrimination? Cite specific examples from the case.\n    - 3. What steps are companies taking to ensure that employees are not discriminated against?\n\nSemester Final Assessments:\n- Part 1: Ethics Self-Assessment\n  - Students will complete an ethics self-assessment to help clarify their ethics and will use the self-assessment to develop their business code of ethics. They will examine ways to incorporate social responsibility into their business. They will create a Code of Ethics for their business and will add it to the appendix of their business plan for Semester 2.\n- Part 2: Comprehensive Final on Key Concepts from Unit 1-8\n  - Students will be in 8 teams of 4 assigned to 1 Unit each.\n  - They will choose the key concepts from each unit to teach and add to the final. (A form of Reciprocal Teaching)\n\nSEMESTER 2: QUARTER 3\n\nUNIT 9: Motivating Employees\n\nSWBAT TO ANSWER THESE LEARNING OUTCOMES:\n- What are the basic principles of Frederick Taylor’s concept of scientific management?\n- What did Elton Mayo’s Hawthorne studies reveal about worker motivation?\n- What is Maslow’s hierarchy of needs, and how do these needs relate to employee motivation?\n- How are McGregor’s Theories X and Y and Ouchi’s Theory Z used to explain worker motivation?\n- What are the basic components of Herzberg’s motivator-hygiene theory?\n- What four contemporary theories on employee motivation offer insights into improving employee performance?\n- How can managers redesign existing jobs to increase employee motivation and performance?\n- What initiatives are organizations using today to motivate and retain employees?\n\nUnit 9 Key Assignments:\n- Preparing for Tomorrow's Workplace Skills\n  - Are you motivated more by intrinsic rewa"
    },
    "8": {
      "summary": "10: Achieving World-Class Operations Management\n\nSWBAT TO ANSWER THESE LEARNING OUTCOMES:\n\n- Why is production and operations management important in both manufacturing and service firms?\n- What types of production processes do manufacturers and service firms use?\n- How do organizations decide where to put their production facilities?\n- What choices must be made in designing the facility?\n- Why are resource-planning tasks such as inventory management and supplier relations critical to production?\n- How do operations managers schedule and control production? How can quality-management and lean-manufacturing techniques help firms improve production and operations management?\n- What roles do technology and automation play in manufacturing and service-industry operations management?\n- What key trends are affecting the way companies manage production and operations?\n\nUnit 10 Key Assignments:\n\n- Quiz #5: Comprehension of Twenty Core Concepts from Unit 9 & 10\n- Preparing for Tomorrow's Workplace Skills\n  - Use the Google search engine, http://www.google.com, to conduct a search for “supplier information,” and visit the websites of several firms (for example, Walmart, Northrop Grumman, Verizon, etc.).\n  - Create a comparison chart with sources cited.\n- Preparing for Tomorrow's Workplace Skills\n  - Pick a small business in your community.\n  - Make a list of the resources critical to the firm’s production and operations.\n  - Be sure to, either, interview owners digitally or in person.\n  - What would happen if the business suddenly couldn’t acquire any of these resources? Divide the class into small groups and discuss strategies that small businesses can use to manage their supply chain. (Resources, Information, Interpersonal)\n  - Present Solutions\n\nUNIT 11: Creating Products and Pricing Strategies to Meet Customers' Needs\n\nSWBAT TO ANSWER THESE LEARNING OUTCOMES:\n\n- What is the marketing concept and relationship-building?\n- How do managers create a marketing strategy?\n- What is the marketing mix?\n- How do consumers and organizations make buying decisions?\n- What are the five basic forms of consumer and business market segmentation?\n- What is a product, and how is it classified? How do organizations create new products?\n- What are the stages of the product life cycle?\n- What strategies are used for pricing products, and what are the future trends?\n- What trends are occurring in products and pricing?\n\nUnit 11 Key Assignments:\n\n- Preparing for Tomorrow's Workplace Skills\n  - Pick a specific product that you use frequently, such as a cosmetic or toiletry item, snack food, article of clothing, book, computer program, or video game.\n  - What is the target market for this product, and does the company’s marketing strategy reflect this?\n  - Now consider the broader ca"
    },
    "9": {
      "summary": "1. What is the nature and function of distribution (place)?\n2. What is wholesaling, and what are the types of wholesalers? What are the different kinds of retail operations?\n3. How can supply-chain management increase efficiency and customer satisfaction?\n4. What is promotion, and what are the key elements of a promotional mix?\n5. How are advertising media selected?\n6. What is personal selling?\n7. What are the goals of a sales promotion, and what are several types of sales promotion?\n8. How does public relations fit into the promotional mix?\n9. What is social media, and how has it changed promotion?\n10. What is e-commerce, and how does it affect promotion?\n\nUnit 12 Key Assignments:\n- Quiz #6 - Comprehension of Twenty Core Concepts from Unit 11 & 12\n- Think of a product that you use regularly. Find several examples of how the manufacturer markets this product, such as ads in different media, sales promotions, and publicity. Assess each example for effectiveness in meeting one or more of the six promotional goals described in the chapter. Then analyze them for effectiveness in reaching you as a target consumer. Consider such factors as the media used, the style of the ad, and ad content. Present your findings to the class. (Information)\n- Working the Net\n  - Visit Industry Week’s website at http://www.industryweek.com. Under Archives, do a search using the search term “supply-chain management.”\n  - Choose an article from the results that describes how a company has used supply-chain management to improve customer satisfaction, performance, or profitability.\n  - Give a brief presentation to your class on your findings.\n- Working the Net\n  - What are some of the logistics problems facing firms that operate internationally?\n  - Visit the Logistics Management magazine website at http://www.logisticsmgmt.com, and see if you can find information about how firms manage global logistics. Summarize the results using Google Slides\n\nSEMESTER 2: QUARTER 4\n\nUNIT 13 Using Technology to Manage Information\n\nSWBAT TO ANSWER THESE LEARNING OUTCOMES:\n- How has information technology transformed business and managerial decision-making?\n- Why are computer networks an important part of today's information technology systems?\n- What types of systems make up a typical company’s management information system?\n- How can technology management and planning help companies optimize their information technology systems?\n- What are the best ways to protect computers and the information they contain?\n- What are the leading trends in information technology?\n\nUnit 13 Key Assignments:\n- Preparing for Tomorrow's Workplace Skills\n  - Team Activity\n    - Should companies outsource IT? Some executives believe that IT is too important to outsource and that application service providers don't "
    },
    "10": {
      "summary": "1. Have them research the current status of ASPs using publications such as CIO and Computerworld and websites such as Enterprise Apps Today, http://www.enterpriseappstoday.com. (Interpersonal, Information)\n2. Present Findings using Prezi\n\n**Working the Net**\n- Learn more about the CERT Coordination Center (CERT/CC), which serves as a center of internet security expertise.\n- Explore its website, https://www.cert.org/index.cfm.\n- What are the latest statistics on incidents reported, vulnerabilities, security alerts, security notes, mail messages, and hotline calls?\n- What other useful information does the site provide to help a company protect IT assets?\n- Submit findings to Class Blog\n\n**Working the Net**\n- How can someone steal your identity?\n- Using information at the Federal Trade Commission’s central website for information about identity theft, https://www.consumer.ftc.gov/features/feature-0014-identity-theft, compile a list of the ways thieves can access key information to use your identity.\n- What steps should you take if you’ve been a victim of identity theft? Summarize key provisions of federal laws dealing with this crime and the laws in your state.\n- Submit findings to Class Blog\n\n**UNIT 14: Using Financial Information and Accounting**\n\n**SWBAT TO ANSWER THESE LEARNING OUTCOMES:**\n- Why are financial reports and accounting information important, and who uses them?\n- What are the differences between public and private accountants, and how has federal legislation affected their work?\n- What are the six steps in the accounting cycle?\n- In what terms does the balance sheet describe the financial condition of an organization?\n- How does the income statement report a firm’s profitability?\n- Why is the statement of cash flows an important source of information?\n- How can ratio analysis be used to identify a firm’s financial strengths and weaknesses?\n- What major trends affect the accounting industry today?\n\n**Unit 14 Key Assignments:**\n- Quiz #7 - Comprehension of Twenty Core Concepts from Unit 13 & 14\n- Working the Net\n  - With one partner, visit the website of one of the following major U.S. public accounting firms: Deloitte (http://www.deloitte.com), Ernst & Young (http://www.ey.com), KPMG (http://www.kpmg.com), PricewaterhouseCoopers (http://www.pwc.com), Grant Thornton (http://www.grantthornton.com), or BDO (http://www.bdo.com).\n  - Explore the site to learn the services the firm offers.\n  - What other types of resources does the firm have on its website?\n  - How well does the firm communicate via the website with existing and prospective clients?\n  - Summarize your findings in a brief report, and in a two-minute verbal minute overview.\n\n**UNIT 15: Understanding Money and Financial Institutions**\n\n**SWBAT TO ANSWER THESE LEARNING OUTCOMES:**"
    },
    "11": {
      "summary": "1. **Unit 15 & Unit 16 Key Assignment**  \n   - **Build Key Portfolio Stock Project**: Your Investment Firm has just received $100,000 to invest in 5 stocks\n\n---\n\n### To begin this project, you will need to research 5 companies that meet the criteria below.\n\n**Select the following stocks for your portfolio:**\n\n- one stock for your portfolio from the Dow Jones Industrial Average stock list ([http://money.cnn.com/data/dow30/](http://money.cnn.com/data/dow30/) (Links to an external site.)),  \n- three stocks from the New York Stock Exchange ([www.nyse.com](www.nyse.com) (Links to an external site.)) and/or the NASDAQ ([www.nasdaq.com](www.nasdaq.com) (Links to an external site.)),  \n- one of the latest initial public offerings ([IPO](IPO) (Links to an external site.)), IPO selections may be no older than April 2019. You can find an IPO via the NYSE, NASDAQ websites or [IPOSCOOP.com](IPOSCOOP.com) (Links to an external site.). (No foreign traded IPO’s, US only.)\n\n---\n\n### Unit 15 & Unit 16 Key Assignment:  \n- **Build Key Portfolio Stock Project**: Your Investment Firm has just received $100,000 to invest in 5 stocks\n\n---\n\n### Analysis\n\nMonitor your stocks daily ([Monday through Friday](Monday through Friday)). Note the daily closing price of each stock. Graphically display the trends of each stock on a line graph. Discuss the elements of the business environment that may have an impact on the value of your stocks. Discuss the influences that the internal and external environment has on your companies during the observation period. Consider management decisions and/or changes, economic influences, consumer trends, domestic and global competition, political effects, etc. Take note of the dates that these events occurred and corresponding fluctuation of your companies' stock prices. Avoid plagiarism! You should write at least three pages per company.\n\n---\n\n### Conclusion\n\nStocks must be sold at close of business on December 6th.  \n*Use https://finance.yahoo.com/ (Links to an external site.) for graphs!\n\nProvide a list of each stock, the initial (buy) price per share, the closing (sell) price per share, profit/loss for each company stock and your OVERALL gain or loss for your portfolio (in dollars and percentage). Use the Yahoo Finance graph to plot your five stocks and compare them to the S&P 500 and the Dow Industrial Average, then comment on your stock performance to the indices. Comment on which stock ([IPO](IPO), DOW, NYSE, NASDAQ) performed best? Which stock performed worst? Write a one-page reflection about what you (the group) learned during this assignment. If you were investing real money, would you invest differently? Why or why not.\n\n---\n\n### Written Report & 5 Minute Video Presentation\n\n#### Introduction\n\nYou are acting as an investment firm who r"
    },
    "12": {
      "summary": "1. How do finance and the financial manager affect a firm's overall strategy?\n2. What types of short-term and long-term expenditures does a firm make?\n3. What are the main sources and costs of unsecured and secured short-term financing?\n4. What are the key differences between debt and equity, and what are the major types and features of long-term debt?\n5. When and how do firms issue equity, and what are the costs?\n6. How do securities markets help firms raise funding, and what securities trade in the capital markets?\n7. Where can investors buy and sell securities, and how are securities markets regulated?\n8. What are the current developments in financial management and the securities markets?\n\nUnit 16: Understanding Financial Management and Securities Market\n\nSWBAT TO ANSWER THESE LEARNING OUTCOMES:\n- How do finance and the financial manager affect a firm’s overall strategy?\n- What types of short-term and long-term expenditures does a firm make?\n- What are the main sources and costs of unsecured and secured short-term financing?\n- What are the key differences between debt and equity, and what are the major types and features of long-term debt?\n- When and how do firms issue equity, and what are the costs?\n- How do securities markets help firms raise funding, and what securities trade in the capital markets?\n- Where can investors buy and sell securities, and how are securities markets regulated?\n- What are the current developments in financial management and the securities markets?\n\nUnit 16 Key Assignments: Build Key Portfolio Stock Project: your Investment Firm has just received $100,000 to invest in 5 stocks"
    },
    "13": {
      "summary": "1. Go to the following stocks for your portfolio:\n- One stock for your portfolio from the Dow Jones Industrial Average stock list (http://money.cnn.com/data/dow30/ (Links to an external site.)),\n- Three stocks from the New York Stock Exchange (www.nyse.com (Links to an external site.) and/or the NASDAQ (www.nasdaq.com (Links to an external site.)),\n- One of the latest initial public offerings (IPO). IPO selections may be no older than April 2019. You can find an IPO via the NYSE, NASDAQ websites or IPOSCOOP.com (Links to an external site.) . (No foreign traded IPO’s, US only.)\n\n2. Write a brief description of the companies you have selected (one paragraph or two per company). Briefly explain the reasoning behind your company selections. Create a chart listing of the companies you have selected, the price per share of each stock, and total amount invested.\n\n---\n\n**Analysis**\n\nMonitor your stocks daily (Monday through Friday). Note the daily closing price of each stock. Graphically display the trends of each stock on a line graph. Discuss the elements of the business environment that may have an impact on the value of your stocks. Discuss the influences that the internal and external environment has on your companies during the observation period. Consider management decisions and/or changes, economic influences, consumer trends, domestic and global competition, political effects, etc. Take note of the dates that these events occurred and corresponding fluctuation of your companies' stock prices. Avoid plagiarism! You should write at least three pages per company.\n\n**Conclusion**\n\nStocks must be sold at close of business on December 6th. Use https://finance.yahoo.com/ (Links to an external site.) for graphs!\n\nProvide a list of each stock, the initial (buy) price per share, the closing (sell) price per share, profit/loss for each company stock and your OVERALL gain or loss for your portfolio (in dollars and percentage). Use the Yahoo Finance graph to plot your five stocks and compare them to the S&P 500 and the Dow Industrial Average, then comment on your stock performance to the indices. Comment on which stock (IPO, DOW, NYSE, NASDAQ) performed best? Which stock performed worst? Write a one-page reflection about what you (the group) learned during this assignment. If you were investing real money, would you invest differently? Why or why not.\n\n**Works Cited Page**\n- Make sure you note your citations and remember to mention them in your report.\n\n-Microsoft Word, Excel & PowerPoint"
    },
    "14": {
      "summary": "2. Students will create their start-up cost list. They will be using economic principles around supply & demand to regulate needs for the company to begin with.\n    - Within the start-up cost list, companies will need to identify all of their resources and itemize the list in terms of real world costs. This will take a significant amount of research to uncover everything that is needed at the beginning of the company that is being created.\n    - Students will examine aspects of responsible business practices, including environmental practices, ethical behavior in the workplace, and employer obligation for creating a safe workplace including the agencies that define safety standards, as well as discuss the many aspects of business privacy and the roles of human resources.\n    - Students will use use critical thinking and problem solving within the lab and project as well as substantial writing, reading, and listening (videos and unit pod-cast).\n    - In the first video, students are introduced to modern businesses and corporations which are often built on greed and corruption rather than ethical practices.\n    - The second video highlights the importance in creating ethical businesses. After viewing each film, students complete questions which target comprehension and understanding of concepts.\n    - Students watch both videos and answer questions for each which seek to challenge critical thinking and analysis of key factors relating to proper ethical practices in business.\n    - Students will be learning and identifying not only the aspects of ethical business practices, but challenged to consider their own views and perspectives concerning ethical behavior. This assignment requires judgement and reflection in order to consider all the possible aspects which influence the “right” way to create and run a business.\n\nOther Key Assignments/Assessments:\n\n*Students will be part of a work-based learning internship with Logistics Partner Amazon and any other Logistics partnered company.\n\nINTEGRATED STANDARDS:\n\nCTE Anchor Standards\n\n1. 3.0 Career Planning and Management Integrate multiple sources of career information from diverse formats to make informed career decisions, solve problems, and manage personal career plans. (Direct alignment with SLS 11-12.2)\n2. 3.4 Research the scope of career opportunities available and the requirements for education, training, certification, and licensure.\n3. 3.9 Develop a career plan that reflects career interests, pathways, and postsecondary option.\n4. 5.1 Identify and ask significant questions that clarify various points of view to solve problems.\n5. 5.1 Identify and ask significant questions that clarify various points of view to solve problems.\n6. 5.4 Interpret information and draw conclusions, based on the best analysi"
    },
    "15": {
      "summary": "5. Speaking and Listening 11/12.2: Integrate multiple sources of information presented in diverse formats and media (e.g., visually, quantitatively, orally) in order to make informed decisions and solve problems, evaluating the credibility and accuracy of each source and noting any discrepancies among the data.\n6. Reading for Informational Text 11/12.3: Analyze a complex set of ideas or sequence of events and explain how specific individuals, ideas, or events interact and develop over the course of the text.\n7. Reading for Informational Text 11/12.4: Determine the meaning of words and phrases as they are used in a text, including figurative, connotative, and technical meanings, analyze how an author uses and refines the meaning of a key term or terms over the course of a text.\n8. Reading for Informational Text 11/12.7: Integrate and evaluate multiple sources of information presented in different media or formats (e.g., visually, quantitatively) as well as in words in order to address a question or solve a problem.\n\nSUMMARY OF ALL KEY ASSIGNMENTS\n\nQUARTER 1:\n\nUNIT 1 Predicting Your Success: TED TALK, GRIT: The Power of Passion and Perseverance; submit a written response on to Google Classroom.\n\nUnit 1 & 2 Team Activity Form five to seven teams. Each team is responsible for one of the sectors of the external business environment discussed in the chapter (economic, political/legal, demographic, social, competitive, global, and technological). (Interpersonal, Resources, Information)\n\nQuiz #1: Twenty core concepts from Unit 1 & 2\n\nCritical Thinking Case Study-- UBER Hits a Bumpy Road.:\n\nUnit 3 & 4 Team Activity Divide the class into teams. Each team should choose a country and research its infrastructure to determine how it will help or hinder trade. Include a variety of countries, ranging from the most highly developed to the least developed. Report your findings. -(Resources, Interpersonal, Information, Technology)\n\nCritical Thinking Case Study-- We Want Our MTV (International)\n\nQuiz #2: Twenty Core Concepts on Unit 3 & 4\n\n...Continued Unit 3 & 4 Team Activity Divide the class into teams. Each team should choose a country and research its infrastructure to determine how it will help or hinder trade. Include a variety of countries, ranging from the most highly developed to the least developed. Report your Findings\n-(Resources, Interpersonal, Information, Technology)\n\nPreparing for Tomorrow's Workplace Skills:\n○ Do you have what it takes to be a successful franchisee?\n\nWorking the Net:\n○ Select three franchises that interest you.\n\nQuARTER 2:\n\nPreparing Working the Net: Business Plan\n○ Visit Sample Business Plans at http://www.bplans.com to review examples of all types of business plans.\n○ Select an idea for a company in a field that interests you and, usi"
    },
    "16": {
      "summary": "0 Research them\n\n---\n\n### QUARTER 3:\n\n#### Preparing for Tomorrow's Workplace Skills Interview\n\n- Are you motivated more by intrinsic rewards (satisfaction, sense of accomplishment, etc.) or by extrinsic rewards (money, bonuses, etc.)? Explain.\n- Interview some friends and classmates to find out what motivates them. Discuss your differences in perspective. (Interpersonal, Information) (Submit to Google Classroom through the provided Graphic Organizer.\n\n**Team Activity**\n- Assemble a team of three to five students. Imagine that you are the management team for a start-up business with limited resources but a need for a highly motivated, skilled workforce.\n\n**Quiz #5:** Comprehension of Twenty Core Concepts from Unit 9 & 10\n\n---\n\n#### Preparing for Tomorrow's Workplace Skills\n\nUse the Google search engine, http://www.google.com, to conduct a search for “supplier information,” and visit the websites of several firms (for example, Walmart, Northrop Grumman, Verizon, etc.). Compare the requirements companies set for their suppliers. How do they differ? How are they similar?\n\n**Preparing for Tomorrow's Workplace Skills**\nPick a small business in your community.\n\n**Preparing for Tomorrow's Workplace Skills**\nPick a specific product that you use frequently, such as a cosmetic or toiletry item, snack food, article of clothing, book, computer program, or video game.\n\n**Using the Net** - Considering a career in marketing?\n\n**Quiz #6-** Comprehension of Twenty Core Concepts from Unit 11 & 12-Think of a product that you use regularly.\n\n**Working the Net**-Visit Industry Week’s website at http://www.industryweek.com. Under Archives, do a search using the search term \"supply-chain management.\"\n\n---\n\n### QUARTER 4:\n\n#### Preparing for Tomorrow's Workplace Skills\n\nTeam Activity: Should companies outsource IT? Some executives believe that IT is too important to outsource and that application service providers don't have a future. Yet spending for ASP subscriptions, MSPs, and other forms of IT outsourcing such as cloud computing continue to grow.\n\n**Working the Net**-Learn more about the CERT Coordination Center (CERT/CC), which serves as a center of internet security expertise.\n\n---\n\n### Unit 15 & Unit 16 Key Assignment:\n\n**Build Key Portfolio Stock Project:** your Investment Firm has just received $100,000 to invest in 5 stocks\n\n**FINAL (Introduced at the Start of 3rd QTR): Your Career in Business**\n\n**PART 1: PERSONAL REFLECTION:**\n\n- How can you enhance your interpersonal skills?\n- Why is learning to plan so important in school and in the real world?\n- What skills should you develop in school that can transfer easily to your professional life and make it a success?\n- What are some strategies that will help you find, keep, and advance in your dream job?\n- What key at"
    },
    "17": {
      "summary": "1. Objective exams and quizzes - problem solving\n2. Objective exams and quizzes - short answer\n3. Objective exams and quizzes\n4. Oral reports\n5. Participation in classroom discussion\n6. Digital\n7. Research projects\n8. Written reports\n\nCourse Materials\n\n| MAINTEXT/DIGITAL | Publish Date: Sep 19, 2018 | Print: ISBN-10: 1-947172-54-9 ISBN-13: 978-1-947172-54-8 |\n|------------------|---------------------------|------------------------------------------------|\n| Introduction to Business from OpenStax, ISBN-10: 1-947172-55-7 | Web Version Last Updated: Jan 21, 2020 | Digital: ISBN-10: 1-947172-55-7 ISBN-13: 978-1-947172-55-5 |\n\nAuthors:\n\nLawrence J. Gitman, San Diego State University - Emeritus\nCarl McDaniel, University of Texas, Arlington\nAmit Shah, Frostburg State University\nMonique Reece\nLinda Koffel, Houston Community College\nBethann Talsma, Davenport University and Grand Rapids Community College\nJames C. Hyatt, University of The Cumberlands\n\nOPTIONAL SECONDARY MATERIALS:\n\nCourse Reader 2: Logistics, a 21st Century Industry; Leo Medina Consulting, 2020.\nAuthor: Leo Medina"
    }
  }
}
