{
  "doc_id": "finalmediafindingspdf-141228031149-conversion-gate02_95.pdf",
  "pages": {
    "1": {
      "summary": "<summary> tags. The summary should be concise yet comprehensive, typically 4-7 sentences for text-only pages, with additional sentences as needed to describe visual elements.\n\nFor visual elements, please use these specific tags:\n- <table_summary> for descriptions of tables\n- <figure_summary> for descriptions of figures, charts, graphs, or diagrams\n- <image_summary> for descriptions of photos, illustrations, or other images\n\nExample structure:\n<summary>\n[Main text content summary here]\n\n<table><table>Nepal Media Landscape 2014National Opinion Survey Wave-III September 2014</table></summary>"
    },
    "2": {
      "summary": "1. Read the page carefully and identify the main topics and key points.\n2. Note any tables, figures, or images and describe them in detail.\n3. Summarize the page's content concisely using the provided tags.\n4. Ensure the summary is well-structured and easy to understand."
    },
    "3": {
      "error": "LLM query failed"
    },
    "4": {
      "summary": " [Textual content]\n:  [Tables]\n:  [Figures]\n:  [Images]\n\nThe provided example uses the following tags:\n- <table_summary>Table 1: [Brief description of what the table shows]</table_summary>\n- <figure_summary>Figure 2: [Brief description of what the figure depicts]</figure_summary>\n- <image_summary>[Brief description of image content]</image_summary>"
    },
    "5": {
      "error": "LLM query failed"
    },
    "6": {
      "summary": "1. Internews is an international non-profit organization whose mission is to empower local media worldwide to give people the news and information they need, the ability to connect and the means to make their voices heard.\n2. Internews provides communities the resources to produce local news and information with integrity and independence. With global expertise and reach, Internews trains both media professionals and citizen journalists, introduces innovative media solutions, increases coverage of vital issues and helps establish policies needed for open access to information. Internews programs create platforms for dialogue and enable informed debate, which bring about social and economic progress.\n3. Internews' commitment to research and evaluation creates effective and sustainable programs, even in the most challenging environments.\n4. Internews operates internationally, with administrative centers in California, Washington DC, and London, as well as regional hubs in Bangkok and Nairobi. Formed in 1982, Internews has worked in more than 90 countries, and currently has offices in Africa, Asia, Europe, the Middle East, Latin America and North America."
    },
    "7": {
      "summary": " [Document title]"
    },
    "8": {
      "summary": "1. We believe that information is a personal, social, and global well-being - as fundamental as food and water.\n2. We work where information flows are restricted and with marginalized and disadvantaged groups who live with poverty, deprivation and illiteracy.\n3. We act where there is opportunity to build healthier and more robust information environments.\n4. We support innovation and emerging ideas that fit local needs and address gaps where markets fail.\n5. We partner with local organizations to develop quality content and ensure people get the right information, at the right time, from sources they trust.\n6. We partner with local organizations to develop quality content and ensure people get the right information, at the right time, from sources they trust."
    },
    "9": {
      "summary": "1.5 percent at a 95 percent confidence level at the national level for wave III. The survey does not claim the same level of precision at either the regional or the district levels.\n\nExperienced field personnel comprising of supervisors and interviewers administered the survey. Prior to their deployment in the field, training was conducted to orient them on the objectives of the survey, their expected roles and responsibilities, survey research methodology and field operation plan, sampling design, survey questionnaires, and things that the field team should consider while undertaking the fieldwork, such as manners and etiquette. In addition, mock test was conducted among enumerators so as to familiarize them with survey questionnaire.\n\nAll of the respondents were aged 18 or above. Multistage sampling technique was employed to determine the sample units representing the national population in the country. In the first stage, a number of districts of Nepal's 75 districts were selected using stratified random sampling to represents the 16 distinct regions defined by Nepal's five development regions and three ecological zones, along with the Kathmandu Valley. In the second stage, simple random sampling technique was used to select proportional numbers of village development committees (VDCs) and municipalities from the sampled districts. In the third stage, wards from the sampled VDCs were selected based on simple random sampling. In the fourth stage, the right-hand rule was employed to select households in each sampled ward. Finally in the fifth stage, a respondent from each household was selected using Kish grid table i.e., a table of random numbers, to ensure that each eligible member in a selected household has an equal chance of being selected.\n\nThe margin of error was +/- 1.8 percent at a 95 percent confidence level at the national level for"
    },
    "10": {
      "summary": "1. Carefully read and analyze the page content.\n2. Identify the main topics, key points, and important details presented on the page.\n3. Note any tables, figures, charts, diagrams, or images on the page and briefly describe their content and purpose.\n4. Create a structured summary that captures:\n   - The essential textual information from the page\n   - Descriptions of any visual elements (tables, figures, images, etc.)\n   - Any particularly notable or unique information\n\nPlease follow these steps to create your summary:\n\n1. Carefully read and analyze the page content.\n2. Identify the main topics, key points, and important details presented on the page.\n3. Note any tables, figures, charts, diagrams, or images on the page and briefly describe their content and purpose.\n4. Create a structured summary that captures:\n   - The essential textual information from the page\n   - Descriptions of any visual elements (tables, figures, images, etc.)\n   - Any particularly notable or unique information\n\nThe sample below shows the religious composition of the sample of three waves.\n\n| Population (%) | Sep. 2014 |\n|----------------|----------|\n| Hinduism       | 81.3     |\n| Buddhism       | 9        |\n| Islam          | 4.4      |\n| Christianity  | 1.4      |\n| Kirat         | 3.1      |\n| Atheist        | 0        |\n| Others         | 0.8      |\n\nTotal: 100\n\nThe sample below shows the religious composition by religion.\n\n| Religion | Total |\n|----------|-------|\n| Muslim  | 100   |\n| Hindu  | 100   |\n| Christian | 100 |\n| Sikh    | 100   |\n| Other  | 100   |\n\nTable 5: Sample composition by settlement pattern"
    },
    "11": {
      "summary": "1. The association of sample by rural and urban settlement of all three waves reflects the actual national figure of 2011 census. Out of total respondents interviewed in three surveys, 83 percent were from rural and 17 percent from urban areas.\n\nThe table below shows the percentage of men and women as per the census of 2011 and the sample for each of the three waves.\n\n| Population (%) | Sep-14 |\n|----------------|--------|\n| Female         | 50.1    |\n| Male           | 49.9    |\n| Total          | 100     |\n\nTable 6: Sample composition by sex\n\nThe composition of the sample in terms of ecological and development regions directly matches that of the general populations in all three waves. The following table indicate the sample distribution of geographic composition.\n\n| Population (%) | Sep-14 |\n|----------------|--------|\n| Mountain       | 6.7     |\n| Hill          | 43      |\n| Tarai          | 50.2    |\n| Total          | 100    |\n\nTable 9: Sample composition by ecological region\n\n| Population (%) | Sep-14 |\n|----------------|--------|\n| Eastern        | 21.9   |\n| Central       | 36.4   |\n| Western       | 18.6   |\n| Mid-Western    | 13.3   |\n| Far-Western    | 9.6    |\n| Total          | 100    |\n\nTable 10: Sample composition by development region\n\nAn overpowering majority of respondents, over 80 percent, were married and one-tenth was unmarried and around 5 percent widow in these three surveys. The disaggregation of the sample by marital status of the respondents is obtainable in the table below.\n\n| Sep-14 |\n|--------|\n| Married  | 86.5  |\n| Unmarried | 8.1  |\n| Widow/widower | 4.9  |\n| Divorced | 0.1  |\n| Separated | 0.3  |\n| Declined | 0    |\n| Total    | 100   |\n\nTable 8: Sample composition by marital status\n\nThe various age groups have been collapsed into four broad age-groups. The age composition of the sample is presented below.\n\n| Age group | Sep-14 |\n|----------|--------|\n| 18-25     | 19.5   |\n| 26-35     | 27     |\n| 36-45     | 21.6   |\n| Above 45   | 31.9   |\n| Total     | 100    |\n\nTable 11: Whether or not a family member is outside the country\n\nBetween 91 and 94 percent reported having a citizenship certificate.\n\n| Feb-14 | Sep-14 |\n|--------|--------|\n| Yes     | 91.4   |\n| No     | 8.4    |\n| DK/CS  | 0.2    |\n| Total  | 100    |\n\nTable 12: Whether or not people have citizenship certificate"
    },
    "12": {
      "error": "LLM query failed"
    },
    "13": {
      "summary": "1. Read the page carefully.\n2. Identify the main topics and key points.\n3. Note any tables, figures, or images.\n4. Create a concise summary that captures the essential content.\n\n## Answer\n\n### Nepali Media Landscape February 2014\n\n<table>CategoryValueTextTable 1Figure 2Image Summary</table>"
    },
    "14": {
      "summary": "4.021 | MULTIPLE RESPONSE\n\nBase: 4.021 | MULTIPLE RESPONSE"
    },
    "15": {
      "error": "LLM query failed"
    },
    "16": {
      "summary": "4.02\nThe base value for the summary is 4.02."
    },
    "17": {
      "summary": "1. Base=1.865\nPERCENTAGE BASED ON MULTIPLE RESPONSE\n\n<table>I DO NOT HAVE A RADIO79%I DO NOT HAVE TIME10%PROGRAM IN RADIO ARE NOT INTERESTING8%MY RADIO IS DAMAGED6%I CANNOT AFFORD RADIO5%I DONT GO TO PLACES WHERE THEY PLAY THE RADIO1%</table>"
    },
    "18": {
      "summary": "1. Read the page carefully and identify the main topics and key points.\n2. Identify the visual elements and describe them concisely.\n3. Use specific tags to describe each type of visual element.\n4. Ensure the summary is concise and coherent, capturing the essence of the page's content."
    },
    "19": {
      "summary": "1852\n: 27% Music Show\n: 62% news\n: 2% Talk Show\n: 2% Announcement\n: 1% Public Hearing\n: 1% Drama"
    },
    "20": {
      "summary": "1852\n: 82%\n: News\n: 13% Sajha Sawal\n: 25% Folk Music\n: 50% Music\n: 10% Religions\n: 5% SSMK\n: 2% Phone in\n: 1% BBC Nepali"
    },
    "21": {
      "summary": "1958. MULTIPLE RESPONSES\n\nBASE = 1958. MULTIPLE RESPONSES\n\n<table>9AM - 6PM12%12%9AM - 6PM12%9AM - 6PM12%9AM - 6PM12%9AM - 6PM12%9AM - 6PM12%9AM - 6PM12%9AM - 6PM12%9AM - 6PM12%9AM - 6PM12%9AM - 6PM12%9AM - 6PM12%9AM - 6PM12%9AM - 6PM12%9AM - 6PM12%9AM - 6PM12%9AM - 6PM12%9AM - 6PM12%9AM - 6PM12%9AM - 6PM12%9AM - 6PM12%9AM - 6PM12%9AM - 6PM12%9AM - 6PM12%9AM - 6PM12%9AM - 6PM12%9AM - 6PM12%9AM - 6PM12%9AM - 6PM12%9AM - 6PM12%9AM - 6PM12%9AM - 6PM12%9AM - 6PM12%9AM - 6PM12%9AM - 6PM12%9AM - 6PM12%9AM - 6PM12%9AM - 6PM12%9AM - 6PM12%9AM - 6PM12%9AM - 6PM12%9AM - 6PM12%9AM - 6PM12%9AM - 6PM12%9AM - 6PM12%9AM - 6PM12%9AM - 6PM12%9AM - 6PM12%9AM - 6PM12%9AM - 6PM12%9AM - 6PM12%9AM - 6PM12%9AM - 6PM12%9AM - 6PM12%9AM - 6PM12%9AM - 6PM12%9AM - 6PM12%9AM - 6PM12%9AM - 6PM12%9AM - 6PM12%9AM - 6PM12%9AM - 6PM12%9AM - 6PM12%9AM - 6PM12%9AM - 6PM12%9AM - 6PM12%9AM - 6PM12%9AM - 6PM12%9AM - 6PM12%9AM - 6PM12%9AM - 6PM12%9AM - 6PM12%9AM - 6PM12%9AM - 6PM12%9AM - 6PM12%9AM - 6PM12%9AM - 6PM12%9AM - 6PM12%9AM - 6PM12%9AM - 6PM12%9AM - 6PM12%9AM - 6PM12%9AM - 6PM12%9AM - 6PM12%9AM - 6PM12%9AM - 6PM12%9AM - 6PM12%9AM - 6PM12%9AM - 6PM12%9AM - 6PM12%9AM - 6PM12%9AM - 6PM12%9AM - 6PM12%9AM - 6PM12%9AM - 6PM12%9AM - 6PM12%9AM - 6PM12%9AM - 6PM12%9AM - 6PM12%9AM - 6PM12%9AM - 6PM12%9AM - 6PM12%9AM - 6PM12%9AM - 6PM12%9AM - 6PM12%9AM - 6PM12%9AM - 6PM12%9AM - 6PM12%9AM - 6PM12%9AM - 6PM12%9AM - 6PM12%9AM - 6PM12%9AM - 6PM12%9AM - 6PM12%9AM - 6PM12%9AM - 6PM12%9AM - 6PM12%9AM - 6PM12%9AM - 6PM12%9AM - 6PM12%9AM - 6PM12%9AM - 6PM12%9AM - 6PM12%9AM - 6PM12%9AM - 6PM12%9AM - 6PM12%9AM - 6PM12%9AM - 6PM12%9AM - 6PM12%9AM - 6PM12%9AM - 6PM12%9AM - 6PM12%9AM - 6PM12%9AM - 6PM12%9AM - 6PM12%9AM - 6PM12%9AM - 6PM12%9AM - 6PM12%9AM - 6PM12%9AM - 6PM12%9AM - 6PM12%9AM - 6PM12%9AM - 6PM12%9AM - 6PM12%"
    },
    "22": {
      "summary": "4.021\n\n<table>PercentageMale58%Female42%Total100%</table>\n\n<table>PercentageNever3%Few times a month59%Everyday12%FEW TIMES A WEEK23%A WEEK62%DONT KNOW11%</table>\n\n<table>Percentage13%EVERYDAY21%FEW TIMES A WEEK6%FEW TIMES A MONTH30%NEVER1%DK/CS</table>\n\n<table>PercentageRURAL19%EVERYDAY11%FEW TIMES A WEEK6%FEW TIMES A MONTH64%NEVER1%DK/CS1%</table>"
    },
    "23": {
      "error": "LLM query failed"
    },
    "24": {
      "summary": "8%\nMDNIGHT-3:00\n9AM-MIDNIGHT\n6PM-9PM\n\n: 7%\n3AM-6AM\n27%\n6AM-9AM\n\n: 10%\nNOON-3PM\n6PM-9PM\n\n: 11%\n9AM-NOON\n6AM-9AM\n9AM-MIDNIGHT\n9PM-MIDNIGHT\n\n: 12%\nMDNIGHT-3:00\n3AM-6AM\n6AM-9AM\n9AM-NOON\nNOON-3PM\n3PM-6PM\n6PM-9PM\n\n: 13%\nMDNIGHT-3:00\n3AM-6AM\n6AM-9AM\n9AM-NOON\nNOON-3PM\n3PM-6PM\n6PM-9PM\n\n: 14%\nMDNIGHT-3:00\n3AM-6AM\n6AM-9AM\n9AM-NOON\nNOON-3PM\n3PM-6PM\n6PM-9PM\n\n: 15%\nMDNIGHT-3:00\n3AM-6AM\n6AM-9AM\n9AM-NOON\nNOON-3PM\n3PM-6PM\n6PM-9PM\n\n: 16%\nMDNIGHT-3:00\n3AM-6AM\n6AM-9AM\n9AM-NOON\nNOON-3PM\n3PM-6PM\n6PM-9PM\n\n: 17%\nMDNIGHT-3:00\n3AM-6AM\n6AM-9AM\n9AM-NOON\nNOON-3PM\n3PM-6PM\n6PM-9PM\n\n: 18%\nMDNIGHT-3:00\n3AM-6AM\n6AM-9AM\n9AM-NOON\nNOON-3PM\n3PM-6PM\n6PM-9PM\n\n: 19%\nMDNIGHT-3:00\n3AM-6AM\n6AM-9AM\n9AM-NOON\nNOON-3PM\n3PM-6PM\n6PM-9PM\n\n: 20%\nMDNIGHT-3:00\n3AM-6AM\n6AM-9AM\n9AM-NOON\nNOON-3PM\n3PM-6PM\n6PM-9PM\n\n: 21%\nMDNIGHT-3:00\n3AM-6AM\n6AM-9AM\n9AM-NOON\nNOON-3PM\n3PM-6PM\n6PM-9PM\n\n: 22%\nMDNIGHT-3:00\n3AM-6AM\n6AM-9AM\n9AM-NOON\nNOON-3PM\n3PM-6PM\n6PM-9PM\n\n: 23%\nMDNIGHT-3:00\n3AM-6AM\n6AM-9AM\n9AM-NOON\nNOON-3PM\n3PM-6PM\n6PM-9PM\n\n: 24%\nMDNIGHT-3:00\n3AM-6AM\n6AM-9AM\n9AM-NOON\nNOON-3PM\n3PM-6PM\n6PM-9PM\n\n: 25%\nMDNIGHT-3:00\n3AM-6AM\n6AM-9AM\n9AM-NOON\nNOON-3PM\n3PM-6PM\n6PM-9PM\n\n: 26%\nMDNIGHT-3:00\n3AM-6AM\n6AM-9AM\n9AM-NOON\nNOON-3PM\n3PM-6PM\n6PM-9PM\n\n: 27%\nMDNIGHT-3:00\n3AM-6AM\n6AM-9AM\n9AM-NOON\nNOON-3PM\n3PM-6PM\n6PM-9PM\n\n: 28%\nMDNIGHT-3:00\n3AM-6AM\n6AM-9AM\n9AM-NOON\nNOON-3PM\n3PM-6PM\n6PM-9PM\n\n: 29%\nMDNIGHT-3:00\n3AM-6AM\n6AM-9AM\n9AM-NOON\nNOON-3PM\n3PM-6PM\n6PM-9PM\n\n: 30%\nMDNIGHT-3:00\n3AM-6AM\n6AM-9AM\n9AM-NOON\nNOON-3PM\n3PM-6PM\n6PM-9PM\n\n: 31%\nMDNIGHT-3:00\n3AM-6AM\n6AM-9AM\n9AM-NOON\nNOON-3PM\n3PM-6PM\n6PM-9PM\n\n: 32%\nMDNIGHT-3:00\n3AM-6AM\n6AM-9AM\n9AM-NOON\nNOON-3PM\n3PM-6PM\n6PM-9PM\n\n: 33%\nMDNIGHT-3:00\n3AM-6AM\n6AM-9AM\n9AM-NOON\nNOON-3PM\n3PM-6PM\n6PM-9PM\n\n: 34%\nMDNIGHT-3:00\n3AM-6AM\n6AM-9AM\n9AM-NOON\nNOON-3PM\n3PM-6PM\n6PM-9PM\n\n: 35%\nMDNIGHT-3:00\n3AM-6AM\n6AM-9AM\n9AM-NOON\nNOON-3PM\n3PM-6PM\n6PM-9PM\n\n: 36%\nMDNIGHT-3:00\n3AM-6AM\n6AM-9AM\n9AM-NOON\nNOON-3PM\n3PM-6PM\n6PM-9PM\n\n: 37%\nMDNIGHT-3:00\n3AM-6AM\n6AM-9AM\n9AM-NOON\nNOON-3PM\n3PM-6PM\n6PM-9PM\n\n: 38%\nMDNIGHT-3:00\n3AM-6AM\n6AM-9AM\n9AM-NOON\nNOON-3PM\n3PM-6PM\n6PM-9PM\n\n: 39%\nMDNIGHT-3:00\n3AM-6AM\n6AM-9AM\n9AM-NOON\nNOON-3PM\n3PM-6PM\n6PM-9PM\n\n: 40%\nMDNIGHT-3:00\n3AM-6AM\n6AM-9AM\n9AM-NOON\nNOON-3PM\n3PM-6PM\n6PM-9PM\n\n: 41%\nMDNIGHT-3:00\n3AM-6AM\n6AM-9AM\n9AM-NOON\nNOON-3PM\n3PM-6PM\n6PM-9PM\n\n: 42%\nMDNIGHT-3:00\n3AM-6AM\n6AM-9AM\n9AM-NOON\nNOON-3PM\n3PM-6PM\n6PM-9PM\n\n: 43%\nMDNIGHT-3:00\n3AM-6AM\n6AM-9AM\n9AM-NOON\nNOON-3PM\n3PM-6PM\n6PM-9PM\n\n: 44%\nMDNIGHT-3:00\n3AM-6AM\n6AM-9AM\n9AM-NOON\nNOON-3PM\n3PM-6PM\n6PM-9PM\n\n: 45%\nMDNIGHT-3:00\n3AM-6AM\n6AM-9AM\n9AM-NOON\nNOON-3PM\n3PM-6PM\n6PM-9PM\n\n: 46%\nMDNIGHT-3:00\n3AM-6AM\n6AM-9AM\n9AM-NOON\nNOON-3PM\n3PM-6PM\n6PM-9PM\n\n: 47%\nMDNIGHT-3:00\n3AM-6AM\n6AM-9AM\n9AM-NOON\nNOON-3PM\n3PM-6PM\n6PM-9PM\n\n: 48%\nMDNIGHT-3:00\n3AM-6AM\n6AM-9AM\n9AM-NOON\nNOON-3PM\n3PM-6PM\n6PM-9PM\n\n: 49%\nMDNIGHT-3:00\n3AM-6AM\n6AM-9AM\n9AM-NOON\nNOON-3PM\n3PM-6PM\n6PM-9PM\n\n: "
    },
    "25": {
      "summary": "4.021 BASE=4.021"
    },
    "26": {
      "summary": "4.021\n\n<table>PercentageYes?89.5%DONT KNOW8.5%2%6%92%2%21%77 %2%2%2%2%2%2%2%2%2%2%2%2%2%2%2%2%2%2%2%2%2%2%2%2%2%2%2%2%2%2%2%2%2%2%2%2%2%2%2%2%2%2%2%2%2%2%2%2%2%2%2%2%2%2%2%2%2%2%2%2%2%2%2%2%2%2%2%2%2%2%2%2%2%2%2%2%2%2%2%2%2%2%2%2%2%2%2%2%2%2%2%2%2%2%2%2%2%2%2%2%2%2%2%2%2%2%2%2%2%2%2%2%2%2%2%2%2%2%2%2%2%2%2%2%2%2%2%2%2%2%2%2%2%2%2%2%2%2%2%2%2%2%2%2%2%2%2%2%2%2%2%2%2%2%2%2%2%2%2%2%2%2%2%2%2%2%2%2%2%2%2%2%2%2%2%2%2%2%2%2%2%2%2%2%2%2%2%2%2%2%2%2%2%2%2%2%2%2%2%2%2%2%2%2%2%2%2%2%2%2%2%2%2%2%2%2%2%2%2%2%2%2%2%2%2%2%2%2%2%2%2%2%2%2%2%2%2%2%2%2%2%2%2%2%2%"
    },
    "27": {
      "summary": "1. Carefully read and analyze the page content.\n2. Identify the main topics, key points, and important details presented on the page.\n3. Note any tables, figures, charts, diagrams, or images on the page and briefly describe their content and purpose.\n4. Create a structured summary that captures:\n   - The essential textual information from the page\n   - Descriptions of any visual elements (tables, figures, images, etc.)\n   - Any particularly notable or unique information\n\nPlease follow these steps to create your summary:\n\n1. Carefully read and analyze the page content.\n2. Identify the main topics, key points, and important details presented on the page.\n3. Note any tables, figures, charts, diagrams, or images on the page and briefly describe their content and purpose.\n4. Create a structured summary that captures:\n   - The essential textual information from the page\n   - Descriptions of any visual elements (tables, figures, images, etc.)\n   - Any particularly notable or unique information\n\nPresent your summary within <summary> tags. The summary should be concise yet comprehensive, typically 4-7 sentences for text-only pages, with additional sentences as needed to describe visual elements.\n\nFor visual elements, please use these specific tags:\n<table><tr><td>LITERATE</td><PRIMARY</td><LOWER SEC</td><SEC.</td><SLC</td><INTER</td><BACHELOR</td><MASTER & ABOVE</td></tr><tr><td>1%</td><3%</td><11%</td><17%</td><48%</td><49%</td><70%</td><73%</td></tr></table>"
    },
    "28": {
      "summary": "493\n\nThe provided HTML code represents a basic HTML document structure. To accurately summarize this page, you would need to replace the placeholder text with the actual content of the page. For example:\n```html\n<html>\n<head>\n    <title>Page Title</title>\n</head>\n<body>\n    <h1>Page Header</h1>\n    <p>This is a sample paragraph.</p>\n    <ul>\n        <li>Item 1</li>\n        <li>Item 2</li>\n        <li>Item 3</li>\n    </ul>\n    <img src=\"image.jpg\" alt=\"Image Description\">\n    <a href=\"link\">Link Text</a>\n</body>\n</html>\n```\nIn this example, the HTML code defines a basic webpage structure with a title, header, and body containing an unordered list and an image. The summary should focus on extracting and describing the main content, tables, figures, and images present on the page."
    },
    "29": {
      "summary": "4.021 BASE=4.021"
    },
    "30": {
      "summary": "1: [Base number]\n: 2: [Base number]\n: 3: [Base number]\n: 4: [Base number]\n: 5: [Base number]\n: 6: [Base number]\n: 7: [Base number]\n: 8: [Base number]\n: 9: [Base number]\n: 10: [Base number]\n: 11: [Base number]\n: 12: [Base number]\n: 13: [Base number]\n: 14: [Base number]\n: 15: [Base number]\n: 16: [Base number]\n: 17: [Base number]\n: 18: [Base number]\n: 19: [Base number]\n: 20: [Base number]\n: 21: [Base number]\n: 22: [Base number]\n: 23: [Base number]\n: 24: [Base number]\n: 25: [Base number]\n: 26: [Base number]\n: 27: [Base number]\n: 28: [Base number]\n: 29: [Base number]\n: 30: [Base number]\n: 31: [Base number]\n: 32: [Base number]\n: 33: [Base number]\n: 34: [Base number]\n: 35: [Base number]\n: 36: [Base number]\n: 37: [Base number]\n: 38: [Base number]\n: 39: [Base number]\n: 40: [Base number]\n: 41: [Base number]\n: 42: [Base number]\n: 43: [Base number]\n: 44: [Base number]\n: 45: [Base number]\n: 46: [Base number]\n: 47: [Base number]\n: 48: [Base number]\n: 49: [Base number]\n: 50: [Base number]\n: 51: [Base number]\n: 52: [Base number]\n: 53: [Base number]\n: 54: [Base number]\n: 55: [Base number]\n: 56: [Base number]\n: 57: [Base number]\n: 58: [Base number]\n: 59: [Base number]\n: 60: [Base number]\n: 61: [Base number]\n: 62: [Base number]\n: 63: [Base number]\n: 64: [Base number]\n: 65: [Base number]\n: 66: [Base number]\n: 67: [Base number]\n: 68: [Base number]\n: 69: [Base number]\n: 70: [Base number]\n: 71: [Base number]\n: 72: [Base number]\n: 73: [Base number]\n: 74: [Base number]\n: 75: [Base number]\n: 76: [Base number]\n: 77: [Base number]\n: 78: [Base number]\n: 79: [Base number]\n: 80: [Base number]\n: 81: [Base number]\n: 82: [Base number]\n: 83: [Base number]\n: 84: [Base number]\n: 85: [Base number]\n: 86: [Base number]\n: 87: [Base number]\n: 88: [Base number]\n: 89: [Base number]\n: 90: [Base number]\n: 91: [Base number]\n: 92: [Base number]\n: 93: [Base number]\n: 94: [Base number]\n: 95: [Base number]\n: 96: [Base number]\n: 97: [Base number]\n: 98: [Base number]\n: 99: [Base number]\n: 100: [Base number]\n: 101: [Base number]\n: 102: [Base number]\n: 103: [Base number]\n: 104: [Base number]\n: 105: [Base number]\n: 106: [Base number]\n: 107: [Base number]\n: 108: [Base number]\n: 109: [Base number]\n: 110: [Base number]\n: 111: [Base number]\n: 112: [Base number]\n: 113: [Base number]\n: 114: [Base number]\n: 115: [Base number]\n: 116: [Base number]\n: 117: [Base number]\n: 118: [Base number]\n: 119: [Base number]\n: 120: [Base number]\n: 121: [Base number]\n: 122: [Base number]\n: 123: [Base number]\n: 124: [Base number]\n: 125: [Base number]\n: 126: [Base number]\n: 127: [Base number]\n: 128: [Base number]\n: 129: [Base number]\n: 130: [Base number]\n: 131: [Base number]\n: 132: [Base number]\n: 133: [Base number]\n: 134: [Base number]\n: 135: [Base number]\n: 136: [Base number]\n: 137: [Base number]\n: 138: [Base number]\n: 139: [Base"
    },
    "31": {
      "summary": "1958, MULTIPLE RESPONSES, BASE = 40%, SOMEWHAT RELIABLE/TRUSTWORTHY, BASE = 33%, DON'T KNOW, NEWSPAPER, 49%, VERY RELIABLE/TRUSTWORTHY, BASE = 4021, NOT RELIABLE/TRUSTWORTHY, 46%, SOMEWHAT RELIABLE/TRUSTWORTHY, BASE = 22%, VERY RELIABLE/TRUSTWORTHY, RADIO, 54%, VERY RELIABLE/TRUSTWORTHY, BASE = 41%, SOMEWHAT RELIABLE/TRUSTWORTHY, 2%, DON'T KNOW, 2%, NOT RELIABLE/TRUSTWORTHY, BASE = 2148, 2%, DONT KNOW, 2%, NOT RELIABLE/TRUSTWORTHY, BASE = 2%, DON'T KNOW, 2%, NOT RELIABLE/TRUSTWORTHY, BASE = 2%, DON'T KNOW, 2%, NOT RELIABLE/TRUSTWORTHY, BASE = 2%, DON'T KNOW, 2%, NOT RELIABLE/TRUSTWORTHY, BASE = 2%, DON'T KNOW, 2%, NOT RELIABLE/TRUSTWORTHY, BASE = 2%, DON'T KNOW, 2%, NOT RELIABLE/TRUSTWORTHY, BASE = 2%, DON'T KNOW, 2%, NOT RELIABLE/TRUSTWORTHY, BASE = 2%, DON'T KNOW, 2%, NOT RELIABLE/TRUSTWORTHY, BASE = 2%, DON'T KNOW, 2%, NOT RELIABLE/TRUSTWORTHY, BASE = 2%, DON'T KNOW, 2%, NOT RELIABLE/TRUSTWORTHY, BASE = 2%, DON'T KNOW, 2%, NOT RELIABLE/TRUSTWORTHY, BASE = 2%, DON'T KNOW, 2%, NOT RELIABLE/TRUSTWORTHY, BASE = 2%, DON'T KNOW, 2%, NOT RELIABLE/TRUSTWORTHY, BASE = 2%, DON'T KNOW, 2%, NOT RELIABLE/TRUSTWORTHY, BASE = 2%, DON'T KNOW, 2%, NOT RELIABLE/TRUSTWORTHY, BASE = 2%, DON'T KNOW, 2%, NOT RELIABLE/TRUSTWORTHY, BASE = 2%, DON'T KNOW, 2%, NOT RELIABLE/TRUSTWORTHY, BASE = 2%, DON'T KNOW, 2%, NOT RELIABLE/TRUSTWORTHY, BASE = 2%, DON'T KNOW, 2%, NOT RELIABLE/TRUSTWORTHY, BASE = 2%, DON'T KNOW, 2%, NOT RELIABLE/TRUSTWORTHY, BASE = 2%, DON'T KNOW, 2%, NOT RELIABLE/TRUSTWORTHY, BASE = 2%, DON'T KNOW, 2%, NOT RELIABLE/TRUSTWORTHY, BASE = 2%, DON'T KNOW, 2%, NOT RELIABLE/TRUSTWORTHY, BASE = 2%, DON'T KNOW, 2%, NOT RELIABLE/TRUSTWORTHY, BASE = 2%, DON'T KNOW, 2%, NOT RELIABLE/TRUSTWORTHY, BASE = 2%, DON'T KNOW, 2%, NOT RELIABLE/TRUSTWORTHY, BASE = 2%, DON'T KNOW, 2%, NOT RELIABLE/TRUSTWORTHY, BASE = 2%, DON'T KNOW, 2%, NOT RELIABLE/TRUSTWORTHY, BASE = 2%, DON'T KNOW, 2%, NOT RELIABLE/TRUSTWORTHY, BASE = 2%, DON'T KNOW, 2%, NOT RELIABLE/TRUSTWORTHY, BASE = 2%, DON'T KNOW, 2%, NOT RELIABLE/TRUSTWORTHY, BASE = 2%, DON'T KNOW, 2%, NOT RELIABLE/TRUSTWORTHY, BASE = 2%, DON'T KNOW, 2%, NOT RELIABLE/TRUSTWORTHY, BASE = 2%, DON'T KNOW, 2%, NOT RELIABLE/TRUSTWORTHY, BASE = 2%, DON'T KNOW, 2%, NOT RELIABLE/TRUSTWORTHY, BASE = 2%, DON'T KNOW, 2%, NOT RELIABLE/TRUSTWORTHY, BASE = 2%, DON'T KNOW, 2%, NOT RELIABLE/TRUSTWORTHY, BASE = 2%, DON'T KNOW, 2%, NOT RELIABLE/TRUSTWORTHY, BASE = 2%, DON'T KNOW, 2%, NOT RELIABLE/TRUSTWORTHY, BASE = 2%, DON'T KNOW, 2%, NOT RELIABLE/TRUSTWORTHY, BASE = 2%, DON'T KNOW, 2%, NOT RELIABLE/TRUSTWORTHY, BASE = 2%, DON'T KNOW, 2%, NOT RELIABLE/TRUSTWORTHY, BASE = 2%, DON'T KNOW, 2%, NOT RELIABLE/TRUSTWORTHY, BASE = 2%, DON'T KNOW, 2%, NOT RELIABLE/TRUSTWORTHY, BASE = 2%, DON'T KNOW, 2%, NOT RELIABLE/TRUSTWORTHY, BASE = 2%, DON'T KNOW, 2%, NOT R"
    },
    "32": {
      "summary": "4/10\nCALLING VIA MOBILEPHONE 1%\nFRIENDS AND FAMILY 24%\nNEWSPAPER/MAGAZINES 7%\nINTERNET 7%\nRADIO 39%\nTV 39%\n\n32"
    },
    "33": {
      "summary": "1353\n: 31%\n: 10%\n: 5%\n: 3%\n: 1%\n\nNEWS ABOUT OWN DISTRICT/REGION\nNEWS ABOUT LOCAL COMMUNITY\nNEWS ABOUT OWN RETAIL/TV/NEWSPAPERS?\nNEWS ABOUT OWN RADIO/TV/NEWSPAPERS?\n\n33"
    },
    "34": {
      "summary": "1. Read the page carefully.\n2. Identify the main topics and key points.\n3. Note any tables, figures, or images.\n4. Create a concise summary that captures the main content and visual elements."
    },
    "35": {
      "summary": "39% | : 47% | : 3% | : 6% | : 5%\n\n: 39% | : 47% | : 3% | : 6% | : 5%\n\n: 39% | : 47% | : 3% | : 6% | : 5%\n\n: 39% | : 47% | : 3% | : 6% | : 5%\n\n: 39% | : 47% | : 3% | : 6% | : 5%\n\n: 39% | : 47% | : 3% | : 6% | : 5%\n\n: 39% | : 47% | : 3% | : 6% | : 5%\n\n: 39% | : 47% | : 3% | : 6% | : 5%\n\n: 39% | : 47% | : 3% | : 6% | : 5%\n\n: 39% | : 47% | : 3% | : 6% | : 5%\n\n: 39% | : 47% | : 3% | : 6% | : 5%\n\n: 39% | : 47% | : 3% | : 6% | : 5%\n\n: 39% | : 47% | : 3% | : 6% | : 5%\n\n: 39% | : 47% | : 3% | : 6% | : 5%\n\n: 39% | : 47% | : 3% | : 6% | : 5%\n\n: 39% | : 47% | : 3% | : 6% | : 5%\n\n: 39% | : 47% | : 3% | : 6% | : 5%\n\n: 39% | : 47% | : 3% | : 6% | : 5%\n\n: 39% | : 47% | : 3% | : 6% | : 5%\n\n: 39% | : 47% | : 3% | : 6% | : 5%\n\n: 39% | : 47% | : 3% | : 6% | : 5%\n\n: 39% | : 47% | : 3% | : 6% | : 5%\n\n: 39% | : 47% | : 3% | : 6% | : 5%\n\n: 39% | : 47% | : 3% | : 6% | : 5%\n\n: 39% | : 47% | : 3% | : 6% | : 5%\n\n: 39% | : 47% | : 3% | : 6% | : 5%\n\n: 39% | : 47% | : 3% | : 6% | : 5%\n\n: 39% | : 47% | : 3% | : 6% | : 5%\n\n: 39% | : 47% | : 3% | : 6% | : 5%\n\n: 39% | : 47% | : 3% | : 6% | : 5%\n\n: 39% | : 47% | : 3% | : 6% | : 5%\n\n: 39% | : 47% | : 3% | : 6% | : 5%\n\n: 39% | : 47% | : 3% | : 6% | : 5%\n\n: 39% | : 47% | : 3% | : 6% | : 5%\n\n: 39% | : 47% | : 3% | : 6% | : 5%\n\n: 39% | : 47% | : 3% | : 6% | : 5%\n\n: 39% | : 47% | : 3% | : 6% | : 5%\n\n: 39% | : 47% | : 3% | : 6% | : 5%\n\n: 39% | : 47% | : 3% | : 6% | : 5%\n\n: 39% | : 47% | : 3% | : 6% | : 5%\n\n: 39% | : 47% | : 3% | : 6% | : 5%\n\n: 39% | : 47% | : 3% | : 6% | : 5%\n\n: 39% | : 47% | : 3% | : 6% | : 5%\n\n: 39% | : 47% | : 3% | : 6% | : 5%\n\n: 39% | : 47% | : 3% | : 6% | : 5%\n\n: 39% | : 47% | : 3% | : 6% | : 5%\n\n: 39% | : 47% | : 3% | : 6% | : 5%\n\n: 39% | : 47% | : 3% | : 6% | : 5%\n\n: 39% | : 47% | : 3% | : 6% | : 5%\n\n: 39% | : 47% | : 3% | : 6% | : 5%\n\n: 39% | : 47% | : 3% | : 6% | : 5%\n\n: 39% | : 47% | : 3% | : 6% | : 5%\n\n: 39% | : 47% | : 3% | : 6% | : 5%\n\n: 39% | : 47% | : 3% | : 6% | : 5%\n\n: 39% | : 47% | : 3% | : 6% | : 5%\n\n: 39% | : 47% | : 3% | : 6% | : 5%\n\n: 39% | : 47% | : 3% | : 6% | : 5%\n\n: 39% | : 47% | : 3% | : 6% | : 5%\n\n: 39% | : 47% | : 3% | : 6% | : 5%\n\n: 39% | : 47% | : 3% | : 6% | : 5%\n\n: 39% | : 47% | : 3% | : 6% | : 5%\n\n: 39% | : 47% | : 3% | : 6% | : 5%\n\n: 39% | : 47% | : 3% | : 6% | : 5%\n\n: 39% | : 47% | : 3% | : 6% | : 5%\n\n: 39% | : 47% | : 3% | : 6% | : 5%\n\n: 39% | : 47% | : 3% | : 6% | : 5%\n\n: 39% | : 47% | : 3% | : 6% | : 5%\n\n: 39% | : 47% | : 3% | : 6% | : 5%\n\n: 39% | : 47% | : 3% | : 6% | : 5%\n\n: 39% | : 47% | : 3% | : 6% | : 5%\n\n: 39% | : 47% | : 3% | : 6% | : 5%\n\n: 39% | : 47% | : 3% | : 6% | : 5%\n\n: 39% | : 47% | : 3% | : 6% | : 5%\n\n: 39% | : 47% | : 3% | : 6% | : 5%\n\n: 39% | : 47% | : 3% | : 6% | : 5%\n\n: 39% | : 47% | : 3% | : 6% | : 5%\n\n: 39% | : 47% | : 3% | : 6% | : 5%\n\n: 39% | : 47% | : 3% | : 6% | "
    },
    "36": {
      "summary": "1. Carefully read and analyze the page content.\n2. Identify the main topics, key points, and important details presented on the page.\n3. Note any tables, figures, charts, diagrams, or images on the page and briefly describe their content and purpose.\n4. Create a structured summary that captures:\n   - The essential textual information from the page\n   - Descriptions of any visual elements (tables, figures, images, etc.)\n   - Any particularly notable or unique information\n\nPlease follow these steps to create your summary:\n\n1. Carefully read and analyze the page content.\n2. Identify the main topics, key points, and important details presented on the page.\n3. Note any tables, figures, charts, diagrams, or images on the page and briefly describe their content and purpose.\n4. Create a structured summary that captures:\n   - The essential textual information from the page\n   - Descriptions of any visual elements (tables, figures, images, etc.)\n   - Any particularly notable or unique information\n\nPresent your summary within <summary> tags. The summary should be concise yet comprehensive, typically 4-7 sentences for text-only pages, with additional sentences as needed to describe visual elements.\n\nFor visual elements, please use these specific tags:\n<table_summary>Table 1: [Brief description of what the table shows]</table_summary>\n\n<figure_summary>Figure 2: [Brief description of what the figure depicts]</figure_summary>\n\n<image_summary>[Brief description of image content]</image_summary>\n\nEnsure your summary is clear, coherent, and well-organized, capturing the essence of both textual and visual information on the page without omitting critical details.\n\n: 1. Carefully read and analyze the page content.\n2. Identify the main topics, key points, and important details presented on the page.\n3. Note any tables, figures, charts, diagrams, or images on the page and briefly describe their content and purpose.\n4. Create a structured summary that captures:\n   - The essential textual information from the page\n   - Descriptions of any visual elements (tables, figures, images, etc.)\n   - Any particularly notable or unique information\n\nPlease follow these steps to create your summary:\n\n1. Carefully read and analyze the page content.\n2. Identify the main topics, key points, and important details presented on the page.\n3. Note any tables, figures, charts, diagrams, or images on the page and briefly describe their content and purpose.\n4. Create a structured summary that captures:\n   - The essential textual information from the page\n   - Descriptions of any visual elements (tables, figures, images, etc.)\n   - Any particularly notable or unique information\n\nPresent your summary within <summary> tags. The summary should be concise yet comprehensive, typically 4-7 sentences for "
    },
    "37": {
      "summary": "1. Carefully read and analyze the page content.\n2. Identify the main topics, key points, and important details presented on the page.\n3. Note any tables, figures, charts, diagrams, or images on the page and briefly describe their content and purpose.\n4. Create a structured summary that captures:\n   - The essential textual information from the page\n   - Descriptions of any visual elements (tables, figures, images, etc.)\n   - Any particularly notable or unique information\n\nPlease follow these steps to create your summary:\n\n1. Carefully read and analyze the page content.\n2. Identify the main topics, key points, and important details presented on the page.\n3. Note any tables, figures, charts, diagrams, or images on the page and briefly describe their content and purpose.\n4. Create a structured summary that captures:\n   - The essential textual information from the page\n   - Descriptions of any visual elements (tables, figures, images, etc.)\n   - Any particularly notable or unique information\n\nPresent your summary within <summary> tags. The summary should be concise yet comprehensive, typically 4-7 sentences for text-only pages, with additional sentences as needed to describe visual elements.\n\nFor visual elements, please use these specific tags:\n<table_summary>Table 1: [Brief description of what the table shows]</table_summary>\n\n<figure_summary>Figure 2: [Brief description of what the figure depicts]</figure_summary>\n\n<image_summary>[Brief description of image content]</image_summary>\n\nEnsure your summary is clear, coherent, and well-organized, capturing the essence of both textual and visual information on the page without omitting critical details.\n\n: 1. Carefully read and analyze the page content.\n2. Identify the main topics, key points, and important details presented on the page.\n3. Note any tables, figures, charts, diagrams, or images on the page and briefly describe their content and purpose.\n4. Create a structured summary that captures:\n   - The essential textual information from the page\n   - Descriptions of any visual elements (tables, figures, images, etc.)\n   - Any particularly notable or unique information"
    },
    "38": {
      "summary": "<summary> tags. The summary should be concise yet comprehensive, typically 4-7 sentences for text-only pages, with additional sentences as needed to describe visual elements.\n\nFor visual elements, please use these specific tags:\n- <table_summary> for descriptions of tables\n- <figure_summary> for descriptions of figures, charts, graphs, or diagrams\n- <image_summary> for descriptions of photos, illustrations, or other images\n\nExample structure:\n<summary>\n[Main text content summary here]\n\n<table><table>32%15%8%23%</table></summary>"
    },
    "39": {
      "summary": "1. Carefully read and analyze the page content.\n2. Identify the main topics, key points, and important details presented on the page.\n3. Note any tables, figures, charts, diagrams, or images on the page and briefly describe their content and purpose.\n4. Create a structured summary that captures:\n   - The essential textual information from the page\n   - Descriptions of any visual elements (tables, figures, images, etc.)\n   - Any particularly notable or unique information\n\nPlease follow these steps to create your summary:\n\n1. Carefully read and analyze the page content.\n2. Identify the main topics, key points, and important details presented on the page.\n3. Note any tables, figures, charts, diagrams, or images on the page and briefly describe their content and purpose.\n4. Create a structured summary that captures:\n   - The essential textual information from the page\n   - Descriptions of any visual elements (tables, figures, images, etc.)\n   - Any particularly notable or unique information\n\nPresent your summary within <summary> tags. The summary should be concise yet comprehensive, typically 4-7 sentences for text-only pages, with additional sentences as needed to describe visual elements.\n\nFor visual elements, please use these specific tags:\n<table_summary>Table 1: [Brief description of what the table shows]</table_summary>\n\n<figure_summary>Figure 2: [Brief description of what the figure depicts]</figure_summary>\n\n<image_summary>[Brief description of image content]</image_summary>\n\nEnsure your summary is clear, coherent, and well-organized, capturing the essence of both textual and visual information on the page without omitting critical details.\n\n: 1. Carefully read and analyze the page content.\n2. Identify the main topics, key points, and important details presented on the page.\n3. Note any tables, figures, charts, diagrams, or images on the page and briefly describe their content and purpose.\n4. Create a structured summary that captures:\n   - The essential textual information from the page\n   - Descriptions of any visual elements (tables, figures, images, etc.)\n   - Any particularly notable or unique information\n\nPlease follow these steps to create your summary:\n\n1. Carefully read and analyze the page content.\n2. Identify the main topics, key points, and important details presented on the page.\n3. Note any tables, figures, charts, diagrams, or images on the page and briefly describe their content and purpose.\n4. Create a structured summary that captures:\n   - The essential textual information from the page\n   - Descriptions of any visual elements (tables, figures, images, etc.)\n   - Any particularly notable or unique information\n\nPresent your summary within <summary> tags. The summary should be concise yet comprehensive, typically 4-7 sentences for "
    },
    "40": {
      "summary": "46% | 32% | 9% | 7%\n\n40"
    },
    "41": {
      "summary": "1. Carefully read and analyze the page content.\n2. Identify the main topics, key points, and important details presented on the page.\n3. Note any tables, figures, charts, diagrams, or images on the page and briefly describe their content and purpose.\n4. Create a structured summary that captures:\n   - The essential textual information from the page\n   - Descriptions of any visual elements (tables, figures, images, etc.)\n   - Any particularly notable or unique information\n\nPresent your summary within <summary> tags. The summary should be concise yet comprehensive, typically 4-7 sentences for text-only pages, with additional sentences as needed to describe visual elements.\n\nFor visual elements, please use these specific tags:\n- <table_summary> for descriptions of tables\n- <figure_summary> for descriptions of figures, charts, graphs, or diagrams\n- <image_summary> for descriptions of photos, illustrations, or other images\n\nExample structure:\n<summary>\n[Main text content summary here]\n\n<table><table>24%15%11%7%</table></table>\n\n41"
    },
    "42": {
      "summary": "<summary> tags. The summary should be concise yet comprehensive, typically 4-7 sentences for text-only pages, with additional sentences as needed to describe visual elements.\n\nFor visual elements, please use these specific tags:\n- <table_summary> for descriptions of tables\n- <figure_summary> for descriptions of figures, charts, graphs, or diagrams\n- <image_summary> for descriptions of photos, illustrations, or other images\n\nExample structure:\n<summary>\n[Main text content summary here]\n\n<table><table>8%8%10%4%</table></summary>"
    },
    "43": {
      "summary": " [Include a link to the original document if available, but avoid including it in the summary itself.]"
    },
    "44": {
      "summary": "<summary> tags. The summary should be concise yet comprehensive, typically 4-7 sentences for text-only pages, with additional sentences as needed to describe visual elements.\n\nFor visual elements, please use these specific tags:\n- <table_summary> for descriptions of tables\n- <figure_summary> for descriptions of figures, charts, graphs, or diagrams\n- <image_summary> for descriptions of photos, illustrations, or other images\n\nExample structure:\n<summary>\n[Main text content summary here]\n\n<table_summary>Table 1: [Brief description of what the table shows]</table_summary>\n\n<figure_summary>Figure 2: [Brief description of what the figure depicts]</figure_summary>\n\n<image_summary>[Brief description of image content]</image_summary>\n</summary>"
    }
  }
}
