{
  "doc_id": "germanwingsdigitalcrisisanalysis-150403064828-conversion-gate01_95.pdf",
  "pages": {
    "1": {
      "summary": " GERMANWINGS 9525: THE FIRST 6 HOURS\nDIGITAL CRISIS ANALYSIS\n25-03-2015\nBRENDAN HODGSON + AHMED ALSHARIQI\n\nHILL+KNOWLTON STRATEGIES"
    },
    "2": {
      "summary": "24th of March 2015\n\nGermanwings 4u9525\n\nMassif des Trois-Évêches\n\n10:45 CET (Estimate)\n\n150\n\nAirbus A320"
    },
    "3": {
      "summary": "4. Analysis Parameters:\n+ First 6 hours following crash - 24-May-2015 (approx. 11:00 - 17:00 CET)\n+ Supplemented by 24 hour refresh - 11AM CET - 25-May-2015\n+ Timestamps included in this document are estimates only.\n+ NOTE: this analysis is not intended as a critique of the response efforts of any involved party"
    },
    "4": {
      "summary": " As seen during previous incidents, including the Costa Concordia incident (2012), the Asiana Airlines crash at SFO (2013), and more recent aviation disasters, the role of social platforms as back-ups to a company's corporate site has become increasingly important. The catastrophic failure of the Germanwings website in the initial hours continues to reinforce the importance of having social platforms in place and an impetus to consider and review existing infrastructure.\n\nHowever, unlike Asiana Airlines, where citizen-generated visuals largely drove the media agenda during the first hours, the immediate lack of visuals transformed this quickly into a media-driven story.\n\nThe actions taken by three of the key players – Germanwings, Lufthansa and Airbus – to quickly adapt the visual appearance of their website and their social platforms highlights the importance of having clear protocols in place for coordinated brand management in times of catastrophic crisis.\n\nThe decision by parent company Lufthansa not to adapt/update its corporate website (or oversight in doing so) in the early hours of the crisis highlights a dilemma facing brands associated with it, yet separate from, the affected brand. It suggests the question: Was it Lufthansa’s responsibility as the parent company to support or reflect the public mood in the early hours of the crisis?\n\nThe increasing integration of social “outputs” into real-time media stories e.g. tweets or Instagram images etc. further highlights the importance of these channels as opportunities to insert corporate messages into the unfolding narrative.\n\nAs always, visuals remain a powerful accelerator for social amplification in times of crisis.\n\nClick the links for additional analysis of previous incidents: Costa Concordia, Asiana Airlines 214, US Airways 1549 or visit http://www.slideshare.net/Brendan"
    },
    "5": {
      "summary": "<summary> tags. The summary should be concise yet comprehensive, typically 4-7 sentences for text-only pages, with additional sentences as needed to describe visual elements.\n\nFor visual elements, please use these specific tags:\n- <table_summary> for descriptions of tables\n- <figure_summary> for descriptions of figures, charts, graphs, or diagrams\n- <image_summary> for descriptions of photos, illustrations, or other images\n\nExample structure:\n<summary>\n[Main text content summary here]\n\n<table><table>Table 1: [Brief description of what the table shows]Table 2: [Brief description of what the table shows]</table></summary>"
    },
    "6": {
      "summary": " Within the first 60 minutes:\n\n+ Germanwings issues first tweet acknowledging incident & issues update to Facebook\n\n+ At the same time, Germanwings website crashes – remains inaccessible for approx. 2 hours\n\n+ No change to brand colours/logo on social platforms at this time\n\n(Germanwings.com site)\n\n(Telegram)\nPlease monitor our website for periodic updates.\n\nAs soon as definite information is available, we shall inform the media immediately.\n\nINFO: We have recently become aware of media reports speculating on an incident though we still do not have any own confirmed information...\n\nWir verweisen in dieser Situation auf unsere ständig aktualisierte Internetseite\n\n(Facebook)"
    },
    "7": {
      "summary": " Within the first 90 minutes:\n\n+ Within 90 minutes of the crash, Airbus and Germanwings parent company Lufthansa publish first acknowledgments of the incident via Twitter accounts\n\n(Lufthansa Twitter)\n\nLufthansa @Lufthansa_3m\n\"...on 4U 9525. If our fears are confirmed, this is a dark day for Lufthansa. We hope to find survivors.\" Carsten Spohr 2/2\n\n📷 13 14 ★ 3\n\nLufthansa @Lufthansa_4m\n\"We do not yet know what has happened to flight 4U 9525. My deepest sympathy goes to the families and friends of our passengers and crew 1/2\"\n\n📷 36 ★ 10\n\nLufthansa @Lufthansa_Mar 23\n#LiveBilbao 2: Opinions on the Guggenheim anyone? #LHcityofthemonth\n\n(Airbus Twitter)\n\nTweets Tweets & replies Photos & videos\n\n📷 5,436 893 281K 437\n\nAirbus @Airbus_3m\nWe will provide further information as soon as available.\n\n📷 15 85 22\n\nAirbus @Airbus_3m\nWe are aware of the media reports. All efforts are now going towards assessing the situation.\n\n📷 151 28\n\nAirbus @Airbus_3m\nThanks @FlyRwandAir for selecting the versatile #A330 for your fleet growth and modernisation goo.gl/iTM1kl"
    },
    "8": {
      "summary": " Within the first 120 minutes:\n\n+ Germanwings recoloured its logo on both its Twitter and Facebook accounts to black and white.\n+ Parent company Lufthansa follows within a similar time frame with its social platforms\n\n(Lufthansa Facebook)\n\n(Lufthansa Company Timeline About Photos Likes More +)"
    },
    "9": {
      "summary": " Within the first 180 minutes:\n\n+ Germanwings site remains inaccessible\n+ Within the first hour, Twitter and Facebook become only available points of digital contact with Germanwings\n\n(Germanwings.com site)\n\nDie Seite wurde leider nicht gefunden\n\nSie können über die Suchfunktion oder die Seitenwahl unter Seite zu den gewünschten Inhalten gelangen.\n\n[Alle Themen anzeigen](#)\n\n[Germanwings Twitter](https://twitter.com/Germanwings)"
    },
    "10": {
      "summary": " Within the first 180 minutes:\n\n+ Germanwings appears to be struggling to reactivate its website.\n+ At one point, the original site with full marketing content appears on the site – contradicting its more sombre social platforms\n\n(Germanwings.com site)\n\n(Bangkok (Don Mueang) 199,99 €)\n\n(Tweets)\n- @donmueang\n- @donmueang\n- @donmueang\n- @donmueang\n- @donmueang\n- @donmueang\n- @donmueang\n- @donmueang\n- @donmueang\n- @donmueang\n- @donmueang\n- @donmueang\n- @donmueang\n- @donmueang\n- @donmueang\n- @donmueang\n- @donmueang\n- @donmueang\n- @donmueang\n- @donmueang\n- @donmueang\n- @donmueang\n- @donmueang\n- @donmueang\n- @donmueang\n- @donmueang\n- @donmueang\n- @donmueang\n- @donmueang\n- @donmueang\n- @donmueang\n- @donmueang\n- @donmueang\n- @donmueang\n- @donmueang\n- @donmueang\n- @donmueang\n- @donmueang\n- @donmueang\n- @donmueang\n- @donmueang\n- @donmueang\n- @donmueang\n- @donmueang\n- @donmueang\n- @donmueang\n- @donmueang\n- @donmueang\n- @donmueang\n- @donmueang\n- @donmueang\n- @donmueang\n- @donmueang\n- @donmueang\n- @donmueang\n- @donmueang\n- @donmueang\n- @donmueang\n- @donmueang\n- @donmueang\n- @donmueang\n- @donmueang\n- @donmueang\n- @donmueang\n- @donmueang\n- @donmueang\n- @donmueang\n- @donmueang\n- @donmueang\n- @donmueang\n- @donmueang\n- @donmueang\n- @donmueang\n- @donmueang\n- @donmueang\n- @donmueang\n- @donmueang\n- @donmueang\n- @donmueang\n- @donmueang\n- @donmueang\n- @donmueang\n- @donmueang\n- @donmueang\n- @donmueang\n- @donmueang\n- @donmueang\n- @donmueang\n- @donmueang\n- @donmueang\n- @donmueang\n- @donmueang\n- @donmueang\n- @donmueang\n- @donmueang\n- @donmueang\n- @donmueang\n- @donmueang\n- @donmueang\n- @donmueang\n- @donmueang\n- @donmueang\n- @donmueang\n- @donmueang\n- @donmueang\n- @donmueang\n- @donmueang\n- @donmueang\n- @donmueang\n- @donmueang\n- @donmueang\n- @donmueang\n- @donmueang\n- @donmueang\n- @donmueang\n- @donmueang\n- @donmueang\n- @donmueang\n- @donmueang\n- @donmueang\n- @donmueang\n- @donmueang\n- @donmueang\n- @donmueang\n- @donmueang\n- @donmueang\n- @donmueang\n- @donmueang\n- @donmueang\n- @donmueang\n- @donmueang\n- @donmueang\n- @donmueang\n- @donmueang\n- @donmueang\n- @donmueang\n- @donmueang\n- @donmueang\n- @donmueang\n- @donmueang\n- @donmueang\n- @donmueang\n- @donmueang\n- @donmueang\n- @donmueang\n- @donmueang\n- @donmueang\n- @donmueang\n- @donmueang\n- @donmueang\n- @donmueang\n- @donmueang\n- @donmueang\n- @donmueang\n- @donmueang\n- @donmueang\n- @donmueang\n- @donmueang\n- @donmueang\n- @donmueang\n- @donmueang\n- @donmueang\n- @donmueang\n- @donmueang\n- @donmueang\n- @donmueang\n- @donmueang\n- @donmueang\n- @donmueang\n- @donmueang\n- @donmueang\n- @donmueang\n- @donmueang\n- @donmueang\n- @donmueang\n- @donmueang\n- @donmueang\n- @donmueang\n- @donmueang\n- @donmueang\n- @donmueang\n- @donmueang\n- @donmueang\n- @donmueang\n- @donmueang\n- @donmueang\n- @donmueang\n- @donmueang\n- @donmueang\n- @donmueang\n- @donmueang\n- @donmueang\n- @donmu"
    },
    "11": {
      "summary": " Within the first 180 minutes:\n\n+ Airbus wipes brand/marketing images from its corporate website\n+ In contrast to its social activity, Germanwings parent company Lufthansa makes no changes to its corporate website during this period.\n\n(Lufthansa.com site)"
    },
    "12": {
      "summary": " Within the first 4 hours:\n\n+ Germanwings.com begins to stabilize\n+ By the fifth hour following the incident, the current crisis site is in place\n\n(Germanwings.com updates Hour 12+)"
    },
    "13": {
      "summary": " Within the first 4 hours:\n\n+ Lufthansa updates corporate home page with a statement on the incident ~ no system failures\n+ Statements are updated throughout the day\n+ Within 24 hours the corporate site resumes activity with a clear banner to information on the incident\n\n(Lufthansa.com Hour 24)\n\n(Lufthansa.com Hour 4.5)\n\nCurrent information\nWe must confirm to our deepest regret that Germanwings Flight 4U 9525 has suffered an accident over the French Alps.\n→ Further information\n\n(Lufthansa.com Hour 4.5)"
    },
    "14": {
      "summary": " Within the first 4 hours:\n\n+ Airbus.com incorporates a pop-up notification acknowledging the incident.\n+ The pop-up is adapted through the course of the day and within 5 hours links to Airbus’ statement on the incident.\n\n(Airbus.com Hour 3)\n\n(Airbus.com Hour 5+)\n\n(Airbus.com Hour 3)\n\n(Airbus.com Hour 5+)"
    },
    "15": {
      "error": "LLM query failed"
    },
    "16": {
      "summary": "1. Germany's major exports to China in 2020 were: 2. Germany's exports to China in 2020 were: 3. Germany's exports to China in 2020 were: 4. Germany's exports to China in 2020 were: 5. Germany's exports to China in 2020 were: 6. Germany's exports to China in 2020 were: 7. Germany's exports to China in 2020 were: 8. Germany's exports to China in 2020 were: 9. Germany's exports to China in 2020 were: 10. Germany's exports to China in 2020 were: 11. Germany's exports to China in 2020 were: 12. Germany's exports to China in 2020 were: 13. Germany's exports to China in 2020 were: 14. Germany's exports to China in 2020 were: 15. Germany's exports to China in 2020 were: 16. Germany's exports to China in 2020 were: 17. Germany's exports to China in 2020 were: 18. Germany's exports to China in 2020 were: 19. Germany's exports to China in 2020 were: 20. Germany's exports to China in 2020 were: 21. Germany's exports to China in 2020 were: 22. Germany's exports to China in 2020 were: 23. Germany's exports to China in 2020 were: 24. Germany's exports to China in 2020 were: 25. Germany's exports to China in 2020 were: 26. Germany's exports to China in 2020 were: 27. Germany's exports to China in 2020 were: 28. Germany's exports to China in 2020 were: 29. Germany's exports to China in 2020 were: 30. Germany's exports to China in 2020 were: 31. Germany's exports to China in 2020 were: 32. Germany's exports to China in 2020 were: 33. Germany's exports to China in 2020 were: 34. Germany's exports to China in 2020 were: 35. Germany's exports to China in 2020 were: 36. Germany's exports to China in 2020 were: 37. Germany's exports to China in 2020 were: 38. Germany's exports to China in 2020 were: 39. Germany's exports to China in 2020 were: 40. Germany's exports to China in 2020 were: 41. Germany's exports to China in 2020 were: 42. Germany's exports to China in 2020 were: 43. Germany's exports to China in 2020 were: 44. Germany's exports to China in 2020 were: 45. Germany's exports to China in 2020 were: 46. Germany's exports to China in 2020 were: 47. Germany's exports to China in 2020 were: 48. Germany's exports to China in 2020 were: 49. Germany's exports to China in 2020 were: 50. Germany's exports to China in 2020 were: 51. Germany's exports to China in 2020 were: 52. Germany's exports to China in 2020 were: 53. Germany's exports to China in 2020 were: 54. Germany's exports to China in 2020 were: 55. Germany's exports to China in 2020 were: 56. Germany's exports to China in 2020 were: 57. Germany's exports to China in 2020 were: 58. Germany's exports to China in 2020 were: 59. Germany's exports to China in 2020 were: 60. Germany's exports to China in 2020 were: 61. Germany's exports to China in 2020 were: 62. Germany's exports to China in 2020 were: 63. Germany's"
    },
    "17": {
      "summary": "1.5x\n\nThe provided image is a screenshot of a webpage, not a document. Therefore, there is no need to extract any text content. Instead, I will focus on describing the visual elements present in the image.\n\nThe image displays a financial report with various sections and charts. The top section includes a title \"CORPORATE ACTIVITY BY THE NUMBERS\" followed by a subtitle \"Financial impacts:\" and a brief introductory paragraph explaining the context of the report. Below this, there are two main sections:\n\n1. **Section 1:**\n   - This section contains a line graph titled \"Interactive AR Chart\" showing a fluctuating trend over time, with a notable peak around the 10th mark and a sharp decline afterward.\n   - The graph is labeled with the source \"Interactive AR Chart\" and has a timestamp indicating it was created at 11:00 AM.\n\n2. **Section 2:**\n   - This section features a line chart titled \"LUA.GR\" displaying a similar fluctuating trend over time, with a peak around the 10th mark and a subsequent decline.\n   - The graph is labeled with the source \"LUA.GR\" and has a timestamp indicating it was created at 11:00 AM.\n\nThe overall layout is clean and professional, with a dark background and white text, making the data easy to read. The use of line graphs and timestamps suggests that the report is focused on tracking and analyzing financial performance over time."
    },
    "18": {
      "summary": "1. One of the first tweets to be posted around the incident came from Flightradar, a widely trusted and used website for tracking flights globally.\n+ Within the first 90 minutes the tweet was retweeted more than 2,000 times.\n+ Within the first 60 minutes, #Germanwings had become the top trending topic on Twitter\n+ Within the first 60 minutes, according to Sysomos, more than 60,000 Tweets were posted referencing #Germanwings\n\n---\n\n### Table 1: Brief Description of What the Table Shows\n\n| Total Mentions | Overall Mentions |\n|---|---|\n| 61,546    | 0% Blogs    |\n| 18    | 99%    |\n| 60,860    | 18%    |\n\n---\n\n### Figure 2: Brief Description of What the Figure Depicts\n\n![Flightradar Image](https://www.myspace.photos/4U9525)\n\n---\n\n### Worldwide Trends - Stock to Discover\n\n- [Germanywings](#)\n- [HOME.LOGO.NET](#)\n- [AirAsiaGrandiniStrada](#)\n- [RUAMAHNOCHILL](#)\n- [French Alps](#)\n- [KoufouMafraCa](#)\n- [Barcelona to Dusseldorf](#)\n- [Southern France](#)\n- [GradoCity](#)\n- [Odjok](#)"
    },
    "19": {
      "summary": "Within six hours of the incident, the number of tweets referencing #Germanwings had reached nearly 500,000 globally.\n\n+ Amid the many expressions of condolences and sharing of news, tweets soon moved toward capturing images of the region of the crash.\n\n---\n\n**Number of Tweets**\n\n| Date       | Number of Tweets |\n|------------|------------------|\n| 12/23 CET  | 128966           |\n| 13/05 CET  | 155255           |\n| 13/26 CET  | 151051           |\n| 14/04 CET  | 148044           |\n| 14/24 CET  | 146061           |\n| 15/06 CET  | 152557           |\n| 15/27 CET  | 157551           |\n| 16/06 CET  | 162555           |\n| 16/26 CET  | 166553           |\n\nThe provided code snippet is an example of how to extract and describe the main content, tables, figures, and images present on a webpage. It demonstrates how to format the summary using HTML tags."
    },
    "20": {
      "summary": " Due to the initial remoteness of the incident and lack of immediate visuals, fake images and videos began to appear online in increasing numbers.\n\n+ Questions had also arisen due to various early Twitter reports around whether a distress call had actually been made by the pilots.\n\nDue to the initial remoteness of the incident and lack of immediate visuals, fake images and videos began to appear online in increasing numbers.\n\n+ Questions had also arisen due to various early Twitter reports around whether a distress call had actually been made by the pilots.\n\n<table>Fake Germanwings pictures circulate onlineBBC Traveling through airports0:00 mins ago</table>\n\n<table>Airbus plane crashes in Southern France: Reuters</table>\n\n<table>Uncertainty over distress callOn the question of whether a distress call was made from the aircraft, the spokesman says the airline has received contradictory reports.</table>\n\nWe have contradictory information about that ourselves, from the air traffic controllers, and we are uncertain as to whether a distress call was issued at all."
    },
    "21": {
      "error": "LLM query failed"
    },
    "22": {
      "summary": " Within 90 minutes – and despite lack of immediate information – political leaders were quick to react and provide comment on the incident.\n\n+ Francois Hollande was the first of the world's political leaders to comment on the incident.\n\n+ While the French Civil Aviation Authorities have been active through non-digital channels from the outset (e.g. statement to the media), their social media presence was limited in the first hours. A first tweet came almost ~6 hours after the crash. (17:31 CET)\n\n---\n\n### Table 1: Brief description of what the table shows\n\n| Text | Value |\n|---|---|\n| Table 1: | This table shows data about the number of people affected by the incident. |\n\n---\n\n### Figure 2: Brief description of what the figure depicts\n\n| Text | Value |\n|---|---|\n| Figure 2: | This figure shows a graph depicting the number of people affected by the incident over time. |\n\n---\n\n### Image: Brief description of what the image contains\n\n| Text | Value |\n|---|---|\n| Image: | This image shows a photo of a person who has been injured in the incident. |\n\n---\n\n### Table 2: Brief description of what the table shows\n\n| Text | Value |\n|---|---|\n| Table 2: | This table shows data about the number of people affected by the incident. |\n\n---\n\n### Figure 3: Brief description of what the figure depicts\n\n| Text | Value |\n|---|---|\n| Figure 3: | This figure shows a map showing the location of the incident. |\n\n---\n\n### Image: Brief description of what the image contains\n\n| Text | Value |\n|---|---|\n| Image: | This image shows a photo of a person who has been injured in the incident. |\n\n---\n\n### Table 3: Brief description of what the table shows\n\n| Text | Value |\n|---|---|\n| Table 3: | This table shows data about the number of people affected by the incident. |\n\n---\n\n### Figure 4: Brief description of what the figure depicts\n\n| Text | Value |\n|---|---|\n| Figure 4: | This figure shows a bar chart showing the number of people affected by the incident. |\n\n---\n\n### Image: Brief description of what the image contains\n\n| Text | Value |\n|---|---|\n| Image: | This image shows a photo of a person who has been injured in the incident. |\n\n---\n\n### Table 4: Brief description of what the table shows\n\n| Text | Value |\n|---|---|\n| Table 4: | This table shows data about the number of people affected by the incident. |\n\n---\n\n### Figure 5: Brief description of what the figure depicts\n\n| Text | Value |\n|---|---|\n| Figure 5: | This figure shows a pie chart showing the percentage of people affected by the incident. |\n\n---\n\n### Image: Brief description of what the image contains\n\n| Text | Value |\n|---|---|\n| Image: | This image shows a photo of a person who has been injured in the incident. |\n\n---\n\n### Table 5: Brief description of what the table shows\n\n| Text | Value |\n|---|---|\n| Table 5: | This "
    },
    "23": {
      "summary": " Not until the first helicopters had identified and reached the crash site did the story become significantly more visual - providing new momentum for social amplification.\n\n+ Equally powerful, however, have been the emerging images related to the loss of the German exchange students."
    }
  }
}
