{
  "doc_id": "Independents-Report.pdf",
  "pages": {
    "1": {
      "summary": "<summary>\n[Main text content summary here]\n\n<table><table>FOR MEDIA OR OTHER INQUIRIES:Carroll Doherty, Director of Political Research<br/>Jocelyn Kiley, Associate Director, Research<br/>Bridget Johnson, Communications Manager<br/>202.419.4372www.pewresearch.org</table></summary>"
    },
    "2": {
      "summary": "1. Pews Research Center is a nonpartisan fact tank that informs the public about the issues, attitudes and trends shaping America and the world. It does not take policy positions. It conducts public opinion polling, demographic research, content analysis and other data-driven social science research. The Center studies U.S. politics and policy; journalism and media; internet, science and technology; religion and public life; Hispanic trends; global attitudes and trends; and U.S. social and demographic trends. All of the Center's reports are available at www.pewresearch.org. Pew Research Center is a subsidiary of The Pew Charitable Trusts, its primary funder.\n\n© Pew Research Center 2019"
    },
    "3": {
      "summary": "3\nPEW RESEARCH CENTER\n\n---\n\n**Political Independents: Who They Are, What They Think**\n\n*Most ‘lean’ toward a party; ‘true’ independents tend to avoid politics*\n\nIndependents often are portrayed as political free agents with the potential to alleviate the nation’s rigid partisan divisions. Yet the reality is that most independents are not all that “independent” politically. And the small share of Americans who are truly independent – less than 10% of the public has no partisan leaning – stand out for their low level of interest in politics.\n\nAmong the public overall, 38% describe themselves as independents, while 31% are Democrats and 26% call themselves Republicans, according to Pew Research Center surveys conducted in 2018. These shares have changed only modestly in recent years, but the proportion of independents is higher than it was from 2000-2008, when no more than about a third of the\n\n---\n\n**Independents outnumber Republicans and Democrats, but few are truly independent**\n\n% who identify as ...\n\n| Demographic Group | Number of Independents | Number of Republicans | Number of Democrats |\n|------------------|------------------------|-------------------------|---------------------|\n| **Democrats**    | 32                    | 9                      | 33                  |\n| **Lean Dem**     | 11                    | 14                     | 13                  |\n| **No Lean Net**  | 9                     | 9                      | 17                  |\n| **Republicans**  | 30                    | 25                     | 26                  |\n\nNote: Other party/Don’t know responses not shown.\nSource: Annual totals of Pew Research Center survey data (U.S. adults).\n\n**PEW RESEARCH CENTER**"
    },
    "4": {
      "summary": "4\nPew Research Center\n\n---\n\n**Public Identified as Independents (For more on partisan identification over time, see the 2018 report \"Wide Gender Gap, Growing Educational Divide in Voters' Party Identification.\")**\n\nAn overwhelming majority of independents (81%) continue to “lean” toward either the Republican Party or the Democratic Party. Among the public overall, 17% are Democratic-leaning independents, while 13% lean toward the Republican Party. Just 7% of Americans decline to lean toward a party, a share that has changed little in recent years. This is a long-standing dynamic that has been the subject of past analyses, both by Pew Research Center and others.\n\nIn their political attitudes and views of most issues, independents who lean toward a party are in general agreement with those who affiliate with the same party. For example, Republican-leaning independents are less supportive of Donald Trump than are Republican identifiers. Still, about 70% of GOP leaners approved of his job performance during his first two years in office. Democratic leaners, like Democrats, overwhelmingly disapprove of the president.\n\nThere are some issues on which partisan leaners – especially those who lean toward the GOP – differ substantially from partisans. While a narrow majority of Republicans (54%) opposed same-sex-marriage in 2017, nearly six-in-ten Republican-leaning independents (58%) favored allowing gays and lesbians to marry legally.\n\nYet independents who lean toward one of the two parties have a strong partisan imprint. Majorities of Republican and Democratic leaners have a favorable opinion of their own party, and they are almost as likely as Republican and Democratic identifiers to have an unfavorable opinion of the opposing party.\n\nIndependents stand out from partisans in several important ways. They are less politically engaged than Republicans or Democrats – and this is especially the case among independents who do not lean to a party.\n\n---\n\n**Independents who do not lean to a party less likely to say they voted in 2018**\n\n*% who say they ...*\n\n| % who say they ... |\n|---|\n| 80% registered | 73 | 61% voted | 54 | 63 | 66 | 68 | 71 | 74 | 76 | 78 | 79 | 80 | 81 | 82 | 83 | 84 | 85 | 86 | 87 | 88 | 89 | 90 | 91 | 92 | 93 | 94 | 95 | 96 | 97 | 98 | 99 | 100 |\n\n**Independents**\n\nNote: Self-reported registration and self-reported voting among all adults.\nSource: Survey of U.S. adults conducted Nov. 7-16, 2018 using the online American Trends Panel.\n\n**PEW RESEARCH CENTER**"
    },
    "5": {
      "summary": "5\nPEW RESEARCH CENTER\n\nIn a survey conducted last fall, shortly after the midterm elections, partisan leaners were less likely than partisans to say they registered to vote and voted in the congressional elections. About half of Democratic-leaning independents (48%) said they voted, compared with 59% of Democrats. The differences were comparable between GOP leaners (54% said they voted) and Republicans (61%).\n\nThose who do not lean toward a party – a group that consistently expresses less interest in politics than partisan leaners – were less likely to say they had registered to vote and much less likely to say they voted. In fact, just a third said they voted in the midterms.\n\nIn addition, independents differ demographically from partisans. Men constitute a majority (56%) of independents. That is higher than the share of men among Republican identifiers (51% are men) and much higher than the share of men among Democrats (just 40%).\n\nAmong independents, men make up a sizable share (64%) of Republican leaners and a smaller majority (55%) of independents who do not lean. Democratic leaners include roughly equal shares of men (51%) and women (49%).\n\nIndependents also are younger on average than are partisans. Fewer than half of independents (37%) are ages 50 and older; among those who identify as Democrats, 48% are 50 and older, as are a majority (54%) of those who identify as Republicans.\n\nDemocratic-leaning independents are younger than other independents or partisans. Nearly a third (31%) are younger than 30, compared with 21% of Republican-leaning independents and just 19% and 14%, respectively, among those who identify as Democrats and Republicans."
    },
    "6": {
      "summary": "6\nPew Research Center reported last year, Donald Trump's job approval rating during the early stage of his presidency is more polarized along partisan lines than any president in the past six decades. In addition, Trump's rating has been more stable than prior presidents.\n\nDuring his first two years in office, Trump's job rating among members of his own party was relatively high compared with recent presidents. In 2017, 85% of those who identify as Republicans approved of Trump's job performance, based on an average of Pew Research Center surveys. His job rating among Republicans was about as high (84%) in 2018. Trump's early job rating among members of the opposing party (7%) was much lower than those of three prior presidents (Barack Obama, George W. Bush and Bill Clinton).\n\nTrump's job rating among independents for his first two years in office also was lower than his recent predecessors; his average job rating among independents was 34% in both 2017 and 2018. Obama's average rating was 50% during his first year (2009); it fell to 42% in his second year.\n\nDuring his first two years in office, Trump's job rating among members of his own party was relatively high compared with recent presidents. In 2017, 85% of those who identify as Republicans approved of Trump's job performance, based on an average of Pew Research Center surveys. His job rating among Republicans was about as high (84%) in 2018. Trump's early job rating among members of the opposing party (7%) was much lower than those of three prior presidents (Barack Obama, George W. Bush and Bill Clinton).\n\nTrump's job rating among independents for his first two years in office also was lower than his recent predecessors; his average job rating among independents was 34% in both 2017 and 2018. Obama's average rating was 50% during his first year (2009); it fell to 42% in his second year.\n\nDuring his first two years in office, Trump's job rating among members of his own party was relatively high compared with recent presidents. In 2017, 85% of those who identify as Republicans approved of Trump's job performance, based on an average of Pew Research Center surveys. His job rating among Republicans was about as high (84%) in 2018. Trump's early job rating among members of the opposing party (7%) was much lower than those of three prior presidents (Barack Obama, George W. Bush and Bill Clinton).\n\nTrump's job rating among independents for his first two years in office also was lower than his recent predecessors; his average job rating among independents was 34% in both 2017 and 2018. Obama's average rating was 50% during his first year (2009); it fell to 42% in his second year.\n\nDuring his first two years in office, Trump's job rating among members of his own party was relatively high compared with r"
    },
    "7": {
      "summary": "7\nPew Research Center\n\nTrump’s early rating among independents is closest to Clinton’s, whose job approval averaged about 42% during his first two years in office. Bush, whose overall job rating approached 90% in his first year following the 9/11 terrorist attacks, had approval ratings above 60% among independents in his first two years.\n\nTrump’s job rating among independents, like his overall rating, breaks down along partisan lines. His rating among GOP-leaning independents (72% in 2017, 69% in 2018) was not markedly different from Obama’s and Clinton’s ratings among Democratic-leaning independents during their first two years in office (though much lower than Bush’s among Republican leaners).\n\nYet Trump’s rating among independents who lean to the opposing party – like his rating among members of the opposing party – was much lower than recent presidents’. In fact, his rating among Democratic-leaning independents during his first two years was about as low as his rating among Democrats (7% in 2017, 9% in 2018).\n\nTrump’s rating also was low among independents who have no partisan leanings. Only about a quarter of non-leaners approved of Trump’s job performance during his first two years, while about six-in-ten (58%) disapproved."
    },
    "8": {
      "summary": "8\nPew Research Center\n\n---\n\n**Independents’ views of U.S.-Mexico border wall, other key issues**\n\nOn most issues, independents’ attitudes mirror the views of the overall public. Independents who lean toward a party are usually on the same side as those who identify with the same party, but the level of agreement between leaners and partisans varies depending on the issue.\n\nBy a wide margin (62% to 36%), independents oppose Trump’s signature policy proposal, an expansion of the U.S.-Mexico border wall. Democratic-leaning independents overwhelmingly oppose the border wall (95% disapprove), as do Democratic identifiers (92%).\n\nRepublican-leaning independents favor expanding the border wall, though by a smaller margin than Republicans identifies. GOP leaners favor substantially expanding the wall along the U.S.-Mexico border by roughly three-to-one (75% to 23%). Among those who affiliate with the Republican Party, the margin is nearly eight-to-one (87% to 11%).\n\n---\n\n**Overwhelming opposition to expanding U.S.-Mexico border wall among both Democrats and Democratic-leaning independents**\n\n% who _substantially expanding the wall along the U.S. border with Mexico_\n\n| Oppose | Favor |\n|--------|-------|\n| Total   | 58    |\n|        | 40    |\n\n% who think increased tariffs between the U.S. and some of its trading partners will be ...\n\n| Disapprove | Approve |\n|------------|---------|\n| 46         | 36      |\n\n% who _of the tax law passed by Trump and Congress_\n\n| Disapprove | Approve |\n|------------|---------|\n| 77         | 12      |\n\n| Disapprove | Approve |\n|------------|---------|\n| 43         | 34      |\n\n| Disapprove | Approve |\n|------------|---------|\n| 17         | 66      |\n\n| Disapprove | Approve |\n|------------|---------|\n| 12         | 86      |\n\n| Disapprove | Approve |\n|------------|---------|\n| 66         | 12      |\n\n| Disapprove | Approve |\n|------------|---------|\n| N/A         | N/A     |\n\nNotes: Don’t know responses not shown. For wall, small sample size of non-leaning independents [N=88]. For tariffs and tax law, sample size of non-leaning independents insufficient for analysis.\nSource: Surveys of U.S. adults conducted Sept. 18-24, 2018, and Jan. 9-14, 2019.\n\n---\n\n**PEW RESEARCH CENTER**"
    },
    "9": {
      "summary": "9\nPEW RESEARCH CENTER\n\nIndependents also have a negative view of increased tariffs between the U.S. and its trading partners (53% say they will be bad for the U.S., 36% good for the U.S.). Independents’ views on the 2017 tax bill are more divided: 34% approve of the tax law and 43% disapprove.\n\nAs with the border wall, Democratic-leaning independents are more likely to view increased tariffs negatively (75% say they will be bad for the U.S.) than Republican-leaning independents are to view them positively (66% say they will be good). On taxes, two-thirds of GOP leaners approve of the tax law, while an identical share of Democratic leaners disapprove."
    },
    "10": {
      "summary": "10\nPEW RESEARCH CENTER\n\n---\n\n**Independent divided in opinions about the size of government, government regulation of business**\n\n% who prefer ...\n\n|                | Smaller government providing fewer services | Bigger government providing more services | Govt. reg. is necessary to protect the public interest | Govt. reg. of business does more harm than good |\n|----------------|-----------------------------------------------|--------------------------------------------------|--------------------------------------------------|--------------------------------------------------|\n| Total          | 46                                                 | 46                                                   | 49                                                      | 43                                                      |\n| Republican     | 74                                                 | 20                                                   | 33                                                      | 61                                                      |\n| Democrat      | 18                                                 | 73                                                   | 65                                                      | 29                                                      |\n| Independent   | 47                                                 | 44                                                   | 48                                                      | 43                                                      |\n| Lean Rep      | 78                                                 | 17                                                   | 33                                                      | 58                                                      |\n| Lean Dem      | 25                                                 | 65                                                   | 69                                                      | 27                                                      |\n| No lean        | 47                                                 | 37                                                   | 31                                                      | 49                                                      |\n\nNotes: Don’t know responses not shown. For government size, small sample of non-leaning independents [N=93].\nSource: Surveys of U.S. adults conducted April 25-May 1, 2018, and Sept. 18-24, 2018.\n\nPEW RESEARCH CENTER"
    },
    "11": {
      "summary": "11\nPEW RESEARCH CENTER\n\n---\n\n**GOP leaners, Republicans differ on fairness of U.S. economic system**\n\n% who say the economic system in this country ...\n\n| Unfairly favors powerful interests | Is generally fair to most Americans |\n|-----------------------------------|----------------------------------|\n| Total | 63 | 33 |\n\n| Republican | 29 | 63 |\n| Democrat | 85 | 14 |\n\n| Independent | 66 | 30 |\n\n| Lean Rep | 46 | 49 |\n| Lean Dem | 81 | 18 |\n\n| No lean | 70 | 23 |\n\nNote: Don’t know responses not shown.\nSource: Survey of U.S. adults conducted Sept. 18-24, 2018.\n\nPEW RESEARCH CENTER"
    },
    "12": {
      "summary": "12\nPEW RESEARCH CENTER\n\n---\n\n**Republicans are more likely than Republican-leaning independents to view immigrants as a ‘burden’ on the country**\n\n% who say the country ...\n\n| Has made the changes to give blacks equal rights with whites | Needs to continue making changes to give blacks equal rights with whites | Burden country by taking jobs housing, health care | Strengthen country because of their hard work, talents | Significant obstacles still make it harder for women to get ahead | Obstacles that made it harder for women to get ahead are largely gone |\n|---|---|---|---|---|---|\n| Total    | 35 59    | 28 62    | 56 42    |    |    |\n| Republican    | 66 27    | 55 33    | 36 63    |    |    |\n| Democrat    | 11 85    | 13 80    | 74 25    |    |    |\n| Independent    | 37 57    | 23 66    | 54 45    |    |    |\n| Lean Rep    | 57 36    | 40 44    | 38 61    |    |    |\n| Lean Dem    | 20 78    | 7 88    | 67 32    |    |    |\n| No lean    | 39 47    | 24 57    | N/A    |    |    |\n\nNotes: Don't know responses not shown. Survey that asked about obstacles facing women conducted via the online American Trends Panel. For women facing obstacles, sample size of non-leaning independents insufficient for analysis. For immigrants, small sample size of non-leaning independents [N=88].\n\nSource: Surveys of U.S. adults conducted Feb. 26-March 11, 2018; Sept. 18-24, 2018; Jan. 9-14, 2019.\n\nPEW RESEARCH CENTER"
    },
    "13": {
      "summary": "13\nPEW RESEARCH CENTER\n\nHowever, Republican-leaning independents differ from Republicans in their views of immigrants’ impact on the country. Among GOP leaners, 44% say immigrants strengthen the country because of their hard work and talents; 40% say they are a burden on the country because they take jobs, housing and health care. A majority of those who identify as Republicans (55%) say immigrants burden the country.\n\nViews of immigrants’ impact on the country are largely positive among Democratic-leaning independents (88% say they strengthen the U.S.) and those who identify as Democrats (80%)."
    },
    "14": {
      "summary": "14\nPEW RESEARCH CENTER\n\n---\n\n**Broad support among independents for same-sex marriage, marijuana legalization**\n\nPublic support for same-sex marriage has grown rapidly over the past decade. In June 2017, a majority of adults (62%) favored allowing gays and lesbians to marry legally, while just 32% were opposed.\n\nIndependents’ views of same-sex marriage were similar to Democrats’: 73% of Democrats favored gay marriage, as did 70% of independents. Among those who identified as Republicans, just 40% favored same-sex marriage, while 54% were opposed.\n\nIn contrast to Republicans, Republican-leaning independents favored same-sex marriage (58% were in favor, 37% were opposed). Support for same-sex marriage was higher among Democratic-leaning independents than among Democrats (82% vs. 73%).\n\nPublic support for legalizing marijuana use has followed a similar upward trajectory in recent years. Currently, 62% of the public says the use of marijuana should be made legal, while 34% say it should be illegal.\n\nMajorities of both Democrats (69%) and independents (68%) favor legalizing marijuana; Republicans are divided, with 45% supportive of legalization and 51% opposed. Among GOP-leaning independents, a 60% majority favors legalizing marijuana. And a large majority of Democratic-leaning independents (75%) also favors marijuana legalization.\n\n---\n\n**Independents about as supportive as Democrats of allowing same-sex marriage, legalizing marijuana use**\n\n% who __ allowing gays and lesbians to marry legally ...  \nDo you think the use of marijuana should be made legal, or not? (%)\n\n| Oppose | Favor |\n|--------|-------|\n| Total   | 32    | 62    |\n\n| No, illegal | Yes, legal |\n|-------------|-----------|\n| 34          | 62        |\n\n| Republican | 54     | 40     | 51     | 45     |\n| Democrat  | 22      | 73      | 28      | 69      |\n| Independent | 26       | 70      | 28      | 68      |\n\n| Lean Rep | 37     | 58     | 35     | 60     |\n| Lean Dem | 14      | 82      | 23      | 75      |\n| No lean | 29      | 65      | 25      | 70      |\n\nNote: Don't know responses not shown.\nSource: Surveys conducted June 8-18 and June 27-July 9, 2017; Sept. 18-24, 2018.\n\n**PEW RESEARCH CENTER**\n\n---\n\n**Note:** The data is based on a sample size of 1000 respondents."
    },
    "15": {
      "summary": "15\nPEW RESEARCH CENTER\n\nIndependents who do not lean to a party widely favored same-sex marriage (65% favor this), while 70% say the use of marijuana should be legal."
    },
    "16": {
      "summary": "16\nPew Research Center\n\nMore partisans and partisan leaners embrace ideological labels\n\nAs in the past, more independents describe their political views as moderate (43%) than conservative (29%) or liberal (24%). These shares have changed little in recent years.\n\nIncreasing shares of Republicans and GOP leaners describe their views as conservative; more Democrats and Democratic leaners say they are liberal\n\n% who say they are ...\n\n| Conservative | Moderate | Liberal |\n|------------|-----------|---------|\n| 60         | 47        | 42      |\n| 50         | 39        | 28      |\n| 40         | 31        | 20      |\n| 30         | 24        | 11      |\n| 20         | 8         | 7       |\n\nNote: Don't know responses not shown.\nSource: Annual totals of Pew Research Center survey data (U.S. adults).\n\nPew Research Center\n\nSince 2000, there have been sizable increases in the shares of both Republicans and Republican-leaning independents who identify as conservative. Today, more Republican-leaning independents describe themselves as conservatives (51%) than as moderates (39%) or liberals (8%). In 2000, GOP leaners included almost identical shares of conservatives (42%) and moderates (43%); 11% described their views as liberal.\n\nOver the same period, there has been growth in the shares of Democrats and Democratic leaners identifying as liberal. Among Democratic-leaning independents, slightly more identify as moderates (45%) than as liberals (39%), while 14% are conservatives. But the gap has narrowed since 2000, when moderates outnumbered liberals, 50% to 30%."
    },
    "17": {
      "summary": "17\nPEW RESEARCH CENTER\n\nBy contrast, moderates continue to make up the largest share of independents who do not lean to a party. Nearly half of independents who do not lean to a party describe their views as moderate, while 24% are conservatives and 18% are liberals. These numbers have changed little since 2000."
    },
    "18": {
      "summary": "18\nPEW RESEARCH CENTER\n\n---\n\n**How independents view the political parties**\n\nIn a two-party system, it is not surprising that most Americans view their own party favorably while viewing the opposing party unfavorably. Two-thirds of Americans (66%) view one party favorably while expressing an unfavorable opinion of the other party. About one-in-five (17%) feel unfavorably toward both parties, while 12% feel favorably toward both.\n\nThe share of Americans who have a positive view of one party and a negative view of the other has increased since 2015 (from 58%). Over the same period, there has been a decline in the share expressing a negative view of both parties, from 23% in 2015 to 17% currently.\n\n---\n\n**Most Americans feel favorably toward one party, unfavorably toward the other**\n\n% who are ...\n\n| Favorable to one party, unfavorable to other | 57 |\n|--------------------------------------------------|----|\n| Favorable to both parties                       | 32 |\n| Unfavorable to both parties                      | 6  |\n\nNote: Don’t know responses not shown.\nSource: Annual totals of Pew Research Center survey data (U.S. adults).\n\n**PEW RESEARCH CENTER**"
    },
    "19": {
      "summary": "19\nPEW RESEARCH CENTER\n\nIndependents who lean toward a party are less likely than partisans to view their party favorably. In addition, far more independents (28%) than Republicans (10%) or Democrats (9%) have an unfavorable opinion of both parties.\n\nStill, the share of independents who view both parties negatively has declined in recent years. At one point in 2015, more than a third of independents (36%) viewed both parties unfavorably.\n\nMost of the change since then has come among Republican-leaning independents, who feel much more positively about the GOP than they did then. In July 2015, just 44% of GOP leaners had a favorable opinion of the Republican Party; 47% had an unfavorable view of both parties. Today, a majority of GOP leaners view the Republican Party favorably (55%), while just 24% view both parties unfavorably.\n\nIndependents who do not lean to a party are most likely to have an unfavorable opinion of both parties (37%). Another 22% have favorable opinions of both parties. Just 11% of independents who do not lean to a party view the Democratic Party favorably, while about as many (9%) have a favorable view of the GOP."
    },
    "20": {
      "summary": "20\nPEW RESEARCH CENTER\n\n---\n\n**Growing partisan antipathy among partisans and leaners**\n\nOver the past two decades, Republicans and Democrats have come to view the opposing party more negatively. The same trend is evident among independents who lean toward a party.\n\nCurrently, 87% of those who identify with the Republican Party view the Democratic Party unfavorably; Republican-leaning independents are almost as likely to view the Democratic Party negatively (81% unfavorable). Opinions among Democrats and Democratic leaners are nearly the mirror image: 88% of Democrats and 84% of Democratic leaners view the GOP unfavorably. In both parties, the shares of partisan identifiers and leaners with unfavorable impressions of the opposition party are at or near all-time highs.\n\nPerhaps more important, intense dislike of the opposing party, which has surged over the past two decades among partisans, has followed a similar trajectory among independents who lean toward the Republican and Democratic parties.\n\n---\n\n**Among both partisans and leaners, unfavorable views of the opposing party have increased**\n\n*% with an unfavorable view of the ...*\n\n| Year | Republican Party | Democratic Party |\n|------|------------------|-------------------|\n| 1994 | 11               | 12                |\n| 2002 | 28               | 77                |\n| 2010 | 44               | 64                |\n| 2018 | 52               | 81                |\n\nSource: Annual totals of Pew Research Center survey data (U.S. adults).\n\n---\n\n**PEW RESEARCH CENTER**"
    },
    "21": {
      "summary": "21\nPEW RESEARCH CENTER\n\nThe share of Democratic-leaning independents with a very unfavorable opinion of the Republican Party has more than quadrupled between 1994 and 2018 (from 8% to 37%). There has been a similar trend in how Republican leaners view the Democratic Party; very unfavorable opinions have increased from 15% in 1994 to 39% in 2018."
    },
    "22": {
      "summary": "22\nPew Research Center\n\nSource: Annual total of 2018 Pew Research Center survey data (U.S. adults).\n\nPew Research Center"
    },
    "23": {
      "summary": "23\nPEW RESEARCH CENTER\n\nAcknowledgements\n\nThis report is a collaborative effort based on the input and analysis of the following individuals:\n\nResearch team\nCarroll Doherty, Director, Political Research\nJocelyn Kiley, Associate Director, Political Research\nAlec Tyson, Senior Researcher\nBradley Jones, Research Associate\nBaxter Oliphant, Research Associate\nHannah Hartig, Research Analyst\nAmina Dunn, Research Assistant\nJohn LaLoggia, Research Assistant\nHaley Davie, Intern\n\nCommunications and editorial\nBridget Johnson, Communications Manager\n\nGraphic design and web publishing\nAlissa Scheller, Information Graphics Designer"
    }
  }
}
