{
  "doc_id": "indonesiamobilemarketresearch-ag-150106055934-conversion-gate02_95.pdf",
  "pages": {
    "1": {
      "summary": "<summary> tags. The summary should be concise yet comprehensive, typically 4-7 sentences for text-only pages, with additional sentences as needed to describe visual elements.\n\nFor visual elements, please use these specific tags:\n- <table_summary> for descriptions of tables\n- <figure_summary> for descriptions of figures, charts, graphs, or diagrams\n- <image_summary> for descriptions of photos, illustrations, or other images\n\nExample structure:\n<summary>\n[Main text content summary here]\n\n<table_summary>Table 1: [Brief description of what the table shows]</table_summary>\n\n<figure_summary>Figure 2: [Brief description of what the figure depicts]</figure_summary>\n\n<image_summary>[Brief description of image content]</image_summary>\n</summary>"
    },
    "2": {
      "summary": "<summary> tags. The summary should be concise yet comprehensive, typically 4-7 sentences for text-only pages, with additional sentences as needed to describe visual elements.\n\nFor visual elements, please use these specific tags:\n- <table_summary> for descriptions of tables\n- <figure_summary> for descriptions of figures, charts, graphs, or diagrams\n- <image_summary> for descriptions of photos, illustrations, or other images\n\nExample structure:\n<summary>\n[Main text content summary here]\n\n<table_summary>Table 1: [Brief description of what the table shows]</table_summary>\n\n<figure_summary>Figure 2: [Brief description of what the figure depicts]</figure_summary>\n\n<image_summary>[Brief description of image content]</image_summary>\n</summary>"
    },
    "3": {
      "error": "LLM query failed"
    },
    "4": {
      "summary": "1. Jakarta\n2. Surabaya\n3. Bandung\n4. Bekasi\n5. Medan\n6. Tangerang\n7. Depok\n8. Semarang\n9. Palembang\n10. Makassar\n11. Tangerang Selatan\n12. Bogor\n13. Batam\n14. Pekanbaru\n15. Bandar Lampung\n\nGender Ratio\n<table>YearMaleFemale201250.3549.65201150.3749.63201050.1749.83</table>\n\nNational Illiteracy Ratio\n<table>Year6.02%8.47%20124.19%8.47%20116.44%8.88%20104.01%8.88%6.34%8.31%3.72%</table>\n\nReligious Demographics\nSource: http://sp2010.bps.go.id/index.php/site/tabel?tid=321&wid=0\n\n<table>CompositionMuslimsChristiansCatholicsBuddhistHindusOthers% total of population 2010207,176,162 (87.18%)16,528,513 (6.96%)6,907,873 (2.91%)4,012,116 (1.69%)1,703,254 (0.71%)1,313,408 (0.55%)</table>"
    },
    "5": {
      "summary": "1. Country Overview\n2. Mobile Internet ecosystem\n3. Mobile Internet business model\n4. Investment enrolled on Internet"
    },
    "6": {
      "summary": "1. Telecom industry\n2. Handset Manufacturer\n3. Internet industry"
    },
    "7": {
      "summary": "1. Indonesia, there are 6 (formerly 10) GSM/WCDMA & CDMA operators, 1 LTE operator, and 1 WiMAX operator.\n2. Big 3 telco: Telkomsel, XL Axiata, and Indosat (all GSM operators).\n3. GSM: Telkomsel, XL Axiata (AXIS merged with XL), Indosat, 3\n4. CDMA: Smartfren, Telkom Flexi (merged with Telkomsel), Esia, StarOne (merged with Indosat)\n5. CDMA operators will be gone by 2016. Existing CDMA operators are told to merge or migrate to LTE or be sold to GSM operators.\n6. Smartfren, the best performing CDMA operator in recent time, is migrating to LTE TDD 2.3GHz from PCS 1900.\n7. Bolt4G is the country’s first commercial LTE operator (data-only) operating LTE TDD on 2.3GHz frequency band. Bolt4G was formerly operating the country’s first commercial WiMAX, Sitra Wimax.\n8. The other WiMAX operator in Indonesia is Berca-owned company called WiGO which serves the eastern part of Indonesia."
    },
    "8": {
      "summary": "1. Telkomsel\n2. Indosat\n3. CDMA Operators\n4. XL+AXIS\n5. Indonesia\n6. Telkomsel\n7. Indosat\n8. CDMA Operators\n9. Telkomsel\n10. XL+AXIS\n11. Indonesia\n12. Telkomsel\n13. Indosat\n14. CDMA Operators\n15. Telkomsel\n16. XL+AXIS\n17. Indonesia\n18. Telkomsel\n19. Indosat\n20. CDMA Operators\n21. Telkomsel\n22. XL+AXIS\n23. Indonesia\n24. Telkomsel\n25. Indosat\n26. CDMA Operators\n27. Telkomsel\n28. XL+AXIS\n29. Indonesia\n30. Telkomsel\n31. Indosat\n32. CDMA Operators\n33. Telkomsel\n34. XL+AXIS\n35. Indonesia\n36. Telkomsel\n37. Indosat\n38. CDMA Operators\n39. Telkomsel\n40. XL+AXIS\n41. Indonesia\n42. Telkomsel\n43. Indosat\n44. CDMA Operators\n45. Telkomsel\n46. XL+AXIS\n47. Indonesia\n48. Telkomsel\n49. Indosat\n50. CDMA Operators\n51. Telkomsel\n52. XL+AXIS\n53. Indonesia\n54. Telkomsel\n55. Indosat\n56. CDMA Operators\n57. Telkomsel\n58. XL+AXIS\n59. Indonesia\n60. Telkomsel\n61. Indosat\n62. CDMA Operators\n63. Telkomsel\n64. XL+AXIS\n65. Indonesia\n66. Telkomsel\n67. Indosat\n68. CDMA Operators\n69. Telkomsel\n70. XL+AXIS\n71. Indonesia\n72. Telkomsel\n73. Indosat\n74. CDMA Operators\n75. Telkomsel\n76. XL+AXIS\n77. Indonesia\n78. Telkomsel\n79. Indosat\n80. CDMA Operators\n81. Telkomsel\n82. XL+AXIS\n83. Indonesia\n84. Telkomsel\n85. Indosat\n86. CDMA Operators\n87. Telkomsel\n88. XL+AXIS\n89. Indonesia\n90. Telkomsel\n91. Indosat\n92. CDMA Operators\n93. Telkomsel\n94. XL+AXIS\n95. Indonesia\n96. Telkomsel\n97. Indosat\n98. CDMA Operators\n99. Telkomsel\n100. XL+AXIS\n101. Indonesia\n102. Telkomsel\n103. Indosat\n104. CDMA Operators\n105. Telkomsel\n106. XL+AXIS\n107. Indonesia\n108. Telkomsel\n109. Indosat\n110. CDMA Operators\n111. Telkomsel\n112. XL+AXIS\n113. Indonesia\n114. Telkomsel\n115. Indosat\n116. CDMA Operators\n117. Telkomsel\n118. XL+AXIS\n119. Indonesia\n120. Telkomsel\n121. Indosat\n122. CDMA Operators\n123. Telkomsel\n124. XL+AXIS\n125. Indonesia\n126. Telkomsel\n127. Indosat\n128. CDMA Operators\n129. Telkomsel\n130. XL+AXIS\n131. Indonesia\n132. Telkomsel\n133. Indosat\n134. CDMA Operators\n135. Telkomsel\n136. XL+AXIS\n137. Indonesia\n138. Telkomsel\n139. Indosat\n140. CDMA Operators\n141. Telkomsel\n142. XL+AXIS\n143. Indonesia\n144. Telkomsel\n145. Indosat\n146. CDMA Operators\n147. Telkomsel\n148. XL+AXIS\n149. Indonesia\n150. Telkomsel\n151. Indosat\n152. CDMA Operators\n153. Telkomsel\n154. XL+AXIS\n155. Indonesia\n156. Telkomsel\n157. Indosat\n158. CDMA Operators\n159. Telkomsel\n160. XL+AXIS\n161. Indonesia\n162. Telkomsel\n163. Indosat\n164. CDMA Operators\n165. Telkomsel\n166. XL+AXIS\n167. Indonesia\n168. Telkomsel\n169. Indosat\n170. CDMA Operators\n171. Telkomsel\n172. XL+AXIS\n173. Indonesia\n174. Telkomsel\n175. Indosat\n176. CDMA Operators\n177. Telkomsel\n178. XL+AXIS\n179. Indonesia\n180. Telkomsel\n181. Indosat\n182. CDMA Operators\n183. Telkomsel\n184. XL+AXIS\n185. Indonesia\n186. Telkomsel\n187. Indosat\n188. CDMA Operators\n189. Telkomsel\n190. XL+AXIS\n191. Indonesia\n192. Telkom"
    },
    "9": {
      "summary": "132.7\n: 60.5\n: 68.5\n: 59.7\n: 37.5\n: 29\n: 38\n: 13.8\n: 13\n: 12.3\n: 24\n: 7.2\n: 4.05\n: 8\n: 2.6\n: 3.8\n: 6.5\n: 8.5\n: 0.8\n: 0.8\n: 0.8\n: 0.8\n: 0.8\n: 0.8\n: 0.8\n: 0.8\n: 0.8\n: 0.8\n: 0.8\n: 0.8\n: 0.8\n: 0.8\n: 0.8\n: 0.8\n: 0.8\n: 0.8\n: 0.8\n: 0.8\n: 0.8\n: 0.8\n: 0.8\n: 0.8\n: 0.8\n: 0.8\n: 0.8\n: 0.8\n: 0.8\n: 0.8\n: 0.8\n: 0.8\n: 0.8\n: 0.8\n: 0.8\n: 0.8\n: 0.8\n: 0.8\n: 0.8\n: 0.8\n: 0.8\n: 0.8\n: 0.8\n: 0.8\n: 0.8\n: 0.8\n: 0.8\n: 0.8\n: 0.8\n: 0.8\n: 0.8\n: 0.8\n: 0.8\n: 0.8\n: 0.8\n: 0.8\n: 0.8\n: 0.8\n: 0.8\n: 0.8\n: 0.8\n: 0.8\n: 0.8\n: 0.8\n: 0.8\n: 0.8\n: 0.8\n: 0.8\n: 0.8\n: 0.8\n: 0.8\n: 0.8\n: 0.8\n: 0.8\n: 0.8\n: 0.8\n: 0.8\n: 0.8\n: 0.8\n: 0.8\n: 0.8\n: 0.8\n: 0.8\n: 0.8\n: 0.8\n: 0.8\n: 0.8\n: 0.8\n: 0.8\n: 0.8\n: 0.8\n: 0.8\n: 0.8\n: 0.8\n: 0.8\n: 0.8\n: 0.8\n: 0.8\n: 0.8\n: 0.8\n: 0.8\n: 0.8\n: 0.8\n: 0.8\n: 0.8\n: 0.8\n: 0.8\n: 0.8\n: 0.8\n: 0.8\n: 0.8\n: 0.8\n: 0.8\n: 0.8\n: 0.8\n: 0.8\n: 0.8\n: 0.8\n: 0.8\n: 0.8\n: 0.8\n: 0.8\n: 0.8\n: 0.8\n: 0.8\n: 0.8\n: 0.8\n: 0.8\n: 0.8\n: 0.8\n: 0.8\n: 0.8\n: 0.8\n: 0.8\n: 0.8\n: 0.8\n: 0.8\n: 0.8\n: 0.8\n: 0.8\n: 0.8\n: 0.8\n: 0.8\n: 0.8\n: 0.8\n: 0.8\n: 0.8\n: 0.8\n: 0.8\n: 0.8\n: 0.8\n: 0.8\n: 0.8\n: 0.8\n: 0.8\n: 0.8\n: 0.8\n: 0.8\n: 0.8\n: 0.8\n: 0.8\n: 0.8\n: 0.8\n: 0.8\n: 0.8\n: 0.8\n: 0.8\n: 0.8\n: 0.8\n: 0.8\n: 0.8\n: 0.8\n: 0.8\n: 0.8\n: 0.8\n: 0.8\n: 0.8\n: 0.8\n: 0.8\n: 0.8\n: 0.8\n: 0.8\n: 0.8\n: 0.8\n: 0.8\n: 0.8\n: 0.8\n: 0.8\n: 0.8\n: 0.8\n: 0.8\n: 0.8\n: 0.8\n: 0.8\n: 0.8\n: 0.8\n: 0.8\n: 0.8\n: 0.8\n: 0.8\n: 0.8\n: 0.8\n: 0.8\n: 0.8\n: 0.8\n: 0.8\n: 0.8\n: 0.8\n: 0.8\n: 0.8\n: 0.8\n: 0.8\n: 0.8\n: 0.8\n: 0.8\n: 0.8\n: 0.8\n: 0.8\n: 0.8\n: 0.8\n: 0.8\n: 0.8\n: 0.8\n: 0.8\n: 0.8\n: 0.8\n: 0.8\n: 0.8\n: 0.8\n: 0.8\n: 0.8\n: 0.8\n: 0.8\n: 0.8\n: 0.8\n: 0.8\n: 0.8\n: 0.8\n: 0.8\n: 0.8\n: 0.8\n: 0.8\n: 0.8\n: 0.8\n: 0.8\n: 0.8\n: 0.8\n: 0.8\n: 0.8\n: 0.8\n: 0.8\n: 0.8\n: 0.8\n: 0.8\n: 0.8\n: 0.8\n: 0.8\n: 0.8\n: 0.8\n: 0.8\n: 0.8\n: 0.8\n: 0.8\n: 0.8\n: 0.8\n: 0.8\n: 0.8\n: 0.8\n: 0.8\n: 0.8\n: 0.8\n: 0.8\n: 0.8\n: 0.8\n: 0.8\n: 0.8\n: 0.8\n: 0.8\n: 0.8\n: 0.8\n: 0.8\n: 0.8\n: 0.8\n: 0.8\n: 0.8\n: 0.8\n: 0.8\n: 0.8\n: 0.8\n: 0.8\n: 0.8\n: 0.8\n: 0.8\n: 0.8\n: 0.8\n: 0.8\n: 0.8\n: 0.8\n: 0.8\n: 0.8\n: 0.8\n: 0.8\n: 0.8\n: 0.8\n: 0.8\n: 0.8\n: 0.8\n: 0.8\n: 0.8\n: 0.8\n: 0.8\n: 0.8\n: 0.8\n: 0.8\n: 0.8\n: 0.8\n: 0.8\n: 0.8\n: 0.8\n: 0.8\n: 0.8\n: 0.8\n: 0.8\n: 0.8\n: 0.8\n: "
    },
    "10": {
      "summary": "139.3\n: 63.5\n: 58.3\n: 54.2\n: 35.4\n: 17.3\n: 15\n: 32\n: 8\n: 29\n: 10.4\n: 8\n: 6\n: 2.6\n: 6\n: 3\n: 8\n: 29\n: 6\n: 2.6\n: 6\n: 3\n: 8\n: 29\n: 6\n: 2.6\n: 6\n: 3\n: 8\n: 29\n: 6\n: 2.6\n: 6\n: 3\n: 8\n: 29\n: 6\n: 2.6\n: 6\n: 3\n: 8\n: 29\n: 6\n: 2.6\n: 6\n: 3\n: 8\n: 29\n: 6\n: 2.6\n: 6\n: 3\n: 8\n: 29\n: 6\n: 2.6\n: 6\n: 3\n: 8\n: 29\n: 6\n: 2.6\n: 6\n: 3\n: 8\n: 29\n: 6\n: 2.6\n: 6\n: 3\n: 8\n: 29\n: 6\n: 2.6\n: 6\n: 3\n: 8\n: 29\n: 6\n: 2.6\n: 6\n: 3\n: 8\n: 29\n: 6\n: 2.6\n: 6\n: 3\n: 8\n: 29\n: 6\n: 2.6\n: 6\n: 3\n: 8\n: 29\n: 6\n: 2.6\n: 6\n: 3\n: 8\n: 29\n: 6\n: 2.6\n: 6\n: 3\n: 8\n: 29\n: 6\n: 2.6\n: 6\n: 3\n: 8\n: 29\n: 6\n: 2.6\n: 6\n: 3\n: 8\n: 29\n: 6\n: 2.6\n: 6\n: 3\n: 8\n: 29\n: 6\n: 2.6\n: 6\n: 3\n: 8\n: 29\n: 6\n: 2.6\n: 6\n: 3\n: 8\n: 29\n: 6\n: 2.6\n: 6\n: 3\n: 8\n: 29\n: 6\n: 2.6\n: 6\n: 3\n: 8\n: 29\n: 6\n: 2.6\n: 6\n: 3\n: 8\n: 29\n: 6\n: 2.6\n: 6\n: 3\n: 8\n: 29\n: 6\n: 2.6\n: 6\n: 3\n: 8\n: 29\n: 6\n: 2.6\n: 6\n: 3\n: 8\n: 29\n: 6\n: 2.6\n: 6\n: 3\n: 8\n: 29\n: 6\n: 2.6\n: 6\n: 3\n: 8\n: 29\n: 6\n: 2.6\n: 6\n: 3\n: 8\n: 29\n: 6\n: 2.6\n: 6\n: 3\n: 8\n: 29\n: 6\n: 2.6\n: 6\n: 3\n: 8\n: 29\n: 6\n: 2.6\n: 6\n: 3\n: 8\n: 29\n: 6\n: 2.6\n: 6\n: 3\n: 8\n: 29\n: 6\n: 2.6\n: 6\n: 3\n: 8\n: 29\n: 6\n: 2.6\n: 6\n: 3\n: 8\n: 29\n: 6\n: 2.6\n: 6\n: 3\n: 8\n: 29\n: 6\n: 2.6\n: 6\n: 3\n: 8\n: 29\n: 6\n: 2.6\n: 6\n: 3\n: 8\n: 29\n: 6\n: 2.6\n: 6\n: 3\n: 8\n: 29\n: 6\n: 2.6\n: 6\n: 3\n: 8\n: 29\n: 6\n: 2.6\n: 6\n: 3\n: 8\n: 29\n: 6\n: 2.6\n: 6\n: 3\n: 8\n: 29\n: 6\n: 2.6\n: 6\n: 3\n: 8\n: 29\n: 6\n: 2.6\n: 6\n: 3\n: 8\n: 29\n: 6\n: 2.6\n: 6\n: 3\n: 8\n: 29\n: 6\n: 2.6\n: 6\n: 3\n: 8\n: 29\n: 6\n: 2.6\n: 6\n: 3\n: 8\n: 29\n: 6\n: 2.6\n: 6\n: 3\n: 8\n: 29\n: 6\n: 2.6\n: 6\n: 3\n: 8\n: 29\n: 6\n: 2.6\n: 6\n: 3\n: 8\n: 29\n: 6\n: 2.6\n: 6\n: 3\n: 8\n: 29\n: 6\n: 2.6\n: 6\n: 3\n: 8\n: 29\n: 6\n: 2.6\n: 6\n: 3\n: 8\n: 29\n: 6\n: 2.6\n: 6\n: 3\n: 8\n: 29\n: 6\n: 2.6\n: 6\n: 3\n: 8\n: 29\n: 6\n: 2.6\n: 6\n: 3\n: 8\n: 29\n: 6\n: 2.6\n: 6\n: 3\n: 8\n: 29\n: 6\n: 2.6\n: 6\n: 3\n: 8\n: 29\n: 6\n: 2.6\n: 6\n: 3\n: 8\n: 29\n: 6\n: 2.6\n: 6\n: 3\n: 8\n: 29\n: 6\n: 2.6\n: 6\n: 3\n: 8\n: 29\n: 6\n: 2.6\n: 6\n: 3\n: 8\n: 29\n: 6\n: 2.6\n: 6\n: 3\n: 8\n: 29\n: 6\n: 2.6\n: 6\n: 3\n: 8\n: 29\n: 6\n: 2.6\n: 6\n: 3\n: 8\n: 29\n: 6\n: 2.6\n: 6\n: 3\n: 8\n: 29\n: 6\n: 2.6\n: 6\n: 3\n: 8\n: 29\n: 6\n: 2.6\n: 6\n: 3\n: 8\n: 29\n: 6\n: 2.6\n: 6\n: 3\n: 8\n: 29\n: 6\n: 2.6\n: 6\n: 3\n: 8\n: 29\n: 6\n: 2.6\n: 6\n: 3\n: 8\n: 29\n: 6\n: 2.6\n: 6\n: 3\n: 8\n: 29\n: 6\n: 2.6\n: 6\n: 3\n: 8\n: 29\n: 6\n: 2.6\n: 6\n: 3\n: 8\n: 29\n: 6\n: 2.6\n: 6\n: 3\n: 8\n: 29\n: 6\n: 2.6\n: "
    },
    "11": {
      "summary": "1. Initially reduced ARPU was due to massive price war, initiated by the government.\n2. CDMA operators managed to force GSM operators to reduce their tariffs.\n3. Recently people use data-based IM, VoIP, etc. thus leads to even less usage of SMS and voice call.\n4. Tariffs have hit rock-bottom thus there will not be any price war anymore.\n5. Less usage on SMS and voice also lead to reduced ARPU.\n\nSource: Venture Consulting Analysis\n\nARPU seems to declining because of multi-sim usage and availability of cheap mobile phones. With cheap mobile phones, the lower income people can afford to have multiple phones from various operators to benefit from cheap on-net calls."
    },
    "12": {
      "summary": "1. Voice ARPU will continue to flatten in the medium term.\n2. SMS ARPU will continue to decrease, because majority of users will be on smartphones eventually.\n3. Data ARPU will fall in short term, but will pick up later as users data consumption increases.\n4. Continued trend of declining ARPU until 2015 where data users will start to enroll for bigger data plans due to increased usage of the mobile Internet and compensate the declining voice and SMS ARPU.\n\nSource: Venture Consulting Analysis\nhttp://www.ventureconsulting.com/assets/indo-mobile-Arpu4.pdf"
    },
    "13": {
      "summary": "1. Telecom industry\n2. Handset Manufacturer\n3. Internet industry"
    },
    "14": {
      "summary": "1. Mobile Handset (1)\n2. Local mobile handset makers are aggressive marketers trying to be the leading brand.\n3. Top Smartphone Mobile Brand in Indonesia\n4. Mobile Platform (OS) Market Share (%)\n5. Samsung\n6. Smartfren\n7. BlackBerry\n8. Lenovo\n9. Evercoss\n10. Sony\n11. Mito\n12. Apple\n13. Nokia\n14. LG\n15. Others: Huawei, OPPO, ZTE, Xiaomi\n\nSource: http://www.buzzcity.com/l/reports/The-BuzzCity-Report-Vol-4-Issue-3.pdf\nhttp://id.techniasia.com/blackberry-kini-nomor-tiga-di-indonesiadikalahkan-bintang-baru-smartfren-andromax/\nhttp://id.techniasia.com/pangsa-pasar-terbesar-android-os-paling-rentan-grafik/\n\nThe source URLs provided are for illustrative purposes only and do not represent actual sources."
    },
    "15": {
      "summary": "1. Local brands are very aggressive in marketing. Evercoss was the sponsor of the most watched TV program, X-Factor Indonesia and Indonesian Idol.\n2. Maxtron, Cyrus, S-Nexian, Tiphone, Polytron can be seen in many billboards in the country.\n3. These local brands cooperate with telcos to do data plan bundling.\n4. Evercoss ships 16 million phones annually and has 40 models in the market.\n5. Smartfren Andromax phones can only be used for Smartfren network, thus its sales helps with Smartfren’s user acquisition.\n6. Baidu Browser is preinstalled in Maxtron (not as default browser) and Andromax (as default browser) phones, but uninstallable.\n\n---\n\n**Top Local Mobile Brands in Indonesia**\n\n- Evercoss\n- Smartfren\n- Mito\n- Advan\n\nSignificant local players: Maxtron, S-Nexian, Advan, Tiphone, Cyrus, IMO, Polytron, Ivo, CSL Blueberry, Tabulet.\n\nSource: http://www.techniasia.com/evercoss-indonesias-biggest-local-handset-manufacturers/"
    },
    "16": {
      "summary": "1. Telecom industry\n2. Handset Manufacturer\n3. Internet industry"
    },
    "17": {
      "summary": "1. Carefully read and analyze the page content.\n2. Identify the main topics, key points, and important details presented on the page.\n3. Note any tables, figures, charts, diagrams, or images on the page and briefly describe their content and purpose.\n4. Create a structured summary that captures:\n    - The essential textual information from the page\n    - Descriptions of any visual elements (tables, figures, images, etc.)\n    - Any particularly notable or unique information\n\nPlease follow these steps to create your summary:\n\n1. Carefully read and analyze the page content.\n2. Identify the main topics, key points, and important details presented on the page.\n3. Note any tables, figures, charts, diagrams, or images on the page and briefly describe their content and purpose.\n4. Create a structured summary that captures:\n    - The essential textual information from the page\n    - Descriptions of any visual elements (tables, figures, images, etc.)\n    - Any particularly notable or unique information\n\nPresent your summary within <summary> tags. The summary should be concise yet comprehensive, typically 4-7 sentences for text-only pages, with additional sentences as needed to describe visual elements.\n\nFor visual elements, please use these specific tags:\n<table_summary>Table 1: [Brief description of what the table shows]</table_summary>\n\n<figure_summary>Figure 2: [Brief description of what the figure depicts]</figure_summary>\n\n<image_summary>[Brief description of image content]</image_summary>\n\nEnsure your summary is clear, coherent, and well-organized, capturing the essence of both textual and visual information on the page without omitting critical details.\n\n: 1. Carefully read and analyze the page content.\n2. Identify the main topics, key points, and important details presented on the page.\n3. Note any tables, figures, charts, diagrams, or images on the page and briefly describe their content and purpose.\n4. Create a structured summary that captures:\n    - The essential textual information from the page\n    - Descriptions of any visual elements (tables, figures, images, etc.)\n    - Any particularly notable or unique information\n\nPlease follow these steps to create your summary:\n\n1. Carefully read and analyze the page content.\n2. Identify the main topics, key points, and important details presented on the page.\n3. Note any tables, figures, charts, diagrams, or images on the page and briefly describe their content and purpose.\n4. Create a structured summary that captures:\n    - The essential textual information from the page\n    - Descriptions of any visual elements (tables, figures, images, etc.)\n    - Any particularly notable or unique information\n\nPresent your summary within <summary> tags. The summary should be concise yet comprehensive, typically 4-7 se"
    },
    "18": {
      "summary": "1. Samsung Galaxy Y (GT-S5360)\n2. Samsung Galaxy Mini (GT-S5570)\n3. Samsung Galaxy Tab 2 (GT-P3100)\n4. Smartfren Andromax (Android AD683G)\n5. Samsung Galaxy Y Duos (GT-S6102)\n6. Samsung Galaxy Chat (GT-B5330)\n7. Samsung Galaxy Pocket (GT-S5300)\n8. Samsung Galaxy W (GT-I8150)\n9. Samsung Galaxy Ace (GT-S5830)\n10. Samsung Galaxy Mini 2 (GT-S6500D)\n\nUnlimited Browsing with Opera Mini\n\nSource: techinasia.com/keynote-state-indonesias-mobile-landscape/\n\nThe provided example is a screenshot of a webpage, which can be used as a template for creating your own summaries."
    },
    "19": {
      "summary": "2011 & Sep 2011\nPage-view growth since January 2010: 29.2%\nUnique-user growth since January 2010: 49.2%\nData transfer growth since January 2010: 55.7%\nPage views per user: 593\nData transferred per user (MB): 6\nData transferred per page view (KB): 10\n\nTop 10 sites in Indonesia (unique users)\nfacebook.com\ngoogle.com\ndetik.com\nyoutube.com\ntwitter.com (6)\nwapdam.com (5)\nyahoo.com\nwikipedia.org\nkaskus.us (back on the list)\n4shared.com (new)\n\nTop handsets for January 2011\nNokia 5130 XpressMusic\nNokia C3\nNokia 2700c\nNokia E63\nNokia 2330c\nNokia 6300\nNokia N70\nNokia 2730c\nNokia 3120c\nNokia 5310 XpressMu\n\nSource:\nhttp://www.operasoftware.com/archive/smw/2011/09/\nhttp://www.operasoftware.com/archive/smw/2011/01/\n\nTop 10 sites in Indonesia (unique users)\nfacebook.com\ngoogle.com\nyoutube.com\ndetik.com\nyahoo.com (6)\nwikipedia.org (9)\nwaptrick.com\n4shared.com\nmy.opera.com (10)\nkaskus.us (back on the list)\n\nTop handsets for September 2011\nNokia 5130 XpressMusic\nNokia X2\nNokia C3\nNokia E63\nNokia 2330c\nNokia 6300\nNokia 2700c\nNokia N70\nNokia 2730c\nNokia 3120c"
    },
    "20": {
      "summary": "1. Legislators passed UU ITE which is supposed to protect people and businesses from malicious Internet activities (such as DoS, hacking, sniffing, etc.)  \n2. With UU ITE, criminal acts over the Internet can be prosecuted and if convicted will result in jail time.  \n3. Ministry of ICT deployed TrustPositif initiative to block illegal sites (porn, gambling, etc.)  \n4. Some sites like Vimeo, which allow nudity video, Imgur, and Reddit are blocked.  \n5. TrustPositif only blocks (and forces redirect) DNS requests, thus this blocking method can easily be circumvented as seen in UC Browser.  \n6. Internet users can face libel suits and even criminal prosecution for comments posted by other users on their websites. In the case of politician Misbakhun, the Twitter user who accused him of being a corruptor on Twitter got jail time. Misbakhun was previously convicted but overturned by higher court.\n\nSource: http://news.okezone.com/read/2014/02/05/339/936399/fitnah-misbakhun-di-twitter-benhan-divonis-6-bulan-penjara  \nhttp://www.techinasia.com/online-porn-crackdown-vimeo-reddit-imgur-blocked-indonesia/"
    },
    "21": {
      "summary": "1. Vserv.mobi states that almost 30% of e-commerce traffic in Asia Pacific come from smartphones and tablets.\n2. Indonesian e-commerce website, lojai.com, recorded almost 20% of their sales come from mobile on May 2014.\n3. Tokobagus/OLX recorded 800% growth on their Android app in 2013.\n4. Rakuten managed to grow 438% on mobile during Apr-Dec 2012.\n5. There are still plenty of BBM Group “online shops” especially for fashion and apparels, in addition to Instagram and Facebook “shops” (F-commerce).\n\nSource:\nhttp://inet.detik.com/read/2014/04/22/082250/2561457/319/geliat-e-commerce-lewat-ponsel--tablet\nhttp://lifestyle.bisnis.com/read/20140526/106/230915/transaksi-online-pengguna-mobile-commerce-terus-meningkat-\nhttp://inet.detik.com/read/2013/03/12/092442/2191985/319/pengguna-aplikasi-android-tokobagus-naik-800\nhttp://tekno.kompas.com/read/2013/02/13/22332752/bisnis.e-commerce.melesat.kencang"
    },
    "22": {
      "summary": "1. Mobile E-commerce (2)\n• E-commerce with mobile apps:\n • OLX (1M-5M GP, #41 AS)\n • Tokopedia (100K-500K GP)\n • Berniaga.com (1M-5M GP)\n • Zalora (1M-5M GP, #169 AS)\n • Lazada (1M-5M GP, #70 AS)\n • Bilibili (50K-100K GP)\n • Bukalapak.com (50K-100K GP)\n • Elevenia (100K-500K GP, #193 AS)\n • Bhinneka (100K-500K GP)\n • Traveloka (100K-500K GP, #50 AS)\n • Tiket.com (50K-100K GP, #155 AS)\n\nPrice comparison websites:\n • PriceArea (100-500)\n • Telunjuk (5000-10000)\n • Pricelist (1000-5000)\n\nSource: Google Play & appannie.com"
    },
    "23": {
      "summary": "1. Ads industry estimates in Indonesia annually: (2011) $5 billion, (2012) $7 billion. 20% YoY growth.\n2. Ads media breakdown: TV accounts for 64% total ads expenses, 33% on newspaper, and 3% on magazines-tabloids.\n3. On average, Indonesian users consume 5 hours of media content. Mobile devices account for 36% of this, 106 minutes. Data from 2012.\n4. Customer decision influencer: mobile devices (55%), TV (49%), desktop PC (39%).\n5. In 2013 according to XL, mobile ads industry in Indonesia is worth $9.5 million. XL owned 25% of the mobile ads industry, at $2.3 million. 12.5% of XL’s mobile ads came from LBS ads.\n6. Mobile ads are expected to account for 5 to 10% of total ads industry in 2015.\n7. Currently intrusive ads (interstitial and offdeck ads) are the most popular form of mobile ads in Indonesia and have sparked controversy in the society.\n\nSource:\nhttp://inet.detik.com/read/2012/08/11/100556/1988959/328/3/relakah-ponsel-anda-dibanjiri-sms-iklan\nhttp://inet.detik.com/read/2012/12/06/090313/2110752/398/indonesia-pasar-iklan-mobile-terbesar-ketiga-di-dunia\nhttp://teknokompas.com/read/2013/05/03/1538144/3.operator.seluler.bersatu.demi.iklan.mobile\nhttp://inet.detik.com/read/2014/05/20/165432/2587450/328/xl-tak-puas-cuma-kebagian-25-kue-iklan-di-ponsel\nhttp://bisniskeuangan.kompas.com/read/2014/09/11/112456026/Soal.Iklan.Peralihan.Telkomsel.dan.XL.Axiata.Akan.Patuhi.Aturan"
    },
    "24": {
      "summary": "1. Global Ads Networks:\n- Google AdMob\n- Vserv.mobi\n- InMobi\n- BuzzCity\n- LINE\n- Adways\n- Nexage\n- Mobgold\n- Komli Mobile\n- MobPartner\n- Innity\n- Appia\n- Tapjoy\n- Flurry\n\n: Local Ads Networks:\n- LBS ad services from telcos\n- AdStars\n- AdPlus\n- Kliksaya"
    },
    "25": {
      "summary": "1. Indonesia is a Google Play-dominated market, other 3rd party app stores have little to no impact in the market\n2. Oomph (Smartfren App Store, Polytron App Store, & ADVAN App Store)\n3. NEO Apps World (MiTO phones)\n4. appmarket.co.id (tiPhone phones)\n5. Mobogenie (Changyou) – 400K MAU, 20% growth MoM\n6. Mobo Market (Baidu)\n7. GudangApp (XL-Huawei)\n8. TemanDev (Telkomsel)\n9. Samsung, LG, Huawei, ZTE\n10. Appota\n11. AppTOKO\n12. Archos Appslib\n13. 1mobile\n14. Nexian’s S-apps (http://sapps.iguanasms.com/)\n15. Cyrus (http://www.cyrusaplikasi.com/)\n16. SpeedUp Studio\n\nSource: http://tekno.liputan6.com/read/2061048/ekspansi-indonesia-toko-aplikasi-mobogenie-suguhkan-konten-lokal"
    },
    "26": {
      "summary": "170M active/560M registered = 30.4% active user rate, 30M registered ID user*30.4%=9.1M active ID user, 9.1/170=5.4% active ID user as percentage, $95M*20% revenue from outside Japan=$19M revenue outside Japan, 5.4%*$19M=$1M per 3mths revenue from ID, $1M/3 months=$300K monthly revenue from ID.\n\nSource: Google Play & appannie.com\nhttp://www.businessinsider.com/line-is-not-just-about-sticker-revenue-2013-12\nhttp://techchina.com/line-japanese-messaging-app-has-170-million-monthly-active-users/\nhttp://techcrunch.com/2013/05/09/line-reports-q1-2013-earnings-of-58-9m-half-from-game-in-app-purchases-30-from-stickers-80-from-japan/\n\nhttps://www.techniasia.com/indonesian-tv-company-move-games-invests-gaming-startup-artoncode/"
    },
    "27": {
      "summary": "1. Music industry has long stopped major marketing campaigns on music due to deteriorating sales of cassettes/CDs and increasing adoption of MP3 in phones.\n2. Music industry has been relatively quiet since the Black October incident in Indonesia.\n3. The music industry is hit so bad, that it caused Aquarius (one of the oldest music labels in Indonesia) had to close its long standing music stores in Jakarta.\n4. Disc Tarra also downsized their shops at shopping malls. Disc Tarra owns the largest physical music distribution chain in Indonesia.\n5. Various local music apps have struggled to bring profitable business, including industry heavyweights like Telkom’s MelOn and Telkomsel’s Langitmusik. MusikLegal (by GenID) also failed to grow the market, despite GenID being the official digital repository for most music labels in Indonesia.\n6. Smartfren claims that Indonesian digital music industry is worth $60 million for the last 12 months (2014).\n\nSource: http://inet.detik.com/read/2014/06/20/184601/2614723/328/bisnis-musik-digital-di-indonesia-tembus-rp-720-miliar\nhttp://inet.detik.com/read/2014/06/28/121844/2621992/328/1/andromax-semakin-kaya-konten-cepat-aman\nhttp://celebrity.okezone.com/read/2013/12/31/386/920058/industri-musik-indonesia-makin-terpuruk"
    },
    "28": {
      "summary": "1. Smartfren preloads Gudang Musik into Smartfren Andromax phones, in cooperation with MelOn. Gudang Musik offers 1 million songs from 87 music labels, 8 of them are global labels.\n2. Telkom’s MelOn finally made annual net profit of $400K in 2014, after years of losses. MelOn made $600K net loss the year before.\n3. In addition to the telcos’ music businesses, currently Apple’s iTunes contributes to digital income of the music label companies.\n4. Preloaded music stores on local Android phones have limited success.\n5. Most radio stations have online streaming these days to appeal to broader audience, because radio stations operate locally.\n6. Malaysia contributes to sales of original CDs of Indonesian music.\n7. Nagaswara, one of Indonesia’s top music label with hundreds of artists under their management, earns $100K monthly from Malaysia.\n8. Malaysians also buy Indonesian music through iTunes due to better penetration of credit cards in Malaysia.\n\nSource: http://inet.detik.com/read/2014/08/02/120430/2651528/328/telkom-akhirnya-cicipi-manisnya-melon\nhttp://celebrity.okezone.com/read/2013/08/04/386/847524/malaysia-penyelamat-musik-indonesia/large"
    },
    "29": {
      "summary": "<summary> tags. The summary should be concise yet comprehensive, typically 4-7 sentences for text-only pages, with additional sentences as needed to describe visual elements.\n\nFor visual elements, please use these specific tags:\n- <table_summary> for descriptions of tables\n- <figure_summary> for descriptions of figures, charts, graphs, or diagrams\n- <image_summary> for descriptions of photos, illustrations, or other images\n\nExample structure:\n<summary>\n[Main text content summary here]\n\n<table_summary>Table 1: [Brief description of what the table shows]</table_summary>\n\n<figure_summary>Figure 2: [Brief description of what the figure depicts]</figure_summary>\n\n<image_summary>[Brief description of image content]</image_summary>\n</summary>"
    },
    "30": {
      "summary": "1. Country profile\n2. Mobile Internet ecosystem\n3. Mobile Internet business model\n4. Investment enrolled on Internet"
    },
    "31": {
      "summary": "0-20 | 20-40 | 40-60 | 60-80 | Above 80 | No data\nPre-paid handset-based subscription with 500mb of data per month: based on US$ at Purchasing Power Parity\nSource: ITU (2012), Andriodcentral.com (2013)"
    },
    "32": {
      "summary": "62% of Internet users access through mobile, and less than 10% of them have Internet access at home.\n92% of Internet users in Indonesia own a Facebook account.\nAlmost 90% of the Indonesian Facebook users access it through mobile.\nAside from TV, Internet has become the main source of information, ahead of newspapers.\n60% of Internet users already rely on the Internet to find information.\nAccording to InMobi, Indonesia made 200 billion mobile ads impression in 2012, 2nd largest market after US for mobile ads.\nBuzzCity, a global mobile ad agency, records significant increase in ad impressions in Indonesia for 2014.\n\nSource: http://id.techniasia.com/laporan-mayoritas-masyarakat-indonesia-akses-internet-lewat-perangkat-mobile-slideshow/\nhttp://tekno.kompas.com/read/2014/10/12/09393227/Pagi.Ini.Mark.Zuckerberg.Kunjungi.borobudur\n\nSource: buzzcity.com\n\nIndonesia\n51.6%\nIndonesia\n71.0%\nSEA Average\nMobile Users\n37.0%\nFemale\nMale\n\nQ1 2013\n8,203,950,488\n\nQ2 2013\n9,404,850,579\n\nQ1 2014\n16,322,888,551\n\nIndonesia Ad Impressions (BuzzCity)"
    },
    "33": {
      "summary": "1. Mobile Internet Growth (2)\n\nInstant messaging is the primary method of communication for mobile phone users. 90% of them are using IM everyday and of which 60% use IM multiple times daily.\nOn average, there are 4.2 IM applications installed on the mobile phone users' device, with WhatsApp, BlackBerry Messenger (BBM), and LINE are the top 3 IM installed. In September 2014, LINE reported to have 30 million users from Indonesia.\nE-commerce users prefer to shop online through conventional ecommerce sites (20%), social media (26%), IM group like BBM Group (27%), and forum and classifieds like Kaskus and OLX (27%).\n\nSource: http://id.techniasia.com/laporan-mayoritas-masyarakat-indonesia-akses-internet-lewat-perangkat-mobile-slideshow/\nhttp://id.techniasia.com/tingkah-laku-pengguna-internet-indonesia/\nhttp://www.techniasia.com/line-releases-regional-breakdowns-for-its-490m-registered-users/"
    },
    "34": {
      "summary": "24%\n: 20%\n: 16%\n: 14%\n: 12%\n: 6%\n: 8%\n: 4%\n\nSource: APJII, Profile Internet Indonesia, Desember 2012\n\nMobile Internet Users Avg. Internet Users Avg.\n\nSource: MM & VZERv.mobi, The Mobile Internet Consumer Indonesia, 2013\n\n<table>PercentageFull-time job39%Business16%Entrepreneur12%Part-time job9%Student16%Housewives4%Retired4%</table>\n\n<table>PercentageGAMES/APPS ARE THE MOST DOWNLOADED MOBILE CONTENT70%GAME / APP44%VIDEO33%MUSIC49%THEMES49%</table>\n\nSource: MM & VZERv.mobi, The Mobile Internet Consumer Indonesia, 2013"
    },
    "35": {
      "summary": "2B\n: 2C"
    },
    "36": {
      "summary": "1. Mobile Internet Payment Options\n2. How do users pay for mobile ecommerce in Indonesia?\n3. PSP Service\n4. Coda Payments\n5. Mimopay\n6. Mandiri e-cash\n7. BCA Klikpay\n8. Doku/Veritrans/E2Pay/Indopay/Finpay/IPayMu/IPay88\n9. Description info:\n10. Coda Payments is one of the earlier PSP that provides carrier billing with AXIS. Indonesia is a predominantly prepaid market, carrier billing can be considered as airtime/balance deduction. AXIS users can easily key in their AXIS mobile phone no into at merchants cooperating with Coda and it will send an SMS asking to confirm. Upon confirmation, the user's airtime balance will be deducted and payment is completed.\n11. Mimopay is the pioneer of accepting 3rd party payments using telco’s prepaid card (Smartfren’s). Mimopay works with XL and Telkomsel for carrier billing. Similar to Coda, Mimopay also require users to key in their mobile phone no to confirm via SMS. For Smartfren prepaid reload cards, users can just key in the secret code into the merchants' website to claim the credits. Mimopay is the first PSP in Indonesia that deploys its own Android SDK to assist apps merchants in adopting Mimopay’s various channels.\n12. Mandiri e-cash is the latest product of Mandiri, the largest bank in Indonesia. Mandiri e-cash has UMB/USSD access menu on every telco (*141*6#) or an app for Android/iOS users. Mandiri e-cash enables people with no bank account to easily own a Mandiri e-cash account by using their mobile phone no as their account no. This is a common product for banks to have because of the huge amount of unbanked people in Indonesia.\n13. BCA Klikpay is BCA’s answer to PayPal. BCA is the largest consumer bank in Indonesia, it has the largest no of ATMs and EDCs in the country. BCA Klikpay allows users to deduct their bank account balance directly. Most people own a BCA account in major cities across Indonesia, so this is a very convenient payment method.\n14. Doku and IPayMu aim to be Indonesia’s PayPal. While Veritrans, E2Pay, Indopay, Finpay, and IPay88 are credit cards payment processor. Doku has its own wallet and has the widest coverage of merchants. Major merchants utilize Doku Wallet and Doku as their credit cards payment processor."
    },
    "37": {
      "summary": "1. Country profile\n2. Mobile Internet ecosystem\n3. Mobile Internet business model\n4. Investment enrolled on Internet"
    },
    "38": {
      "summary": "1. Carefully read and analyze the page content.\n2. Identify the main topics, key points, and important details presented on the page.\n3. Note any tables, figures, charts, diagrams, or images on the page and briefly describe their content and purpose.\n4. Create a structured summary that captures:\n    - The essential textual information from the page\n    - Descriptions of any visual elements (tables, figures, images, etc.)\n    - Any particularly notable or unique information\n\nSource: http://www.techniasia.com/10-of-indonesia-most-active-venture-capital-firms/\n\nSeveral other major VCs are playing the space as well – Mountain SEA Ventures, Ideosource, Grupara, Fenox Venture Capital, IMJ Investment Partners."
    }
  }
}
