{
  "doc_id": "Macbook_air.pdf",
  "pages": {
    "1": {
      "summary": "1. Carefully read and analyze the page content.\n2. Identify the main topics, key points, and important details presented on the page.\n3. Note any tables, figures, charts, diagrams, or images on the page and briefly describe their content and purpose.\n4. Create a structured summary that captures:\n   - The essential textual information from the page\n   - Descriptions of any visual elements (tables, figures, images, etc.)\n   - Any particularly notable or unique information\n\nPresent your summary within <summary> tags. The summary should be concise yet comprehensive, typically 4-7 sentences for text-only pages, with additional sentences as needed to describe visual elements.\n\nFor visual elements, please use these specific tags:\n- <table_summary> for descriptions of tables\n- <figure_summary> for descriptions of figures, charts, graphs, or diagrams\n- <image_summary> for descriptions of photos, illustrations, or other images\n\nExample structure:\n<summary>\n[Main text content summary here]\n\n<table><table>Table 1: [Brief description of what the table shows]</table></table>\n\n<figure_summary>Figure 2: [Brief description of what the figure depicts]</figure_summary>\n\nNote: Ensure your summary accurately reflects the content of the page, focusing on the most significant details while maintaining clarity and coherence."
    },
    "2": {
      "summary": " Built-in iSight camera\nVideo chat with up to three friends anywhere in the world at the same time.\nwww.apple.com/macbookair\nMac Help Q isight\n\n: Finder\nBrowse the contents of your computer using Cover Flow.\nwww.apple.com/macosx\nMac Help Q finder\n\n: Time Machine\nAutomatically back up your files to an extra hard drive.\nwww.apple.com/macosx\nMac Help Q time machine"
    },
    "3": {
      "summary": "1. Collect all your video in one library. Create and share movies in minutes.\n2. Organize all your photos with Events. Publish to a Web Gallery with a click.\n3. Create beautiful websites with photos, movies, blogs, podcasts, and dynamic web widgets.\n4. Create music by adding musicians to a virtual stage. Enhance your song to sound like a pro.\n5. Create beautiful websites with photos, movies, blogs, podcasts, and dynamic web widgets.\n6. Create music by adding musicians to a virtual stage. Enhance your song to sound like a pro.\n7. Create beautiful websites with photos, movies, blogs, podcasts, and dynamic web widgets.\n8. Create music by adding musicians to a virtual stage. Enhance your song to sound like a pro.\n9. Create beautiful websites with photos, movies, blogs, podcasts, and dynamic web widgets.\n10. Create music by adding musicians to a virtual stage. Enhance your song to sound like a pro.\n11. Create beautiful websites with photos, movies, blogs, podcasts, and dynamic web widgets.\n12. Create music by adding musicians to a virtual stage. Enhance your song to sound like a pro.\n13. Create beautiful websites with photos, movies, blogs, podcasts, and dynamic web widgets.\n14. Create music by adding musicians to a virtual stage. Enhance your song to sound like a pro.\n15. Create beautiful websites with photos, movies, blogs, podcasts, and dynamic web widgets.\n16. Create music by adding musicians to a virtual stage. Enhance your song to sound like a pro.\n17. Create beautiful websites with photos, movies, blogs, podcasts, and dynamic web widgets.\n18. Create music by adding musicians to a virtual stage. Enhance your song to sound like a pro.\n19. Create beautiful websites with photos, movies, blogs, podcasts, and dynamic web widgets.\n20. Create music by adding musicians to a virtual stage. Enhance your song to sound like a pro.\n21. Create beautiful websites with photos, movies, blogs, podcasts, and dynamic web widgets.\n22. Create music by adding musicians to a virtual stage. Enhance your song to sound like a pro.\n23. Create beautiful websites with photos, movies, blogs, podcasts, and dynamic web widgets.\n24. Create music by adding musicians to a virtual stage. Enhance your song to sound like a pro.\n25. Create beautiful websites with photos, movies, blogs, podcasts, and dynamic web widgets.\n26. Create music by adding musicians to a virtual stage. Enhance your song to sound like a pro.\n27. Create beautiful websites with photos, movies, blogs, podcasts, and dynamic web widgets.\n28. Create music by adding musicians to a virtual stage. Enhance your song to sound like a pro.\n29. Create beautiful websites with photos, movies, blogs, podcasts, and dynamic web widgets.\n30. Create music by adding musicians to a virtual stage. Enhance your song to sound like a pro.\n31."
    },
    "4": {
      "summary": "1. Read the page carefully and identify the main topics and key points.\n2. Identify any tables, figures, or images on the page and provide a brief description of each.\n3. Use the provided tags to structure your summary effectively.\n4. Ensure your summary is concise and captures the main content and visual elements of the page."
    },
    "5": {
      "summary": "1. Welcome\n2. What's in the Box\n3. Setting Up Your MacBook Air\n4. Getting DVD or CD Sharing\n5. Migrating Information to Your MacBook Air\n6. Getting Additional Information onto Your MacBook Air\n7. Putting Your MacBook Air to Sleep or Shutting It Down\n\n: 26. Basic Features of Your MacBook Air\n27. Keyboard Features of Your MacBook Air\n28. Ports on Your MacBook Air\n29. Using the Trackpad and Keyboard\n30. Running Your MacBook Air on Battery Power\n31. Getting Answers\n\n: 40. Problems That Prevent You from Using Your MacBook Air\n41. Using Apple Hardware Test"
    },
    "6": {
      "summary": "45 Reinstalling Software Using Remote Install Mac OS X\n49 Reinstalling Software Using the MacBook Air SuperDrive\n51 Problems with AirPort Extreme Wireless Communication\n51 Problems with Your Internet Connection\n53 Keeping Your Software Up to Date\n53 Learning More, Service, and Support\n56 Locating Your Product Serial Number\n\nChapter 4: Last, but Not Least\n58 Important Safety Information\n60 Important Handling Information\n62 Understanding Ergonomics\n64 Apple and the Environment\n65 Regulatory Compliance Information\n\nLooking for Something?\n70 Index"
    },
    "7": {
      "summary": "1. Read the page carefully.\n2. Identify the main topics and key points.\n3. Note any tables, figures, or images.\n4. Create a concise summary.\n\nThe provided example is a template for summarizing a page in the context of an Apple Support Community article. The template includes placeholders for the page's URL, title, and the main sections to summarize."
    },
    "8": {
      "summary": " If you have any questions about the instructions or need further clarification, feel free to ask!"
    },
    "9": {
      "summary": "45W MagSafe Power Adapter\n\nImportant: Remove the protective film covering the 45W MagSafe Power Adapter before setting up your MacBook Air.\n\nAbout Optical Discs\nAlthough your MacBook Air doesn’t have an optical disc drive, it does include DVD discs with important software. You can easily access this software, as well as install applications and access data from other optical discs, using the optical disc drive on another Mac or Windows computer. You can also use the optional MacBook Air SuperDrive, an external optical disc drive."
    },
    "10": {
      "summary": "1. Plug in the 45W MagSafe Power Adapter to provide power to the MacBook Air and charge the battery.\nInsert the AC plug of your power adapter into a power outlet and the MagSafe connector into the MagSafe power port, located on the back left side of your MacBook Air. As the MagSafe connector gets close to the port, you'll feel a magnetic pull drawing it in.\n\n<figure_summary>Step 1: Plug in the 45W MagSafe Power Adapter to provide power to the MacBook Air and charge the battery.</figure_summary>\n\n<figure_summary>Step 2: Insert the AC plug of your power adapter into a power outlet and the MagSafe connector into the MagSafe power port, located on the back left side of your MacBook Air. As the MagSafe connector gets close to the port, you'll feel a magnetic pull drawing it in.</figure_summary>"
    },
    "11": {
      "summary": " To extend the reach of your power adapter, replace the AC plug with the AC power cord. First pull the AC plug up to remove it from the adapter, and then attach the included AC power cord to the adapter, making sure it is seated firmly. Plug the other end into a power outlet.\n\nWhen disconnecting the power adapter from an outlet or from the computer, pull the plug, not the cord.\n\nWhen you first connect the power adapter to your MacBook Air, an indicator light on the MagSafe connector starts to glow. An amber light indicates that the battery is charging. A green light indicates that the battery is fully charged. If you don't see a light, make sure the connector is seated properly and the power adapter is plugged into a power outlet."
    },
    "12": {
      "summary": "1. Press the power button to turn on your MacBook Air.\n2. You will hear a tone when you turn on the computer.\n\nIf you have any questions about the process or need further assistance, feel free to ask!"
    },
    "13": {
      "summary": "1. In the Setup Assistant, follow the onscreen instructions until you get to the \"Do You Already Own a Mac?\" screen.\n2. To do a basic setup or a setup with migration:\n    - To do a basic setup, select \"Do not transfer my information now\" and click Continue. Follow the remaining prompts to select your wireless network, set up an account, and exit Setup Assistant.\n    - To do a setup with migration, first set up another Mac that has an optical disc drive to partner with (see \"Setting Up DVD or CD Sharing\" on page 15). Then go to page 16, \"Migrating Information to Your MacBook Air.\"\nNote: If you've already started Setup Assistant on your MacBook Air, you can leave it mid-process without quitting, move to the other computer to install the DVD or CD Sharing Setup software, and then return to your MacBook Air to complete the setup."
    },
    "14": {
      "summary": "1. Customize the Mac OS X desktop and set preferences.\n2. You can quickly make the desktop look the way you want using System Preferences.\n3. Choose Apple ( ) > System Preferences from the menu bar or click the System Preferences icon in the Dock. System Preferences is your command center for most settings on your MacBook Air.\n\nHere's an example of a summary for the provided page:\n\n<summary>\n[Main text content summary here]\n\nSystem Preferences icon\n\nDock Finder icon\n\nSystem Preferences icon\n\nSystem Preferences icon\n\nSystem Preferences icon\n\nSystem Preferences icon\n\nSystem Preferences icon\n\nSystem Preferences icon\n\nSystem Preferences icon\n\nSystem Preferences icon\n\nSystem Preferences icon\n\nSystem Preferences icon\n\nSystem Preferences icon\n\nSystem Preferences icon\n\nSystem Preferences icon\n\nSystem Preferences icon\n\nSystem Preferences icon\n\nSystem Preferences icon\n\nSystem Preferences icon\n\nSystem Preferences icon\n\nSystem Preferences icon\n\nSystem Preferences icon\n\nSystem Preferences icon\n\nSystem Preferences icon\n\nSystem Preferences icon\n\nSystem Preferences icon\n\nSystem Preferences icon\n\nSystem Preferences icon\n\nSystem Preferences icon\n\nSystem Preferences icon\n\nSystem Preferences icon\n\nSystem Preferences icon\n\nSystem Preferences icon\n\nSystem Preferences icon\n\nSystem Preferences icon\n\nSystem Preferences icon\n\nSystem Preferences icon\n\nSystem Preferences icon\n\nSystem Preferences icon\n\nSystem Preferences icon\n\nSystem Preferences icon\n\nSystem Preferences icon\n\nSystem Preferences icon\n\nSystem Preferences icon\n\nSystem Preferences icon\n\nSystem Preferences icon\n\nSystem Preferences icon\n\nSystem Preferences icon\n\nSystem Preferences icon\n\nSystem Preferences icon\n\nSystem Preferences icon\n\nSystem Preferences icon\n\nSystem Preferences icon\n\nSystem Preferences icon\n\nSystem Preferences icon\n\nSystem Preferences icon\n\nSystem Preferences icon\n\nSystem Preferences icon\n\nSystem Preferences icon\n\nSystem Preferences icon\n\nSystem Preferences icon\n\nSystem Preferences icon\n\nSystem Preferences icon\n\nSystem Preferences icon\n\nSystem Preferences icon\n\nSystem Preferences icon\n\nSystem Preferences icon\n\nSystem Preferences icon\n\nSystem Preferences icon\n\nSystem Preferences icon\n\nSystem Preferences icon\n\nSystem Preferences icon\n\nSystem Preferences icon\n\nSystem Preferences icon\n\nSystem Preferences icon\n\nSystem Preferences icon\n\nSystem Preferences icon\n\nSystem Preferences icon\n\nSystem Preferences icon\n\nSystem Preferences icon\n\nSystem Preferences icon\n\nSystem Preferences icon\n\nSystem Preferences icon\n\nSystem Preferences icon\n\nSystem Preferences icon\n\nSystem Preferences icon\n\nSystem Preferences icon\n\nSystem Preferences icon\n\nSystem Preferences icon\n\nSystem Preferences icon\n\nSystem Preferences icon\n\nSystem Preferences icon\n\nSystem Preferences icon\n\nSystem Preferences icon\n\nSystem Preferences icon\n\nSys"
    },
    "15": {
      "summary": "1. Mac or Windows computer\n2. Ready, Set Up, Go\n3. Chapter 1\n4. 15"
    },
    "16": {
      "summary": " If the user's Mac OS X Install Disc 1 has not been installed, the Mac OS X Install Disc 1 must be downloaded and installed first. If the other computer is a Mac, double-click the DVD or CD Sharing Setup package on the Mac OS X Install Disc 1. If the other computer is a Windows computer, choose \"DVD or CD Sharing\" from the Install Assistant that starts automatically.\n\nIf the user's Mac OS X Install Disc 1 has been installed, the Mac OS X Install Disc 1 must be downloaded and installed first. If the other computer is a Mac, double-click the DVD or CD Sharing Setup package on the Mac OS X Install Disc 1. If the other computer is a Windows computer, choose \"DVD or CD Sharing\" from the Install Assistant that starts automatically.\n\nMigrating Information to Your MacBook Air\nYou can migrate existing user accounts, files, applications, and other information from another Mac computer.\n\nTo migrate information to your MacBook Air:\n1. Configure the other Mac (see page 15), and then make sure that it is turned on and that it is on the same wired or wireless network as your MacBook Air.\n   Check the AirPort ( ) status icon in the menu bar at the top of the other Mac screen to see what wireless network you're connected to. Choose the same network for your MacBook Air during setup.\n2. On your MacBook Air, follow the Setup Assistant onscreen instructions until you get to the \"Do You Already Own a Mac?\" screen. Select \"from another Mac\" as the source of the information you want to transfer. On the next screen, choose your wireless network, and then click Continue."
    },
    "17": {
      "summary": "3 When you see the Connect To Your Other Mac screen with a passcode displayed, do the remaining steps on the other Mac. You will enter the passcode in Migration Assistant on the other Mac.\n\nWhen you see the Connect To Your Other Mac screen with a passcode displayed, do the remaining steps on the other Mac. You will enter the passcode in Migration Assistant on the other Mac.\n\nOn your other Mac, do the following steps:\n\nInsert the Mac OS X Install Disc 1 that came with this computer and install the DVD or Sharing Setup software.\n\nJoin the same AirPort network as this computer (New MacBook).\n\nOpen Migration Assistant (located in the Utilities folder inside the Applications folder) and follow the onscreen instructions.\n\nEnter the following passcode:\n\n640256\n\nLooking for other computers...\nGo Back Continue\n\n4 On the other Mac, open Migration Assistant (located in /Applications/Utilities/), and then click Continue.\n\n5 When you are prompted for a migration method, select \"To another Mac,\" and then click Continue.\n\n6 On the other Mac, quit any other open applications and then click Continue."
    },
    "18": {
      "summary": "7 On the other Mac, enter the six-digit passcode displayed in Setup Assistant on your MacBook Air.\n\n8 Click Continue to start the migration.\n\nImportant: Don’t use the other Mac for anything else until the migration is complete."
    },
    "19": {
      "summary": "1. Install applications onto your MacBook Air using the optical disc drive on another Mac or Windows computer (if DVD or CD Sharing is set up and enabled). Read the next section for more information.\n2. Attach the MacBook Air SuperDrive (an external USB optical disc drive available separately at www.apple.com/store) to the USB port on your MacBook Air, and insert your installation disc.\n\nSharing Discs with DVD or CD Sharing\nYou can enable DVD or CD Sharing on a Mac or Windows computer so that your MacBook Air can share the discs you insert into the optical disc drive of the other computer. Some discs, such as DVD movies and game discs, may be copy-protected and therefore unusable through DVD or CD Sharing.\n\nMake sure you first install the DVD or CD Sharing Setup software on any Mac or Windows computer you want to partner with. See page 15 for more information.\n\nTo enable DVD or CD Sharing, if your other computer is a Mac:\n1. Make sure the other Mac and your MacBook Air are on the same wireless network. Check the AirPort ( ) status icon in the menu bar to see what network you're connected to."
    },
    "20": {
      "summary": "2 On the other Mac, choose Apple ( ) > System Preferences and then open Sharing.\n\nClick the lock to prevent further changes.\n\n---\n\n3 In the Sharing panel, select \"DVD or CD Sharing\" in the Service list. If you want other users to request permission to share a DVD or CD, select \"Ask me before allowing others to use my DVD drive.\"\n\nTo enable DVD or CD Sharing, if your other computer is a Windows computer:\n\n1. Make sure your MacBook Air and the Windows computer are on the same wireless network."
    },
    "21": {
      "summary": "2 On the Windows computer, open the DVD or CD Sharing control panel.\n\n### DVD or CD Sharing\n\n#### Enable DVD or CD Sharing\nThis allows users of other computers to use this computer's DVD or CD drives remotely.\n\n#### Ask me before allowing others to use my DVD drive\n\n---\n\n### To use a shared DVD or CD:\n1. On the other computer, insert a DVD or CD into the optical disc drive.\n2. On your MacBook Air, select the Remote Disc when it appears under Devices in the Finder sidebar. If you see the \"Ask to use\" button, click it.\n\nOn the other computer, when prompted, click Accept to allow your MacBook Air to use the DVD or CD.\n\nOn your MacBook Air, use the disc as you normally would once it becomes available.\n\nIf you try to shut down the other computer or eject the shared DVD or CD while your MacBook Air is using it, you'll see a message telling you that the disc is in use. To proceed, click Continue."
    },
    "22": {
      "summary": "当您完成 MacBook Air 上的 Sleep 或 Shutting It Down 功能时，您的 MacBook Air 将自动在睡眠或关机模式下进入休眠模式。如果您在睡眠或关机模式下打开电源，MacBook Air 将在大约 30 秒后进入休眠模式。\n\nTo put your MacBook Air to sleep, do one of the following:\n- Close the display.\n- Choose Apple ( ) > Sleep from the menu bar.\n- Press the power ( ) button and click Sleep in the dialog that appears.\n- Choose Apple ( ) > System Preferences, click Energy Saver, and set a sleep timer.\n\n**NOTE:** Wait a few seconds until the sleep indicator light on the front of your MacBook Air starts pulsing (indicating that the computer is in sleep and the hard disk has stopped spinning) before you move your MacBook Air. Moving your computer while the hard disk is spinning can damage it, causing loss of data or the inability to start up from the hard disk.\n\nTo wake your MacBook Air:\n- If the display is closed, simply open it to wake your MacBook Air.\n- If the display is already open, press the power ( ) button or any key on the keyboard.\n\nWhen your MacBook Air wakes from sleep, your applications, documents, and computer settings are exactly as you left them."
    },
    "23": {
      "summary": " If you aren't going to use your MacBook Air for a day or two, it's best to shut it down. The sleep indicator light goes on briefly during the shutdown process.\n\nTo shut down your MacBook Air, do one of the following:\n- Choose Apple (☏) > Shut Down from the menu bar.\n- Press the power (U) button and click Shut Down in the dialog that appears.\n\nIf you plan to store your MacBook Air for an extended period of time, see \"Important Handling Information\" on page 60 for information about how to prevent your battery from draining completely."
    },
    "24": {
      "summary": "1. Read the page carefully and identify the main topics and key points.\n2. Identify any tables, figures, or images on the page and provide a brief description of each.\n3. Use the provided tags to structure your summary effectively.\n4. Ensure your summary is concise and captures the main content and visual elements of the page."
    },
    "25": {
      "summary": "2\n\nLife with Your MacBook Air"
    },
    "26": {
      "summary": "以下是图片中提取的所有文字内容：\n\n---\n\n**Basic Features of Your MacBook Air**\n\n- Ambient light sensor\n- iSight camera\n- Camera indicator light\n- Microphone\n- Mono speaker (under keyboard)\n- Battery (built-in)\n- Trackpad\n- Sleep indicator light\n- Trackpad button\n- Infrared (IR) receiver\n- Power button"
    },
    "27": {
      "summary": "1. **Ambient light sensor**\nThe ambient light sensor adjusts the illuminated keyboard according to the available light in your operating environment.\n\n: 2. **Built-in iSight camera and camera indicator light**\nVideoconference with others using iChat AV, snap pictures with Photo Booth, or capture video with iMovie. The indicator light glows green when the iSight camera is operating.\n\n: 3. **Built-in microphone**\nCapture sounds directly with the microphone (located to the right of the iSight camera) or talk with friends live using the included iChat AV application.\n\n: 4. **Built-in mono speaker**\nListen to music, movies, games, and multimedia files.\n\n: 5. **Built-in rechargeable battery**\nRun your MacBook Air using battery power when you are away from a power outlet.\n\n: 6. **Trackpad and trackpad button**\nMove the pointer, click, double-click, scroll, zoom, and more, using one or more fingers on the trackpad. For details, see \"Using the Trackpad and Keyboard\" on page 32.\n\n: 7. **Sleep indicator light**\nA white light pulses when your MacBook Air is in sleep.\n\n: 8. **Built-in infrared (IR) receiver**\nUse an optional Apple Remote (sold separately at www.apple.com/store) with the IR receiver to control Front Row and Keynote on your MacBook Air.\n\n: 9. **Power button**\nTurn your MacBook Air on or off, or put it to sleep. Press and hold to restart your MacBook Air during troubleshooting."
    },
    "28": {
      "summary": "<summary> tags. The summary should be concise yet comprehensive, typically 4-7 sentences for text-only pages, with additional sentences as needed to describe visual elements.\n\nFor visual elements, please use these specific tags:\n- <table_summary> for descriptions of tables\n- <figure_summary> for descriptions of figures, charts, graphs, or diagrams\n- <image_summary> for descriptions of photos, illustrations, or other images\n\nExample structure:\n<summary>\n[Main text content summary here]\n\n<table_summary>Table 1: [Brief description of what the table shows]</table_summary>\n\n<figure_summary>Figure 2: [Brief description of what the figure depicts]</figure_summary>\n\n<image_summary>[Brief description of image content]</image_summary>\n</summary>"
    },
    "29": {
      "summary": "1. Press and hold this key to activate customized actions assigned to the function keys (F1 to F12). To learn how to customize function keys, choose Help > Mac Help from the menu bar and search for \"function keys.\"\n\n: 2. Increase (▲) or decrease (◀) the brightness of your MacBook Air display.\n\n: 3. Open ExpoSet for quick access to all your open windows.\n\n: 4. Dashboard key (F4)\n   Open Dashboard to access your widgets.\n\n: 5. Keyboard illumination keys (F5, F6)\n   Increase (◀) or decrease (◀) the brightness of the keyboard illumination.\n\n: 6. Media keys (F7, F8, F9)\n   Rewind (▶), play or pause (▶), or fast-forward (▶) a song, movie, or slideshow.\n\n: 7. Mute key (F10)\n   Mute the sound coming from the built-in speaker or headphone jack.\n\n: 8. Volume keys (F11, F12)\n   Increase (◀) or decrease (◀) the volume of the sound coming from the built-in speaker or headphone jack.\n\n: 9. Media Eject key\n   Press and hold this key to eject a disc from a MacBook Air SuperDrive (available separately at www.apple.com/store). You can also eject a disc by dragging its desktop icon to the Trash.\n\n: 10. Chapter 2 Life with Your MacBook Air"
    },
    "30": {
      "summary": "<summary> tags. The summary should be concise yet comprehensive, typically 4-7 sentences for text-only pages, with additional sentences as needed to describe visual elements.\n\nFor visual elements, please use these specific tags:\n- <table_summary> for descriptions of tables\n- <figure_summary> for descriptions of figures, charts, graphs, or diagrams\n- <image_summary> for descriptions of photos, illustrations, or other images\n\nExample structure:\n<summary>\n[Main text content summary here]\n\n<table_summary>Table 1: [Brief description of what the table shows]</table_summary>\n\n<figure_summary>Figure 2: [Brief description of what the figure depicts]</figure_summary>\n\n<image_summary>[Brief description of image content]</image_summary>\n</summary>"
    },
    "31": {
      "summary": "1. MagSafe power port\nPlug in the included 45W MagSafe Power Adapter to recharge the MacBook Air battery.\n\n: Port hatch\nOpen the port hatch to use the headphone jack, USB 2.0 port, and Micro-DVI port.\n\n: Headphone jack\nConnect external speakers or headphones.\n\n: USB (Universal Serial Bus) 2.0 port\nConnect an external optical disc drive, USB to Ethernet adapter, modem, iPod, mouse, keyboard, and more to your MacBook Air. You can also connect USB 1.1 devices.\n\n: Micro-DVI (video out) port\nConnect an external display, projection device, or TV that uses a DVI, VGA, composite, or S-video connector. Depending on the type of external device you're connecting, you can use the included Micro-DVI to DVI Adapter or Micro-DVI to VGA Adapter. The Micro-DVI to Video Adapter, which provides composite and S-video support, is sold separately at www.apple.com/store.\n\n:"
    },
    "32": {
      "summary": "2023 Life with Your MacBook Air"
    },
    "33": {
      "summary": " Two-finger scrolling lets you drag to scroll quickly up, down, or sideways in the active window. This option is on by default.\n\nThe following trackpad gestures work in certain applications, such as Preview or iPhoto. For more information, choose Help > Mac Help and search for \"trackpad.\"\n\n• Two-finger pinching lets you zoom in or out on PDFs, images, photos, and more.\n\n<image_summary>"
    },
    "34": {
      "summary": " Two-finger rotating lets you rotate photos, pages, and more.\n: Three-finger swiping lets you rapidly page through documents, move to the previous or next photo, and more.\n\nRunning Your MacBook Air on Battery Power\nWhen the 45W MagSafe Power Adapter is not connected, your MacBook Air draws power from its built-in rechargeable battery. The length of time that you can run your MacBook Air varies, depending on the applications you use and the external devices connected to your MacBook Air. Turning off features such as AirPort Extreme or Bluetooth® wireless technology can help conserve battery charge.\n\nIf the battery runs low while you are working, attach the power adapter that came with your MacBook Air and let the battery recharge. When the power adapter is connected, the battery recharges whether the computer is on, off, or in sleep. The battery recharges more quickly, however, when the computer is off or in sleep.\n\nYou can determine whether the battery needs charging by looking at the indicator light on the MagSafe connector. If the light is glowing amber, the battery needs to be charged. If the light is glowing green, the battery is fully charged."
    },
    "35": {
      "summary": "1. Click the Battery icon in the menu bar to view the battery status icon in the menu bar. The battery charge level displayed is based on the amount of power left in the battery with the applications, peripheral devices, and system settings you are currently using.\n\nTo conserve battery power, close applications and disconnect peripheral devices not in use, and adjust your Energy Saver settings. For more information about battery conservation and performance tips, go to www.apple.com/batteries/notebooks.html.\n\nImportant: The battery is replaceable only by an Apple Authorized Service Provider.\n\nGetting Answers\nMuch more information about using your MacBook Air is available in Mac Help and on the Internet at www.apple.com/support/macbookair.\n\nTo get Mac Help:\n1. Click the Finder icon in the Dock (the bar of icons along the edge of the screen).\n\n2. Click the Help menu in the menu bar and do one of the following:\n   a. Type a question or term in the Search field, and select a topic from the returned list or select Show All Results to see all topics.\n   b. Choose Mac Help to open the Mac Help window, where you can click links or type a search question."
    },
    "36": {
      "summary": "<summary>Summary of the page content:</summary>"
    },
    "37": {
      "summary": "1. Use clear and concise language.\n2. Avoid unnecessary jargon or technical terms.\n3. Maintain a logical flow of information.\n4. Provide context where necessary to help the reader understand the content.\n\nHere's an example of a summary for the page \"Using Bluetooth wireless technology\":\n\n**To learn about Using Bluetooth wireless technology**\n\nGo to the Bluetooth Support page at www.apple.com/support/Bluetooth. Or open the Bluetooth File Exchange application, located in the Utilities folder within the Applications folder, and choose Help > Bluetooth Help.\n\n---\n\n**Connecting a printer**\n\nSearch for \"printing\" in Mac Help.\n\n**USB connections**\n\nSearch for \"USB\" in Mac Help.\n\n**Connecting to the Internet**\n\nSearch for \"Internet\" in Mac Help.\n\n**Connecting an external display**\n\nSearch for \"display port\" in Mac Help.\n\n**Apple Remote (sold separately at www.apple.com/store)**\n\nSearch for \"remote\" in Mac Help.\n\n**Front Row**\n\nSearch for \"Front Row\" in Mac Help.\n\n**Specifications**\n\nGo to the Specifications page at www.apple.com/support/specs. Or open System Profiler by choosing Apple () > About This Mac from the menu bar, and then click More Info.\n\n**Apple news, free downloads, and online catalogs of software and hardware**\n\nGo to the Apple website at www.apple.com.\n\n**Instructions, technical support, and manuals for Apple products**\n\nGo to the Apple Support website at www.apple.com/support."
    },
    "38": {
      "summary": "1. Read the page carefully and identify the main topics and key points.\n2. Identify any tables, figures, or images on the page and provide a brief description of each.\n3. Use the provided tags to structure your summary effectively.\n4. Ensure your summary is concise and captures the main content and visual elements of the page."
    },
    "39": {
      "summary": "3\nProblem, Meet Solution\n\nwww.apple.com/support\nMac Help    help"
    },
    "40": {
      "summary": " If you experience a problem with your MacBook Air, there's usually a simple and quick solution. Think about the conditions that led up to the problem. Making a note of things you did before the problem occurred will help you narrow down possible causes and find the answers you need. Things to note include:\n\n- The applications you were using when the problem occurred. Problems that occur only with a specific application might indicate that the application is not compatible with the version of the Mac OS installed on your computer.\n- Any new software that you installed, especially software that added items to the System folder.\n\nIf you have any questions about this process or need further assistance, feel free to ask."
    },
    "41": {
      "summary": " If you need to, you can also restart the Finder from this dialog.\n\nNext, save your work in any open applications and restart the computer to make sure the problem is entirely cleared up.\n\nIf you are unable to force the application to quit, press and hold the power ( ) button for a few seconds until the computer shuts itself down. Wait 10 seconds and then turn on the computer.\n\nIf the problem occurs frequently, choose Help > Mac Help from the menu bar at the top of the screen. Search for the word \"freeze\" to get help for instances when the computer freezes or doesn't respond.\n\nIf the problem occurs only when you use a particular application, check with the application's manufacturer to see if it is compatible with your computer. To get support and contact information for the software that came with your MacBook Air, go to www.apple.com/guide.\n\nIf you know an application is compatible, you might need to reinstall your computer's system software. See \"Reinstalling the Software That Came With Your MacBook Air\" on page 47.\n\nIf your MacBook Air freezes during startup, or you see a flashing question mark, or the display is dark and the sleep indicator light is glowing steadily (not in sleep) The flashing question mark usually means that the computer can’t find the system software on the hard disk or on any disks attached to the computer."
    },
    "42": {
      "summary": "1. Wait a few seconds. If the computer still doesn’t start up, shut it down by pressing and holding the power (U) button for about 8 to 10 seconds. Disconnect all external peripherals and try restarting by pressing the power (U) button while holding down the Option key. When your computer starts up, click the hard disk icon, and then click the right arrow. After the computer starts up, open System Preferences and click Startup Disk. Select a local Mac OS X System folder.\n\n: 2. If that doesn’t work, try using Disk Utility to repair the disk. For more information, see “Using Disk Utility” on page 49.\n\nIf your MacBook Air doesn’t turn on or start up\nTry the following suggestions in order until your computer turns on:\n\n: 1. Make sure the power adapter is plugged into the computer and into a functioning power outlet. Be sure to use the 45W MagSafe Power Adapter that came with your MacBook Air. If the power adapter stops charging and you don’t see the indicator light on the power adapter turn on when you plug in the power cord, try unplugging and replugging the power cord to reseat it.\n\n: 2. Check whether the battery needs to be recharged. If the light on the power adapter glows amber, the battery is charging. See “Running Your MacBook Air on Battery Power” on page 34.\n\n: 3. If the problem persists, return the computer to its factory settings by pressing the left Shift key, left Option (alt) key, left Control key, and the power (U) button simultaneously for five seconds.\n\n: 4. Press and release the power (U) button and immediately hold down the Command (⌘), Option, P, and R keys simultaneously until you hear the startup sound a second time. This resets the parameter RAM (PRAM)."
    },
    "43": {
      "summary": " If you still can't start up your MacBook Air, see \"Learning More, Service, and Support\" on page 53 for information about contacting Apple for service.\n\nIf the display suddenly goes black or your MacBook Air freezes Try restarting your MacBook Air.\n\nUnplug any devices that are connected to your MacBook Air, except the power adapter.\n\nPress the power button to restart the system.\n\nLet the battery charge to at least 10 percent before plugging in any external devices and resuming your work.\n\nTo see how much the battery has charged, look at the Battery status icon in the menu bar.\n\nThe display might also darken if you have energy saver features set for the battery.\n\nIf your MacBook Air can't connect to another computer's optical disc drive To use services such as Migration Assistant, DVD or CD Sharing, Remote Install Mac OS X, and iTunes music sharing, both your MacBook Air and the other computer must be connected to the same network. If your MacBook Air is connected wirelessly and the other computer is connected to a third-party router by Ethernet, check your router documentation to make sure it supports bridging a wireless to wired connection."
    },
    "44": {
      "summary": " If you suspect a problem with the MacBook Air hardware, you can use the Apple Hardware Test application to help determine if there's a problem with one of the computer's components, such as the memory or processor.\n\nTo use Apple Hardware Test on your MacBook Air:\n1. Disconnect all external devices from your computer except the power adapter.\n2. Restart your MacBook Air while holding down the D key.\n3. When the Apple Hardware Test chooser screen appears, select the language for your location.\n4. Press the Return key or click the right arrow button.\n5. When the Apple Hardware Test main screen appears (after about 45 seconds), follow the onscreen instructions.\n6. If Apple Hardware Test detects a problem, it displays an error code. Make a note of the error code before pursuing support options. If Apple Hardware Test doesn't detect a hardware failure, the problem may be software related.\n\nFor more information about Apple Hardware Test, see the Apple Hardware Test Read Me file on the Mac OS X Install Disc 1."
    },
    "45": {
      "summary": " You have provided a detailed summary of the given page. However, please note that the summary should not include any personal opinions, interpretations, or speculations about the content. Instead, focus solely on summarizing the information presented in the page."
    },
    "46": {
      "summary": "1. Insert the Mac OS X Install Disc 1 into the optical disc drive of the other computer.\n2. If the other computer is a Mac, open /Applications/Utilities/Remote Install Mac OS X. On Windows, choose \"Remote Install Mac OS X\" from the Install Assistant.\n\nIf you have any questions about the instructions or the task, feel free to ask!"
    },
    "47": {
      "summary": "8 If you chose AirPort as your network in step 5, on your MacBook Air choose your AirPort network from the pop-up list.\n\nIf the network is secure, you are prompted for a password. You can enter a private network name by choosing the ellipsis (...) and typing the name.\n\n9 If you chose AirPort as your network in step 5, when you see the AirPort status icon indicating signal strength, click Continue in Remote Install Mac OS X.\n\n10 On your MacBook Air, click the arrow button beneath the installer icon and then do one of the following:\n\n• If you want to reinstall Mac OS X or iLife '08 applications, go to “Reinstalling the Software That Came with Your MacBook Air” on page 47.\n\n• If you forgot your password and need to reset it, go to “Resetting Your Password” on page 48.\n\n• If you want to run Disk Utility, go to “Using Disk Utility” on page 49.\n\nReinstalling the Software That Came with Your MacBook Air Before you install:\n\n1. Back up your essential files.\n\nApple recommends that you back up the information on your hard disk before restoring software. You can do this by connecting the MacBook Air SuperDrive and burning important information to DVDs or CDs, or by attaching an external hard drive to the USB port on your MacBook Air. Apple is not responsible for any lost data.\n\n2. Make sure your power adapter is connected and plugged in."
    },
    "48": {
      "summary": "1. Follow the provided procedure for using Remote Install Mac OS X.\n2. Click Continue in Remote Install Mac OS X.\n3. Status messages appear on the other computer's screen during installation.\n4. Click Customize to select what to install (Mac OS X and Bundled Software, or Bundled Software Only), or click Install to perform a basic installation.\n5. To install iCal, iChat AV, iSync, iTunes, Safari, and the iLife '08 applications, you need to select Install Mac OS X and Bundled Software.\n6. Follow the onscreen instructions, selecting your MacBook Air as the destination volume for installation.\n7. Note: To restore Mac OS X on your computer to the original factory settings, click Options in the “Select a Destination” pane of the Installer, and then select “Erase and Install.” This option erases your MacBook Air hard disk, so be sure you’ve backed up important information.\n8. Click OK in Remote Install Mac OS X, and, when installation is done, click Quit to exit Remote Install Mac OS X.\n\n**Resetting Your Password**\nYou can reset your administrator password and passwords for all other accounts.\n\nTo reset your password, using a partner computer and Remote Install Mac OS X:\n1. Follow the procedure for using Remote Install Mac OS X beginning on page 46.\n2. Click Continue in Remote Install Mac OS X."
    },
    "49": {
      "summary": "3 On your MacBook Air, choose Utilities > Reset Password from the menu bar and follow the onscreen instructions. When you finish, quit Mac OS X Installer.\n\n4 On the other computer, click Quit to exit Remote Install Mac OS X.\n\nTo use Disk Utility from a partner computer:\n1 Follow the procedure for using Remote Install Mac OS X beginning on page 46.\n2 Click Continue in Remote Install Mac OS X.\n3 On your MacBook Air, choose Installer > Open Disk Utility and then follow the instructions in the First Aid pane to see if Disk Utility can repair the disk. When you finish, quit Mac OS X Installer on your MacBook Air.\n4 On the other computer, click Quit to exit Remote Install Mac OS X.\n\nIf using Disk Utility doesn’t help, try reinstalling your computer’s system software. See “Reinstalling the Software That Came with Your MacBook Air” on page 47.\n\nReinstalling Software Using the MacBook Air SuperDrive\nTo install Mac OS X and the applications that came with your MacBook Air, using a MacBook Air SuperDrive:\n1 Connect the MacBook Air SuperDrive to your MacBook Air and insert the Mac OS X Install Disc 1.\n2 Double-click “Install Mac OS X and Bundled Software.” To install just applications, select Install Bundled Software Only."
    },
    "50": {
      "summary": "1. To install iCal, iChat AV, iSync, iTunes, Safari, and the iLife '08 applications, you need to select \"Install Mac OS X and Bundled Software.\"\n2. Follow the onscreen instructions, selecting your MacBook Air as the destination volume for installation.\nNote: To restore Mac OS X on your computer to the original factory settings, click Options in the “Select a Destination” pane of the Installer, and then select “Erase and Install.”\nTo reset your password, using a MacBook Air SuperDrive:\n1. Connect the MacBook Air SuperDrive to your MacBook Air and insert the Mac OS X Install Disc 1.\n2. Restart your MacBook Air and hold down the C key as it starts up.\n3. Choose Utilities > Reset Password from the menu bar. Follow the onscreen instructions.\nTo use Disk Utility from a MacBook Air SuperDrive:\n1. Connect the MacBook Air SuperDrive to your MacBook Air and insert the Mac OS X Install Disc 1.\n2. Restart your MacBook Air and hold down the C key as it starts up.\n3. Choose Installer > Open Disk Utility. When Disk Utility opens, follow the instructions in the First Aid pane."
    },
    "51": {
      "summary": " If you have trouble using AirPort Extreme Wireless Communication, please refer to the troubleshooting guide provided in the document."
    },
    "52": {
      "summary": "1. Choose Apple (Apple) > System Preferences.\n2. Click Network and then click \"Assist me.\"\n3. Click Diagnostics to open Network Diagnostics.\n4. Follow the onscreen instructions.\n\nIf Network Diagnostics can't resolve the problem, there may be a problem with the Internet service provider (ISP) you are trying to connect to, with an external device you are using to connect to your ISP, or with the server you are trying to access.\n\nIf you have two or more computers sharing an Internet connection, be sure that your wireless network is set up properly. You need to know if your ISP provides only one IP address or if it provides multiple IP addresses, one for each computer.\n\nIf only one IP address is provided, then you must have a router capable of sharing the connection, also known as network address translation (NAT) or \"IP masquerading.\" For setup information, check the documentation provided with your router or ask the person who set up your network. You can use an AirPort Base Station to share one IP address among multiple computers. For information about using an AirPort Base Station, check Mac Help or visit the Apple AirPort website at www.apple.com/support/airport.\n\nIf you cannot resolve the issue using these steps, contact your ISP or network administrator."
    },
    "53": {
      "summary": "1. Open System Preferences.\n2. Click the Software Update icon and follow the instructions on the screen.\n   - For more information, search for \"Software Update\" in Mac Help.\n   - For the latest information about Mac OS X, go to www.apple.com/macosx.\n\nLearning More, Service, and Support\nYour MacBook Air does not have any user-serviceable or user-replaceable parts. If you need service, contact Apple or take your MacBook Air to an Apple Authorized Service Provider. You can find more information about the MacBook Air through online resources, onscreen help, System Profiler, or Apple Hardware Test.\n\nOnline Resources\nFor online service and support information, go to www.apple.com/support. Choose your country from the pop-up menu. You can search the AppleCare Knowledge Base, check for software updates, or get help on Apple's discussion forums."
    },
    "54": {
      "summary": "1. You can often find answers to your questions, as well as instructions and troubleshooting information, in Mac Help > Mac Help.\n2. To get information about your MacBook Air, use System Profiler. It shows you what hardware and software is installed, the serial number and operating system version, how much memory is installed, and more. To open System Profiler, choose Apple ( ) > About This Mac from the menu bar and then click More Info.\n\n### AppleCare Service and Support\nYour MacBook Air comes with 90 days of technical support and one year of hardware repair warranty coverage at an Apple Store retail location or an Apple-authorized repair center, such as an Apple Authorized Service Provider. You can extend your coverage by purchasing the AppleCare Protection Plan. For information, visit www.apple.com/support/products or visit the website address for your country listed below.\n\nIf you need assistance, AppleCare telephone support representatives can help you with installing and opening applications, and basic troubleshooting. Call the support center number nearest you (the first 90 days are complimentary). Have the purchase date and your MacBook Air serial number ready when you call."
    },
    "55": {
      "summary": "1. **Country**  \nUnited States: 1-800-275-2273  \nWebsite: www.apple.com/support  \n\n2. **Australia**  \n(61) 133-622  \nWebsite: www.apple.com/au/support  \n\n3. **Canada (English)**  \n(French)  \n(44) 0800-263-3394  \nWebsite: www.apple.com/ca/support  \nwww.apple.com/ca/fr/support  \n\n4. **Ireland**  \n(353) 1850 946 191  \nWebsite: www.apple.com/ie/support  \n\n5. **New Zealand**  \n00800-7666-7666  \nWebsite: www.apple.com/nz/support  \n\n6. **United Kingdom**  \n(44) 0870 876 0753  \nWebsite: www.apple.com/uk/support  \n\nTelephone numbers are subject to change, and local and national telephone rates may apply. A complete list is available on the web: [www.apple.com/contact/phone_contacts.html](http://www.apple.com/contact/phone_contacts.html)\n\n---\n\n**Chapter 3 Problem, Meet Solution**  \n55"
    },
    "56": {
      "summary": "关于你的产品，请提供一些关键信息：Use one of these methods to find your computer's serial number:\n\n- Turn your MacBook Air over. The serial number is etched into the case, near the hinge.\n\nSerial number\n\n: Choose Apple ( ) > About This Mac and then click the version number beneath the words \"Mac OS X.\" Clicking cycles between the Mac OS X version number, the build version, and the serial number.\n\nOpen System Profiler (in /Applications/Utilities/) and click Hardware."
    },
    "57": {
      "summary": "4 Last, but Not Least\n\nwww.apple.com/environment\n\nMac Help Q ergonomics"
    },
    "58": {
      "summary": " For your safety and that of your equipment, follow these rules for handling and cleaning your MacBook Air and for working more comfortably. Keep these instructions handy for reference by you and others.\n\nImportant Safety Information\n\nWARNING: Failure to follow these safety instructions could result in fire, electric shock, or other injury or damage.\n\nAvoiding water and wet locations Keep your computer away from sources of liquid, such as drinks, washbasins, bathtubs, shower stalls, and so on. Protect your computer from dampness or wet weather, such as rain, snow, and fog.\n\nHandling your MacBook Air Set up your MacBook Air on a stable work surface that allows for adequate air circulation under and around the computer. Do not operate your MacBook Air on a pillow or other soft material, as the material can block the airflow vents. Never place anything over the keyboard when operating your computer. Never push objects into the ventilation openings.\n\nThe bottom of your MacBook Air may become very warm during normal use. If your MacBook Air is on your lap and gets uncomfortably warm, remove it from your lap and place it on a stable work surface."
    },
    "59": {
      "summary": "45W MagSafe Power Adapter Make sure the AC plug or AC power cord is fully inserted into the power adapter and the electrical prongs on your AC plug are in their completely extended position before plugging the adapter into a power outlet. Use only the power adapter that came with your MacBook Air, or an Apple-authorized power adapter that is compatible with this product. The AC power cord provides a grounded connection. The power adapter may become very warm during normal use. Always put the power adapter directly into a power outlet, or place it on the floor in a well-ventilated location.\n\nDisconnect the power adapter and disconnect any other cables if any of the following conditions exists:\n\n• You want to clean the case (use only the recommended procedure described on page 61).\n• The power cord or plug becomes frayed or otherwise damaged.\n• Your MacBook Air or power adapter is exposed to rain, excessive moisture, or liquid spilled into the case.\n• Your MacBook Air or power adapter has been dropped, the case has been damaged, or you suspect that service or repair is required.\n\nThe MagSafe power port contains a magnet that can erase data on a credit card, iPod, or other device. To preserve your data, do not place these and other magnetically sensitive material or devices within 1 inch (25 mm) of this port.\n\nIf debris gets into the MagSafe power port, remove it gently with a dry cotton swab."
    },
    "60": {
      "summary": "2023 Last but Not Least Chapter 4"
    },
    "61": {
      "summary": " If you carry your MacBook Air in a bag or briefcase, make sure that there are no loose items (such as paper clips or coins) that could accidentally get inside the computer through vent openings or get stuck inside a port. Also, keep magnetically sensitive items away from the MagSafe power port.\n\n:  Never force a connector into a port. When connecting a device, make sure the port is free of debris, that the connector matches the port, and that you have positioned the connector correctly in relation to the port.\n\n:  If you are going to store your MacBook Air for an extended period of time, keep it in a cool location (ideally, 71° F or 22° C) and discharge the battery to 50 percent. When storing your computer for longer than five months, discharge the battery to approximately 50 percent. To maintain the capacity of the battery, recharge the battery to 50 percent every six months or so.\n\n:  When cleaning the outside of your computer and its components, first shut down your MacBook Air, and then unplug the power adapter. Then use a damp, soft, lint-free cloth to clean the computer's exterior. Avoid getting moisture in any openings. Do not spray liquid directly on the computer. Do not use aerosol sprays, solvents, or abrasives that might damage the finish.\n\n:  To clean your MacBook Air screen, first shut down your MacBook Air and unplug the power adapter. Then use the cleaning cloth that came with your MacBook Air to wipe the screen. Dampen the cloth with water if necessary. Do not spray liquid directly on the screen."
    },
    "62": {
      "summary": "1. Clearly identify the page number at the beginning of the summary.\n2. Use the correct formatting for headings and subheadings (e.g., H1, H2, H3, etc.).\n3. Maintain a logical flow of information, moving from general to specific.\n4. Avoid unnecessary repetition and focus on the most relevant aspects of the content.\n\nHere's an example of a summary for a page with multiple sections:\n\n---\n\n**Understanding Ergonomics**\nHere are some tips for setting up a healthy work environment.\n\n**Keyboard and Trackpad**\nWhen you use the keyboard and trackpad, your shoulders should be relaxed. Your upper arm and forearm should form an angle that is slightly greater than a right angle, with your wrist and hand in roughly a straight line.\n\n---\n\nThis is a sample summary for a page discussing ergonomics and keyboard and trackpad usage."
    },
    "63": {
      "summary": " Use a light touch when typing or using the trackpad and keep your hands and fingers relaxed. Avoid rolling your thumbs under your palms.\n\nUse a light touch when typing or using the trackpad and keep your hands and fingers relaxed. Avoid rolling your thumbs under your palms.\n\nChange hand positions often to avoid fatigue. Some computer users might develop discomfort in their hands, wrists, or arms after intensive work without breaks. If you begin to develop chronic pain or discomfort in your hands, wrists, or arms, consult a qualified health specialist.\n\nExternal Mouse\nIf you use an external mouse, position the mouse at the same height as the keyboard and within a comfortable reach.\n\nChair\nAn adjustable chair that provides firm, comfortable support is best. Adjust the height of the chair so your thighs are horizontal and your feet are flat on the floor. The back of the chair should support your lower back (lumbar region). Follow the manufacturer's instructions for adjusting the backrest to fit your body properly."
    },
    "64": {
      "summary": " You might have to raise your chair so that your forearms and hands are at the proper angle to the keyboard. If this makes it impossible to rest your feet flat on the floor, you can use a footrest with adjustable height and tilt to make up for any gap between the floor and your feet. Or you can lower the desktop to eliminate the need for a footrest. Another option is to use a desk with a keyboard tray that's lower than the regular work surface.\n\nBuilt-in Display\nAdjust the angle of the display to minimize glare and reflections from overhead lights and windows. Do not force the display if you meet resistance. The display is not meant to open past 125 degrees.\n\nYou can adjust the brightness of the screen when you take the computer from one work location to another, or if the lighting in your work area changes.\n\nMore information about ergonomics is available on the web:\n\nwww.apple.com/about/ergonomics\n\nApple Inc. recognizes its responsibility to minimize the environmental impacts of its operations and products.\n\nMore information is available on the web:\n\nwww.apple.com/environment"
    },
    "65": {
      "summary": "1. Ensure you have a clear understanding of the page's content and purpose.\n2. Use a logical structure to organize your summary, starting with an introductory paragraph summarizing the page's main topic.\n3. Focus on providing concise yet comprehensive summaries of the page's contents.\n4. Avoid unnecessary details or repetition.\n5. Use proper formatting and style (e.g., bullet points, numbered lists) where necessary to enhance readability.\n\nIf your computer system does cause interference to radio or television reception, try to correct the interference by using one or more of the following measures:\n- Turn the television or radio antenna until the interference stops.\n- Move the computer to one side or the other of the television or radio.\n- Move the computer farther away from the television or radio.\n- Plug the computer in to an outlet that is on a different circuit from the television or radio. (That is, make certain the computer and the television or radio are on circuits controlled by different circuit breakers or fuses.)\n\nIf necessary, consult an Apple Authorized Service Provider or Apple. See the service and support information that came with your Apple product. Or consult an experienced radio/television technician for additional suggestions.\n\nImportant: Changes or modifications to this product not authorized by Apple Inc., could void the EMC compliance and negate your authority to operate the product.\n\nThis product has demonstrated EMC compliance under conditions that included the use of compliant peripheral devices and shielded cables (including Ethernet network cables) between system components. It is important that you use compliant peripheral devices and shielded cables between system components to reduce the possibility of causing interference to radios, television sets, and other electronic devices."
    },
    "66": {
      "summary": " Responsible party (contact for FCC matters only): Apple Inc. Corporate Compliance\n1 Infinite Loop M/S 26-A\nCupertino, CA 95014-2084\n\nWireless Radio Use\nThis device is restricted to indoor use when operating in the 5.15 to 5.25 GHz frequency band.\n\nCet appareil doit être utilisé à l'intérieur.\n\nExposure to Radio Frequency Energy\nThe radiated output power of the AirPort Extreme technology is below the FCC radio frequency exposure limits. Nevertheless, it is advised to use the wireless equipment in such a manner that the potential for human contact during normal operation is minimized.\n\nFCC Bluetooth Wireless Compliance\nThe antenna used with this transmitter must not be collocated or operated in conjunction with any other antenna or transmitter subject to the conditions of the FCC Grant.\n\nBluetooth Industry Canada Statement\nThis Class B device meets all requirements of the Canadian interference-causing equipment regulations.\n\nCet appareil numérique de la Class B respecte toutes les exigences du Règlement sur le matériel brouilleur du Canada.\n\nIndustry Canada Statement\nComplies with the Canadian ICES-003 Class B specifications. Cet appareil numérique de la classe B est conforme à la norme NMB-003 du Canada. This device complies with RSS 210 of Industry Canada.\n\nEurope—EU Declaration of Conformity\nSee: www.apple.com/euro/compliance\n\nKorea Statements\n“당해 무선설비는 운용 중 전파통신 기능성이 있음”\n“이 기기는 인명안전과 관련된 서비스에 사용할 수 없습니다”\n\nB: (가정용 정보통신기기)\n이 기기는 가정용으로 전자파적합특성을 한 기기로서 주거지역에서는 물론 모든 지역에서 사용할 수 있습니다.\n\nSingapore Wireless Certification\nComplies with IDA Standards DB00063\n\nTaiwan Wireless Statements\n於 2.4GHz 區域內操作之無線設備的警告聲明\n經型式認證合格之低功率射頻電機，非經許可，公司、商號或使用者均不得擅自變更頻率、加大功率或變更原設計之特性及功能。低功率射頻電機之使用不得影響飛航安全及干擾合法通信；經發現有干擾現象時，應立即停用，並改善至無干擾時方得繼續使用。前項合法通信指依電信法規定作業之無線電通信。低功率射頻電機須忍受合法通信或工業、科學及醫療用電波輻射性電機設備之干擾。\n\n於 5.25GHz 至 5.35GHz 區域內操作之無線設備的警告聲明\n工作頻率 5.250 ~ 5.350GHz 該類段限於室內使用。\n\nTaiwan Class B Statement\nClass B 設備的警告聲明\nNIL\n\nRussia\nME67"
    },
    "67": {
      "summary": "中国\n\n<table><table>零部件有毒或有害物质电源板显示器电池组附件电源适配器铅(Pb)X汞(Hg)O镉(Cd)O六价铬(Cr, VI)O多溴联苯(PBB)O多溴二苯醚(PBDE)O</table>\n\nQ: 表示该有毒有害物质在该部件所有均质材料中的含量均在SJ/T 11363-2006规定的限量要求以下。\nX: 表示该有毒有害物质至少在该部件的某一均质材料中的含量超出SJ/T 11363-2006规定的限量要求。\n\n根据中国电子行业标准SJ/T11364-2006和相关的中国政府法规，本产品及其某些内部或外部组件上可能带有环保使用期限标识。取决于组件和组件制造商，产品及其组件上的使用期限标识可能有所不同。组件上的使用期限标识优先于产品上任何与之相冲突的或不同的环保使用期限标识。\n\nAs an ENERGY STAR® partner, Apple has determined that standard configurations of this product meet the ENERGY STAR® guidelines for energy efficiency. The ENERGY STAR® program is a partnership with electronic equipment manufacturers to promote energy-efficient products. Reducing energy consumption of products saves money and helps conserve valuable resources.\n\nThis computer is shipped with power management enabled with the computer set to sleep after 10 minutes of user inactivity. To wake your computer, click the mouse or trackpad button or press any key on the keyboard.\n\nFor more information about ENERGY STAR®, visit: www.energystar.gov"
    },
    "68": {
      "summary": " This symbol indicates that your product must be disposed of properly according to local laws and regulations. When your product reaches its end of life, contact Apple or your local authorities to learn about recycling options.\n\nFor information about Apple's recycling program, go to www.apple.com/environment/recycling.\n\n**Battery Disposal Information**\n\nDispose of batteries according to your local environmental laws and guidelines.\n\n**Nederlands:** Gebruikte batterijen kunnen worden ingeleverd bij de chemokar of in een speciale batterijcontainer voor klein chemisch afval (kca) worden gedeponeerd.\n\n**Deutschland:** Dieses Gerät enthält Batterien. Bitte nicht in den Hausmüll werfen. Entsorgen Sie dieses Gerätes am Ende seines Lebenszyklus entsprechend der maßgeblichen gesetzlichen Regelungen.\n\n**Taiwan:**\n\n<table></table>"
    },
    "69": {
      "summary": "<summary>Summary goes here.</summary>"
    },
    "70": {
      "summary": "70 Looking for Something?\n\nThe provided HTML code represents a simple web page layout with a header, navigation menu, main content area, and footer. It includes a search bar, links to various sections such as \"About,\" \"Downloads,\" \"Documentation,\" \"Support,\" and more. The page also contains a footer with links to different sections like \"Documentation,\" \"Support,\" and \"Documentation.\""
    },
    "71": {
      "summary": "1. brightness 29\nForce Quit 40\nforward delete 32\nFront Row application 27, 37\nfrozen application 40\nFunction (fn) key 29\n\n**H**\nhand positions 62\nheadphone jack 31\nHelp, finding answers 35\n\n**I**\niChat AV application 27\niLife '08 applications 36\nilluminated keyboard 27\ninfrared receiver (IR) 27\ninstallation discs 9\ninstalling DVD or CD Sharing Setup 16\niSight video camera 27\n\n**K**\nkeyboard\nALS sensor 27\nergonomics 62\nfeatures 28\nshortcuts 32\nSee also keys\nkeyboard illumination keys 29\nKeynote application 27\nkeys\nbrightness 29\nDashboard 29\nExpose 29\nfunction 29\nkeyboard illumination 29\nmedia 29\nMedia Eject 29\nMute 29\nvolume control 29\n\n**L**\nlights, sleep indicator 27\n\n**M**\nMac Help 35\nMac OS X installation discs 9\nMac OS X website 36\nMagSafe power adapter\npower adapter\nMagSafe power port 31\nMedia Eject key 29\nmedia keys 29\nmicro-DVI port 31\nmicrophone 27\nmigrating information 16\nMigration Assistant 16\nmouse 31, 63\nSee also trackpad\nMute key 29\n\n**N**\nNetwork Diagnostics 51\nNetwork Setup Assistant 51\n\n**O**\nonline resources 53\noptical discs for system software 9, 69\noptical disc sharing. See DVD or CD Sharing\n\n**P**\npaging through documents using trackpad 34\npartner computer\nconnection problems 43\nDisk Utility 49\nDVD or CD Sharing Setup\nsoftware 16\ninstalling Mac OS X 45\nresetting your password 48\npasswords, resetting 48, 50\npinching to zoom 33\nPlay/Pause key 29\nplug, AC 10, 11\nport hatch 31\nports\nhatch 31\nheadphone 31\nMagSafe power 31\nmicro-DVI 31\nUSB 2.0 31\npower adapter\nplugging in 59\n\nLooking for Something? 71"
    },
    "72": {
      "summary": "31\nusing 10\npower button 12, 27\nproblems\ncomputer freezes 41\ncomputer won't turn on 42\nconnecting to partner\ncomputer 43\ndisplay goes black 43\npointer won't move 40\ntrouble using AirPort 51\nputting your computer to\nsleep 22\n\nQ\nquestion mark, flashing 41\n\nR\nrechargeable battery 34\nRemote DVD or CD 19, 20\nRemote Install Mac OS X\nDisk Utility 49\ninstalling Mac OS X 45\nresetting your password 48\nrepairing a disk 49\nresetting your password 48, 50\nRewind key 29\nright click 32\nrotating objects using\ntrackpad 34\n\nS\nsafety\ngeneral safety\ninstructions 58\nimportant information 8\npower adapter 59\nscrolling trackpad feature 27\nscrolling with two fingers 33\nsecondary click 32\nserial number, locating 56\nservice and support 54\nSetup Assistant 13\nshared optical disc 19, 20\nsharing files 19, 20\nshutting down 23\nsleep mode\nindicator light 27\nputting computer to\nsleep 22\nsoftware, updating 53\nSoftware Update\npreferences 53\nspeaker 27\nspecifications 37\nstopping\nan application 40\nthe computer 23\nstoring your computer 61\nsupport 54\nswiping to move quickly\nthrough documents 34\n\nSystem Preferences\ncustomizing the desktop 14\nEnergy Saver 22\nSoftware Update 53\nSystem Profiler 54\n\nT\nthree-finger swiping 34\ntrackpad\nlocation 27\npaging 34\nscrolling 27\nshortcuts 32\nswiping 34\nzooming 27\ntroubleshooting\nAirPort 51\nAppleCare 54\ncomputer freezes 41\ncomputer won't turn on 42\ndisplay goes black 43\nhardware problems 44\npartner computer 43\npointer won't move 40\nservice and support 53\nusing Mac Help 54\nSee also problems\nturning on your computer 12\ntwo-finger pinching 33\ntwo-finger rotating 34\ntyping position 62"
    },
    "73": {
      "summary": "<summary> tags. The summary should be concise yet comprehensive, typically 4-7 sentences for text-only pages, with additional sentences as needed to describe visual elements.\n\nFor visual elements, please use these specific tags:\n- <table_summary> for descriptions of tables\n- <figure_summary> for descriptions of figures, charts, graphs, or diagrams\n- <image_summary> for descriptions of photos, illustrations, or other images\n\nExample structure:\n<summary>\n[Main text content summary here]\n\n<table><table>Table 1: [Brief description of what the table shows]</table></summary>"
    },
    "74": {
      "summary": "1. Read the page carefully and identify the main topics and key points.\n2. Identify any tables, figures, or images on the page and provide a brief description of each.\n3. Use the provided tags to structure your summary effectively.\n4. Ensure your summary is concise and captures the main content and visual elements of the page."
    },
    "75": {
      "summary": "苹果 Inc.\n© 2008 Apple Inc. All rights reserved.\nUnder the copyright laws, this manual may not be copied, in whole or in part, without the written consent of Apple.\n\nEvery effort has been made to ensure that the information in this manual is accurate. Apple is not responsible for printing or clerical errors.\n\nApple\n1 Infinite Loop\nCupertino, CA 95014-2084\n408-996-1010\nwww.apple.com\n\nApple, the Apple logo, AirPort, AirPort Extreme, Cover Flow, Exposé, iCal, iChat, iLife, iMovie, iPhoto, iPod, iSight, iTunes, Keynote, Mac, Macintosh, Mac OS, MacBook, and MagSafe are trademarks of Apple Inc., registered in the U.S. and other countries.\n\nFinder, iPhone, Safari, and Spotlight are trademarks of Apple Inc.\n\nAppleCare and Apple Store are service marks of Apple Inc., registered in the U.S. and other countries.\n\nENERGY STAR® is a U.S. registered trademark.\n\nIntel, Intel Core, and Xeon are trademarks of Intel Corp. in the U.S. and other countries.\n\nThe Bluetooth® word mark and logos are owned by the Bluetooth SIG, Inc. and any use of such marks by Apple Inc. is under license.\n\nOther company and product names mentioned herein are trademarks of their respective companies. Mention of third-party products is for informational purposes only and constitutes neither an endorsement nor a recommendation. Apple assumes no responsibility for the performance or use of these products.\n\nManufactured under license from Dolby Laboratories. \"Dolby,\"\"Pro Logic,\" and the double-D symbol are trademarks of Dolby Laboratories. Confidential Unpublished Works, © 1992–1997 Dolby Laboratories, Inc. All rights reserved.\n\nThe product described in this manual incorporates copyright protection technology that is protected by method claims of certain U.S. patents and other intellectual property rights owned by Macrovision Corporation and other rights owners. Use of this copyright protection technology must be authorized by Macrovision Corporation and is intended for home and other limited viewing uses only unless otherwise authorized by Macrovision Corporation. Reverse engineering or disassembly is prohibited.\n\nApparatus Claims of U.S. Patent Nos. 4,631,603, 4,577,216, 4,819,098 and 4,907,093 licensed for limited viewing uses only.\n\nSimultaneously published in the United States and Canada."
    },
    "76": {
      "summary": "1. Read the page carefully and identify the main topics and key points.\n2. Identify any tables, figures, or images on the page and provide a brief description of each.\n3. Use the provided tags to structure your summary effectively.\n4. Ensure your summary is concise and captures the main content and visual elements of the page."
    }
  }
}
