{
  "doc_id": "NUS-FASS-Graduate-Guidebook-2021-small.pdf",
  "pages": {
    "1": {
      "summary": "1. Carefully read and analyze the page content.\n2. Identify the main topics, key points, and important details presented on the page.\n3. Note any tables, figures, charts, diagrams, or images on the page and briefly describe their content and purpose.\n4. Create a structured summary that captures:\n   - The essential textual information from the page\n   - Descriptions of any visual elements (tables, figures, images, etc.)\n   - Any particularly notable or unique information\n\nPlease follow these steps to create your summary:\n\n1. Carefully read and analyze the page content.\n2. Identify the main topics, key points, and important details presented on the page.\n3. Note any tables, figures, charts, diagrams, or images on the page and briefly describe their content and purpose.\n4. Create a structured summary that captures:\n   - The essential textual information from the page\n   - Descriptions of any visual elements (tables, figures, images, etc.)\n   - Any particularly notable or unique information\n\nPresent your summary within <summary> tags. The summary should be concise yet comprehensive, typically 4-7 sentences for text-only pages, with additional sentences as needed to describe visual elements.\n\nFor visual elements, please use these specific tags:\n<table_summary>Table 1: [Brief description of what the table shows]</table_summary>\n\n<figure_summary>Figure 2: [Brief description of what the figure depicts]</figure_summary>\n\n<image_summary>[Brief description of image content]</image_summary>\n\nEnsure your summary is clear, coherent, and well-organized, capturing the essence of both textual and visual information on the page without omitting critical details."
    },
    "2": {
      "summary": "1. INTRODUCTION / Introduction to the National University of Singapore / p1\n: 2. FASS / Why the Faculty of Arts and Social Sciences / p2\n: 3. GRADUATE STUDIES / Graduate Studies @ FASS / p3\n: 4. OPTIONS / Study Abroad and Joint/Double Degree Options / p5\n: 5. RESEARCH / Research Clusters @ FASS / p9\n: 6. FINANCIAL / Money Matters and Accommodation / p10\n: 7. ADMISSION / Admission and Application Procedures / p12\n: 8. CONTACT / Contact Us / p15\n: 9. PROGRAMMES / Research and Coursework Programmes @ FASS / p18\n:  Chinese Studies / Communications and New Media / Comparative Asian Studies / Cultural Studies in Asia / Economics / English Language and Literature / Geography / History / Japanese Studies / Malay Studies / Philosophy / Political Science / Psychology / Social Work / Sociology / South Asian Studies / Southeast Asian Studies\n:  Other undergraduate / study abroad / student exchange programmes are also available and can be viewed at fass.nus.edu.sg\nThe content of the information is accurate at the time of printing. Readers are urged to seek detailed information at the website: www.fas.nus.edu.sg"
    },
    "3": {
      "summary": "1 / INTRODUCTION\n\nFASS / 2"
    },
    "4": {
      "summary": "1. The coursework / research programmes available are listed below:\n2. The coursework / research programmes available are listed below:\n\n| DEPARTMENT / PROGRAMME | AREA OF STUDY | COURSEWORK | RESEARCH |\n|------------------------|--------------|------------|----------|\n| Chinese Studies       | Chinese Studies | ●          | ●        |\n| Communications and New Media | Communications and New Media | ●         | ●        |\n| Comparative Asian Studies | * Comparative Asian Studies | ○         | ●        |\n| Cultural Studies in Asia | * Cultural Studies in Asia | ○         | ●        |\n| Economics             | Economics      | ●         | ●        |\n| English Language and Literature | English Language and Linguistics | ●         | ●        |\n| Geography            | History       | ●         | ●        |\n| Japanese Studies     | Japanese Studies | ○         | ●        |\n| Malay Studies        | Malay Studies | ○         | ●        |\n| Philosophy          | Philosophy    | ○         | ●        |\n| Political Science   | Political Science | ○         | ●        |\n| Psychology         | Psychology    | ●         | ●        |\n| Social Work        | Social Work   | ●         | ●        |\n| Sociology          | Sociology    | ○         | ●        |\n| * Anthropology      | * Anthropology | ○         | ●        |\n\n* These are available only for those pursuing PhD studies.\n\nFASS offers a wide range of graduate programmes through coursework and research, catering to a variety of interests. These programmes offer excellent opportunities for students to further develop their potential as intellectual leaders in many fields.\n\nProgrammes by coursework are designed for professional development and lead to a Graduate Diploma, Doctoral or Masters. Programmes by research equip students to work at great depth at the frontiers of knowledge creation. These programmes, which include both coursework and a thesis, lead to a Masters or PhD degree.\n\nFor some disciplines, PhD students may submit an article-based PhD thesis as an alternative route to completing a PhD thesis. Depending on the department, students will be required to submit two to three journal articles and an analytical commentary of 8,000 - 12,000 words, more information can be obtained from:\n\nfass.nus.edu.sg/graduate"
    },
    "5": {
      "summary": "1. Read the page carefully and identify its main topics and key points.\n2. Note any tables, figures, or images and describe their content and purpose.\n3. Create a structured summary that captures the essential information from the page.\n4. Use the provided tags (<table_summary>, <figure_summary>, <image_summary>) to describe visual elements.\n5. Ensure your summary is concise and comprehensive, focusing on the main content and visual elements of the page."
    },
    "6": {
      "summary": "1. King's College, University of London (Joint PhD Programme and PhD Exchange Programme)\n2. University of Manchester, Faculty of Humanities (PhD Exchange Agreement)\n3. London School of Economics (PhD Exchange Programme)\n4. Sciences Po (PhD Exchange Programme)\n5. Leiden University, Faculty of Humanities (Graduate Exchange Programme)\n6. Georg-August University of Göttingen (Graduate Exchange Programme)\n\n8. National Chengchi University (Graduate Exchange Programme)\n9. Ateneo de Manila University (Graduate Exchange with School of Humanities and School of Social Sciences)\n10. Ewha Womans University (Graduate Exchange Programme)\n11. Korea University (Graduate Exchange with Division of International Studies, Graduate School of International Studies and College of Political Science and Economics)\n\nAdditionally, you can include a brief overview of the page's content in the summary, such as:\n\"Graduate students can apply to go for an exchange programme at a partner university for three months or more as part of their graduate research programme. These exchange programmes enable students to receive supervision and guidance from professors in our partner universities, gain access to data that may not be readily available in NUS, as well as be exposed to graduate training beyond NUS.\"\n\nFurthermore, they allow students to expand their networks for future academic collaboration and career development.\n\n---\n\n**North America**\n\n1. Harvard-Yenching Institute (Joint Scholarship for PhD Studies)"
    },
    "7": {
      "summary": "1. The interdisciplinary Research Clusters bring intellectual excitement and vibrancy to the FASS community. These Clusters integrate graduate students into the FASS research community as they participate in the reading groups, seminars, workshops and conferences organised by the Clusters.\n2. For more information on the Research Clusters: [link]\n3. The Global Production Networks Centre at NUS (GPN@NUS)\n4. Max Weber Foundation Research Group on Borders, Mobility and New Infrastructures\n5. Cultural Research Centre\n6. Wan Boo Sow Research Centre\n\nThe Singapore Research Nexus\n\nThe Singapore Research Nexus (SRN) serves as a showcase for past research, a resource for current research and a platform for future research on Singapore. It provides a useful tool for academics, policy makers and those with a general interest in how research has helped shape the story of Singapore.\n\nFor more information on the Singapore Research Nexus: [link]\n9 / RESEARCH FINANCIAL / 10"
    },
    "8": {
      "summary": "1. The FASS minimum criterion for admission into the graduate programmes is a good Masters degree in a relevant discipline (for PhD) or an NUS Honours degree (Merit/Second Class and above) or equivalent (e.g., a four-year Bachelors degree with at least an average grade of B) in a relevant discipline (for Masters).\n\n2. For detailed requirements of specific programmes, please refer to the website at: [website link].\n\nEnglish Language Requirement (TOEFL/IELTS)\n\nApplicants whose native language is not English should submit the TOEFL (Test of English as a Foreign Language) or IELTS (International English Language Testing System) score as evidence of their proficiency.\n\nThe following minimum TOEFL score is required:\n\n85 for the internet-based test (with a minimum score of 22 for the writing section); or\n\n237 for the computer-based test\n\nAlternatively, an IELTS result of 6.0 is required\n\nTOEFL and IELTS are only valid for two years after the test and the validity should not expire before the beginning of the application period for the graduate programme.\n\nThe Educational Testing Service (ETS) has indicated that score reports are valid only if our University receives them directly from ETS.\n\nThe Faculty's TOEFL institution code is 9081.\n\nNOTE:\n1. Some Departments / Programmes may set higher requirements than those stated above; for example, the Master of Social Work coursework programme requires a minimum IELTS score of 6.5 while the graduate research programmes require a minimum IELTS score of 7.0.\n2. Graduate Record Examination (GRE) reports are necessary for admission into the Department of Political Science, Department of Psychology and Department of Social Work.\n\ncont'd"
    },
    "9": {
      "summary": "1. **SEMESTER I (August)**  \n   - COURSEWORK PROGRAMME  \n   - Master of Economics  \n   - Master of Social Sciences (Communication)  \n   - Master of Arts (Arts and Cultural Entrepreneurship)  \n   - Master of Arts (Applied and Public History)  \n   - Master of Arts (Asian and Global History)  \n   - Master of Arts (Chinese Culture and Language)  \n   - Master of Arts (English Language and Linguistics)  \n   - Master of Arts (Literary Studies)  \n   - Master of Arts (Southeast Asian Studies)  \n   - Master of Psychology (Clinical)  \n   - Master of Social Work  \n   - Graduate Diploma in Applied and Public History  \n   - Graduate Diploma in Asian and Global History  \n   - Graduate Diploma in Social Work  \n   - Master of Science (Applied Geographic Information Systems)\n\n**Application into the Programme**\n\nApplications can be paper-based or made online but online applications are STRONGLY preferred.\n\nThe Graduate Admission System for Coursework/Research enables candidates to apply for admission into the graduate coursework/research programmes offered by FASS at:\n\nhttps://inetapps.nus.edu.sg/GDA2/Home.aspx\n\n**Application Fee**\n\nApplicants are required to pay a non-refundable application fee of $550 when an application is submitted.\n\n**Application Documents**\n\nAlthough an application is submitted online, relevant supporting documents must be sent via post (except for selected departments). In order for the applicant to be considered for a specific intake, the online application, payment and available supporting documents must reach the office by the relevant deadlines. Please refer to the website for details.\n\nFor more information about applications, please visit our website at: [fass.nus.edu.sg/graduate](http://fass.nus.edu.sg/graduate)\n\n---\n\n**There are two intakes per academic year:**\n\n- **SEMESTER I (August)**\n- **SEMESTER II (January)**\n\n**Processing Time:**\n\n- SEMESTER I (August) – By 31st MAY\n- SEMESTER II (January) – By 31st OCT\n\nFor an up-to-date and detailed overview of the above, please visit: [fass.nus.edu.sg/graduate](http://fass.nus.edu.sg/graduate)"
    },
    "10": {
      "summary": "1. Carefully read and analyze the page content.\n2. Identify the main topics, key points, and important details presented on the page.\n3. Note any tables, figures, charts, diagrams, or images on the page and briefly describe their content and purpose.\n4. Create a structured summary that captures:\n   - The essential textual information from the page\n   - Descriptions of any visual elements (tables, figures, images, etc.)\n   - Any particularly notable or unique information\n\nIf you cannot find the answer to your question in the provided text, please provide more context or clarify your query."
    },
    "11": {
      "summary": " [Include a screenshot of the page if available]"
    },
    "12": {
      "summary": "本页内容已经过人工审核，请勿编辑。"
    },
    "13": {
      "summary": "21 / FASS DEPARTMENTS / COMMUNICATIONS AND NEW MEDIA\n\n: 22"
    },
    "14": {
      "summary": "1. **Comparative Asian Studies PhD Programme**\nFaculty of Arts & Social Sciences\nNational University of Singapore\nBlk AS8, Level 6, 10 Kent Ridge Crescent,\nSingapore 119260\nTel: +65 6516 4640\nFax: +65 6777 6608\nEmail: fasboss@nus.edu.sg\nfass.nus.edu.sg/cas/\n\n**PROGRAMME**\n\nOfficially launched in 2013, the Comparative Asian Studies (CAS) PhD programme offers an intensive course of study that promotes a trans-regional understanding of Asia. Students will be exposed to ideas designed to shift attention beyond the conceptual boundaries of area-studies scholarship towards the dynamics and processes that connect the region’s vast peoples, cultures, and worldviews.\n\nQualified candidates will have training in at least two geographical/cultural areas (South, East, Southeast, Northeast, West Asia) enabling them to explore the varying methods, debates, and issues that have shaped those respective fields comparatively. Every candidate will also be exposed to scholarship and conversations drawn from Inter-Asia Studies that highlight the interconnectedness within the broader Asia region.\n\nParticipating faculty members, located in our area-studies departments and disciplinary-based departments, represent one of the largest concentrations of Asia-focused scholars in the world. FASSS’ research clusters bring together graduate students and faculty regularly to explore topics in (but not limited to): comparative religions, transnational flows, and global histories. Taken together with the CAS PhD’s innovative curriculum, participating candidates have the opportunity to not only engage with leading specialists of Asian Studies, but to contribute to the process of producing knowledge about Asia from within the region.\n\nThe programme is unique because it offers the scope of transnational Asian Studies while providing the intensity and focus offered by area-studies training. This combination of both breadth and depth encourages research that explores the connectedness of Asia without compromising a deep understanding of its various locales.\n\n**The foundation of this programme is based on three components:**\n\n- Intensive training in two languages representing two different Asian Studies regions or two different cultural zones;\n- An innovative coursework programme\n- Research and writing of a dissertation that is based on research concerning two regions\n\n**CARLO SAMSON GUTIERREZ**\nCurrent CAS PhD Student\n\nThe Comparative Asian Studies programme provides a unique vantage point to conceive and behold Asian discourses and social science in general. Its intricate advantage is the requisite towards a minimum bilingualism and in reality the multilingual demands. The nice thing is it embraces all students of society who are interested in engaging with the issue of Asia - which is ex"
    },
    "15": {
      "summary": "1. **Cultural Studies in Asia**\n   - **Programme**: \n     - **Campus**: NUS\n     - **Location**: Singapore\n     - **Contact**: +65 6516 4671\n     - **Email**: cmn.graduate@nus.edu.sg\n     - **Website**: www.cultural-studies-in-asia.org\n   - **Description**: \n     - The Cultural Studies in Asia (CSA) PhD Programme was established in 2009 and is the only such programme taught in English in Asia. It is housed in the Department of Communications and New Media.\n\n: 2. **Core Research Areas**:\n   - **Research Interests**: \n     - Understanding the political, economic, social, and cultural dynamics of Asia.\n     - Exploring the role of media and communication technologies in shaping Asian societies.\n     - Investigating the impact of globalization and modernization on Asian cultures.\n   - **Research Focus**: \n     - The research interests include media and communication technologies, cultural studies, and Asian politics.\n     - The programme focuses on understanding the complexities of contemporary Asian societies and their media and communication practices.\n     - The programme aims to provide students with a comprehensive understanding of the region's cultural, political, and economic landscape.\n\n: 3. **Academic Exchanges**:\n   - **Description**: \n     - The CSA-PhD Programme participates actively in the Inter-Asia Cultural Studies Society (http://culturalstudies.asia) and is a member of the Consortium of Inter-Asia Cultural Studies Institutions (http://culturalstudies.asia/ciacsi/).\n     - The Society, and its Consortium of institutions offering postgraduate programmes, organises regular events bringing cultural studies scholars and students in Asia and from around the world together in Asian cities to discuss pertinent issues relating to the knowledge conditions of politics, power and practices in the region. Our CSA-PhD students would have the opportunity to attend the biannual Summer School to take extra courses and the biannual Conference to present their work.\n     - The CSA-PhD Programme hosts the William Lim Siew Wai Fellowship. Every year, we invite one eminent professor to visit our Programme to teach a two-month special topic module under this Fellowship. Past visiting Fellows include Professors Maila Stivens, Mike Featherstone, Peter van der Veer, Meaghan Morris, John Nguyet Erni and Audrey Yue.\n\n: 4. **Annisa Ridzkynoor Beta**:\n   - **Description**: \n     - As a graduate student and today as a junior scholar, I have found the Cultural Studies in Asia PhD Programme at NUS and its Inter-Asia Cultural Studies Society network to be indispensable for my academic trajectory. The modules and the professors trained me in critical thinking and cultural theories. The freedom to take modules from different departments in the Faculty of Arts and Social Sc"
    },
    "16": {
      "summary": "6/10\n\nThe document you provided includes a section titled \"HILMAR FARID\" with a subtitle \"PhD, NUS, 2018) Director General for Culture at the Ministry of Education and Culture of the Republic of Indonesia.\" This section appears to discuss HILMAR FARID's professional background and contributions to education and culture in Indonesia.\n\nThe document also contains a section titled \"GAYO XUEYING\" with a subtitle \"Current PhD student in Cultural Studies in Asia programme.\" This section describes HAYO XUEYING's academic journey, including her educational background, research interests, and current work in cultural studies.\n\nAdditionally, there is a section titled \"NGUYEN HANG PHUNG DUNG\" with a subtitle \"Current Masters student in English Language and Linguistics.\" This section provides information about HANH DUNG, who is currently pursuing an English language and linguistics degree at the University of Singapore. It highlights his academic background, research interests, and current work in the field of linguistics.\n\nThe document concludes with a section titled \"KIM SU MIN\" with a subtitle \"Current PhD student in English Language and Literature.\" This section introduces Kim Su Min, who is currently pursuing a PhD in English Language and Literature at the University of Singapore. It outlines her academic background, research interests, and current work in the field of literature.\n\nOverall, the document presents a snapshot of HILMAR FARID's academic achievements and current research focus, as well as the work of HAYO XUEYING and KIM SU MIN, providing insight into their respective fields of study and research interests."
    },
    "17": {
      "summary": " The Department of Economics, set up in 1934, has an established reputation as one of the largest and leading departments of Economics in the Asia-Pacific region. Programmes offered by the Department:\n\n| Coursework | Research |\n|-------------|----------|\n| Career-Oriented Track<br/>• Master of Economics (Applied Economics) | • Master of Social Sciences<br>• Doctor of Philosophy |\n\nAcademic-Focused Track<br/>• Master of Economics (Quantitative Economics)\n\nThe Department of Economics at NUS consistently ranks as one of the top programmes in the Asia-Pacific region. The Economics graduate programme prepares students for employment in universities, government, business and financial sectors. Recent graduates of the Department have been placed in well-known universities such as Monash University and University of Western Australia, as well as leading investment institutions such as Citibank, Credit Suisse, DBS Bank, and TC Capital.\n\nFaculty members’ research areas span a wide range of economic fields, with strength in the core areas of microeconomics, macroeconomics and econometrics, as well as in particular fields such as game theory and industrial organisation, labour economics, education, financial economics, and growth theory and development with special reference to Asia.\n\nThe biggest testament to the Applied nature of the programme is that even as I studied the various subjects I could see those courses adding value to my professional life; I am a practicing economist working for a global investment bank. More than the core economics subjects, it is the eclectic mix of electives on offer that have provided me with my biggest take-aways. To name just a few: Chinese economy, Urban Economics and Applied Macroeconomics have been some of the courses that I have been able to apply in my everyday work. As a part-time student, the fact that the programme structure is quite flexible has been crucial for me to be able to absorb the most from my studies.\n\nCAI XIQIAN<br>(PhD, NUS, 2015) Assistant Professor, Xiamen University, China\n\nI am glad that I had the chance to study in the Economics graduate programme. I met students who came from all around the world. During the years I was in FASS, all of us were able to share not only our knowledge and experience, but to share our culture and enjoy lots of wonderful memories. The professors are not only qualified and knowledgeable; they are also very nice people. I approached them whenever I faced difficulties in understanding certain topics. I would certainly recommend the graduate programme to prospective students looking to gain a deeper knowledge in Economics.\n\nLIU XUYUAN<br>(PhD, NUS, 2014) Research Fellow, Risk Management Institute, National University of Singapore\n\nStudying in the FASS Department of Economics w"
    },
    "18": {
      "error": "LLM query failed"
    },
    "19": {
      "error": "LLM query failed"
    },
    "20": {
      "summary": "1. **Department of History**  \n   Faculty of Arts & Social Sciences  \n   National University of Singapore  \n   Blk AS1, #05-27, 11 Arts Link  \n   Singapore 117573  \n   Tel: +65 6516 3838  \n   Fax: +65 6574 2528  \n   Email: hisbox1@nus.edu.sg  \n   fass.nus.edu.sg/hist  \n\nThe Department of History offers degrees by research and dissertation at both the MA and PhD levels. The Department is especially well-known for its concentration in Asian history, notably Southeast and East Asian. Faculty members also supervise cutting-edge research in European, American, and South Asian history, as well as in such thematic fields as military history, the history of art, business, and science & technology, among others. Graduates from the Department have secured tenure-track positions in prestigious universities in North America, Europe, Singapore, China, and many other Asian countries; many Honours and MA graduates have been admitted with scholarship to top graduate schools across the world.\n\nThe Department of History offers master's degree course work programmes in two designated areas. Applied and Public History offers master's degree to those who plan to apply the appropriate use of history to professional careers in diverse fields such as the arts, business, government, and other sectors of society. We seek to train candidates to appropriately use history to anticipate and exploit trends, craft policies, make decisions, and pursue their endeavours. Asian and Global History is designed for those who plan to study the history of diverse cultures and societies across Asia and the world. They will also acquire in-depth knowledge of Singaporean history and understand the dynamic narratives that shape the nation-state's national identity.\n\n---\n\n### CAO YIN  \n(PHD, NUS, 2016) Associate Professor, Department of History, Tsinghua University, Beijing, China  \n\nBefore I came to Singapore to pursue my PhD degree in the Department of History, NUS, I had very limited knowledge of Southeast and South Asian history. The cosmopolitan atmosphere in the department (we have graduate students and faculty members from more than ten countries with research topics ranging from ancient Champa archaeology to the twentieth century United States popular culture) offered me a great chance to broaden my understanding of cultures and histories across the globe. Thanks to the conversations, talks, and sometimes even quarrels with these excellent colleagues during my stay in the department, I have successfully transformed myself from a narrow-minded student who knew nothing more than his own research subject to a global scholar based in Asia.  \n\nThe department also provided me beautiful grants and fellowships to facilitate my field work in Hong Kong and Shanghai as well as my participation in i"
    },
    "21": {
      "summary": "1. The Department of Japanese Studies offers both Masters and PhD programmes. Candidates have to do coursework and submit an original research dissertation to be awarded the degree. Faculty members at the Department of Japanese Studies specialise in a wide array of disciplines and graduate students will work closely with specific professor(s) in the area of their research. We want students who are well-versed in the discipline and in their understanding of Japan and thus we expect students to also take courses in the disciplinary departments. Students will normally spend time in Japan for fieldwork or archival studies. Being located in Singapore, we especially invite students who work on topics that deal with Japan’s relationship with Asia, be that in economics, politics or culture.\n\n: 1. The Department of Japanese Studies offers both Masters and PhD programmes. Candidates have to do coursework and submit an original research dissertation to be awarded the degree. Faculty members at the Department of Japanese Studies specialise in a wide array of disciplines and graduate students will work closely with specific professor(s) in the area of their research. We want students who are well-versed in the discipline and in their understanding of Japan and thus we expect students to also take courses in the disciplinary departments. Students will normally spend time in Japan for fieldwork or archival studies. Being located in Singapore, we especially invite students who work on topics that deal with Japan’s relationship with Asia, be that in economics, politics or culture.\n\n: 1. There are a wide range of courses available to help graduates build a strong foundation in their chosen research area not only within Japanese Studies but across the University. The Department does a great job of helping fellow graduates meet and share their research interests, issues and provide peer feedback on academic work. Above all, I have been immensely impressed and grateful for the way the Department, and in particular my advisor Dr. Amos, has gone out of its way to provide support for my studies. I have participated in academic conferences, been provided opportunities to publish research, lecture and get to grips with the intricacies of 19th century written Japanese. I think it would be a struggle to find many other Japanese Departments across the globe that are willing and able to provide that range of opportunity. If you are passionate about Japan then I thoroughly recommend applying to NUS. It will be able to provide you an absolutely world class experience.\n\n: 1. I first joined the MA programme at the department of Japanese Studies (JS) whilst working full-time at a national art institution. With my background in art history, I was looking to complement this with further"
    },
    "22": {
      "summary": " The Department of Malay Studies at the National University of Singapore has been an immensely fulfilling experience. From being pushed to think outside the box, to constantly reminding me to question my assumptions, the guidance and academic tutorship I have received at the Department is unparalleled. No matter how tough the topic of choice, be it for an essay or a thesis, the professors have never discouraged me or tried to divert my attention towards easier or more familiar paths. Instead, they have encouraged me to transcend the limits of my boundaries and to constantly strive for excellence beyond what is expected of me. My time at Malay Studies was also enriched due to the diversity of topics explored and the ways in which we continuously exhorted to think about the applicability of the discussions beyond the classroom setting. The fieldtrips and study trips conducted by the passionate professors also allowed me to explore the knowledge learnt in a wider and more relevant context. \n\nThe Department runs a Graduate Programme for Masters by research and PhD Graduate courses that cover theoretical frameworks as well as more in-depth examination of specific issues pertaining to Malays and Malay societies. These modules expose students to ideas and perspectives which they can apply in the course of their independent research. The Department welcomes students with a good honours degree in Malay Studies or other relevant disciplines such as History, Political Science, Sociology, Social Work, Linguistics, Literature and Southeast Asian Studies. Since a good working knowledge of Malay is required in order to conduct research on the Malays, students will be required to take a Malay/Indonesian language course if they have not done so. This could be done either before or during the course of their research.\n\nFrom Literature and Art to studying the elite and intellectuals in Malay society, understanding the change of modernisation faced by Malays as well as examining the development of capitalism and Malay culture are some of the key areas of this programme. A forum is also made available for students to share their research and to engage one another in discussion of their research projects.\n\nBeing a Malay Studies graduate student has been an immensely fulfilling experience. From being pushed to think outside the box, to constantly reminding me to question my assumptions, the guidance and academic tutorship I have received at the Department is unparalleled. No matter how tough the topic of choice, be it for an essay or a thesis, the professors have never discouraged me or tried to divert my attention towards easier or more familiar paths. Instead, they have encouraged me to transcend the limits of my boundaries and to constantly strive for excellence beyond "
    },
    "23": {
      "summary": " The Department of Philosophy is one of the very few departments in the world that offers specialization at the graduate level in four independent traditions of philosophical research: Anglo-American (Analytic) Philosophy, Continental (European) Philosophy, Chinese Philosophy, and Indian Philosophy. Our recent graduate students have completed theses in a diverse array of topics cutting across the East-West divide, ranging from a Confucian approach to the tragedy of the commons to the political implications of Kantian ethics and to David Lewis' modal realism. Though the faculty's research and teaching interests cover a wide variety of topics, the Department has particular strengths in normative philosophy (both ethics and political philosophy), classical Confucianism, philosophy of language, epistemology, mind and philosophy of science and technology. Our students hail from different regions of the world, thus making the Department especially attractive to those students who would like to study in Asia in a cosmopolitan environment.\n\nGABRIELE LEONIE ESCOFFIER\nCurrent PhD student, Department of Philosophy, FASS, NUS\n\nNUS dynamic and multicultural background is a fantastic research environment. As a student in Chinese Philosophy, I can specialize in my field while meeting constant opportunities to broaden and enrich my philosophical interests.\n\nDARYL OOI SHEN\nCurrent Masters student, Department of Philosophy, FASS, NUS\n\nReading philosophy allowed me to think more deeply about questions I think many of us have had since we were young - what is the nature of right and wrong, what is the meaning of life, how do I know whether what I believe is true.\n\nLOO WEI LING, JANE\n(MA, NUS 2015) Tutor, Department of Philosophy, FASS, NUS\n\nMy professors made all the difference to studying Philosophy. They instilled in me a love for the subject and a desire to keep learning. They were always available for a chat, be it about coursework, applying to graduate school, or getting published in a journal."
    },
    "24": {
      "summary": "4. Political Theory covers major thinkers and texts of major philosophical traditions; political ideologies and their comparison; and constitutional practices and debates. It also deals with the dissemination of political ideas through persuasion; the embeddedness of politics in cultural means (arts and music); and the implications of political and normative aspirations such as human rights perspectives.\n\n: GEORGE EDWARD MAY\nCurrent PhD student in Political Science\n\nThe NUS Political Science department has provided an intellectually nourishing environment in which I have grown more confident and competent as a researcher and teacher. The academic staff in Political Science and across FASS have driven me to read, think, critique, and write more broadly and deeply than I have elsewhere. Coursework modules have introduced me to aspects of social science I would not have encountered had I remained in the UK, as well as a deeper understanding of how my interests - which originate in IR - relate to other sub-disciplines in Political Science. As a gateway to Southeast Asia, NUS has provided the ideal base from which to undertake extended fieldwork in the region. The opportunities the department have provided for teaching - and the inspiring students I have had the chance to work with - have been truly enriching, professionally and personally. Last but not least, my peers in FASS have been a vital source of inspiration, motivation, and comradery through tougher times.\n\n: MARY ANN JOY QUIRAPAS FRANCO\nResearch Fellow, Energy Studies Institute\n\nFor years, I worked as a policy practitioner and researcher. My PhD experience at NUS has given me further skills and knowledge to conduct better research. The modules stressed the importance of theoretical foundations and methodological rigour before any practical applications of political science concepts. The program also gives me the opportunities to expand my professional network through summer schools, overseas workshops, and field research trips that are always helpful in building a successful career after obtaining a PhD. Finally, what I really value most with the whole experience is the people I meet during programme- the faculty, fellow graduate students and administrative staff. The meaningful discussions and lasting friendships with them make the PhD program more fruitful and memorable.\n\n: Department of Political Science\nFaculty of Arts & Social Sciences\nNational University of Singapore\nBlk A51, #04-10, 11 Arts Link\nSingapore 117573\nTel: +65 6516 6067\nFax: +65 6779 6185\nEmail: polbox1@nus.edu.sg\nfass.nus.edu.sg/pol\n\nThe Department of Political Science is recognised globally for the quality of its faculty. Students benefit from working closely with such a large and growing pool of faculty members who are inter"
    },
    "25": {
      "summary": "45 / FASS DEPARTMENTS / PSYCHOLOGY\n\n: Psychology\n\nDEPARTMENT OF\n\nPsychology\n\nDepartment of Psychology\n\nFaculty of Arts & Social Sciences\n\nNational University of Singapore\n\nBlk AS4, #02-07, 9 Arts Link\n\nSingapore 117570\n\nTel: +65 6516 3749\n\nEmail: psybox2@nus.edu.sg (Research Programmes)\n\nEmail: psybx6@nus.edu.sg (Clinical Programmes)\n\nfass.nus.edu.sg/psy\n\nThe Department of Psychology offers two research graduate programmes and a clinical graduate programme.\n\nResearch Graduate Programmes\n\nThe Department's two research programmes comprise specialisations in six major psychological disciplines:\n\n1. Clinical Science and Health Psychology\n2. Cognition\n3. Developmental Psychology\n4. Quantitative Psychology\n\nTraining in these specialisations comprises coursework and a research thesis conducted under the guidance of an academic supervisor. Degrees are offered at the Masters and PhD levels. Scholarships and other forms of financial support are available on a competitive basis. The Department has also introduced a Concurrent Degree Programme [B.Soc.Sci. (Hons.) and M.Soc. Sci.] which enables psychology majors to make a seamless transition from the undergraduate programme to the graduate programme, and earn both an honours degree and a Master's degree in five years.\n\nOur Department's core research areas largely overlap with the areas of graduate specialisation. Across these specialisations, we have several areas of strength, two of which are as follows. First, a number of our staff are studying language and speech. Apart from access to specialist populations such as children or individuals with language impairments, the multilingual context of Singapore makes this work particularly attractive. Emotion research forms a second area of strength. Here, our staff are exploring the relationships between emotions and mental or physical health, the role of emotions in social interactions and decision making as well as the neuronal processes that mediate emotional experiences. These, and other research areas, leverage on a supportive research infrastructure that enables access to state-of-the-art technology and equipment for psychophysiological measurement (e.g., electroencephalography, heart rate monitoring), eye-tracking, and functional magnetic resonance imaging. Our Department also houses a suite of dedicated labs and common space for behavioural observation and psychological testing. Staff research projects and collaborations involve other research institutes within and outside Singapore, including the Duke/NUS Graduate Medical School, the Institute of Mental Health, and A*Star.\n\nClinical Graduate Programme\n\nOur Department offers a graduate degree programme in Clinical Psychology. The two-year programme consists of a combination of coursework, research and practica"
    },
    "26": {
      "summary": "1. Clearly identify the main topic or subject of the page.\n2. Summarize the key points or arguments presented in the text.\n3. Highlight any significant findings or conclusions drawn from the content.\n4. Use bullet points or numbered lists if necessary to organize the summary.\n5. Avoid unnecessary elaboration; focus on conveying the most important aspects of the page's content.\n\nThe provided example demonstrates how to summarize a page containing text and a single image. For a page with multiple images, you would include a separate summary for each image.\n\nAdditionally, the provided example includes a section titled \"WHAT OUR STUDENTS SAY\" which contains quotes from students who have experienced the program. These quotes provide insight into the benefits and impact of the course on students' personal and professional development."
    },
    "27": {
      "summary": "49 / FASS DEPARTMENTS / SOCIAL WORK\n\nSocial Work as a subject in the University first started in 1952, when it offered the first professional social work qualification in Singapore, the two-year Graduate Diploma in Social Work. Since then, it has evolved with the changing times, circumstances and requirements of the country into its present form.\n\nAt the graduate level, the Masters and PhD degrees offer graduate students, depending on the course they are enrolled in, a range of modules for advanced direct and indirect practice for populations in need with a focus on enhancing social work theory, practice skills, critical thinking and policy contribution in the social services. Research also provides hands-on learning to students who are engaged in the projects.\n\nSocial Work as a subject in the University first started in 1952, when it offered the first professional social work qualification in Singapore, the two-year Graduate Diploma in Social Work. Since then, it has evolved with the changing times, circumstances and requirements of the country into its present form.\n\nAt the graduate level, the Masters and PhD degrees offer graduate students, depending on the course they are enrolled in, a range of modules for advanced direct and indirect practice for populations in need with a focus on enhancing social work theory, practice skills, critical thinking and policy contribution in the social services. Research also provides hands-on learning to students who are engaged in the projects.\n\nSocial Work as a subject in the University first started in 1952, when it offered the first professional social work qualification in Singapore, the two-year Graduate Diploma in Social Work. Since then, it has evolved with the changing times, circumstances and requirements of the country into its present form.\n\nAt the graduate level, the Masters and PhD degrees offer graduate students, depending on the course they are enrolled in, a range of modules for advanced direct and indirect practice for populations in need with a focus on enhancing social work theory, practice skills, critical thinking and policy contribution in the social services. Research also provides hands-on learning to students who are engaged in the projects.\n\nSocial Work as a subject in the University first started in 1952, when it offered the first professional social work qualification in Singapore, the two-year Graduate Diploma in Social Work. Since then, it has evolved with the changing times, circumstances and requirements of the country into its present form.\n\nAt the graduate level, the Masters and PhD degrees offer graduate students, depending on the course they are enrolled in, a range of modules for advanced direct and indirect practice for populations in need with a focus on enhancing social wo"
    },
    "28": {
      "summary": "1. Master of Social Sciences in Sociology\n2. Doctor of Philosophy in Sociology\n3. Doctor of Philosophy in Anthropology\n4. Master of Social Sciences in Sociology\n5. Doctor of Philosophy in Sociology\n6. Doctor of Philosophy in Anthropology\n7. Master of Social Sciences in Sociology\n8. Doctor of Philosophy in Sociology\n9. Master of Social Sciences in Sociology\n10. Doctor of Philosophy in Sociology\n11. Master of Social Sciences in Sociology\n12. Doctor of Philosophy in Sociology\n13. Master of Social Sciences in Sociology\n14. Doctor of Philosophy in Sociology\n15. Master of Social Sciences in Sociology\n16. Doctor of Philosophy in Sociology\n17. Master of Social Sciences in Sociology\n18. Doctor of Philosophy in Sociology\n19. Master of Social Sciences in Sociology\n20. Doctor of Philosophy in Sociology\n21. Master of Social Sciences in Sociology\n22. Doctor of Philosophy in Sociology\n23. Master of Social Sciences in Sociology\n24. Doctor of Philosophy in Sociology\n25. Master of Social Sciences in Sociology\n26. Doctor of Philosophy in Sociology\n27. Master of Social Sciences in Sociology\n28. Doctor of Philosophy in Sociology\n29. Master of Social Sciences in Sociology\n30. Doctor of Philosophy in Sociology\n31. Master of Social Sciences in Sociology\n32. Doctor of Philosophy in Sociology\n33. Master of Social Sciences in Sociology\n34. Doctor of Philosophy in Sociology\n35. Master of Social Sciences in Sociology\n36. Doctor of Philosophy in Sociology\n37. Master of Social Sciences in Sociology\n38. Doctor of Philosophy in Sociology\n39. Master of Social Sciences in Sociology\n40. Doctor of Philosophy in Sociology\n41. Master of Social Sciences in Sociology\n42. Doctor of Philosophy in Sociology\n43. Master of Social Sciences in Sociology\n44. Doctor of Philosophy in Sociology\n45. Master of Social Sciences in Sociology\n46. Doctor of Philosophy in Sociology\n47. Master of Social Sciences in Sociology\n48. Doctor of Philosophy in Sociology\n49. Master of Social Sciences in Sociology\n50. Doctor of Philosophy in Sociology\n51. Master of Social Sciences in Sociology\n52. Doctor of Philosophy in Sociology\n\nThe Department of Sociology at NUS has been ranked first in Asia, and among the top 20 in the world (QS World University Rankings for Sociology). With over 30 staff members, we are also one of the largest departments in the FASS at NUS. From its earliest beginnings, our Department has combined the disciplines of Sociology and Anthropology. Students therefore benefit from learning a wide range of theoretical and methodological approaches within both disciplines. Teaching and research in the sociology and anthropology of Asia, is one of our major strengths.\n\nThe Department offers three research programmes:\n\n1. Master of Social Sciences in Sociology\n2. Doctor of Philosophy in Sociology\n3. Doctor"
    },
    "29": {
      "summary": " The South Asian Studies Programme at NUS offers degrees by research and dissertation at both the MA and PhD levels. The scope for research is extensive and the interests and backgrounds of the supervising teaching staff are wide-ranging and eclectic. Fluency in English is essential, as all theses must be presented in that language, but the Programme encourages and supports the use of research materials which draws upon South Asian languages.\n\nThe Programme has a particular focus on topics which relate to contemporary South Asia. The academic staff includes specialists working in the disciplines of Contemporary History, Political Economy and Development, Religious Studies and Anthropology and Diaspora and Trans-national Studies. An idea of the scope of the Programme's range of interests may be\n\nFunding opportunities are available, though by a highly competitive selection process.\n\n---\n\n**South Asian Studies Programme**\n\nFaculty of Arts & Social Sciences  \nNational University of Singapore  \nBlock A58, Level 6, 10 Kent Ridge Crescent  \nSingapore 119260  \nTel: +65 6516 4640  \nFax: +65 6777 6608  \nEmail: fassbox58@nus.edu.sg  \nfass.nus.edu.sg/sas\n\n---\n\n**SOJIN SHIN**\n\nAssistant Professor, Institute for International Strategy, Tokyo International University\n\nThe five years of my learning in South Asian Studies were intensive and extensive. I not only trained rigorously with a political scientist for my doctoral research, but also travelled to various academic subjects in the differing regions of South Asia with historians, anthropologists, and sociologists. The South Asian Studies at NUS would be a good place where one can advance a multidisciplinary approach with great support and encouragement: from senior faculty members having excellent academic backgrounds. South Asian Studies at NUS was a worthy challenge for me to change the substantial level of understanding politics, society, development, and culture in South Asia. I am very proud to be an India specialist through the training.\n\n---\n\n**PRISCILLA ANN VINCENT**\n\n(MA, NUS, 2016) Researcher, National Skills Development Corporation, New Delhi, India\n\nThe courses you will do at the South Asian Studies Programme will excite you. The modules will inform you of the dynamism, paradoxes, mysteries, uniqueness and challenges within the region. I was so inspired by the Programme that I returned to do my Masters with them. The knowledge and exposure gained, has allowed this Singaporean to work well with both the private sector and Government in India. The best part is the long lasting friendships that I have formed with fellow students and professors at the Programme. We still keep in touch, sharing our adventures and explorations from time to time!"
    },
    "30": {
      "summary": " The Department of Southeast Asian Studies at SOAS has a strong focus on research and teaching in the field of Southeast Asian Studies. The department offers a wide range of courses and programs, including undergraduate and postgraduate degrees, as well as research opportunities for students and faculty members. The department also hosts conferences and workshops, and publishes scholarly journals and books. The department's research interests include the history, politics, economics, and culture of Southeast Asia, as well as the social, political, and economic issues facing the region today. The department is committed to promoting cross-cultural understanding and cooperation through its international collaborations and student exchange programs."
    },
    "31": {
      "summary": "<summary> tags. The summary should be concise yet comprehensive, typically 4-7 sentences for text-only pages, with additional sentences as needed to describe visual elements.\n\nFor visual elements, please use these specific tags:\n- <table_summary> for descriptions of tables\n- <figure_summary> for descriptions of figures, charts, graphs, or diagrams\n- <image_summary> for descriptions of photos, illustrations, or other images\n\nExample structure:\n<summary>\n[Main text content summary here]\n\n<table_summary>Table 1: [Brief description of what the table shows]</table_summary>\n\n<figure_summary>Figure 2: [Brief description of what the figure depicts]</figure_summary>\n\n<image_summary>[Brief description of image content]</image_summary>\n</summary>"
    }
  }
}
