{
  "doc_id": "obs-productdesc-en.pdf",
  "pages": {
    "1": {
      "summary": "1. Read the page carefully.\n2. Identify the main topics and key points.\n3. Note any tables, figures, or images.\n4. Create a concise summary that includes all relevant information.\n\nThe provided example uses the following tags:\n- <table_summary>Summary of Table 1</table_summary>\n- <figure_summary>Summary of Figure 2</figure_summary>\n- <image_summary>Summary of Image</image_summary>\n\nHUAWEI TECHNOLOGIES CO., LTD."
    },
    "2": {
      "summary": "1. The document is a Huawei Technologies Co., Ltd. report.\n2. The document was created by Huawei Technologies Co., Ltd.\n3. The document contains Huawei Technologies Co., Ltd.'s proprietary information.\n4. The document is protected by copyright laws and unauthorized reproduction is prohibited.\n5. The document is subject to change without notice.\n6. Huawei Technologies Co., Ltd. disclaims all liability for any damages resulting from the use of this document.\n7. This document is provided \"AS IS\" without warranties of any kind, either express or implied.\n8. Users of this document are responsible for ensuring compliance with applicable laws and regulations.\n9. Huawei Technologies Co., Ltd. does not assume responsibility for any consequences arising from the use of this document.\n10. Users of this document are advised to consult legal counsel before taking any actions based on its contents.\n11. This document may contain confidential and proprietary information and is intended solely for authorized personnel.\n12. Users of this document are prohibited from copying, distributing, or using it for any commercial purposes without express written permission from Huawei Technologies Co., Ltd.\n13. Users of this document are encouraged to report any suspected unauthorized use or disclosure of this document to Huawei Technologies Co., Ltd.\n14. Huawei Technologies Co., Ltd. reserves the right to update, modify, or discontinue this document at any time without notice.\n15. Users of this document are expected to familiarize themselves with the most recent version of this document.\n16. Huawei Technologies Co., Ltd. shall not be liable for any damages arising from the use of this document.\n17. This document is governed by and construed in accordance with the laws of the People's Republic of China.\n18. Users of this document are prohibited from using Huawei Technologies Co., Ltd.'s name or trademarks in any manner that could be considered trademark infringement.\n19. This document is not intended for distribution to, or use by, individuals in any jurisdiction where such distribution or use would be contrary to law or regulation.\n20. Users of this document are responsible for obtaining any necessary licenses or permissions to access or use any third-party software or services referenced in this document.\n21. Huawei Technologies Co., Ltd. reserves the right to amend or discontinue this document at any time without notice.\n22. Users of this document are responsible for ensuring that any equipment or software used in connection with this document complies with relevant standards and regulations.\n23. Huawei Technologies Co., Ltd. shall not be liable for any damages arising from the use of this document.\n24. Users of this document are prohibited from using Huawei Technologies Co.,"
    },
    "3": {
      "summary": "<summary> tags. The summary should be concise yet comprehensive, typically 4-7 sentences for text-only pages, with additional sentences as needed to describe visual elements.\n\nFor visual elements, please use these specific tags:\n- <table_summary> for descriptions of tables\n- <figure_summary> for descriptions of figures, charts, graphs, or diagrams\n- <image_summary> for descriptions of photos, illustrations, or other images\n\nExample structure:\n<summary>\n[Main text content summary here]\n\n<table><table>Table 1: [Brief description of what the table shows]</table></summary>"
    },
    "4": {
      "summary": "1 About OBS. .................................................................................................................................................... 1\n2 Advantages.......................................................................................................................................................... 6\n3 Application Scenarios ........................................................................................................................................... 10\n4 Functions.................................................................................................................................................................. 19\n5 Security.................................................................................................................................................................. 27\n5.1 Shared Responsibilities ........................................................................................................................................ 27\n5.2 Identity Authentication and Access Control ........................................................................................................ 28\n5.3 Data Protection .................................................................................................................................................... 29\n5.4 Audit and Logging ............................................................................................................................................ 31\n5.5 Resilience ............................................................................................................................................................. 32\n5.6 Risk Monitoring .................................................................................................................................................. 33\n5.7 Certificates .......................................................................................................................................................... 33\n6 Permissions Management ............................................................................................................................... 35\n7 Restrictions and Limitations ...................................................................................................................... 43\n8 Related Services ........................................................................................................................................... 49\n9 Basic Concepts ................................................................................................................................................. 51\n9.1 Objects ...................................................................................................................."
    },
    "5": {
      "error": "LLM query failed"
    },
    "6": {
      "summary": "1. You can specify custom metadata to describe the object when you upload an object to OBS.\n- Data that refers to the content of an object.\n\nBy means of secondary development based on OBS REST APIs, OBS Console, SDKs, and a variety of tools are provided for you to use OBS. You can also use OBS SDKs and APIs to develop applications customized for your business needs.\n\n---\n\n**Storage Classes**\n\nOBS offers the storage classes below to meet your requirements for storage performance and costs. You can change buckets and objects between storage classes. To learn billing for different storage classes, see Storage Space.\n\n- **Standard**: The Standard storage class features low latency and high throughput. It is therefore good for storing frequently (multiple times per month) accessed files or small files (less than 1 MB). Its application scenarios include big data analytics, mobile apps, hot videos, and social apps.\n- **Infrequent Access**: The Infrequent Access storage class is for storing data that is infrequently (less than 12 times per year) accessed, but when needed, the access has to be fast. It can be used for file synchronization, file sharing, enterprise backups, and many other scenarios. This storage class has the same durability, low latency, and high throughput as the Standard storage class, with a lower cost, but its availability is slightly lower than the Standard storage class.\n- **Archive**: The Archive storage class is ideal for storing data that is rarely (once per year) accessed. Its application scenarios include data archive and long-term backups. This storage class is secure, durable, and inexpensive, so it can be used to replace tape libraries. To keep cost low, it may take hours to restore data from the Archive storage class."
    },
    "7": {
      "error": "LLM query failed"
    },
    "8": {
      "summary": "1. Minimum storage duration refers to the least time that will be charged for object storage. This means that objects will be charged for a minimum storage duration even if they are not stored for that long. For instance, if an Infrequent Access object is stored in OBS for 20 days (shorter than the minimum storage duration of 30 days) and then deleted, you will be billed for a storage duration of 30 days.\n\nHow to Access OBS\n\nOBS provides various resource management tools. You can use any of the tools listed in Table 1-2 to access and manage resources in OBS.\n\nTable 1-2 OBS resource management tools\n\n| Tool | Description | How to Use |\n|------|-------------|------------|\n| OBS Console | OBS Console is a web-based GUI for you to easily manage OBS resources. | Console Operation Guide |\n| OBS Browser (abandoned) | OBS Browser has been abandoned since April 15, 2020. Its functions are inherited by the new client tool OBS Browser+ that provides you with better user experience. Download the latest OBS Browser+. We apologize for any inconvenience and appreciate your understanding. | - |\n| OBS Browser + | OBS Browser+ is a Windows client that lets you easily manage OBS resources from your desktop. | OBS Browser+ Tool Guide |\n\nIssue 26 (2024-02-28) Copyright © Huawei Technologies Co., Ltd."
    },
    "9": {
      "summary": "1 About OBS\n\n| Tool | Description | How to Use |\n|------|-------------|------------|\n| obsoitl | obsoitl is a command line tool for you to perform common configuration and management operations on OBS. If you are comfortable using the command line interface (CLI), obsoitl is recommended for batch processing and automated tasks. | obsoitl Tool Guide |\n| obsfs | obsfs is an OBS tool based on Filesystem in Userspace (FUSE). It helps you mount parallel file systems to Linux, so that you can easily access virtually unlimited storage space of OBS the same way as you would use a regular local file system. | obsfs Tool Guide |\n| SDKs | OBS SDKs encapsulate the REST API provided by OBS to simplify development. You can call API functions provided by the OBS SDKs to enjoy OBS capabilities. | SDK Reference |\n| APIs | OBS offers the REST API for you to access it from web applications with ease. By making API calls, you can upload and download data anytime, anywhere over the Internet. | API Reference |\n\nNote: Ensure to include all relevant tags and provide a complete summary that covers all the necessary details from the provided page."
    },
    "10": {
      "error": "LLM query failed"
    },
    "11": {
      "summary": "1. Data availability and service continuity: OBS provides storage for cloud albums of Huawei mobile phones to support access of hundreds of millions of users. It delivers a data durability of up to 99.9999999999% and service continuity of up to 99.995% by using cross-region replication, cross-AZ disaster recovery, device and data redundancy in an AZ, slow disk or bad sector detection, and other technologies.\n\n2. Data reliability: The OBS five-level reliability architecture ensures up to 99.9999999999% of durability and up to 99.995% of continuity, much higher than those of the conventional architecture.\n\n3. Costs: OBS is an out-of-the-box service that has no initial capital investment or time or labor costs and frees you from O&M. You only need to pay as you go. OBS offers tiered-pricing, meaning the more you use, the more you will save.\n\n4. Data availability and service continuity: OBS provides storage for cloud albums of Huawei mobile phones to support access of hundreds of millions of users. It delivers a data durability of up to 99.9999999999% and service continuity of up to 99.995% by using cross-region replication, cross-AZ disaster recovery, device and data redundancy in an AZ, slow disk or bad sector detection, and other technologies.\n\n5. Data reliability: The OBS five-level reliability architecture ensures up to 99.9999999999% of durability and up to 99.995% of continuity, much higher than those of the conventional architecture.\n\n6. Costs: OBS is an out-of-the-box service that has no initial capital investment or time or labor costs and frees you from O&M. You only need to pay as you go. OBS offers tiered-pricing, meaning the more you use, the more you will save.\n\n7. Data availability and service continuity: OBS provides storage for cloud albums of Huawei mobile phones to support access of hundreds of millions of users. It delivers a data durability of up to 99.9999999999% and service continuity of up to 99.995% by using cross-region replication, cross-AZ disaster recovery, device and data redundancy in an AZ, slow disk or bad sector detection, and other technologies.\n\n8. Data reliability: The OBS five-level reliability architecture ensures up to 99.9999999999% of durability and up to 99.995% of continuity, much higher than those of the conventional architecture.\n\n9. Costs: OBS is an out-of-the-box service that has no initial capital investment or time or labor costs and frees you from O&M. You only need to pay as you go. OBS offers tiered-pricing, meaning the more you use, the more you will save.\n\n10. Data availability and service continuity: OBS provides storage for cloud albums of Huawei mobile phones to support access of hundreds of millions of users. It delivers a data durability of up to 99.9999999999% and service continuity of up to 9"
    },
    "12": {
      "summary": "5. **Multi-level protection and authorization management:** OBS has passed the Trusted Cloud Service (TRUCS) certification. Measures, including versioning, server-side encryption, URL validation, virtual private cloud (VPC)-based network isolation, access log audit, and fine-grained access control are provided to keep data secure and trusted.\n\n: 6. **Highly concurrent access for hundreds of billions of objects:** With intelligent scheduling and response, optimized access paths, and technologies such as transmission acceleration and big data vertical optimization, you can store hundreds of billions of objects in OBS and still experience smooth concurrent access with ultra-high bandwidth and low latency."
    },
    "13": {
      "summary": "1. Easy use and management: OBS provides standard REST APIs, SDKs in different programming languages, and data migration tools to help you quickly move your workloads to cloud. Storage resources are linearly, infinitely scalable, without compromising performance. You do not have to plan storage capacity beforehand or worry about expansion or reduction. When needed, you can ask Huawei Cloud to perform online upgrade or capacity expansion on your behalf.\n\n: 2. Tiered storage and on-demand use: Both pay-per-use and yearly/monthly billing are available for OBS. Data in each of the Deep Archive (under limited beta testing), Archive, Infrequent Access, and Standard storage classes is separately metered and billed, which reduces storage costs."
    },
    "14": {
      "summary": "3 Application Scenarios\n\n---\n\n**Big Data Analytics**\n\n**Scenario Description**\n\nOBS enables inexpensive big data solutions that feature high performance with zero service interruptions. It eliminates the need for capacity expansion. Such solutions are designed for scenarios that involve mass data storage and analysis, query of historical data details, analysis of numerous behavior logs, and statistical analysis of public transactions.\n\n- Mass data storage and analysis: storage of petabytes of data, batch data analysis, and data query in milliseconds\n- Query of historical data details: account statement audit, analysis on device energy consumption history, playback of trails, analysis on vehicle driving behavior, and refined monitoring\n- Analysis of numerous behavior logs: analysis of learning habits and logs\n- Statistical analysis on public transactions: crime tracking, associated case queries, traffic congestion analysis, and scenic spot popularity statistics\n\nYou can migrate data to OBS with Data Express Service (DES), and then use Huawei Cloud big data services like MapReduce Service (MRS) or open-source computing frameworks such as Hadoop and Spark to analyze data stored in OBS. Such analysis results will be returned to your programs or applications on Elastic Cloud Servers (ECSs).\n\n**Recommended Services**\n\nMRS, ECS, and DES"
    },
    "15": {
      "error": "LLM query failed"
    },
    "16": {
      "summary": "3 Static website hosting\n\nFigure 3-2 Static website hosting\n\n**Online VOD**\n\n**Scenario Description**\n\nThe OBS storage system is scalable, highly reliable, and cost-effective, featuring high concurrency and low latency. Working with the MPC, Content Moderation, and CDN services, OBS can help you quickly construct a fast, secure, and highly available online VOD platform.\n\nOBS serves as the origin server of VOD services. Normal Internet users or professional content creators can upload their video files to OBS, use Content Moderation to review video content, and use MPC to transcode source video files. The processed video content then is played on devices after CDN acceleration.\n\n**Recommended Services**\n\nContent delivery network (CDN), Media Processing Center (MPC), and Content Moderation"
    },
    "17": {
      "error": "LLM query failed"
    },
    "18": {
      "error": "LLM query failed"
    },
    "19": {
      "error": "LLM query failed"
    },
    "20": {
      "error": "LLM query failed"
    },
    "21": {
      "error": "LLM query failed"
    },
    "22": {
      "error": "LLM query failed"
    },
    "23": {
      "error": "LLM query failed"
    },
    "24": {
      "error": "LLM query failed"
    },
    "25": {
      "error": "LLM query failed"
    },
    "26": {
      "summary": "4 Functions\n\n| Function | Description | Region Availability | OBS 2.0 | OBS 3.0 |\n|----------|--------------|-------------------|---------|---------|\n| User-defined domain names | You can bind a domain name to an OBS bucket and then use this domain name to access data in the bucket. For instance, if you need to migrate files from a website to OBS while keeping the website address unchanged, you can bind the website domain name to an OBS bucket. | All | Not supported | Supported |\n| Cross-region replication | You can create a cross-region replication rule to automatically, asynchronously replicate objects from a source bucket in one region to a destination bucket in another region, as long as both buckets are under your account. This enables cross-region data disaster recovery, catering to your needs for remote backup. | All | Not supported | Supported |\n| Image processing | You can this function to quickly process images stored in OBS, including compression, cropping, resizing, watermarking, and format conversion. | See Function Overview. | Not supported | Supported |\n| Bucket inventories | Bucket inventories help you manage objects. You can configure a bucket inventory rule for OBS to periodically scan the specified objects, list the objects with their properties (such as metadata, size, modification time, and storage class) in CSV files, and store the files into the specified bucket. | See Function Overview. | Not supported | Supported |\n\nNote: The above structure is a general example and may vary based on the specific requirements of the document."
    },
    "27": {
      "summary": "4 Functions\n\n| Function | Description | Region Availability | OBS 2.0 | OBS 3.0 |\n|----------|--------------|-------------------|---------|---------|\n| Parallel file systems | Parallel File System (PFS) is a high-performance file system with access latency in milliseconds. It supports TB/s-level bandwidth and millions of IOPS, which is ideal for processing high-performance computing (HPC) workloads. You can call standard OBS APIs to read data in a parallel file system, or use obsfs, an OBS tool, to mount a parallel file system to a Linux server in the cloud. Migrating files and directories in a parallel file system is just like operating a local file system. | See Function Overview. | Not supported | Supported |\n\n| Logging | With logging, you can obtain the bucket access data. After logging is enabled for a bucket, OBS automatically logs every access request for the bucket, packs multiple log records into a log file, and saves the log file to the specified bucket. Using the stored logs, you can analyze or audit logs. | All | Supported | Supported |\n\n| Versioning | When versioning is enabled for a bucket, OBS can keep multiple versions of an object in the bucket. That way you can quickly retrieve and restore every object version as needed, or recover data from both accidental actions and application failures. | All | Supported | Supported |"
    },
    "28": {
      "summary": "4 Functions\n\n| Function | Description | Region Availability | OBS 2.0 | OBS 3.0 |\n|----------|--------------|-------------------|---------|---------|\n| Appending objects | You can call the AppendObject API to write additional data to an appendable object in a specified bucket. Objects created by calling the AppendObject API are appendable, while those created by calling the PutObject API are normal ones. | See Function Overview. | Not supported | Supported |\n| Customizing metadata | You can add, modify, or delete metadata of uploaded objects. | All | Supported | Supported |\n| Bucket storage quota | You can set the bucket space quota to limit the maximum amount of data that can be stored in a bucket. The maximum value is 2^63-1, in bytes. By default, the quota of a newly created bucket is not limited. | All | Supported | Supported |\n| Direct reading | With direct reading enabled, you can download objects in the Archive storage class without restoring them in advance. Direct reading is a billable function. | See Function Overview. | Not supported | Supported |\n| Object sharing | You can share a file or folder stored in OBS with all users by using a temporary URL. All shared URLs are valid for only the specified period of time. | See Function Overview. | Supported | Supported |\n| Fragment management | You can clear fragments that are generated during multipart uploads to save storage space in a bucket. | All | Supported | Supported |\n\nNote: This is a sample summary based on the provided page. Actual summaries may vary depending on the specific content and context of the page."
    },
    "29": {
      "summary": "4 Functions\n\n| Function | Description | Region Availability | OBS 2.0 | OBS 3.0 |\n|----------|--------------|-------------------|---------|---------|\n| Enterprise projects | When you create a bucket, you can specify an enterprise project for it, to facilitate bucket resource and permission management. | See Function Overview. | Not supported | Supported |\n| Bucket encryption | You can enable default encryption for a bucket when creating it. Then all objects uploaded to this bucket later will be automatically encrypted. | See Function Overview. | Not supported | Supported |\n| Multi-AZ storage | When creating a bucket, you can choose multi-AZ storage to store your data in multiple AZs for a higher data reliability. OBS uses the Erasure Code (EC) algorithm, instead of multiple copies, to ensure data redundancy. | See Function Overview. | Not supported | Supported |\n| Back to source | With a back-to-source rule, if the data you requested is not found in OBS, OBS automatically pulls the data from its origin server and returns the data to you. | See Function Overview. | Not supported | Supported |\n| Online decompression | Online decompression allows you to compress multiple files into a ZIP package and upload it to OBS for auto decompression. | See Function Overview. | Not supported | Supported |\n| Bucket settings replication | You can replicate the settings of an existing bucket to the bucket you are creating. The following configurations can be replicated: bucket policies, CORS rules, back-to-source rules, image processing styles, online decompression rules, and lifecycle rules. | All | Not supported | Supported |\n\nNote: This is a basic structure and may require adjustments based on the specific requirements of the document. Adjustments might include adding more detailed descriptions, specifying the types of buckets and their configurations, and ensuring the structure aligns with the document's organization."
    },
    "30": {
      "summary": "4 Functions\n\n| Function | Description | Region Availability | OBS 2.0 | OBS 3.0 |\n|----------|--------------|--------------------|---------|---------|\n| IAM agency | You can create an IAM agency to authorize other cloud services or Huawei Cloud accounts to manage your OBS resources. | All | Not supported | Supported |\n| Monitoring | You can monitor the traffic statistics and requests of buckets on OBS Console and Cloud Eye, so that you are able to properly use your buckets. | See Function Overview. | Supported | Supported |\n| Audit | CTS keeps track of operations on buckets and objects in OBS. You can query the records from CTS for security analysis, compliance audit, resource tracking, and fault locating. | All | Supported | Supported |\n| Tools | OBS offers a range of tools, including OBS Browser+, obsfs, and obsutil, for data migration and management in different scenarios. | All | Supported | Supported |\n| API | OBS provides REST APIs that support HTTP and HTTPS. You can call these APIs to create, modify, and delete buckets, as well as to upload, download, or delete objects. | All | Supported | Supported |\n| SDKs | OBS SDKs help you perform secondary development. The SDKs are available in the following programming languages: Java, Python, C, Go, BrowserJS, .NET, Android, iOS, PHP, and Node.js. | All | Supported | Supported |\n\nNote: This is a basic structure to get you started. Depending on the complexity and length of the page, you may need to adjust the number of summary tags and the depth of detail provided."
    },
    "31": {
      "summary": "5 Security\n\n---\n\n**5.1 Shared Responsibilities**\n\nHuawei guarantees that its commitment to cyber security will never be outweighed by the consideration of commercial interests. To cope with emerging cloud security challenges and pervasive cloud security threats and attacks, Huawei Cloud builds a comprehensive cloud service security assurance system for different regions and industries based on Huawei's unique software and hardware advantages, laws, regulations, industry standards, and security ecosystem.\n\nSecurity is a shared responsibility between Huawei Cloud and you. **Figure 5-1** illustrates how the security responsibilities are shared.\n\n- **Huawei Cloud**: Ensure the security of cloud services and provide secure clouds. Huawei Cloud's security responsibilities include ensuring the security of our IaaS, PaaS, and SaaS services, as well as the physical environments of the Huawei Cloud data centers where our IaaS, PaaS, and SaaS services operate. Huawei Cloud is responsible for not only the security functions and performance of our infrastructure, cloud services, and technologies, but also for the overall cloud O&M security and, in the broader sense, the security and compliance of our infrastructure and services.\n- **Tenant**: Use the cloud securely. Tenants of Huawei Cloud are responsible for the secure and effective management of the tenant-customized configurations of cloud services including IaaS, PaaS, and SaaS. This includes but is not limited to virtual networks, the OS of virtual machine hosts and guests, virtual firewalls, API Gateway, advanced security services, all types of cloud services, tenant data, identity accounts, and key management.\n\n**Huawei Cloud Security White Paper** **Huawei Cloud Security White Paper** elaborates on the ideas and measures for building Huawei Cloud security, including cloud security strategies, the shared responsibility model, compliance and privacy, security organizations and personnel, infrastructure security, tenant service and security, engineering security, O&M security, and ecosystem security."
    },
    "32": {
      "summary": "5.2 Identity Authentication and Access Control\n\nIdentity Authentication\n\nYou can use OBS Console, OBS Browser+ (a client), obsoutil (a command line tool), APIs, and SDKs to access OBS. No matter which method you use, you are accessing OBS over the REST API.\n\nOBS REST APIs support both authenticated and anonymous requests. There will usually be anonymous requests in the scenarios that require public access, for example, accessing a hosted static website. In most cases, requests for OBS resources must be authenticated. An authenticated request must include a signature. The signature is calculated based on the requester's access keys (a pair of AK and SK) that are used as the encryption factor and the specific information included in the request body. OBS uses an access key ID (AK) and a secret access key (SK) together to authenticate the identity of a requester. For more information, see Access Keys (AK/SK).\n\nOther OBS access scenarios include:\n\n- **Accessing OBS Using Permanent Access Keys**\n- **Accessing OBS Using Temporary Access Keys**\n- **Accessing OBS Using a Temporary URL**\n- **Accessing OBS Using an IAM Agency**\n\nAccess Control\n\nOBS access control can be implemented based on IAM permissions, bucket policies, ACLs, URL validation, and CORS."
    },
    "33": {
      "summary": "5 Security\n\n---\n\n### Table 5-1 OBS access control\n\n| Method | Description                                                                 | Reference |\n|--------|-----------------------------------------------------------------------------|-----------|\n| Permissi<br>on con<br>trol | IAM permissions define which actions on your cloud resources are allowed or denied. After creating an IAM user, the administrator needs to add it to a user group and grant the permissions required by OBS to the user group. Then, all users in this group automatically inherit the granted permissions. | IAM Permissions |\n| Bucket<br>policies | A bucket policy applies to an OBS bucket and the objects in it. A bucket owner can use bucket policies to grant IAM users or other accounts the permissions required to operate the bucket and the objects in it. Bucket policies supplement, and in many cases, replace ACLs of buckets and objects. | Bucket Policies |\n| ACLs    | An access control list (ACL) defines grantees and their granted permissions. Bucket and object ACLs are associated with accounts or user groups. When you create a bucket or an object, OBS creates a default ACL that authorizes the owner full control over the bucket or object. Bucket or object owners can configure ACLs to grant basic read and write permissions to specific accounts or user groups. | ACLs        |\n| URL validation | URL validation protects your data in OBS from being stolen using the Referer field in HTTP requests. Such authorization is controlled using whitelists and blacklists. | URL Validation |\n| CORS     | OBS allows you to configure cross-origin resource sharing (CORS) rules on buckets to allow or forbid cross-origin requests from certain websites. | CORS       |\n\n---\n\n### 5.3 Data Protection\n\nOBS takes different measures to keep data stored in OBS secure and reliable.\n\n---\n\nIssue 26 (2024-02-28) Copyright © Huawei Technologies Co., Ltd. 29"
    },
    "34": {
      "summary": "5 Data protection measures\n\n| Measure | Description | Reference |\n|---------|-------------|------------|\n| Transmission encryption (HTTPS) | OBS supports HTTP and HTTPS, but HTTPS is recommended to enhance the security of data transmission. | Constructing a Request |\n| Data redundancy | OBS uses the Erasure Code (EC) algorithm, instead of multiple copies, to ensure data redundancy. Compared with the multi-copy redundancy, EC delivers a higher storage space utilization while maintaining the same reliability level. When creating a bucket on OBS, you can choose a data redundancy policy. Choosing the multi-AZ storage will make your data redundantly stored in multiple AZs in the same region. If one AZ becomes unavailable, data can still be properly accessed from the other AZs. The multi-AZ storage is ideal for scenarios that demand high reliability. | Creating a Bucket |\n| Data integrity verification (MD5) | During object uploads or downloads, data may become inconsistent due to network hijacking, caching, and other reasons. OBS verifies data consistency by calculating the MD5 value when data is uploaded or downloaded. | Data Consistency Verification |\n| Server-side encryption | With server-side encryption enabled, objects you upload to OBS will be encrypted into ciphertext before they are stored on the server. When objects are downloaded, they will be decrypted on the server first and then returned in plaintext form. | Server-Side Encryption |\n| Cross-region replication | You can configure cross-region replication rules to automatically, asynchronously replicate data from a source bucket to a destination bucket in another region. This provides you with the capability for disaster recovery across regions, catering to your needs for remote backup. | Cross-Region Replication |\n\nIssue 26 (2024-02-28) Copyright © Huawei Technologies Co., Ltd. 30"
    },
    "35": {
      "summary": "5.4 Audit and Logging\n\nAudit\n\nCloud Trace Service (CTS) records operations on the cloud resources in your account. You can use the logs generated by CTS to perform security analysis, track resource changes, audit compliance, and locate faults.\n\nAfter you enable CTS and configure a tracker, CTS can record management and data traces of OBS for auditing.\n\nFor details about how to enable and configure CTS, see Enabling CTS.\n\nFor details about OBS management and data traces that can be tracked by CTS, see Cloud Trace Service."
    },
    "36": {
      "summary": "5 Logging\n\nYou can enable OBS logging for bucket analysis or audit. After logging is enabled for a bucket, OBS automatically logs access requests for the bucket and writes the generated log files into the specified bucket. With access logs, the bucket owner can deeply analyze the characteristics, types, or trends of requests sent to the bucket.\n\nFor the introduction and configuration of OBS logging, see Logging.\n\n5.5 Resilience\n\nOBS offers a five-level reliability architecture. It ensures data durability and reliability by leveraging cross-region replication, disaster recovery across AZs, device and data redundancy in an AZ, and detection of slow disks and bad sectors."
    },
    "37": {
      "summary": "5.6 Risk Monitoring\n\nOBS uses Cloud Eye to perform monitoring over resources and operations, helping you monitor your buckets and receive alarms and notifications in real time. You can get the details about requests, traffic, bandwidth, error responses, and storage usage of your buckets.\n\nFor details about OBS monitoring metrics and how to create alarm rules, see Monitoring.\n\n: 5.7 Certificates\n\nCompliance Certificates\n\nHuawei Cloud services and platforms have obtained various security and compliance certifications from authoritative organizations, such as International Organization for Standardization (ISO). You can download them from the console."
    },
    "38": {
      "summary": "5 Security\n\n**Resource Center**\n\nHuawei Cloud also provides the following resources to help users meet compliance requirements. For details, see Resource Center.\n\n**Resource Center**\n\n| Resource Center | White Papers | Guidelines and Best Practices |\n|------------------|-------------|---------------------------|\n| Privacy Compliance White Papers | Industry Regulation Compliance White Papers | Guidelines and Best Practices |\n\n| Compliance with Argentina PDPL | Compliance with Brazil LGPD | Compliance with Chile PDPL | Compliance with PDPO of the HK |\n|---------------------------------|-----------------------|------------------------------|----------------------------------------|\n| Base on the compliance requirements of Argentina PDPL and Resolution 47/2018, the whitepaper shares Huawei Cloud’s privacy protection experience and practices and the measures that help customer meet the compliance requirements of Argentina PDPL and Resolution | Huawei Cloud shares the experience and practice in privacy protection in compliance with Brazil LGPD and describes how to help customers meet Brazil’s LGPD compliance requirements. | Huawei Cloud shares the experience and practices regarding privacy protection when complying with PDPL from the Republic of Chile, as well as describe how to help customers meet PDPL compliance requirements in the Republic of Chile. | Huawei Cloud shares the experience and practices regarding privacy protection when complying with PDPO from Hong Kong SAR, China, as well as describe how to help customers meet PDPO compliance requirements in Hong Kong SAR, China. |\n\nIssue 26 (2024-02-28) Copyright © Huawei Technologies Co., Ltd. 34"
    },
    "39": {
      "summary": "6 Permissions Management\n\n---\n\n**Object Storage Service**\nProduct Introduction\n\n---\n\n**6 Permissions Management**\n\n---\n\nYou can use Identity and Access Management (IAM) to manage OBS permissions and control access to your resources. IAM provides identity authentication, permissions management, and access control.\n\nYou can create IAM users for your employees, and assign permissions to these users on a principle of least privilege (PoLP) basis to control their access to specific resource types. For example, you can create IAM users for software developers and assign specific permissions to allow them to use OBS resources but prevent them from being able to delete resources or perform any high-risk operations.\n\nIf your Huawei Cloud account does not require individual IAM users for permissions management, skip this section.\n\nIAM is a free service. You only pay for the resources in your account. For more information about IAM, see **What Is IAM?**\n\n---\n\n**OBS Permissions**\n\nBy default, new IAM users do not have any permissions assigned. You can assign permissions to these users by adding them to one or more groups and attaching policies or roles to the groups.\n\nOBS is a global service deployed and accessed without specifying any physical region. OBS permissions are assigned to users in the global project, and users do not need to switch regions when accessing OBS.\n\nYou can grant users permissions by using roles or policies.\n\n- Roles: A type of coarse-grained authorization mechanism that provides only a limited number of service-level roles. When using roles to grant permissions, you also need to assign dependency roles. However, roles are not an ideal choice for fine-grained authorization and secure access control.\n- Policies: A type of fine-grained authorization mechanism that defines permissions required to perform operations on specific cloud resources under certain conditions. This mechanism allows for more flexible policy-based authorization for secure access control. For example, you can grant OBS users only the permissions for managing a certain type of OBS resources. Most policies define permissions based on APIs. For the API actions supported by OBS, see **Permissions and Supported Actions**."
    },
    "40": {
      "summary": "6. **NOTE**\nDue to data caching, a role and policy involving OBS actions will take effect 10 to 15 minutes after it is attached to a user, an enterprise project, and a user group.\n\n**Table 6-1 lists all system permissions of OBS.**\n\n| Role/Policy Name | Description | Type | Depend |\n|------------------|--------------|------|---------|\n| Tenant Administrator | Allows you to perform all operations on all services except IAM. | System-defined role | None |\n| Tenant Guest | Allows you to perform read-only operations on all services except IAM. | System-defined role | None |\n| OBS Administrator | Allows you to perform any operation on all OBS resources under the account. | System-defined policy | None |\n| OBS Buckets Viewer | Allows you to list buckets, and obtain basic bucket information and bucket metadata. | System-defined role | None |\n| OBS ReadOnlyAccesss | Allows you to list buckets, obtain basic bucket information and bucket metadata, and list objects (excluding versioned objects). NOTE If a user with this permission fails to list objects on OBS Console, there may be multiple versions of objects in the bucket. In this case, you need to grant the user the obs:bucket:ListBucketVersions permission so that the user can view different versions of objects on OBS Console. | System-defined policy | None |\n| OBS OperateAccess | Allows you to perform all operations defined in OBS ReadOnlyAccess and to perform basic object operations, such as uploading objects, downloading objects, deleting objects, and obtaining object ACLs. NOTE If a user with this permission fails to list objects on OBS Console, there may be multiple versions of objects in the bucket. In this case, you need to grant the user the obs:bucket:ListBucketVersions permission so that the user can view different versions of objects on OBS Console. | System-defined policy | None |\n\nNote: If a user with this permission fails to list objects on OBS Console, there may be multiple versions of objects in the bucket. In this case, you need to grant the user the obs:bucket:ListBucketVersions permission so that the user can view different versions of objects on OBS Console."
    },
    "41": {
      "summary": "6. List the common operations supported by each system-defined policy or role of OBS. Select the policies or roles as required.\n\nHere's an example of how you might list the supported operations:\n\n| Operation | Tenant Administrator | Tenant Guest | OBS Administrator | OBS Bucket Viewer | OBS ReadOnly Access | OBS Operate Access |\n|-----------|----------------------|-------------|--------------------|-------------------|---------------------|------------------|\n| Listing buckets | Yes | Yes | Yes | Yes | Yes | Yes |\n| Creating buckets | Yes | No | Yes | No | No | No |\n| Deleting buckets | Yes | No | Yes | No | No | No |\n| Obtaining basic bucket information | Yes | Yes | Yes | Yes | Yes | Yes |\n| Controlling bucket access | Yes | No | Yes | No | No | No |\n| Managing bucket policies | Yes | No | Yes | No | No | No |\n| Modifying bucket storage classes | Yes | No | Yes | No | No | No |\n| Listing objects | Yes | Yes | Yes | No | Yes | Yes |\n| Listing objects with multiple versions | Yes | Yes | Yes | No | No | No |\n| Uploading files | Yes | No | Yes | No | No | Yes |\n| Creating folders | Yes | No | Yes | No | No | Yes |\n| Deleting files | Yes | No | Yes | No | No | Yes |\n\nNote: Ensure that the above table is formatted correctly, with each operation listed in its own row."
    },
    "42": {
      "summary": "6 Permissions Management\n\n| Operation | Tenant Administrator | Tenant Guest | OBS Administrator | OBS Buckets Viewer | OBS ReadOnly Access | OBS Operate Access |\n|----------|---------------------|-------------|--------------------|----------------------|------------------------|-------------------|\n| Deleting folders | Yes | No | Yes | No | No | Yes |\n| Download files | Yes | Yes | Yes | No | No | Yes |\n| Deleting files with multiple versions | Yes | No | Yes | No | No | Yes |\n| Download files with multiple versions | Yes | Yes | Yes | No | No | Yes |\n| Modifying object storage classes | Yes | No | Yes | No | No | No |\n| Restoring files | Yes | No | Yes | No | No | No |\n| Canceling the deletion of files | Yes | No | Yes | No | No | Yes |\n| Deleting fragments | Yes | No | Yes | No | No | Yes |\n| Controlling object access | Yes | No | Yes | No | No | No |\n| Configuring object metadata | Yes | No | Yes | No | No | No |\n| Obtaining object metadata | Yes | Yes | Yes | No | No | Yes |\n| Managing versioning | Yes | No | Yes | No | No | No |\n\nIssue 26 (2024-02-28) Copyright © Huawei Technologies Co., Ltd. 38"
    },
    "43": {
      "summary": "6 Permissions Management\n\n| Operation | Tenant Administrator | Tenant Guest | OBS Administerator | OBS Buckets Viewer | OBS ReadOnly Access | OBS Operate Access |\n|----------|---------------------|-------------|--------------------|-------------------|------------------|------------------|\n| Managing logging | Yes | No | Yes | No | No | No |\n| Managing tags | Yes | No | Yes | No | No | No |\n| Managing lifecycle rules | Yes | No | Yes | No | No | No |\n| Managing static website hosting | Yes | No | Yes | No | No | No |\n| Managing CORS rules | Yes | No | Yes | No | No | No |\n| Managing URL validation | Yes | No | Yes | No | No | No |\n| Managing domain names | Yes | No | Yes | No | No | No |\n| Managing cross-region replication | Yes | No | Yes | No | No | No |\n| Managing image processing | Yes | No | Yes | No | No | No |\n| Appending objects | Yes | No | Yes | No | No | Yes |\n| Configuring object ACL | Yes | No | Yes | No | No | No |\n\nNote: This is an example structure and may not be exhaustive. Adjustments can be made based on the specific requirements and content of the page in question."
    },
    "44": {
      "summary": "6 Permissions Management\n\n| Operation | Tenant Administrator | Tenant Guest | OBS Administrator | OBS Buckets Viewer | OBS ReadOnly Access | OBS Operate Access |\n|----------|---------------------|--------------|--------------------|------------------------|--------------------------|------------------------|\n| Configuring the ACL for an object of a specified version | Yes | No | Yes | No | No | No |\n| Obtaining object ACL information | Yes | Yes | Yes | No | No | Yes |\n| Obtaining the ACL information of a specified object version | Yes | Yes | Yes | No | No | Yes |\n| Uploading in the multipart mode | Yes | No | Yes | No | No | Yes |\n| Listing uploaded parts | Yes | Yes | Yes | No | No | Yes |\n| Canceling multipart uploads | Yes | No | Yes | No | No | Yes |\n| Configuring online decompression | Yes | No | No | No | No | No |\n\nOBS Resource Permissions Management\n\nAccess to OBS buckets and objects can be controlled by IAM user permissions, bucket policies, and ACLs.\n\nFor more information, see OBS Permission Control."
    },
    "45": {
      "summary": "6 Permissions Required for OBS Console Operations\n\n| OBS Console Operation | Dependency | Role/Policy Required |\n|------------------------|-------------|----------------------|\n| Listing existing domain names (required when you configure a user-defined domain name or an acceleration domain name) | Domain Name Service (DNS) | Domains:domains:getDetails |\n| Configuring mirroring back-to-source rules | Object Storage Service (OBS) | • Tenant Administrator<br>• obs:object:HeadObject and obs:object:PutObject assigned by the IAM agency for OBS to pull data from its origin server<br>• kms:cmk:get, kms:cmk:list, kms:cmk:create, kms:dek:create, kms:dek:crypto, and kms:dek:crypto configured for the agency of OBS when SSE-KMS is enabled for a bucket |\n| Obtaining mirroring back-to-source rules | Object Storage Service (OBS) | Tenant Administrator |\n| Deleting mirroring back-to-source rules | Object Storage Service (OBS) | Tenant Administrator |\n| Configuring online decompression policies | Object Storage Service (OBS) | Tenant Administrator |\n| Obtaining online decompression policies | Object Storage Service (OBS) | Tenant Administrator |\n| Deleting online decompression policies | Object Storage Service (OBS) | Tenant Administrator |\n\nNote: Ensure that the provided example accurately reflects the format and structure required for the task."
    },
    "46": {
      "summary": "6 Permissions Management\n\n| OBS Console Operation | Dependency | Role/Policy Required |\n|-----------------------|-------------|---------------------|\n| Uploading or downloading encrypted objects | Key Management Service (KMS) | kms:cmk:get, kms:cmk:list, kms:cmk:create, kms:dek:create, kms:dek:crypto, and kms:dek:crypto for uploading or downloading objects encrypted with SSE-KMS |\n\nReferences:\n- What Is IAM?\n- IAM Basic Concepts\n- Creating a User and Granting OBS Permissions\n- IAM Policies and Supported Actions"
    },
    "47": {
      "summary": "7 Restrictions and Limitations\n\nThis section describes the restrictions on using OBS features.\n\n| Item | Description |\n|------|-------------|\n| Bandwidth | By default, the maximum bandwidth for read/write (GET/ PUT) requests of a single Huawei Cloud account is 16 Gbit/s. If the actual bandwidth reaches the threshold, flow control will be triggered. If you require a bandwidth higher than 16 Gbit/s, submit a service ticket. |\n| Queries per second (QPS) | Default maximum QPS allowed by a single Huawei Cloud account:<ul><li>6,000 write requests (PUT Object) per second</li><li>10,000 read requests (GET Object) per second</li><li>1,000 listing requests (LIST) per second</li></ul><p>NOTE</p><p>If you use sequential prefixes (such as timestamps or alphabetical order) for object naming, object access requests may be concentrated in a specific partition, resulting in access hotspots. This limits the request rate in a hotspot partition and increases access delay.</p><p>Random prefixes are recommended for naming objects so that requests are evenly distributed across partitions, achieving horizontal expansion. For details about how to name objects with random prefixes, see Optimizing the Performance.</p><p>If you require a higher QPS, submit a service ticket.</p>|\n\nNote: The above structure is an example and can be adjusted based on the specific requirements of the document."
    },
    "48": {
      "summary": "7 Restrictions and Limitations\n\n| Item | Description |\n|------|-------------|\n| Resource packages | \n- A resource package can be used only in the specified region and cannot be shared across regions. So select an appropriate region when purchasing a resource package.<br>- OBS provides resource packages only for some billing items. For other billing items, the pay-per-use billing mode applies. For details, see Resource Package Overview.<br>- Any resource usage beyond your package quotas in the current month is billed in the pay-per-use mode. A newly purchased resource package cannot cover the already generated resource usage.<br>- A resource package must match your bucket's data redundancy policy (single-AZ storage or multi-AZ storage) and storage class (Standard, Infrequent Access, Archive, or Deep Archive), or the pay-per-use billing applies.<br>- Your Standard storage, Archive storage, and Internet outbound traffic packages can cover the fees incurred by both your parallel file systems and buckets. The pull traffic and cross-region replication traffic packages are currently not available for parallel file systems. |\n\nAccess rules\nIn consideration of the DNS resolution performance and reliability, OBS requires that the bucket name must precede the domain when a request carrying a bucket name is constructed to form a three-level domain name, also mentioned as virtual-hosted-style access domain name.\n\nFor example, you have a bucket named test-bucket in the ap-southeast-1 region, and you want to access the ACL of an object named test-object in the bucket. The correct URL is https://test-bucket.obs.ap-southeast-1.myhuaweicloud.com/test-object?acl."
    },
    "49": {
      "summary": "7 Restrictions and Limitations\n\n| Item | Description |\n|------|-------------|\n| Buckets | \n- On OBS, each bucket name must be unique and cannot be changed.<br>- After you create a bucket, its name, storage redundancy policy, and region cannot be changed.<br>- An account (including all IAM users under this account) can create a maximum of 100 buckets and parallel file systems. You can use the fine-grained access control of OBS to properly plan and use buckets. For example, you can create folders in a bucket for storing objects with different prefixes and use fine-grained permission control to implement permission isolation between departments.<br>- By default, there is no limit on the storage capacity of the entire OBS system or a single bucket, and any number of objects can be stored.<br>- A bucket can be deleted only after all objects in the bucket have been deleted.<br>- The name of a deleted bucket can be reused for another bucket or a parallel file system at least 30 minutes after the deletion. |\n\n| Bucket inventories | See Bucket Inventory Overview. |\n\nNote: Ensure that the provided HTML formatting is preserved in the output."
    },
    "50": {
      "summary": "7 Restrictions and Limitations\n\n| Item | Description |\n|------|-------------|\n| Uploading objects | \n- OBS Console has restrictions on the size and number of files uploaded.<br>- In regions where batch upload is supported, a maximum of 100 files can be uploaded at a time, with a maximum total size of 5 GB. If you upload only one file in a batch upload, it cannot exceed 5 GB in size.<br>- In regions where batch upload is not supported, only one file can be uploaded at a time, with a maximum size of 50 MB. |\n| If you use OBS Browser+, obustil, an SDK, or an API, you can upload a single object of up to 48.8 TB. |\n| Batch upload is available only when:<br>1. The region where the bucket resides supports batch upload.<br>2. The bucket version is 3.0. |\n| If versioning is disabled for your bucket and you upload a new file with the same name as the one you previously uploaded to your bucket, the new file automatically overwrites the previous file and does not retain its ACL information. If you upload a new folder using the same name that was used with a previous folder in the bucket, the two folders will be merged, and files in the new folder will overwrite namesake files in the previous folder. |\n| After versioning is enabled for your bucket, if the new file you upload has the same name as the one you previously uploaded to the bucket, a new file version will be added in the bucket. |\n| Though any UTF-8 characters can be used in object keys (object names), it is recommended that object keys be named according to the object key naming guidelines. These guidelines help object key names substantially meet the requirements of DNS, web security characters, XML analyzers, and other APIs. |\n\nDeleting objects | If versioning is not enabled for a bucket, deleted objects cannot be recovered. |\n| Deep Archive storage (under limited beta testing) | \n- Append operations are not supported after objects are transitioned to the Deep Archive storage class.<br>- Batch restore is not available for objects in the Deep Archive storage class. |\n\nIssue 26 (2024-02-28) Copyright © Huawei Technologies Co., Ltd. 46"
    },
    "51": {
      "summary": "7 Restrictions and Limitations\n\n| Item | Description |\n|------|-------------|\n| Restoring Archive or Deep Archive objects | \n- If an Archive or a Deep Archive object is being restored, you cannot suspend or delete the restore task.<br>- You cannot restore an object in the Restoring state.<br>- After an object is restored, an object copy in the Standard storage class will be generated. This way, there is an Archive or a Deep Archive object and a Standard object copy in the bucket at the same time. During the copy retention period, you will be billed for the storage space occupied by both the object and its copy. The Standard object copy will be automatically deleted upon its expiration. |\n| Lifecycle management | There is no limit on the number of lifecycle rules in a bucket, but the total size of XML descriptions about all lifecycle rules in a bucket cannot exceed 20 KB. |\n| Cross-region replication | See Cross-Region Replication Overview. |\n| User-defined domain name binding | \n- Only buckets in version 3.0 support user-defined domain name binding.<br>- By default, a maximum of 20 user-defined domain names can be bound to a bucket. In some regions (for example, CN South-Guangzhou), a bucket can have up to 30 user-defined domain names bound. For the maximum number allowed in each region, see the requirements on OBS Console.<br>- Currently, user domain names bound to OBS only allow access requests over HTTP. If you want to use a bound user domain name to access OBS over HTTPS, you need to enable CDN to manage HTTPS certificates.<br>For details about how to manage HTTPS certificates on the CDN management console, see HTTPS Settings.<br>- A user-defined domain name can be bound to only one bucket.<br>- Currently, the suffix of a user-defined domain name can contain 2 to 6 uppercase or lowercase letters. |\n| Back to source | See Back to Source Overview. |\n| ACLs | \n- A bucket ACL can have up to 100 grants. The total bucket ACL size cannot exceed 50 KB.<br>- An object ACL can have up to 100 grants. The total object ACL size cannot exceed 50 KB. |\n| Bucket policies | There is no limit on the number of bucket policies (statements) for a bucket, but the JSON descriptions of all bucket policies in a bucket cannot exceed 20 KB in total. |\n\nIssue 26 (2024-02-28) Copyright © Huawei Technologies Co., Ltd. 47"
    },
    "52": {
      "summary": "<summary> tags. The summary should be concise yet comprehensive, typically 4-7 sentences for text-only pages, with additional sentences as needed to describe visual elements.\n\nFor visual elements, please use these specific tags:\n- <table_summary> for descriptions of tables\n- <figure_summary> for descriptions of figures, charts, graphs, or diagrams\n- <image_summary> for descriptions of photos, illustrations, or other images\n\nExample structure:\n<summary>\n[Main text content summary here]\n\n<table_summary>Table 1: [Brief description of what the table shows]</table_summary>\n\n<figure_summary>Figure 2: [Brief description of what the figure depicts]</figure_summary>\n\n<image_summary>[Brief description of image content]</image_summary>\n</summary>"
    },
    "53": {
      "summary": "8 Related Services\n\n| Interactive Function | Related Service | Reference |\n|---------------------|----------------|------------|\n| Migrate data to OBS using the related services. | Direct Connect (DC) | Using a Direct Connect Connection to Migrate Local Data to OBS |\n| Access OBS from ECS over the intranet of Huawei Cloud. | Elastic Cloud Server (ECS) | Accessing OBS over Intranet |\n| IAM provides the following functions:<br>• User identity authentication<br>• IAM user permission control<br>• IAM agency configuration | Identity and Access Management (IAM) | Permissions Management Configuring User Permissions |\n| Cloud Eye monitors OBS buckets, to collect statistics about the upload traffic, download traffic, number of GET and PUT requests, the average TTFB of GET requests, and the number of 4xx and 5xx errors. | Cloud Eye | OBS Monitoring Metrics on Cloud Eye |\n| CTS collects records of operations on OBS resources, facilitating querying, audits, and backtracking. | Cloud Trace Service (CTS) | Cloud Trace Service |\n\nIssue 26 (2024-02-28) Copyright © Huawei Technologies Co., Ltd. 49"
    },
    "54": {
      "summary": "8 Related Services\n\n| Interactive Function | Related Service | Reference |\n|---------------------|----------------|------------|\n| Tags are used to label and classify buckets in OBS. | Tag Management Service (TMS) | Tags |\n| KMS encrypts files uploaded to the OBS. | Data Encryption Workshop (DEW) | Server-Side Encryption |\n| CDN accelerates the customized domain names bound to OBS buckets. | Content Delivery Network (CDN) | User-Defined Domain Name Binding |\n| DNS resolves domain names configured for static website hosting in OBS. | Domain Name Service (DNS) | Using a User-Defined Domain Name to Host a Static Website |\n|                       |                        | User-Defined Domain Name Binding |\n\nOBS can be used as the storage pool for other cloud services such as Image Management Service (IMS) and Cloud Trace Service (CTS)."
    },
    "55": {
      "summary": "9 Basic Concepts\n\n---\n\n### 9.1 Objects\n\nObjects are basic units stored in OBS. An object contains both data and the metadata that describes data attributes. Data uploaded to OBS is stored in buckets as objects.\n\nAn object consists of the following:\n\n- A key that specifies the name of an object. An object key is a UTF-8 string up to 1,024 characters long. Each object is uniquely identified by a key within a bucket.\n- Metadata that describes an object. The metadata is a set of key-value pairs that are assigned to objects stored in OBS. There are two types of metadata: system-defined metadata and custom metadata.\n  - System-defined metadata is automatically assigned by OBS for processing objects. Such metadata includes Date, Content-Length, Last-Modified, ETag, and more.\n  - You can specify custom metadata to describe the object when you upload an object to OBS.\n- Data that refers to the content of an object.\n\nGenerally, objects are managed as files. However, OBS is an object-based storage service and there is no concept of files and folders. For easy data management, OBS provides a method to simulate folders. By adding a slash (/), to an object name, for example, `test/123.jpg`, you can specify `test` as a folder and `123.jpg` as the name of a file in the `test` folder. The key of the object is `test/123.jpg`.\n\nWhen uploading an object, you can set a storage class for the object. If no storage class is specified, the object is stored in the same storage class as the bucket in which it resides. You can also change the storage class of an existing object in a bucket.\n\nOn OBS Console and OBS Browser+, you can use folders the same way you use them in a file system.\n\nFor details about object operations, see **Managing Objects**."
    },
    "56": {
      "summary": "9.2 Buckets\n\nBuckets are containers for storing objects. OBS provides flat storage in the form of buckets and objects. Unlike the conventional multi-layer directory structure of file systems, all objects in a bucket are stored at the same logical layer.\n\nEach bucket has its own attributes, such as access permissions, storage class, and the region. You can specify access permissions, storage class, and regions when creating buckets. You can also configure advanced attributes to meet storage requirements in different scenarios.\n\nOBS provides the following storage classes for buckets: Standard, Infrequent Access, Archive, and Deep Archive (under limited beta testing). With support for these storage classes, OBS caters to diverse storage performance and cost requirements. When creating a bucket, you can specify a storage class for it, which can be changed later.\n\nEach bucket name in OBS is globally unique and cannot be changed after the bucket has been created. The region where a bucket resides cannot be changed once the bucket is created. When you create a bucket, OBS creates a default access control list (ACL) that grants users permissions (such as read and write permissions) on the bucket. Only authorized users can perform operations such as creating, deleting, viewing, and configuring buckets.\n\nAn account (including all IAM users under this account) can create a maximum of 100 buckets and parallel file systems. However, there is no restriction on the number and total size of objects in a bucket.\n\nOBS adopts the REST architectural style, and is based on HTTP and HTTPS. You can use URLs to locate resources.\n\nFigure 9-1 illustrates the relationship between buckets and objects in OBS.\n\nFigure 9-1 Relationship between objects and buckets\n\nFor details about bucket operations, see Managing Buckets."
    },
    "57": {
      "summary": "9.3 Parallel File System\n\nParallel File System (PFS) is a high-performance semantic file system provided by OBS. It features access latency in milliseconds, TB/s-level bandwidth, and millions of IOPS, which makes it ideal for processing high-performance computing (HPC) workloads.\n\nIt also supports data read and write through obfs, a PFS client that supports POSIX. obfs can be deployed on a Linux ECS, and then you can use obfs to mount a parallel file system to that server. Once mounted, PFS functions like a local file system. You can manage the PFS online, including creating, deleting, renaming files and folders, or modifying files.\n\nFor details about PFS, see the **Parallel File System Feature Guide**.\n\n9.4 Access Keys (AK/SK)\n\nOBS uses an access key ID (AK) and secret access key (SK) to authenticate the identity of a requester. When you use OBS APIs for secondary development and use the AK and SK for authentication, the signature must be calculated based on the algorithm defined by OBS and added to the request.\n\nThe authentication can be based on a permanent AK and SK pair, or based on a temporary AK/SK pair and security token.\n\n**Permanent AK/SK Pair**\n\nYou can create a pair of permanent AK and SK on the **My Credentials** page. For details, see **Obtaining Access Keys (AK and SK)**.\n\n- Access key ID (AK): indicates the ID of the access key. It is the unique ID associated with the SK. The AK and SK are used together to obtain an encrypted signature for a request.\n- Secret access key (SK): indicates the private key used together with its associated AK to cryptographically sign requests. The AK and SK are used together to identify a request sent to prevent the request from being modified.\n\n**Temporary AK/SK Pair**\n\nA temporary AK/SK pair and security token assigned by OBS comply with the principle of least privilege and are for temporarily accessing OBS. They are valid from 15 minutes to 24 hours, and need to be obtained again once they expire. If the security token is missing from your request, a 403 error will be returned.\n\n- Temporary AK: indicates the ID of a temporary access key. It is the unique ID associated with the SK. The AK and SK are used together to obtain an encrypted signature for a request.\n- Temporary SK: indicates the temporary private key used together with its associated temporary AK. The AK and SK are used together to identify a request sender to prevent the request from being modified.\n- Security token: indicates the token used together with the temporary AK and SK to access all resources of a specified account."
    },
    "58": {
      "summary": "9 Basic Concepts\n\n---\n\n### References\n\nFor details about how to obtain a permanent AK/SK pair, see **Obtaining Access Keys (AK and SK)**.\n\nFor details about how to obtain a temporary AK/SK pair and security token, see **Obtaining a Temporary Access Key Pair and Security Token**.\n\n---\n\n### 9.5 Endpoints and Domain Names\n\n**Endpoint:** OBS provides an endpoint for each region. An endpoint is considered a domain name to access OBS in a region and is used to process requests of that region. For details about regions and endpoints, see **Regions and Endpoints**.\n\n**Bucket domain name:** Each bucket in OBS has a domain name. A domain name is the address of a bucket and can be used to access the bucket over the Internet. It is applicable to cloud application development and data sharing.\n\nAn OBS bucket domain name is in the format of `BucketName.Endpoint`, where `BucketName` indicates the name of the bucket, and `Endpoint` indicates the domain name of the region where the bucket is located.\n\n**Table 9-2** lists the bucket domain name and other domain names in OBS, including their structure and protocols."
    },
    "59": {
      "summary": "9 Basic Concepts\n\n| Type | Structure                                                                 | Description                                                                                                                                 |\n|------|-----------------------------------------------------------------------------|-------------------------------------------------------------------------------------------------------------------------------------------|\n| Region al domain name | [Structure] <br> Endpoint <br> [Example] <br> obs.ap-southeast-1.myhuaweicloud.com | Each region has an endpoint, which is the domain name of the region.<br> For regions and endpoints, see Regions and Endpoints.<br> Each region corresponds to an OBS endpoint that keeps unchanged on both the internal and external networks. After access over an intranet is configured, you can access OBS through an internal network. |\n| Bucket domain name | [Structure] <br> BucketName.Endpoint <br> [Example] <br> bucketname.obs.ap-southeast-1.myhuaweicloud.com | After a bucket is created, you can use the domain name to access the bucket. You can compose the domain name according to the structure of bucket domain names, or you can obtain it from basic information of the bucket on OBS Console or OBS Browser+. |\n| Object domain name | [Structure] <br> BucketName.Endpoint/ ObjectName <br> [Example] <br> bucketname.obs.ap-southeast-1.myhuaweicloud.com/ object.txt | After an object is uploaded to a bucket, you can use the object domain name to access the object. You can spell out the domain name according to the structure of object domain names, or you can obtain it from the object details on OBS Console or OBS Browser+. Alternatively, you can call the GetObjectUrl API through the SDK to obtain the object domain name. |\n\nNote: The above example is for illustrative purposes only and may not perfectly match the actual structure and content of the provided document."
    },
    "60": {
      "summary": "9 Basic Concepts\n\n---\n\n### 9.6 Region and AZ\n\n**Concept**\n\nA region and availability zone (AZ) identify the location of a data center. You can create resources in a specific region and AZ.\n\n- Regions are classified based on geographical location and network latency. Public services, such as Elastic Cloud Server (ECS), Elastic Volume Service (EVS), Object Storage Service (OBS), Virtual Private Cloud (VPC), Elastic IP (EIP), and Image Management Service (IMS), are shared within the same region. Regions are classified as universal regions and dedicated regions. A universal region provides universal cloud services for common tenants. A dedicated region provides services of the same type or only provides services for specific tenants.\n- An AZ contains one or more physical data centers. Each AZ has independent cooling, fire extinguishing, moisture-proofing, and electricity facilities. Within an AZ, computing, network, storage, and other resources are logically divided into multiple clusters. AZs within a region are interconnected using high-speed optical fibers to allow you to build cross-AZ high-availability systems.\n\n**Figure 9-2** shows the relationship between the regions and AZs."
    },
    "61": {
      "summary": "9 Basic Concepts\n\n---\n\n**How Do I Select a Region?**\n\nWhen selecting a region, consider the following factors:\n\n- **Location**\n  \n  Select a region close to you or your target users. This reduces network latency and improves access speed. However, Chinese mainland regions provide the same infrastructure, BGP network quality, as well as resource operations and configurations. If you or your target users are in the Chinese mainland, you do not need to consider differences in network latency when selecting a region.\n  \n    - If you or your target users are in the Asia Pacific region (excluding the Chinese mainland), select regions such as AP-Bangkok and AP-Singapore.\n    - If you or your target users are in Africa, select the AF-Johannesburg region.\n    - If you or your target users are in Europe, select the EU-Paris region.\n  \n- **Resource prices**\n  \n  Resource prices may vary depending on different regions. For details, see [Product Pricing Details](#).\n\n---\n\n**How Do I Select an AZ?**\n\nWhen determining whether to deploy resources in the same AZ, consider your applications' requirements for disaster recovery (DR) and network latency.\n\n- For high DR capability, deploy resources in different AZs in the same region.\n- For low network latency, deploy resources in the same AZ.\n\n---\n\n**Regions and Endpoints**\n\nBefore using an API to call resources, you must specify its region and endpoint. For details about Huawei Cloud regions and endpoints, see [Regions and Endpoints](#)."
    },
    "62": {
      "summary": "10 Change History\n<table>Release DateWhat's New2024-02-28This issue is the twenty-sixth official release.<br>This issue incorporates the following change:<br>· Added the content related to Deep Archive storage (under limited beta testing).2023-12-28This issue is the twenty-fifth official release.<br>This issue incorporates the following change:<br>· Added the permission dependency of OBS Console in <b>Permissions Management</b>.2023-12-19This issue is the twenty-fourth official release.<br>This issue incorporates the following change:<br>· Updated the figure of the shared responsibility model in <b>Shared Responsibilities</b>.2023-09-12This issue is the twenty-third official release.<br>This issue incorporates the following change:<br>· Put online decompression into commercial use.2023-07-21This issue is the twenty-second official release.<br>This issue incorporates the following change:<br>· Added AP-Jakarta in the regions that support monitoring in <b>Functions</b>.2023-07-14This issue is the twenty-first official release.<br>This issue incorporates the following change:<br>· Added AP-Jakarta in the regions that support back to source in <b>Functions</b>.</table>"
    },
    "63": {
      "summary": "2023-07-06\nThis issue is the twentieth official release.\nThis issue incorporates the following change:\n- Added the descriptions about SSE-OBS.\n2023-06-16\nThis issue is the nineteenth official release.\nThis issue incorporates the following changes:\n- Updated the release regions of back to source in Functions.\n- Updated the release regions of multi-AZ storage in Functions.\n2023-04-23\nThis issue is the eighteenth official release.\nThis issue incorporates the following change:\n- Added descriptions about the WORM feature.\n2023-01-19\nThis issue is the seventeenth official release.\nThis issue incorporates the following change:\n- Removed the content related to event notifications.\n2022-11-25\nThis issue is the sixteenth official release.\nThis issue incorporates the following change:\n- Added descriptions about OBS security.\n2020-10-13\nThis issue is the fifteenth official release.\nThis issue incorporates the following change:\n- Added section \"Restrictions.\"\n2020-03-31\nThis issue is the fourteenth official release.\nThis issue incorporates the following change:\n- Added the \"Billing\" section.\n2020-01-20\nThis issue is the thirteenth official release.\nThis issue incorporates the following changes:\n- Updated the \"Permissions Management\" section.\n2019-11-22\nThis issue is the twelfth official release.\nThis issue incorporates the following change:\n- Added descriptions about the parallel file system.\n2019-10-17\nThis issue is the eleventh official release.\nThis issue incorporates the following changes:\n- Added content to the following sections: \"About Object Storage Service\", \"Advantages\", and \"Application Scenarios\".\n- Added the section \"Functions Overview\".\n- Added the endpoint and domain name concepts to the section \"Basic Concepts\".\n\nNote: Ensure all URLs are properly formatted and link to the relevant sections on the page."
    },
    "64": {
      "summary": "10 Change History\nObject Storage Service\nProduct Introduction\n\n| Release Date | What's New |\n|-------------|-----------|\n| 2019-08-15   | This issue is the tenth official release.<br>This issue incorporates the following changes:<br>• Added the concepts of region and AZ. |\n| 2019-05-22   | This issue is the ninth official release.<br>This issue incorporates the following changes:<br>• Updated the description about permission control. |\n| 2019-02-22   | This issue is the eighth official release.<br>This issue incorporates the following changes:<br>• Updated the description about user permissions. |\n| 2018-11-30   | This issue is the seventh official release.<br>This issue incorporates the following changes:<br>• Updated the section \"Related Services\".<br>• Updated the section \"Documentation Guide\". |\n| 2018-10-31   | This issue is the sixth official release.<br>This issue incorporates the following changes:<br>• Updated the description about user permissions.<br>• Added the description about methods to access OBS.<br>• Updated the application scenarios of OBS. |\n| 2018-08-13   | This issue is the fifth official release.<br>This issue incorporates the following changes:<br>• Added the tag function.<br>• Added the cloud trace function. |\n| 2018-06-08   | This issue is the fourth official release.<br>This issue incorporates the following changes:<br>• Added the session of \"Cloud Eye Monitoring Metrics\". |\n| 2018-03-20   | This issue is the third official release.<br>This issue incorporates the following changes:<br>• Added object storage classes.<br>• Added the functions of changing bucket and object storage classes. |\n\nNote: The above example is based on the provided data and does not include all possible details or variations."
    },
    "65": {
      "summary": "10 Change History\n<table>Release DateWhat's New2018-01-19This issue is the second official release.<br/>This issue incorporates the following changes:<br/>Added the section \"Accessing OBS with Domain Names\".<br/>Added the section \"Time Difference Is Longer Than 15 Minutes Between the Client and the Server\".<br/>Added error codes.<br/>Updated the method of obtaining the AK, SK, account ID, and user ID.<br/>Updated the description about the ACL.2017-12-31This issue is the first official release.</table>"
    }
  }
}
