{
  "doc_id": "PG_20.07.30_U.S.-Views-China_final.pdf",
  "pages": {
    "1": {
      "summary": "1. Laura Silver, Senior Researcher\nGar Meng Leong, Communications Associate\n202.419.4372\nwww.pewresearch.org\n\nPew Research Center, July, 2020, \"Americans Fault for Its Role in the Spread of COVID-19\"\nFOR MEDIA OR OTHER INQUIRIES:\nRECOMMENDED CITATION\nPew Research Center, July, 2020, “Americans Fault for Its Role in the Spread of COVID-19”"
    },
    "2": {
      "summary": "1\nPew Research Center\n\nAbout Pew Research Center\n\nPew Research Center is a nonpartisan fact tank that informs the public about the issues, attitudes and trends shaping America and the world. It does not take policy positions. The Center conducts public opinion polling, demographic research, content analysis and other data-driven social science research. It studies U.S. politics and policy; journalism and media; internet, science and technology; religion and public life; Hispanic trends; global attitudes and trends; and U.S. social and demographic trends. All of the Center’s reports are available at www.pewresearch.org. Pew Research Center is a subsidiary of The Pew Charitable Trusts, its primary funder.\n\n© Pew Research Center 2020"
    },
    "3": {
      "summary": "2\nPEW RESEARCH CENTER\n\nHow we did this\n\nThis analysis focuses on Americans’ views of China on topics including how the country has handled the coronavirus pandemic, the state of bilateral relations and attitudes about the country more broadly. Pew Research Center has been tracking attitudes toward China since 2005. This report also includes demographic analysis comparing groups with different levels of education, age and political leanings.\n\nFor this report, we used data from a nationally representative survey of 1,003 U.S. adults conducted by telephone from June 16 to July 14, 2020.\n\nHere are the questions used for the report, along with responses and survey methodology."
    },
    "4": {
      "summary": "3\nPEW RESEARCH CENTER\n\n---\n\n**Americans' Views of China have continued to sour, according to a new Pew Research Center survey. Today, 73% of U.S. adults say they have an unfavorable view of the country, up 26 percentage points since 2018. Since March alone, negative views of China have increased 7 points, and there is a widespread sense that China mishandled the initial outbreak and subsequent spread of COVID-19.**\n\n---\n\nNote: Don’t know responses not shown.\nSource: Survey of U.S. adults conducted June 16-July 14, 2020. Q8b. \"Americans Fault China for Its Role in the Spread of COVID-19\"\n\n---\n\n**PEW RESEARCH CENTER**\n\n---\n\nwww.pewresearch.org"
    },
    "5": {
      "summary": "4\nPew Research Center\n\n---\n\nAround two-thirds of Americans (64%) say China has done a bad job dealing with the coronavirus outbreak. Around three-quarters (78%) place a great deal or fair amount of the blame for the global spread of the coronavirus on the Chinese government’s initial handling of the COVID-19 outbreak in Wuhan.\n\nFaith in President Xi Jinping to do the right thing in world affairs has also deteriorated: 77% have little or no confidence in him, up 6 percentage points since March and 27 points since last year.\n\nMore generally, Americans see Sino-U.S. relations in bleak terms. Around seven-in-ten (68%) say current economic ties between the superpowers are in bad shape – up 15 percentage points since May 2019, a time in the trade war when tariffs were ramping up. Around one-in-four (26%) also describe China as an enemy of the United States – almost double the share who said this when the question was last asked in 2012. Another 57% say China is a competitor of the U.S., while 16% describe it as a partner.\n\nAs the U.S. imposes sanctions on Chinese companies and officials over Beijing’s treatment of Uighurs and other minority groups – after originally resisting these actions – the American public appears poised to support a tough stance. Around three-quarters (73%) say the U.S. should try to promote human rights in China, even if it harms bilateral economic relations, while 23% say the U.S. should prioritize strengthening economic relations with China at the expense of confronting China on human rights issues.\n\nMore Americans also think the U.S. should hold China responsible for the role it played in the outbreak of the coronavirus (50%) than think this should be overlooked in order to maintain strong bilateral economic ties (38%). But, when asked about economic and trade policy toward China, Americans are slightly more likely to prefer pursuing a strong economic relationship (51%) to getting tough on China (46%). Still, more support getting tough on China now than said the"
    },
    "6": {
      "summary": "5\nPEW RESEARCH CENTER\n\nsame in 2019, when 35% held that view.\n\nWhile more Americans say the U.S. is the world’s leading economy (52%) than say the same of China (32%), views of U.S. economic superiority declined 7 percentage points over the past four months. And those who see China as economically dominant are less likely to support getting tough on China economically, instead prioritizing building a strong relationship with China on economic issues. They are also less likely to say the U.S. should hold China responsible for its role in the pandemic at the expense of the bilateral economic relationship."
    },
    "7": {
      "summary": "6\nPEW RESEARCH CENTER\n\nSource: Survey of U.S. adults conducted June 16-July 14, 2020. Q8b, Q10b, Q16, Q17, Q18, Q19, Q20 & Q20a.\n\"Americans Fault China for Its Role in the Spread of COVID-19\"\n\nPew Research Center"
    },
    "8": {
      "summary": "7\n\nThe most negative opinion of China sharply increased in recent months\n\nAround three-quarters (73%) of Americans have an unfavorable view of China today – the most negative reading in the 15 years that Pew Research Center has been measuring these views. This July survey also marks the third survey over the past two years in which unfavorable views of China have reached historic highs. Negative views have increased by 7 percentage points over the last four months alone and have shot up 26 points since 2018.\n\nThe percent who say they have a very unfavorable view of China is also at a record high of 42%, having nearly doubled since the spring of 2019, when 23% said the same.\n\nNegative views of China are consistent across education levels. Around seven-in-ten of those who have completed at least a college degree and those who have less schooling voice this opinion. Men and women also differ little in their views of China.\n\nMost Americans have an unfavorable view of China\n\n% who say they have a(n) opinion of China\n\n<table>UnfavorableFavorableTotal73%22%Ages 18-29563630-49712350+8114Rep/Lean Rep8315Dem/Lean Dem6825</table>\n\nNote: Don’t know responses not shown.\nSource: Survey of U.S. adults conducted June 16-July 14, 2020. Q8b.\n“Americans Fault China for Its Role in the Spread of COVID-19”\n\nPew Research Center"
    },
    "9": {
      "summary": "8\nPEW RESEARCH CENTER\n\nSource: Survey of U.S. adults conducted June 16-July 14, 2020. Q8b. \"Americans Fault China for Its Role in the Spread of COVID-19\"\n\nPew Research Center"
    },
    "10": {
      "summary": "9\nPEW RESEARCH CENTER\n\nAs has been the case for much of the last 15 years, Republicans continue to hold more unfavorable views of China than Democrats, 83% vs. 68%, respectively. Republicans are also much more likely to say they have a very unfavorable view of China (54%) than Democrats (35%).\n\nIn the past four months, negative views toward China among Republicans have increased 11 percentage points. Over the same period of time, unfavorable views among Democrats have increased 6 points, resulting in a 15 point gap between the parties.\n\nSource: Survey of U.S. adults conducted June 16-July 14, 2020. Q8b. \"Americans Fault China for Its Role in the Spread of COVID-19\"\n\nPEW RESEARCH CENTER"
    },
    "11": {
      "summary": "10\nPEW RESEARCH CENTER\n\nAmericans are critical of China’s role in the spread of COVID-19\n\nAmericans are highly critical of the way China has handled the coronavirus outbreak. Around two-thirds (64%) say China has done a bad job, including 43% who say it has done a very bad job. (When a slightly different question was administered online in April and May, 63% of Americans said China was doing only a fair or a poor job dealing with the coronavirus outbreak, including 37% who said it was doing a poor job.)\n\nRepublicans and Republican-leaning independents are significantly more likely than Democrats and Democratic leaners to say China has done a bad job dealing with the coronavirus: 82% vs. 54%, respectively. And they are about twice as likely to think China has done a very bad job (61% vs. 30%). Older people, too, are more critical, with 73% of those ages 50 and older finding fault in China’s pandemic response, compared with 59% of those 30 to 49 and 54% of those under 30. But education has little relationship to how people think China has handled the novel coronavirus: Around two-thirds of those with and without a college degree say China has not done well in its response.\n\nNote: Don’t know responses not shown.\nSource: Survey of U.S. adults conducted June 16-July 14, 2020. Q10b.\n“Americans Fault China for Its Role in the Spread of COVID-19”\n\nPEW RESEARCH CENTER"
    },
    "12": {
      "summary": "11\nPEW RESEARCH CENTER\n\n---\n\n**Most in U.S. say China’s initial response to coronavirus contributed to its spread**\n\n% who say the Chinese government’s initial handling of the coronavirus outbreak in Wuhan is __ to blame for the global spread of the virus\n\n| A great deal | A fair amount | Not too much | Not at all |\n|--------------|---------------|--------------|-------------|\n| 51%          | 27            | 12           | 8           |\n\nNote: Don’t know responses not shown.\nSource: Survey of U.S. adults conducted June 16-July 14, 2020.\nQ20.\n“Americans Fault China for Its Role in the Spread of COVID-19”\n\nPEW RESEARCH CENTER"
    },
    "13": {
      "summary": "12\n\nThe U.S. should hold China responsible for its role in the COVID-19 pandemic\n\nHalf of Americans think the U.S. should hold China responsible for its role in the pandemic\n\n% who say the Chinese government's initial handling of the coronavirus outbreak in Wuhan is __ to blame for the global spread of the virus\n\nA great deal Not at all\n\nNot too much\n\n51% 27 12 8 2\n\n% who say ...\n\nThe U.S. should prioritize strong U.S.-China relations, even if it means overlooking any role China played in the outbreak of the coronavirus\n\n38%\n\n50%\n\n5%\n\n8%\n\nThe Chinese government's initial handling of the coronavirus outbreak in Wuhan is not at all to blame for the global spread of the virus\n\nThe U.S. should hold China responsible for the role it played in the outbreak of the coronavirus, even if it means worsening relations with China\n\nNote: Based on total sample. Those who said the Chinese government's initial handling of the virus is not at all to blame for the global spread of the virus were not asked how the U.S. should handle China’s perceived role.\nSource: Survey of U.S. adults conducted June 16-July 14, 2020. Q20 & Q20_tot.\n“Americans Fault China for Its Role in the Spread of COVID-19”\n\nPEW RESEARCH CENTER"
    },
    "14": {
      "summary": "13\nPEW RESEARCH CENTER\n\n---\n\n**Americans divided on getting tougher with China on trade**\n\nWhen it comes to the bilateral economic relationship, Americans, by a more than two-to-one margin, say economic ties are bad (68%) rather than good (30%). And a quarter say economic relations are very bad.\n\nWhile more than half thought economic ties were bad in the spring of 2019, when the question was last posed, this sense has increased by 15 percentage points over the past year. These shifts are visible across the political spectrum. Among Republicans and Republican-leaning independents, who were split nearly evenly last year, a majority (63%) now believe bilateral economic ties are bad, a 15-point increase. Democrats and Democratic-leaning independents have also become more negative – roughly three-quarters (73%) say ties are bad, up 12 points from a year prior.\n\n---\n\n**Rising share say U.S. economic ties with China are bad**\n\n% who say current economic ties between the U.S. and China are ...\n\n100%\n\n- **Bad**\n- **Good**\n- **2020**\n\nNote: Don’t know responses not shown.\nSource: Survey of U.S. adults conducted June 16-July 14, 2020. Q16.\n“Americans Fault China for Its Role in the Spread of COVID-19”\n\n**PEW RESEARCH CENTER**"
    },
    "15": {
      "summary": "14\nPEW RESEARCH CENTER\n\n---\n\n### U.S. public increasingly seeking tougher stance toward China on trade\n\n% who say that when it comes to our economic and trade policy toward China, it is more important to ...\n\n100%\n\nBuild a stronger relationship with China\n\nChina\n\n51\n\n49\n\n53\n\n40\n\n42\n\n41\n\nGet tougher with China\n\n35\n\n46\n\n2011\n\n2014\n\n2017\n\n2020\n\n---\n\n% who say it is more important to get tougher with China on economic issues\n\n100%\n\nRep/Lean Rep\n\n66\n\n64\n\n51\n\n51\n\n32\n\n37\n\n35\n\nDem/Lean Dem\n\n19\n\n33\n\n2011\n\n2014\n\n2017\n\n2020\n\n---\n\nNote: Don’t know responses not shown.\nSource: Survey of U.S. adults conducted June 16-July 14, 2020.\nQ17.\n\"Americans Fault China for Its Role in the Spread of COVID-19\"\n\nPEW RESEARCH CENTER"
    },
    "16": {
      "summary": "15\nPEW RESEARCH CENTER\n\n---\n\n**Majority favors promoting human rights in China over prioritizing economic relations**\n\nIn recent months the Chinese government has come under fire on several human rights fronts, including a new national security law in Hong Kong, mass surveillance and detention of ethnic Muslim Uighurs, drastic responses to the coronavirus and mistreatment of Africans in the country.\n\nWhen asked whether the U.S. should prioritize economic relations with China or promote human rights in China, nearly three-quarters of Americans choose human rights, even if it harms economic relations with China.\n\nDemocrats are more likely than Republicans to emphasize human rights over economic gain, though at least seven-in-ten of both groups hold this opinion. Younger and older Americans alike prefer more emphasis on human rights than economic relations when it comes to China. Less than a quarter of all age groups say the U.S. should prioritize economic relations with China, even if it means not addressing human rights issues.\n\n---\n\n**Most Americans say human rights a higher priority than economic relations for U.S.-China relationship**\n\n% who say the U.S. should ...\n\n| Priorities | Economic relations with China | Promote human rights in China |\n|------------|-------------------------------|------------------------------|\n| Total      | 23%                           | 73%                         |\n\n| Ages 18-29 | 21%                          | 76%                        |\n| 30-49      | 22%                          | 75%                        |\n| 50+        | 24%                          | 71%                        |\n\n| Rep/Lean Rep | 26%                          | 70%                        |\n| Dem/Lean Dem  | 20%                          | 78%                        |\n\nNote: Don’t know responses not shown.\nSource: Survey of U.S. adults conducted June 16-July 14, 2020. Q19.\n“Americans Fault China for Its Role in the Spread of COVID-19”\n\n**PEW RESEARCH CENTER**\n\n---\n\nwww.pewresearch.org"
    },
    "17": {
      "summary": "16\n\nThe share of Republicans and Republican-leaning independents who see China as an enemy has increased 21 percentage points since the question was last asked in 2012. In comparison, there has been an 8 percentage point increase among Democrats and Democratic-leaning independents, widening the gap between the two parties.\n\nPerceptions of China’s relationship with the U.S. differ by age. While roughly a quarter of those ages 18 to 29 see China as a partner, only 6% of those 50 and older say the same. Conversely, older Americans are nearly three times as likely as their younger counterparts to see China as an enemy (36% vs. 13%). Americans of all age groups are equally likely to see China as a competitor.\n\nAmericans who see China’s initial handling of the coronavirus outbreak as at least somewhat responsible for the global pandemic are more likely to see China as an enemy.\n\n---\n\n**Few Americans see China as a partner**\n\n% who think of China as a(n) ...\n\n100%\n\n66\n\nCompetitor\n\n16\n\n16\n\nPartner\n\n0\n\n2012\n\n2020\n\n% of __ who think of China as an enemy\n\n100%\n\nRep/Lean Rep\n\n38\n\n17\n\n11\n\nDem/Lean Dem\n\n19\n\n20\n\n2020\n\nNote: Don’t know responses not shown.\nSource: Survey of U.S. adults conducted June 16-July 14, 2020. Q18.\n“Americans Fault China for Its Role in the Spread of COVID-19”\n\nPEW RESEARCH CENTER"
    },
    "18": {
      "summary": "17\nPEW RESEARCH CENTER\n\nAmericans’ views of their international economic standing falters\n\nAmericans still see their country as the world’s leading economy – but this is down since March\n\n% who say __ is the world's leading economic power\n\n100%\n\nU.S.\n\nChina\n\n0\n2008\n\n2011\n\n2014\n\n2017\n\n2020\n\nNote: Data for “Japan” and “The countries of the European Union” and for the volunteered categories “Other” and “None/There is no leading economic power” not shown. Don’t know responses not shown.\n\nSource: Survey of U.S. adults conducted June 16-July 14, 2020. Q14. “Americans Fault China for Its Role in the Spread of COVID-19”\n\nPEW RESEARCH CENTER\n\nThe share of Americans who see China as the world’s top economy continues to hold steady at about a third (32%). No more than one-in-ten name either Japan or the European Union as the world’s leading economy (5% and 6%, respectively).\n\nAmerican men are significantly more likely than women to see the U.S. as the world’s top economy. But there are few differences in opinion across different age groups or education levels."
    },
    "19": {
      "summary": "18\nPEW RESEARCH CENTER\n\nSource: Survey of U.S. adults conducted June 16-July 14, 2020. Q14. \"Americans Fault China for Its Role in the Spread of COVID-19\"\n\nPew Research Center"
    },
    "20": {
      "summary": "19\nPEW RESEARCH CENTER\n\nFew have faith in President Xi\n\nWhen asked how much confidence they have in Chinese President Xi Jinping to do the right thing regarding world affairs, about three-quarters of Americans say they have not too much confidence or no confidence at all (77%). And, for the first time since the question was first asked in 2014, a majority (55%) now say they have no confidence at all in the Chinese president. This is a 10-point increase from March and more than double the share who said so last year.\n\nThe low confidence in President Xi is tied to concerns over how China has handled the coronavirus pandemic. Americans who say the Chinese government has done a bad job dealing with the coronavirus outbreak are significantly more likely to have no confidence in Xi (64%) than those who say it has done a good job (39%). The same is also true for those who blame China for the global spread of the virus.\n\nAs Xi and Trump discuss execution of the Phase 1 trade agreement, signed in January, Americans' views of the bilateral economic relationship also are associated with their opinion of Xi. Those who think Sino-U.S. economic relations are bad are significantly more likely to have no confidence in him (61%) than those who think relations are good (44%).\n\nAmericans ages 50 and older are about 20 percentage points more likely than their younger counterparts to have no confidence at all in Xi (62% vs. 40%). And a partisan divide in evaluations of Xi has reemerged. Republicans and Republican-leaning independents are now 10 points more likely than their Democratic counterparts to have no confidence at all in Xi. In comparison, partisans were equally likely to lack confidence in the Chinese leader in March, as well as in 2019 and 2018."
    },
    "21": {
      "summary": "20\nPEW RESEARCH CENTER\n\n---\n\n**Acknowledgments**\n\nThis report is a collaborative effort based on the input and analysis of the following individuals.\n\nLaura Silver, Senior Researcher  \nKat Devlin, Research Associate  \nChristine Huang, Research Analyst  \n\nJames Bell, Vice President, Global Strategy  \nAlexandra Castillo, Research Methodologist  \nJeremiah Cha, Research Assistant  \nAidan Connaughton, Research Assistant  \nStefan S. Cornibert, Communications Manager  \nClaudia Deane, Vice President, Research  \nMoira Fagan, Research Analyst  \nJanell Fetterloff, Research Associate  \nShannon Greenwood, Digital Producer  \nMichael Keegan, Senior Information Graphics Designer  \nDavid Kent, Copy Editor  \nNicholas O. Kent, Research Assistant  \nColin Lahiff, Communications Associate  \nGar Meng Leong, Communications Associate  \nClark Letterman, Senior Survey Manager  \nGracie Martinez, Administrative Coordinator  \nJ.J. Moncus, Research Assistant  \nMartha McRoy, Research Methodologist  \nMara Mordecai, Research Assistant  \nPatrick Moynihan, Associate Director, International Research Methods  \nStacy Pancratz, Research Methodologist  \nJacob Poushter, Associate Director, Global Attitudes Research  \nShannon Schumacher, Research Associate  \nRichard Wike, Director, Global Attitudes Research"
    },
    "22": {
      "summary": "21\nPEW RESEARCH CENTER\n\n**Methodology**\n\nAbout Pew Research Center’s Summer 2020 Global Attitudes Survey\n\nResults for the survey are based on telephone interviews conducted under the direction of Abt Associates. The results are based on national samples, unless otherwise noted. More details about our international survey methodology and country-specific sample designs are available here."
    }
  }
}
