{
  "doc_id": "PG_2021.03.04_US-Views-on-China_FINAL.pdf",
  "pages": {
    "1": {
      "summary": "1. Laura Silver, Senior Researcher\nStefan Cornibert, Communications Manager\n202.419.4372\nwww.pewresearch.org\n\n**FOR MEDIA OR OTHER INQUIRIES:**\n\nPew Research Center, March, 2021, “Most Americans Support Tough Stance Toward China on Human Rights, Economic Issues”"
    },
    "2": {
      "summary": "1\nPew Research Center is a nonpartisan fact tank that informs the public about the issues, attitudes and trends shaping America and the world. It does not take policy positions. The Center conducts public opinion polling, demographic research, content analysis and other data-driven social science research. It studies U.S. politics and policy; journalism and media; internet, science and technology; religion and public life; Hispanic trends; global attitudes and trends; and U.S. social and demographic trends. All of the Center's reports are available at www.pewresearch.org. Pew Research Center is a subsidiary of The Pew Charitable Trusts, its primary funder.\n\n© Pew Research Center 2021"
    },
    "3": {
      "summary": "2\nPew Research Center\n\nHow we did this\n\nPew Research Center conducted this study to understand American views toward China. For this analysis, we surveyed 2,596 U.S. adults from Feb. 1 to 7, 2021. Everyone who took part in this survey is a member of the Center’s American Trends Panel (ATP), an online survey panel that is recruited through national, random sampling of residential addresses. This way nearly all U.S. adults have a chance of selection. The survey is weighted to be representative of the U.S. adult population by gender, race, ethnicity, partisan affiliation, education and other categories. Read more about the ATP’s methodology.\n\nWhile Pew Research Center has been tracking attitudes toward China since 2005, prior to 2020, most of this work was done using nationally representative phone surveys. As a result, some long-standing trends may not appear in this report and others will indicate the shift in mode in the text and graphics, as appropriate. (For details on this shift and what it means for key measures of U.S. favorability toward China, see “What different survey modes and question types can tell us about Americans' views of China.”)\n\nWe also draw on an open-ended question: “We’d like to learn a little bit about what you think about when you think about China. Please share the first things that come to mind when you think about China.” To analyze this question, we hand-coded 2,010 responses using a researcher-developed codebook. For more on this particular question, see “In their own words: What Americans think about China.”\n\nHere are the questions used for the report, along with responses and survey methodology."
    },
    "4": {
      "summary": "3\nPEW RESEARCH CENTER\n\n---\n\n**Most Americans Support Tough Stance Toward China on Human Rights, Economic Issues**\n\nFewer have confidence in Biden to handle U.S.-China relationship than other foreign policy issues\n\nPresident Joe Biden has inherited a complicated U.S.-China relationship that includes a trade war, mutually imposed sanctions on high-ranking officials, tensions flaring over human rights issues, Hong Kong and Taiwan, and an American public with deeply negative feelings toward China.\n\nRoughly nine-in-ten U.S. adults (89%) consider China a competitor or enemy, rather than a partner, according to a new Pew Research Center survey. Many also support taking a firmer approach to the bilateral relationship, whether by promoting human rights in China, getting tougher on China economically or limiting Chinese students studying abroad in the United States.\n\nMore broadly, 48% think limiting China’s power and influence should be a top foreign policy priority for the U.S., up from 32% in 2018.\n\nToday, 67% of Americans have “cold” feelings toward China on a “feeling thermometer,” giving the country a rating of less than 50 on a 0 to 100 scale. This is up from just 46% who said the same in\n\n---\n\n**Majority supports a more assertive stance on bilateral relations with China across a range of issues**\n\n% who say the U.S. should ...\n\n| Priorities | % who strongly agree | % who somewhat agree | % who somewhat disagree |\n|---|---|---|---|\n| Strongly agree | 26%    | 43%    | 27%    |\n| Agree    | 70%    | 23%    | 7%    |\n\n% who ... limiting Chinese students studying in the U.S.\n\n| Oppose | Support |\n|---|---|\n| 43%    | 55%    |\n\n% who say it is more important to ...\n\n| Build a strong relationship with China on economic issues | Get tougher with China on economic issues |\n|---|---|\n| 44%    | 53%    |\n\nNote: Those who did not answer not shown.\nSource: Survey of U.S. adults conducted Feb. 1-7, 2021. Q20, Q50 & Q55.\n*Most Americans Support Tough Stance Toward China on Human Rights, Economic Issues*\n\nPew RESEARCH CENTER"
    },
    "5": {
      "summary": "2018. The intensity of these negative feelings has also increased: The share who say they have “very cold” feelings toward China (0-24 on the same scale) has roughly doubled from 23% to 47%.\n\n---\n\n**Sharp rise in share of Americans who view China negatively, driven mostly by Republicans**\n\n*% who ...*\n\n| Party | Share |\n|-------|-------|\n| **Total** | 100% |\n| **Democrats** | 39% |\n| **Republicans** | 62% |\n| **Liberals** | 37% |\n| **Independents** | 21% |\n\n*Feel \"cold\" toward China*\n\n| Party | Share |\n|-------|-------|\n| **Total** | 46% |\n| **Democrats** | 57% |\n| **Republicans** | 43% |\n| **Liberals** | 11% |\n| **Independents** | 5% |\n\n*Feel \"warm\" toward China*\n\n| Party | Share |\n|-------|-------|\n| **Total** | 68% |\n| **Democrats** | 32% |\n| **Republicans** | 60% |\n| **Liberals** | 8% |\n| **Independents** | 2% |\n\n*Feel \"warm\" toward China*\n\n---\n\nNote: \"Cold\" refers to ratings of 0-49 on a feeling thermometer. Thermometer was asked as: \"We'd like to get your feelings toward some different countries in the world on a 'feeling thermometer.' A rating of zero degrees means you feel as cold and negative as possible. A rating of 100 degrees means you feel as warm and positive as possible. You would rate the country at 50 degrees if you don't feel particularly positive or negative toward the country. How do you feel toward China?\"\n\nSource: Survey of U.S. adults conducted Feb. 1-7, 2021. Q41h, Thermchina. \"Most Americans Support Tough Stance Toward China on Human Rights, Economic Issues\"\n\n---\n\n**PEW RESEARCH CENTER**"
    },
    "6": {
      "summary": "5\nPEW RESEARCH CENTER\n\n---\n\n**Human rights concerns also are frequently cited when Americans are asked, in an open-ended format, about the first thing that comes to mind when they think of China. One-in-five mention human rights concerns, with 3% specifically focused on Uyghurs in Xinjiang. (For more on the open-ended responses, as well as how they were coded, see “In their own words: What Americans think about China.” Quotations from this open-ended question appear throughout this report to provide context for the survey findings. They do not represent the opinion of all Americans on any given topic. They have been edited lightly for grammar and clarity.)**\n\n---\n\n**When Americans think of China, human rights and the economy are top of mind**\n\nWhat's the first thing you think about when you think about China? (%)\n[OPEN-END]\n\n| Human rights | 20% |\n|--------------|-----|\n| Lack of freedoms | 9   |\n| Genocide, Uyghurs | 3   |\n| Economy | 19   |\n| \"Made in China,\" manufacturing | 4   |\n| Bad products, knockoffs | 3   |\n| High growth rate | 3   |\n| Political system | 17   |\n| Dictatorship | 8   |\n| Communism/CCP | 8   |\n| Threats | 13   |\n| China wants to be the most powerful country | 6   |\n| U.S.-China relationship | 12   |\n| China hurts the U.S. economy | 5   |\n| General threat to the U.S. | 4   |\n\n**Generally negative adjectives**\n<table>COVID-197Population size5Generally positive adjectives4Pollution4Biden3People3</table>\n\nNote: Open-ended question. Responses that were given by fewer than 3% of respondents not shown. Refusals, don’t knows and “other” responses not shown. See topline for full details. Numbers may exceed 100% due to multiple responses (first five mentions included).\nSource: Survey of U.S. adults conducted Feb. 1-7, 2021, Q39.\n\"Most Americans Support Tough Stance Toward China on Human Rights, Economic Issues\"\n\n**PEW RESEARCH CENTER**\n\n—Man, 52"
    },
    "7": {
      "summary": "6\nPew Research Center\n\n---\n\nAmericans are also critical of how China is dealing with some key issues. When it comes to dealing with global climate change, for example, a broad 79% majority thinks China is doing a bad job,\n\n---\n\nAmericans see current economic ties with China as fraught: Around two-thirds (64%) describe economic relations between the superpowers as somewhat or very bad.\n\n---\n\n**Rising concerns about China on many issues**\n\n% who say __ would be a very serious problem for the U.S.\n\n| Year | Issue                                                                 | Percentage |\n|------|-----------------------------------------------------------------------|------------|\n| 2020 | Cyberattacks from China                                                      | 65         |\n|      | Change: +7                                                                 |            |\n|      | China’s policies on human rights                                         |            |\n|      | The loss of U.S. jobs to China                                             |            |\n|      | China’s growing military power                                            |            |\n\n| Year | Issue                                                                 | Percentage |\n|------|-----------------------------------------------------------------------|------------|\n| 2020 | Tensions between mainland China and Hong Kong                               |            |\n|      | The U.S. trade deficit with China                                           |            |\n|      | Tensions between mainland China and Taiwan                                    |            |\n\nNote: Statistically significant differences shown in bold. Tensions between mainland China and Taiwan was not asked in 2020. Source: Survey of U.S. adults conducted Feb. 1-7, 2021. Q51a-h. *Most Americans Support Tough Stance Toward China on Human Rights, Economic Issues*\n\n---\n\n**PEW RESEARCH CENTER**\n\n---\n\nAmericans are also critical of how China is dealing with some key issues. When it comes to dealing with global climate change, for example, a broad 79% majority thinks China is doing a bad job,"
    },
    "8": {
      "summary": "7\nPew Research Center\n\nincluding 45% who think it’s doing a very bad job. More Americans also think China is doing a bad job (54%) than a good one (43%) dealing with the coronavirus pandemic. Still, people are about as critical of America’s own handling of the pandemic (58% say it is doing a bad job).\n\nAs President Biden seeks to navigate this tumultuous relationship, few Americans put much stock in his Chinese counterpart, President Xi Jinping. Only 15% have confidence in Xi to do the right thing regarding world affairs, whereas 82% do not – including 43% who have no confidence in him at all.\n\nWhile 60% of Americans have confidence in Biden to do the right thing regarding world affairs in general, when it comes to dealing effectively with China, only 53% say they have confidence in him. This is fewer than say they have confidence in him to handle any of the other foreign policy issues asked about on the survey. Partisans are also worlds apart on this issue: 83% of Democrats and Democratic-leaning independents have confidence in Biden to deal effectively with China, compared with only 19% of Republicans and Republican leaners.\n\nMany other issues related to China are also quite divided across party lines. Republicans are significantly more likely to say the U.S. should get tougher on China on economic issues (instead of trying to strengthen economic relations), to describe China as an enemy of the U.S. – rather than as competitor or partner – and to have very cold feelings toward China. They are also more likely to support limiting the ability of Chinese students to study in the U.S."
    },
    "9": {
      "summary": "8\nPEW RESEARCH CENTER\n\nLarge partisan divides on many China-related issues – but not in concerns about human rights\n\n% who ...\n\nSay it is more important to get tougher than build a strong relationship with China on economic issues\n\nThink of China, on balance, as an enemy of the U.S.\n\nSupport limiting Chinese students studying in the U.S.\n\nHave “very cold” feelings toward China\n\nSay the U.S. should try to promote human rights in China, even if it harms economic relations\n\nSay China’s policies on human rights are a very serious problem for the U.S.\n\nNote: Statistically significant differences shown in bold. \"Very cold\" refers to ratings of 0-24 on a feeling thermometer. Thermometer was asked as: \"We'd like to get your feelings toward some different countries in the world on a 'feeling thermometer.' A rating of zero degrees means you feel as cold and negative as possible. A rating of 100 degrees means you feel as warm and positive as possible. You would rate the country at 50 degrees if you don't feel particularly positive or negative toward the country. How do you feel toward China?\"\n\nSource: Survey of U.S. adults conducted Feb. 1-7, 2021. Thermchina, Q20, Q48, Q50, Q51c & Q55.\n\n*Most Americans Support Tough Stance Toward China on Human Rights, Economic Issues*\n\nPEW RESEARCH CENTER\n\nThese are among the findings of a new survey by Pew Research Center, conducted online Feb. 1-7 among 2,596 adults who are members of the nationally representative American Trends Panel."
    },
    "10": {
      "summary": "2018 | 2021\n: 2018 | 2021\n: 2018 | 2021\n\nNegative views of China up substantially since 2018\n\n% who rate China as __ on a feeling thermometer from 0 (coldest rating) to 100 (warmest rating)\n\n| Total | 2018 | 2021 |\n|-------|------|------|\n| Very warm | 8% | 4% |\n| Somewhat warm | 13% | 20% |\n| Neutral | 30% | 20% |\n| Somewhat cold | 23% | 47% |\n| Very cold | 23% | 31% |\n\n| Rep/Lean Rep | 2018 | 2021 |\n|----------------|------|------|\n| 2                | 17   | 15   |\n| 4                | 24   | 17   |\n| 7                | 26   | 62   |\n| 9                | 31   | 62   |\n| 14               | 62   | 62   |\n| 15               | 62   | 62   |\n| 17               | 62   | 62   |\n| 18               | 62   | 62   |\n| 19               | 62   | 62   |\n| 20               | 62   | 62   |\n| 21               | 62   | 62   |\n| 22               | 62   | 62   |\n| 23               | 62   | 62   |\n| 24               | 62   | 62   |\n| 25               | 62   | 62   |\n| 26               | 62   | 62   |\n| 27               | 62   | 62   |\n| 28               | 62   | 62   |\n| 29               | 62   | 62   |\n| 30               | 62   | 62   |\n| 31               | 62   | 62   |\n| 32               | 62   | 62   |\n| 33               | 62   | 62   |\n| 34               | 62   | 62   |\n| 35               | 62   | 62   |\n| 36               | 62   | 62   |\n| 37               | 62   | 62   |\n| 38               | 62   | 62   |\n| 39               | 62   | 62   |\n| 40               | 62   | 62   |\n| 41               | 62   | 62   |\n| 42               | 62   | 62   |\n| 43               | 62   | 62   |\n| 44               | 62   | 62   |\n| 45               | 62   | 62   |\n| 46               | 62   | 62   |\n| 47               | 62   | 62   |\n| 48               | 62   | 62   |\n| 49               | 62   | 62   |\n| 50               | 62   | 62   |\n| 51               | 62   | 62   |\n| 52               | 62   | 62   |\n| 53               | 62   | 62   |\n| 54               | 62   | 62   |\n| 55               | 62   | 62   |\n| 56               | 62   | 62   |\n| 57               | 62   | 62   |\n| 58               | 62   | 62   |\n| 59               | 62   | 62   |\n| 60               | 62   | 62   |\n| 61               | 62   | 62   |\n| 62               | 62   | 62   |\n| 63               | 62   | 62   |\n| 64               | 62   | 62   |\n| 65               | 62   | 62   |\n| 66               | 62   | 62   |\n| 67               | 62   | 62   |\n| 68               | 62   | 62   |\n| 69               | 62   | 62   |\n| 70               | 62   | 62   |\n| 71               | 62   | 62   |\n| 72               | 62   | 62   |\n| 73               | 62   | 62   |\n| 74               | 62   | 62   |\n| 75               | 62   | 62   |\n| 76               | 62   | 62   |\n| 77               | 62   | 62   |\n| 78             "
    },
    "11": {
      "summary": "10\nPEW RESEARCH CENTER\n\n---\n\n### Understanding the over-time change in views of China\n\nSince 2005, Pew Research Center has used telephone polling to measure Americans’ views of China’s policies and actions. Using the same four-point question each year, which asks people whether they have a “very favorable, somewhat favorable, somewhat unfavorable or very unfavorable view of China,” we have tracked the ups and downs in Americans’ views of the superpower, including the 26-point increase in negative views that has taken place since 2018.\n\nBeginning this year, however, Pew Research Center has shifted to conducting the U.S. portion of its annual Global Attitudes survey using the American Trends Panel (ATP), a nationally representative online panel of adults that is the Center’s principal source of data for U.S. public opinion research. To prepare for this transition, we fielded two surveys simultaneously in early 2020 – one on the phone and one on the ATP –"
    },
    "12": {
      "summary": "11\nPEW RESEARCH CENTER\n\n---\n\n**Answer:**\n\nAsking the same question about Americans’ favorability of China. Results indicated there were substantial differences by survey mode: 66% of those surveyed by phone had an unfavorable view of China, compared with 79% of those surveyed online.\n\nBecause of these mode differences, we fielded two different survey questions on the ATP this year. The first is a “feeling thermometer,” which asks people to evaluate their opinion of China on a 0 to 100 scale, where a rating of 51 or higher is “warm,” 50 is neutral and below 50 is “cold.” This question, which is the predominant focus of this report, was previously asked on the ATP in 2018 and 2016. Looking at these three points in time, we can see that the sharp increase in negative views of China that we have been documenting via our phone surveys is also evident via these online surveys. On this measure, those who say they are “cold” (0-49) toward China has increased from 46% in 2018 to 67% in 2021, or 21 percentage points.\n\nSecond, we also asked our traditional four-point favorability question. Because of the mode differences previously identified, we decided that this number from the online survey was not directly comparable to the phone surveys previously conducted. But we want to “restart” this trend, beginning to measure it consistently on the ATP going forward, much as we have done so on the phone for the past 15 years. Results of this question indicate that a majority of Americans (76%) have an unfavorable view of China. This is consistent with the majority who say they are “cool” toward China on the feeling thermometer rating, though there are differences between the two measures due, in part, to the fact that the feeling thermometer has an explicit “neutral” category. (For more on how these two measures are similar and different, see “What different survey modes and question types can tell us about Americans’ views of China.”)\n\nThanks to these two questions, we can see that unfavorable views of China increased dramatically since 2018, regardless of mode (phone vs. online) or measure (feeling thermometer or four-point scale)."
    },
    "13": {
      "summary": "12\nPew Research Center\n\n---\n\n**Most Americans see China negatively**\n\n% who rate China as __ on a feeling thermometer from 0 (coldest rating) to 100 (warmest rating)\n\n| Very cold | Somewhat cold (0-24) | Total |\n|-----------|---------------------|-------|\n| Men       | 47%                | 20%   |\n| Women     | 51%                | 21%   |\n| White     | 50%                | 23%   |\n| Black     | 44%                | 10%   |\n| Hispanic  | 44%                | 15%   |\n| Ages 18-49 | 40%               | 20%   |\n| 50+       | 55%                | 20%   |\n| College grad+ | 39%              | 26%   |\n| No college degree | 51%            | 17%   |\n| Rep/Lean Rep | 62%             | 17%   |\n| Conserv | 72%                | 16%   |\n| Mod/Lib | 48%                | 19%   |\n| Dem/Lean Dem | 38%            | 23%   |\n| Cons/Mod | 45%                | 19%   |\n| Liberal | 30%                | 27%   |\n\nNote: White and Black adults include those who report being only one race and are not Hispanic. Hispanics are of any race. \"Very cold\" refers to a rating of 0-24 out of 100. \"Somewhat cold\" refers to a rating of 25-49. Thermometer was asked as: \"We'd like to get your feelings toward some different countries in the world on a 'feeling thermometer.' A rating of zero degrees means you feel as cold and negative as possible. A rating of 100 degrees means you feel as warm and positive as possible. You would rate the country at 50 degrees if you don't feel particularly positive or negative toward the country. How do you feel toward China?\"\n\nSource: Survey of U.S. adults conducted Feb. 1-7, 2021. Thermchina. \"Most Americans Support Tough Stance Toward China on Human Rights, Economic Issues\"\n\n**PEW RESEARCH CENTER**\n\n---\n\n**Conservative Republicans are even more likely to say they have “very cold” feelings toward China (72%) than moderate or liberal Republicans (48%). Among Democrats, conservatives and moderates (45%) are more likely than liberals (30%) to have very cold feelings toward China.**\n\nMen (51%) are more likely than women (43%) to have “very cold” feelings toward China. A majority of those 50 and older (55%) have “very cold” opinions of China, whereas only 40% of those under 50 report the same. Americans with lower levels of education are more likely to feel “very cold” toward China: 51% of those who have not completed college feel this way, compared with 39% of those with at least a bachelor’s degree.\n\nWhile most Americans have unfavorable views toward China, results of an open-ended question about China indicate that opinions can be multifaceted. Even among those who say have “cold” feelings toward China, there are instances where people report good and bad things.\n\n—\n\n—Woman, 35"
    },
    "14": {
      "summary": "13\nPEW RESEARCH CENTER\n\n---\n\n### Republicans are much more likely to describe China as enemy of the U.S.\n\n**Nearly two-thirds of conservative Republicans view China as an ‘enemy’ – far more than other groups**\n\n% who, on balance, think of China as a __ of the U.S.\n\n| Party | Percent |\n|-------|---------|\n| Total | 9%      |\n| Men   | 7%      |\n| Women | 11%     |\n\n| Competitor | Percent |\n|-----------|----------|\n| 55%       | 34%      |\n| 54        | 37%      |\n| 52        | 42%      |\n| 66        | 12%      |\n| 62        | 21%      |\n\n| Age Group | Percent |\n|-----------|---------|\n| Ages 18-29 | 14%    |\n| Ages 30-49 | 14%    |\n| Ages 50-64 | 6%    |\n| Ages 65+  | 2%     |\n\n| College Grads | Percent |\n|----------------|---------|\n| No college degree | 10%    |\n| Rep/Lean Rep | 4%     |\n| Conserv | 3%     |\n| Mod/Lib | 5%     |\n| Dem/Lean Dem | 14%    |\n| Cons/Mod | 14%    |\n| Liberal | 12%     |\n\n| College Grads | Percent |\n|----------------|---------|\n| 60            | 30%      |\n| 52            | 36%      |\n| 43            | 53%      |\n| 33            | 64%      |\n| 58            | 37%      |\n| 65            | 20%      |\n| 60            | 24%      |\n| 71            | 16%      |\n\nNote: Those who did not answer not shown. White and Black adults include those who report being only one race and are not Hispanic. Hispanics are of any race.\n\nSource: Survey of U.S. adults conducted Feb. 1-7, 2021. Q48.\n\n*Most Americans Support Tough Stance Toward China on Human Rights, Economic Issues*\n\n**PEW RESEARCH CENTER**\n\n---\n\nBlack, White and Hispanic adults also differ in their evaluations of the U.S.-China relationship. White adults (42%) are significantly more likely than Hispanic (21%) or Black adults (12%) to describe China as an enemy. White Americans are also much less likely to describe China as a partner (6%) than are Black (19%) or Hispanic (15%) Americans.\n\n---\n\n“Powerful U.S. competitor on world stage and long-term frenemy ...”\n\n—Man, 51"
    },
    "15": {
      "summary": "14\nPEW RESEARCH CENTER\n\n---\n\n**Americans increasingly prioritize limiting China’s power and influence**\n\nNearly half of Americans (48%) think limiting the power and influence of China should be a top foreign policy priority for the country, and another 44% think that it should be given some priority. Only 7% think limiting China’s influence should not be a priority at all. The share of Americans who think limiting China’s power and influence should be a top priority is also up 16 percentage points since 2018.\n\nRepublicans are much more likely than Democrats to say limiting China’s power and influence is a top priority (63% vs. 36%, respectively). Conservative Republicans (68%) are even more likely than moderate or liberal Republicans to say this (54%). And, while support for limiting China’s influence has increased since 2018 among both Republicans and Democrats, the rise has been especially steep among Republicans.\n\nLimiting China’s power and influence is one of the top priorities cited by Americans among 20 foreign policy goals asked about in the survey. The only issues of the 20 tested that are named as a top priority by more Americans are protecting the jobs of American workers (75%), reducing the spread of infectious diseases (71%), taking measures to protect the U.S. from terrorist attacks (71%), preventing the spread of weapons of mass destruction (64%) and improving relationships with our allies (55%). And, when it comes to comparisons with other countries, more Americans see limiting China’s power and influence as a top priority than say the same of Russia (42%), North Korea (40%) or Iran (38%).\n\nStill, there are major partisan differences with regard to the relative importance of limiting China’s power and influence. For Republicans, it is the fifth most important issue of the 20 tested, while for Democrats, it ranks 12th.\n\nSource: Survey of U.S. adults conducted Feb. 1-7, 2021. Q41h. “Most Americans Support Tough Stance Toward China on Human Rights, Economic Issues”\n\n**PEW RESEARCH CENTER**\n\n---\n\nSource: Survey of U.S. adults conducted Feb. 1-7, 2021. Q41h. “Most Americans Support Tough Stance Toward China on Human Rights, Economic Issues”"
    },
    "16": {
      "summary": "15\nPEW RESEARCH CENTER\n\nSource: Survey of U.S. adults conducted Feb. 1-7, 2021. Q41a-t.\n\"Most Americans Support Tough Stance Toward China on Human Rights, Economic Issues\"\n\n**Tackling China is a top-five priority for Republicans among policy goals polled**\n\n% who say, when thinking about long-range foreign policy goals for the U.S., ___ should be a top priority.\n\n| Rep/Lean Rep | Dem/Lean Dem |\n|--------------|-------------|\n| **85%**    | Protecting the jobs of American workers |\n| **81**     | Taking measures to protect the U.S. from terrorist attacks |\n| **68**     | Maintaining the U.S. military advantage over all other countries |\n| **64**     | Reducing illegal immigration into the U.S. |\n| **63**     | Limiting the power and influence of China |\n| **62**     | Preventing the spread of weapons of mass destruction |\n| **60**     | Reducing the spread of infectious diseases |\n| **57**     | Getting other countries to assume more of the costs of maintaining world order |\n| **51**     | Limiting the power and influence of Iran |\n| **48**     | Reducing our trade deficit with foreign countries |\n| **45**     | Limiting the power and influence of North Korea |\n| **44**     | Improving relationships with our allies |\n| **35**     | Reducing legal immigration into the U.S. |\n| **33**     | Limiting the power and influence of Russia |\n| **29**     | Reducing U.S. military commitments overseas |\n| **23**     | Promoting and defending human rights in other countries |\n| **19**     | Strengthening the United Nations |\n| **15**     | Promoting democracy in other nations |\n| **14**     | Dealing with global climate change |\n| **14**     | Aiding refugees fleeing violence around the world |\n\nSource: Survey of U.S. adults conducted Feb. 1-7, 2021. Q41a-t.\n\"Most Americans Support Tough Stance Toward China on Human Rights, Economic Issues\"\n\n**PEW RESEARCH CENTER**"
    },
    "17": {
      "summary": "16\nPEW RESEARCH CENTER\n\n---\n\nThe 27-point gap between Republicans and Democrats when it comes to whether limiting China's power and influence is a top priority is one of the largest partisan gaps across the 20 issues tested. The only more divisive issues are dealing with global climate change (Democrats 56 points more likely to name this), reducing illegal immigration into the U.S. (48 points higher among Republicans), and maintaining the U.S. military advantage over all other countries (Republicans 38 points more likely).\n\nOlder Americans are more likely to say limiting China's power and influence should be a top priority: 58% of those ages 50 and older say this, compared with 39% of those under 50. Those with lower levels of education are also more likely to call limiting China a top priority: 50% of those who have not completed a bachelor's degree compared with 43% of those who have.\n\n\"Personally fear China's powers more than any other country.\"\n\n—Woman, 80"
    },
    "18": {
      "summary": "17\nPEW RESEARCH CENTER\n\n---\n\n**Americans sharply divided over confidence in Biden to deal with China**\n\n**Americans have less faith in Biden to deal with China than on other foreign policy issues**\n\n% who are __ confident that Joe Biden can do each of the following\n\n| Not at all | Not too | Somewhat | Very |\n|---|---|---|---|\n| 32    | 18%    | 14%     | 29%  |\n| 39    | 22    | 17      | 34   |\n| 40    | 23    | 17      | 30   |\n| 41    | 23    | 18      | 33   |\n| 46    | 26    | 20      | 34   |\n\nNote: No answer responses not shown.\nSource: Survey of U.S. adults conducted Feb. 1-7, 2021. Q42a-f.\n\"Most Americans Support Tough Stance Toward China on Human Rights, Economic Issues\"\n\n**PEW RESEARCH CENTER**"
    },
    "19": {
      "summary": "18% of respondents in the Pew Research Center study said they have a college degree, while 43% have a high school diploma or equivalent. Among Democrats, 83% say having a college degree is very important, compared to 60% of Republicans and 61% of independents. Additionally, 30% of Democrats believe that the Democratic Party has confidence in Biden on China, while only 19% of Republicans and 21% of independents share this view. Overall, Democrats are more confident in Biden on China than Republicans and independents, with 56% of Democrats saying they are very confident compared to 46% of Republicans and 42% of independents."
    },
    "20": {
      "summary": "19\nPEW RESEARCH CENTER\n\nAmericans anxious about China’s technological and military power\n\nAmericans express substantial concern when asked about eight specific issues in the U.S.-China relationship. About three-quarters or more say that each issue is at least somewhat serious. Still, four problems stand out for being ones that half or more describe as very serious: cyberattacks from China, the loss of U.S. jobs to China, China’s growing military power and China’s policies on human rights.\n\nCyberattacks from China evoke the most concern: Roughly two-thirds consider digital attacks to be a very serious problem. This is a 7 percentage point increase from 2020.\n\nThe share who see the loss of U.S. jobs to China as a very serious problem has increased by 6 points since 2020, to 53%. A similar share sees China’s growing military power as a very serious problem (largely unchanged from the 49% who said the same last year).\n\nChina’s policies on human rights are seen as a very substantial problem for the U.S. by half of American adults, a 7-point increase since 2020. China’s treatment of Uyghurs in Xinjiang was recently labeled a “genocide” by former U.S. Secretary of State Mike Pompeo. Results of previous telephone polls indicate that concerns about China’s human rights policies increased between 2018 and 2020 as well.\n\nAbout four-in-ten Americans see the U.S. trade deficit with China – which decreased for the second year in a row – as a very serious problem, unchanged from 2020. Those with less than a college degree are more likely than those with a college degree or more education to see the trade deficit with China as a very serious problem. Similarly, those with lower levels of education are more likely to call the loss of U.S. jobs to China a very serious problem – but when it comes to other problems, people with different educational attainment levels largely agree."
    },
    "21": {
      "summary": "20\nPEW RESEARCH CENTER\n\nTensions between mainland China and Hong Kong or Taiwan are seen as less serious problems for most Americans. While about three-quarters say these two geopolitical issues are at least somewhat serious problems, only about three-in-ten say they are very serious. Still, the share who see Hong Kong’s tensions with mainland China as a very serious problem has increased by 5 percentage points since last year. (Last year’s survey did not ask about tensions between mainland China and Taiwan.)\n\n“They are actively working to take over the U.S. economically rather than militarily. They are pulling our manufacturing abilities, copying advanced technologies, buying up large-scale U.S. corporations and they own much of our debt. They are methodically taking over control of our economy.”\n\n—Man, 82\n\nAcross age groups, older Americans express more concern about China-related issues. Americans ages 65 and older are at least 20 points more likely than those ages 18 to 29 to say most issues asked about in the survey are very serious problems.\n\nRepublicans and Republican-leaning independents tend to be more concerned about most of these eight bilateral issues than Democrats and Democratic leaners. And conservative Republicans are particularly likely to call most of these issues very serious problems for the U.S. For example, 73% of conservative Republicans see the loss of U.S. jobs to China as a very serious problem, while only 55% of moderate or liberal Republicans agree.\n\nWhen it comes to China’s human rights policies and tensions between Taiwan and mainland China, however, partisans largely agree.\n\nCompared with 2020, concern about various China-related issues generally increased more among Republicans than among Democrats. For instance, while the share of Republicans who say the loss of U.S. jobs to China poses a very serious problem increased by 14 percentage points, there was no significant change among Democrats. On issues where concern rose overall, increases tended to be especially steep among conservative Republicans."
    },
    "22": {
      "summary": "21\nPEW RESEARCH CENTER\n\n---\n\n**Note:** Statistically significant differences shown in bold. Tensions between mainland China and Taiwan was not asked in 2020.\nSource: Survey of U.S. adults conducted Feb. 1-7, 2021. Q51a-h.\n\"Most Americans Support Tough Stance Toward China on Human Rights, Economic Issues\"\n\n**Pew Research Center**"
    },
    "23": {
      "summary": "22\nPEW RESEARCH CENTER\n\n---\n\n**China’s handling of coronavirus and climate**\n\nMore than a year after the coronavirus became a widespread public health issue in the U.S., more than half of Americans say China has done a bad job dealing with the outbreak (54%). Around a quarter (28%) even think China’s pandemic response has been very bad.\n\nJust 43% think China has done a good job dealing with the coronavirus outbreak, with only 12% saying China has done a very good job.\n\nAnd, while more Americans say China has done a bad job than a good job dealing with the pandemic, they are just as critical of the U.S.’s handling of the pandemic, which 58% describe as bad.\n\nRepublicans (71%) are much more likely than Democrats (39%) to see China as having done a bad job with the COVID-19 outbreak. Those with less than a college degree are more likely to say China has done a bad job compared with those have at least a bachelor’s. White Americans also give China worse ratings than do Black or Hispanic Americans.\n\n*\"China is the origin country for COVID-19 but they managed to keep the virus from spreading further, way better than the U.S.\"*\n\n—Woman, 30"
    },
    "24": {
      "summary": "23\nPEW RESEARCH CENTER\n\n---\n\nOne area where Americans think China could do much more is climate change. The world’s largest contributor of carbon emissions, China has pledged to become carbon neutral by 2060 while still espousing its right to develop. By a nearly four-to-one ratio, Americans think China has done a bad job handling climate change, with 45% saying China has done a very bad job. On the other hand, just 2% think China’s approach to global warming thus far has been very good. No more than a quarter rate China’s climate change approach positively regardless of age, education or political affiliation.\n\n---\n\n**On climate change, most Americans view China’s response negatively**\n\n% who say China has done a __ job dealing with global climate change\n\n| Very bad | Somewhat bad | Somewhat good | Very good |\n|-----------|---------------|----------------|------------|\n| 45%       | 34%           | 16%            | 2%         |\n\nNote: Those who did not answer not shown.\nSource: Survey of U.S. adults conducted Feb. 1-7, 2021. Q33d.\n\"Most Americans Support Tough Stance Toward China on Human Rights, Economic Issues\"\n\n---\n\n**Americans want to prioritize human rights in U.S.-China relations**\n\nHuman Rights Watch called 2020 “the darkest period for human rights in China” since the 1989 Tiananmen Square protests. Amid crackdowns in Hong Kong, continued persecution of ethnic minorities such as the Muslim Uyghur population and detaining dissidents, Americans, too, have taken notice. Fully 90% of adults in the U.S. say the Chinese government does not respect the personal freedoms of its people. This perspective is shared among large majorities of Americans across age, education and political groups.\n\n---\n\n**In U.S., China seen as not respecting citizens’ rights**\n\n% who say the government of China __ the personal freedoms of its people\n\n| Does not respect | Respects |\n|-------------------|----------|\n| 90%               |          |\n\n| 26 |\n|----|\n\n| 70 |\n|----|\n\n| 8% |\n|----|\n\nSource: Survey of U.S. adults conducted Feb. 1-7, 2021. Q6a & Q20.\n\"Most Americans Support Tough Stance Toward China on Human Rights, Economic Issues\"\n\n---\n\n**PEW RESEARCH CENTER**\n\n---\n\nwww.pewresearch.org"
    },
    "25": {
      "summary": "24  \nRep/Lean Rep  \nConserv  \nMod/Lib  \nDem/Lean Dem  \nCons/Mod  \nLiberal  \n\n---\n\n**Large shares of conservative Republicans, liberal Democrats prioritize human rights over economic ties with China**\n\n% who say the U.S. should ...\n\n| Total | 26% | 70% |\n|---|---|---|\n| Rep/Lean Rep | 24 | 72 |\n| Conserv | 21 | 77 |\n| Mod/Lib | 29 | 66 |\n| Dem/Lean Dem | 29 | 69 |\n| Cons/Mod | 34 | 64 |\n| Liberal | 23 | 76 |\n\nNote: Those who did not answer not shown.\nSource: Survey of U.S. adults conducted Feb. 1-7, 2021. Q20.\n\"Most Americans Support Tough Stance Toward China on Human Rights, Economic Issues\"\n\n**PEW RESEARCH CENTER**\n\n---\n\n“When I think of China, the first thing that comes to mind is the oppressive measures it takes on those within its borders, especially the plight of Uyghur Muslims, but also the restrictions placed by the Communist government on free speech and dissent by its citizens. After that, America’s weakening role as a superpower in global competition against China comes to mind.”\n\n—Man, 30"
    },
    "26": {
      "summary": "25\nPEW RESEARCH CENTER\n\n---\n\n**Americans favor tougher stance on China economic policies, question efficacy of tariffs**\n\nTargeted tariffs and increased intellectual property scrutiny set the backdrop of the U.S.-China trade war and the bilateral economic relationship during the four years of the Trump administration. While President Biden has indicated he would change tack in bilateral economic dealings, he has also described China as America’s “most serious competitor” and has kept some Trump-era China policies in place, at least for now.\n\nAmericans, too, see a precarious economic relationship between the two nations: 64% believe current economic relations between the U.S. and China are bad. Among those who say economic relations are good, just 1% say they are very good. (Results of a similar question asked on the phone indicates that Americans increasingly saw bilateral economic ties to be in poor shape over the course of the trade war.)\n\n---\n\n“I work in tech and my company does a lot of business in China. The trade war and bans on sales to certain companies have hurt our business and seem arbitrary. I have been to China many times. I don’t agree with all of China’s policies but I also don’t agree with how the U.S. government has managed its relationship under Trump.”\n\n—Woman, 49"
    },
    "27": {
      "summary": "26\n\nThe following is an example of a more detailed summary based on the provided text:\n\n---\n\n**More want to see U.S. get tougher with China on trade; views differ by party**\n\n% who say that, when it comes to our economic and trade policy toward China, it is more important to __ with China on economic issues\n\n| Get tougher | Build a strong relationship |\n|-------------|---------------------------|\n| Total       | 53%                        |\n| White      | 61%                        |\n| Black     | 27%                        |\n| Hispanic  | 39%                        |\n| Ages 18-29 | 37%                        |\n| 30-49      | 49%                        |\n| 50-64      | 63%                        |\n| 65+        | 61%                        |\n\n| College grad+ | No college degree |\n|--------------|------------------|\n| Rep/Lean Rep | 72%                |\n| Conserv      | 81%                |\n| Mod/Lib      | 58%                |\n| Dem/Lean Dem | 37%                |\n| Cons/Mod     | 37%                |\n| Liberal      | 38%                |\n\nNote: Those who did not answer not shown. White and Black adults include those who report being only one race and are not Hispanic. Hispanics are of any race.\n\nSource: Survey of U.S. adults conducted Feb. 1-7, 2021. Q50. \"Most Americans Support Tough Stance Toward China on Human Rights, Economic Issues\"\n\n**PEW RESEARCH CENTER**\n\n---\n\n“I think China has grown too big. That normally wouldn’t be a problem but some of the things they have done lately is concerning to me. I don’t like that we owe them so much money. I don’t trust them anymore.”\n\n—Woman, 57"
    },
    "28": {
      "summary": "27\nPEW RESEARCH CENTER\n\nPart of the Trump administration’s trade policy with China involved imposing tariffs on steel, aluminum and assorted other goods from China in the name of national security and American manufacturing.\n\nThe U.S. public offers varied reviews of the tariff policies. When asked about the effects of increased tariffs on goods from foreign countries, including from China, more say they were ultimately bad for the U.S. (44%) than good (30%), while about a quarter of Americans think the tariffs had no discernable effect on the U.S. In terms of how the tariffs affected their own life personally, a majority say they had no real effect on them. Opinions on the tariffs' personal effects differ little based on people's own incomes or where they are located geographically in the country.\n\nMajority of Americans say they have not been affected by U.S. tariffs on Chinese products and other foreign goods\n\n% who say increased tariffs on imported goods from China were ___for ...\n\nNote: Those who did not answer not shown. Full question wording: \"As you may know, over the past few years the U.S. has imposed tariffs, or fees on imported goods from foreign countries, including China. Other countries have responded by increasing their own tariffs on American goods. Overall, do you think these increased tariffs were ...\"\n\nSource: Survey of U.S. adults conducted Feb. 1-7, 2021. Q52-Q53. \"Most Americans Support Tough Stance Toward China on Human Rights, Economic Issues\"\n\nPEW RESEARCH CENTER"
    },
    "29": {
      "summary": "28\nPEW RESEARCH CENTER\n\nSome partisan differences arise, especially when assessing how tariffs affect the country overall. About half of Republicans say increased tariffs on Chinese and other foreign products were good for the U.S. This sentiment is especially strong among conservative Republicans. Republicans who identify as moderate or liberal are divided, with nearly equal shares describing the tariffs as good and bad. Democrats, on the other hand, most often say the tariffs were bad for the U.S.\n\nThose who think that the U.S. economy is in good shape are more likely to describe the tariffs as good for the country than those who say the American economy is not doing well – 49% vs. 20%, respectively.\n\nRepublicans see tariffs on Chinese and other foreign goods as having positive effect for U.S.; Democrats disagree\n\n% who say increased tariffs on imported goods from China were ...\n\n<table>Bad for U.S.No real effectGood for U.S.Rep/Lean Rep25%21%51%Conserv191861Mod/Lib362637Dem/Lean Dem6024Cons/Mod5725Liberal6324</table>\n\nNote: Those who did not answer not shown. Full question wording: \"As you may know, over the past few years the U.S. has imposed tariffs, or fees on imported goods from foreign countries, including China. Other countries have responded by increasing their own tariffs on American goods. Overall, do you think these increased tariffs were ...\"\n\nSource: Survey of U.S. adults conducted Feb. 1-7, 2021. Q52. \"Most Americans Support Tough Stance Toward China on Human Rights, Economic Issues\"\n\nPew Research Center"
    },
    "30": {
      "summary": "29\n\nPew Research Center\n\n---\n\n**Americans generally welcome international pupils, but widespread support for limits on Chinese students**\n\nAlthough international student enrollment in the U.S. fell dramatically in 2020 because of COVID-19, during the 2019-2020 school year, more than 1 million international students studied at U.S. colleges and universities, comprising 5.5% of all student enrollment in American tertiary education. And generally speaking, the U.S. public sees these students in a positive light: Eight-in-ten Americans say it is good for U.S. colleges and universities to accept international students, while just 19% think the opposite.\n\nThis sentiment is especially strong among certain subgroups in the U.S. population. Black and Hispanic Americans are more likely than White Americans to see international students as an asset. Likewise, younger people and those with a college degree say it is good for U.S. universities to accept international students. Partisanship also plays a role in views of international students. While at least two-thirds of supporters of each party see visiting students in a positive light, 92% of Democrats and Democrat-leaning independents hold this perspective, versus just 67% of Republicans and Republican leaners.\n\nSince 2009, the largest share of international students in the U.S. have come from China, according to the Institute of International Education. In 2019-2020, Chinese students comprised roughly a third of international students in American colleges and universities, and the number of Chinese students in U.S. academic institutions had nearly tripled over the previous decade.\n\n---\n\n### Most in U.S. see international students as an asset\n\n% who think it is __ for U.S. colleges and universities to accept international students\n\n| Bad | Good |\n|-----|-------|\n| Total | 19% | 80% |\n| White | 22 | 76 |\n| Black | 13 | 86 |\n| Hispanic | 13 | 86 |\n\n| Ages 18-29 | 8 | 92 |\n| 30-49 | 15 | 83 |\n| 50-64 | 27 | 73 |\n| 65+ | 25 | 72 |\n\n| College grad+ | 11 | 89 |\n| No college degree | 23 | 75 |\n\n| Rep/Lean Rep | 31 | 67 |\n| Conserv | 35 | 63 |\n| Mod/Lib | 25 | 74 |\n\n| Dem/Lean Dem | 8 | 92 |\n| Cons/Mod | 11 | 88 |\n| Liberal | 4 | 96 |\n\nNote: Those who did not answer not shown. White and Black adults include those who report being only one race and are not Hispanic. Hispanics are of any race. Source: Survey of U.S. adults conducted Feb. 1-7, 2021. Q54. \"Most Americans Support Tough Stance Toward China on Human Rights, Economic Issues\"\n\nPew Research Center"
    },
    "31": {
      "summary": "30-49\n50-64\n65+\nCollege grad+ No college degree\nRep/Lean Rep\nConserv Mod/Lib\nDem/Lean Dem\nCons/Mod Liberal\nNote: Those who did not answer not shown. White and Black adults include those who report being only one race and are not Hispanic. Hispanics are of any race.\nSource: Survey of U.S. adults conducted Feb. 1-7, 2021. Q55. \"Most Americans Support Tough Stance Toward China on Human Rights, Economic Issues\"\n\nPew Research Center\n\n---\n\n**Majority of Americans support limits on Chinese students in U.S. universities**\n\n% who say they __ limiting Chinese students studying in the U.S.\n\n| Oppose | Support |\n|--------|---------|\n| Total  | 43%     | 55%    |\n| White  | 41       | 57      |\n| Black | 48       | 50      |\n| Hispanic | 41        | 56      |\n\n| Ages 18-29 | 66 | 31 |\n|------------|----|----|\n| 30-49      | 49 | 49 |\n| 50-64      | 31 | 69 |\n| 65+        | 29 | 69 |\n\n| College grad+ | 52 | 47 |\n|----------------|----|----|\n| No college degree | 39 | 59 |\n\n| Rep/Lean Rep | 29 | 69 |\n|----------------|----|----|\n| Conserv         | 22 | 77 |\n| Mod/Lib         | 41 | 58 |\n| Dem/Lean Dem   | 56 | 42 |\n| Cons/Mod        | 49 | 49 |\n| Liberal         | 63 | 35 |\n\n---\n\n“We rely TOO MUCH on goods from China. China is trying to dominate the whole world and we are supporting that with the stuff we buy from them. Too bad their scientists seem to be smarter than ours. And they are welcomed here as students. We have to stop kissing up to China.”\n\n—Man, 79"
    },
    "32": {
      "summary": "31\n\nPew Research Center\n\n---\n\n### Confidence in Xi stays low\n\nWhen asked how much they trust Chinese President Xi Jinping to do the right thing regarding world affairs, roughly eight-in-ten Americans (82%) say they have little or no confidence in the Chinese leader. The share who say they have no confidence at all in Xi has increased by 5 percentage points from 38% last spring to 43%. Previously, levels of distrust in the Chinese president increased sharply after the coronavirus outbreak began.\n\nNegative ratings for Xi are high across demographic and partisan groups, though there are a few modest differences. Men are somewhat more likely than women to distrust Xi, with half of American men saying they have no confidence at all in Xi. Half of White adults likewise say have no confidence at all in Xi. In comparison, 31% of Hispanic adults and 29% of Black adults hold the same opinion.\n\nAcross age groups, older Americans are more likely to have no confidence in the Chinese president. While 53% of those 65 and older say they have no confidence at all in Xi, only 35% of those 18 to 29 say the same.\n\nAmong Republicans and Republican-leaning independents, a majority (57%) say they have no confidence at all in Xi. Conservative Republicans are nearly 20 points more likely than moderate or liberal Republicans to hold this view.\n\nDemocrats and Democratic-leaning independents have slightly more confidence in Xi; only a third say they have no confidence at all in the Chinese president. And, while conservative or moderate"
    },
    "33": {
      "summary": "32\nPEW RESEARCH CENTER\n\nDemocrats are the least likely to distrust Xi, a majority of them lack confidence in the Chinese president.\n\n\"China is a country to be feared. Their leadership cannot be trusted. We should be harder on China in every way.\"\n\n—Man, 76"
    },
    "34": {
      "summary": "33\nPEW RESEARCH CENTER\n\n---\n\n**Acknowledgments**\n\nThis report is a collaborative effort based on the input and analysis of the following individuals.\n\nLaura Silver, *Senior Researcher*\nKat Devlin, *Research Associate*\nChristine Huang, *Research Analyst*\n\nSara Atske, *Associate Digital Producer*\nJames Bell, *Vice President, Global Strategy*\nNick Bertoni, *Senior Panel Manager*\nAlexandra Castillo, *Research Methodologist*\nAidan Connaughton, *Research Assistant*\nStefan S. Cornibert, *Communications Manager*\nClaudia Deane, *Vice President, Research*\nCarroll Doherty, *Director, Political Research*\nMoira Fagan, *Research Analyst*\nJanell Fetterloff, *Research Associate*\nShannon Greenwood, *Digital Producer*\nHannah Hartig, *Research Associate*\nMichael Keegan, *Senior Information Graphics Designer*\nDavid Kent, *Senior Copy Editor*\nNicholas O. Kent, *Research Assistant*\nJocelyn Kiley, *Associate Director, Political Research*\nArnold Lau, *Research Analyst*\nGar Meng Leong, *Communications Associate*\nAndrew Mercer, *Senior Research Methodologist*\nClark Letterman, *Senior Survey Manager*\nGracie Martinez, *Administrative Coordinator*\nIsaac Mei, *Associate Social Media Strategist*\nMara Mordecai, *Research Assistant*\nMartha McRoy, *Research Methodologist*\nJ.J. Moncus, *Research Assistant*\nPatrick Moynihan, *Associate Director, International Research Methods*\nJulia O’Hanlon, *Communications Associate*\nStacy Pancratz, *Research Methodologist*\nJacob Poushter, *Associate Director, Global Attitudes Research*\nShannon Schumacher, *Research Associate*\nRichard Wike, *Director, Global Attitudes Research*"
    },
    "35": {
      "summary": "34\nPEW RESEARCH CENTER\n\n---\n\n### Methodology\n\n#### The American Trends Panel survey methodology\n\n**Overview**\n\nThe American Trends Panel (ATP), created by Pew Research Center, is a nationally representative panel of randomly selected U.S. adults. Panelists participate via self-administered web surveys. Panelists who do not have internet access at home are provided with a tablet and wireless internet connection. Interviews are conducted in both English and Spanish. The panel is being managed by Ipsos.\n\nData in this report is drawn from the panel wave conducted Feb. 1 to Feb. 7, 2021. A total of 2,596 panelists responded out of 2,943 who were sampled, for a response rate of 88%. This does not include one panelist who was removed from the data due to extremely high rates of refusal or straightlining. The cumulative response rate accounting for nonresponse to the recruitment surveys and attrition is 4%. The break-off rate among panelists who logged on to the survey and completed at least one item is 2%. The margin of sampling error for the full sample of 2,596 respondents is plus or minus 2.7 percentage points.\n\n**Panel recruitment**\n\nThe ATP was created in 2014, with the first cohort of panelists invited to join the panel at the end of a large, national, landline and cellphone random-digit-dial survey that was conducted in both English and Spanish. Two additional recruitments were conducted using the same method in 2015 and 2017, respectively. Across these three surveys, a total of 19,718 adults were invited to join the ATP, of whom 9,942 (50%) agreed to participate.\n\nIn August 2018, the ATP switched from telephone to address-based recruitment. Invitations were sent to a random, address-based sample of households selected from the population.\n\n---\n\n| Recruitment dates | Mode    | Invited | Joined | Active panelists remaining |\n|---|---|---|---|---|\n| Jan. 23 to March 16, 2014 | Landline/ cell RDD | 9,809   | 5,338  | 2,184    |\n| Aug. 27 to Oct. 4, 2015 | Landline/ cell RDD | 6,004   | 2,976  | 1,243    |\n| April 25 to June 4, 2017 | Landline/ cell RDD | 3,905   | 1,628  | 621    |\n| Aug. 8 to Oct. 31, 2018 | ABS/web    | 9,396   | 8,778  | 5,903    |\n| Aug. 19 to Nov. 30, 2019 | ABS/web    | 5,900   | 4,720  | 2,330    |\n| June 1 to July 19, 2020 | ABS/web    | 1,865   | 1,636  | 1,272    |\n| **Total**    |    | **36,879** | **25,076** | **13,553**    |\n\nNote: Approximately once per year, panelists who have not participated in multiple consecutive waves or who did not complete an annual profiling survey are removed from the panel. Panelists also become inactive if they ask to be removed from the panel.\n\n**PEW RESEARCH CENTER**"
    },
    "36": {
      "summary": "35\nPEW RESEARCH CENTER\n\nfrom the U.S. Postal Service's Delivery Sequence File. Two additional recruitments were conducted using the same method in 2019 and 2020, respectively. Across these three address-based recruitments, a total of 17,161 adults were invited to join the ATP, of whom 15,134 (88%) agreed to join the panel and completed an initial profile survey. In each household, the adult with the next birthday was asked to go online to complete a survey, at the end of which they were invited to join the panel. Of the 25,076 individuals who have ever joined the ATP, 13,553 remained active panelists and continued to receive survey invitations at the time this survey was conducted.\n\nThe U.S. Postal Service's Delivery Sequence File has been estimated to cover as much as 98% of the population, although some studies suggest that the coverage could be in the low 90% range.¹ The American Trends Panel never uses breakout routers or chains that direct respondents to additional surveys.\n\n**Sample design**\n\nThe overall target population for this survey was non-institutionalized persons ages 18 and older, living in the U.S., including Alaska and Hawaii.\n\nThis study featured a stratified random sample from the ATP. The sample was allocated according to the following strata, in order: tablet households, U.S.-born Hispanics, foreign-born Hispanics, high school education or less, foreign-born Asians, not registered to vote, people ages 18 to 34, users internet weekly or less, non-Hispanic Black adults, nonvolunteers and all other categories not already falling into any of the above.\n\n**Questionnaire development and testing**\n\nThe questionnaire was developed by Pew Research Center in consultation with Ipsos. The web program was rigorously tested on both PC and mobile devices by the Ipsos project management team and Pew Research Center researchers. The Ipsos project management team also populated test data which was analyzed in SPSS to ensure the logic and randomizations were working as intended before launching the survey.\n\n**Incentives**\n\nAll respondents were offered a post-paid incentive for their participation. Respondents could choose to receive the post-paid incentive in the form of a check or a gift code to Amazon.com or could choose to decline the incentive. Incentive amounts ranged from $5 to $20 depending on whether the respondent belongs to a part of the population that is harder or easier to reach."
    },
    "37": {
      "summary": "36\nPEW RESEARCH CENTER\n\nDifferential incentive amounts were designed to increase panel survey participation among groups that traditionally have low survey response propensities.\n\nData collection protocol\n\nThe data collection field period for this survey was Feb. 1 to Feb. 7, 2021. Postcard notifications were mailed to all ATP panelists with a known residential address on Feb. 1, 2021.\n\nOn Feb. 1 and Feb. 2, invitations were sent out in two separate launches: Soft Launch and Full Launch. Sixty panelists were included in the soft launch, which began with an initial invitation sent on Feb. 1, 2021. The ATP panelists chosen for the initial soft launch were known responders who had completed previous ATP surveys within one day of receiving their invitation. All remaining English- and Spanish-speaking panelists were included in the full launch and were sent an invitation on Feb. 2, 2021.\n\nAll panelists with an email address received an email invitation and up to two email reminders if they did not respond to the survey. All ATP panelists that consented to SMS messages received an SMS invitation and up to two SMS reminders.\n\n| Initial invitation | Soft Launch | Full Launch |\n|-------------------|-------------|-------------|\n| First reminder    | Feb. 1, 2021 | Feb. 2, 2021 |\n| First reminder    | Feb. 4, 2021 | Feb. 4, 2021 |\n| Final reminder   | Feb. 6, 2021 | Feb. 6, 2021 |\n\nData quality checks\n\nTo ensure high-quality data, the Center’s researchers performed data quality checks to identify any respondents showing clear patterns of satisficing. This includes checking for very high rates of leaving questions blank, as well as always selecting the first or last answer presented. As a result of this checking, one ATP respondent was removed from the survey dataset prior to weighting and analysis.\n\nWeighting\n\nThe ATP data was weighted in a multistep process that accounts for multiple stages of sampling and nonresponse that occur at different points in the survey process. First, each panelist begins with a base weight that reflects their probability of selection for their initial recruitment survey (and the probability of being invited to participate in the panel in cases where only a subsample of"
    },
    "38": {
      "summary": "37\nPEW RESEARCH CENTER\n\n---\n\n### Weighting dimensions\n\n| Variable                                      | Benchmark source                                                                 |\n|------------------------------------------------|--------------------------------------------------------------------------------|\n| Age x Gender                                   | 2019 American Community Survey                                                |\n| Education x Gender                             |                                                                                  |\n| Race/Ethnicity x Education                      |                                                                                  |\n| Born inside vs. outside the U.S. among Hispanics and Asians Americans |                                                                                  |\n| Years lived in the U.S.                        |                                                                                  |\n\n| Census region x Metro/Non-metro                | 2019 CPS March Supplement                                                      |\n| Volunteerism                                  | 2017 CPS Volunteering & Civic Life Supplement                               |\n| Voter registration                           | 2016 CPS Voting and Registration Supplement                                |\n| Party affiliation                              | 2020 National Public Opinion Reference Survey                                     |\n| Frequency of internet use                     |                                                                                  |\n| Religious affiliation                       |                                                                                  |\n\nNote: Estimates from the ACS are based on non-institutionalized adults. The 2016 CPS was used for voter registration targets for this wave in order to obtain voter registration numbers from a presidential election year. Voter registration is calculated using procedures from Hur, Achen (2013) and rescaled to include the total U.S. adult population. The 2020 National Public Opinion Reference Survey featured 1,862 online completions and 2,247 mail survey completions.\n\n**PEW RESEARCH CENTER**\n\n---\n\nIn the final weighting step, the wave-specific base weights for panelists who completed the survey are again calibrated to match the population benchmarks specified above. These weights are trimmed (typically at about the 1st and 99th percentiles) to reduce the loss in precision stemming from variance in the weights. Sampling errors and test of statistical significance take into account the effect of weighting."
    },
    "39": {
      "summary": "38\nPEW RESEARCH CENTER\n\nThe following table shows the unweighted sample sizes and the error attributable to sampling that would be expected at the 95% level of confidence for different groups in the survey.\n\n| Group          | Unweighted sample size | Weighted % | Plus or minus ... |\n|---------------|------------------------|-----------|------------------|\n| Total sample  | 2,596                   |           | 2.7 percentage points |\n| Half sample   | At least 1,287           |           | 3.7 percentage points |\n| Rep/Lean Rep | 1,106                  | 44        | 3.9 percentage points |\n| Half sample   | At least 549             |           | 5.6 percentage points |\n| Dem/Lean Dem | 1,410                  | 49        | 3.7 percentage points |\n| Half sample   | At least 688             |           | 5.2 percentage points |\n\nSample sizes and sampling errors for other subgroups are available upon request. In addition to sampling error, one should bear in mind that question wording and practical difficulties in conducting surveys can introduce error or bias into the findings of opinion polls."
    },
    "40": {
      "summary": "39\nPEW RESEARCH CENTER\n\nDispositions and response rates\n\n| Final dispositions | AAPOR code | Total |\n|-------------------|------------|-------|\n| Completed interview | 1.1        | 2,596 |\n| Logged onto survey; broke off | 2.12      | 41    |\n| Logged onto survey; did not complete any items | 2.1121    | 23    |\n| Never logged on (implicit refusal) | 2.11     | 282   |\n| Survey completed after close of the field period | 2.27     | 0     |\n| Completed interview but was removed for data quality |           | 1     |\n| Screened out          |            | N/A   |\n\nTotal panelists in the survey | 2,943 |\nCompleted interviews | I       | 2,596 |\nPartial interviews | P       | 0     |\nRefusals | R       | 346   |\nNon-contact | NC      | 1     |\nOther | O       | 0     |\nUnknown household | UH      | 0     |\nUnknown other | UO      | 0     |\nNot eligible | NE      | 0     |\n\nTotal | 2,943 |\nAAPOR RR1 = I / (I+P+R+NC+O+UH+UO) | 88% |\n\nCumulative response rate | Total |\nWeighted response rate to recruitment surveys | 12% |\n% of recruitment survey respondents who agreed to join the panel, among those invited | 72% |\n% of those agreeing to join who were active panelists at start of Wave 82 | 57% |\nResponse rate to Wave 82 survey | 88% |\n\nCumulative response rate | 4%\n\n© Pew Research Center, 2021"
    }
  }
}
