{
  "doc_id": "PH_2016.06.08_Economy-Final.pdf",
  "pages": {
    "1": {
      "summary": " [Mark Hugo Lopez, Rich Morin and Jens Manuel Krogstad](https://example.com/author)"
    },
    "2": {
      "summary": "1\nPew Research Center\n\nAbout Pew Research Center\n\nPew Research Center is a nonpartisan fact tank that informs the public about the issues, attitudes and trends shaping America and the world. It does not take policy positions. The Center conducts public opinion polling, demographic research, content analysis and other data-driven social science research. It studies U.S. politics and policy; journalism and media; internet, science and technology; religion and public life; Hispanic trends; global attitudes and trends; and U.S. social and demographic trends. All of the Center’s reports are available at www.pewresearch.org. Pew Research Center is a subsidiary of The Pew Charitable Trusts, its primary funder.\n\n© Pew Research Center 2016\n\nTerminology\n\nThe terms “Latino” and “Hispanic” are used interchangeably in this report.\n\nThe terms “whites,” “blacks” and “Asians” are used to refer to single-race, non-Hispanic components of their populations.\n\n“U.S. born” refers to persons who say they were born in the United States, Puerto Rico or other U.S. territories.\n\n“Foreign born” refers to persons who say they were born outside of the United States, Puerto Rico or other U.S. territories. The terms “foreign born” and “immigrant” are used interchangeably."
    },
    "3": {
      "summary": "2\nPew Research Center\n\n1. Latinos are increasingly positive about current finances, but many say family income is not keeping pace with cost of living 8\nViews of current personal finances rebound 8\nFor many Latinos, family income is not keeping pace with the cost of living 10\n\n2. Latinos are optimistic about their finances in the next year and upward economic mobility for their children 12\nFinances expected to improve in the next year 12\nLatinos see upward economic mobility for their children 16\n\nAcknowledgments 17\nMethodology 18\nAppendix A: References 21\nAppendix B: 2015 National Survey of Latinos Topline 23"
    },
    "4": {
      "summary": "3\n\nThe Great Recession lasted from December 2007 to June 2009, according to economists at the National Bureau of Economic Research.\n\n---\n\n**Latinos Increasingly Confident in Personal Finances, See Better Economic Times Ahead**\n\nYet many economic indicators show few gains for the community since the Great Recession\n\nLatinos have become considerably more upbeat about their personal finances and optimistic about their financial future since the Great Recession, according to newly released results from a national survey of Latino adults. The survey also shows that Latinos have pulled even with the general U.S. population in their views of their personal finances and continue to outpace them on optimism about the future. However, community economic indicators show limited progress since the Great Recession.\n\n---\n\n**Hispanics more confident in personal finances than in 2008, see better economic times ahead**\n\n% who say their personal financial situation is in excellent/good shape\n\n% who expect their family's financial situation to improve \"a lot\" or \"some\" in the next year\n\nNote: Shaded area marks the Great Recession, which ran from December 2007 to June 2009.\n\nSource: National Survey of Latinos conducted Oct. 21-Nov. 30, 2015; surveys conducted Dec. 8-13, 2015; Oct. 24-28, 2012; Sept. 12-16, 2012; Dec. 7-11, 2011; Dec. 3-8, 2008; Oct. 9-12, 2008; Aug. 5-10, 2004.\n\n*Latinos Increasingly Confident in Personal Finances, See Better Economic Times Ahead*\n\n**PEW RESEARCH CENTER**\n\n---\n\n1 The Great Recession lasted from December 2007 to June 2009, according to economists at the National Bureau of Economic Research."
    },
    "5": {
      "summary": "61% say they expect their family's financial situation to improve, up from 56% who said this in 2008.\n\nLatino adults also see upward mobility in their children's futures. Fully 72% say they expect their children will be better off financially than they themselves are now.<sup>2</sup>\n\nThese findings emerge from the 2015 National Survey of Latinos, a nationally representative bilingual telephone survey of 1,500 adults conducted on both landline and cellular telephones. It was fielded from Oct. 21 to Nov. 30, 2015, and has a margin of error of plus or minus 3.3 percentage points at the 95% confidence level.\n\nThe nation’s Latino population is its largest minority group, numbering 55.3 million in 2014. They are also one of its fastest-growing groups – the U.S. Latino population grew 57% between 2000 and 2014. With this fast demographic growth has come a growing impact on the nation’s economy. Between 2009 and 2013, Latinos accounted for 43.4% of total jobs growth, with U.S.-born Latinos driving most of that job growth. And the group’s purchasing power is on the rise. According to the University of Georgia’s Selig Center for Economic Growth, the purchasing power of the U.S. Latino community was $1.3 trillion in 2014, a gain of 155% since 2000 and higher than that of blacks ($1.1 trillion) and Asians ($770 billion).\n\n---\n\n<note>Note: Voluntearred responses of “Don’t have children/don’t plan to have children” and “Don’t know/refused” shown but not labeled.</note>\n\nSource: National Survey of Latinos conducted Oct. 21-Nov. 30, 2015.\n\n“Latinos Increasingly Confident in Personal Finances, See Better Economic Times Ahead”\n\n**Pew Research Center**\n\n<note>This finding is little changed from 2009, when 75% of Latino adults ages 26 and older said they expect their children will be better off financially than they themselves are.</note>"
    },
    "6": {
      "summary": "5\nPEW RESEARCH CENTER\n\n---\n\nDespite growing confidence and a larger economic footprint, federal government data shows a mixed economic picture for the Hispanic community recently. For example, the group's unemployment rate has improved since the Great Recession (just as it has for all Americans), falling from a high of 12.8% in the first quarter of 2010 to 6.4% in the last quarter of 2015 (and 5.6% in the first quarter of 2016). Still, it remains above its low of 5% in the fourth quarter of 2006 and is higher than that for non-Hispanic workers in the fourth quarter of 2015.\n\n---\n\n**U.S. Latino unemployment rate is declining, but remains above its 2006 low**\n\n*Quarterly unemployment rate Hispanic vs. non-Hispanic*\n\n| RECESSION | NON-HISPANIC |\n|---|---|\n| 14%    | 6.4    |\n| 12%    | 5.8%    |\n| 10%    | 3.8%    |\n| 8%    | 2    |\n| 6%    | 1    |\n| 4%    | 0    |\n| 2%    | 2005    | 2010    | 2015    |\n\nNote: Among those ages 16 and older. Estimates are seasonally adjusted. Shaded areas mark recessions. The Great Recession ran from December 2007 to June 2009. In 2001, a recession ran from March to November.\nSource: Pew Research Center tabulations of Bureau of Labor Statistics data.\n\"Latinos Increasingly Confident in Personal Finances, See Better Economic Times Ahead\"\n\n**PEW RESEARCH CENTER**\n\n---\n\nAt the same time, median household income for Hispanics has stagnated since the Great Recession—in 2014 it was $42,491, a level essentially unchanged since the Great Recession (income is also little changed among the U.S. public), according to the latest Census Bureau data. In addition, the same Census Bureau report shows that the Hispanic poverty rate – 23.6% in 2014 – is less than a peak of 26.5% in 2010 but remains above pre-recession levels (as it does for all Americans). On wealth, Hispanic households had the largest percentage decline in their net worth through 2009 of any major racial or ethnic group. Unlike white households, however, their net worth continued to fall after the recession."
    },
    "7": {
      "summary": "6\nPew Research Center\n\nNonetheless, Hispanics remain upbeat about national economic conditions. According to a December 2015 Pew Research Center survey of U.S. adults, 35% of Hispanics said economic conditions today are good or excellent, a higher share than among whites (25%). And the same survey shows that one-third of Hispanics (34%) say U.S. economic conditions will be better in the coming year, a share about twice as high as seen among other groups of Americans.\n\nLatinos lag behind U.S. public on income and wealth and have higher poverty rates\n\nReal median household income, Poverty rate in 2014 dollars\n\nMedian net worth of households, in 2013 dollars\n\nNote: Shaded areas mark recessions. The Great Recession was from December 2007 to June 2009. In 2001, a recession ran from March to November. The lines break after 2013 because the income question was redesigned.\nSource: For real median household income and the poverty rate, U.S. Census Bureau. For median net worth, Pew Research Center tabulations of the Survey of Consumer Finances public-use data.\n\"Latinos Increasingly Confident in Personal Finances, See Better Economic Times Ahead\"\n\nPew Research Center\n\nEconomic issues have long been among the top issues identified by Hispanics when asked about those that are more important to them personally. For example, in 2014, the issues of education and the economy and jobs were rated more important than health care and immigration among registered voters. And on such issues as the minimum wage, Hispanics are more likely than the general U.S. public to support an increase – 84% versus 73%, according to the Pew Research Center's December 2015 survey."
    },
    "8": {
      "summary": "7\nPEW RESEARCH CENTER\n\nAmong the report’s other findings:\n\n- In 2015, Latinos with some college experience or more (56%) and U.S.-born Latinos (50%) were most likely to say their personal financial situation is either excellent or good.\n- The lowest personal financial ratings in 2015 were among Latinos with less than a high school education and immigrant Latinos – 23% and 31%, respectively, say their personal finances are “excellent” or “good.”\n- Even though 59% of Hispanics ages 65 and older say they expect their family finances to improve in the next year, this is the lowest share among major Hispanic demographic subgroups.\n- Hispanics who say their personal finances in 2015 were “excellent” or “good” are more likely to say they expect an improvement in the next year compared with other Hispanics. Some 45% of those whose personal finances in 2015 were “excellent” expect their family’s finances to improve “a lot,” as do 30% of those who characterized their personal finances in 2015 as “good.”"
    },
    "9": {
      "summary": "8\nPEW RESEARCH CENTER\n\n---\n\n### 1. Latinos are increasingly positive about current finances, but many say family income is not keeping pace with cost of living\n\nThe share of Latinos who rate their personal finances as “excellent” or “good” has nearly doubled since the Great Recession, and this growing optimism extends across nearly all Latino demographic subgroups. However, half of Latinos say their family income is not keeping up with the cost of living.\n\n---\n\n### Views of current personal finances rebound\n\nOverall four-in-ten Hispanics say their personal financial situation is in “excellent” (8%) or “good” (33%) shape, according to the latest Pew Research Center National Survey of Latinos. Still, a substantial majority (59%) describe their financial condition as “only fair” (47%) or “poor” (12%).\n\nThe latest results contrast sharply with those in November 2008, in the midst of the Great Recession, when only 4% of Latinos reported that they were in excellent financial shape and 19% said their financial condition was good. At the other end of the financial spectrum, 30% rated their financial condition as poor in 2008 – more than double the share expressing that view in the latest survey.\n\nThe latest Hispanic survey also suggests that the share of Hispanics with a positive view of their pocketbook finances has essentially caught up to the general public: 43% of the general public versus 40% of Hispanics.\n\n---\n\n### Latino perceptions of personal finances rebound strongly since the recession\n\n% who say their personal financial situation is in \"excellent\" or \"good\" shape\n\n- **General public**\n  - 51%\n  - 40%\n  - 31%\n  - 23%\n  - 24%\n\n- **Hispanic**\n  - 38%\n  - 41%\n  - 23%\n  - 24%\n  - 20%\n\nNote: Shaded area marks the Great Recession, which ran from December 2007 to June 2009.\nSource: National Survey of Latinos conducted Oct. 21-Nov. 30, 2015; surveys conducted Dec. 8-13, 2015; Oct. 24-28, 2012; Dec. 7-11, 2011; Oct. 9-12, 2008; Aug. 5-10, 2004.\n“Latinos Increasingly Confident in Personal Finances, See Better Economic Times Ahead”\n\n**PEW RESEARCH CENTER**"
    },
    "10": {
      "summary": "9\n\nPew Research Center\n\ndescribe their personal finances as “excellent” or “good.”\n\nThe gap has closed significantly since 2008 when the difference between Latinos and the public stood at 18 percentage points (41% for all Americans and 23% of Latinos), roughly the same-sized gap as in earlier years.\n\nLooking back to before the recession reveals another striking difference between Hispanic economic perceptions and those of the U.S. population as a whole. Latino views of their financial situation are more positive now than they were in 2004, when roughly a third (31%) rated their financial condition as excellent or good. By contrast, the public’s view of its finances is lower now than in 2004, when about half (51%) had a positive view.\n\nMost key Latino demographic subgroups see gains in personal finance ratings since 2008\n\nAn analysis of 2008 and 2015 survey data finds that Latino perceptions of their economic well-being have increased among most major Latino demographic subgroups.\n\nYounger Hispanic adults tended to have bigger gains than older Hispanics.\n\nAbout half (48%) of Latinos ages 18 to 29 report that they were in excellent or good financial shape in 2015, a 27 percentage point increase from 2008 and more than double the share who had a similarly positive view of their\n\n---\n\n### Ratings of personal finances improve among most Latino groups\n\n% who say their personal financial situation is in \"excellent\" or \"good\" shape\n\n- **Change '08-'15**\n  - General population: +2 (+50)\n  - All Latinos: +17 (+43)\n\n- **2008**\n  - U.S. born: +17 (+33)\n  - Foreign born: +14 (+31)\n  - 2nd generation n/a: +46 (+46)\n  - 3rd generation or higher n/a: +53 (+53)\n  - Male: +40 (+24)\n  - Female: +41 (+22)\n  - Less than high school: +11 (+23)\n  - High school graduate: +39 (+23)\n  - Some college or more: +56 (+39)\n  - Ages 18-29: +21 (+36)\n  - 30-49: +22 (+36)\n  - 50-64: +26 (+40)\n  - 65 and older: +28 (+37)\n\nNote: Percentage point change calculated before rounding. Data for second- and third-generation Hispanics not available for 2008. Source: National Survey of Latinos conducted Oct. 21-Nov. 30, 2015; surveys conducted Dec. 8-13, 2015, and Oct. 9-12, 2008. *Latinos Increasingly Confident in Personal Finances, See Better Economic Times Ahead*\n\n**PEW RESEARCH CENTER**\n\nwww.pewresearch.org"
    },
    "11": {
      "summary": "10\n\nPew Research Center\n\n---\n\n### For many Latinos, family income is not keeping pace with the cost of living\n\nTwo other Pew Research Center surveys of U.S. adults conducted in 2014 and 2015 show that many Hispanics say their family income is falling behind the cost of living.\n\nIn 2015, about half (53%) of Latinos said their family income is not keeping up with the cost of living. Meanwhile, 37% said their income is staying about even with the cost of living, and 10% said it is going up faster than the cost of living. In 2015, blacks and whites held similar views as Hispanics on this issue.\n\n---\n\n### In 2015, half of Hispanic adults said their family income was falling behind the cost of living, unchanged from 2014\n\n% who say their family's income is ... the cost of living\n\n| Year | Percentage |\n|------|-------------|\n| 2015 | 53          |\n|      | White       |\n|      | Black      |\n|      | 49          |\n|      | 51          |\n|      | 37          |\n|      | 43          |\n|      | 7           |\n\n| Year | Percentage |\n|------|-------------|\n| 2014 | 53          |\n|      | White       |\n|      | Black      |\n|      | 59          |\n|      | 33          |\n|      | 7           |\n\nNote: Whites and blacks are non-Hispanic. Hispanics are of any race. Don't know/refused responses not shown.\n\nSource: Surveys conducted Dec. 8-13, 2015, and Jan. 15-19, 2014.\n\n*Latinos Increasingly Confident in Personal Finances, See Better Economic Times Ahead*\n\n---\n\n**Pew Research Center**\n\n---\n\nwww.pewresearch.org"
    },
    "12": {
      "summary": "11\nPEW RESEARCH CENTER\n\nBetween 2014 and 2015, Hispanic views of family income in relation to the cost of living were unchanged—about half of all Hispanic adults in both years said they were falling behind financially, as was true for the U.S. public as a whole.\n\nBy contrast, whites reported some improvement in their family income relative to the cost of living across the one-year time period. As a result, overall in 2015, the three racial and ethnic groups looked fairly similar on this measure."
    },
    "13": {
      "summary": "12\nPEW RESEARCH CENTER\n\n---\n\n### 2. Latinos are optimistic about their finances in the next year and upward economic mobility for their children\n\nMost Hispanics are confident their finances will improve in the next year and also see a bright financial future for their children. Those already prospering are the most likely to be optimistic in their expectations about the next year.\n\n#### Finances expected to improve in the next year\n\nLooking ahead, optimism about their family's future economic prospects has risen faster among Latinos than in the population as a whole. The share of Latinos who expect their family finances to improve “a lot” or “some” in the coming year is up 14 percentage points, from 67% in 2008 – during the Great Recession – and in 2011 to 81% in 2015. By contrast, the share of all Americans who share this optimistic view of their family's pocketbook prospects rose 6 percentage points to 61% during that time.\n\nThis analysis shows that all of the increase among Hispanics in perceptions about their family's finances has occurred since 2011 when, two years after the Great Recession officially ended, 67% of Latinos said they expected their finances to improve “a lot” or “some.” That share then grew by 6 percentage points to 73% in 2012, and now stands at 81%.\n\nAmong the general public, the share of all Americans with a similarly favorable view of their family's future finances rose by 3 percentage points from 2011 to 2015.\n\n#### Financial expectations rising faster among Hispanics since recession\n\n% who expect their family's financial situation to improve \"a lot\" or \"some\" in the next year\n\n| Year | Percentage |\n|------|-------------|\n| 2008 | 67           |\n| 2009 | 68           |\n| 2010 | 69           |\n| 2011 | 70           |\n| 2012 | 71           |\n| 2013 | 72           |\n| 2014 | 73           |\n| 2015 | 74           |\n\nSource: National Survey of Latinos conducted Oct. 21-Nov. 30, 2015; surveys conducted Dec. 8-13, 2015; Sept. 12-16, 2012; Dec. 7-11, 2011; Dec. 3-8, 2008; Aug. 5-10, 2004. *Latinos Increasingly Confident in Personal Finances, See Better Economic Times Ahead*\n\n**PEW RESEARCH CENTER**"
    },
    "14": {
      "summary": "2015 | 2008 | Change\n<table>General population61+6All Hispanics67+14Among HispanicsU.S. born81+14Foreign born67+142nd generation86n/a3rd generation or higher76n/aMale84+18Female77+11Less than high school77+11High school graduate80+9Some college or more85+20Ages 18-2990+1330-4983+1650-6473+1665 and older59+7</table>\n\nNote: Percentage point change calculated before rounding. Data for second- and third-generation Hispanics not available for 2008. Source: National Survey of Latinos conducted Oct. 21-Nov. 30, 2015; surveys conducted Dec. 8-13, 2015, and Dec. 3-8, 2008. \"Latinos Increasingly Confident in Personal Finances, See Better Economic Times Ahead\"\n\n**PEW RESEARCH CENTER**\n\n---\n\n**Since 2004, the Pew Research Center’s National Survey of Latinos has found that Latinos are consistently more optimistic about their next year’s finances than the general public. But the current 20 percentage point gap in financial expectations (81% for Latinos vs. 61% for the public) is the largest since the series began.**\n\n**Latinos’ financial optimism extends across most subgroups**\n\nLatinos are broadly optimistic about their economic prospects. Fully eight-in-ten Latinos (81%) say they expect their family’s financial situation will improve in the coming year, a 14 percentage point increase since 2008.\n\nThe 2015 reading includes 23% of Latinos who predict they will fare “a lot” better – the largest share of Hispanics to express this upbeat view since 2004 and an increase of 12 percentage points since December 2011. An additional 58% of Latinos expect “some” improvement in their family’s financial health.\n\nOnly one-in-ten say their finances will get “a lot” worse (3%) or “a little” worse (7%) in the year ahead, down from 16% in 2008 and a 12 percentage point decline from 2011, when 21% expressed a similarly pessimistic view.\n\nNearly all major demographic groups recorded some increase in economic optimism, but some groups gained more than others.\n\nAs with perceptions of their current financial condition, older Latinos were significantly less"
    },
    "15": {
      "summary": "14\nPEW RESEARCH CENTER\n\nunbeat about their short-term economic future than were younger and middle-aged Hispanics.\n\nAbout six-in-ten Latinos 65 years old or older (59%) say they expect their family’s finances to improve “a lot” or “some” in the coming year, an increase of 7 percentage points since 2008. By contrast, nine-in-ten Hispanic adults under the age of 30 expect their financial condition to get better, a 13-point rise. The gains in economic optimism are similarly large among Latinos ages 30 to 49 and 50 to 64 (+16 points for each group). Americans with more education fared better during the Great Recession and were the quickest to recover, a trend reflected in the changes in Latinos’ expectations for their family finances.\n\nAccording to the latest survey, those who had completed some college expressed somewhat more confidence in their economic future than those with less than a high school diploma; fully 85% of college-educated Latinos expect improvements in the year ahead compared with 80% of high school graduates and 77% of Latinos with less than a high school education.\n\nMoreover, economic optimism has grown roughly twice as fast since 2008 among Latinos who had completed some college (+20 percentage points) than among those with a high school diploma (+9) or less education (+11).\n\nTurning to other demographic groups, the latest survey finds that both Latino men (+18 points) and Latina women (+11) are more optimistic about their finances now than they were seven years ago. Among U.S.-born and immigrant Hispanics, hopeful views of their family’s finances rose by 14 percentage points to 81% in each group."
    },
    "16": {
      "summary": "15\nPEW RESEARCH CENTER\n\nViews of current finances color next year’s financial expectations\n\nHow Latinos say they are faring financially today is closely associated with how they predict they will do financially in the coming year, the latest Latino survey found.\n\nOverall, Hispanics with a positive view of their current financial situation are significantly more likely than those who rate their economic circumstances as only fair or poor to say their family's finances will improve over the next 12 months.\n\nAmong the 40% of Hispanics who say they are in excellent or good shape financially, a third believe that their family's financial situation will improve a lot in the next year while about half (56%) say they expect some advancement.\n\nBy contrast, only about 17% of those who say their current finances are in only fair shape and 15% of those who say their finances are in poor shape expect the next year to bring a major improvement in their finances.\n\nNote: Volunteered responses of “Stay the same” and “Don’t know/refused” not shown. No respondents who reported excellent financial condition said they expect their family’s finances to get a lot worse.\nSource: National Survey of Latinos conducted Oct. 21-Nov. 30, 2015.\n\"Latinos Increasingly Confident in Personal Finances, See Better Economic Times Ahead\"\n\nPEW RESEARCH CENTER"
    },
    "17": {
      "summary": "16\n\n<table>About the sameAbout the sameAbout the sameAbout the sameAbout the sameAbout the sameAbout the sameAbout the sameAbout the sameAbout the sameAbout the sameAbout the sameAbout the sameAbout the sameAbout the sameAbout the sameAbout the sameAbout the sameAbout the sameAbout the sameAbout the sameAbout the sameAbout the sameAbout the sameAbout the sameAbout the sameAbout the sameAbout the sameAbout the sameAbout the sameAbout the sameAbout the sameAbout the sameAbout the sameAbout the sameAbout the sameAbout the sameAbout the sameAbout the sameAbout the sameAbout the sameAbout the sameAbout the sameAbout the sameAbout the sameAbout the sameAbout the sameAbout the sameAbout the sameAbout the sameAbout the sameAbout the sameAbout the sameAbout the sameAbout the sameAbout the sameAbout the sameAbout the sameAbout the sameAbout the sameAbout the sameAbout the sameAbout the sameAbout the sameAbout the sameAbout the sameAbout the sameAbout the sameAbout the sameAbout the sameAbout the sameAbout the sameAbout the sameAbout the sameAbout the sameAbout the sameAbout the sameAbout the sameAbout the sameAbout the sameAbout the sameAbout the sameAbout the sameAbout the sameAbout the sameAbout the sameAbout the sameAbout the sameAbout the sameAbout the sameAbout the sameAbout the sameAbout the sameAbout the sameAbout the sameAbout the sameAbout the sameAbout the sameAbout the sameAbout the sameAbout the sameAbout the sameAbout the sameAbout the sameAbout the sameAbout the sameAbout the sameAbout the sameAbout the sameAbout the sameAbout the sameAbout the sameAbout the sameAbout the sameAbout the sameAbout the sameAbout the sameAbout the sameAbout the sameAbout the sameAbout the sameAbout the sameAbout the sameAbout the sameAbout the sameAbout the sameAbout the sameAbout the sameAbout the sameAbout the sameAbout the sameAbout the sameAbout the sameAbout the sameAbout the sameAbout the sameAbout the sameAbout the sameAbout the sameAbout the sameAbout the sameAbout the sameAbout the sameAbout the sameAbout the sameAbout the sameAbout the sameAbout the sameAbout the sameAbout the sameAbout the sameAbout the sameAbout the sameAbout the sameAbout the sameAbout the sameAbout the sameAbout the sameAbout the sameAbout the sameAbout the sameAbout the sameAbout the sameAbout the sameAbout the sameAbout the sameAbout the sameAbout the sameAbout the sameAbout the sameAbout the sameAbout the sameAbout the sameAbout the sameAbout the sameAbout the sameAbout the sameAbout the sameAbout the sameAbout the sameAbout the sameAbout the sameAbout the sameAbout the sameAbout the sameAbout the sameAbout the sameAbout the sameAbout the sameAbout the sameAbout the sameAbout the sameAbout the sameAbout the sameAbout the sameAbout the sameAbout the sameAbout the sameAbout the sameAbo"
    },
    "18": {
      "summary": "17\nPEW RESEARCH CENTER\n\nPewresearch.org/hispanic"
    },
    "19": {
      "summary": "18\nPEW RESEARCH CENTER\n\n---\n\n### Methodology\n\nResults for this study are based on telephone interviews conducted by SSRS, an independent research company, for the Pew Research Center among a nationally representative sample of 1,500 Latino respondents ages 18 and older. It was conducted on cellular and landline telephones from Oct. 21 through Nov. 30, 2015.\n\nFor the full sample, a total of 705 respondents were U.S. born (including Puerto Rico), and 795 were foreign born (excluding Puerto Rico). For results based on the total sample, one can say with 95% confidence that the error attributable to sampling is plus or minus 3.3 percentage points.\n\n---\n\n### 2015 National Survey of Latinos details\n\n| Sample size | Margin of error |\n|-------------|------------------|\n| Total Latinos | 1,500          |\n| U.S. born (incl. PR) | 705           |\n| Foreign born (excl. PR) | 795         |\n\n**PEW RESEARCH CENTER**\n\n---\n\nFor this survey, SSRS used a staff of bilingual English- and Spanish-speaking interviewers who, when contacting a household, were able to offer respondents the option of completing the survey in either language. A total of 679 respondents (45%) were surveyed in Spanish, and 821 respondents (55%) were interviewed in English. Any person ages 18 or older who said he or she was of Latino origin or descent was eligible to complete the survey.\n\nTo ensure the highest possible coverage of the eligible population, the study employed a dual-frame landline/cellular telephone design. The sample consisted of a landline sampling frame (1,051 interviews).<sup>4</sup> Both the landline and cellphone sampling frames used a stratified sampling design, oversampling areas with higher densities of Latino residents. Overall the study employed six strata. Landline and cellphone samples were provided by Marketing Systems Group (MSG).\n\nFor the landline sampling frame, the sample was compared with InfoUSA and Experian landline household databases, and phone numbers associated with households that included persons with known Latino surnames were subdivided into a surname stratum. The remaining, unmatched and"
    },
    "20": {
      "summary": "19\nPEW RESEARCH CENTER\n\n---\n\n### Interviews by Strata\n\n| Total Interviews | Landline Estimated % among U.S. Latino population | Cellphone Estimated % among U.S. Latino population |\n|-----------------|--------------------------------------------------|------------------------------------------------|\n| Surname         | 224 (50%)                                          | 630 (60%)                                           |\n| High            | 90 (20%)                                           | 263 (25%)                                           |\n| Medium          | 135 (30%)                                          | 158 (15%)                                           |\n| Low             | 449                                                   | 1,051                                               |\n\nNote: *Total Interviews* include the prescreened omnibus interviews that were not subject to geographic stratification. The estimated population breakdown is based on counts from the 2013 American Community Survey. The over- or under-sampling of strata was corrected in weighting.\n\n**PEW RESEARCH CENTER**"
    },
    "21": {
      "summary": "20\nPEW RESEARCH CENTER\n\nA multistage weighting procedure was used to ensure an accurate representation of the national Hispanic population.\n\n- An adjustment was made for all persons found to possess both a landline and a cellphone, as they were more likely to be sampled than were respondents who possessed only one phone type. This adjustment also took into account the different sampling rate in the landline and cellphone samples.\n\n- The sample was corrected for a potential bias associated with re-contacting previously interviewed respondents in low-incidence strata.\n\n- The sample was corrected for within-household selection in landline interviews, which depended upon the number of Latino adults living in the household.\n\n- The sample was corrected for the oversampling of telephone number exchanges known to have higher densities of Latinos and the corresponding undersampling of exchanges known to have lower densities of Latinos.\n\n- Finally, the data were put through a post-stratification sample balancing routine. The post-stratification weighting utilized estimates of the U.S. adult Hispanic population based on the 2013 U.S. Census Bureau’s American Community Survey, on gender, age, education, Census region, heritage and years in the U.S. Phone status of the U.S. adult Hispanic population (i.e., cellphone only, dual/landline only) is based on estimates from the January-June 2015 National Health Interview Survey conducted by the U.S. Centers for Disease Control and Prevention; the density of the Latino population is from the 2010 Census.\n\n- Weights are then trimmed to avoid any particular case having too much influence on the overall estimates."
    },
    "22": {
      "summary": "21\nPEW RESEARCH CENTER\n\nAppendix A: References\n\nBlumberg, Stephen J. and Julian V. Luke. 2016. “Wireless Substitution: Early Release of Estimates From the National Health Interview Survey, July-December 2015.” Hyattsville, Md.: National Center for Health Statistics, May. http://www.cdc.gov/nchs/data/nhis/earlyrelease/wireless201605.pdf\n\nDeNavas-Walt, Carmen and Bernadette D. Proctor. 2015. “Income and Poverty in the United States: 2014.” Washington, D.C.: U.S. Census Bureau, September. https://www.census.gov/content/dam/Census/library/publications/2015/demo/p60-252.pdf\n\nKochhar, Rakesh. 2014. “Latino Jobs Growth Driven by U.S. Born: Immigrants No Longer the Majority of Hispanic Workers.” Washington, D.C.: Pew Research Center, June. http://www.pewhispanic.org/2014/06/19/latino-jobs-growth-driven-by-u-s-born/\n\nKochhar, Rakesh and Richard Fry. 2014. “Wealth inequality has widened along racial, ethnic lines since end of the Great Recession.” Washington, D.C.: Pew Research Center, December. http://www.pewresearch.org/fact-tank/2014/12/12/racial-wealth-gaps-great-recession/\n\nKochhar, Rakesh, Richard Fry and Paul Taylor. 2011. “Wealth Gaps Rise to Record Highs Between Whites, Blacks, Hispanics.” Washington, D.C.: Pew Research Center, July. http://www.pewsocialtrends.org/2011/07/26/wealth-gaps-rise-to-record-highs-between-whites-blacks-hispanics/\n\nLopez, Mark Hugo, Ana Gonzalez-Barrera and Jens Manuel Krogstad. 2014. “Latino Support for Democrats Falls, but Democratic Advantage Remains.” Washington, D.C.: Pew Research Center, October. http://www.pewhispanic.org/2014/10/29/latino-support-for-democrats-falls-but-democratic-advantage-remains/\n\nNational Bureau of Economic Research. 2010. “US Business Cycle Expansions and Contractions.” Cambridge, Mass.: National Bureau of Economic Research, September. http://www.nber.org/cycles/cyclesmain.html\n\nPew Research Center. 2015. “As Election Year Nears, Public Sees Mixed Economic Picture: Less economic optimism, but fewer feel like they’re ‘falling behind.’” Washington, D.C.: December. http://www.people-press.org/2015/12/22/as-election-year-nears-public-sees-mixed-economic-picture/"
    },
    "23": {
      "summary": "22\nPew Research Center. 2014. “Most See Inequality Growing, but Partisans Differ Over Solutions.” Washington, D.C.: January. http://www.people-press.org/2014/01/23/most-see-inequality-growing-but-partisans-differ-over-solutions/\n\nPew Research Center. 2009. “Between Two Worlds: How Young Latinos Come of Age in America.” Washington, D.C.: December. http://www.pewhispanic.org/2009/12/11/between-two-worlds-how-young-latinos-come-of-age-in-america/\n\nStepler, Renee and Anna Brown. 2016. “Statistical Portrait of Hispanics in the United States.” Washington, D.C.: Pew Research Center, April. http://www.pewhispanic.org/2016/04/19/statistical-portrait-of-hispanics-in-the-united-states/\n\nWeeks, Matt. 2014. “Minorities energize U.S. consumer market, according to UGA Multicultural Economy report.” Athens, GA: Selig Center for Economic Growth, September. http://news.uga.edu/releases/article/multicultural-economy-report-2014/"
    }
  }
}
