{
  "doc_id": "PI_2018.11.19_algorithms_FINAL.pdf",
  "pages": {
    "1": {
      "summary": "1. Carefully read and analyze the page content.\n2. Identify the main topics, key points, and important details presented on the page.\n3. Note any tables, figures, charts, diagrams, or images on the page and briefly describe their content and purpose.\n4. Create a structured summary that captures:\n   - The essential textual information from the page\n   - Descriptions of any visual elements (tables, figures, images, etc.)\n   - Any particularly notable or unique information\n\nPlease follow these steps to create your summary:\n\n1. Carefully read and analyze the page content.\n2. Identify the main topics, key points, and important details presented on the page.\n3. Note any tables, figures, charts, diagrams, or images on the page and briefly describe their content and purpose.\n4. Create a structured summary that captures:\n   - The essential textual information from the page\n   - Descriptions of any visual elements (tables, figures, images, etc.)\n   - Any particularly notable or unique information\n\nPlease follow these steps to create your summary:\n\n1. Carefully read and analyze the page content.\n2. Identify the main topics, key points, and important details presented on the page.\n3. Note any tables, figures, charts, diagrams, or images on the page and briefly describe their content and purpose.\n4. Create a structured summary that captures:\n   - The essential textual information from the page\n   - Descriptions of any visual elements (tables, figures, images, etc.)\n   - Any particularly notable or unique information\n\nPlease follow these steps to create your summary:\n\n1. Carefully read and analyze the page content.\n2. Identify the main topics, key points, and important details presented on the page.\n3. Note any tables, figures, charts, diagrams, or images on the page and briefly describe their content and purpose.\n4. Create a structured summary that captures:\n   - The essential textual information from the page\n   - Descriptions of any visual elements (tables, figures, images, etc.)\n   - Any particularly notable or unique information\n\nPlease follow these steps to create your summary:\n\n1. Carefully read and analyze the page content.\n2. Identify the main topics, key points, and important details presented on the page.\n3. Note any tables, figures, charts, diagrams, or images on the page and briefly describe their content and purpose.\n4. Create a structured summary that captures:\n   - The essential textual information from the page\n   - Descriptions of any visual elements (tables, figures, images, etc.)\n   - Any particularly notable or unique information\n\nPlease follow these steps to create your summary:\n\n1. Carefully read and analyze the page content.\n2. Identify the main topics, key points, and important details presented on the page.\n3. Note any tables, figures, ch"
    },
    "2": {
      "summary": "1\nPew Research Center\n\n© Pew Research Center 2018"
    },
    "3": {
      "summary": "2\n\n**Public Attitudes Toward Computer Algorithms**\n\nAmericans express broad concerns over the fairness and effectiveness of computer programs making important decisions\n\nAlgorithms are all around us, utilizing massive stores of data and complex analytics to make decisions with often significant impacts on humans. They recommend books and movies for us to read and watch, surface news stories they think we might find relevant, estimate the likelihood that a tumor is cancerous and predict whether someone might be a criminal or a worthwhile credit risk. But despite the growing presence of algorithms in many aspects of daily life, a Pew Research Center survey of U.S. adults finds that the public is frequently skeptical of these tools when used in various real-life situations.\n\nThis skepticism spans several dimensions. At a broad level, 58% of Americans feel that computer programs will always reflect some level of human bias – although 40% think these programs can be designed in a way that is bias-free. And in various contexts, the public worries that these tools might violate privacy, fail to capture the nuance of complex situations, or simply put the people they are evaluating in an unfair situation. Public perceptions of algorithmic decision-making are also often highly contextual. The survey shows that otherwise similar technologies can be viewed with support or suspicion depending on the circumstances or on the tasks they are assigned to do.\n\nTo gauge the opinions of everyday Americans on this relatively complex and technical subject, the survey presented respondents with four different scenarios in which computers make decisions by collecting and analyzing large quantities of public and private data. Each of these scenarios were based on real-world examples of algorithmic decision-making (see accompanying sidebar) and included: a personal finance score used to offer consumers deals or discounts; a criminal risk assessment of people up for parole; an automated resume screening"
    },
    "4": {
      "summary": "3\nPEW RESEARCH CENTER\n\n---\n\n### The public expresses broad concerns about the fairness and acceptability of using computers for decision-making in situations with important real-world consequences\n\nBy and large, the public views these examples of algorithmic decision-making as unfair to the people the computer-based systems are evaluating. Most notably, only around one-third of Americans think that the video job interview and personal finance score algorithms would be fair to job applicants and consumers. When asked directly whether they think the use of these algorithms is acceptable, a majority of the public says that they are not acceptable. Two-thirds of Americans (68%) find the personal finance score algorithm unacceptable, and 67% say the computer-aided video job analysis algorithm is unacceptable.\n\n---\n\n### Majorities of Americans find it unacceptable to use algorithms to make decisions with real-world consequences for humans\n\n% of U.S. adults who say the following examples of algorithmic decision-making are ...\n\n| Unacceptable | Acceptable |\n|---------------|-------------|\n| Criminal risk assessment for people up for parole | 56 | 42 |\n| Automated resume screening of job applicants | 57 | 41 |\n| Automated video analysis of job interviews | 67 | 32 |\n| Personal finance score using many types of consumer data | 68 | 31 |\n\nNote: Respondents who did not give an answer are not shown.\nSource: Survey of U.S. adults conducted May 29-June 11, 2018.\n\"Public Attitudes Toward Computer Algorithms\"\n\n---\n\n### PEW RESEARCH CENTER\n\nThere are several themes driving concern among those who find these programs to be unacceptable. Some of the more prominent concerns mentioned in response to open-ended questions include the following:\n\n- They violate privacy. This is the top concern of those who find the personal finance score unacceptable, mentioned by 26% of such respondents."
    },
    "5": {
      "summary": "4\nPew Research Center\n\n---\n\n**Attitudes toward algorithmic decision-making can depend heavily on context**\n\nDespite the consistencies in some of these responses, the survey also highlights the ways in which Americans’ attitudes toward algorithmic decision-making can depend heavily on the context of those decisions and the characteristics of the people who might be affected.\n\nThis context dependence is especially notable in the public's contrasting attitudes toward the criminal risk score and personal finance score concepts. Similar shares of the population think these programs would be effective at doing the job they are supposed to do, with 54% thinking the personal finance score algorithm would do a good job at identifying people who would be good customers and 49% thinking the criminal risk score would be effective at identifying people who are deserving of parole. But a larger share of Americans think the criminal risk score would be fair to those it is analyzing. Half (50%) think this type of algorithm would be fair to people who are up for parole, but just 32% think the personal finance score concept would be fair to consumers.\n\nWhen it comes to the algorithms that underpin the social media environment, users’ comfort level with sharing their personal information also depends heavily on how and why their data are being used. A 75% majority of social media users say they would be comfortable sharing their data with those sites if it were used to recommend events they might like to attend. But that share falls to just 37% if their data are being used to deliver messages from political campaigns."
    },
    "6": {
      "summary": "5\n\nPEW RESEARCH CENTER\n\nAcross age groups, social media users are comfortable with their data being used to recommend events – but wary of that data being used for political messaging\n\n% of social media users who say it is acceptable for social media sites to use data about them and their online activities to ...\n\nRecommend events in their area\n\nRecommend someone they might want to know\n\nShow them ads for products and services\n\nShow them messages from political campaigns\n\nNote: Includes those saying it is “very” or “somewhat” acceptable for social media sites to do this. Respondents who did not give an answer or gave other answers are not shown.\nSource: Survey of U.S. adults conducted May 29-June 11, 2018.\n\"Public Attitudes Toward Computer Algorithms\"\n\nPEW RESEARCH CENTER\n\nSocial media users are exposed to a mix of positive and negative content on these sites\n\nAlgorithms shape the modern social media landscape in profound and ubiquitous ways. By determining the specific types of content that might be most appealing to any individual user based on his or her behaviors, they influence the media diets of millions of Americans. This has led to concerns that these sites are steering huge numbers of people toward content that is “engaging” simply because it makes them angry, inflames their emotions or otherwise serves as intellectual junk food.\n\nOn this front, the survey provides ample evidence that social media users are regularly exposed to potentially problematic or troubling content on these sites. Notably, 71% of social media users say they ever see content there that makes them angry – with 25% saying they see this sort of content frequently. By the same token, roughly six-in-ten users say they frequently encounter posts that are overly exaggerated (58%) or posts where people are making accusations or starting arguments without waiting until they have all the facts (59%).\n\nBut as is often true of users’ experiences on social media more broadly, these negative encounters are accompanied by more positive interactions. Although 25% of these users say they frequently encounter content that makes them feel angry, a comparable share (21%) says they frequently"
    },
    "7": {
      "summary": "6\nPew Research Center\n\nencounter content that makes them feel connected to others. And an even larger share (44%) reports frequently seeing content that makes them amused.\n\nSimilarly, social media users tend to be exposed to a mix of positive and negative behaviors from other users on these sites. Around half of users (54%) say they see an equal mix of people being mean or bullying and people being kind and supportive. The remaining users are split between those who see more meanness (21%) and kindness (24%) on these sites. And a majority of users (63%) say they see an equal mix of people trying to be deceptive and people trying to point out inaccurate information – with the remainder being evenly split between those who see more people spreading inaccuracies (18%) and more people trying to correct that behavior (17%).\n\n**Amusement, anger, connectedness top the emotions users frequently feel when using social media**\n\n% of social media users in each age group who say they frequently see content on social media that makes them feel ...\n\nNote: Respondents who did not give an answer or gave other answers are not shown. Source: Survey of U.S. adults conducted May 29-June 11, 2018. \"Public Attitudes Toward Computer Algorithms\"\n\n**PEW RESEARCH CENTER**\n\nOther key findings from this survey of 4,594 U.S. adults conducted May 29-June 11, 2018, include:\n\n- Public attitudes toward algorithmic decision-making can vary by factors related to race and ethnicity. Just 25% of whites think the personal finance score concept would be fair to consumers, but that share rises to 45% among blacks. By the same token, 61% of blacks think the criminal risk score concept is not fair to people up for parole, but that share falls to 49% among whites.\n- Roughly three-quarters of the public (74%) thinks the content people post on social media is not reflective of how society more broadly feels about important issues – although 25% think that social media does paint an accurate portrait of society."
    },
    "8": {
      "summary": "7\nPEW RESEARCH CENTER\n\n• Younger adults are twice as likely to say they frequently see content on social media that makes them feel amused (54%) as they are content that makes them feel angry (27%). But users ages 65 and older encounter these two types of content with more comparable frequency. The survey finds that 30% of older users frequently see content on social media that makes them feel amused, while 24% frequently see content that makes them feel angry."
    },
    "9": {
      "summary": "1. Attitudes toward algorithmic decision-making\nToday, many decisions that could be made by human beings – from interpreting medical images to recommending books or movies – can now be made by computer algorithms with advanced analytic capabilities and access to huge stores of data. The growing prevalence of these algorithms has led to widespread concerns about their impact on those who are affected by decisions they make. To proponents, these systems promise to increase accuracy and reduce human bias in important decisions. But others worry that many of these systems amount to “weapons of math destruction” that simply reinforce existing biases and disparities under the guise of algorithmic neutrality.\n\nMajority of Americans say computer programs will always reflect human bias; young adults are more split\n\n% of U.S. adults who say that ...\n\n| Category | Percentage |\n|----------|------------|\n| It is possible for computer programs to make decisions without human bias | 40 |\n| Computer programs will always reflect human bias of designers | 58 |\n| Total | 50 |\n| 18-29 | 43 |\n| 30-49 | 34 |\n| 50+ | 34 |\n\nNote: Respondents who did not give an answer are not shown. Source: Survey of U.S. adults conducted May 29-June 11, 2018. \"Public Attitudes Toward Computer Algorithms\"\n\nPew Research Center\n\nTo gain a deeper understanding of the public's views of algorithms, the survey asked respondents about their opinions of four examples in which computers use various personal and public data to make decisions with real-world impact for humans. They include examples of decisions being made by both public and private entities. They also include a mix of personal situations with direct relevance to a large share of Americans (such as being evaluated for a job) and those that might be more distant from many people’s lived experiences (like being evaluated for parole). And all four are based on real-life examples of technologies that are currently in use in various fields."
    },
    "10": {
      "summary": "9\nPEW RESEARCH CENTER\n\nThe specific scenarios in the survey include the following:\n\n- An automated personal finance score that collects and analyzes data from many different sources about people's behaviors and personal characteristics (not just their financial behaviors) to help businesses decide whether to offer them loans, special offers or other services.\n- A criminal risk assessment that collects data about people who are up for parole, compares that data with that of others who have been convicted of crimes, and assigns a score that helps decide whether they should be released from prison.\n- A program that analyzes videos of job interviews, compares interviewees' characteristics, behavior and answers to other successful employees, and gives them a score that can help businesses decide whether job candidates would be a good hire or not.\n- A computerized resume screening program that evaluates the contents of submitted resumes and only forwards those meeting a certain threshold score to a hiring manager for further review about reaching the next stage of the hiring process.\n\nFor each scenario, respondents were asked to indicate whether they think the program would be fair to the people being evaluated; if it would be effective at doing the job it is designed to do; and whether they think it is generally acceptable for companies or other entities to use these tools for the purposes outlined.\n\nBroad public concern about the fairness of these examples of algorithmic decision-making\n\n% of U.S. adults who think the following types of computer programs would be ___ to the people being evaluated\n\n| Not fair at all | Not very fair | Somewhat fair | Very fair |\n|------------------|---------------|--------------|-----------|\n| Automated scoring of people up for parole | 17 | 32 | 41 | 10 |\n| Automated resume screening of job applicants | 23 | 34 | 35 | 8 |\n| Automated video analysis of job interviews | 27 | 39 | 27 | 6 |\n| Automated personal finance score | 33 | 33 | 27 | 6 |\n\nNote: Respondents who did not give an answer are not shown.\nSource: Survey of U.S. adults conducted May 29-June 11, 2018.\n\"Public Attitudes Toward Computer Algorithms\"\n\nPEW RESEARCH CENTER"
    },
    "11": {
      "summary": "10\nPEW RESEARCH CENTER\n\n---\n\nThe public is mostly divided on whether these programs would be effective or not\n\nThe public is relatively split on whether these programs would be effective at doing the job they are designed to do. Some 54% think the personal finance score program would be effective at identifying good customers, while around half think the parole rating (49%) and resume screening (47%) algorithms would be effective. Meanwhile, 39% think the video job interview concept would be a good way to identify successful hires.\n\nFor the most part, people's views of the fairness and effectiveness of these programs go hand in hand. Similar shares of the public view these concepts as fair to those being judged, as say they would be effective at producing good decisions. But the personal finance score concept is a notable exception to this overall trend. Some 54% of Americans think this type of program would do a good job at helping businesses find new customers, but just 32% think it is fair for consumers to be judged in this way. That 22-percentage-point difference is by far the largest among the four different scenarios.\n\n---\n\n54% of Americans think automated finance scores would be effective – but just 32% think they would be fair\n\n% of U.S. adults who say the following types of computer programs would be very/somewhat ...\n\n| Program                                                                 | Effective | Fair | Effective-fair difference |\n|-------------------------------------------------------------------------|-----------|------|---------------------------|\n| Automated personal finance score                                    | 54%       | 32%  | +22                       |\n| Automated video analysis of job interviews                           | 39        | 33   | +6                         |\n| Automated resume screening of job applicants                        | 47        | 43   | +4                         |\n| Automated scoring of people up for parole                            | 49        | 50   | -1                         |\n\nNote: Respondents who did not give an answer or gave other answers are not shown.\nSource: Survey of U.S. adults conducted May 29-June 11, 2018.\n\"Public Attitudes Toward Computer Algorithms\"\n\n---\n\nPEW RESEARCH CENTER"
    },
    "12": {
      "summary": "11\nPEW RESEARCH CENTER\n\n---\n\n**Majorities of Americans think the use of these programs is unacceptable; concerns about data privacy, fairness and overall effectiveness highlight their list of worries**\n\nMajorities of the public think it is not acceptable for companies or other entities to use the concepts described in this survey. Most prominently, 68% of Americans think using the personal finance score concept is unacceptable, and 67% think it is unacceptable for companies to conduct computer-aided video analysis of interviews when hiring job candidates.\n\nThe survey asked respondents to describe in their own words why they feel these programs are acceptable or not, and certain themes emerged in these responses. Those who think these programs are acceptable often focus on the fact that they would be effective at doing the job they purport to do. Additionally, some argue in the case of private sector examples that the concepts simply represent the company’s prerogative or the free market at work.\n\nMeanwhile, those who find the use of these programs to be unacceptable often worry that they will not do as good a job as advertised. They also express concerns about the fairness of these programs and in some cases worry about the privacy implications of the data being collected and shared. The public reaction to each of these concepts is discussed in more detail below.\n\n**Automated personal finance score**\n\nAmong the 31% of Americans who think it would be acceptable for companies to use this type of program, the largest share of respondents (31%) feel it would be effective at helping companies find good customers. Smaller shares say customers have no right to complain about this practice since they are willingly putting their data out in public with their online activities (12%), or that companies can do what they want and/or that this is simply the free market at work (6%).\n\nHere are some samples of these responses:\n\n- “I believe that companies should be able to use an updated, modern effort to judge someone’s fiscal responsibility in ways other than if they pay their bills on time.” Man, 28\n- “Finances and financial situations are so complex now. A person might have a bad credit score due to a rough patch but doesn't spend frivolously, pays bills, etc. This person might benefit from an overall look at their trends. Alternately, a person who sides on trends in the opposite direction but has limited credit/good credit might not be a great choice for a company as their trends may indicate that they will default later.” Woman, 32\n- “[It’s] simple economics – if people want to put their info out there....well, sucks to be them.” Man, 29"
    },
    "13": {
      "summary": "12\n\nThe 68% of Americans who think it is unacceptable for companies to use this type of program cite three primary concerns. Around one-quarter (26%) argue that collecting this data violates people's privacy. One-in-five say that someone's online data does not accurately represent them as a person, while 9% make the related point that people's online habits and behaviors have nothing to do with their overall creditworthiness. And 15% feel that it is potentially unfair or discriminatory to rely on this type of score.\n\nHere are some samples of these responses:\n\n- \"Opaque algorithms can introduce biases even without intending to. This is more of an issue with criminal sentencing algorithms, but it can still lead to redlining and biases against\"\n\nNote: Verbs such as \"believe,\" \"think,\" \"say,\" \"feel,\" \"know,\" \"understand,\" \"agree,\" \"belong,\" \"consider,\" \"accept,\" \"use,\" \"have,\" \"need,\" \"want,\" \"like,\" \"love,\" \"hate,\" \"want,\" \"need,\" \"want,\" \"need,\" \"want,\" \"need,\" \"want,\" \"need,\" \"want,\" \"need,\" \"want,\" \"need,\" \"want,\" \"need,\" \"want,\" \"need,\" \"want,\" \"need,\" \"want,\" \"need,\" \"want,\" \"need,\" \"want,\" \"need,\" \"want,\" \"need,\" \"want,\" \"need,\" \"want,\" \"need,\" \"want,\" \"need,\" \"want,\" \"need,\" \"want,\" \"need,\" \"want,\" \"need,\" \"want,\" \"need,\" \"want,\" \"need,\" \"want,\" \"need,\" \"want,\" \"need,\" \"want,\" \"need,\" \"want,\" \"need,\" \"want,\" \"need,\" \"want,\" \"need,\" \"want,\" \"need,\" \"want,\" \"need,\" \"want,\" \"need,\" \"want,\" \"need,\" \"want,\" \"need,\" \"want,\" \"need,\" \"want,\" \"need,\" \"want,\" \"need,\" \"want,\" \"need,\" \"want,\" \"need,\" \"want,\" \"need,\" \"want,\" \"need,\" \"want,\" \"need,\" \"want,\" \"need,\" \"want,\" \"need,\" \"want,\" \"need,\" \"want,\" \"need,\" \"want,\" \"need,\" \"want,\" \"need,\" \"want,\" \"need,\" \"want,\" \"need,\" \"want,\" \"need,\" \"want,\" \"need,\" \"want,\" \"need,\" \"want,\" \"need,\" \"want,\" \"need,\" \"want,\" \"need,\" \"want,\" \"need,\" \"want,\" \"need,\" \"want,\" \"need,\" \"want,\" \"need,\" \"want,\" \"need,\" \"want,\" \"need,\" \"want,\" \"need,\" \"want,\" \"need,\" \"want,\" \"need,\" \"want,\" \"need,\" \"want,\" \"need,\" \"want,\" \"need,\" \"want,\" \"need,\" \"want,\" \"need,\" \"want,\" \"need,\" \"want,\" \"need,\" \"want,\" \"need,\" \"want,\" \"need,\" \"want,\" \"need,\" \"want,\" \"need,\" \"want,\" \"need,\" \"want,\" \"need,\" \"want,\" \"need,\" \"want,\" \"need,\" \"want,\" \"need,\" \"want,\" \"need,\" \"want,\" \"need,\" \"want,\" \"need,\" \"want,\" \"need,\" \"want,\" \"need,\" \"want,\" \"need,\" \"want,\" \"need,\" \"want,\" \"need,\" \"want,\" \"need,\" \"want,\" \"need,\" \"want,\" \"need,\" \"want,\" \"need,\" \"want,\" \"need,\" \"want,\" \"need,\" \"want,\" \"need,\" \"want,\" \"need,\" \"want,\" \"need,\" \"want,\" \"need,\" \"want,\" \"need,\" \"want,\" \"need,\" \"want,\" \"need,\" \"want,\" \"need,\" \"want,\" \"need,\" \"want,\" \"need,\" \"want,\" \"need,\" \"want,\" \"need,\" \"want,\" \"need,\" \"want,\" \"need,\" \"want,\" \"need,\" \"want,\" \"need,\" \"want,\" \"need,\" \"want,\" \"need,\" \"want,\" \"need,\" \"want,\" \"need,\" \"want,\" \"need,\" \"want,\" \"need,\" \"want,\" \"need,\" \"want,\" \"need,\" \"w"
    },
    "14": {
      "summary": "13\nPew Research Center\n\nminority communities. If they were improved to eliminate this I’d be more inclined to accept their use.” Man, 46\n\n- “It encroaches on someone’s ability to freely engage in activities online. It makes one want to hide what they are buying – whether it is a present for a friend or a book to read. Why should anyone have that kind of access to know my buying habits and take advantage of it in some way? That kind of monitoring just seems very archaic. I can understand why this would be done, from their point of view it helps to show what I as a customer would be interested in buying. But I feel that there should be a line of some kind, and this crosses that line.” Woman, 27\n\n- “I don’t think it is fair for companies to use my info without my permission, even if it would be a special offer that would interest me. It is like spying, not acceptable. It would also exclude people from receiving special offers that can’t or don’t use social media, including those from lower socioeconomic levels.” Woman, 63\n\n- “Algorithms are biased programs adhering to the views and beliefs of whomever is ordering and controlling the algorithm ... Someone has made a decision about the relevance of certain data and once embedded in a reviewing program becomes irrefutable gospel, whether it is a good indicator or not.” Man, 80\n\nAutomated criminal risk score\n\nThe 42% of Americans who think the use of this type of program is acceptable mention a range of reasons for feeling this way, with no single factor standing out from the others. Some 16% of these respondents think this type of program is acceptable because it would be effective or because it’s helpful for the justice system to have more information when making these decisions. A similar share (13%) thinks this type of program would be acceptable if it is just one part of the decision-making process, while one-in-ten think it would be fairer and less biased than the current system.\n\nIn some cases, respondents use very different arguments to support the same outcome. For instance, 9% of these respondents think this type of program is acceptable because it offers prisoners a second chance at being a productive member of society. But 6% support it because they think it would help protect the public by keeping potentially dangerous individuals in jail who might otherwise go free.\n\nSome examples:\n\n- “Prison and law enforcement officials have been doing this for hundreds of years already. It is common sense. Now that it has been identified and called a program or a process [that] does not change anything.” Man, 71"
    },
    "15": {
      "summary": "14\nPEW RESEARCH CENTER\n\n---\n\n### Concerns over criminal risk scores focus on lack of individual focus, people’s ability to change\n\n% of U.S. adults who say it is __ for the criminal justice system to use automated criminal risk scores\n\nAmong those who say acceptable, % who give these as the main reasons\n\nWould be effective 16%\nShould be one-but only one-factor 13\nWould be more fair/unbiased 10\nPeople deserve a second chance 9\nNeed to identify repeat offenders 6\nPeople can change in future 2\nNeed a human involved in the process 1\nUnfair/could result in bias or profiling 1\n\n---\n\n### Acceptable\n\nNot acceptable\n\n---\n\n### Not acceptable\n\n---\n\nNote: Verbatim responses have been coded into categories. Results may add to more than 100% because multiple responses were allowed. Respondents who did not give an answer or gave other answers are not shown.\n\nSource: Survey of U.S. adults conducted May 29-June 11, 2018.\n\"Public Attitudes Toward Computer Algorithms\"\n\n---\n\n### Pew Research Center\n\n**PEW RESEARCH CENTER**\n\n---\n\n### PEW RESEARCH CENTER\n\n---\n\n### PEW RESEARCH CENTER\n\n---\n\n### PEW RESEARCH CENTER\n\n---\n\n### PEW RESEARCH CENTER\n\n---\n\n### PEW RESEARCH CENTER\n\n---\n\n### PEW RESEARCH CENTER\n\n---\n\n### PEW RESEARCH CENTER\n\n---\n\n### PEW RESEARCH CENTER\n\n---\n\n### PEW RESEARCH CENTER\n\n---\n\n### PEW RESEARCH CENTER\n\n---\n\n### PEW RESEARCH CENTER\n\n---\n\n### PEW RESEARCH CENTER\n\n---\n\n### PEW RESEARCH CENTER\n\n---\n\n### PEW RESEARCH CENTER\n\n---\n\n### PEW RESEARCH CENTER\n\n---\n\n### PEW RESEARCH CENTER\n\n---\n\n### PEW RESEARCH CENTER\n\n---\n\n### PEW RESEARCH CENTER\n\n---\n\n### PEW RESEARCH CENTER\n\n---\n\n### PEW RESEARCH CENTER\n\n---\n\n### PEW RESEARCH CENTER\n\n---\n\n### PEW RESEARCH CENTER\n\n---\n\n### PEW RESEARCH CENTER\n\n---\n\n### PEW RESEARCH CENTER\n\n---\n\n### PEW RESEARCH CENTER\n\n---\n\n### PEW RESEARCH CENTER\n\n---\n\n### PEW RESEARCH CENTER\n\n---\n\n### PEW RESEARCH CENTER\n\n---\n\n### PEW RESEARCH CENTER\n\n---\n\n### PEW RESEARCH CENTER\n\n---\n\n### PEW RESEARCH CENTER\n\n---\n\n### PEW RESEARCH CENTER\n\n---\n\n### PEW RESEARCH CENTER\n\n---\n\n### PEW RESEARCH CENTER\n\n---\n\n### PEW RESEARCH CENTER\n\n---\n\n### PEW RESEARCH CENTER\n\n---\n\n### PEW RESEARCH CENTER\n\n---\n\n### PEW RESEARCH CENTER\n\n---\n\n### PEW RESEARCH CENTER\n\n---\n\n### PEW RESEARCH CENTER\n\n---\n\n### PEW RESEARCH CENTER\n\n---\n\n### PEW RESEARCH CENTER\n\n---\n\n### PEW RESEARCH CENTER\n\n---\n\n### PEW RESEARCH CENTER\n\n---\n\n### PEW RESEARCH CENTER\n\n---\n\n### PEW RESEARCH CENTER\n\n---\n\n### PEW RESEARCH CENTER\n\n---\n\n### PEW RESEARCH CENTER\n\n---\n\n### PEW RESEARCH CENTER\n\n---\n\n### PEW RESEARCH CENTER\n\n---\n\n### PEW RESEARCH CENTER\n\n---\n\n### PEW RESEARCH CENTER\n\n---\n\n### PEW RESEARCH CENTER\n\n---\n\n### PEW RESEARCH CENTER\n\n---\n\n### PEW RESEARCH CENTER\n\n---\n\n### PEW RESEARCH CENTER\n\n---\n\n### PEW RESEARCH CENTER\n\n---\n\n### PEW RESEARCH CENTER\n\n---\n\n### PEW RESEARCH CENTER\n\n---\n\n### P"
    },
    "16": {
      "summary": "15\nPEW RESEARCH CENTER\n\nThe 56% of Americans who think this type of program is not acceptable tend to focus on the efficacy of judging people in this manner. Some 26% of these responses argue that every individual or circumstance is different and that a computer program would have a hard time capturing these nuances. A similar share (25%) argues that this type of system precludes the possibility of personal growth or worries that the program might not have the best information about someone when making its assessment. And around one-in-ten worry about the lack of human involvement in the process (12%) or express concern that this system might result in unfair bias or profiling (9%).\n\nSome examples:\n\n- \"People should be looked at and judged as an individual, not based on some compilation of many others. We are all very different from one another even if we have the same interests or ideas or beliefs – we are an individual within the whole.” Woman, 71\n- “Two reasons: People can change, and data analysis can be wrong.” Woman, 63\n- “Because it seems like you’re determining a person’s future based on another person’s choices.” Woman, 46\n- “Information about populations are not transferable to individuals. Take BMI [body mass index] for instance. This measure was designed to predict heart disease in large populations but has been incorrectly applied for individuals. So, a 6-foot-tall bodybuilder who weighs 240 lbs is classified as morbidly obese because the measure is inaccurate. Therefore, information about recidivism of populations cannot be used to judge individual offenders.” Woman, 54\n- “Data collection is often flawed and difficult to correct. Algorithms do not reflect the soul. As a data scientist, I also know how often these are just wrong.” Man, 36\n\nVideo analysis of job candidates\n\nTwo themes stand out in the responses of the 32% of Americans who think it is acceptable to use this tool when hiring job candidates. Some 17% of these respondents think companies should have the right to hire however they see fit, while 16% think it is acceptable because it’s just one data point among many in the interview process. Another 9% think this type of analysis would be more objective than a traditional person-to-person interview.\n\nSome examples:\n\n- “All’s fair in commonly accepted business practices.” Man, 76\n- “They are analyzing your traits. I don’t have a problem with that.” Woman, 38\n- “Again, in this fast-paced world, with our mobile society and labor market, a semi-scientific tool bag is essential to stay competitive.” Man, 71"
    },
    "17": {
      "summary": "16\n\nThe provided text is a sample of a document containing various sections, including headings, subheadings, bullet points, and paragraphs. It appears to be an excerpt from a research paper or report, discussing the effectiveness of automated job interviews in human resource management. The text mentions various aspects such as the candidate's suitability for the job, the importance of communication skills, and the role of technology in enhancing interview outcomes. The document also includes a section titled \"Concerns over automated job interview analysis focus on fairness, effectiveness, lack of human involvement,\" which discusses the potential biases and limitations of automated systems in evaluating candidates' qualifications."
    },
    "18": {
      "summary": "17\nPEW RESEARCH CENTER\n\n• \"A person could be great in person but freeze during such an interview (on camera). Hire a person not a robot if you are wanting a person doing a job. Interviews as described should only be used for persons that live far away and can't come in and then only to narrow down the candidates for the job, then the last interview should require them to have a person to person interview.” Woman, 61\n• “Some people do not interview well, and a computer cannot evaluate a person’s personality and how they relate to other people.” Man, 75\n\nAutomated resume screening"
    },
    "19": {
      "summary": "18\nPEW RESEARCH CENTER\n\nThe 41% of Americans who think it is acceptable for companies to use this type of program give three major reasons for feeling this way. Around one-in-five (19%) find it acceptable because the company using the process would save a great deal of time and money. An identical share thinks it would be more accurate than screening resumes by hand, and 16% feel that companies can hire however they want to hire.\n\nSome examples:\n\n- \"Have you ever tried to sort through hundreds of applications? A program provides a non-partial means of evaluating applicants. It may not be perfect, but it is efficient.\" Woman, 65\n- \"While I wouldn’t do this for my company, I simply think it’s acceptable because private companies should be able to use whatever methods they want as long as they don’t illegally discriminate. I happen to think some potentially good candidates would be passed over using this method, but I wouldn’t say an organization shouldn’t be allowed to do it this way.” Man, 50\n- \"If it eliminates resumes that don’t meet criteria, it allows the hiring process\n\nConcerns over automated resume screening focus on fairness, lack of human involvement\n\nAmong those who say acceptable, % who give these as the main reasons\n\n<table>Saves time/money19%Would be more accurate19Companies can hire however they want16Removes human element from process6Would remove bias5OK as long as it’s not the whole process5Is not fair/may not get best person4Resumes are bad/system can be gamed2</table>\n\nAmong those who say NOT acceptable, % who give these as the main reasons\n\n<table>Removes human element from process36%Is not fair/may not get best person23Resumes are bad/system can be gamed16Would be more accurate1</table>\n\nNote: Verbatim responses have been coded into categories. Results may add to more than 100% because multiple responses were allowed. Respondents who did not give an answer or gave other answers are not shown.\n\nSource: Survey of U.S. adults conducted May 29-June 11, 2018. “Public Attitudes Toward Computer Algorithms”\n\nPEW RESEARCH CENTER"
    },
    "20": {
      "summary": "19\nPEW RESEARCH CENTER\n\nto be more efficient.” Woman, 43\n\nThose who find the process unacceptable similarly focus on three major themes. Around one-third (36%) worry that this type of process takes the human element out of hiring. Roughly one-quarter (23%) feel that this system is not fair or would not always get the best person for the job. And 16% worry that resumes are simply not a good way to choose job candidates and that people could game the system by putting in keywords that appeal to the algorithm.\n\nHere are some samples of these responses:\n\n- “Again, you are taking away the human component. What if a very qualified person couldn’t afford to have a professional resume writer do his/her resume? The computer would kick it out.” Woman, 72\n- “Companies will get only employees who use certain words, phrases, or whatever the parameters of the search are. They will miss good candidates and homogenize their workforce.” Woman, 48\n- “The likelihood that a program kicks a resume, and the human associated with it, for minor quirks in terminology grows. The best way to evaluate humans is with humans.” Man, 54\n- “It’s just like taking standardized school tests, such as the SAT, ACT, etc. There are teaching programs to help students learn how to take the exams and how to ‘practice’ with various examples. Therefore, the results are not really comparing the potential of all test takers, but rather gives a positive bias to those who spend the time and money learning how to take the test.” Man, 64"
    },
    "21": {
      "summary": "20\nPEW RESEARCH CENTER\n\n---\n\n### Most think social media does not accurately reflect society\n\n% of U.S. adults who say the content on social media provide an accurate picture of how society feels about important issues\n\nSource: Survey of U.S. adults conducted May 29-June 11, 2018. \"Public Attitudes Toward Computer Algorithms\"\n\n**PEW RESEARCH CENTER**\n\n---\n\nOn this score, a majority of Americans (74%) think the content people post on social media does not provide an accurate picture of how society feels about important issues, while one-quarter say it does. Certain groups of Americans are more likely than others to think that social media paints an accurate picture of society with large. Notably, blacks (37%) and Hispanics (35%) are more likely than whites (20%) to say this is the case. And the same is true of younger adults compared with their elders: 35% of 18- to 29-year-olds think that social media paints an accurate portrait of society, but that share drops to 19% among those ages 65 and older. Still, despite these differences, a majority of Americans across a wide range of demographic groups feel that social media is not representative of public opinion more broadly."
    },
    "22": {
      "summary": "21\n\nPew Research Center\n\nSocial media users frequently encounter content that sparks feelings of amusement but also see material that angers them\n\nWhen asked about six different emotions that they might experience due to the content they see on social media, the largest share of users (88% in total) say they see content on these sites that makes them feel amused. Amusement is also the emotion that the largest share of users (44%) frequently experience on these sites.\n\nNote: Respondents who did not give an answer or gave other answers are not shown. Source: Survey of U.S. adults conducted May 29-June 11, 2018. \"Public Attitudes Toward Computer Algorithms\"\n\nPew Research Center\n\nSocial media also leads many users to feel anger. A total of 71% of social media users report encountering content that makes them angry, and one-quarter see this type of content frequently. Similar shares say they encounter content that makes them feel connected (71%) or inspired (69%). Meanwhile, around half (49%) say they encounter content that makes them feel depressed, and 31% indicate that they at least sometimes see content that makes them feel lonely.\n\nIdentical shares of users across a range of age groups say they frequently encounter content on social media that makes them feel angry. But other emotions exhibit more variation based on age. Notably, younger adults are more likely than older adults to say they frequently encounter content on social media that makes them feel lonely. Some 15% of social media users ages 18 to 29 say this, compared with 7% of those ages 30 to 49 and just 4% of those 50 and older. Conversely, a relatively small share of older adults are frequently amused by content they see on social media. In fact, similar shares of social media users ages 65 and older say they frequently see content on these platforms that makes them feel amused (30%) and angry (24%).\n\nNote: Respondents who did not give an answer or gave other answers are not shown. Source: Survey of U.S. adults conducted May 29-June 11, 2018. \"Public Attitudes Toward Computer Algorithms\""
    },
    "23": {
      "summary": "22\nPEW RESEARCH CENTER\n\n---\n\n### Larger share of young social media users say these platforms frequently make them feel amused – but also lonely and depressed\n\n% of social media users in each age group who say they frequently see content on social media that makes them feel...\n\n| Ages | 65+ | 50-64 | 30-49 | 18-29 |\n|------|-----|-------|--------|-------|\n| Amused | 30% | 39     | 51     | 54    |\n\n| Angry | 23-24 | 25-27 |\n|-------|--------|--------|\n| Connected | 15-20 | 23-25 |\n| Inspired | 9-16 | 17-19 |\n| Depressed | 11-12 | 17 |\n| Lonely | 2-5 | 7-15 |\n\nNote: Respondents who did not give an answer or gave other answers are not shown.\nSource: Survey of U.S. adults conducted May 29-June 11, 2018.\n*Public Attitudes Toward Computer Algorithms*\n\n**PEW RESEARCH CENTER**\n\n---\n\n### Social media users frequently encounter people being overly dramatic or starting arguments before waiting for all the facts to emerge\n\nAlong with asking about the emotions social media platforms inspire in users, the survey also included a series of questions about how often social media users encounter certain types of behaviors and content. These findings indicate that users see two types of content especially frequently: posts that are overly dramatic or exaggerated (58% of users say they see this type of content frequently) and people making accusations or starting arguments without waiting until they have all the facts (59% see this frequently).\n\nA majority of social media users also say they at least sometimes encounter posts that appear to be about one thing but turn out to be about something else, as well as posts that teach them..."
    },
    "24": {
      "summary": "23\nPEW RESEARCH CENTER\n\n---\n\n**Majorties of social media users frequently see people engaging in drama and exaggeration, jumping into arguments without having all the facts**\n\n% of social media users who say they ___ see the following types of content on social media\n\n| Frequency | Sometimes | NET |\n|-----------|------------|-----|\n| Post that are overly dramatic or exaggerated | 58 | 31 | 88 |\n| People making accusations or starting arguments without having all the facts | 59 | 28 | 87 |\n| Posts that teach you something useful you hadn't known before | 21 | 57 | 79 |\n| Posts that appear to be about one thing but turn out to be about something else | 33 | 45 | 78 |\n\nNote: Respondents who did not give an answer or gave other answers are not shown. Source: Survey of U.S. adults conducted May 29-June 11, 2018. \"Public Attitudes Toward Computer Algorithms\"\n\n**PEW RESEARCH CENTER**"
    },
    "25": {
      "summary": "24% of social media users say they more often see _____ when using these sites\n\n| People being kind or supportive | Equal mix of both |\n|----------------------------------|-------------------|\n| Total 24%                          | 21                |\n| Men 29%                           | 17                |\n| Women 19%                           | 24                |\n\nNote: Respondents who did not give an answer are not shown.\nSource: Survey of U.S. adults conducted May 29-June 11, 2018.\n*Public Attitudes Toward Computer Algorithms*\n\n**PEW RESEARCH CENTER**\n\nWhen asked about the efforts they see other users making to spread – or correct – misinformation, around two-thirds of users (63%) say they generally see an even mix of people trying to be deceptive and people trying to point out inaccurate information. Similar shares more often see one of these behaviors than others, with 18% of users saying they more often see people trying to be deceptive and 17% saying they more often see people trying to point out inaccurate information. Men are around twice as likely as women to say they more often seeing people being deceptive on social media (24% vs. 13%). But majorities of both men (58%) and women (67%) see an equal mix of deceptiveness and attempts to correct misinformation."
    },
    "26": {
      "summary": "25\n\nThe vast quantities of data that social media companies possess about their users – including behaviors, likes, clicks and other information users provide about themselves – are ultimately what allows these platforms to deliver individually targeted content in an automated fashion. And this survey finds that users’ comfort level with this behavior is heavily context-dependent.\n\nThey are relatively accepting of their data being used for certain types of messages, but much less comfortable when it is used for other purposes.\n\nThree-quarters of social media users find it acceptable for those platforms to use data about them and their online behavior to recommend events in their area that they might be interested in, while a smaller majority (57%) thinks it is acceptable if their data are used to recommend other people they might want to be friends with.\n\nOn the other hand, users are somewhat less comfortable with these sites using their data to show advertisements for products or services. Around half (52%) think this behavior is acceptable, but a similar share (47%) finds it to be not acceptable – and the share that finds it not at all acceptable (21%) is roughly double the share who finds it very acceptable (11%). Meanwhile, a substantial majority of users think it is not acceptable for social media platforms to use their data to deliver messages from political campaigns – and 31% say this is not acceptable at all.\n\nRelatively sizable majorities of users across a range of age groups think it is acceptable for social media sites to use their data to show them events happening in their area. And majorities of users across a range of age categories feel it is not acceptable for social platforms to use their data to serve them ads from political campaigns."
    },
    "27": {
      "summary": "26\nPew Research Center\n\n---\n\n**Social media users from a range of age groups are wary of their data being used to deliver political messages**\n\n% of social media users who say it is acceptable for social media sites to use data about them and their online activities to ...\n\n| Recommendation events in their area | Ages 65+ | 50-64 | 18-29 | 30-49 |\n|----------------------------------------|---------|-------|--------|-------|\n| Recommend someone they might want to know | 36      | 53     | 66     | 67    |\n\nShow them ads for products and services\n\n| Recommendation events in their area | Ages 65+ | 50-64 | 18-29 | 30-49 |\n|----------------------------------------|---------|-------|--------|-------|\n| Show them messages from political campaigns | 31     | 35     | 38     | 40    |\n\nNote: Includes those saying it is \"very\" or \"somewhat\" acceptable for social media sites to do this. Respondents who did not give an answer or gave other answers are not shown.\n\nSource: Survey of U.S. adults conducted May 29-June 11, 2018.\n\n*Public Attitudes Toward Computer Algorithms*\n\n**PEW RESEARCH CENTER**\n\nBeyond using their personal data in these specific ways, social media users express consistent and pronounced opposition to these platforms changing their sites in certain ways for some users but not others. Roughly eight-in-ten social media users think it is unacceptable for these platforms to do things like remind some users but not others to vote on election day (82%), or to show some users more of their friends’ happy posts and fewer of their sad posts (78%). And even the standard A/B testing that most platforms engage in on a continuous basis is viewed with much suspicion by users: 78% of users think it is unacceptable for social platforms to change the look and feel of their site for some users but not others.\n\nOlder users are overwhelmingly opposed to these interventions. But even among younger users, large shares find them problematic even in their most common forms. For instance, 71% of social media users ages 18 to 29 say it is unacceptable for these sites to change the look and feel for some users but not others."
    },
    "28": {
      "summary": "27\nPEW RESEARCH CENTER\n\nAcknowledgements\nThis report is a collaborative effort based on the input and analysis of the following individuals. Find related reports online at pewresearch.org/internet.\n\nPrimary researchers\nAaron Smith, Associate Director, Research\n\nResearch team\nLee Rainie, Director, Internet and Technology Research\nKenneth Olmstead, Research Associate\nJingjing Jiang, Research Analyst\nAndrew Perrin, Research Analyst\nPaul Hitlin, Senior Researcher\nMeg Hefferon, Research Analyst\n\nEditorial and graphic design\nMargaret Porteus, Information Graphics Designer\nTravis Mitchell, Copy Editor\n\nCommunications and web publishing\nHaley Nolan, Communications Assistant\nSara Atske, Assistant Digital Producer"
    },
    "29": {
      "summary": "28\nPew Research Center\n\n---\n\nThe American Trends Panel Survey Methodology\n\nThe American Trends Panel (ATP), created by Pew Research Center, is a nationally representative panel of randomly selected U.S. adults recruited from landline and cellphone random-digit-dial (RDD) surveys. Panelists participate via monthly self-administered web surveys. Panelists who do not have internet access are provided with a tablet and wireless internet connection. The panel is being managed by GfK.\n\nData in this report are drawn from the panel wave conducted May 29-June 11, 2018, among 4,594 respondents. The margin of sampling error for the full sample of 4,594 respondents is plus or minus 2.4 percentage points.\n\nMembers of the American Trends Panel were recruited from several large, national landline and cellphone RDD surveys conducted in English and Spanish. At the end of each survey, respondents were invited to join the panel. The first group of panelists was recruited from the 2014 Political Polarization and Typology Survey, conducted Jan. 23 to March 16, 2014. Of the 10,013 adults interviewed, 9,809 were invited to take part in the panel and a total of 5,338 agreed to participate.¹ The second group of panelists was recruited from the 2015 Pew Research Center Survey on Government, conducted Aug. 27 to Oct. 4, 2015. Of the 6,004 adults interviewed, all were invited to join the panel, and 2,976 agreed to participate.² The third group of panelists was recruited from a survey conducted April 25 to June 4, 2017. Of the 5,012 adults interviewed in the survey or pretest, 3,905 were invited to take part in the panel and a total of 1,628 agreed to participate.³\n\nThe ATP data were weighted in a multistep process that begins with a base weight incorporating the respondents’ original survey selection probability and the fact that in 2014 some panelists were subsampled for invitation to the panel. Next, an adjustment was made for the fact that the propensity to join the panel and remain an active panelist varied across different groups in the sample. The final step in the weighting uses an iterative technique that aligns the sample to population benchmarks on a number of dimensions. Gender, age, education, race, Hispanic origin and region parameters come from the U.S. Census Bureau’s 2016 American Community Survey. The county-level population density parameter (deciles) comes from the 2010 U.S. decennial census. The telephone service benchmark comes from the July-December 2016 National Health\n\n---\n\n¹ When data collection for the 2014 Political Polarization and Typology Survey began, non-internet users were subsampled at a rate of 25%, but a decision was made shortly thereafter to invite all non-internet users to join. In total, 83% of non-internet users were invited to join the "
    },
    "30": {
      "summary": "29\nPew Research Center\n\nInterview Survey and is projected to 2017. The volunteerism benchmark comes from the 2015 Current Population Survey Volunteer Supplement. The party affiliation benchmark is the average of the three most recent Pew Research Center general public telephone surveys. The internet access benchmark comes from the 2017 ATP Panel Refresh Survey. Respondents who did not previously have internet access are treated as not having internet access for weighting purposes. Sampling errors and statistical tests of significance take into account the effect of weighting. Interviews are conducted in both English and Spanish, but the Hispanic sample in the ATP is predominantly native born and English speaking.\n\nThe following table shows the unweighted sample sizes and the error attributable to sampling that would be expected at the 95% level of confidence for different groups in the survey:\n\n| Group | Unweighted sample size | Plus or minus ... |\n|-------|--------------------------|-------------------|\n|       |                          |                   |\n| 18-29 | 469                     | 7.5 percentage points |\n| 30-49 | 1,343                   | 4.4 percentage points |\n| 50-64 | 1,451                   | 4.3 percentage points |\n| 65+   | 1,326                   | 4.5 percentage points |\n\nSample sizes and sampling errors for other subgroups are available upon request.\n\nIn addition to sampling error, one should bear in mind that question wording and practical difficulties in conducting surveys can introduce error or bias into the findings of opinion polls.\n\nThe May 2018 wave had a response rate of 84 % (4,594 responses among 5,486 individuals in the panel). Taking account of the combined, weighted response rate for the recruitment surveys (10.0%) and attrition from panel members who were removed at their request or for inactivity, the cumulative response rate for the wave is 2.4%.⁴\n\n© Pew Research Center, 2018\n\n---\n\n4 Approximately once per year, panelists who have not participated in multiple consecutive waves are removed from the panel. These cases are counted in the denominator of cumulative response rates."
    }
  }
}
