{
  "doc_id": "PIP_Seniors-and-Tech-Use_040314.pdf",
  "pages": {
    "1": {
      "summary": "202.419.4500\nwww.pewresearch.org"
    },
    "2": {
      "summary": "1\n\nThe provided code snippet is an example of how you might format the summary using HTML tags. Adjust the formatting based on your specific requirements and the style guide you are following."
    },
    "3": {
      "summary": "2\n\n**Younger, higher-income, and more highly educated seniors use the internet and broadband at rates approaching—or even exceeding—the general population; internet use and broadband adoption each drop off dramatically around age 75**\n\nSeniors, like any other demographic group, are not monolithic, and there are important distinctions in their tech adoption patterns, beginning with age itself. Internet use and broadband adoption among seniors each fall off notably starting at approximately age 75. Some 68% of Americans in their early 70s go online, and 55% have broadband at home. By contrast, internet adoption falls to 47% and broadband adoption falls to 34% among 75-79 year olds.\n\nIn addition, affluent and well-educated seniors adopt the internet and broadband at substantially higher rates than those with lower levels of income and educational attainment:\n\n- Among seniors with an annual household income of $75,000 or more, 90% go online and 82% have broadband at home. For seniors earning less than $30,000 annually, 39% go online and 25% have broadband at home.\n- Fully 87% of seniors with a college degree go online, and 76% are broadband adopters. Among seniors who have not attended college, 40% go online and just 27% have broadband at home.\n\nPew Research Center’s Internet Project July 18-September 30, 2013 tracking survey.\n\n**Pew RESEARCH CENTER**\n\n**Older adults face a number of hurdles to adopting new technologies**\n\nOlder adults face several unique barriers and challenges when it comes to adopting new technologies. These include:\n\n**Physical challenges to using technology:** Many seniors have physical conditions or health issues that make it difficult to use new technologies. Around two in five seniors indicate that they have a “physical or health condition that makes reading difficult or challenging” or a “disability, handicap, or chronic disease that prevents them from fully participating in many common daily"
    },
    "4": {
      "summary": "3\n\nThe provided code snippet is an example of how to extract and describe the main content, tables, figures, and images from a document using HTML. You can modify this code to suit your specific requirements."
    },
    "5": {
      "summary": "4\n\nThe image displays a bar chart comparing the number of seniors who own tablets or e-books in various age groups. The x-axis represents the age groups, while the y-axis represents the percentage of seniors owning each type of device. The bars are color-coded to differentiate between tablets and e-books. The chart indicates that the majority of seniors aged 65 and older own tablets, with a significant percentage owning both devices."
    },
    "6": {
      "summary": "27% of older adults use social networking sites such as Facebook, but these users socialize more frequently with others compared with non-SNS users\n\nToday 46% of online seniors (representing 27% of the total older adult population) use social networking sites such as Facebook, and these social network adopters have more persistent social connections with the people they care about.\n\nSome 81% of older adults who use social networking sites say that they socialize with others (either in person, online, or over the telephone) on a daily or near-daily basis. Among older adults who go online but do not use social networking sites, that figure is 71%; and for those who are not online at all, it is 63%.\n\nAbout this survey\n\nThe findings in this report are based on data from telephone interviews conducted by Princeton Survey Research Associates International from July 18 to September 30, 2013, among a sample of 6,010 adults ages 18 and older. Telephone interviews were conducted in English and Spanish by landline and cell phone. The margin of error for those ages 65 or older (n=1,526) is plus or minus 2.9 percentage points. Base sizes and margins of error for the subgroups of the senior population discussed throughout this report can be found in the Methods section.\n\nAbout Pew Research Center\n\nPew Research Center is a nonpartisan fact tank that informs the public about the issues, attitudes and trends shaping America and the world. It does not take policy positions. It conducts public opinion polling, demographic research, media content analysis and other empirical social science research. The center studies U.S. politics and policy views; media and journalism; internet and technology; religion and public life; Hispanic trends; global attitudes and U.S. social and demographic trends. All of the center’s reports are available at www.pewresearch.org. Pew Research Center is a subsidiary of The Pew Charitable Trusts.\n\n© Pew Research Center 2014"
    },
    "7": {
      "summary": "6\nPEW RESEARCH CENTER\n\nUsage and Adoption\n\nInternet and broadband adoption rates among seniors are steadily increasing, but still well below the national average\n\nSix in ten seniors—59%—report using the internet. This is a six percentage point year-over-year increase from the 53% of older adults who went online at a similar point in 2012. Five years ago in May 2008, just 35% of older adults were internet users. However, usage rates among seniors still trail the population as a whole by a substantial margin, as some 86% of all U.S. adults now go online.\n\nThe story with broadband adoption is similar. Today 47% of seniors have a high-speed internet connection at home, up from the 39% of seniors with broadband in May 2012, but significantly below the current national broadband adoption rate of 70%. At the same time, broadband adoption among older adults has more than doubled over a five-year period: in May 2008 just 19% of seniors were broadband adopters.\n\nYounger, higher-income, and more highly educated seniors use the internet and broadband at rates approaching the general population\n\nDespite these low overall levels of usage as a group, certain portions of the senior population have internet and broadband adoption rates that are equal to—or in some cases greater than—rates among the general public. Three particular types of seniors tend to stand out in this regard:\n\n- **Those in their mid-to late-60s**—74% of seniors in the 65-69 age group go online, and 65% have broadband at home.\n- **Higher-income seniors**—Among seniors with an annual household income of $75,000 or more, fully 90% go online and 82% have broadband at home."
    },
    "8": {
      "summary": "7\n\n<table>Go onlineBroadband at homeTotal for all 65+59%47%Age65-69746570-74685575-79473480+3721EducationHigh school grad or less4027Some college6957College graduate8776Household Income<$30,0003925$30,000-$49,9996351$50,000-$74,9998673$75,000+9082</table>\n\nPew Research Center's Internet Project July 18-September 30, 2013 tracking survey.\n\nPew RESEARCH CENTER\n\nMobile adoption: A substantial majority of seniors now own cell phones, but smartphones remain rare within the 65-and-older population\n\nFully 77% of seniors are now cell phone owners. This trails the national average—91% of all Americans own a cell phone—but represents a significant year-to-year increase over the 69% of seniors who owned a cell phone in April 2012. More notably, cell phones are now owned by a majority of seniors in every major demographic subcategory. Even among the oldest seniors (those 80 years of age or older, just 37% of whom use the internet), cell phone adoption sits at 61%.\n\nBut even as cell phones are becoming more common among seniors, smartphones have yet to catch on with all but small pockets of the older adult population. Just 18% of seniors are smartphone adopters (this is well below the national adoption rate of 55%) and their rate of smartphone adoption has been growing at a relatively modest pace. Since the Pew Research Center first began tracking data on smartphone ownership in May 2011, smartphone adoption nationally"
    },
    "9": {
      "summary": "8\n\nThe cell phone ownership among seniors in the US has increased by 20 percentage points—from 35% to 55% of American adults—but adoption levels among seniors have increased by just seven percentage points, from 11% to 18%.\n\nSmartphone ownership is fairly low along the entire age spectrum of the older adult population, but decreases substantially for seniors in their mid-70s (10% of 75-79 year olds own a smartphone), and becomes nearly non-existent among seniors in their 80s and beyond (just 5% of those 80 and older are smartphone owners).\n\nEven the most affluent seniors (that is, those who live in a household with an annual income of $75,000 or more) have high levels of smartphone ownership by the standards of the older adult population but trail members of the general population at a similar income level. Some 42% of older adults at this income level are smartphone owners. This is more than double the rate among seniors as a whole, but roughly half the smartphone ownership rate among high-income adults within the general population, 76% of whom are smartphone adopters.\n\nAs is the case in the population as a whole, tablets and e-book readers are primarily “elite” devices among older adults\n\nSome 18% of seniors own an e-book reader, and an identical 18% own a tablet computer. Taken together, 27% of older adults own a tablet, an e-book reader, or both.\n\nE-book reader ownership levels among seniors are slightly lower than the national average (24% of all U.S. adults are e-book reader owners), while tablet ownership levels among seniors are around half the national average (34% of all U.S. adults are tablet owners)."
    },
    "10": {
      "summary": "6% of online seniors use social networking sites, but just 6% use Twitter\n\nUsage of social networking sites by older Americans has been steadily increasing in recent years, but has not yet reached majority status—among older adults who use the internet, 46% use social networking sites such as Facebook, well below the national average of 73% of adult internet users. On a “total population” basis (that is, accounting for individuals who do not use the internet at all), 63% of all American adults, and 27% of all Americans ages 65 and older, are social networking site users."
    },
    "11": {
      "summary": "10\nPEW RESEARCH CENTER\n\nAs is the case for the online population as a whole, older women are more likely than older men to use social networking sites. Half (52%) of female internet users ages 65+ are social networking site adopters, compared with 39% of older men. Social networking site usage is also more common among the younger cohort of seniors, and adoption drops off dramatically after age 80. Some 54% of internet users ages 65-69 use social networking sites, compared with just 27% of internet users ages 80 and older.\n\nFewer adults use Twitter—just 6% of online seniors report doing so, compared with 19% of all adult internet users. In total, that means that just 3% of all American seniors are Twitter users.\n\nPew Research Center's Internet Project surveys.\n\nPEW RESEARCH CENTER"
    },
    "12": {
      "summary": "1. **Title**: \"Attitudes, Impacts, and Barriers to Adoption\"\n2. **Subtitle**: \"Many seniors face physical challenges to using new digital devices\"\n3. **Authors**: \"Pew Research Center's Internet Project\"\n4. **Date**: \"July 18, 2013\"\n5. **Source**: \"tracking survey\"\n6. **Page Number**: \"11\"\n7. **Section Title**: \"Older Adults and Technology\"\n8. **Paragraphs**:\n    - \"Not only do seniors use many common technologies at relatively low rates, they also face unique barriers and challenges to increasing those adoption levels.\"\n    - \"Physical or health conditions at home make it difficult for them to use technology.\"\n    - \"Disability, handicap, or chronic disease that prevents them from fully participating in many common daily activities.\"\n9. **Tables**:\n    - Table 1: \"Pew Research Center's Internet Project July 18-September 30, 2013 tracking survey.\"\n    - Table 2: \"Pew Research Center's Internet Project July 18-September 30, 2013 tracking survey.\"\n10. **Figures**:\n    - Figure 1: \"Pew Research Center's Internet Project July 18-September 30, 2013 tracking survey.\"\n    - Figure 2: \"Pew Research Center's Internet Project July 18-September 30, 2013 tracking survey.\"\n11. **Images**:\n    - Image 1: \"Pew Research Center's Internet Project July 18-September 30, 2013 tracking survey.\"\n    - Image 2: \"Pew Research Center's Internet Project July 18-September 30, 2013 tracking survey.\"\n12. **Footnotes**:\n    - Footnote 1: \"In previous Pew Research surveys on this subject, we have found that many seniors take a skeptical view towards the potential benefits of new technologies and their relevance to their lives. For example, a recent Pew Research study of smartphone adoption found that older adults were especially likely to cite a lack of need or relevance—as opposed to price—as the main reason why they have not upgraded from a basic cell phone to a smartphone.\"\n    - Footnote 2: \"We have previously reported that 75% of seniors live with a chronic health condition and have documented the role of technology in their lives (see http://www.pewinternet.org/2013/11/26/part-one-who-lives-with-chronic-conditions/). That study was based on a more expansive series of questions about specific health conditions (diabetes, high blood pressure, cancer, etc.), while this study defines 'physically challenged' seniors using the simpler, two-part set of questions noted above.\""
    },
    "13": {
      "summary": "12\nPew Research Center\n\njust eight percentage points lower than the 30% ownership rate among seniors who do not have any of these conditions.\n\n**Most older adults say they would need assistance learning how to use new devices and digital services**\n\nIn addition to the issues of health or disability discussed above, a substantial majority of seniors express trepidation about using new digital tools or devices without assistance. When asked how they would learn how to use a new technology device such as a tablet computer or smartphone if they wished to do so, only a small proportion of seniors—18%—express comfort with learning how to do so without assistance, while 77% indicate that they would need someone else to help them.\n\nNot surprisingly, this concern about “going it alone” with new technologies is especially acute among seniors with limited exposure to these devices. Among seniors who do not currently own a smartphone, a tablet computer, or an e-book reader, just 13% would feel comfortable attempting to use a new technology device without assistance. At the same time, even those with some level of exposure to technology express a fair amount of trepidation about branching out to new devices without assistance. Among older adults who do own one or more of the devices listed above, 29% would feel comfortable using new devices on their own—but 70% think they would need to ask for assistance.\n\nThis general discomfort with new technologies also extends to online communications platforms such as Facebook. Among seniors who do use the internet but do not currently use social networking sites such as Facebook or Twitter, 56% say they would require assistance if they wished to use these sites to connect with friends or family members. Just 24% of these seniors feel comfortable jumping into the social media environment without someone there to guide them (the other 20% of these non-SNS-users were unsure how they would react or were unable to answer the question). Older adults who currently use a social networking site of some kind have more confidence in their abilities: some 68% of these seniors would feel comfortable using social media on their own to connect with family or friends.\n\n**Once online, most seniors make the internet a daily part of their lives and view it in a positive light. Non-users are divided on the relative merits of going online.**\n\nAlthough seniors are less likely than the rest of the population to go online in the first place, once there they tend to make the internet a part of their daily routine. Among seniors who use the internet, 71% go online every day or almost every day and 11% go online three to five times per week. The subset of seniors who have a smartphone or a home broadband connection go online"
    },
    "14": {
      "summary": "13\nOlder Adults and Technology\n\nwith even greater frequency: 78% of older broadband users go online every day or almost every day, as do 84% of older smartphone owners.\n\nIn addition to using digital tools with some frequency, seniors who have integrated the internet and other digital technologies into their lives tend to view them as essential resources that positively impact their daily life. Fully 79% of older adults who use the internet agree (47% strongly) with the statement that “people without internet access are at a real disadvantage because of all the information they might be missing.” And 94% agree (77% strongly) with the statement that “the internet makes it much easier to find information today than in the past.”\n\nSeniors who do not currently go online, on the other hand, are much more divided when it comes to the benefits of technology. Half of these non-users (48%) agree that people lacking internet access are at a disadvantage and missing out on important information, with 25% agreeing strongly. But 35% of older non-internet users disagree with the assessment that they are missing out on important information—with 18% of them disagreeing strongly.\n\n**Many older non-internet users don’t think they are missing out on much**\n\n% of those 65 and older who agree with the statement: \"People without internet access are at a real disadvantage because of all the information they might be missing\"\n\n<table>Strongly agreeSomewhat agreeNeither agree nor disagreeSomewhat disagreeDisagreeInternet users2425314771Non-Users</table>\n\nPew Research Center's Internet Project July 18-September 30, 2013 tracking survey\n\n**PEW RESEARCH CENTER**\n\n**Old social networking site users socialize more frequently with friends and family members than do non-users.**\n\nFor a variety of reasons (such as physical distance from family members and/or lack of mobility) some older adults often have difficulty connecting with friends and family members in person. For these seniors, social networking sites can offer an additional venue for connection and socializing with others—and indeed, older adults who use social networking sites such as Facebook are more likely to regularly socialize with friends, whether online, in person, or over the telephone, compared with seniors who are not social networking site users. Some 81% of older adults who use social networking sites say they socialize with others on a daily or near-daily basis. Among older adults who go online but do not use social networking sites, that figure is 71%; and for those who are not online at all, it is 63%. And this correlation between social networking site use and"
    },
    "15": {
      "summary": "3 In previous studies of the general population, we have found that Facebook users are more trusting, get more support from their friends, and have a larger number of close relationships compared with non-Facebook users. See http://www.pewinternet.org/2011/06/16/social-networking-sites-and-our-lives/ for more details.\n\nwww.pewresearch.org"
    },
    "16": {
      "summary": "15\nOlder Adults and Technology\n\nAppendix—Detailed Demographic Tables\n\nInternet usage for older adults\n\n% of those 65 and older who use the internet or email\n\n| Category | Percentage |\n|----------|------------|\n| Total for all 65+ (n=1,526) | 59% |\n| Gender |            |\n| Male (n=612) | 65% |\n| Female (n=914) | 55% |\n| Age |            |\n| 65-69 (n=531) | 74% |\n| 70-74 (n=401) | 68% |\n| 75-79 (n=244) | 47% |\n| 80+ (n=350) | 37% |\n| Education |            |\n| High school grad or less (n=598) | 40% |\n| Some college (n=381) | 69% |\n| College graduate (n=537) | 87% |\n| Household Income |            |\n| <$30,000 (n=467) | 39% |\n| $30,000-$49,999 (n=282) | 63% |\n| $50,000-$74,999 (n=192) | 86% |\n| $75,000+ (n=274) | 90% |\n| Community Type |            |\n| Urban (n=413) | 60% |\n| Suburban (n=758) | 63% |\n| Rural (n=355) | 50% |\n\nPew Research Center's Internet Project July 18-September 30, 2013 tracking survey.\n\nNote: Columns marked with a * are superscript letter (*) or another letter indicate a statistically significant difference between that row and the row designated by that superscript letter. Statistical significance is determined inside the specific section covering each demographic trait.\n\nPEW RESEARCH CENTER"
    },
    "17": {
      "summary": "16\nPEW RESEARCH CENTER\n\nPew Research Center's Internet Project July 18-September 30, 2013 tracking survey.\n\nNote: Columns marked with a superscript letter (a) or another letter indicate a statistically significant difference between that row and the row designated by that superscript letter. Statistical significance is determined inside the specific section covering each demographic trait.\n\nPEW RESEARCH CENTER"
    },
    "18": {
      "summary": "17\nOlder Adults and Technology\n\n---\n\n**Cell phone ownership for older adults**\n\n% of those 65 and older who have a cell phone of some kind\n\n| Category | Percentage |\n|----------|------------|\n| Total for all 65+ (n=1,526) | 77% |\n| **Gender** |            |\n| a. Male (n=612) | 82° |\n| b. Female (n=914) | 73 |\n| **Age** |            |\n| a. 65-69 (n=531) | 84° |\n| b. 70-74 (n=401) | 72° |\n| c. 75-79 (n=244) | 61 |\n| d. 80+ (n=350) | 67 |\n| **Education** |            |\n| a. High school grad or less (n=598) | 70 |\n| b. Some college (n=381) | 80° |\n| c. College graduate (n=537) | 87° |\n| **Household Income** |            |\n| a. <$30,000 (n=467) | 67 |\n| b. $30,000-$49,999 (n=282) | 83° |\n| c. $50,000-$74,999 (n=192) | 88° |\n| d. $75,000+ (n=274) | 92° |\n| **Community Type** |            |\n| a. Urban (n=413) | 77° |\n| b. Suburban (n=758) | 80° |\n| c. Rural (n=355) | 69 |\n\nPew Research Center's Internet Project July 18-September 30, 2013 tracking survey.\n\nNote: Columns marked with a superscript letter (a) or another letter indicate a statistically significant difference between that row and the row designated by that superscript letter. Statistical significance is determined inside the specific section covering each demographic trait.\n\n**PEW RESEARCH CENTER**"
    },
    "19": {
      "summary": "18%"
    },
    "20": {
      "summary": "19\nTotal for all 65+ (n=1,526) 18%\nGender\na Male (n=612) 20\nb Female (n=914) 17\nAge\na 65-69 (n=531) 23d\nb 70-74 (n=401) 18d\nc 75-79 (n=244) 20d\nd 80+ (n=350) 9\nEducation\na High school grad or less (n=598) 11\nb Some college (n=381) 19a\nc College graduate (n=537) 31ab\nHousehold Income\na <$30,000 (n=467) 8\nb $30,000-$49,999 (n=282) 16a\nc $50,000-$74,999 (n=192) 28ab\nd $75,000+ (n=274) 39abc\nCommunity Type\na Urban (n=413) 20c\nb Suburban (n=758) 19\nc Rural (n=355) 14\n\nPew Research Center's Internet Project July 18-September 30, 2013 tracking survey.\n\nNote: Columns marked with a superscript letter (a) or another letter indicate a statistically significant difference between that row and the row designated by that superscript letter. Statistical significance is determined inside the specific section covering each demographic trait.\n\nPew Research Center"
    },
    "21": {
      "summary": "20\nPEW RESEARCH CENTER\n\nPew Research Center's Internet Project July 18-September 30, 2013 tracking survey.\n\nNote: Columns marked with a superscript letter (a) or another letter indicate a statistically significant difference between that row and the row designated by that superscript letter. Statistical significance is determined inside the specific section covering each demographic trait.\n\nPew Research Center"
    },
    "22": {
      "summary": "21\nOlder Adults and Technology\n\n---\n\n**Social networking site usage for older adults**\n\n% of those 65 and older who use social networking sites\n\n|                      | Based on internet users 65+ | Based on all adults 65+ |\n|----------------------|--------------------------|------------------------|\n| **All 65+**          | 46%                     | 27%                    |\n| **Gender**          |                          |                        |\n| a. Male             | 39                       | 25                     |\n| b. Female           | 52a                      | 29                     |\n| **Age**            |                          |                        |\n| a. 65-69            | 54bcd                   | 40bcd                  |\n| b. 70-74            | 42a                      | 29a                     |\n| c. 75-79            | 46a                      | 21a                     |\n| d. 80+              | 27                       | 10                      |\n| **Education**      |                          |                        |\n| a. High school grad or less | 44 | 18 |\n| b. Some college     | 44                      | 31a                     |\n| c. College graduate  | 48                      | 42ab                    |\n| **Household Income**|                          |                        |\n| a. <$30,000         | 41                      | 16                     |\n| b. $30,000-$49,999   | 47                      | 30a                     |\n| c. $50,000-$74,999   | 49                      | 42ab                    |\n| d. $75,000+          | 51                      | 46ab                    |\n| **Community Type**  |                          |                        |\n| a. Urban             | 47                      | 28                     |\n| b. Suburban          | 45                      | 28                     |\n| c. Rural             | 47                      | 23                     |\n\nPew Research Center's Internet Project July 18-September 30, 2013 tracking survey.\n\nNote: Columns marked with a superscript letter (a) or another letter indicate a statistically significant difference between that row and the row designated by that superscript letter. Statistical significance is determined inside the specific section covering each demographic trait.\n\n**PEW RESEARCH CENTER**\n\n---\n\nwww.pewresearch.org"
    },
    "23": {
      "summary": "22\nPEW RESEARCH CENTER\n\n---\n\n### Twitter usage for older adults\n\n% of those 65 and older who use Twitter\n\n|                      | Based on internet users 65+ | Based on all adults 65+ |\n|----------------------|--------------------------|------------------------|\n| **All 65+**          | 6%                       | 3%                     |\n| **Gender**          |                          |                        |\n| a. Male             | 6                       | 4                     |\n| b. Female           | 5                       | 3                     |\n| **Age**            |                          |                        |\n| a. 65-69            | 8<sup>id</sup>               | 6<sup>icd</sup>           |\n| b. 70-74            | 4                       | 3                     |\n| c. 75-79            | 4                       | 2                     |\n| d. 80+              | 4                       | 1                     |\n| **Education**      |                          |                        |\n| a. High school grad or less | 4 | 2 |\n| b. Some college     | 6                       | 4                     |\n| c. College graduate  | 7                       | 6<sup>a</sup>             |\n| **Household Income**|                          |                        |\n| a. <$30,000         | 9<sup>c</sup>                | 3                     |\n| b. $30,000-$49,999  | 4                       | 3                     |\n| c. $50,000-$74,999  | 3                       | 2                     |\n| d. $75,000+          | 8<sup>c</sup>                | 7<sup>bc</sup>            |\n| **Community Type**  |                          |                        |\n| a. Urban             | 6                       | 4                     |\n| b. Suburban          | 6                       | 4<sup>c</sup>             |\n| c. Rural             | 3                       | 1                     |\n\nPew Research Center's Internet Project July 18-September 30, 2013 tracking survey.\n\nNote: Columns marked with a superscript letter (<sup>) or another letter indicate a statistically significant difference between that row and the row designated by that superscript letter. Statistical significance is determined inside the specific section covering each demographic trait.\n\n**PEW RESEARCH CENTER**\n\n---\n\nwww.pewresearch.org"
    },
    "24": {
      "summary": "23\nOlder Adults and Technology\n\n---\n\n### Methods\n\nThe Pew Research Center Library Survey, sponsored by the Pew Research Center’s Internet & American Life Project and the Gates Foundation, obtained telephone interviews with a nationally representative sample of 6,224 people ages 16 and older living in the United States. Interviews were conducted via landline (nLL=3,122) and cell phone (nC=3,102, including 1,588 without a landline phone). The survey was conducted by Princeton Survey Research Associates International. The interviews were administered in English and Spanish by Princeton Data Source from July 18 to September 30, 2013. Statistical results are weighted to correct known demographic discrepancies. The margin of sampling error for results based on the complete set of weighted data is ±1.4 percentage points. Results based on the 5,320 internet users have a margin of sampling error of ±1.5 percentage points.\n\nA combination of landline and cellular random digit dial (RDD) samples was used to represent all adults in the United States who have access to either a landline or cellular telephone. Both samples were provided by Survey Sampling International, LLC (SSI) according to PSRAI specifications. Numbers for the landline sample were drawn with probabilities in proportion to their share of listed telephone households from active blocks (area code + exchange + two-digit block number) that contained three or more residential directory listings. The cellular sample was not list-assisted, but was drawn through a systematic sampling from dedicated wireless 100-blocks and shared service 100-blocks with no directory-listed landline numbers.\n\n---\n\n**Sample sizes and margins of error for older adults**\n\nBased on adults ages 65 and older\n\n| Sample size | Unweighted sample size | Plus or minus... |\n|-------------|--------------------------|----------------|\n| All 65+      | 1,526                    | 2.9 percentage point |\n| Men         | 612                     | 4.6 ppt           |\n| Women       | 914                     | 3.8 ppt           |\n| 65-69        | 531                     | 5.0 ppt           |\n| 70-74        | 401                     | 5.7 ppt           |\n| 75-79        | 244                     | 7.3 ppt           |\n| 80+          | 350                     | 6.1 ppt           |\n| HS Grad or less | 598                  | 4.7 ppt           |\n| Some college  | 381                     | 5.8 ppt           |\n| College grad | 537                     | 4.9 ppt           |\n| <$30,000 HH income | 467              | 5.3 ppt           |\n| $30,000-$50,000 | 282               | 6.8 ppt           |\n| $50,000-$74,999 | 192               | 8.2 ppt           |\n| $75,000 or more | 274               | 6.9 ppt           |\n| Urban        | 413                     | 5"
    },
    "25": {
      "summary": "24\nPEW RESEARCH CENTER\n\n---\n\n**Interviewers were conducted from July 18 to September 30, 2013. As many as 10 attempts were made to contact every sampled telephone number. Sample was released for interviewing in replicates, which are representative subsamples of the larger sample. Using replicates to control the release of sample ensures that complete call procedures are followed for the entire sample. Calls were staggered over times of day and days of the week to maximize the chance of making contact with potential respondents. Interviewing was spread as evenly as possible across the days in field. Each telephone number was called at least one time during the day in an attempt to complete an interview.**\n\nFor the landline sample, interviewers asked to speak with the youngest male or female ages 16 or older currently at home based on a random rotation. If no male/female was available, interviewers asked to speak with the youngest person age 16 or older of the other gender. This systematic respondent selection technique has been shown to produce samples that closely mirror the population in terms of age and gender when combined with cell interviewing.\n\nFor the cellular sample, interviews were conducted with the person who answered the phone. Interviewers verified that the person was age 16 or older and in a safe place before administering the survey. Cellular respondents were offered a post-paid cash reimbursement for their participation. Weighting is generally used in survey analysis to compensate for sample designs and patterns of non-response that might bias results. The sample was weighted to match national adult general population parameters. A two-stage weighting procedure was used to weight this dual-frame sample.\n\nThe first stage of weighting corrected for different probabilities of selection associated with the number of adults in each household and each respondent’s telephone usage patterns. This weighting also adjusts for the overlapping landline and cell sample frames and the relative sizes of each frame and each sample.\n\nThe second stage of weighting balances sample demographics to population parameters. The sample is balanced to match national population parameters for sex, age, education, race, Hispanic origin, region (U.S. Census definitions), population density, and telephone usage. The Hispanic origin was split out based on nativity; U.S born and non-U.S. born. The White, non-Hispanic subgroup was also balanced on age, education and region. The basic weighting parameters came from the US Census Bureau’s 2011 American Community Survey data. The population density parameter was derived from Census 2010 data. The telephone usage parameter came from an analysis of the July-December 2012 National Health Interview Survey."
    },
    "26": {
      "summary": "25\nOlder Adults and Technology\n\nWeighting was accomplished using Sample Balancing, a special iterative sample weighting program that simultaneously balances the distributions of all variables using a statistical technique called the Deming Algorithm. Weights were trimmed to prevent individual interviews from having too much influence on the final results. The use of these weights in statistical analysis ensures that the demographic characteristics of the sample closely approximate the demographic characteristics of the national population.\n\nTable 2 reports the disposition of all sampled telephone numbers over time. The response rate estimates the fraction of all eligible respondents in the sample that were ultimately interviewed. At PSRAI it is calculated by taking the product of three component rates:\n\n- Contact rate – the proportion of working numbers where a request for interview was made\n- Cooperation rate – the proportion of contacted numbers where a consent for interview was at least initially obtained, versus those refused\n- Completion rate – the proportion of initially cooperating and eligible interviews that were completed\n\n| Landline | Cell | Total Numbers Dialed |\n|----------|------|---------------------|\n| 116,709  | 61,496 |                     |\n\n|          |      |                     |\n|----------|------|---------------------|\n| 5,165    | 1,052 | Non-residential       |\n| 4,316    | 225  | Computer/Fax           |\n| 30       | 0    | Cell phone             |\n| 70,002   | 25,290 | Other not working     |\n| 5,084    | 497  | Additional projected not working |\n| 32,113   | 34,432 | Working numbers       |\n| 27.5%    | 56.0% | Working Rate          |\n\n|          |      |                     |\n|----------|------|---------------------|\n| 1,695    | 166  | No Answer / Busy        |\n| 8,341    | 6,795 | Voice Mail            |\n| 116      | 50   | Other Non-Contact     |\n| 21,961   | 27,421 | Contacted numbers     |\n| 68.4%    | 79.6% | Contact Rate          |\n\n|          |      |                     |\n|----------|------|---------------------|\n| 843      | 3,543 | Callback              |\n| 17,666   | 19,219 | Refusal              |\n| 3,452    | 4659 | Cooperating numbers    |"
    },
    "27": {
      "summary": "26\nPEW RESEARCH CENTER\n\n15.7% 17.0% Cooperation Rate\n204 228 Language Barrier\n0 1,250 Child's cell phone\n3,248 3,181 Eligible numbers\n94.1% 68.3% Eligibility Rate\n126 78 Break-off\n3,122 3,103 Completes\n96.1% 97.5% Completion Rate\n10.3% 13.2% Response Rate\n\nThus the response rate for the landline sample was 10 percent. The response rate for the cellular sample was 13 percent."
    }
  }
}
