{
  "doc_id": "PP_2021.04.22_voting-access_REPORT.pdf",
  "pages": {
    "1": {
      "summary": "1. Carefully read and analyze the page content.\n2. Identify the main topics, key points, and important details presented on the page.\n3. Note any tables, figures, charts, diagrams, or images on the page and briefly describe their content and purpose.\n4. Create a structured summary that captures:\n   - The essential textual information from the page\n   - Descriptions of any visual elements (tables, figures, images, etc.)\n   - Any particularly notable or unique information\n\nPlease follow these steps to create your summary:\n\n1. Carefully read and analyze the page content.\n2. Identify the main topics, key points, and important details presented on the page.\n3. Note any tables, figures, charts, diagrams, or images on the page and briefly describe their content and purpose.\n4. Create a structured summary that captures:\n   - The essential textual information from the page\n   - Descriptions of any visual elements (tables, figures, images, etc.)\n   - Any particularly notable or unique information\n\nPlease follow these steps to create your summary:\n\n1. Carefully read and analyze the page content.\n2. Identify the main topics, key points, and important details presented on the page.\n3. Note any tables, figures, charts, diagrams, or images on the page and briefly describe their content and purpose.\n4. Create a structured summary that captures:\n   - The essential textual information from the page\n   - Descriptions of any visual elements (tables, figures, images, etc.)\n   - Any particularly notable or unique information\n\nPlease follow these steps to create your summary:\n\n1. Carefully read and analyze the page content.\n2. Identify the main topics, key points, and important details presented on the page.\n3. Note any tables, figures, charts, diagrams, or images on the page and briefly describe their content and purpose.\n4. Create a structured summary that captures:\n   - The essential textual information from the page\n   - Descriptions of any visual elements (tables, figures, images, etc.)\n   - Any particularly notable or unique information\n\nPlease follow these steps to create your summary:\n\n1. Carefully read and analyze the page content.\n2. Identify the main topics, key points, and important details presented on the page.\n3. Note any tables, figures, charts, diagrams, or images on the page and briefly describe their content and purpose.\n4. Create a structured summary that captures:\n   - The essential textual information from the page\n   - Descriptions of any visual elements (tables, figures, images, etc.)\n   - Any particularly notable or unique information\n\nPlease follow these steps to create your summary:\n\n1. Carefully read and analyze the page content.\n2. Identify the main topics, key points, and important details presented on the page.\n3. Note any tables, figures, ch"
    },
    "2": {
      "summary": "2\nPew Research Center\n\nPew Research Center is a nonpartisan fact tank that informs the public about the issues, attitudes and trends shaping the world. It does not take policy positions. The Center conducts public opinion polling, demographic research, content analysis and other data-driven social science research. It studies U.S. politics and policy; journalism and media; internet, science and technology; religion and public life; Hispanic trends; global attitudes and trends; and U.S. social and demographic trends. All of the Center’s reports are available at www.pewresearch.org. Pew Research Center is a subsidiary of The Pew Charitable Trusts, its primary funder.\n\n© Pew Research Center 2021"
    },
    "3": {
      "summary": "3\nPew Research Center\n\nHow we did this\n\nPew Research Center conducted this study to better understand Americans’ views of election and voting policies in the United States, how national trends have changed over time, and how opinions vary by age, race and partisanship. For this analysis, we surveyed 5,109 U.S. adults in April 2021. Everyone who took part in this survey is a member of Pew Research Center’s American Trends Panel (ATP), an online survey panel that is recruited through national, random sampling of residential addresses. This way nearly all U.S. adults have a chance of selection. The survey is weighted to be representative of the U.S. adult population by gender, race, ethnicity, partisan affiliation, education and other categories. Read more about the ATP’s methodology.\n\nHere are the questions used for the report, along with responses, and its methodology."
    },
    "4": {
      "summary": "4\n\n**Republicans and Democrats Move Further Apart in Views of Voting Access**\n\n*Declining shares of Republicans favor ‘no excuse’ absentee and early voting, automatically registering all eligible citizens to vote*\n\nIn the months since the 2020 election, partisan conflicts over election rules and procedures – both at the state and federal levels – have become increasingly contentious.\n\nAmong U.S. adults overall, sizable majorities favor several policies aimed at making it easier for citizens to register and vote, as well as a requirement that voters be required to show government-issued photo identification before voting.\n\nHowever, there are substantial – and, in some cases, growing – partisan divisions over many of these policies, largely because of changes in opinions among Republicans.\n\nFor example, since 2018 there has been a decline in the share of Republicans and Republican-leaning independents who support automatically registering all eligible citizens to vote (38% today vs. 49% in 2018).\n\nIn addition, the share of Republicans who say any voter should be allowed to vote early or absentee without a documented reason has fallen 19 percentage points (from 57% to 38%). Democrats and Democratic leaners are far more supportive of automatically registering all eligible"
    },
    "5": {
      "summary": "5\nPew Research Center\n\ncitizens to vote (82%) and no-execute early voting (84%); their views are virtually unchanged in recent years.\n\nThe new national survey by Pew Research Center, conducted from April 5-11, 2021, among 5,109 adults who are members of the Center’s American Trends Panel, also finds wide partisan differences over removing inactive voters from voting registration lists. A 68% majority of Republicans favor removing people from voting registration lists if they have not recently voted or confirmed their registration, compared with just 27% of Democrats.\n\nStill, several proposals draw majority support from both Republicans and Democrats, including requiring electronic voting machines to print paper ballots as backups and for making early, in-person voting available for at least two weeks prior to Election Day.\n\nYet, in general, Republicans are far less likely than Democrats to say everything possible should be done to make it easy to vote, according to a survey conducted last month (28% of Republicans vs. 85% Democrats).\n\nWhen it comes to no-execute early and absentee voting – a topic that has received widespread attention in recent weeks – Republicans are significantly more likely than Democrats to say that a voter should only be allowed to vote early or absentee if they have a documented reason for doing so (62% vs. 16%). In October 2018, on the eve of that fall’s midterm elections, fewer than half of Republicans (42%) favored requiring voters to have a documented reason for voting early or absentee.\n\nSince 2018, sharp decline in the share of Republicans favoring ‘no excuse’ early or absentee voting\n\nWhich statements comes closer to your own views – even if neither is exactly right? (%)\n\n| Total | Rep/Lean Rep | Dem/Lean Dem |\n|-------|---------------|--------------|\n|       |               |              |\n\nNote: No answer responses not shown.\nSource: Survey of U.S. adults conducted April 5-11, 2021.\n\nPew Research Center\n\nfavoring 'no excuse' early or absentee voting\n\nAny voter should have the option to vote early or absentee without having to document a reason for not voting in person on Election Day\n\nOct '18 | Jun '20 | Apr '21 | Oct '18 | Jun '20 | Apr '21 | Oct '18 | Jun '20 | Apr '21\n\n83 | 83 | 84 | 83 | 83 | 84 | 83 | 83 | 84 | 83\n\nNote: No answer responses not shown.\nSource: Survey of U.S. adults conducted April 5-11, 2021.\n\nPew Research Center"
    },
    "6": {
      "summary": "6\nPEW RESEARCH CENTER\n\nOver this period, Democrats' views have remained much more stable: Fewer than three-in-ten (27%) favor removing voters from registration lists if they have not recently voted or confirmed their registration, while a sizable majority (82%) continue to favor automatically registering all eligible citizens to vote.\n\nThere has been little change since 2018 in views of requiring all voters to show government-issued photo ID in order to vote. Republicans continue to overwhelmingly support this policy (93% favor), while it draws support from a smaller majority of Democrats (61%).\n\nSource: Survey of U.S. adults conducted April 5-11, 2021.\n\nPew Research Center"
    },
    "7": {
      "summary": "7\nPEW RESEARCH CENTER\n\n---\n\n**Other findings from the survey**\n\n- **Voters who have recent experience with early or absentee voting more likely to favor no-excuse absentee voting policy.** Those who say they voted early or absentee in 2020 are more likely than those who voted in person to favor no-excuse early and absentee voting for all voters. This is particularly the case among Republicans: Just 22% of Republicans who voted in person on Election Day favor this policy, compared with 52% of Republicans who voted early or absentee in the 2020 presidential election.\n\n- **More approve than disapprove of independent redistricting; many are unsure about issue.** More adults approve (49%) than disapprove (13%) of a Democratic proposal to require that commissions with equal numbers of Democrats and Republicans draw congressional district maps, rather than state legislatures; a sizable share of adults (38%) say they are not sure about his proposal. Democrats are more likely than Republicans to favor replacing state legislatures with independent commissions for drawing congressional maps."
    },
    "8": {
      "summary": "8\nPEW RESEARCH CENTER\n\nBroad public support for several election-related proposals\n\nSizable majorities of adults strongly or somewhat favor requiring electronic voting machines to print a paper backup of the ballot (82%), making early, in-person voting available to voters for at least two weeks prior to Election Day (78%), and requiring all voters to show government issued photo identification to vote (76%).\n\nRoughly seven-in-ten Americans also favor allowing people convicted of felonies to vote after serving their sentences (70%) and making Election Day a national holiday (68%).\n\nThough a majority of adults favor automatically registering all eligible citizens to vote (61%), support for this policy is slightly less pronounced compared with the other proposals asked about on the survey.\n\nAmericans largely support several election policies, including backup paper ballots, expanded early voting\n\n% who strongly or somewhat favor ...\n\n| Strongly oppose | Somewhat oppose | Somewhat favor | Strongly favor |\n|------------------|-----------------|----------------|---------------|\n| Requiring electronic voting machines to print a paper backup of the ballot | 21 | 12 | 31 | 47 | 78 |\n| Making early, in-person voting available to voters for at least two weeks prior to Election Day | 23 | 13 | 23 | 53 | 76 |\n| Requiring all voters to show government-issued photo identification to vote | 28 | 12 | 16 | 35 | 36 | 70 |\n| Allowing people convicted of felonies to vote after serving their sentences | 29 | 13 | 16 | 27 | 42 | 68 |\n| Making Election Day a national holiday | 37 | 19 | 18 | 25 | 36 | 61 |\n| Automatically registering all eligible citizens to vote | 52 | 27 | 24 | 25 | 21 | 46 |\n\nNote: No answer responses not shown.\nSource: Survey of U.S. adults conducted April 5-11, 2021.\n\nPew Research Center"
    },
    "9": {
      "summary": "9\nPEW RESEARCH CENTER\n\nWhile the public broadly supports six of the seven voting proposals asked about on the survey, there are sizable partisan divides on several policies – including the relative strength of support for many election issues.\n\nDemocrats more likely to strongly favor proposals aimed at making it easier to vote; Republicans more likely to strongly support requiring voters to show photo ID\n\n% who favor ...\n\n| Requiring all voters to show government-issued photo identification to vote | Removing people from registration lists if they have not recently voted or confirmed their registration |\n|---------------------------------------------------------------|---------------------------------------------------------------------------------------------------|\n| 21 | 46 |\n| 37 | 68 |\n| 14 | 38 |\n| 55 | 82 |\n\n| Making early, in-person voting available to voters for at least two weeks prior to Election Day | Making Election Day a national holiday |\n|------------------------------------------------------------------------------------------|------------------------------------------------------------------------------------------|\n| 47 | 78 |\n| 26 | 63 |\n| 29 | 59 |\n| 20 | 55 |\n| 65 | 91 |\n| 53 | 78 |\n\nSource: Survey of U.S. adults conducted April 5-11, 2021.\n\nPEW RESEARCH CENTER\n\nFor example, while majorities of Democrats and Republicans say they favor making early, in-person voting available to voters for at least two weeks prior to Election Day, Democrats are more than twice as likely as Republicans to strongly support this measure (65% vs. 26%, respectively).\n\nThere is a similar pattern in views when it comes to making Election Day a national holiday (53% of Democrats strongly support this policy compared with 29% of Republicans) and whether people convicted of felonies should be able to vote after serving their sentences (49% of Democrats strongly favor vs. 20% of Republicans).\n\nBy contrast, Republicans are considerably more likely than Democrats to strongly favor photo identification requirements for voting (81% strongly favor compared with 30% of Democrats), even as majorities in both partisan groups favor this policy."
    },
    "10": {
      "summary": "10\nPEW RESEARCH CENTER\n\nOver the past few years, there have been some sizable shifts in views of voting policy among Republicans, including in views of automatic voter registration and removing people from registration lists if they have not recently voted or confirmed their registration.\n\nIn 2018, about half of Republicans (49%) said they would somewhat or strongly favor automatically registering all eligible citizens to vote. Today, a much smaller share of Republicans say they support this measure (38%). At the same time, the share of Democrats who support automatic voter registration has ticked up slightly – from 78% in 2018 to 82% today.\n\nRepublicans’ support for removing people from registration lists if they have not recently voted or confirmed their registration has also shifted considerably since 2018. Then, a small majority of Republicans said they favored this policy (53%). Today, this share is 15 percentage points higher (68%).\n\nThere has been comparably less movement on several of the other voting policies asked about on the survey, though Democrats are 7 percentage points more likely to favor making Election Day a national holiday compared with three years ago. Republicans are about as likely to favor this policy today as they were in 2018.\n\nComparing with 2018, Republicans are less supportive of automatic voter registration, more supportive of removing inactive voters from registration lists\n\n% who strongly or somewhat favor ...\n\n| Total | Rep/Lean Rep | Dem/Lean Dem |\n|---|---|---|\n| Automatically registering all eligible citizens to vote | Making Election Day a national holiday | Allowing people convicted of felonies to vote after serving their sentences |\n| 78 | 71 | 82 |\n| 65 | 69 | 70 |\n| 49 | 59 | 55 |\n\nSource: Survey of U.S. adults conducted April 5-11, 2021.\n\nPew Research Center"
    },
    "11": {
      "summary": "11\nPEW RESEARCH CENTER\n\n---\n\n### Age and race differences in views of voting policies\n\nWhen it comes to voting policies, younger people are typically more likely than older people to favor increased ballot access, whether that is through automatic voter registration, disapproval of removing voters from registration lists if they have not recently voted, allowing ex-convicts to vote, or making Election Day a national holiday. This difference is primarily driven by age differences among Republicans and Republican-leaning independents.\n\nAbout one-in-three Republicans ages 65 and older (32%) favor policies that would automatically register all eligible citizens to vote, as do 35% of Republicans ages 50 to 64, 41% of those 35 to 49 and 46% of Republicans younger than 35. There is almost no age difference among Democrats on this proposal.\n\n---\n\n#### Among Republicans, younger adults more likely than older people to favor policies to make it easier to vote\n\n*% who strongly or somewhat favor ...*\n\n- Total\n- Rep/Lean Rep\n- Dem/Lean Dem\n\n**Automatically registering all eligible citizens to vote**\n\nAges 18-34  \n35-49  \n50-64  \n65+  \n\n- 46  \n- 41  \n- 35  \n- 32  \n\n**Removing people from registration lists if they have not recently voted or confirmed their registration**\n\nAges 18-34  \n35-49  \n50-64  \n65+  \n\n- 43  \n- 38  \n- 33  \n- 28  \n\n**Making Election Day a national holiday**\n\nAges 18-34  \n35-49  \n50-64  \n65+  \n\n- 63  \n- 59  \n- 53  \n- 47  \n\n---\n\nYounger Republicans are significantly less likely to support removing voters from registration lists if they have not recently voted or confirmed their registration compared with older Republicans (56% of those Younger Republicans are significantly less likely to support removing voters from registration lists if they have not recently voted or confirmed their registration compared with older Republicans (56% of those Younger Republicans are significantly less likely to support removing voters from registration lists if they have not recently voted or confirmed their registration compared with older Republicans (56% of those Younger Republicans are significantly less likely to support removing voters from registration lists if they have not recently voted or confirmed their registration compared with older Republicans (56% of those Younger Republicans are significantly less likely to support removing voters from registration lists if they have not recently voted or confirmed their registration compared with older Republicans (56% of those Younger Republicans are significantly less likely to support removing voters from registration lists if they have not recently voted or confirmed their registration compared with older Republicans (56% of those Younger Republicans are significantly less likely to support removing voters"
    },
    "12": {
      "summary": "12\nPEW RESEARCH CENTER\n\n---\n\n**Sizable differences in views of many voting policies by race and ethnicity**\n\n% who strongly or somewhat favor ...\n\n| Category                                      | Hispanic | Black | Asian* | White | Total |\n|------------------------------------------------|----------|-------|--------|--------|--------|\n| Requiring electronic voting machines to print a paper backup of the ballot | 74       | 78    | 82     | 86     | 82    |\n| Making early, in-person voting available to voters for at least two weeks prior to Election Day | 75       | 79    | 82     | 86     | 78    |\n| Requiring all voters to show government-issued photo identification to vote | 66       | 75    | 77     | 78     | 76    |\n| Allowing people convicted of felonies to vote after serving their sentences | 70       | 71    | 85     | 85     | 70    |\n| Making Election Day a national holiday             | 68       | 74    | 79     | 79     | 68    |\n| Automatically registering all eligible citizens to vote | 56       | 69    | 73     | 79     | 61    |\n| Removing people from registration lists if they have not recently voted or confirmed their registration | 40       | 45    | 50     | 50     | 46    |\n\n*Asian adults were interviewed in English only.\nNote: White, Black and Asian adults include only those who report being only one race and are not Hispanic. Hispanics are of any race.\nSource: Survey of U.S. adults conducted April 5-11, 2021.\n\nPEW RESEARCH CENTER"
    },
    "13": {
      "summary": "13\nPEW RESEARCH CENTER\n\n---\n\n### In both parties, differences by race, ethnicity in views of voting policies\n\n% who strongly or somewhat favor ...\n\n- Rep/Lean Rep  \n- Dem/Lean Dem  \n\n**Requiring all voters to show government-issued photo identification to vote**\n\n| Party | Percentage |\n|-------|------------|\n| White | 54        |\n| Black | 65        |\n| Hispanic | 72        |\n| Asian* | 71        |\n\n**Allowing people convicted of felonies to vote after serving their sentences**\n\n| Party | Percentage |\n|-------|------------|\n| White | 53        |\n| Black | 66        |\n| Hispanic | 75        |\n| Asian* | 79        |\n\n**Making Election Day a national holiday**\n\n| Party | Percentage |\n|-------|------------|\n| White | 57        |\n| Black | 75        |\n| Hispanic | 71        |\n| Asian* | 88        |\n\n**Automatically registering all eligible citizens to vote**\n\n| Party | Percentage |\n|-------|------------|\n| White | 35        |\n| Black | 78        |\n| Hispanic | 51        |\n| Asian* | 89        |\n\n*Asian adults were interviewed in English only.\nNote: White, Black and Asian adults include only those who report being one race and are not Hispanic. Hispanics are of any race.\nSource: Survey of U.S. adults conducted April 5-11, 2021.\n\n**PEW RESEARCH CENTER**"
    },
    "14": {
      "summary": "14\nPEW RESEARCH CENTER\n\nThe 2020 election saw record-high levels of absentee and early voting. As a result of the coronavirus outbreak, many states dramatically expanded access to absentee and early voting for public health reasons. As was the case last summer in the run-up to the 2020 election, Americans generally say any voter should have the option to vote early or absentee. Slightly more than six-in-ten (63%) now say this, while 36% say that voters should only be allowed to vote early or absentee if they have a documented reason for not voting in person on Election Day.\n\nAbout eight-in-ten Black Americans (81%) say all voters should be able to vote early or absentee, as do smaller majorities of Asian (67%), Hispanic (63%) and White adults (59%).\n\nWhite Democrats are more supportive of allowing all voters to vote early or absentee than are Democrats of other races and ethnicities, while the reverse is true for White Republicans compared with Hispanic Republicans.\n\nAmong all adults, those with a college degree or more education are more likely to support no-excuse early and absentee voting than those with less education (74% vs. 57%).\n\nPartisanship remains the most important factor in Americans' attitudes about this question, with only 38% of Republicans in favor of allowing all voters to vote early or absentee.\n\n*Asian adults interviewed in English only.\nNotes: White, Black and Asian adults include only those who report being one race and are not Hispanic. Hispanics are of any race. No answer responses not shown.\nSource: Survey of U.S. adults conducted April 5-11, 2021.\n\nPEW RESEARCH CENTER"
    },
    "15": {
      "summary": "15\nPEW RESEARCH CENTER\n\nwithout documented reasons for doing so, and an overwhelming majority of Democrats and Democratic leaners (84%) saying the same.\n\nAmong Republicans, moderates and liberals are about evenly divided, with 49% saying voters should be required to provide documented reasons for voting absentee or early and 51% saying this should not be necessary. Conservative Republicans are substantially more likely to say the former (70%) than the latter (30%). Ideological divides among Democrats are not nearly so pronounced on this issue.\n\nThose who have recent experience voting early or absentee are more likely than those who voted in person in the 2020 election to favor no-excuse early and absentee voting for all voters. This is especially true among Republicans and Republican leaners.\n\nThere was a sizable disparity between how Republicans and Democrats voted in the presidential election: Shortly after the election, roughly a third (34%) of Republican and Republican-leaning voters said they voted absentee or by mail, compared with 58% of Democratic and Democratic leaners.\n\nGOP voters who voted early or absentee in November are more likely than the larger shares of Republican voters who voted in person on Election Day or before the election to favor no-excuse absentee or early voting.\n\nWhile about half of Republicans (52%) who voted absentee or by mail favor no-excuse absentee or early voting, only about of third of early, in-person GOP voters (35%) and just 22% of those on voted in person on Election Day say the same. Among Democrats, there are only slight differences in these views between those who voted absentee and those who voted in person.\n\nMore support for ‘no excuse’ absentee or early voting among Republicans who voted absentee in 2020 election\n\n% who say any voter should have the option to vote early or absentee without having to document a reason\n\n| Party | Yes | No |\n|-------|-----|----|\n| Rep    | 35  | 90 |\n| Dem    | 85  | 8  |\n| Total | 72  | 98 |\n\nNote: Based on U.S. citizens who reported voting in the 2020 election in a previous survey.\nSource: Survey of U.S. adults conducted April 5-11, 2021.\n\nPEW RESEARCH CENTER"
    },
    "16": {
      "summary": "16\nPEW RESEARCH CENTER\n\n---\n\n**About half of adults approve of proposal to end state legislatures’ control over congressional redistricting**\n\n% who ___ of a proposal that would require all states to put together committees with equal numbers of Democrats and Republicans who would be responsible for determining the state's congressional maps\n\n| Disapprove | Approve | Not sure |\n|------------|---------|----------|\n| Total      | 13       | 49       |\n| Rep/Lean Rep | 19       | 38       |\n| Dem/Lean Dem | 8        | 59       |\n\nNote: No answer responses not shown.\nSource: Survey of U.S. adults conducted April 5-11, 2021.\n\n**PEW RESEARCH CENTER**"
    },
    "17": {
      "summary": "17\nPEW RESEARCH CENTER\n\n---\n\n**Acknowledgments**\n\nThis report is a collaborative effort based on the input and analysis of the following individuals:\n\n| Name | Role |\n|------|------|\n| Carol Doherty | Director, Political Research |\n| Jocelyn Kiley | Associate Director, Political Research |\n| Baxter Oliphant | Senior Researcher |\n| Andrew Daniller | Research Associate |\n| Bradley Jones | Research Associate |\n| Hannah Hartig | Research Associate |\n| Amina Dunn | Research Analyst |\n| Ted Van Green | Research Assistant |\n| Vianney Gomez | Research Assistant |\n\n| Name | Role |\n|------|------|\n| Nida Asheer | Communications Manager |\n| Calvin Jordan | Communications Associate |\n| David Kent | Senior Copy Editor |\n\n| Name | Role |\n|------|------|\n| Alissa Scheller | Information Graphics Designer |\n| Reem Nadeem | Associate Digital Producer |\n\n| Name | Role |\n|------|------|\n| Andrew Mercer | Senior Research Methodologist |\n| Nick Bertoni | Senior Panel Manager |\n| Dorene Asare-Marfo | Research Methodologist |\n| Arnold Lau | Research Analyst |"
    },
    "18": {
      "summary": "18\nPEW RESEARCH CENTER\n\n---\n\n### Methodology\n\n#### The American Trends Panel survey methodology\n\n**Overview**\n\nThe American Trends Panel (ATP), created by Pew Research Center, is a nationally representative panel of randomly selected U.S. adults. Panelists participate via self-administered web surveys. Panelists who do not have internet access at home are provided with a tablet and wireless internet connection. Interviews are conducted in both English and Spanish. The panel is being managed by Ipsos.\n\nData in this report is drawn from the panel wave conducted April 5 to April 11, 2021, and included oversamples of Asian, Black and Hispanic Americans. A total of 5,109 panelists responded out of 5,970 who were sampled, for a response rate of 86%. This does not include two panelists who were removed from the data due to extremely high rates of refusal or straightlining. The cumulative response rate accounting for nonresponse to the recruitment surveys and attrition is 4%. The break-off rate among panelists who logged on to the survey and completed at least one item is 2%. The margin of sampling error for the full sample of 5,109 respondents is plus or minus 2.1 percentage points.\n\n---\n\n**Panel recruitment**\n\nThe ATP was created in 2014, with the first cohort of panelists invited to join the panel at the end of a large, national, landline and cellphone random-digit-dial survey that was conducted in both English and Spanish. Two additional recruitments were conducted using the same method in 2015 and 2017, respectively. Across these three surveys, a total of 19,718 adults were invited to join the ATP, of whom 9,942 (50%) agreed to participate.\n\n| Recruitment dates | Mode | Invited | Joined | Active panelists remaining |\n|------------------|------|---------|--------|---------------------------|\n| Jan. 23 to March 16, 2014 | Landline/cell RDD | 9,809 | 5,338 | 2,183 |\n| Aug. 27 to Oct. 4, 2015 | Landline/cell RDD | 6,004 | 2,976 | 1,243 |\n| April 25 to June 4, 2017 | Landline/cell RDD | 3,905 | 1,628 | 620 |\n| Aug. 8 to Oct. 31, 2018 | ABS/web | 9,396 | 8,778 | 5,895 |\n| Aug. 19 to Nov. 30, 2019 | ABS/web | 5,900 | 4,720 | 2,327 |\n| June 1 to July 19, 2020 | ABS/web | 1,865 | 1,636 | 1,269 |\n| **Total** | **36,879** | **25,076** | **13,537** |\n\nNote: Approximately once per year, panelists who have not participated in multiple consecutive waves or who did not complete an annual profiling survey are removed from the panel. Panelists also become inactive if they ask to be removed from the panel.\n\n**PEW RESEARCH CENTER**"
    },
    "19": {
      "summary": "19\nPEW RESEARCH CENTER\n\nIn August 2018, the ATP switched from telephone to address-based recruitment. Invitations were sent to a random, address-based sample of households selected from the U.S. Postal Service's Delivery Sequence File. Two additional recruitments were conducted using the same method in 2019 and 2020, respectively. Across these three address-based recruitments, a total of 17,161 adults were invited to join the ATP, of whom 15,134 (88%) agreed to join the panel and completed an initial profile survey. In each household, the adult with the next birthday was asked to go online to complete a survey, at the end of which they were invited to join the panel. Of the 25,076 individuals who have ever joined the ATP, 13,537 remained active panelists and continued to receive survey invitations at the time this survey was conducted.\n\nThe U.S. Postal Service's Delivery Sequence File has been estimated to cover as much as 98% of the population, although some studies suggest that the coverage could be in the low 90% range.<sup>1</sup> The American Trends Panel never uses breakout routers or chains that direct respondents to additional surveys.\n\n**Sample design**\n\nThe overall target population for this survey was non-institutionalized persons ages 18 and older, living in the U.S., including Alaska and Hawaii.\n\nThis study featured a stratified random sample from the ATP. The sample was allocated according to the following strata, in order: Asian Americans (including those who identify as Asian in combination with another race), Black Americans (including those who identify as Black in combination with another race), U.S.-born Hispanics, foreign-born Hispanics, tablet households, high school education or less, not registered to vote, people ages 18 to 34, uses internet weekly or less, nonvolunteers, and all other categories not already falling into any of the above.\n\nThe Asian, Black, U.S.-born and foreign-born Hispanic strata were oversampled relative to their share of the U.S. adult population. The remaining strata were sampled at rates designed to ensure that the share of respondents in each stratum is proportional to its share of the U.S. adult population to the greatest extent possible. Respondent weights are adjusted to account for differential probabilities of selection as described in the Weighting section below.\n\n**Questionnaire development and testing**\n\nThe questionnaire was developed by Pew Research Center in consultation with Ipsos. The web program was rigorously tested on both PC and mobile devices by the Ipsos project management team and Pew Research Center researchers. The Ipsos project management team also populated"
    },
    "20": {
      "summary": "20\nPEW RESEARCH CENTER\n\n---\n\n### Data collection protocol\n\nThe data collection field period for this survey was April 5 to April 11, 2021. Postcard notifications were mailed to all ATP panelists with a known residential address on April 5, 2021.\n\nOn April 5 and April 6, invitations were sent out in two separate launches: Soft launch and Full launch. Sixty panelists were included in the soft launch, which began with an initial invitation sent on April 5, 2021. The ATP panelists chosen for the initial soft launch were known responders who had completed previous ATP surveys within one day of receiving their invitation. All remaining English- and Spanish-speaking panelists were included in the full launch and were sent an invitation on April 6, 2021.\n\nAll panelists with an email address received an email invitation and up to two email reminders if they did not respond to the survey. All ATP panelists that consented to SMS messages received an SMS invitation and up to two SMS reminders.\n\n---\n\n### Invitation and reminder dates\n\n| Invitation Date | Reminder Date |\n|----------------|---------------|\n| Initial invitation | April 5, 2021 |\n| First reminder  | April 8, 2021 |\n| Final reminder  | April 10, 2021 |\n\n| Full Launch       | Reminder Date |\n|------------------|---------------|\n| April 6, 2021      |               |\n| April 8, 2021      |               |\n| April 10, 2021    |               |\n\n---\n\n### Data quality checks\n\nTo ensure high-quality data, the Center’s researchers performed data quality checks to identify any respondents showing clear patterns of satisficing. This includes checking for very high rates of leaving questions blank as well as always selecting the first or last answer presented. As a result of"
    },
    "21": {
      "summary": "21\nPEW RESEARCH CENTER\n\nThis checklist ensures that the summary accurately reflects the content of the page, focusing on the main topics, tables, figures, and images presented."
    },
    "22": {
      "summary": "22\nPEW RESEARCH CENTER\n\nWeighting\n\nThe ATP data was weighted in a multistep process that accounts for multiple stages of sampling and nonresponse that occur at different points in the survey process. First, each panelist begins with a base weight that reflects their probability of selection for their initial recruitment survey (and the probability of being invited to participate in the panel in cases where only a subsample of respondents were invited). The base weights for panelists recruited in different years are scaled to be proportionate to the effective sample size for all active panelists in their cohort.\n\nTo correct for nonresponse to the initial recruitment surveys and gradual panel attrition, the base weights for all active panelists are calibrated to align with the population benchmarks identified in the accompanying table to create a full-panel weight.\n\nFor ATP waves in which only a subsample of panelists are invited to participate, a wave-specific base weight is created by adjusting the full-panel weights for subsampled panelists to account for any differential probabilities of selection for the particular panel wave. For waves in which all active panelists are invited to participate, the wave-specific base weight is identical to the full-panel weight.\n\nIn the final weighting step, the wave-specific base weights for panelists who completed the survey are again calibrated to match the population benchmarks specified above. These weights are trimmed (typically at about the 1st and 99th percentiles) to reduce the loss in precision stemming from variance in the weights. Sampling errors and test of statistical significance take into account the effect of weighting."
    },
    "23": {
      "summary": "23\nPEW RESEARCH CENTER\n\nThe following table shows the unweighted sample sizes and the error attributable to sampling that would be expected at the 95% level of confidence for different groups in the survey.\n\n| Group       | Unweighted sample size | Weighted % | Plus or minus ... |\n|-------------|------------------------|-----------|------------------|\n| Total sample| 5,109                  |           | 2.1 percentage points |\n| Half sample | At least 2,545          |           | 3.0 percentage points |\n| Rep/Lean Rep| 1,706                 | 43        | 3.4 percentage points |\n| Half sample | At least 824            |           | 4.8 percentage points |\n| Dem/Lean Dem| 3,253                 | 52        | 2.8 percentage points |\n| Half sample | At least 1,612          |           | 3.9 percentage points |\n| White      | 1,886                 | 62        | 2.8 percentage points |\n| Black     | 938                   | 12        | 5.3 percentage points |\n| Hispanic   | 1,668                 | 17        | 5.1 percentage points |\n| Asian*     | 352                   | 6         | 8.9 percentage points |\n\n*Asian adults were interviewed in English only.\nNotes: White, Black, and Asian adults include those who report being one race and are not Hispanic. Hispanics are of any race. This survey includes oversamples of Asian, Black and Hispanic respondents. Unweighted sample sizes do not account for the sample design or weighting and do not describe a group's contribution to weighted estimates. See the Sample design and Weighting sections above for details.\n\nPEW RESEARCH CENTER\n\nSample sizes and sampling errors for other subgroups are available upon request. In addition to sampling error, one should bear in mind that question wording and practical difficulties in conducting surveys can introduce error or bias into the findings of opinion polls.\n\nA note about the Asian sample\n\nThe survey includes a total sample size of 352 Asian adults. The sample only includes English-speaking Asian Americans and, therefore, may not be representative of the overall Asian population (72% of our weighted Asian sample was born in another country, compared with 77% of the Asian adult population in the U.S. overall). Despite this limitation, it is important to report the views of Asian Americans on the topics in this study. Because of the relatively small sample size and a reduction in precision due to weighting, we are not able to analyze Asian respondents by demographic categories such as gender, age, or education. For more, see “Polling methods are changing, but reporting the views of Asian Americans remains a challenge.”"
    },
    "24": {
      "summary": "24\nPEW RESEARCH CENTER\n\nDispositions and response rates\n\n| Final dispositions | AAPOR code | Total |\n|-------------------|------------|-------|\n| Completed interview | 1.1        | 5,109 |\n| Logged onto survey; broke-off | 2.12      | 85    |\n| Logged onto survey; did not complete any items | 2.1121    | 38    |\n| Never logged on (implicit refusal) | 2.11     | 736   |\n| Survey completed after close of the field period | 2.27     | 0     |\n| Completed interview but was removed for data quality |           | 2     |\n| Screened out       |            | 0     |\n\nTotal panelists in the survey | 5,970 |\nComplet ed interviews | I         | 5,109 |\nPartial interviews | P          | 0     |\nRefusals | R          | 859   |\nNon-contact | NC         | 2     |\nOther | O          | 0     |\nUnknown household | UH         | 0     |\nUnknown other | UO         | 0     |\nNot eligible | NE         | 0     |\n\nTotal | 5,970 |\nAAPOR RR1 = I / (I+P+R+NC+O+UH+UO) | 86% |\n\nCumulative response rate | Total |\nWeighted response rate to recruitment surveys | 12% |\n% of recruitment survey respondents who agreed to join the panel, among those invited | 72% |\n% of those agreeing to join who were active panelists at start of Wave 87 | 57% |\nResponse rate to Wave 87 survey | 86% |\n\nCumulative response rate | 4%\n\n© Pew Research Center, 2021"
    }
  }
}
