{
  "doc_id": "PP_2019.01.17_Trump-economy_FINAL2.pdf",
  "pages": {
    "1": {
      "summary": "1. Carefully read and analyze the page content.\n2. Identify the main topics, key points, and important details presented on the page.\n3. Note any tables, figures, charts, diagrams, or images on the page and briefly describe their content and purpose.\n4. Create a structured summary that captures:\n   - The essential textual information from the page\n   - Descriptions of any visual elements (tables, figures, images, etc.)\n   - Any particularly notable or unique information\n\nPlease follow these steps to create your summary:\n\n1. Carefully read and analyze the page content.\n2. Identify the main topics, key points, and important details presented on the page.\n3. Note any tables, figures, charts, diagrams, or images on the page and briefly describe their content and purpose.\n4. Create a structured summary that captures:\n   - The essential textual information from the page\n   - Descriptions of any visual elements (tables, figures, images, etc.)\n   - Any particularly notable or unique information\n\nPlease follow these steps to create your summary:\n\n1. Carefully read and analyze the page content.\n2. Identify the main topics, key points, and important details presented on the page.\n3. Note any tables, figures, charts, diagrams, or images on the page and briefly describe their content and purpose.\n4. Create a structured summary that captures:\n   - The essential textual information from the page\n   - Descriptions of any visual elements (tables, figures, images, etc.)\n   - Any particularly notable or unique information\n\nPlease follow these steps to create your summary:\n\n1. Carefully read and analyze the page content.\n2. Identify the main topics, key points, and important details presented on the page.\n3. Note any tables, figures, charts, diagrams, or images on the page and briefly describe their content and purpose.\n4. Create a structured summary that captures:\n   - The essential textual information from the page\n   - Descriptions of any visual elements (tables, figures, images, etc.)\n   - Any particularly notable or unique information\n\nPlease follow these steps to create your summary:\n\n1. Carefully read and analyze the page content.\n2. Identify the main topics, key points, and important details presented on the page.\n3. Note any tables, figures, charts, diagrams, or images on the page and briefly describe their content and purpose.\n4. Create a structured summary that captures:\n   - The essential textual information from the page\n   - Descriptions of any visual elements (tables, figures, images, etc.)\n   - Any particularly notable or unique information\n\nPlease follow these steps to create your summary:\n\n1. Carefully read and analyze the page content.\n2. Identify the main topics, key points, and important details presented on the page.\n3. Note any tables, figures, ch"
    },
    "2": {
      "summary": " PEW Research Center is a nonpartisan fact tank that informs the public about the issues, attitudes and trends shaping America and the world. It does not take policy positions. It conducts public opinion polling, demographic research, content analysis and other data-driven social science research. The Center studies U.S. politics and policy; journalism and media; internet, science and technology; religion and public life; Hispanic trends; global attitudes and trends; and U.S. social and demographic trends. All of the Center’s reports are available at www.pewresearch.org. Pew Research Center is a subsidiary of The Pew Charitable Trusts, its primary funder.\n\n© Pew Research Center 2019"
    },
    "3": {
      "summary": " Trump Begins Third Year With Low Job Approval and Doubts About His Honesty\nViews of economy remain positive, divided by partisanship\n\nAt the second anniversary of his inauguration, public views of Donald Trump’s job performance, as well as his honesty and administration’s ethics, are decidedly negative. Yet opinions about the nation’s economy continue to be positive – and Trump’s handling of the economy remains a relative strength.\n\nTrump begins his third year with a 37% job approval rating; 59% disapprove of his job performance. Of five previous presidents, only Ronald Reagan had as low a job approval mark at this point in his presidency. (Reagan’s disapproval – 54% – was lower than Trump’s.)\n\nThe new Pew Research Center survey, conducted Jan. 9-14 among 1,505 adults, finds that a growing share of Americans say they trust what Trump says less than what previous presidents said while they were in office. Nearly six-in-ten (58%) say they trust what Trump says less than previous presidents, up from 54% last June and 51% in February 2017, shortly after he took office.\n\nThe public also continues to fault the ethical standards of top administration officials. Just 39% rate their ethical standards as excellent or good, while 59% say they are not good or poor. While these opinions are little changed from last year, they are lower than evaluations of ethics of top officials for presidents dating back to Reagan."
    },
    "4": {
      "summary": "2\nPEW RESEARCH CENTER\n\nHowever, more Americans say Trump's economic policies have made conditions better (40%) than worse (28%), while 29% say they have not had much of an effect. In January 2011, a comparable point in Barack Obama's presidency, the public expressed mixed views of the impact of his economic policies, with about as many saying his policies made things worse (31%) as better (28%).\n\nAnd Trump engenders more confidence for his ability to make good decisions on trade and the economy than in other areas, especially working with Congress. About half say they are very or somewhat confident in Trump’s ability to negotiate favorable trade deals (51%) and make good decisions about economic policy (49%).\n\nBy contrast, 40% have confidence in Trump on immigration policy and 35% are confident he can work effectively with Congress. (For more on views of Trump’s handling of the government shutdown, see “Most Border Wall Opponents, Supporters Say Shutdown Concessions Are Unacceptable.”)\n\nTrump’s presidency has been characterized by a favorable economic climate and that remains the case today. Currently, 51% say economic conditions are either excellent or good – among the highest ratings in nearly two decades.\n\nThe surge in positive economic views has been driven by Republicans. Three-quarters of Republicans rate the economy as excellent or good, up from just 14% in December 2016, at the end of Obama’s presidency. By contrast, just 32% of Democrats offer positive ratings; Democrats are now less likely to rate the economy as either excellent or good than they were in December of 2016 (46%).\n\nThe public’s perceptions of the availability of jobs have undergone a similar transformation. For the first time in Pew Research Center surveys dating to 2001, a clear majority of Americans (60%) say there are plenty of jobs in their communities. And while these perceptions also are"
    },
    "5": {
      "summary": "3\nPew Research Center\n\ndivided along partisan lines, majorities of Republicans (71%) and Democrats (53%) say there are plenty of jobs available locally.\n\nYet favorable opinions about the economy and jobs have not been accompanied by a rise in public satisfaction with national conditions. For longer than a decade, no more than about a third of Americans have expressed with the way things are going in the country. Today, that figure stands at just 26%, down from 33% in September, with the decline coming among members of both parties.\n\nAmong the survey’s other major findings:\n\nLow expectations for Trump’s legacy. About half (47%) think Trump will be an unsuccessful president in the long run, compared with fewer (29%) who think he will be a successful president; 23% say it’s too early to tell. Ratings for Trump are more negative, on balance, than for Obama and George W. Bush at comparable points in their administrations; in February 1995, more said Bill Clinton would be unsuccessful (34%) than successful (18%). Compared with his three most recent predecessors, far fewer say it is “too early to tell” whether Trump will be successful or unsuccessful."
    },
    "6": {
      "summary": "4\n\nPew Research Center\n\nMost Democrats want party leaders to “stand up” to Trump. As was the case a year ago, a majority of Democrats (70%) want their party’s leaders to “stand up” to Trump this year, even if it means less gets done in Washington; just 26% want them to try as best they can to work with Trump, even if it means disappointing some groups of Democratic supporters. A year ago, 63% of Democrats wanted their party’s leaders to stand up to the president. Among Republicans, the share saying Trump should stand up to Democrats has increased from 40% a year ago to 51% currently.\n\nMajority continues to say Trump has responsibility to release tax returns. As in the past, a majority (64%) says Trump has a responsibility to publicly release his tax returns; just 32% say he does not have a responsibility to do this. Nearly all Democrats (91%) – and 32% of Republicans – say Trump should release his tax returns.\n\nPublic confidence in Mueller investigation steady. A majority (55%) remains confident that special counsel Robert Mueller is conducting a fair investigation into Russian involvement in the 2016 election. Confidence in Mueller has held steady over the course of the past year, and there remains more confidence in Mueller to conduct a fair investigation than in Trump to handle matters related to the inquiry appropriately.\n\nIn both parties, increasing shares want leaders to ‘stand up’ to opposition\n\n% of Republicans and Republican leaners who say Donald Trump should ...\n\n| % of Republicans and Republican leaners who say Donald Trump should ... | Stand up to Democrats on issues important to Reps, even if less gets done in Washington |\n|---------------------------------------------------------------|-------------------------------------------------------------|\n| Jan 2019                                                      | 42                                                         |\n| Jan 2018                                                      | 49                                                         |\n\n% of Democrats and Democratic leaners who say Democratic leaders in Washington should ...\n\n| % of Democrats and Democratic leaners who say Democratic leaders in Washington should ... | Stand up to Trump on issues important to Dems, even if less gets done in Washington |\n|---------------------------------------------------------------------|------------------------------------------------------------------|\n| Jan 2019                                                      | 26                                                         |\n| Jan 2018                                                      | 30                                                         |\n\nNote: Don't know responses not shown.\nSource: Survey of U.S. adults conducted Jan. 9-14"
    },
    "7": {
      "summary": "5\nPew Research Center\n\n---\n\n### 1. Views of Trump\n\nThe public's confidence in Trump to handle a number of key issues remains mixed. Trump fares best on issues related to economic conditions, where about half of Americans say they are at least somewhat confident in his ability. By contrast, only about a third express confidence in his ability to work effectively with Congress.\n\nOverall, 62% say they are not too or not at all confident in Trump’s ability to work effectively with Congress; far fewer (35%) say they are very or somewhat confident in him to do this.\n\n---\n\n#### Public more confident in Trump on trade, economy than immigration and dealing with Congress\n\n% who say they are ___ confident in Trump’s ability to ...\n\n| Not at all | Not too | Somewhat | Very |\n|-----------|---------|----------|------|\n| 47        | 32      | 31       | 51   |\n| 49        | 32      | 32       | 49   |\n| 51        | 39      | 29       | 45   |\n| 53        | 39      | 26       | 44   |\n| 54        | 40      | 26       | 44   |\n| 56        | 41      | 23       | 41   |\n| 58        | 45      | 29       | 40   |\n\nNote: Don't know responses not shown.\nSource: Survey of U.S. adults conducted Jan. 9-14, 2019.\n\n---\n\n**PEW RESEARCH CENTER**\n\n---\n\nSay they are not too or not at all confident that Trump can make good appointments to the federal courts, while 45% say they are at least somewhat confident in him in this area."
    },
    "8": {
      "summary": "6\n\nPew Research Center\n\nTrump garners the most confidence in his ability to negotiate favorable trade agreements with other countries (51% say they are at least somewhat confident) and to make good decisions about economic policy (49%). Still, close to half the public says they lack confidence in Trump to handle these two issue areas.\n\nNearly nine-in-ten Republicans and Republican-leaning independents (89%) are confident in Trump’s ability to negotiate favorable trade agreements with other countries, compared with just 19% of Democrats and Democratic leaners.\n\nThe pattern is similar on most other issues. For instance, 89% of Republicans – and only 17% of Democrats – are very or somewhat confident in Trump to make good decisions about economic policy.\n\nTrump gets his lowest ratings from Republicans on his ability to work effectively with Congress: Seven-in-ten say they are at least somewhat confident in his ability to do this, but just 31% say they are very confident. Across all other issues, at least 50% of Republicans say they are very confident in Trump.\n\nSource: Survey of U.S. adults conducted Jan. 9-14, 2019.\n\nPew Research Center"
    },
    "9": {
      "summary": "7\nPew Research Center\n\n---\n\n**Broad concern over possible influence of Trump’s business interests**\n\nOnly about three-in-ten Americans (28%) are very confident that Trump keeps his own business interests separate from the decisions he makes as president, and another 13% say they are somewhat confident in this. A majority are either not too (16%) or not at all (41%) confident that Trump is keeping his own personal interests separate from his presidential decisions.\n\nMost Republicans say they are very (55%) or somewhat (23%) confident that Trump keeps his business interests separate from his decision-making as president. Conservative Republicans are much more likely to say they are very confident in this (66%) than are moderate and liberal Republicans (39%).\n\nDemocrats are deeply skeptical that Trump is avoiding potential conflicts of interest. Nearly seven-in-ten (69%) say that they are not at all confident that Trump keeps his business interests and his presidential decisions separate, while another 20% say they are not too confident in this. Liberal Democrats are particularly skeptical: Fully 83% say they are not at all confident in Trump to keep his business interests separate.\n\n---\n\n**Fewer than half are confident Trump keeps business interests separate**\n\n% who say they are ___ confident that Trump keeps his own business interests separate from the decisions he makes as president\n\n|    | Very | Somewhat | Not too | Not at all |\n|---|---|---|---|---|\n| Total | 28    | 13    | 16    | 41    |\n\n| Rep/Lean Rep | 55    | 23    | 10    | 10    |\n|---|---|---|---|---|\n| Conserv    | 66    | 22    | 5    | 4    |\n| Mod/Lib    | 39    | 26    | 16    | 19    |\n| Dem/Lean Dem | 5    | 20    | 69    |    |\n| Cons/Mod    | 7    | 27    | 60    |    |\n| Liberal    | 35    | 10    | 83    |    |\n\nNote: Don't know responses not shown.\nSource: Survey of U.S. adults conducted Jan. 9-14, 2019.\n\nPew Research Center"
    },
    "10": {
      "summary": "8\nPEW RESEARCH CENTER\n\nMost say Trump should release tax returns\n\nIn surveys over the past two years, a majority of Americans have said that Trump has a responsibility to release his tax returns. Currently, 64% say he has this responsibility, slightly higher than the share who said this last year. About a third of the public (32%) says he does not have this responsibility.\n\nFully 91% of Democrats and Democratic leaners say that Trump has a responsibility to publicly release his tax returns, up from about eight-in-ten who said this in both January 2018 (80%) and January 2017 (79%).\n\nBy contrast, most Republicans continue to say that Trump does not have a responsibility to release his tax returns: Just 32% say he has this responsibility, while 64% say he does not.\n\nMajority of Americans continue to say Trump has a responsibility to publicly release his tax returns\n\n% who say Trump has a responsibility to publicly release his tax returns\n\n<table>Jan 2017Jan 2018Jan 2019Total605764382832"
    },
    "11": {
      "summary": "9\nPEW RESEARCH CENTER\n\nTrump’s statements less trusted than those of previous presidents\n\nA majority of the public (58%) says they trust what Trump says less than they trusted what previous presidents said while in office. Just 26% say they trust Trump more than previous presidents, while 14% say their level of trust in Trump’s rhetoric is about the same as for past presidents.\n\nDistrust in Trump compared with other presidents has increased since April of 2017, when a somewhat smaller share (51%) said they trusted what Trump says less than previous presidents.\n\nAlmost all Democrats and Democratic leaners (94%) say they trust what Trump says less than they trusted what previous presidents said while in office.\n\nAmong Republicans and Republican leaners, most (58%) say they trust what Trump says more than previous presidents, while 25% say they trust what he says about the same as previous presidents; 15% say they trust his rhetoric less.\n\nMost place less trust in Trump’s statements than in previous presidents\n\n% who say they trust what Donald Trump says ___ than they trusted what previous presidents said\n\n<table>More thanAbout the same asLess thanTotal261458Rep/Lean Rep5825Dem/Lean Dem2494</table>\n\nNote: Don't know responses not shown.\nSource: Survey of U.S. adults conducted Jan. 9-14, 2019.\n\nPEW RESEARCH CENTER"
    },
    "12": {
      "summary": "10\nPEW RESEARCH CENTER\n\nLow marks for ethical standards of top administration officials\n\nViews of the ethical standards of top Trump administration officials remain at record lows compared with previous administrations dating back to the 1980s.\n\nOverall, 39% rate the ethical standards of top Trump administration officials as either excellent (7%) or good (32%). A much greater share describes them as either not good (20%) or poor (39%). These ratings are about the same as they were in May 2018.\n\nViews of Trump administration officials are lower than those of officials in the previous five administrations, often measured at times of specific ethical controversies.\n\nPartisans remain deeply divided on this question, with 76% of Republicans and Republican leaners saying that ethical standards of top administration officials are excellent or good (although only 16% say they are “excellent”), and 90% of Democrats and Democratic leaners saying that ethical standards of top Trump administration officials are not good or poor (with 67% saying they are “poor”).\n\nTrump officials’ ethics viewed less positively than predecessors’\n\n% who say ethical standards of top Trump administration officials are excellent/good\n\n| Trump | Jan 2019 | 39 |\n|-------|----------|----|\n|       | May 2018 | 39 |\n\n| Obama | June 2013 | 49 |\n|-------|-----------|----|\n| G.W. Bush | June 2006 | 44 |\n|       | Oct 2005 | 50 |\n|       | July 2005 | 55 |\n|       | July 2002 | 74 |\n\n| Clinton | Sep 1996* | 45 |\n|-------|------------|----|\n|       | Mar 1994    | 58 |\n\n| G.H.W. Bush | May 1989 | 59 |\n|---------------|----------|----|\n|               | Oct 1984* | 67 |\n|               | Sep 1984* | 64 |\n|               | Aug 1983   | 64 |\n\n*1984 and 1996 surveys based on registered voters.\nSource: Survey of U.S. adults conducted Jan. 9-14, 2019.\nTrend sources: Gallup, CNN, Gallup/CNN/USA Today, Washington Post, ABC News-Washington Post.\n\nPEW RESEARCH CENTER"
    },
    "13": {
      "summary": "11\nPEW RESEARCH CENTER\n\nTrump’s impact on economy seen as positive, on balance\n\nWhile the public is critical of Trump and his administration in multiple areas, they see Trump’s impact on the economy in a positive light. Overall, 40% think that Trump’s policies have made economic conditions better since taking office, compared with fewer (28%) who say they have made conditions worse; 29% say they have not had much of an effect.\n\nSince October 2017, the share saying Trump’s economic policies have not had much of an effect has declined 20 points.\n\nThere have been comparable increases in the shares who say his policies have made things better (+11 points) and worse (+10 points).\n\nPartisan views of Trump’s economic policies have become more polarized since the fall of 2017. Nearly eight-in-ten Republicans and Republican leaners (79%) say that his economic policies had improved conditions in the country (up from 63% in October 2017). Democrats and Democratic leaners, by contrast, have grown more negative in their views of Trump’s economic policies. Almost half (46%) of Democrats now say his policies have made the economy worse, up from 28% in October 2017.\n\nMore say Trump’s policies have made the economy better than worse\n\n% who say Donald Trump's economic policies have made economic conditions __ since taking office\n\n<table><td colspan=\"2\">Jan 2019BetterNot much effectWorseTotal402928</table>\n\n<table><td colspan=\"2\">Oct 2017BetterNot much effectWorseTotal294918</table>\n\n<table><td colspan=\"2\">Dec 2016BetterNot much effectWorseTotal296428</table>\n\nNote: Don't know responses not shown.\nSource: Survey of U.S. adults conducted Jan. 9-14, 2019.\n\nPEW RESEARCH CENTER"
    },
    "14": {
      "summary": "12\nPEW RESEARCH CENTER\n\nHow will Trump’s presidency be viewed in the long run?\n\nWhen asked if they think Donald Trump will be a successful or unsuccessful president in the long run, 47% say he will be unsuccessful, while about three-in-ten (29%) say he will be successful; 23% say it is too early to tell whether Trump will be successful or unsuccessful. Since last year, the share saying Trump will be successful and the share saying he will be unsuccessful have both increased by 6 percentage points.\n\nThe share who say it is too early to tell if Trump will be successful is much lower than at comparable points for previous presidents. At the start of Barack Obama’s third year in office, nearly half of the public (47%) said it was too early to tell whether he would be successful; 38% said this about George W. Bush and 43% about Clinton at comparable points.\n\nThe nearly half of Americans (47%) who now say Trump will be unsuccessful is far higher than the share who said this about his three most recent predecessors at comparable points in their first term.\n\nMore think Trump will be an unsuccessful than successful president in the long run\n\n% who say each will be a ___ president in the long run\n\n<table>SuccessfulUnsuccessfulToo early to tellJan 200158204Feb 2001341539Jan 2003382030N/ADec 2003Jan 2009652124Jan 2010522625Jan 2011472625Jan 2017342021Jan 2018412323Jan 2019232929</table>\n\nNote: Don't know responses not shown.\nSource: Survey of U.S. adults conducted Jan. 9-14, 2019.\n\nPEW RESEARCH CENTER"
    },
    "15": {
      "summary": "13\nPEW RESEARCH CENTER\n\nAbout two-thirds of Republicans and Republican-leaning independents (65%) say Trump will be a successful president in the long run.\n\nAn even larger share of Democrats and Democratic leaners (80%) think that Trump will be an unsuccessful president.\n\nRepublicans are slightly more likely than Democrats to say it is too early to tell whether Trump will be successful (25% vs. 16%).\n\nIn January 2011, about half of Republicans (47%) said Obama would be unsuccessful, while nearly as many (45%) said it was too early to tell. Among Democrats, 43% said Obama would be successful and 47% said it was too early to tell.\n\nRepublicans' views of Trump's long-term outlook are similar to how they viewed Bush in his third year. In December 2003, 69% of Republicans thought Bush would be successful; just 28% said it was too early to tell. Democrats' views of Bush were not as fully established: 37% thought he would be unsuccessful, while 43% said it was too early to tell.\n\nPartisans more likely to offer view on Trump's success than prior presidents\n\n% who say each will be a ___ president in the long run\n\n<table>SuccessfulUnsuccessfulToo early to tellTrump (Jan 2019)Rep/Lean Rep65925Dem/Lean Dem38016Obama (Jan 2011)Rep/Lean Rep74745Dem/Lean Dem43847Bush (Dec 2003)Rep/Lean Rep69328Dem/Lean Dem183743Clinton (Feb 1995)Rep/Lean Rep85435Dem/Lean Dem321351</table>\n\nNote: Don't know responses not shown.\nSource: Survey of U.S. adults conducted Jan. 9-14, 2019.\n\nPEW RESEARCH CENTER"
    },
    "16": {
      "summary": "14\nPEW RESEARCH CENTER\n\nViews of Mueller investigation\n\nOverall, 55% of the public says they are very or somewhat confident that Robert Mueller is conducting a fair investigation into Russian involvement in the 2016 election. A smaller share (41%) says they are not too or not at all confident in Mueller.\n\nThere is less public confidence in Trump to appropriately handle matters related to the counsel’s investigation. Just 37% are very or somewhat confident in Trump to handle matters related to the investigation appropriately, compared with 60% who say they are not too or not at all confident in Trump to do this.\n\nViews of the Mueller investigation – and Trump’s handling of the matter – remain deeply partisan.\n\nAbout seven-in-ten Democrats and Democratic leaners (72%) are at least somewhat confident in the fairness of Mueller’s investigation. Among Republicans and Republican leaners, a larger share says they are not too or not at all confident in Mueller (58%) than says they are very or somewhat confident in him (39%).\n\nWhen it comes to Trump’s handling of matters related to the investigation, fully 92% of Democrats express a lack of confidence in Trump, including 70% who say they are not at all confident in him. Three-quarters of Republicans say they are confident in Trump to handle the inquiry appropriately, including 42% who say they are very confident.\n\nMore confidence in Mueller investigation than in Trump to handle inquiry appropriately\n\n% who are ___ confident that Robert Mueller is conducting a fair investigation into Russian involvement in the 2016 election\n\n<table>Not at allNot tooSomewhatVeryTotal241724303622251411132448</table>\n\n% who are ___ confident that Donald Trump is handling matters related to the special counsel investigation appropriately\n\n<table>Not at allNot tooSomewhatVeryTotal4119181910143342702261</table>\n\nNote: Don’t know responses not shown.\nSource: Survey of U.S. adults conducted Jan 9-14, 2019.\n\nPEW RESEARCH CENTER"
    },
    "17": {
      "summary": "15\nPEW RESEARCH CENTER\n\nPublic confidence in Mueller investigation has changed little over the course of the past year\n\n% who are ___ confident that Robert Mueller is conducting a fair investigation into Russian involvement in the 2016 election\n\nSource: Survey of U.S. adults conducted Jan 9-14, 2019.\n\nPEW RESEARCH CENTER"
    },
    "18": {
      "summary": "16\nPEW RESEARCH CENTER"
    },
    "19": {
      "summary": "17\nPEW RESEARCH CENTER\n\n---\n\n**2. Views of nation’s economy, personal finances, job availability**\n\nOverall, Americans’ views of the current state of the national economy are little changed since a year ago. About half of adults (51%) rate national economic conditions as excellent (11%) or good (39%), while 49% characterize economic conditions as only fair (35%) or poor (14%).\n\nPositive views of economic conditions are buoyed by Republicans and Republican-leaning independents: 75% rate economic conditions as excellent or good. These ratings are little changed over the past year; Republican views of the economy have been much more positive since Trump’s election.\n\nRepublicans also remain more optimistic than Democrats in expectations for the economy a year from now: 46% expect economic conditions will be better a year from now, while just 12% of Democrats say this.\n\nHowever, GOP optimism has declined since September, when 57% of Republicans said they expected conditions would be better; still, just 6% of Republicans expect conditions will worsen.\n\n---\n\nSource: Survey of U.S. adults conducted Jan. 9-14, 2019.\n\nPEW RESEARCH CENTER"
    },
    "20": {
      "summary": "18\nPEW RESEARCH CENTER\n\n(45% say they will stay about the same). Views among Democrats are little changed since September: 12% expect economic conditions to improve in the next year, 41% say they will get worse, while 45% expect things to stay about the same.\n\nOverall, there has been little recent change in Americans' views of their personal financial situation. Today, about half (51%) say their personal financial situation is in excellent or good shape, while about as many say they are in only fair or poor shape (48%).\n\nAs was the case in September, there is a sizable partisan gap in these views. Republicans continue to be more likely than Democrats (62% vs. 44%) to rate their personal financial situation as excellent or good.\n\nRepublicans also remain more likely than Democrats (84% to 60%) to say they expect their finances to improve over the next year.\n\nSource: Survey of U.S. adults conducted Jan. 9-14, 2019.\n\nPEW RESEARCH CENTER"
    },
    "21": {
      "summary": "19\nPEW RESEARCH CENTER\n\nPublic’s view of local job availability most positive in decades\n\n% saying ___ in their community\n\n<table>01'03'05'07'09'11'13'15'17'19Jobs are difficult to find42444546474849505152Plenty of jobs available43444546474849"
    },
    "22": {
      "summary": "20\nPEW RESEARCH CENTER\n\n---\n\nAs is the case with other economic measures, there is a sizable partisan gap in views of job availability. Currently, 71% of Republicans say there are plenty of jobs available, compared with 53% of Democrats. In October 2017, 58% of Republicans and 47% of Democrats viewed jobs as widely available locally.\n\nIn both parties, views of local job opportunities are among the most positive as at any point in the last two decades.\n\nThough a majority of adults say there are plenty of jobs available in their communities, a separate question finds that “good jobs” are seen as less widely available.\n\nAbout half (48%) say there are plenty of good jobs available in their communities, compared with 45% who say that good jobs are difficult to find. The trajectory of opinion on this question is also positive. In June 2016, just 31% said there were plenty of good jobs available.\n\n---\n\nPerceptions of job availability rise in both parties, especially the GOP\n\n% who say there are plenty of jobs available in the community where they live\n\nSource: Survey of U.S. adults conducted Jan. 9-14, 2019.\n\nPEW RESEARCH CENTER\n\n---\n\nAs in the past, a gap in views of the availability of jobs and ‘good jobs’\n\n% saying ___ in their community\n\n| Jobs are difficult to find | Plenty of jobs available | DK/Ref |\n|---------------------------|------------------------|--------|\n| Total                     | 33                     | 60     |\n| Rep/Lean Rep            | 23                     | 71     |\n| Dem/Lean Dem            | 39                     | 53     |\n\nGOOD jobs are difficult to find | Plenty of GOOD jobs available | DK/Ref |\n|--------------------------------|--------------------------------|---------|\n| Total                          | 45                         | 48      |\n| Rep/Lean Rep                | 36                         | 58      |\n| Dem/Lean Dem                | 55                         | 39      |\n\nSource: Survey of U.S. adults conducted Jan. 9-14, 2019.\n\nPEW RESEARCH CENTER"
    },
    "23": {
      "summary": "21\nPEW RESEARCH CENTER\n\nMost Americans say incomes are at least keeping pace with cost of living\n\nA majority of Americans (54%) say either that their family's income is going up faster than the cost of living (11%) or staying about even (43%). About four-in-ten (44%) say their incomes are falling behind the cost of living.\n\nDemographic, partisan differences in views of whether family incomes are keeping up with cost of living\n\n% who say their family’s income relative to the cost of living is ...\n\n| Family income | 18-29 | 30-49 | 50-64 | 65+ |\n|---------------|-------|-------|--------|------|\n| $75K+        | 19    | 55     | 26     |      |\n| $30K-$75K    | 6     | 48     | 45     |      |\n| <$30K         | 25    | 69     |        |      |\n\nThere are substantial demographic differences in these evaluations. For instance, 58% of blacks say their family's income is falling behind the cost of living – much higher than the percentages of whites (42%) or Hispanics (46%) who say this.\n\nOverall, 69% of adults with family incomes below $30,000 say they are falling behind the cost of living; that compares with just 26% of those with incomes of at least $75,000.\n\nPew Research Center\n\nNotes: Whites and blacks include only those who are not Hispanic; Hispanics are of any race. Don't know responses not shown.\nSource: Survey of U.S. adults conducted Jan. 9-14, 2019.\n\nPew Research Center"
    },
    "24": {
      "summary": "22\nPEW RESEARCH CENTER\n\nViews of Wall Street’s impact on the economy\n\nNearly half of Americans (46%) say that Wall Street helps the U.S. economy more than it hurts, while 39% say Wall Street hurts the economy more than it helps. Views about Wall Street’s impact on the economy are little changed since 2014. In 2011 and 2012, more said that Wall Street hurt than helped the nation’s economy.\n\nAs in the past, these views are divided along partisan lines. More Republicans say that on balance, Wall Street helps the economy more than it hurts it (55% vs. 31%).\n\nDemocrats are more divided on Wall Street’s impact: About as many say Wall Street does more to hurt the economy (46%) as say it does more to help (41%)."
    },
    "25": {
      "summary": "23\nPEW RESEARCH CENTER\n\nViews of national conditions turn more negative\n\nSeven-in-ten Americans now say they are dissatisfied with the way things are going in this country, while only about (26%) say that they are satisfied.\n\nPublic satisfaction with the state of nation dips; GOP satisfaction lowest in a year\n\n% who say they are ___ with the way things are going in this country today\n\nToday, as many Republicans and Republican leaners say they are dissatisfied with the way things are going in the country as say they are satisfied (47% each). This is a 12-percentage-point drop in satisfaction from September (when 59% of Republicans said they were satisfied and 35% were dissatisfied), and the lowest GOP satisfaction rating since late 2017.\n\nJust 8% of Democrats now say they are satisfied with the state of the nation, while 90% express dissatisfaction. While satisfaction among Democrats has dropped modestly since September (from 14%), no more than 16% of Democrats have expressed satisfaction with the way things are going in the country at any point during Trump’s presidency.\n\nNote: Don’t know responses not shown.\nSource: Survey of U.S. adults conducted Jan. 9-14, 2019.\n\nPew Research Center"
    },
    "26": {
      "summary": "24\nPEW RESEARCH CENTER\n\nAcknowledgements\n\nThis report is a collaborative effort based on the input and analysis of the following individuals:\n\nResearch team\nCarroll Doherty, Director, Political Research\nJocelyn Kiley, Associate Director, Political Research\nAlec Tyson, Senior Researcher\nBradley Jones, Research Associate\nBaxter Oliphant, Research Associate\nHannah Hartig, Research Analyst\nAmina Dunn, Research Assistant\nJohn LaLoggia, Research Assistant\nHaley Davie, Intern\n\nCommunications and editorial\nBridget Johnson, Communications Manager\n\nGraphic design and web publishing\nAlissa Scheller, Information Graphics Designer\nSara Atske, Assistant Digital Producer"
    },
    "27": {
      "summary": "25\nPEW RESEARCH CENTER\n\n---\n\nThe analysis in this report is based on telephone interviews conducted January 9-14, 2019 among a national sample of 1,505 adults, 18 years of age or older, living in all 50 U.S. states and the District of Columbia (388 respondents were interviewed on a landline telephone, and 1,117 were interviewed on a cell phone, including 724 who had no landline telephone). The survey was conducted by interviewers under the direction of SSRS. A combination of landline and cell phone random digit dial samples were used; both samples were provided by Marketing Systems Group. Interviews were conducted in English and Spanish. Respondents in the landline sample were selected by randomly asking for the youngest adult male or female who is now at home. Interviews in the cell sample were conducted with the person who answered the phone, if that person was an adult 18 years of age or older. Within the cell phone RDD frame, two strata were defined: numbers flagged as a pre-paid phone and numbers not flagged as such. Numbers servicing a pre-paid phone were sampled at a somewhat higher rate than other numbers. The weighting procedure corrected for the different sampling rates. For detailed information about our survey methodology, see http://www.pewresearch.org/methodology/u-s-survey-research/.\n\nThe combined landline and cell phone sample is weighted using an iterative technique that matches gender, age, education, race, Hispanic origin and nativity and region to parameters from the 2016 Census Bureau's American Community Survey one-year estimates and population density to parameters from the Decennial Census. The sample also is weighted to match current patterns of telephone status (landline only, cell phone only, or both landline and cell phone), based on extrapolations from the 2016 National Health Interview Survey. The weighting procedure also accounts for the fact that respondents with both landline and cell phones have a greater probability of being included in the combined sample and adjusts for household size among respondents with a landline phone. To account for the oversample of pre-paid cell phone sample, an adjustment was made to the data before the sample was balanced to population parameters. The sample was adjusted so that the proportion of prepaid numbers in the entire sample matched the proportion of prepaid numbers in the base sample. The margins of error reported and statistical tests of significance are adjusted to account for the survey’s design effect, a measure of how much efficiency is lost from the weighting procedures."
    },
    "28": {
      "summary": "26\nPew Research Center\n\nThe following table shows the unweighted sample sizes and the error attributable to sampling that would be expected at the 95% level of confidence for different groups in the survey:\n\n| Survey conducted January 9-14, 2019 | Unweighted sample size | Plus or minus ... |\n|-----------------------------------|--------------------------|-------------------|\n| Group                           | 1,505                    | 3.0 percentage points |\n| Total sample                   |                          |                   |\n| Half form                     | At least 740              | 4.3 percentage points |\n| Rep/Lean Rep                 | 657                      | 4.5 percentage points |\n| Dem/Lean Dem                 | 736                      | 4.3 percentage points |\n\nSample sizes and sampling errors for other subgroups are available upon request.\n\nIn addition to sampling error, one should bear in mind that question wording and practical difficulties in conducting surveys can introduce error or bias into the findings of opinion polls.\n\nPew Research Center undertakes all polling activity, including calls to mobile telephone numbers, in compliance with the Telephone Consumer Protection Act and other applicable laws.\n\nPew Research Center is a nonprofit, tax-exempt 501(c)(3) organization and a subsidiary of The Pew Charitable Trusts, its primary funder."
    }
  }
}
