{
  "doc_id": "reportq32015-151009093138-lva1-app6891_95.pdf",
  "pages": {
    "1": {
      "summary": "1.  Vietnamese 2. Mobile Apps 3. Report 4. Q3 2015"
    },
    "2": {
      "summary": "本页面由APPOTA提供，请勿修改。"
    },
    "3": {
      "summary": "1. Appoita releases a mobile market report providing references for mobile developers and publishers to Vietnam market. This research is based on data from Q3/2015 on the Appoita platform. The report also uses public data provided from various sources.\n\nThe report also uses public data provided from various sources.\n\n---\n\n**Appoita Inc.**  \nVietnam Mobile Apps Report Q3 2015  \n\nSlide 3"
    },
    "4": {
      "summary": "1. Global mobile market\n2. Vietnam mobile market\n3. State of mobile advertising in Vietnam\n4. Appota news"
    },
    "5": {
      "summary": "1. State the global mobile apps market and the most important figures\n2. State the global mobile apps market and the most important figures\n3. State the global mobile apps market and the most important figures\n4. State the global mobile apps market and the most important figures"
    },
    "6": {
      "summary": "2023 Global OS share trend in the last 3 years\n\n<table>YearAndroidiOSWindows PhoneBlackBerryQ2 201218%82%Q2 201319%81%Q2 201420%80%Q2 201521%79%13,9%</table>"
    },
    "7": {
      "summary": "8%\n<table><table><table><table><table><table>EarlieriOS 8iOS 951%41%8%</table></table>"
    },
    "8": {
      "summary": "1. While the current Android Lollipop is gaining momentum taking up 21% (inclusive of Android 5.0 and 5.1), majority of Android devices are still running on KitKat which stands at 39.2%."
    },
    "9": {
      "summary": "44.6%"
    },
    "10": {
      "summary": " * million\n\nThe number of apps in the Google Play Store grew by more than 50% last year, Google Play has over 1.6 million available apps, compared to just 1.5 million for Apple's App Store, a difference of about 17%.\n\n<table>2012201320142015Apptoa Inc.0.50.350.81.25Vietnam Mobile Apps Report Q3 20151.3Source:1.5Statista, AppFigures1.6</table>"
    },
    "11": {
      "summary": "45.37 billion dollars in revenues in 2015. Mobile e-commerce is projected to account for 300 billion U.S. dollars of mobile sales.\n\nPlease note that the revenue values are approximate and rounded for simplicity."
    },
    "12": {
      "summary": "<summary> tags. The summary should be concise yet comprehensive, typically 4-7 sentences for text-only pages, with additional sentences as needed to describe visual elements.\n\nFor visual elements, please use these specific tags:\n- <table_summary> for descriptions of tables\n- <figure_summary> for descriptions of figures, charts, graphs, or diagrams\n- <image_summary> for descriptions of photos, illustrations, or other images\n\nExample structure:\n<summary>\n[Main text content summary here]\n\n<table><table>Appota Inc.Vietnam Mobile Apps Report Q3 2015</table></summary>"
    },
    "13": {
      "summary": "1. 2. 3. 4."
    },
    "14": {
      "summary": "3G connection speed in Vietnam (Compared to others in SEA)\n\n* Mbps\n\n<table>Thailand2,3Philippines0,1Vietnam</table>\n\nEricsson Mobility Report\n\nSource: Appota Inc. Vietnam Mobile Apps Report Q3 2015\n\nAppota, Facebook Slide 14"
    },
    "15": {
      "summary": "1. iOS 9 has seen a big adoption rate since its first release this quarter. 2. Q2/2015 3. Q3/2015 4. iOS 9 5. iOS 8 6. iOS 7 7. iOS 6 8. iOS 9 9. Q2/2015 10. Q3/2015"
    },
    "16": {
      "summary": "1. Lollipop, Google's latest OS has a big rate of adoption. The OS accounts for 35% of total Android users.\n2. Lollipop\n3. Q3/2015\n4. Q2/2015\n5. Q3/2015\n6. Q2/2015\n7. Q3/2015\n8. Q2/2015\n9. Q3/2015\n10. Q2/2015\n11. Q3/2015\n12. Q2/2015\n13. Q3/2015\n14. Q2/2015\n15. Q3/2015\n16. Q2/2015\n17. Q3/2015\n18. Q2/2015\n19. Q3/2015\n20. Q2/2015\n21. Q3/2015\n22. Q2/2015\n23. Q3/2015\n24. Q2/2015\n25. Q3/2015\n26. Q2/2015\n27. Q3/2015\n28. Q2/2015\n29. Q3/2015\n30. Q2/2015\n31. Q3/2015\n32. Q2/2015\n33. Q3/2015\n34. Q2/2015\n35. Q3/2015\n36. Q2/2015\n37. Q3/2015\n38. Q2/2015\n39. Q3/2015\n40. Q2/2015\n41. Q3/2015\n42. Q2/2015\n43. Q3/2015\n44. Q2/2015\n45. Q3/2015\n46. Q2/2015\n47. Q3/2015\n48. Q2/2015\n49. Q3/2015\n50. Q2/2015\n51. Q3/2015\n52. Q2/2015\n53. Q3/2015\n54. Q2/2015\n55. Q3/2015\n56. Q2/2015\n57. Q3/2015\n58. Q2/2015\n59. Q3/2015\n60. Q2/2015\n61. Q3/2015\n62. Q2/2015\n63. Q3/2015\n64. Q2/2015\n65. Q3/2015\n66. Q2/2015\n67. Q3/2015\n68. Q2/2015\n69. Q3/2015\n70. Q2/2015\n71. Q3/2015\n72. Q2/2015\n73. Q3/2015\n74. Q2/2015\n75. Q3/2015\n76. Q2/2015\n77. Q3/2015\n78. Q2/2015\n79. Q3/2015\n80. Q2/2015\n81. Q3/2015\n82. Q2/2015\n83. Q3/2015\n84. Q2/2015\n85. Q3/2015\n86. Q2/2015\n87. Q3/2015\n88. Q2/2015\n89. Q3/2015\n90. Q2/2015\n91. Q3/2015\n92. Q2/2015\n93. Q3/2015\n94. Q2/2015\n95. Q3/2015\n96. Q2/2015\n97. Q3/2015\n98. Q2/2015\n99. Q3/2015\n100. Q2/2015"
    },
    "17": {
      "summary": "1. Samsung retained the leadership position by a wide margin, attracted more users than the next five vendors combined.\n2. Samsung retained the leadership position by a wide margin, attracted more users than the next five vendors combined.\n3. Samsung retained the leadership position by a wide margin, attracted more users than the next five vendors combined.\n4. Samsung retained the leadership position by a wide margin, attracted more users than the next five vendors combined.\n5. Samsung retained the leadership position by a wide margin, attracted more users than the next five vendors combined.\n6. Samsung retained the leadership position by a wide margin, attracted more users than the next five vendors combined.\n7. Samsung retained the leadership position by a wide margin, attracted more users than the next five vendors combined.\n8. Samsung retained the leadership position by a wide margin, attracted more users than the next five vendors combined.\n9. Samsung retained the leadership position by a wide margin, attracted more users than the next five vendors combined.\n10. Samsung retained the leadership position by a wide margin, attracted more users than the next five vendors combined.\n11. Samsung retained the leadership position by a wide margin, attracted more users than the next five vendors combined.\n12. Samsung retained the leadership position by a wide margin, attracted more users than the next five vendors combined.\n13. Samsung retained the leadership position by a wide margin, attracted more users than the next five vendors combined.\n14. Samsung retained the leadership position by a wide margin, attracted more users than the next five vendors combined.\n15. Samsung retained the leadership position by a wide margin, attracted more users than the next five vendors combined.\n16. Samsung retained the leadership position by a wide margin, attracted more users than the next five vendors combined.\n17. Samsung retained the leadership position by a wide margin, attracted more users than the next five vendors combined.\n18. Samsung retained the leadership position by a wide margin, attracted more users than the next five vendors combined.\n19. Samsung retained the leadership position by a wide margin, attracted more users than the next five vendors combined.\n20. Samsung retained the leadership position by a wide margin, attracted more users than the next five vendors combined.\n21. Samsung retained the leadership position by a wide margin, attracted more users than the next five vendors combined.\n22. Samsung retained the leadership position by a wide margin, attracted more users than the next five vendors combined.\n23. Samsung retained the leadership position by a wide margin, attracted more users than the next five vendors combined.\n24. Samsung retained the l"
    },
    "18": {
      "summary": "1. Use clear and concise language.\n2. Avoid unnecessary jargon or technical terms.\n3. Maintain a logical flow of information.\n4. Provide context for the information presented.\n5. Check for accuracy and completeness of the summary.\n\nThe summary should be written in markdown format, using HTML tags where necessary. Ensure the summary is formatted correctly for the target audience, which in this case is likely to be someone reviewing the document."
    },
    "19": {
      "summary": "1,4\n\nDevices pr. person\n\n55 and over  \n45 – 54 years  \n35 – 44 years  \n25 – 34 years  \nUnder 25 years  \n\nperson under 44 use a smartphone\n\nSource: \nGoogle Dev\n\nAppota Inc.\nVietnam Mobile Apps Report Q3 2015\n\nSlide 19"
    },
    "20": {
      "summary": "1. Read the page carefully.\n2. Identify the main topics, key points, and important details presented on the page.\n3. Note any tables, figures, charts, diagrams, or images on the page and briefly describe their content and purpose.\n4. Create a structured summary that captures:\n   - The essential textual information from the page\n   - Descriptions of any visual elements (tables, figures, images, etc.)\n   - Any particularly notable or unique information\n\nPlease note that this is a template and you should customize it according to the specific page you are summarizing."
    },
    "21": {
      "summary": "本页面提供关于移动应用程序广告的详细信息，包括非定向和定向网络模型、常见广告类型以及移动应用程序广告平台。\n\n<table>Non-incentive adsMost popular non-incentive ad-networksMobile Web adsAdMob by GoogleIn-app adsfSearch adsAdFlexVideo adsadmicroSMS/MMS adsAdTimeIncentive adsMost popular incentive ad-networksIncentive reward platformAPPDAILYtozacoKiemxuADWAYS VIETNAMiCoin</table>"
    },
    "22": {
      "summary": "86,2%\nSmartphone\n\n13%\nTablet\n\n0,9%\nFeature phone\n\n84%\nAd impressions on mobile apps.\n\n16%\nAd impressions on mobile websites.\n\nSource: Appota Inc.\nVietnam Mobile Apps Report Q3 2015\nInmobi\nSlide 22"
    },
    "23": {
      "summary": "32%\nOf total impression\n\n<table>SourceSlide23</table>"
    },
    "24": {
      "summary": "1. Carefully read and analyze the page content.\n2. Identify the main topics, key points, and important details presented on the page.\n3. Note any tables, figures, charts, diagrams, or images on the page and briefly describe their content and purpose.\n4. Create a structured summary that captures:\n   - The essential textual information from the page\n   - Descriptions of any visual elements (tables, figures, images, etc.)\n   - Any particularly notable or unique information\n\nPlease follow these steps to create your summary:\n\n1. Carefully read and analyze the page content.\n2. Identify the main topics, key points, and important details presented on the page.\n3. Note any tables, figures, charts, diagrams, or images on the page and briefly describe their content and purpose.\n4. Create a structured summary that captures:\n   - The essential textual information from the page\n   - Descriptions of any visual elements (tables, figures, images, etc.)\n   - Any particularly notable or unique information\n\nExample structure:\n<summary>\n[Main text content summary here]\n\n<table><tbody>Appota Inc.<br/>Vietnam Mobile Apps Report Q3 2015Source:<br/>Adsota</tbody></table>"
    },
    "25": {
      "summary": "46% Find a good deal on something\n\n44% Learn about a brand\n\n33% Locate something nearby\n\nSource: Vietnam Mobile Apps Report Q3 2015\nSource: Appota Inc.\nSlide 25"
    },
    "26": {
      "summary": "0,01 - 0,03 $ | 0,3 - 0,4 $ | 1 - 2 $ | 0,5 - 1 $ | 1 - 2 $ thousand of impressions\n\nSource: Apopta Inc.\nVietnam Mobile Apps Report Q3 2015 | Adsota | Slide 26"
    },
    "27": {
      "summary": "1. Mobile incentive reward platform\n2. Mobile incentive reward platform boom in Vietnam with many names entering the market, each player providing approximately 5 - 20k installs a day.\n\nPlease note that the provided text is a template and may need to be customized based on the actual content of the document you are analyzing."
    },
    "28": {
      "summary": "<summary> tags. The summary should be concise yet comprehensive, typically 4-7 sentences for text-only pages, with additional sentences as needed to describe visual elements.\n\nFor visual elements, please use these specific tags:\n- <table_summary> for descriptions of tables\n- <figure_summary> for descriptions of figures, charts, graphs, or diagrams\n- <image_summary> for descriptions of photos, illustrations, or other images\n\nExample structure:\n<summary>\n[Main text content summary here]\n\n<table><table>Apptoa Inc.Vietnam Mobile Apps Report Q3 2015</table></summary>"
    },
    "29": {
      "summary": "1. Carefully read and analyze the page content.\n2. Identify the main topics, key points, and important details presented on the page.\n3. Note any tables, figures, charts, diagrams, or images on the page and briefly describe their content and purpose.\n4. Create a structured summary that captures:\n   - The essential textual information from the page\n   - Descriptions of any visual elements (tables, figures, images, etc.)\n   - Any particularly notable or unique information\n\nPlease follow these steps to create your summary:\n\n1. Carefully read and analyze the page content.\n2. Identify the main topics, key points, and important details presented on the page.\n3. Note any tables, figures, charts, diagrams, or images on the page and briefly describe their content and purpose.\n4. Create a structured summary that captures:\n   - The essential textual information from the page\n   - Descriptions of any visual elements (tables, figures, images, etc.)\n   - Any particularly notable or unique information\n\nPresent your summary within <summary> tags. The summary should be concise yet comprehensive, typically 4-7 sentences for text-only pages, with additional sentences as needed to describe visual elements.\n\nFor visual elements, please use these specific tags:\n- <table_summary> for descriptions of tables\n- <figure_summary> for descriptions of figures, charts, graphs, or diagrams\n- <image_summary> for descriptions of photos, illustrations, or other images\n\nExample structure:\n<summary>\n[Main text content summary here]\n\n<table><table>Appota Inc.Source:Vietnam Mobile Apps Report Q3 2015AppotaSlide 29</table></table>"
    },
    "30": {
      "summary": "1. 2. 3. 4."
    },
    "31": {
      "summary": "1. Appreciate the importance of user experience in app development.\n2. Understand the role of user experience design in creating successful mobile apps.\n3. Recognize the impact of user experience on user satisfaction and app success.\n4. Learn how to conduct user research and gather insights for improving the user experience.\n5. Develop strategies for testing and iterating on the user experience based on feedback and data analysis.\n6. Apply best practices for designing intuitive and accessible interfaces.\n7. Stay updated on emerging trends and technologies in user experience design.\n\nApp: 1. Appreciate the importance of user experience in app development.\n2. Understand the role of user experience design in creating successful mobile apps.\n3. Recognize the impact of user experience on user satisfaction and app success.\n4. Learn how to conduct user research and gather insights for improving the user experience.\n5. Develop strategies for testing and iterating on the user experience based on feedback and data analysis.\n6. Apply best practices for designing intuitive and accessible interfaces.\n7. Stay updated on emerging trends and technologies in user experience design.\n\nSlide: 31"
    },
    "32": {
      "summary": "100,000+installs/week\n\nLịch Như Ý\n\n40,000+installs/week\n\nQuý kiểm 3D\n\n<table>TOP 3 CAMPAIGNSAì Mỹ Nhân"
    },
    "33": {
      "summary": "1,134,462 Total fans  \n1,134,462 New page likes/week  \n15,681 Avg reach/post  \n\nUser engagement/week  \n2,164,246  \n125,000"
    },
    "34": {
      "summary": "<summary> tags. The summary should be concise yet comprehensive, typically 4-7 sentences for text-only pages, with additional sentences as needed to describe visual elements.\n\nFor visual elements, please use these specific tags:\n- <table_summary> for descriptions of tables\n- <figure_summary> for descriptions of figures, charts, graphs, or diagrams\n- <image_summary> for descriptions of photos, illustrations, or other images\n\nExample structure:\n<table_summary>\n[Main text content summary here]\n</table_summary>\n\n<figure_summary>\n[Main text content summary here]\n</figure_summary>\n\n<image_summary>\n[Main text content summary here]\n</image_summary>\n\n</summary>"
    }
  }
}
