{
  "doc_id": "StudentSupport_Guidebook.pdf",
  "pages": {
    "1": {
      "summary": "1. Carefully read and analyze the page content.\n2. Identify the main topics, key points, and important details presented on the page.\n3. Note any tables, figures, charts, diagrams, or images on the page and briefly describe their content and purpose.\n4. Create a structured summary that captures:\n   - The essential textual information from the page\n   - Descriptions of any visual elements (tables, figures, images, etc.)\n   - Any particularly notable or unique information\n\nIf you have any questions after reading through this guidebook, please contact Student Support at Student Affairs Office via email at SAOstudentsupport@ntu.edu.sg or call on us at Student Services Centre, Level 4."
    },
    "2": {
      "summary": "1. **Ms Tan Siok San**\n   - Director, Student Affairs Office\n   - Student and Academic Services Department\n\n**Welcome to Nanyang Technological University (NTU).**\n\nThank you for choosing us as your partner in this knowledge-driven journey. We believe that your student experience and campus life in NTU will be one of significant personal growth, discovery and learning.\n\nNTU is a cosmopolitan residential campus. In this microcosm of the globe, you will experience meeting talented and dynamic students, professors and researchers representing over 100 nationalities around the world. You may even be engaging intellectual giants, from Nobel Laureates to National Geographic adventurers. Find time to explore the abundant wildlife in our beautiful campus. Immerse in new and exciting teaching, learning and leisure facilities. Take a stroll along our North Spine Plaza and discover the variety of food and services available to suit all tastes and pockets.\n\nHelping you to complete this journey at NTU is the Student Affairs Office (SAO). Our welcome programmes will pave the way for you to adjust to the local environment, learn about local health issues, and forge friendships that open doors to new cultures, fresh ideas and perspectives. Our One-Stop Centre caters for most student support matters such as payment and submission of important documents. If you have a disability, come and talk to our officers at the Accessible Education Unit @SAO. There is always something that we can do to make your stay more enjoyable.\n\nI wish you an enriching learning experience here with us at NTU!"
    },
    "3": {
      "summary": "4\nAbout Nanyang Technological University ...... 4\nTravelling within Campus ...... 5\nStudent Services Section at Student Affairs Office ... 6\n\n: 8\nBEFORE LEAVING HOME ...... 8\n\n: 10\nARRIVAL ...... 10\nHow to Get to NTU ...... 11\nCheck-In to Your Housing ...... 12\nRegister with SAO-Student Support ...... 13\nMatriculation ...... 13\nBank Account ...... 13\nNetwork and Office 365 EDU Accounts ...... 14\nUpdate Your Particulars ...... 14\nMobile Phone ...... 14\nOrientations and Welcome Events ...... 14\nA Vibrant Student Life ...... 14\n\n: 15\nIMMIGRATION ...... 15\nStudent's Pass ...... 16\nMedical Examination ...... 17\nOverstaying ...... 17\nSocial Visit Pass\n(For Spouses and Children of\nFull-Time Graduate Students) ...... 17\nUseful Contacts of Ministries ...... 17\n\n: 18\nHEALTH, WELLNESS AND INSURANCE ...... 18\nGeneral Medical Care ...... 19\nMedical Emergencies ...... 20\nAcademic Counselling ...... 21\nPastoral Care ...... 21\nCounselling ...... 21\nStay Healthy ...... 22\nInsurance ...... 22\n\nAll information provided is correct at the time of printing. For the latest update, please refer to www.ntu.edu.sg/SAO/Studentsupport\nAll amounts listed are in Singapore dollars.\nAll images of Singapore are courtesy of Singapore Tourism Board.\n\n: 24\nEMERGENCY HOTLINES ...... 24\nWho to Call ...... 25\n\n: 26\nACADEMIC CALENDAR AND UNIVERSITY HOLIDAYS ...... 26\n2016-2017 Academic Calendar ...... 27\nUniversity Holidays ...... 28\nAcademic Services ...... 28\n\n: 29\nYOUR LEARNING ENVIRONMENT ...... 29\ne-learning and Mobile Learning ...... 30\nIT Services ...... 30\nComputer Ownership Scheme ...... 30\nComputing Facilities and Learning Spaces ...... 30\nNTU Libraries ...... 31\n\n: 32\nSTUDENT LIFE @ NTU ...... 32\nStudent Organisations ...... 33\nSports and Games ...... 33\nMeals on Campus ...... 34\nPostal, Banking and Retail ...... 34\n\n: 36\nMANAGING FINANCE ...... 36\nEstimated Living Costs ...... 36\nFinancial Assistance ...... 36\nPart-Time Employment ...... 36\n\n: 37\nABOUT SINGAPORE ...... 37\nExperience Singapore ...... 39\nTravelling within Singapore ...... 43"
    },
    "4": {
      "summary": "1. Young and research-intensive, Nanyang Technological University (NTU Singapore) is ranked 13th globally. It is also placed First amongst the world’s best young universities.\n2. The university has colleges of Engineering, Business, Science, Humanities, Arts, & Social Sciences, and an Interdisciplinary Graduate School. It also has a medical school, Lee Kong Chian School Of Medicine, set up jointly with Imperial College London.\n3. NTU is also home to world-class autonomous entities such as the National Institute Of Education, S Rajaratnam School Of International Studies, Earth Observatory of Singapore, and Singapore Centre on Environmental Life Sciences Engineering.\n4. NTU provides a high-quality global education to about 33,000 undergraduate and postgraduate students. The student body includes top scholars and international olympiad medallists from the region and beyond.\n5. Hailing from 80 countries, the university’s 4,300-strong faculty and research staff bring dynamic international perspectives and years of solid industry experience.\n6. Young and research-intensive, Nanyang Technological University (NTU Singapore) is ranked 13th globally. It is also placed First amongst the world’s best young universities.\n7. The university has colleges of Engineering, Business, Science, Humanities, Arts, & Social Sciences, and an Interdisciplinary Graduate School. It also has a medical school, Lee Kong Chian School Of Medicine, set up jointly with Imperial College London.\n8. NTU is also home to world-class autonomous entities such as the National Institute Of Education, S Rajaratnam School Of International Studies, Earth Observatory of Singapore, and Singapore Centre on Environmental Life Sciences Engineering.\n9. NTU provides a high-quality global education to about 33,000 undergraduate and postgraduate students. The student body includes top scholars and international olympiad medallists from the region and beyond.\n10. Hailing from 80 countries, the university’s 4,300-strong faculty and research staff bring dynamic international perspectives and years of solid industry experience.\n11. Young and research-intensive, Nanyang Technological University (NTU Singapore) is ranked 13th globally. It is also placed First amongst the world’s best young universities.\n12. The university has colleges of Engineering, Business, Science, Humanities, Arts, & Social Sciences, and an Interdisciplinary Graduate School. It also has a medical school, Lee Kong Chian School Of Medicine, set up jointly with Imperial College London.\n13. NTU is also home to world-class autonomous entities such as the National Institute Of Education, S Rajaratnam School Of International Studies, Earth Observatory of Singapore, and Singapore Centre on Environmental Life Sciences Engineering.\n14. NTU provides a"
    },
    "5": {
      "summary": "1. Clearly identify the main topic or subject of the page.\n2. Summarize the main ideas or arguments presented in the text.\n3. Highlight key findings, conclusions, or recommendations.\n4. Use bullet points or numbered lists if appropriate to organize the summary.\n5. Avoid unnecessary details or repetition.\n\nThe provided example is a basic outline for a university course assignment. Depending on the specific requirements and guidelines provided by your instructor or institution, you may need to adapt this structure or include additional sections such as references, citations, or further analysis."
    },
    "6": {
      "summary": "1. Pre-arrival information\n2. Student's Pass application\n3. Immigration matters\n4. Insurance\n5. Advice on pastoral care\n6. Crisis support\n7. Part-time employment endorsement\n\nWe also organise programmes to promote cross-cultural understanding and interaction. All NTU students are welcome to attend our events and activities, which include:\n\n- Orientation\n- Campus Tours\n- Coffee Sessions\n- Community Service\n- Cultural Tours and Outings\n- Festive Open House\n- Host Family Programmes\n- Luncheons\n- Pre-Graduation Seminars\n- Grow, Embrace and Learn (G.E.L) Programme\n\nMailing Address\nStudent Affairs Office (SAO)\nStudent and Academic Services Department\nNanyang Technological University\n42, Nanyang Avenue #04-02,\nStudent Services Centre\nSingapore 639815\n\nOffice Hours\nMonday to Thursday : 8.30am to 5.45pm\nFriday : 8.30am to 5.15pm\nEve of Public Holidays : 8.30am to 12noon\nSaturday, Sunday and Public Holidays : Closed\n\nLocate Us\nYou can locate us at the 4th level of the Student Services Centre. Visit http://maps.ntu.edu.sg/maps#q:student%20services%20centre"
    },
    "7": {
      "summary": "1. Summarize the page content in a concise manner.\n2. Use clear and descriptive headings for each section.\n3. Avoid unnecessary jargon and technical terms.\n4. Maintain a logical flow of information.\n5. Provide context where necessary.\n\nHere's an example of a summary for the page you provided:\n\nThe One Stop @ SAC is the nerve centre and information counter for visitors with general enquiries about the university. One Stop is a strategic initiative to deliver high-quality, innovative and integrated student services which include general enquiries, application, submission and collection of documents and payment for NTU services. Additionally, two IT service desk counters are included to assist students. It is important to note that One Stop @ SAC is a cashless office. Students may choose to opt for other modes of payment such as credit card, E-nets, EZ card, Nets flash pay, cheque or telegraphic transfer.\n\nContact One Stop @ SAC\nYou can contact One Stop @ SAC via our general hotline, email or come personally to our Centre should you require any assistance.\n\nTelephone: (65) 6592 3626 (during office hours)\nEmail: ossac@ntu.edu.sg\n\nMailing Address\nOne Stop @ SAC\nNanyang Technological University\n50 Nanyang Avenue\nNS3-01-03, Academic Complex North\nSingapore 639798\n\nCounter Operating Hours\nMonday to Thursday : 8.30am – 5.00pm\nFriday : 8.30am – 4.45pm\nEve of Public Holidays : 8.30am – 12noon\nSaturday, Sunday and Public Holidays : Closed\n\nLocate Us\nYou can locate us beside the Student Activities Centre at the North Spine Plaza.\nVisit http://maps.ntu.edu.sg/maps#q:one%20stop%20%40%20sac."
    },
    "8": {
      "error": "LLM query failed"
    },
    "9": {
      "summary": "1. Make sure to accurately reflect the content of the page.\n2. Use clear and concise language.\n3. Avoid unnecessary jargon or technical terms.\n4. Maintain a logical flow of information.\n5. Check for accuracy and completeness of the summary.\n\nHere's an example of a complete summary for the page you provided:\n\n---\n\n**Use this checklist to prepare for your stay in Singapore**\n\n- Accept the Offer of Admission by stipulated deadline\n- Apply for an Entry Visa (if applicable) to enter Singapore (Please refer to www.ica.gov.sg)\n- Apply for a Student’s Pass (Please refer to Student’s Pass section)\n- Make housing arrangement\n- Make travel arrangement to Singapore\n- Pack your belongings\n  - A print-out of eForm16 and duly signed by you\n  - Colour passport-sized photographs, including digital copies\n  - Original letter of admission from NTU\n  - Original copies of educational certificates, examination results and other documents submitted in support of your application for admission (not applicable for exchange students)\n  - Cash of at least $3,000 for initial expenses (excluding tuition fees and rental)\n  - Funds to place a deposit and pay housing rental upon arrival\n  - Prescribed medication\n  - Personal items such as toiletries, towel, bed linen, pillow cases, alarm clock, adapter, etc\n  - Clothes and footwear, including a light jacket for air-conditioned venues such as the Library\n  - Formal wear for interviews or important functions\n  - Notebook if you are not purchasing one in Singapore (Singapore is using 230V for electricity)\n\nMake sure these items are with you for clearance at the Singapore Checkpoint\n- Your passport with at least six-month validity from the commencement of your course\n- Your plane, train or bus ticket\n- A print-out of your In-Principle Approval (IPA) letter\n- A print-out of your Letter of Admission"
    },
    "10": {
      "summary": "该页面包含以下内容：\n\n<text_summary>本文档主要介绍了几个圆柱形建筑，并对其进行了详细描述。这些建筑具有独特的造型，外观呈现出波浪状的曲线，给人一种现代感和艺术感。每个建筑都有多个层次，每一层都种植了绿色植物，为城市增添了一抹生机。建筑周围有宽敞的步行道和绿化带，方便市民散步和休闲。此外，建筑还配备了现代化的设施，如电梯和自动扶梯，方便人们上下楼。整体来看，这些建筑不仅美观大方，而且功能齐全，是城市景观中的亮点之一。</text_summary>\n\n<text_summary>本文档还提到了几个具体的例子，包括一个名为“City Hall”的建筑和一个名为“Parking Garage”的建筑。这两个建筑都具有独特的造型和功能，为城市增添了更多的魅力。同时，它们还配备了现代化的设施，如电梯和自动扶梯，方便人们上下楼。这些建筑不仅美观大方，而且功能齐全，是城市景观中的亮点之一。</text_summary>\n\n<text_summary>最后，本文档还提到了未来可能的发展方向，如智能建筑、绿色建筑等。这些建筑不仅美观大方，而且功能齐全，是城市景观中的亮点之一。</text_summary>\n\nThe style of the image is a combination of text and visual elements, providing a clear and organized summary of the page's content."
    },
    "11": {
      "summary": "1. Read the entire page carefully.\n2. Identify the main topics and key points.\n3. Use bullet points or numbered lists to summarize each section.\n4. Keep the summary concise but informative.\n5. Avoid adding personal opinions or interpretations.\n6. Maintain a neutral tone throughout.\n7. Check for accuracy and clarity before finalizing the summary.\n\nThe provided example is a basic outline for a medical examination scenario. Adjustments may be necessary based on the specific requirements and context of the document being summarized."
    },
    "12": {
      "summary": "1. Read the page carefully and identify its main topics and key points.\n2. Note any tables, figures, or images and describe their content and purpose.\n3. Use the provided tags (<table_summary>, <figure_summary>, <image_summary>) to structure your summary effectively.\n4. Write a concise summary that captures the main ideas and avoids unnecessary details or repetition.\n\nThe nearest train stations to NTU are Boon Lay (EW27) and Pioneer (EW28) on the East West Line operated by SMRT Corporation.\n\nFrom Boon Lay station, make your way to the adjacent bus interchange. Services 179 & 199 will take you into NTU.\n\nFrom Pioneer station, you can hop on the Campus Rider that stops in front of Blk 649A, Jurong West Street 61.\n\nIf you are coming from Changi Airport and are travelling light, you can get on Changi Airport (CG2), transfer at Tanah Merah (EW4) and take the train all the way to Boon Lay or Pioneer station. The journey may take over an hour. Please note that trains and public buses do not operate between midnight and 5.30am daily.\n\nFor a map of MRT stations in Singapore, please visit www.ntu.edu.sg/AboutNTU/visitingntu/Pages/location.aspx."
    },
    "13": {
      "summary": "1. Clearly identify the page number and section (e.g., \"Page 1 of 5\").\n2. Use a consistent format for headings and subheadings (e.g., bold, italicized, larger font size).\n\nHere's an example of a summary for the page you provided:\n\n---\n\n**Check-In to Your Housing**\n\nIf you have applied for and been offered a place in campus housing, please ensure that you have provided your arrival details online. Please refer to your offer email for information on the collection of your room key.\n\nFor further enquiries on housing matters, please contact the Office of Housing and Auxiliary Services (HAS), the office administrating on-campus and off-campus housing, via email. You can also visit www.ntu.edu.sg/has for more information on campus and off-campus housing.\n\n| Category                          | Contact                                                                 |\n|----------------------------------|------------------------------------------------------------------------|\n| Undergraduate Students          | has-ug@ntu.edu.sg                                                      |\n| Graduate Students               | has-pg@ntu.edu.sg                                                      |\n| Exchange Students              | has-exch@ntu.edu.sg                                                        |\n\n---\n\n**Register with SAO-Student Support**\n\nPlease settle into your housing before registering with SAO-Student Support during office hours to complete the registration procedures and be briefed on the procedures to complete the Student’s Pass formalities. Do bring along your passport, embarkation card, Letter of Admission/Enrolment, receipts for any NTU’s Miscellaneous Fee payment.\n\nThe OCB will have a branch on campus at the North Spine at Block N3. Other banks are located near NTU at Jurong Point Shopping Centre. Please contact the banks or visit their website to determine their requirement for opening and maintaining an account.\n\n| Name of Bank                        | Website                                      | Local Telephone Number |\n|-----------------------------------|----------------------------------------------|------------------------|\n| Development Bank of Singapore (DBS) | www.dbs.com.sg                           | 1800 111 1111           |\n| Overseas-Chinese Banking Corporation (OCBC) | www.ocbc.com                             | 1800 438 3333           |\n| POSBank                              | www.dbs.com/posb                         | 1800 339 6666           |\n| United Overseas Bank Ltd (UOB)       | www.uob.com.sg                            | 1800 222 2121           |\n\nTo open a bank account, you will need:\n- Your original passport\n- Your Student’s Pass (IPA Letter subject to the bank’s acceptance)\n- Your Singapore address (must be reflected"
    },
    "14": {
      "summary": "1. Clearly identify the main topic or subject of the page.\n2. Highlight the most significant details or findings.\n3. Use bullet points or numbered lists if necessary to organize the information.\n4. Avoid unnecessary jargon or technical terms unless they are essential to understanding the content.\n\nYour network account enables you to access to the NTU computer network, Intranet portal iNTU (https://intu.ntu.edu.sg), e-services (StudentLink, GSLink), e-learning (NTULearn), Library databases and other computer resources. You will receive the details upon registration.\n\nYour Office 365 EDU account enables you to email access to your email and a suite of Office 365 services (such as online storage, office software, etc.) at http://www.outlook.com/e.ntu.edu.sg. This account is a life-long account to serve your needs as a NTU alumnus.\n\nPlease refer to http://www.ntu.edu.sg/cits/news/users/newstudent/Pages/studentaccounts.aspx for more information on your computer accounts.\n\nPrior to your use of the computer account, you must change your account password according to the instructions stated in the website.\n\nPlease refer to http://www.m1.com.sg for mobile line at Jurong Point Shopping Centre near to NTU or convenience store. Singapore has 3 telecommunication companies. Please visit their website to know more about their plans and rates.\n\n| M1 | www.m1.com.sg |\n|----|-------------|\n| SingTel | www.singtel.com.sg |\n| StarHub | www.starhub.com |\n\n**Orientation and Welcome Events**\n\nThe Freshmen Welcome Ceremonies, orientations, campus and laboratory tours, and welcome events organised by SAO-Student Support, schools and Halls of Residence provide new students with useful information on student services and campus life. They are also great occasions to interact with fellow students and widen your social network.\n\n**Update Your Particulars**\n\nPlease access StudentLink (undergraduate students), GSLink (graduate students), or Exchange Portal (exchange students) to update your particulars and contact details.\n\n**A Vibrant Student Life**\n\nImmerse into NTU's vibrant student life with more than 100 student organisations with diverse interests from astronomy to sports to music. Please visit www.ntu.edu.sg/campuslife/clubs for more details."
    },
    "15": {
      "summary": " [IMMIGRATION]"
    },
    "16": {
      "summary": "1. Read the entire page carefully.\n2. Identify the main topics and key points.\n3. Look for tables, figures, or images and note their titles and captions.\n4. Summarize each section in a few sentences.\n5. Ensure the summary is accurate and captures the most important information.\n\nThe provided example is a template for a student's passport application form. It includes sections for personal information, educational background, and application for a student visa. The template guides students through filling out this form by providing clear instructions and prompts for each section."
    },
    "17": {
      "summary": "1. Clearly identify the page number and the section of the page being summarized.\n2. Use the provided format for each section (e.g., <table_summary>, <figure_summary>, <image_summary>) to ensure consistency and clarity.\n3. Avoid unnecessary repetition and maintain a logical flow of information throughout the summary.\n4. Proofread your summary to correct any grammatical errors, awkward phrasing, or inconsistencies in tense and point of view.\n\nThe offer of admission to NTU is conditional upon the issuance of a valid Student's Pass by ICA. You are required to undergo the medical examination should your period of study be more than 6 months. The examination will include the Human Immunodeficiency (HIV) and Tuberculosis (TB) medical tests. These tests must be done at the Fullerton Healthcare@NTU.\n\nUpon satisfactory completion of the medical examination, the Fullerton Healthcare@NTU will issue you with a medical report which you need to submit with your Student's Pass application. You will be denied admission and must return home at your own expense should you fail any of the medical examination.\n\nAll international students will receive instruction on how to complete the medical examination when they report to SAO-Student Support upon their arrival at NTU.\n\nIf your spouse and children require an Entry Visa to visit Singapore, they may apply accordingly at a Singapore embassy in your home country.\n\nYou may approach SAO-Student Support for a letter of support to extend the Social Visit Pass of your spouse and children. Please visit www.ntu.edu.sg/SAO/Studentsupport for more details.\n\nUseful Contacts of Ministries\n\n| In-charge of Student’s Pass | Immigration & Checkpoints Authority (ICA) | Address: | ICA Building 10 Kallang Road Singapore 208718 |\n|--------------------------------|----------------------------------------|----------|---------------------------------------------------|\n| In-charge of Training Employment Pass and Work Holiday Pass | Ministry of Manpower (MOM) | Location: | Next to Lavender MRT station |\n|                                |                                    | Telephone Number: | (65) 6391 6100 (24-hour ICA call centre) |\n|                                |                                    | Website:   | www.ica.gov.sg                                   |\n|                                |                                    | Address: | The Riverwalk 20 Upper Circular Road #04-01/02 Singapore 058416 |\n|                                |                                    | Location: | Nearest MRT station: Clarke Quay MRT station |\n|                                |                                    | Telephone Number: | (65) 6438 5122                           |\n|                                |                                    "
    },
    "18": {
      "summary": " [Include a link to the original document if applicable]\n:  [Provide a brief explanation of the document's purpose and context]\n:  [Indicate the source of the document if it's not publicly available]\n:  [Provide any additional relevant information or context]\n\nNote: Please replace the placeholder text with actual content from the document."
    },
    "19": {
      "summary": "1. Clearly identify the page number and section (e.g., \"General Medical Care\").\n2. Use bullet points to list the main sections or topics covered in the page.\n3. Include relevant keywords or phrases from the page's content in the corresponding sections.\n4. If applicable, include the source URL or reference information for the page.\n\nHere's an example of a summary for the page \"General Medical Care\":\n\n---\n\n### General Medical Care\n\n#### Fullerton Healthcare@NTU\n\nThe Medical Service on campus is operated by Fullerton Healthcare Group. Health services provided include general outpatient medical and dental treatment, laboratory and x-ray investigation, as well as minor surgery. They also provide immunisation and travel medical advice.\n\n| Address                                                                 | Telephone Number |\n|--------------------------------------------------------------------------|----------------|\n| Fullerton Healthcare @ NTU<br/>University Health Service<br/>36 Nanyang Avenue, #01-01<br/>Singapore 639801 | 65 6793 6828 / (65) 6793 6794<br/>65 6790 8331 |\n\n| Operating Hours                                                      | Telephone Number |\n|-------------------------------------------------------------------|------------------|\n| Monday to Friday                                                   | 8.30am to 9.00pm<br/>(last registration at 8.30pm) |\n| Saturday:                                                             | 9.30am to 12.00noon |\n| Sunday and Public Holidays:                                         | Closed          |\n\n---\n\n### Clinics Near Campus\n\nThere are several private clinics, that are near NTU. You may wish to visit http://www.singhealth.com.sg/PatientCare/GP/Pages/Home.aspx for a comprehensive list of clinics in Singapore.\n\nPlease note that visits to private clinics are at your own expenses.\n\n---\n\n### Pharmacies Near Campus\n\nThese are the pharmacies which are near NTU.\n\n| Location                                      | Telephone Number |\n|------------------------------------------------|------------------|\n| Jurong Point Shopping Mall<br/>1 Jurong West Central 2 #B1-27/28 (JP2)<br/>Singapore 648886 |\n\n| Location                                      | Telephone Number |\n|------------------------------------------------|------------------|\n| WatSons Your Personal Store                        | 65 6793 6828 / (65) 6793 6794 |\n| Jurong Point Shopping Mall<br/>1 Jurong West Central 2 #B1-12/13/14<br/>Singapore 648886 |\n\n---\n\n19"
    },
    "20": {
      "summary": "1. **Medical Emergencies**  \nIn a medical emergency where immediate specialist treatment is required, please proceed to the hospital's Emergency department. The nearest government hospital is Ng Teng Fong General Hospital and their contact details are as follows:\n\n| Telephone Number | Email Address |\n|------------------|---------------|\n| enquiries@juronghealth.com.sg |               |\n\n| Website | www.ntfgh.com.sg |\n|---------|-------------------|\n\n**Seeking Reimbursement for Hospitalisation**\n\nEligible students may seek a reimbursement under the Group Hospitalisation and Surgical Insurance (GHSI) scheme for the hospitalisation fee incurred in Singapore government/restructured hospitals. The insurance company will review and determine the reimbursed amount based on the scheme's terms and conditions. For more information on GHSI, please refer to *Insurance section*.\n\nFor a list of Singapore Government/Restructured Hospitals and Specialist Clinics, please refer to the table below.\n\n| Singapore Government/Restructured Hospitals | Website |\n|------------------------------------------------|----------|\n| Alexandra Hospital                           | www.alexhosp.com.sg |\n| Changi General Hospital                      | www.cgh.com.sg |\n| Institute of Mental Health                    | www.imh.com.sg |\n| Khoo Teck Puat Hospital                     | www.ktph.com.sg |\n| KK Women’s and Children’s Hospital            | www.kkh.com.sg |\n| National University Hospital                  | www.nuh.com.sg |\n| Ng Teng Fong General Hospital                | www.ntfgh.com.sg |\n| Singapore General Hospital                   | www.sgh.com.sg |\n| Tan Tock Seng Hospital                       | www.ttsh.com.sg |\n\n**20**"
    },
    "21": {
      "summary": "1. Clearly identify the main topic or subject of the page.\n2. Summarize the main ideas or arguments presented in the text.\n3. Highlight the most significant findings or conclusions drawn from the page's content.\n4. Use bullet points or numbered lists if necessary to organize the summary into easily digestible chunks.\n\nIf you have special needs and require support services, please email the Accessible Education Unit at aeu@ntu.edu.sg\n\nPlease note that medical evidences or specialist reports are required for verification of disability or special needs.\n\n---\n\n### Academic Counselling\n\nIf you are unable to cope with your studies, please seek help from faculty/staff, tutor or the Assistant Chair of Students in your school.\n\n---\n\n### Pastoral Care\n\nBeing away from home can be an especially lonely experience when you fall ill or are hospitalised. Do contact SAO-Student Support should you need any assistance.\n\n---\n\n#### Location SAO-Student Support\n\n| Location | Contact |\n|----------|---------|\n| Visit us at our office located on level 4 of the Student Services Centre | [Contact details] |\n| Telephone Number | [Phone number] |\n| (65) 6790 6823 (during office hours) | [Office hours] |\n| (65) 6790 5200 (24-hour Campus Security Hotline) | [Emergency contacts] |\n\n---\n\n#### Email\n\nSAO-Studentsupport@ntu.edu.sg\n\n---\n\n#### Professional Counselling\n\nThe Student Wellbeing Centre is available to all students for professional counselling. A team of registered counsellors are experienced in helping students from various backgrounds and with a wide range of issues.\n\nIf you are facing challenges which affect your health, relationships, daily activities, academic performance or eating and sleeping patterns, please seek professional counselling. You may also approach the Centre if you are interested in personal development or self-improvement.\n\nIf you have troubled thoughts or behaviour such as self-harm or harming others, please seek professional counselling or medical help."
    },
    "22": {
      "summary": "1. **To speak to a professional Student Counsellor, please make an appointment at www.ntu.edu.sg/studentwellbeing/appointment or call (65) 6790 4462 during office hours. The Centre is located at University Health Service, #02-01, 36 Nanyang Avenue. Consultation is free of charge for students and held in strict confidence.**\n\n2. **After office hours, you may contact Campus Security at (65) 6790 5200 or approach your Hall Fellow if you live in a Hall of Residence if there is any emergency.**\n\n**Peer Helping Programme**\n\nThe Student Wellbeing Centre administers a peer support network for students on campus called the 'Peer Helping Programme'. Student volunteers in the programme are trained by the Centre's professional Student Counsellors to befriend and support students with emotional and/or psychological issues. If you wish to find out more about this programme, please call or email the Student Wellbeing Centre at studentwellbeing@ntu.edu.sg.\n\n**Workshops and Self-Help Resources**\n\nThe Student Wellbeing Centre further promotes student well-being through workshops and talks on topics such as strategies for better learning, and stress and relaxation techniques. Resources are also available for students to support them through various periods in the academic journey. Visit www.ntu.edu.sg/studentwellbeing/selfhelp/students or drop by the Centre for these resources.\n\n**Stay Healthy**\n\nLearn how you can adopt an active and healthy lifestyle. Check out www.ntu.edu.sg/has/SnR/Pages/index.aspx for the programmes of the Sports and Recreation Centre and the Healthy Lifestyle Unit.\n\n**Insurance**\n\nNTU has two insurance schemes - Group Hospitalisation and Surgical Insurance and the Group Personal Accident Insurance - to help eligible students meet basic medical cost.\n\n**Group Hospitalisation and Surgical Insurance (GHSI)**\n\nGHSI is compulsory for all full-time international students, including Singapore permanent residents.\n\nFalling ill and being hospitalised in Singapore can be a financial drain on international students who are not entitled to medical subsidies. Further, hospitals require a deposit of the entire estimated cost upon admission. For example, if the estimated cost for a hospital stay is $5,000, you must place a deposit of $5,000 with the hospital upon admission.\n\nFor eligible students on the GHSI, the underwriter of GHSI will prepare a Letter of Guarantee (LOG), which you can present to the hospital in lieu of the cash deposit, subject to the terms and conditions of the insurance scheme. For more information, please refer to www.ntu-ghs.com.sg\n\n**Group Personal Accident Insurance (GPAI)**\n\nThe GPAI Scheme provides basic coverage for accidental death or permanent disablement as well as medical reimbursement for accidents for undergraduates and full-ti"
    },
    "23": {
      "summary": "1. Ensure the summary accurately reflects the content of the page.\n2. Use clear and concise language.\n3. Avoid unnecessary jargon or technical terms.\n4. Maintain a logical flow of information.\n5. Check for accuracy and completeness before finalizing the summary.\n\nNote: \n- Full-time international undergraduates who require hospitalisation and/or surgery as a result of an accident should first claim under the GPAI scheme.\n- Information on the GHSI and GPAI is subject to changes.\n\nThe provided example is a template for a summary, but it's important to adapt it to the specific requirements and guidelines of the institution or organization you're working with."
    },
    "24": {
      "summary": " [EMERGENCY HOTLINE]"
    },
    "25": {
      "summary": "24-Hour Campus Security\n\nOur campus is patrolled round-the-clock on a daily basis by a team of security officers. Complementing these patrols are CCTV and security access control systems. A low crime rate, however, does not mean that there is no crime so please guard your safety and belongings.\n\nFire drills and emergency evacuation procedures are in place for students’ security and safety.\n\n---\n\n### Emergency Hotlines\n\nPlease make sure that you save these numbers in your mobile or smart phone. They will come in handy in an emergency. For more crisis helplines, please visit www.ntu.edu.sg/studentwellbeing.\n\n| Emergency Party | Telephone Number |\n|----------------|----------------|\n| Police         | 999 (24-hour)    |\n| Ambulance      | 995 (24-hour)    |\n| NTU Student Wellbeing Centre | 6790 4462 |\n| Fullerton Healthcare@NTU | 6793 6828 |\n| NTU Campus Security | 6790 5200 (24-hour) |\n| NTU Fault Reporting Centre | 6790 4777 (24-hour) |\n\n---\n\n### Who to Call\n\n| Scenarios                  | Procedures                                                                 |\n|---------------------------|--------------------------------------------------------------------------|\n| Medical Emergencies       | During office hours: Call Fullerton Healthcare@NTU<br>After office hours: Call Campus Security/Hall Fellow |\n| Emotional Distress/Suicidal Tendencies | During office hours: Call Student Wellbeing Centre<br>After office hours: Call Campus Security/Hall Fellow |\n| Road Accidents            | Call Police, Ambulance and Campus Security                             |\n| Crime                     | Call Police and Campus Security                                         |\n| Missing Persons           | Call Campus Security                                                   |\n| Fire                       | Call Campus Security                                                   |\n| Rowdy Behaviour           | Call Campus Security                                                   |\n| Lift Breakdown/Power Blackouts/Burst Pipes | Call NTU Fault Reporting Centre                                      |\n\n---\n\n### 24-Hour Campus Security\n\nOur campus is patrolled round-the-clock on a daily basis by a team of security officers. Complementing these patrols are CCTV and security access control systems. A low crime rate, however, does not mean that there is no crime so please guard your safety and belongings.\n\nFire drills and emergency evacuation procedures are in place for students’ security and safety."
    },
    "26": {
      "summary": "1. Carefully read and analyze the page content.\n2. Identify the main topics, key points, and important details presented on the page.\n3. Note any tables, figures, charts, diagrams, or images on the page and briefly describe their content and purpose.\n4. Create a structured summary that captures:\n   - The essential textual information from the page\n   - Descriptions of any visual elements (tables, figures, images, etc.)\n   - Any particularly notable or unique information\n\nPresent your summary within <summary> tags. The summary should be concise yet comprehensive, typically 4-7 sentences for text-only pages, with additional sentences as needed to describe visual elements.\n\nFor visual elements, please use these specific tags:\n- <table_summary> for descriptions of tables\n- <figure_summary> for descriptions of figures, charts, graphs, or diagrams\n- <image_summary> for descriptions of photos, illustrations, or other images\n\nExample structure:\n<summary>\n[Main text content summary here]\n\n<table><table>SUNDAYMONDAYTUESDAYWEDNESDAYTHURSDAYFRIDAYSATURDAY2345678910111213141516171819202122ACADEMIC CALENDAR AND UNIVERSITY HOLIDAY242526272829</table></table>"
    },
    "27": {
      "summary": "2016-2017 Academic Calendar\n\n| Academic Year 2016-17 | From       | To         |\n|---------------------|------------|-----------|\n| Semester 1           | 23-Jul-16  | 02-Dec-16  |\n| Freshmen Orientation | 23-Jul-16  | 05-Aug-16  |\n| Teaching Weeks     | 08-Aug-16  | 23-Sep-16  |\n| Recess Week        | 26-Sep-16  | 30-Sep-16  |\n| Teaching Weeks     | 03-Oct-16  | 11-Nov-16  |\n| Revision and Examination | 14-Nov-16 | 02-Dec-16  |\n| Vacation            | 05-Dec-16  | 06-Jan-17  |\n| Semester 2          | 09-Jan-17  | 05-May-17  |\n| Teaching Weeks     | 09-Jan-17  | 24-Feb-17  |\n| Recess Week        | 27-Feb-17  | 03-Mar-17  |\n| Teaching Weeks     | 06-Mar-17  | 14-Apr-17  |\n| Revision and Examination | 17-Apr-17 | 05-May-17  |\n| Vacation            | 08-May-17  | 04-Aug-17  |\n| Special Term I      | 08-May-17  | 16-Jun-17  |\n| Teaching Weeks     | 08-May-17  | 09-Jun-17  |\n| Revision & Examination | 12-Jun-17 | 16-Jun-17  |\n| Special Term II     | 19-Jun-17  | 28-Jul-17  |\n| Teaching Weeks     | 19-Jun-17  | 21-Jul-17  |\n| Revision & Examination | 24-Jul-17 | 28-Jul-17  |\n\n# Research students in postgraduate programmes are expected to work on their research projects throughout the period of their candidature subject to the student terms, requirements and entitlements.\n\n| Events                  | Date               |\n|--------------------------|--------------------|\n| Convocation 2016          | 25 Jul to 1 Aug 16 |\n| Undergraduate Freshmen Orientation | 23 Jul to 5 Aug 16 |\n| Undergraduate Qualifying English Test | 2 Aug 16 |\n| Freshmen Welcome Ceremony | 4 & 5 Aug 16 |\n| Students' Union Day / Academic Council Meeting | 25 Aug 16 |\n| Celebrate NTU! Campus-wide celebratory event including the State of the University Address by President | 7 Mar 2017 (TBC) |\n\nFor the full calendar and details, please visit http://www.ntu.edu.sg/Students/Undergraduate/AcademicServices/AcademicCalendar/Pages/AY2016-17.aspx."
    },
    "28": {
      "summary": "2016 and 2017 Public Holidays\n\nFor a list of public holidays in 2016 and 2017, please refer to the following table or to www.mom.gov.sg/news-room/press-releases/2015/0512-ph-2016.\n\n| National Day       | 9 Aug 2016 | Tuesday |\n|------------------|-----------|---------|\n| Hari Raya Haji    | 12 Sep 2016| Monday  |\n| Deepavali         | 29 Oct 2016| Saturday|\n| Christmas Day     | 25 Dec 2016 *| Sunday  |\n| New Year’s Day   | 1 Jan 2017 *| Sunday  |\n| Chinese New Year  | 28 Jan 2017 | Saturday|\n| Good Friday      | 14 Apr 2017| Friday  |\n| Labour Day       | 1 May 2017 | Monday  |\n| Vesak Day        | 10 May 2017| Wednesday|\n| Hari Raya Puasa  | 25 Jun 2017*| Sunday  |\n\n* The following Monday will be a public holiday.\n\nAcademic Services\n\nPlease refer to the respective websites for information on:\n\n- The Academic Unit System\n- Curriculum Structure\n- Examinations\n- Course Registration\n- Other Academic Services\n\nUndergraduate students\nwww.ntu.edu.sg/Students/Undergraduate/AcademicServices/Pages/default.aspx\n\nGraduate students\nhttp://www.ntu.edu.sg/sasd/oas/ge/Pages/default.aspx"
    },
    "29": {
      "summary": " [YOUR LEARNING ENVIRONMENT]"
    },
    "30": {
      "error": "LLM query failed"
    },
    "31": {
      "summary": "1. Carefully read and analyze the page content.\n2. Identify the main topics, key points, and important details presented on the page.\n3. Note any tables, figures, charts, diagrams, or images on the page and briefly describe their content and purpose.\n4. Create a structured summary that captures:\n   - The essential textual information from the page\n   - Descriptions of any visual elements (tables, figures, images, etc.)\n   - Any particularly notable or unique information\n\nPresent your summary within <summary> tags. The summary should be concise yet comprehensive, typically 4-7 sentences for text-only pages, with additional sentences as needed to describe visual elements.\n\nFor visual elements, please use these specific tags:\n- <table_summary> for descriptions of tables\n- <figure_summary> for descriptions of figures, charts, graphs, or diagrams\n- <image_summary> for descriptions of photos, illustrations, or other images\n\nExample structure:\n<summary>\n[Main text content summary here]\n\n<table><table>Facebook's international age distributionAge distribution00:18:1000:18:1100:18:1200:18:1300:18:1400:18:1500:18:1600:18:1700:18:1800:18:1900:18:2000:18:2100:18:2200:18:2300:18:2400:18:2500:18:2600:18:2700:18:2800:18:2900:18:3000:18:3100:18:3200:18:3300:18:3400:18:3500:18:3600:18:3700:18:3800:18:3900:18:4000:18:4100:18:4200:18:4300:18:4400:18:4500:18:4600:18:4700:18:4800:18:4900:18:5000:18:5100:18:5200:18:5300:18:5400:18:5500:18:5600:18:5700:18:5800:18:5900:19:0000:19:0100:19:0200:19:0300:19:0400:19:0500:19:0600:19:0700:19:0800:19:0900:19:1000:19:1100:19:1200:19:1300:19:1400:19:1500:19:1600:19:1700:19:1800:19:1900:19:2000:19:2100:19:2200:19:2300:19:2400:19:2500:19:2600:19:2700:19:2800:19:2900:19:3000:19:3100:19:3200:19:3300:19:3400:19:3500:19:3600:19:3700:19:3800:19:3900:19:4000:19:4100:19:4200:19:4300:19:4400:19:4500:19:4600:19:4700:19:4800:19:4900:19:5000:19:5100:19:5200:19:5300:19:5400:19:5500:19:5600:19:5700:19:5800:19:5900:20:0000:20:0100:20:0200:20:0300:20:0400:20:0500:20:0600:20:0700:20:0800:20:0900:20:1000:20:1100:20:1200:20:1300:20:1400:20:1500:20:1600:20:1700:20:1800:20:1900:20:2000:20:2100:20:2200:20:2300:20:2400:20:2500:20:2600:20:2700:20:2800:20:2900:20:3000:20:3100:20:3200:20:3300:20:3400:20:3500:20:3600:20:3700:20:3800:20:3900:20:4000:20:4100:20:4200:20:4300:20:4400:20:4500:20:4600:20:4700:20:4800:20:4900:20:5000:20:5100:20:5200:20:5300:20:5400:20:5500:20:5600:20:5700:20:5800:20:5900:21:0000:21:0100:21:0200:21:0300:21:0400:21:0500:21:0600:21:0700:21:0800:21:0900:21:1000:21:1100:21:1200:21:1300:21:1400:21:1500:21:1600:21:1700:21:1800:21:1900:21:2000:21:2100:21:2200:21:2300:21:2400:21:2500:21:2600:21:2700:21:2800:21:2900:21:3000:21:3100:21"
    },
    "32": {
      "summary": " <table>\n<tr><td>南大</td><td>69</td></tr>\n<tr><td>南大</td><td>13</td></tr>\n</table>\n\n</table>\n\n</summary>\n\nThe provided example uses the following tags:\n- <table_summary>Table 1: [Brief description of what the table shows]</table_summary>\n- <figure_summary>Figure 2: [Brief description of what the figure depicts]</figure_summary>\n- <image_summary>[Brief description of image content]</image_summary>\n\nThe table has two rows, each containing two columns. The first column contains the name \"南大\" (South University), and the second column contains the numbers 69 and 13. The image does not contain any tables or figures."
    },
    "33": {
      "summary": "1. **Student Organisations**  \nCultural performances, sporting events and many recreational pursuits enliven student life throughout the year. With more than 100 student organisations dedicated to diverse interests from astronomy to ballroom dancing to current affairs and community work, there is bound to be one that will take your fancy. Search www.ntu.edu.sg/campuslife/clubs/Pages/Clubssocieties.aspx to know more.\n\n: 2. **Sports and Games**  \nKeen on sports? Whether you are a recreational or a competitive athlete, there are programmes and activities that will suit you. You are welcome to make use of the sporting and recreational facilities at the Sports and Recreation Centre. Visit www.ntu.edu.sg/has/SnR/Pages/index.aspx to learn more.\n\n: 3. **Adventure/Water Sports**  \n- Canoeing  \n- Canoe Polo  \n- Climbing  \n- Dragon Boat  \n- Lifeguard Corps  \n- Outdoor Adventure  \n- Scuba Diving  \n- Swimming  \n- Wakeboarding  \n- Windsurfing  \n- Water Polo  \n- Yachting  \n\n: 4. **Field Sports**  \n- Cricket  \n- Football  \n- Rugby  \n- Touch Football  \n\n: 5. **Racquet Games**  \n- Badminton  \n- Squash  \n- Tennis  \n- Table Tennis  \n\n: 6. **Ball Games**  \n- Basketball  \n- Floorball  \n- Handball  \n- Netball  \n- Volleyball  \n- Tchoukball  \n\n: 7. **Martial Arts**  \n- Aikido  \n- Judo  \n- Shitoryu Karate  \n- Silat  \n- Taekwondo  \n\n: 8. **Other Sports**  \n- Aquathlon  \n- Archery  \n- Bowling  \n- Cheerleading  \n- Fencing  \n- Golf  \n- Inline Skating  \n- Runners' Club  \n- Snooker and Pool  \n- Sport Shooting  \n- Track and Field  \n- Ultimate Frisbee"
    },
    "34": {
      "summary": "1. Carefully read and analyze the page content.\n2. Identify the main topics, key points, and important details presented on the page.\n3. Note any tables, figures, charts, diagrams, or images on the page and briefly describe their content and purpose.\n4. Create a structured summary that captures:\n   - The essential textual information from the page\n   - Descriptions of any visual elements (tables, figures, images, etc.)\n   - Any particularly notable or unique information\n\nPlease follow these steps to create your summary:\n\n1. Carefully read and analyze the page content.\n2. Identify the main topics, key points, and important details presented on the page.\n3. Note any tables, figures, charts, diagrams, or images on the page and briefly describe their content and purpose.\n4. Create a structured summary that captures:\n   - The essential textual information from the page\n   - Descriptions of any visual elements (tables, figures, images, etc.)\n   - Any particularly notable or unique information\n\nPresent your summary within <summary> tags. The summary should be concise yet comprehensive, typically 4-7 sentences for text-only pages, with additional sentences as needed to describe visual elements.\n\nFor visual elements, please use these specific tags:\n- <table_summary> for descriptions of tables\n- <figure_summary> for descriptions of figures, charts, graphs, or diagrams\n- <image_summary> for descriptions of photos, illustrations, or other images\n\nThere are various amenities that can be found on-campus. For an updated list of facilities, please visit http://www.ntu.edu.sg/has/Pages/index.aspx."
    },
    "35": {
      "summary": "1. Carefully read and analyze the page content.\n2. Identify the main topics, key points, and important details presented on the page.\n3. Note any tables, figures, charts, diagrams, or images on the page and briefly describe their content and purpose.\n4. Create a structured summary that captures:\n   - The essential textual information from the page\n   - Descriptions of any visual elements (tables, figures, images, etc.)\n   - Any particularly notable or unique information\n\nPlease follow these steps to create your summary:\n\n1. Carefully read and analyze the page content.\n2. Identify the main topics, key points, and important details presented on the page.\n3. Note any tables, figures, charts, diagrams, or images on the page and briefly describe their content and purpose.\n4. Create a structured summary that captures:\n   - The essential textual information from the page\n   - Descriptions of any visual elements (tables, figures, images, etc.)\n   - Any particularly notable or unique information\n\nPresent your summary within <summary> tags. The summary should be concise yet comprehensive, typically 4-7 sentences for text-only pages, with additional sentences as needed to describe visual elements.\n\nFor visual elements, please use these specific tags:\n- <table_summary> for descriptions of tables\n- <figure_summary> for descriptions of figures, charts, graphs, or diagrams\n- <image_summary> for descriptions of photos, illustrations, or other images\n\nExample structure:\n<summary>\n[Main text content summary here]\n\n<table><table>PostalSAM<br/>(Self-Service Automated Machine)North Spine Plaza, Level 2<br/>South Spine, Level B3<td rowspan=\"3\">Bank /<br/>ATM (Automated Teller<br/>Machine)7-Eleven @ Hall 2Near 7-Eleven, next to Canteen 2POPstationNorth Spine Plaza, Level 2<br/>South Spine<br/>The QuadOCBC Bank (NTU Branch)North Spine Plaza, Level 1<td rowspan=\"3\">Bank /<br/>ATM (Automated Teller<br/>Machine)OCBC ATMNorth Spine Plaza, Level 1 (near OCBC Bank)<br/>South Spine, Level B3<br/>Near Canteen 2POSB ATMNorth Spine Plaza, Level 2<br/>South Spine, Level B3<br/>Near Canteen 2State Bank of India ATMNorth Spine Plaza, Level 2<td rowspan=\"2\">SupermarketsUOB ATMNorth Spine Plaza, Level 2Giant SuperHall 2<td rowspan=\"2\">Convenience StoresPrime SupermarketNorth Spine Plaza, Level 17-Eleven Convenience Store• Hall 2<br/>• Hall 14, next to canteen<td rowspan=\"2\">BookstoresBuzzNorth Spine Plaza, Level 1Popular BookstoreNIE 4-B1-10<td rowspan=\"2\">TravelBooklink Pte LtdBlk S4, Level B5STA TravelNorth Spine Plaza, Level 1<td rowspan=\"5\">LifestyleCampus SuppliesNorth Spine Plaza, Level 1Flower Cottage by NoelNorth Spine Plaza, Level 1HerVelvetVaseNorth Spine Plaza, Level 1Mini Toons &amp; MoreNorth Spine Plaza, Level 1U-shopNorth Spine Plaza, Level 1<td rowspan=\"2\">Computer StoreEi"
    },
    "36": {
      "summary": "1. **Estimated Living Costs**\n   - On-Campus Undergraduate Housing*\n   - On-Campus Graduate Housing*\n   - Meals#\n   - Personal Expenses#\n   - Transport for Travel within Singapore\n   - Textbooks and Course Materials\n\nNote:\n*Varies with room type and subject to revision\n#Varies according to lifestyle\n\n**Financial Assistance**\n\nNeed financial help? Loans are available for students in need. Learn more about financial assistance schemes from the information provided in the admissions package or from http://www.ntu.edu.sg/Freshmen/FreshmenGuide/FinancialMatters/Pages/FinancialAssistanceSchemes.aspx.\n\n**Part-Time Employment**\n\nThe SAO-Student Support does not recommend that international students rely on part-time work as a source of funds. Doing so is very risky as part-time work may not be available when needed nor will it provide sufficient funds to sustain your stay.\n\nInternational students on exchange or in non-graduating programmes may not engage in any part-time work in Singapore. For more information, please visit http://www.ntu.edu.sg/SAO/studentsupport/ManagingFinances/Pages/ParttimeEmployment.aspx\n\nFull-time undergraduate and graduate students who wish to take up part-time work for the experience should note the following:\n\n**Part-Time Jobs outside Campus**\n\n- Prior approval from the university is required for matriculated international students to work part-time. Students should contact the SAO-Student Support. A fresh application is required for each job. Scholarship holders require the additional approval of their sponsors.\n- Full-time matriculated international undergraduates and graduate students may work a maximum of 16 hours a week during term time and full-time during the vacation.\n\n**Part-Time Jobs on Campus under Work Study Scheme (undergraduates only)**\n\n- Undergraduates working part-time on campus may work a maximum of 14 hours a week during term time and nine hours a day or 44 hours a week during the vacation. Prior approval from the university is not required."
    },
    "37": {
      "summary": "关于该页的总结内容，请参考以下内容：\n\nThe provided image is a screenshot of a webpage, likely from a travel guide or tourism website. It features a vibrant and bustling cityscape at night, showcasing iconic landmarks and illuminated buildings. The skyline is dominated by towering skyscrapers, with the Marina Bay Sands hotel standing out prominently in the center. The image also includes a body of water, possibly a river or bay, reflecting the lights from the surrounding structures. The overall scene exudes a sense of modernity and urban sophistication, highlighting Singapore's dynamic and cosmopolitan atmosphere."
    },
    "38": {
      "summary": "1. Singapore officially the Republic of Singapore, is a Southeast Asian city-state off the southern tip of the Malay Peninsula, 137 kilometres north of the equator. It is an island country made up of 63 islands, separated from Malaysia by the Straits of Johor to its north and from Indonesia's Riau Islands by the Singapore Strait to its south.\n\nShe has a land area of about 710 square kilometres, making her one of the smallest countries in the world and the smallest in the region – hence the moniker “The Little Red Dot”. Although small in size, Singapore commands an enormous presence in the world today with its free trade economy and highly efficient workforce. With her strategic location in the region, it has enabled her to become a central sea port along major shipping routes.\n\nEnglish is the main language of instruction. The mother tongue is used widely for each major ethnicity. There are 4 major races - namely, Chinese, Malay, Indian and Eurasian. Each community offers a different perspective of life in Singapore in terms of culture, religion, food and language."
    },
    "39": {
      "summary": "1. **Experience Singapore**  \nBeing a multi-racial, multi-ethnic and multi-religious society, Singapore is as diverse as it is cohesive. Beyond the history, culture, people, shopping and food, there are many more facets to Singapore's thriving cityscape for you to discover. These can only be experienced as you immerse yourself in the exploration of this once fishing village turned cosmopolitan city. To read more about Singapore, visit www.yoursingapore.com.\n\n: 2. **Old World Charm**  \nIf you are interested to discover the old world charm, you can explore and experience the island’s key historical landmarks or memorials. You can embark on a heritage trail to enjoy the sights and sounds at various cultural precincts, such as,\n\n: 3. **Chinatown**  \nA visit to Chinatown promises fascinating encounters with local customs and lifestyles.\n\n: 4. **Helix Bridge**  \nWalk across this architectural and engineering marvel and admire the Singapore skyline.\n\n: 5. **Kampong Glam**  \nExplore the alleys of Kampong Glam for exotic treats and buys.\n\n: 6. **Little India**  \nLittle India fascinates with shops selling everything from spices to flower garlands.\n\n: 7. **Modern City**  \nIf you prefer the bright city lights and being amidst the hustle and bustle, then you will be delighted to know that there are numerous shopping malls, museums, and dining and entertainment hotspots to choose from.\n\n: 8. **Orchard Road & Marina Bay Sands**  \nSpend a day in Orchard Road and Marina Bay Sands. You will understand why Singapore is dubbed a shopper’s paradise.\n\n: 9. **Clarke Quay/Boat Quay & Marina Bay**  \nExperience Singapore nightlife activities at the club in these locations. You can also find Avalon, one of Hollywood’s hottest clubs at Marina Bay.\n\n: 10. **Night Safari**  \nExperience the nocturnal wonders of Singapore at Night Safari. This attraction offers a glimpse into the natural world after dark, featuring over 100 species of animals from all over the world.\n\n: 11. **Little India**  \nExperience the vibrant and colorful Little India district, known for its Indian-style architecture, bustling markets, and mouth-watering street food.\n\n: 12. **Singapore Skyline**  \nTake in the breathtaking view of Singapore’s iconic skyline from the top of the Merlion statue. The statue, which stands at 135 feet tall, is a symbol of Singapore’s identity and pride.\n\n: 13. **Helix Bridge**  \nThe Helix Bridge, also known as the \"Twisted Bridge,\" is a unique and visually stunning structure that resembles a helix. It was built to resemble a giant spiral staircase and offers stunning views of the city below.\n\n: 14. **Geylang Serai**  \nGeylang Serai is a historic area in Singapore that has been preserved as a heritage site. It is home to a number of colonial-era buildings, including the former Govern"
    },
    "40": {
      "summary": "1. **Food**  \nThe other thing that will strike you most about Singapore is its multifarious offering of food regardless day or night. With a range of dining options from Peranakan to Chinese, Indian to Malay, fusion and more, you'll be spoilt for choice.\n\n: 2. **Chinatown Complex Market**  \n*Blk 335 Smith Street S050335*  \nLocated in the heartland of Chinatown. Have a meal with the locals and explore the shops of Chinatown.\n\n: 3. **East Coast Lagoon Food Village**  \n*122 East Coast Parkway S468960*  \nTuck into scrumptious local fare after cycling or rollerblading at East Coast Park.\n\n: 4. **Chomp Chomp Food Centre**  \n*20 Kensington Park Road S557269*  \nLocated at Serangoon Garden, this hawker has a wide variety of food at a reasonable price.\n\n: 5. **Geylang Serai Market and Food Centre**  \n*1 Geylang Serai S402001*  \nSample traditional Malay fare at this market and the eateries in Geylang Serai.\n\n: 6. **Golden Mile Food Centre**  \n*505 Beach Road S199583*  \nPopular for its wide array of local fare.\n\n: 7. **Holland Village Market and Food Centre**  \n*1 Lorong Mambong S277700*  \nHolland Village is popular for its al fresco café culture.\n\n: 8. **Newton Circus Food Centre**  \n*500 Clemenceau Avenue North S229495*  \nPopular with tourists and locals.\n\n: 9. **Maxwell Road Hawker Centre**  \n*1 Kadayanallur Street S069184*  \nThis centrally-located food centre is packed to the brim during peak hours.\n\n: 10. **People's Park Cooked Food Centre**  \n*Blk 32 New Market Road S050032*  \nA good destination for traditional local fare after shopping in Chinatown.\n\n: 11. **Old Airport Road Food Centre**  \n*Blk 51 Old Airport Road S390051*\n\n: 12. **Tiong Bahru Market and Food Centre**  \n*30 Seng Poh Road S168898*  \nPopular with locals for its wide array of dishes.\n\n: 13. **Tekka Centre**  \n*Blk 665 Buffalo Road S210665*  \nLocated in the heart of Little India.\n\n: 14. **Clementi Market and Food Centre**  \n*Blk 353 Clementi Avenue 2 #01-108 S120353*  \nSurrounded by HDB shops that offer household items at a bargain price"
    },
    "41": {
      "summary": "1. Clearly identify the main topic or theme of the page.\n2. Highlight the most significant points or findings.\n3. Use bullet points or numbered lists to organize the summary into easily digestible chunks.\n4. Avoid unnecessary elaboration; focus on conveying the core message succinctly.\n\nAdditionally, ensure that the summary is written in a neutral tone, avoiding personal opinions or subjective interpretations. It should be written in the third person, maintaining a formal style appropriate for academic or professional documents."
    },
    "42": {
      "summary": "1. **Nature**  \nNational Parks (NParks) oversees the development of Singapore as a Garden City. Visit [www.nparks.gov.sg](http://www.nparks.gov.sg) for information on the parks and nature reserves in Singapore as well as information on free nature appreciation walks.\n\n: 2. **Bukit Timah Nature Reserve**  \nDiscover the rich flora and fauna of this reserve as you climb Bukit Timah – Singapore’s highest hill.\n\n: 3. **Gardens By The Bay**  \nSpanning 101 hectare, it houses over a quarter of a million rare plants in huge domed conservatories.\n\n: 4. **MacRitchie Reservoir Park**  \nExplore its scenic and tranquil nature trails and go on a treetop walk.\n\n: 5. **Labrador Nature Reserve**  \nAn oasis of tranquillity and natural wonder. A staircase built on the edge of the secondary forest offers a prime view of the cliff side vegetation coupled with a panoramic view of the sea.\n\n: 6. **Jurong Bird Park**  \nThe largest bird park and a haven for 8,000 birds representing species. Visit [www.birdpark.com.sg](http://www.birdpark.com.sg) for details.\n\n: 7. **Istana**  \nFronting the main Istana Gate, Istana Park provides a vantage point for people keen to view the monthly changing of guards ceremony at the Istana.\n\n: 8. **Jurong Central Park**  \nIt is the first in Singapore to have life-sized board-game features. It is situated across Boon Lay MRT Station.\n\n: 9. **Mount Faber Park**  \nFrom this park, you can take a cable car to Sentosa Island. A mural wall depicting scenes of local history can be seen at Upper Faber Point, the highest point in the park.\n\n: 10. **Youth Olympic Park**  \nThe Youth Olympic Park is named after the inaugural Youth Olympic Games held in Singapore in August 2010. A broadwalk connects the Park to Marina Promenade.\n\n: 11. **East Coast Park**  \nA well-loved destination of Singaporeans for barbecues, cycling, rollerblading and water sports.\n\n: 12. **Jurong Bird Park**  \nThe largest bird park and a haven for 8,000 birds representing species. Visit [www.birdpark.com.sg](http://www.birdpark.com.sg) for details.\n\n: 13. **Istana**  \nFronting the main Istana Gate, Istana Park provides a vantage point for people keen to view the monthly changing of guards ceremony at the Istana.\n\n: 14. **Marina Barrage**  \nCatch the grandeur of the Singapore Flyer and the Central Business District skyline at this first reservoir in the heart of the city.\n\n: 15. **Hortpark**  \nIt is a 9-hectare park which is the first one-stop gardening lifestyle hub in Asia. The main highlights are the Forest Walk and Canopy Walk.\n\n: 16. **Sentosa**  \nFancy a day island hopping? Sentosa has a well-mixed of activities ranging from the thrilling rides at Universal Studio and surf at 10-foot FlowBarrel wave, to learn about Singapore’s past at several historical landmarks. Visit [www.sentosa"
    },
    "43": {
      "summary": "1. **Travelling within Singapore**  \nTravelling within Singapore is a breeze with its advanced transportation system.\n\n---\n\n### Taxi\n\nTaxi can be flagged down at any time of the day at a taxi stand and along any public road outside of the Central Business District (CBD). Alternatively you can book a taxi with any of the taxi company via phone call where a booking fee is applicable. To know the booking amount, please check with the individual taxi company.\n\nAll taxis in Singapore are metered. The fares must be charged according to the taxi meter based on the flag down rate, distance travelled and applicable surcharge (such as midnight surcharge, peak hour surcharge, location surcharge and Electronic Road Pricing charges). Please take note that each taxi company imposes different surcharge and flag down rate. You may need to check with the driver or taxi company on the surcharge before boarding the taxi. Should you wish to retain a receipt, you need to request for it at the end of the trip. Payment is usually by cash although some taxi companies do accept credit cards/NETs payment.\n\n---\n\n### Bus\n\nPublic buses operate from 5.30am to midnight daily and the frequencies range from 5 minutes to 20 minutes. The information panels at the bus stops provide useful route and fare information for the bus services available at that stop.\n\nThe buses pick up and drop off passengers only at designated bus-stops. You need to flag down the bus you wish to board at the bus-stop. For all bus trips, you can pay using exact cash or ez-link card, please refer to Contactless Smart (CEPAS-Compliant) Cards section in this guide. For more information, please visit www.sbstransit.com.sg or www.smrt.com.sg."
    },
    "44": {
      "summary": "1. **Mass Rapid Transit (MRT) & Light Rapid Transit (LRT)**  \n   - **Commuter in Singapore enjoy a comprehensive public transport network similar to other developed cities.**  \n   - **There are also LRT systems that link MRT stations within the HDB housing estates.**  \n   - **Both MRT and LRT operate from 5.30am to midnight daily.**  \n   - **The first and last train departure times vary between stations, as well as weekends and Public Holidays.**\n\nFor fare information, you may wish to use the easy-to-use maps at the MRT ticketing machines. Please visit www.transitlink.com.sg or www.publictransport.sg should you wish to know more information on public transport fares and MRT map.\n\n**Queue System**\n\nIt is an unspoken rule that commuters must queue at bus-stops, taxi stands and train stations to board and alight from buses, taxis and trains. This applies to service and retail outlets throughout Singapore as well.\n\n**Contactless Smart (CEPAS-Compliant) Cards**\n\nTo ease the need of carrying sufficient cash for travelling, you may wish to purchase an ez-link card or a NETS FlashPay card. These are contactless tap-and-go Smart cards for public transit use on the MRT, LRT and buses. You can get them from the network of sales points within most MRT stations and 7-Eleven stores. Please visit www.ezlink.com.sg or www.nets.com.sg for more information on the Smart cards.\n\n**Changi Airport**\n\nChangi Airport is the main airport in Singapore and a major aviation hub in Southeast Asia. Please visit www.changiairport.com to view the Airport interactive map and access the guide for arriving passengers.\n\n**Changi Airport Map**\n\n[Map image here]"
    }
  }
}
