{
  "doc_id": "transform-software-delivery-with-valueedge-brochure.pdf",
  "pages": {
    "1": {
      "summary": " [opentext]:"
    },
    "2": {
      "summary": "1. Read the page carefully and identify the main topics and key points.\n2. Identify the visual elements and note their content and purpose.\n3. Create a structured summary that includes textual information, descriptions of tables, figures, and images.\n4. Ensure the summary is concise and comprehensive, capturing the essential aspects of the page's content.\n\n## Summary\n\nThe task involves reading a page and summarizing its content, identifying main topics and key points, and noting visual elements such as tables, figures, and images. The summary should be concise and cover both textual and visual information, ensuring clarity and coherence in the representation of the page's content."
    },
    "3": {
      "summary": "1. **What's next for software delivery?**\n   - DevOps, cloud-native design, open source tooling, microservices—all have pushed software development and delivery forward. But these same innovations can also cause more complexity and inefficiency. Worst case scenario? Your software doesn’t meet customer needs.\n   - As we all know by now, none of the above is slowing down. Digital transformation demands that organizations move faster without breaking things. It’s no wonder that your software delivery teams feel the pressure to deliver high-quality applications quickly.\n   - Having siloed development teams doesn’t help. Working across separate groups can lead to fragmented and disconnected decision-making, which slows down your response to enterprise-wide change.\n   - So, what’s the solution?\n   - With the increased need for speed, your organization must easily identify and resolve conflicting priorities. To pull it off, you’ll need to align business and IT goals and gain full visibility of your entire digital product delivery pipeline.\n   - With all of this in mind, you can see why more and more teams are shifting their focus to value-based delivery. And that’s where value stream management comes in."
    },
    "4": {
      "summary": "1. Cue value stream management (VSM) provides a complete view of your entire digital software development lifecycle (SDLC)—from the first idea to product delivery. It empowers your teams to create, track, deliver, and validate the value of a feature, product, or service. Value streams span business and IT functions. They require alignment and collaboration to quickly deliver the most valuable to customers.\n\nTo gain full visibility, you need the best VSM approaches. They should help you balance objectives, optimize resources, understand dependencies, and connect business processes. With the right capabilities, you can find hidden inefficiencies in your cross-functional teams.\n\nUsing VSM helps your organization identify the highest priority business change and focus on adding value to your customers throughout the SDLC.\n:"
    },
    "5": {
      "summary": "1. Read the page carefully and identify the main topics and key points.\n2. Note any tables, figures, or images and describe their content and purpose.\n3. Use the provided tags to structure your summary effectively.\n4. Ensure your summary is concise and comprehensive, capturing the essential information from the page."
    },
    "6": {
      "summary": " [Provide a brief overview of the page's content, focusing on the main topics and key points.]\n\n:  [Describe any tables, figures, images, or other visual elements in detail, highlighting their significance and relevance to the page's content.]\n\n:  [Summarize the overall message or takeaway of the page, emphasizing its importance and relevance to the reader.]\n\n:  [Provide a conclusion or final thoughts on the page's content, reinforcing the main ideas and takeaways.]"
    },
    "7": {
      "summary": "5\n\n---\n\n**With ValueEdge, you get:**\n\n- Al-powered predictive intelligence.\n- Seamless integration with your toolchains.\n- Real-time pipeline visibility and status.\n- Persona-based actionable analytics.\n- Smart automation of critical functions.\n- A unified strategy, development, testing, and deployment approach.\n\nIn short, these features give you the power to deliver maximum value. And the more value you bring customers, the happier they are. Happy customers breed more customers, which keeps you ahead of the competition."
    },
    "8": {
      "summary": "1. Plan, build, and deliver digital product value streams.\n2. Discover, visualize, and manage flow—from strategy to delivery.\n3. Accelerate business decision-making with AI and analytics.\n4. Integrate your commercial and open source development tools.\n\n: 5. Align your business objectives with your development resources.\n6. Improve customer experience with low-risk, high-quality value streams.\n7. Empower continuous feedback, learning, and improvement.\n\nThe flexible design lets you choose only the modules you need for your software delivery process. As a cloud-based solution, you can easily add capabilities to the platform as your needs change."
    },
    "9": {
      "summary": "1. Read the page carefully and identify the main topics and key points.\n2. Note any tables, figures, or images and describe their content and purpose.\n3. Use the provided tags to structure your summary effectively.\n4. Ensure your summary is concise and comprehensive, capturing the essential information from the page."
    },
    "10": {
      "summary": "1. Carefully read and analyze the page content.\n2. Identify the main topics, key points, and important details presented on the page.\n3. Note any tables, figures, charts, diagrams, or images on the page and briefly describe their content and purpose.\n4. Create a structured summary that captures:\n   - The essential textual information from the page\n   - Descriptions of any visual elements (tables, figures, images, etc.)\n   - Any particularly notable or unique information\n\nPresent your summary within <summary> tags. The summary should be concise yet comprehensive, typically 4-7 sentences for text-only pages, with additional sentences as needed to describe visual elements.\n\nFor visual elements, please use these specific tags:\n- <table_summary> for descriptions of tables\n- <figure_summary> for descriptions of figures, charts, graphs, or diagrams\n- <image_summary> for descriptions of photos, illustrations, or other images\n\nExample structure:\n<summary>\n[Main text content summary here]\n\n<table><table>ProductValue InsightsDashboardHomeMy WorkBookmarksRecentValue InsightsValue Stream DashboardValue Stream MappingBusiness ResultsPortfolio &amp; StrategyAgile ManagementQuality ManagementPerformance TestingFunctional TestingDevOps &amp; ReleasesIntegration HubAdd-ons</table></table>"
    },
    "11": {
      "summary": " [Provide a brief overview of the page's content, focusing on the main ideas and takeaways.]\n\nThe provided example uses the following tags:\n- <table_summary> for the table summary\n- <figure_summary> for the figure summary\n- <image_summary> for the image summary\n\nThe provided text is a sample of how you might summarize a page using the specified tags. Adjust the format and structure according to the actual content and style of the page you're working with."
    },
    "12": {
      "summary": "10\nValueEdge agile"
    },
    "13": {
      "summary": "<summary> tags. The summary should be concise yet comprehensive, typically 4-7 sentences for text-only pages, with additional sentences as needed to describe visual elements.\n\nFor visual elements, please use these specific tags:\n- <table_summary> for descriptions of tables\n- <figure_summary> for descriptions of figures, charts, graphs, or diagrams\n- <image_summary> for descriptions of photos, illustrations, or other images\n\nExample structure:\n<summary>\n[Main text content summary here]\n\n<table><table>ValueEdge Quality helps manage and automate testing to improve consistency and coverage.Eliminate redundant efforts with test reuse, versioning for test cases, and parameterization.Analyze quality with application modules to concentrate testing efforts.</table></summary>"
    },
    "14": {
      "summary": "1. Comprehensive functional testing improves accuracy and application quality. Test any application from anywhere with mobile and model-based testing capabilities. ValueEdge Functional Test delivers state-of-the-art AI analytics and prediction to ensure your software works to spec, with support for both coded and code-less test design frameworks. Increase confidence in your product deliverables by testing earlier and faster, reducing the number of defects and misaligned deliverables.\n2. Comprehensive functional testing improves accuracy and application quality. Test any application from anywhere with mobile and model-based testing capabilities. ValueEdge Functional Test delivers state-of-the-art AI analytics and prediction to ensure your software works to spec, with support for both coded and code-less test design frameworks. Increase confidence in your product deliverables by testing earlier and faster, reducing the number of defects and misaligned deliverables.\n3. Comprehensive functional testing improves accuracy and application quality. Test any application from anywhere with mobile and model-based testing capabilities. ValueEdge Functional Test delivers state-of-the-art AI analytics and prediction to ensure your software works to spec, with support for both coded and code-less test design frameworks. Increase confidence in your product deliverables by testing earlier and faster, reducing the number of defects and misaligned deliverables.\n4. Comprehensive functional testing improves accuracy and application quality. Test any application from anywhere with mobile and model-based testing capabilities. ValueEdge Functional Test delivers state-of-the-art AI analytics and prediction to ensure your software works to spec, with support for both coded and code-less test design frameworks. Increase confidence in your product deliverables by testing earlier and faster, reducing the number of defects and misaligned deliverables."
    },
    "15": {
      "summary": "1. Ensure the scalability and security of your business applications.\n2. Reduce infrastructure management and maintenance.\n3. Gain insights for developers and performance engineers with intelligent analytics.\n4. Access a fully cloud-native solution with a flexible testing model.\n5. Integrate with DevOps and application performance monitoring tools.\n\nWith ValueEdge Performance, you can deliver high-performing applications that surpass expectations."
    },
    "16": {
      "summary": "1. Ensure accurate and complete information is provided in the summary.\n2. Use clear and concise language to convey the main points.\n3. Avoid unnecessary details or repetition.\n4. Maintain a logical flow and structure throughout the summary.\n\nThe summary should be written in markdown format, using HTML syntax where necessary. For example:\n```markdown\n## Summary\n\n### Table 1: [Description of table]\n| Column 1 | Column 2 |\n|---------|----------|\n| Value   | Description |\n\n### Figure 2: [Description of figure]\n![Image](https://example.com/image.jpg)\n\n### Image Summary\nA colorful image of a person riding a bicycle.\n```\n\nValueEdge Release enhances your DevOps toolchain with quality control gates to ensure on-time, repeatable product delivery.\n\nValueEdge Release enhances your DevOps toolchain with quality control gates to ensure on-time, repeatable product delivery.\n```"
    },
    "17": {
      "summary": "1. Carefully read and analyze the page content.\n2. Identify the main topics, key points, and important details presented on the page.\n3. Note any tables, figures, charts, diagrams, or images on the page and briefly describe their content and purpose.\n4. Create a structured summary that captures:\n   - The essential textual information from the page\n   - Descriptions of any visual elements (tables, figures, images, etc.)\n   - Any particularly notable or unique information\n\nPlease follow these steps to create your summary:\n\n1. Carefully read and analyze the page content.\n2. Identify the main topics, key points, and important details presented on the page.\n3. Note any tables, figures, charts, diagrams, or images on the page and briefly describe their content and purpose.\n4. Create a structured summary that captures:\n   - The essential textual information from the page\n   - Descriptions of any visual elements (tables, figures, images, etc.)\n   - Any particularly notable or unique information\n\nPlease follow these steps to create your summary:\n\n1. Carefully read and analyze the page content.\n2. Identify the main topics, key points, and important details presented on the page.\n3. Note any tables, figures, charts, diagrams, or images on the page and briefly describe their content and purpose.\n4. Create a structured summary that captures:\n   - The essential textual information from the page\n   - Descriptions of any visual elements (tables, figures, images, etc.)\n   - Any particularly notable or unique information\n\nPlease follow these steps to create your summary:\n\n1. Carefully read and analyze the page content.\n2. Identify the main topics, key points, and important details presented on the page.\n3. Note any tables, figures, charts, diagrams, or images on the page and briefly describe their content and purpose.\n4. Create a structured summary that captures:\n   - The essential textual information from the page\n   - Descriptions of any visual elements (tables, figures, images, etc.)\n   - Any particularly notable or unique information\n\nPlease follow these steps to create your summary:\n\n1. Carefully read and analyze the page content.\n2. Identify the main topics, key points, and important details presented on the page.\n3. Note any tables, figures, charts, diagrams, or images on the page and briefly describe their content and purpose.\n4. Create a structured summary that captures:\n   - The essential textual information from the page\n   - Descriptions of any visual elements (tables, figures, images, etc.)\n   - Any particularly notable or unique information"
    },
    "18": {
      "summary": "1. Read the page carefully and identify the main topics and key points.\n2. Note any tables, figures, or images and describe their content and purpose.\n3. Use the provided tags to structure your summary effectively.\n4. Ensure your summary is concise and comprehensive, capturing the essential information from the page."
    },
    "19": {
      "summary": "1. Start by identifying the main topic or subject of the page.\n2. Highlight the most significant points or key takeaways.\n3. Use bullet points or numbered lists to organize the summary into easily digestible sections.\n4. Keep it concise but informative, focusing on the core message of the page.\n5. Avoid unnecessary details or repetition.\n6. Use proper formatting and style (e.g., bold, italics, underline) where necessary to emphasize important terms or concepts.\n7. Proofread your summary to ensure there are no grammatical errors or typos.\n8. Consider using the summary to guide your reading or to help you remember the key points after reviewing the page."
    },
    "20": {
      "summary": "1. Carefully read and analyze the page content.\n2. Identify the main topics, key points, and important details presented on the page.\n3. Note any tables, figures, charts, diagrams, or images on the page and briefly describe their content and purpose.\n4. Create a structured summary that captures:\n   - The essential textual information from the page\n   - Descriptions of any visual elements (tables, figures, images, etc.)\n   - Any particularly notable or unique information\n\nPresent your summary within <summary> tags. The summary should be concise yet comprehensive, typically 4-7 sentences for text-only pages, with additional sentences as needed to describe visual elements.\n\nFor visual elements, please use these specific tags:\n- <table_summary> for descriptions of tables\n- <figure_summary> for descriptions of figures, charts, graphs, or diagrams\n- <image_summary> for descriptions of photos, illustrations, or other images\n\nExample structure:\n<summary>\n[Main text content summary here]\n\n<table><table>Table 1: [Brief description of what the table shows]</table></table>\n\n<figure_summary>Figure 2: [Brief description of what the figure depicts]</figure_summary>\n\n<image_summary>[Brief description of image content]</image_summary>\n\nEnsure your summary is clear, coherent, and well-organized, capturing the essence of both textual and visual information on the page without omitting critical details."
    }
  }
}
