{
  "doc_id": "watch_d.pdf",
  "pages": {
    "1": {
      "summary": "<summary> tags. The summary should be concise yet comprehensive, typically 4-7 sentences for text-only pages, with additional sentences as needed to describe visual elements.\n\nFor visual elements, please use these specific tags:\n- <table_summary> for descriptions of tables\n- <figure_summary> for descriptions of figures, charts, graphs, or diagrams\n- <image_summary> for descriptions of photos, illustrations, or other images\n\nExample structure:\n<summary>\n[Main text content summary here]\n\n<table_summary>Table 1: [Brief description of what the table shows]</table_summary>\n\n<figure_summary>Figure 2: [Brief description of what the figure depicts]</figure_summary>\n\n<image_summary>[Brief description of image content]</image_summary>\n</summary>"
    },
    "2": {
      "summary": "1\nGetting Started\nButtons and screen control 1\nPairing and connecting to wearable devices 2\nMeasure the wrist circumference and select a strap and airbag 4\nWearing the watch 5\nSetting the time and language 6\nSetting the AOD watch face 6\nConfiguring Gallery watch faces 6\nLocking or unlocking 7\nCustomizing the function of the Down button 7\nCharging 8\nUpdating the watch 9\nPowering on, powering off, and restarting your watch 9\n\nBlood Pressure Management\nBlood pressure measurement results are different each time 10\nThe blood pressure measured at home is different from that measured at the hospital 10\nMeasuring blood pressure 11\n\nCare for Health\nMeasuring SpO2 17\nAutomatic SpO2 measurements 17\nSleep monitoring 17\nMeasuring your skin temperature 18\nHealthy Living 19\nStarting a workout 20\nViewing workout records 21\nWorkout status 21\nRecording daily activities 21\nAutomatic workout detection 22\n\nAssistant\nHUAWEI Assistant-TODAY 23\nMessage management 23\nRejecting incoming calls 24\nControlling music playback 24\nFlashlight 24\nRemote shutter 24\nAdding custom cards 25"
    },
    "3": {
      "summary": "1. **Buttons and screen control**\nThe watch is equipped with a color touchscreen that is highly responsive to your touches and can be swiped in different directions.\n\n| Operation | Function |\n|-----------|----------|\n| Press once | • Wake watch screen when the screen is off.<br>• Access the app list screen from the home screen.<br>• Return to the home screen. |\n| Press and hold | • Power on the watch when the watch is off.<br>• Access the restart/power off screen when the watch is on. |\n\n**Down button**\n\n| Operati on | Function | Remarks |\n|------------|-----------|----------|\n| Press once | The Blood pressure app is enabled by default.<br>Access the set customized feature. | There are certain exceptions such as for calls and workouts. |\n| Press and hold | Wake up the voice assistant. | Voice assistant is only supported in some countries/regions. |\n\n**Gestures**\n\n| Operation | Function |\n|-----------|----------|\n| Touch | Choose and confirm. |\n| Touch and hold on the home screen | Change the watch face. |\n| Swipe up on the home screen | View notifications. |\n| Swipe down on the home screen | View the shortcut menu. |\n| Swipe left or right | View watch feature cards. |\n| Swipe right | Return to the previous screen. |"
    },
    "4": {
      "summary": "1. Press the Up button to access the shortcut menu.\n2. Swipe down on the home screen to open the shortcut menu.\n3. Enable Show Time for the screen to stay on for five minutes.\n4. HarmonyOS/Android users can enable or disable Show Time on the Device settings screen of the Huawei Health app.\n5. iOS users can enable or disable Show Time on the device details screen of the Huawei Health app.\n\nTurn off the screen\n1. Lower or rotate your wrist outwards, or use your palm to cover the watch face screen.\n2. Perform no operations for a period of time after you wake the screen by pressing the button or raising your wrist.\n3. Press the Up button to access the app list screen and go to Settings > Display > Advanced to adjust the duration it takes for the watch screen to turn off. You cannot turn off the screen by covering the standby watch face screen with your palm.\n\nPairing and connecting to wearable devices\nEnsure that your phone meets all the following requirements:\n1. Download and install the latest version of the Huawei Health app.\n2. Bluetooth and location services are enabled on your phone, and the Huawei Health app is authorized to access your phone's location.\n3. When you power on your device for the first time or pair it after a factory reset, you will be prompted to select a language before pairing.\n\nInstalling the Huawei Health app\nBefore pairing, download and install the Huawei Health app on your phone. If you have installed the Huawei Health app, update it to the latest version.\n\nHUAWEI phones\nThe Huawei Health app is installed on your phone by default. If you are unable to find this app on your phone, you can download and install it from AppGallery.\n\nNon-HUAWEI Android phones\nIf you are using a non-HUAWEI Android phone, you can download and install the Huawei Health app through either of the following ways:\n1. Visit Download the Huawei Health app, or scan the following QR code to download and install the Huawei Health app."
    },
    "5": {
      "summary": "1. To protect your privacy, your watch will need to be restored to its factory settings in certain scenarios (subject to the onscreen instructions) when it connects to a new phone. Restoring the watch to its factory settings will clear all data from the device. Please exercise caution when performing this operation.\n\n: 1. After the device is powered on, select a language. Bluetooth is ready for pairing by default.\n\n: 2. Place the device close to your phone, open the Huawei Health app on your phone, touch button in the upper right corner, and then touch ADD. Your phone will automatically scan for available devices. Select the device you wish to pair with, and touch LINK.\n\n: 3. When a pairing request is displayed on the device screen, touch √, and follow the onscreen instructions to complete the pairing.\n\n: 1. After the device is powered on, select a language. Bluetooth is ready for pairing by default.\n\n: 2. Follow the onscreen instructions to go to Settings > Bluetooth and select your device for pairing. Once a pairing request is displayed on the device screen, touch √.\n\n: 3. You can place your device close to your phone, open the Huawei Health app on your phone, touch button in the upper right corner, touch ADD, and then follow the onscreen instructions to select your device from the pop-up window.\n\nOr you can open the Huawei Health app on your phone, touch button in the upper right corner, and then touch SCAN to scan the QR code on your device. On your phone, follow the onscreen instructions and touch Yes > Next.\n\n: 4. When a pop-up window on your phone requests a Bluetooth pairing via the Huawei Health app, touch Pair. Another pop-up window will display, asking you whether to allow the device to display phone notifications. Touch Allow."
    },
    "6": {
      "summary": "5 Wait for several seconds until the Huawei Health app displays a message indicating that the pairing is successful. Touch Done to complete the pairing.\n\n---\n\n**Measure the wrist circumference and select a strap and airbag**\n\n**Measuring your wrist's circumference and selecting a suitable strap**\n\n1. At a position on your wrist that is about the width of two fingers away from the bottom of your palm, put the end of the ruler that comes with the watch through the buckle on the head.\n2. Pull the ruler until it touches your arm, but don't pull it too tightly. Record the position indicated by the arrow.\n\n[Visual representation of the ruler and the position of the ruler on the wrist]\n\n---\n\n3. Select the strap and airbag based on the scale value.\n\n**Replacing the strap and airbag with ones in suitable sizes**\n\n1. Open the strap nail buckle and the upper and lower buckles of the airbag.\n2. Press the cover button and pull up the airbag to separate the airbag cover from the body of the watch.\n3. Push the lever inwards and pull the strap outwards.\n4. Align one side of the strap to be installed with the watch body, push the lever inwards, and fasten it.\n\n[Visual representation of the strap and airbag being separated and then reattached]\n\n---\n\n5. Align the airbag with the air nozzle and press the airbag cover.\n6. Align the end of the strap with the buckle and insert the strap into the buckle."
    },
    "7": {
      "summary": "7 After adjusting the tightness, fasten the airbag buckle.\n\nAdjust the strap based on your wrist's circumference.\n\n1 Open the watch buckle and airbag buckle.\n\n<image_summary>2 Select the size of the strap based on the measurement, and then fasten the nail buckle.</image_summary>\n\n<image_summary>3 Fasten the airbag buckle to finish adjusting the strap.</image_summary>\n\nWearing the watch\n\nTo ensure the accuracy of the measurement, place the watch body in the middle of the back of your wrist. The edge of the watch's body should be below the root of the ulnar styloid process, and should not press the root of the ulnar styloid process or be too far away from it. The center of the watch's face should be on your wrist about two fingers' width away from the palm."
    },
    "8": {
      "summary": "1. After you have synced data between your device and phone/tablet, the system language will be synced to your device as well.\n2. After the Always on display (AOD) feature is enabled, the current watch face will be displayed when you raise your wrist if the main watch face doesn't come with a built-in AOD watch face.\n\nSetting the AOD watch face\n\nAfter the Always on display (AOD) feature is enabled, the current watch face will be displayed when you raise your wrist if the main watch face doesn't come with a built-in AOD watch face.\n\nSetting AOD\n\n1. In the app list, go to Settings > Watch face or Settings > Watch face & home, and enable AOD.\n2. Go to AOD style > Default style and select your preferred style. The style will then be displayed when the main watch face doesn't come with a built-in AOD watch face and you raise your wrist.\n\nConfiguring Gallery watch faces\n\nBefore using this feature, update the Huawei Health app and your device to their latest versions.\n\nSelecting Gallery watch faces\n\n1. Open the Huawei Health app, touch Devices and then your device name, and go to Watch faces > More > Mine > On watch > Gallery to access the Gallery settings screen.\n2. Touch + and select either Camera or Gallery as the method for uploading an image.\n3. Touch √ in the upper right corner, and then touch Save. Your watch will then display the selected image as the watch face."
    },
    "9": {
      "summary": "1. Set up the PIN.\n2. Enable Auto-lock.\n3. If you forget the PIN, you will be required to restore the device to its factory settings.\n\n---\n\n**Other settings**\n\nOn the Gallery settings screen:\n- Touch Style, Position, and Function to set the style, location of the date and time and functions on the Gallery watch faces.\n- Touch the Cross icon in the upper right corner of a selected photo to delete it.\n\n---\n\n**Locking or unlocking**\n\nYou can set a PIN on the device to bolster your privacy. After you have set a PIN and enabled Auto-lock, you will need to enter the PIN to unlock the device and enter the home screen.\n\n---\n\n**Setting a PIN**\n\n1. Set a PIN.\n   Swipe down on the home screen of the device, go to Settings > PIN > Enable PIN, and follow the onscreen instructions to set a PIN.\n\n2. Enable Auto-lock.\n   Swipe down on the home screen of the device, go to Settings > PIN, and enable Auto-lock.\n\n3. If you forget the PIN, you will be required to restore the device to its factory settings.\n\n---\n\n**Changing the PIN**\n\nSwipe down on the home screen of the device, go to Settings > PIN > Change PIN, and follow the onscreen instructions to change the PIN.\n\n---\n\n**Disabling the PIN**\n\nSwipe down on the home screen of the device, go to Settings > PIN > Disable PIN, and follow the onscreen instructions to disable the PIN.\n\n---\n\n**Forgot the PIN**\n\nIf you have forgotten the PIN, restore the device to its factory settings and try again.\n- Method 1: Open the Huawei Health app, touch Devices and your device name, and then select Reset.\n- Method 2: If you've entered an incorrect password for five times, touch Reset at the bottom of the device screen.\n\nOnce you have restored your device to its factory settings, all of your data will be cleared, so please exercise caution when performing this operation.\n\n---\n\n**Customizing the function of the Down button**\n\nPress the Up button to open the app list and then go to Settings > Down button."
    },
    "10": {
      "summary": "2. Select an app and customize the function of the Down button. After you have finished customizing the function, return to the home screen and press the Down button to open the current app.\n\n---\n\n### Charging\n\n**Charging**\n\n1. Connect the charging cradle to a power adapter and then connect the power adapter to a power supply.\n2. Rest your watch on top of the charging cradle and align the metal contacts on your watch to those of the charging cradle until a charging icon appears on the watch screen.\n\n---\n\n3. Remove the watch and disconnect the power adapter after the watch is fully charged and the charging icon displays 100%.\n\n- You are advised to use a Huawei charger or a non-Huawei charger that complies with corresponding regional or national laws and regulations as well as regional and international safety standards to charge your watch. Other chargers and power banks that do not meet corresponding safety standards may cause issues such as slow charging and overheating. Exercise caution when using them. It is recommended that you purchase a Huawei power adapter from an official Huawei sales outlet.\n- Keep the charging port dry and clean to prevent short circuits or other risks.\n- The charging cradle tends to attract metal objects due to it being magnetic. Therefore, it is necessary to check and clean the charging cradle before use. Do not expose the charging cradle to high temperatures for a long time, as this may cause the charging cradle to demagnetize or cause other exceptions.\n\n---\n\n**Checking the battery level**\n\nMethod 1: Swipe down from the top of the home screen to check the battery level.\nMethod 2: Connect your watch to a power supply and check the battery level on the charging screen.\nMethod 3: View the battery level on a watch face that displays the battery level.\nMethod 4: Connect your watch to the Health app, open the Health app, touch Devices then your device name, and check the battery level on the device details screen."
    },
    "11": {
      "summary": "1. Press and hold the Up button, and then touch Power off.\n2. Press the Up button and go to Settings > System > Power off or Settings > System & updates > Power off\n\n**Restarting**\n\n: 1. Press and hold the Up button, and then touch Restart.\n2. Press the Up button and go to Settings > System > Restart or Settings > System & updates > Restart.\n\nThe above instructions outline the process for updating the device's settings using the Huawei Health app. Please note that the steps provided are based on the default settings and may not reflect the most recent or optimized configuration. For the most accurate and up-to-date information, refer to the official documentation or contact Huawei support directly."
    },
    "12": {
      "summary": "1. Blood pressure varies depending on the time period of the measurement.\n   - Blood pressure fluctuates throughout the day.\n   - To correctly manage blood pressure, it is recommended that you measure your blood pressure at the same time every day.\n\n: 2. Blood pressure fluctuates in the following situations:\n   - Within 1 hour after meal\n   - After going to the toilet\n   - After drinking alcohol and caffeine\n   - Not being quiet during the measurement\n   - After smoking\n   - Feeling stressed\n   - After bathing\n   - The environment being too cold or hot, or changing drastically\n   - After exercise\n\n: 3. Measurement results can be affected if long-time measurements cause blood stasis.\n   During the measurement, the wrist is pressed by the airbag, which may result in the blood flow to your fingertips slowing down and cause blood stasis. In this case, take off your watch, raise your arm high, and repeatedly make a fist and open it for about 15 times.\n\nThe blood pressure measured at home is different from that measured at the hospital\n\n: 1. If the blood pressure measured at home is lower than that measured at the hospital, the possible causes are as follows:\n   - You feel more stressed at the hospital, resulting in the blood pressure higher than it should be.\n   - You have greater peace of mind and your body is more relaxed at home, sometimes resulting in the blood pressure lower than that measured at the hospital.\n\n: 2. The measurement results will be lower if the measurement position is above the heart.\n   - The measurement results may be lower if your wrist is above your heart during the measurement.\n\n: 3. If the blood pressure measured at home is higher than that measured at the hospital, the possible causes are as follows:"
    },
    "13": {
      "summary": " If you are taking antihypertensive drugs, your blood pressure will rise after the drug effects wear off.\nThe effects of the antihypertensive drugs will wear off after you take the drugs for a few hours. Then, your blood pressure will rise. Consult a doctor for details.\n\n:  The measured values may also be higher when the watch isn't worn tight.\nIf the watch is too loose on your wrist, the pressure cannot reach the blood vessels, resulting in the measurement results being higher than expected.\n\n:  An incorrect measurement posture may also result in higher measurement results.\nHigher measurement results may also result from sitting cross-legged, on a low sofa or in front of a low table, or other postures exerting pressure on your abdomen, or placing the watch below the heart.\n\nMeasuring blood pressure\n\nThe blood pressure measurement feature helps you better manage your health.\n\n:  This product can be used as a reference in clinical practice, but the measurement results cannot serve as the basis for diagnosis.\nIf you feel uncomfortable during a measurement due to the airbag inflating excessively or other reasons, stop the measurement immediately to deflate the airbag or unfasten the strap.\n\nTo prevent injuring your arm, do not keep your arm in the device for a long time when it is inflated.\n\nPrecautions\n\n:  If you feel uncomfortable during a measurement due to the airbag inflating excessively or other reasons, stop the measurement immediately to deflate the airbag or unfasten the strap.\n\n:  Unfasten your strap if the inflation pressure increases to more than 300 mmHg (40 kPa) but does not deflate automatically.\n\n:  To ensure the accuracy of measurement results, comply with the following requirements:\n\n    :  The airbag and strap sizes are suitable, you are wearing the device correctly, and your posture during the measurement is correct. For details, see the Wearing Guide.\n    :  Measure your blood pressure during the same time period each day. Measurement results may vary depending on the time of day.\n    :  After smoking, drinking alcohol, coffee, or black tea, bathing, or doing exercise, wait at least 30 minutes before measuring.\n    :  After going to the toilet, wait 10 minutes before measuring.\n    :  Do not measure within one hour after eating a meal.\n    :  Do not measure in a place where the temperature is too low or too high or the environment changes dramatically."
    },
    "14": {
      "summary": "1. Do not measure when you are standing or lying down.\n2. Do not measure when your body is under pressure.\n3. Do not measure in a moving vehicle.\n4. Rest for 5 minutes before a measurement and keep your body naturally relaxed until the measurement is complete. Do not perform the measurement when you feel emotional or stressed.\n5. Perform a measurement in a quiet environment. Do not speak, bend your fingers, or move your body or arms during the measurement.\n6. Rest your wrist for 1 to 2 minutes or longer before you perform the next measurement. During this period of time your arteries will return to how they were before the blood pressure was measured.\n\nMeasuring blood pressure\n\nEnsure that you are wearing your device correctly. (Before the first measurement, you can scan the QR code on the device to view the guide.)\n\nPress the Up button and select Blood pressure from the app list. If you are measuring for the first time, touch Next.\nYou can set to press the Down button to enter the blood pressure measurement screen by default.\n\nOn the wrist circumference settings screen, select a range, and touch Next > Next.\n\nEnsure that your arm being measured is steady (with your arm bent and your palm facing your chest). Your palm should be naturally relaxed and not clenched. Hold the elbow of the arm with your other hand and keep the device at the same height as your heart.\n\nMeasuring posture"
    },
    "15": {
      "summary": "5 Tap Measure on the measurement screen to start a measurement. After the measurement is complete, the measurement result will be displayed. You can also press the Down button twice to start a measurement.\n\n- An error occurred while measuring.\n\n---\n\n**Table 2-1 Inaccurate measurement results**\n\n| Error Scenarios | Icon | Possible Causes | Solution |\n|----------------|------|----------------|----------|\n| Not using the standard measuring posture | ![Icon] | Your posture was not the standard measuring posture, and your watch was not at the same height as your heart. | Perform the measurement based on the standard measuring posture as shown in the figures. |\n| The measurement was done while you were moving. | ![Icon] | The measurement was performed in an environment where you were moving, such as in a vehicle or an elevator. | Do not use this product to measure blood pressure in an environment where you are moving. |"
    },
    "16": {
      "summary": "1. **Error Scenarios**  \n   - **Post-exercise measurement**: You performed moderate-to-high intensity exercise before the measurement.  \n   - **Rest for at least half an hour after exercise, then measure your blood pressure.**\n\n2. **Table 2-2 Error notifications during a measurement**\n\n| Error Scenarios | Possible Causes | Solution |\n|------------------|----------------|----------|\n| Poor signals     | During the measurement, the watch pressed your chest, your body moved, or you breathed deeply. | During the measurement, avoid pressing your chest with the watch, keep your body stable, and breathe evenly. |\n| Not being still  | You moved your arms or fingers, or spoke during the measurement. | Keep still. Do not speak or move your arms or fingers. |\n| Irregular heartbeat | Irregular heartbeats were detected during the measurement. | Take a break of one to two minutes and perform the measurement again. If the issue persists multiple times, contact a doctor. |\n| Airbag inflation error | The airbag was installed incorrectly or damaged. | Check the airbag and ensure that it is installed correctly. Check whether the airbag is damaged. If so, replace the airbag in a timely manner. |\n| Worn incorrectly | You did not wear your watch correctly during the measurement. | Wear your watch correctly based on the instructions. |\n| Low battery    | Your watch's battery is too low. | Charge your watch to ensure that the battery level is sufficient. |\n| No airbag      | There is not an airbag in the watch. | Install a suitable airbag and strap based on your wrist circumstance. |\n\nNote: Ensure that the summary accurately reflects the content of the page, focusing on the main points and avoiding unnecessary details."
    },
    "17": {
      "summary": "1. Remove the short strap (including the buckle) and keep the long strap and airbag. Keep the bottom cover facing up and unfold the long strap and airbag in your hand.\n2. Dip the cotton swab in an appropriate amount of detergent and water. Use the cotton swab to slowly wipe the air filter back and forth 20 times along the shorter side of the watch body until the air filter is clean. Do not exert too much force, otherwise the air filter may fall off.\n3. Wipe the long strap and airbag dry and put them to one side for half an hour.\n\n---\n\n**Managing blood pressure**\n\n1. On the home screen of the Huawei Health app, touch the Blood pressure card. If there is no blood pressure card, touch EDIT to add it.\n2. Touch Blood pressure management plan > Go, and follow the onscreen instructions to enter basic information and join the plan.\n\n**Other settings**\n\nSwipe up on the measurement result screen\n- You can touch Measurement records to view historical measurement records."
    },
    "18": {
      "summary": "1. Touch Settings to set your wrist circumstance, unit, and other information.\n2. Touch Guest measurement to enter the guest measurement mode."
    },
    "19": {
      "summary": "1. Ensure the summary accurately reflects the content of the original page.\n2. Avoid plagiarism by paraphrasing and using your own words when necessary.\n3. Maintain a formal, professional tone throughout the summary.\n4. Use a neutral style and avoid first-person pronouns (\"I\", \"me\", \"my\").\n5. Write in the third person (\"The author states,\" \"The study found,\" \"The results showed\").\n\nHere's an example of a more detailed summary:\nThe measurement will be interrupted if you swipe right on the watch screen, start a workout with the Health app, or receive a notification for an incoming call or alarm. Data provided is for reference only and not for medical use. Consult a doctor as soon as possible if you feel uncomfortable. During the SpO2 measurement, the watch will also measure your heart rate. This measurement may also be affected by some external factors such as low blood perfusion, tattoos, a lot of hair on your arm, a dark complexion, lowering or moving your arm, or low ambient temperatures.\n\n---\n\n**Automatic SpO2 measurements**\n\n1. Open the Huawei Health app, touch Devices and then your device name, touch Health monitoring, and enable Automatic SpO2 measurement. The device will then automatically measure and record your SpO2 when it detects that you are still.\n2. Touch Low SpO2 alert to set the lower limit of your SpO2 for you to receive an alert when you are not asleep.\n\n---\n\n**Sleep monitoring**\n\nRecording sleep data on your wearable device\n\nEnsure that you are wearing your device correctly. The device will automatically record the duration of your sleep, and identify whether you are in a deep sleep, a light sleep, or awake.\n\n- Open the Huawei Health app, touch Devices, then your device name, go to Health monitoring > HUAWEI TruSleep™, and enable HUAWEI TruSleep™. When enabled, the device can accurately recognize when you fall asleep, when you wake up, and whether you"
    },
    "20": {
      "summary": "1. In the screenshot provided, there is a light sleep app named \"HUAWEI TruSleep™\" that can monitor sleep patterns and provide suggestions to improve sleep quality.\n2. The app has been enabled by default in the device's sleep mode, allowing it to identify wake-up signals and record sleep stages.\n3. It offers features like waking up at the time set by the user, adjusting wake-up times based on the user's schedule, and saving sleep data for later review.\n4. The app supports recording sleep data for multiple users simultaneously.\n5. Users can customize settings such as whether to send alerts via SMS or email when certain sleep metrics fall below predefined thresholds.\n6. The app provides a detailed report card showing sleep scores and trends over time.\n7. It includes options to save sleep data to the phone's memory card and share it with healthcare providers.\n8. The app also allows users to view their sleep data in various formats, including Excel and CSV files.\n9. It offers a mobile application interface for easy access and management of saved sleep data.\n10. The app integrates with the Huawei Health app for seamless synchronization across devices.\n11. It includes a feature to automatically log and store sleep data for up to 3 months.\n12. The app supports exporting sleep data to external storage devices.\n13. It includes a timer function to remind users to wake up at the scheduled times.\n14. The app can be customized to alert users via SMS or email if sleep metrics drop below a certain threshold.\n15. It offers a user-friendly interface with a simple layout and intuitive navigation.\n16. The app supports multiple languages and can be used by individuals of all ages.\n17. It includes a built-in alarm clock to help users wake up on time.\n18. The app can be configured to send notifications to the user's smartphone or email.\n19. It includes a sleep tracking feature that records and analyzes sleep patterns and behaviors.\n20. The app can be used to track sleep duration, sleep stages, and other relevant metrics.\n21. It includes a sleep diary feature that allows users to record their sleep habits and experiences.\n22. The app can be integrated with other health monitoring apps for a more comprehensive sleep analysis.\n23. It includes a sleep tracker feature that tracks sleep duration and quality over time.\n24. The app can be used to analyze sleep data for research purposes.\n25. It includes a sleep coach feature that provides personalized advice and support for improving sleep habits.\n26. The app can be used to track sleep patterns and behaviors over time.\n27. It includes a sleep coach feature that provides personalized advice and support for improving sleep habits.\n28. The app can be used to track sleep patterns and behaviors over time.\n29. It includes a sleep coach"
    },
    "21": {
      "summary": "1. The product is not a medical device. Temperature measurements are mainly used to monitor the changes in the wrist skin temperature of healthy people over the age of 18 during and after exercise. Results are for reference only and should not be used as a basis for medical diagnosis or treatment.\n\n2. During the measurement, wear the device relatively tightly for more than 10 minutes and stay in a relaxed environment at room temperature (about 25°C). Ensure that there are no water stains or alcohol on your wrist. Do not start a measurement in an environment with direct sunlight, wind, or cold/heat sources.\n\n3. After you exercise, shower, or switch between outdoor and indoor environments, wait 30 minutes before you start a measurement.\n\n---\n\n**Single measurement**\n\nIn the watch's app list, go to **Skin temperature > Measure** to start measuring your temperature.\n\n**Continuous measurement**\n\n1. Open the Health app, touch **Devices** and then the device name, go to **Health monitoring**, and enable **Continuous skin temperature measurement**.\n\n2. In the watch's app list, touch **Skin temperature** to view the measurement curve.\n\n---\n\n**Healthy Living**\n\nThe Huawei Health app offers Healthy Living to help you develop healthy lifestyle habits and enjoy a healthy new life.\n\nDue to the different physical conditions of each individual, the health suggestions provided in Healthy Living, especially those related to physical activity, may not be applicable to all users, and may not be able to achieve the desired effect. If you feel uncomfortable during activities or workouts, please stop and take a rest or consult a doctor in a timely manner.\n\nThe health suggestions provided in Healthy Living are for reference only. You shall bear all risks, damages, and liabilities arising from participating in any activities or workouts.\n\n---\n\n**Enabling Healthy Living**\n\n1. Open the Huawei Health app, go to **Health > EDIT**, and add the **Healthy Living** card.\n\n2. Touch the **Healthy Living** card, and follow the onscreen instructions to agree to the **User Notice**.\n\n**Selecting check-in tasks and setting goals**\n\nCheck-in tasks are classified into basic check-in tasks and optional check-in tasks. You can add optional check-in tasks based on your needs."
    },
    "22": {
      "summary": "1. Enter the app list of your watch and touch Workout.\n2. Select the workout you want to do or your preferred course. Alternatively, swipe up on the screen and touch Custom to add other workout modes.\n3. Touch the Start icon to start a workout session. (Ensure that GPS positioning is working before you start an outdoor workout.)\n4. To end a workout session, press the Up button and touch the Stop icon, or press and hold the Up button.\n5. For devices that support voice broadcasts, press the Up button to pause the workout and then adjust the volume during a workout.\n6. Swipe left or right on the screen to switch between the music, sunrise/sunset, and other screens."
    },
    "23": {
      "summary": " This feature is not available in the Health app on tablets.\n\nTo start a workout using the Huawei Health app, put your phone and watch close to each other to ensure that they are connected.\n\n1. Open the Huawei Health app, touch Exercise, choose a workout mode, and touch the Start icon to start a workout.\n2. Once you have started a workout, your watch will sync and display your workout heart rate, speed, and time. Your workout data, such as the workout time, will be displayed in the Huawei Health app.\n\n---\n\n**Viewing workout records**\n\n**Viewing workout records on the device**\n\n1. On the device, enter the app list and touch **Workout records**.\n2. Select a record and view the corresponding details. The device will display different data types for different workouts.\n\n**Viewing workout records in the Huawei Health app**\n\nYou can also view detailed workout data under **Exercise records** on the **Health** screen in the Huawei Health app.\n\n**Deleting a workout record**\n\nTouch and hold a workout record on **Exercise records** in the Huawei Health app and delete it. However, this record will still be available in **Workout records** on the device.\n\n---\n\n**Workout status**\n\nEnter the watch's app list, touch **Workout status**, and swipe up on the screen to view data including your recovery status, training load, and VO2Max.\n- Your training load from the last seven days can be viewed to determine your level based on your fitness status. The watch collects your training load from workout modes that track your heart rate.\n- VO2Max data can be obtained from outdoor running workouts.\n\n---\n\n**Recording daily activities**\n\nWear your watch correctly for it to automatically record data relating to calories burned, distance covered, step count, duration of moderate-to-high intensity activities, and other daily activities."
    },
    "24": {
      "summary": " The App button allows access to the app list, swipe until you find Activity records, touch it, and then swipe up or down to view data relating to calories, distance, steps, duration of moderate-to-high intensity activities, and other activities.\n\nThe Automatic workout detection feature is enabled by default, allowing users to start a workout when they detect increased activity. Users can ignore this notification or choose to start the corresponding workout.\n\n- The supported workout types are subject to the onscreen instructions.\n- The device will automatically identify your workout mode and remind you to start a workout if you meet the requirements based on the workout posture and intensity and stay in this state for a certain period of time.\n- If the actual workout intensity is lower than that required by the workout mode for a certain period of time, the device will display a message indicating that the workout has ended. You can ignore the message or end the workout."
    },
    "25": {
      "summary": "1. Open the Huawei Health app, touch Devices and then your device name, touch Notifications, and turn on the switch.\n2. Go to the app list and turn on the switches for apps that you want to receive notifications from.\n3. You can go to Apps to view the apps that you can receive notifications from.\n\n---\n\n**HUAWEI Assistant-TODAY**\n\nThe HUAWEI Assistant-TODAY screen makes it easy to view weather forecast, wake up the voice assistant, access apps that have been opened, and view push messages from the calendar and AI Tips.\n\n**Entering/Exiting HUAWEI Assistant-TODAY**\n\nSwipe right on the watch home screen to enter HUAWEI Assistant-TODAY. Swipe left on the screen to exit HUAWEI Assistant-TODAY.\n\n---\n\n**Message management**\n\nWhen the Huawei Health app is connected to your device, and the message notifications are enabled, messages pushed to the status bar of your phone/tablet can be synced to your device.\n\n**Enabling message notifications**\n\n1. Open the Huawei Health app, touch Devices and then your device name, touch Notifications, and turn on the switch.\n2. Go to the app list and turn on the switches for apps that you want to receive notifications from.\n3. You can go to Apps to view the apps that you can receive notifications from.\n\n**Viewing unread messages**\n\nYour device will vibrate to notify you of new messages pushed from the status bar of your phone/tablet.\n\nUnread messages can be viewed on your device. To view them, swipe up on the home screen to enter the unread message center.\n\n**Replying to messages**\n\nThis feature is not supported for iOS phones/tablets.\n\nWhen receiving a message on your watch, you can use quick replies or emoticons to reply to it. The supported message types are subject to the actual situation.\n\n**Deleting unread messages**\n\nTouch Clear or at the bottom of the message list to clear all unread messages."
    },
    "26": {
      "summary": "1. Open the Huawei Health app, touch Devices then your device name, and touch Music.\n2. After a song is played on your phone/tablet, touch Music in the device's app list to pause or play the song, or switch to the previous or next song.\n\n---\n\n### Flashlight\n\nOn the device, enter the app list and touch **Flashlight**. The screen will light up. Touch the screen to turn off the flashlight, then touch the screen again to turn it back on. Swipe right on the screen or press the side button to close the Flashlight app.\n\nThe flashlight turns on for 5 minutes by default.\n\n---\n\n### Remote shutter\n\nAfter the watch is connected to your phone/tablet, touch **Remote shutter** in the app list on your watch to enable the camera on your phone/tablet, and then you can touch **on the watch screen** to take a photo. Touch **or** to switch between a 2-second and 5-second timer.\n\n- After your watch is paired with your phone/tablet, if Remote shutter is displayed in the app list on your watch, it indicates that this feature is supported. Otherwise, this feature is not supported.\n- To use this feature, ensure that your watch is connected to your phone/tablet and that the Huawei Health app is running in the background."
    },
    "27": {
      "summary": "1. Go to Settings > Custom cards or Settings > Display > Favorites.\n2. Touch , and select the cards to be displayed, such as the Sleep, Stress, and Heart rate cards. The actual display prevails.\n3. Touch next to a card that you have added, or touch and hold the card to move it to another position (supported on some device models). Touch to delete the card.\n4. After the settings are complete, swipe left or right on the home screen to view the added cards."
    }
  }
}
