{
  "doc_id": "welcome-to-nus.pdf",
  "pages": {
    "1": {
      "summary": "2020/21"
    },
    "2": {
      "summary": "<summary> tags. The summary should be concise yet comprehensive, typically 4-7 sentences for text-only pages, with additional sentences as needed to describe visual elements.\n\nFor visual elements, please use these specific tags:\n- <table_summary> for descriptions of tables\n- <figure_summary> for descriptions of figures, charts, graphs, or diagrams\n- <image_summary> for descriptions of photos, illustrations, or other images\n\nExample structure:\n<summary>\n[Main text content summary here]\n\n<table_summary>Table 1: [Brief description of what the table shows]</table_summary>\n\n<figure_summary>Figure 2: [Brief description of what the figure depicts]</figure_summary>\n\n<image_summary>[Brief description of image content]</image_summary>\n</summary>"
    },
    "3": {
      "error": "LLM query failed"
    },
    "4": {
      "error": "LLM query failed"
    },
    "5": {
      "error": "LLM query failed"
    },
    "6": {
      "error": "LLM query failed"
    },
    "7": {
      "summary": "1. Read the page carefully and take notes on its content.\n2. Identify the main topics and key points.\n3. Look for tables, figures, or images and describe them in detail.\n4. Summarize the page's content concisely.\n\nThe provided examples illustrate how to extract and describe various types of information from a page, including text-heavy pages, tables, figures, and images."
    },
    "8": {
      "error": "LLM query failed"
    },
    "9": {
      "summary": "1. **NUS Enterprise actively promotes entrepreneurship and cultivates global mindsets and talents through the synergies of experiential entrepreneurial education, active industry partnerships, holistic entrepreneurship support and catalytic entrepreneurship outreach.**\n\n**NUS OVERSEAS COLLEGES**\noverseas.nus.edu.sg\nOne of the University’s flagship programmes, the NUS Overseas Colleges programme is specially designed to help students with entrepreneurial drive gain start-up skills and experience. Students can intern at start-ups while studying part-time at prestigious overseas universities in leading entrepreneurial hotspots in Canada, China, Indonesia, Israel, Sweden, the United States and Vietnam, as well as Singapore. A new location in Japan will be launched in July 2020.\n\n**NUS START-UP RUNWAY**\nStudents who are working on or hope to develop their own start-ups can turn to the NUS Start-Up Runway for support. It provides funding and validation support, market assessments, consultation and mentoring services, access to events and workshops amid a passionate start-up community.\n\n**THE HANGAR BY NUS ENTERPRISE**\nThe Hangar by NUS Enterprise is the campus base where like-minded individuals gather to pursue their entrepreneurial curiosity and passion, as well as nurture business ideas and start-ups. Entrepreneurs can enjoy the use of a wide range of workspaces and benefit from other amenities and services like dedicated mentorship, idea validation and test-bedding capabilities while they focus on their entrepreneurial pursuits.\n\n**NUS ENTERPRISE@SINGAPORE SCIENCE PARK**\nStrategically located next to the University, NUS Enterprise@Singapore Science Park leverages a ready pool of students, academics and researchers to create a deep technology community. It focuses on innovation in the nascent deep technology space, such as in the areas of food science and technology, artificial intelligence, future health and environmental solutions.\n\n**COMMUNITY & EVENTS**\nFrom Innovfest Unbound to Kopi Chats, NUS Enterprise supports and engages the entrepreneur community with more than 400 events all year round. These events provide students and start-ups with opportunities to learn and network, and act as catalysts of growth for the community.\n\nTo find out more about the NUS entrepreneurial ecosystem, visit enterprise.nus.edu.sg.\n\nLaunched in 2018, the Graduate Research Innovation Programme (GRIP) is the NUS Industry Liaison Office’s flagship innovation programme. GRIP provides step-by-step guidance to postgraduate students and researchers to transform research into deep technology start-ups. Under this programme, the University has committed $25 million to co-create up to 250 companies over five years.\n\nTo find out more about GRIP, visit nus.edu.sg/grip/"
    },
    "10": {
      "error": "LLM query failed"
    },
    "11": {
      "error": "LLM query failed"
    },
    "12": {
      "error": "LLM query failed"
    },
    "13": {
      "error": "LLM query failed"
    },
    "14": {
      "summary": "1. **Identify the main topics, key points, and important details**  \n2. **Note any tables, figures, charts, diagrams, or images on the page and briefly describe their content and purpose.**  \n3. **Create a structured summary that captures:**  \n    - The essential textual information from the page  \n    - Descriptions of any visual elements (tables, figures, images, etc.)  \n    - Any particularly notable or unique information  \n\n:"
    },
    "15": {
      "error": "LLM query failed"
    },
    "16": {
      "error": "LLM query failed"
    },
    "17": {
      "error": "LLM query failed"
    },
    "18": {
      "error": "LLM query failed"
    },
    "19": {
      "error": "LLM query failed"
    },
    "20": {
      "error": "LLM query failed"
    },
    "21": {
      "summary": "<summary> tags. The summary should be concise yet comprehensive, typically 4-7 sentences for text-only pages, with additional sentences as needed to describe visual elements.\n\nFor visual elements, please use these specific tags:\n- <table_summary> for descriptions of tables\n- <figure_summary> for descriptions of figures, charts, graphs, or diagrams\n- <image_summary> for descriptions of photos, illustrations, or other images\n\nExample structure:\n<summary>\n[Main text content summary here]\n\n<table>Table 1: [Brief description of what the table shows]</table>\n\n<figure_summary>Figure 2: [Brief description of what the figure depicts]</figure_summary>\n\n<image_summary>[Brief description of image content]</summary>"
    },
    "22": {
      "summary": "1. Carefully read and analyze the page content.\n2. Identify the main topics, key points, and important details presented on the page.\n3. Note any tables, figures, charts, diagrams, or images on the page and briefly describe their content and purpose.\n4. Create a structured summary that captures:\n   - The essential textual information from the page\n   - Descriptions of any visual elements (tables, figures, images, etc.)\n   - Any particularly notable or unique information\n\nPresent your summary within <summary> tags. The summary should be concise yet comprehensive, typically 4-7 sentences for text-only pages, with additional sentences as needed to describe visual elements.\n\nFor visual elements, please use these specific tags:\n- <table_summary> for descriptions of tables\n- <figure_summary> for descriptions of figures, charts, graphs, or diagrams\n- <image_summary> for descriptions of photos, illustrations, or other images\n\nExample structure:\n<summary>\n[Main text content summary here]\n\n<table>Level 1Level 2Level 3Level 4Level 5Level 6Level 7Level 8Level 9Level 10FLAVOURS@UTOWNFLAVOURS@UTOWNFLAVOURS@UTOWNFLAVOURS@UTOWNFLAVOURS@UTOWNFLAVOURS@UTOWNFLAVOURS@UTOWNFLAVOURS@UTOWNFLAVOURS@UTOWNFLAVOURS@UTOWNStephen Riady CentreStephen Riady CentreStephen Riady CentreStephen Riady CentreStephen Riady CentreStephen Riady CentreStephen Riady CentreStephen Riady CentreStephen Riady CentreStephen Riady CentreLevel 1Level 1Level 1Level 1Level 1Level 1Level 1Level 1Level 1Level 1FLAVOURS@UTOWNFLAVOURS@UTOWNFLAVOURS@UTOWNFLAVOURS@UTOWNFLAVOURS@UTOWNFLAVOURS@UTOWNFLAVOURS@UTOWNFLAVOURS@UTOWNFLAVOURS@UTOWNFLAVOURS@UTOWNStephen Riady CentreStephen Riady CentreStephen Riady CentreStephen Riady CentreStephen Riady CentreStephen Riady CentreStephen Riady CentreStephen Riady CentreStephen Riady CentreStephen Riady CentreLevel 2Level 2Level 2Level 2Level 2Level 2Level 2Level 2Level 2Level 2HUNG'S KOREANHUNG'S KOREANHUNG'S KOREANHUNG'S KOREANHUNG'S KOREANHUNG'S KOREANHUNG'S KOREANHUNG'S KOREANHUNG'S KOREANHUNG'S KOREANRESTAURANTRESTAURANTRESTAURANTRESTAURANTRESTAURANTRESTAURANTRESTAURANTRESTAURANTRESTAURANTRESTAURANTTown PlazaTown PlazaTown PlazaTown PlazaTown PlazaTown PlazaTown PlazaTown PlazaTown PlazaTown PlazaSTEPHANIE ROUTINESTEPHANIE ROUTINESTEPHANIE ROUTINESTEPHANIE ROUTINESTEPHANIE ROUTINESTEPHANIE ROUTINESTEPHANIE ROUTINESTEPHANIE ROUTINESTEPHANIE ROUTINESTEPHANIE ROUTINELevel 1Level 1Level 1Level 1Level 1Level 1Level 1Level 1Level 1Level 1STARBUCKSSTARBUCKSSTARBUCKSSTARBUCKSSTARBUCKSSTARBUCKSSTARBUCKSSTARBUCKSSTARBUCKSSTARBUCKSEducation Resource CentreEducation Resource CentreEducation Resource CentreEducation Resource CentreEducation Resource CentreEducation Resource CentreEducation Resource CentreEducation Resource CentreEducation Resource CentreEducation Resource Cen"
    },
    "23": {
      "summary": "42"
    },
    "24": {
      "summary": " [NUS Logo](https://www.nus.edu.sg)"
    }
  }
}
